SceneName,ElapsedTime,LeftPosX,LeftPosY,LeftPosZ,LeftRotX,LeftRotY,LeftRotZ,LeftRotW,LeftDirX,LeftDirY,LeftDirZ,RightPosX,RightPosY,RightPosZ,RightRotX,RightRotY,RightRotZ,RightRotW,RightDirX,RightDirY,RightDirZ,CenterPosX,CenterPosY,CenterPosZ,CenterRotX,CenterRotY,CenterRotZ,CenterRotW,CenterDirX,CenterDirY,CenterDirZ
Fixation,0.0000,0.01873825,0.05472219,-0.03769009,-0.09270866,-0.04678605,-0.01150454,-0.9945269,0.09519312,-0.183326,0.9784324,0.08430262,0.05524015,-0.04150994,-0.03111964,0.03537017,-0.01199373,-0.9988177,-0.06991022,-0.06301414,0.9955611,0.05059184,0.05399084,-0.164769,0.0009382835,0.008336724,0.01229957,0.9998892,0.01669468,-0.001671283,0.9998592
Fixation,0.0000,0.01873339,0.05454338,-0.03770997,-0.09320959,-0.0467543,-0.01164559,-0.99448,0.09516338,-0.1843012,0.978252,0.0842963,0.05508292,-0.04155178,-0.03153742,0.03520024,-0.0121132,-0.9988091,-0.0695526,-0.0638525,0.9955327,0.05058476,0.05382681,-0.1648004,0.001350462,0.008502495,0.01244231,0.9998856,0.01703665,-0.002489033,0.9998518
Fixation,0.0200,0.01860581,0.05449545,-0.03763131,-0.09339344,-0.04652867,-0.01180313,-0.9944714,0.09474753,-0.1846558,0.9782255,0.08417039,0.05505311,-0.04144188,-0.03178963,0.03550306,-0.0122402,-0.9987889,-0.07014191,-0.06437138,0.9954579,0.05046071,0.05378962,-0.1647069,0.00154005,0.008263757,0.01257141,0.9998857,0.01656434,-0.002871974,0.9998587
Fixation,0.0283,0.01859945,0.05450237,-0.03762409,-0.09344035,-0.0463576,-0.01179994,-0.9944751,0.09440814,-0.1847542,0.9782398,0.08416449,0.05505896,-0.04142701,-0.03185697,0.03556201,-0.0122277,-0.9987848,-0.07025851,-0.06450619,0.995441,0.05045516,0.05379677,-0.1646961,0.001607966,0.008205085,0.01256014,0.9998862,0.0164487,-0.003009452,0.9998602
Fixation,0.0355,0.0185876,0.05450594,-0.03762317,-0.09350541,-0.04635692,-0.01176631,-0.9944694,0.0944015,-0.1848857,0.9782156,0.08415265,0.05505824,-0.04142648,-0.03191931,0.03556046,-0.0121889,-0.9987833,-0.07025627,-0.06462783,0.9954332,0.0504432,0.05379891,-0.1646955,0.001671978,0.008207718,0.0125242,0.9998865,0.01645545,-0.003137987,0.9998597
Fixation,0.0430,0.01858879,0.05450547,-0.03762355,-0.09349858,-0.04635598,-0.01177085,-0.99447,0.09440038,-0.1848718,0.9782183,0.08415385,0.05505836,-0.04142667,-0.03212577,0.03536992,-0.01219249,-0.9987834,-0.06987039,-0.06503587,0.9954338,0.05044442,0.05379868,-0.1646958,0.001665305,0.008206346,0.01252889,0.9998865,0.01645256,-0.003124599,0.9998598
Fixation,0.0512,0.01858281,0.05449796,-0.03762683,-0.09354716,-0.04632518,-0.01170131,-0.9944677,0.09432705,-0.1849751,0.9782058,0.08414812,0.05504143,-0.04142682,-0.03216847,0.03539628,-0.01211746,-0.998782,-0.06992673,-0.06511639,0.9954246,0.05043866,0.05378711,-0.1646976,0.00171127,0.008182207,0.01245505,0.9998875,0.0164052,-0.003218336,0.9998602
Fixation,0.0621,0.01858178,0.05451024,-0.03763404,-0.09348278,-0.04588235,-0.01169826,-0.9944943,0.09344665,-0.1848627,0.9783115,0.08414688,0.05505359,-0.04143775,-0.03213244,0.0353679,-0.01211936,-0.9987841,-0.06987095,-0.065044,0.9954332,0.05043724,0.05379891,-0.1647066,0.001675148,0.008210573,0.01245621,0.9998873,0.01646103,-0.003145373,0.9998596
Fixation,0.0735,0.01858236,0.05454409,-0.03764245,-0.09344545,-0.0459055,-0.01169793,-0.9944968,0.09349199,-0.1847884,0.9783213,0.08414729,0.05508769,-0.04144914,-0.03209361,0.03547571,-0.01212322,-0.9987815,-0.07008681,-0.06496917,0.995423,0.05043751,0.05383253,-0.1647164,0.001637769,0.008233553,0.01245938,0.9998872,0.01650606,-0.003069999,0.999859
Fixation,0.0840,0.0185852,0.05459392,-0.03765874,-0.09333238,-0.04595443,-0.01169588,-0.9945052,0.09358704,-0.1845641,0.9783545,0.08414976,0.05513763,-0.04147173,-0.03198069,0.035427,-0.01213337,-0.9987867,-0.06999197,-0.06474348,0.9954443,0.05043969,0.05388117,-0.1647355,0.001524407,0.00828212,0.01246599,0.9998869,0.01660037,-0.002841979,0.9998581
Fixation,0.0955,0.01860113,0.05461454,-0.03773402,-0.09341139,-0.04582329,-0.01176402,-0.994503,0.09334058,-0.1847177,0.9783491,0.08416536,0.05516768,-0.04155125,-0.03191417,0.03539199,-0.01221104,-0.9987892,-0.06991887,-0.06461541,0.9954578,0.05045528,0.05390561,-0.1648127,0.001454486,0.008314855,0.01254167,0.9998857,0.01666429,-0.002700074,0.9998575
Fixation,0.1066,0.01859968,0.05465794,-0.03777593,-0.09331876,-0.04581559,-0.01184432,-0.9945111,0.09333882,-0.1845278,0.9783851,0.08416395,0.05522144,-0.04159108,-0.03184397,0.03542024,-0.01229775,-0.9987894,-0.0699715,-0.06448202,0.9954627,0.05045419,0.05395317,-0.1648534,0.001364485,0.008299482,0.01262423,0.999885,0.01663151,-0.002519106,0.9998585
Fixation,0.1340,0.01860533,0.05469751,-0.03780528,-0.09348237,-0.04562723,-0.01195604,-0.9945031,0.0929882,-0.184846,0.9783584,0.08417061,0.05527389,-0.04160098,-0.03166721,0.03556428,-0.01241855,-0.9987884,-0.07025586,-0.06414098,0.9954647,0.05046211,0.05399704,-0.164873,0.001182675,0.008151992,0.01273276,0.999885,0.01633223,-0.002157484,0.9998643
Fixation,0.1418,0.01859708,0.05478883,-0.03788324,-0.09322038,-0.04558646,-0.01191071,-0.9945301,0.09289485,-0.184335,0.9784636,0.08416271,0.05535841,-0.04167391,-0.03132267,0.03570502,-0.01239256,-0.9987946,-0.07054762,-0.06345478,0.9954881,0.05045438,0.05408239,-0.164948,0.0009178385,0.008114646,0.0126934,0.9998861,0.01625075,-0.001629463,0.9998666
Fixation,0.1496,0.018598,0.05480921,-0.03790088,-0.09305333,-0.04558901,-0.01185532,-0.9945462,0.0928871,-0.1840107,0.9785255,0.08416365,0.05537128,-0.04169239,-0.03115104,0.03569942,-0.01235112,-0.9988006,-0.07054371,-0.0631092,0.9955103,0.05045516,0.05409741,-0.1649657,0.0007480976,0.008121735,0.01264459,0.9998868,0.01626055,-0.001290634,0.999867
Fixation,0.1564,0.01859691,0.054829,-0.03792535,-0.09269576,-0.04582561,-0.01169,-0.9945707,0.09332085,-0.1833135,0.978615,0.08416273,0.05536878,-0.04171713,-0.03102843,0.035702,-0.01219234,-0.9988063,-0.07056215,-0.06285337,0.9955252,0.05045382,0.05410504,-0.1649901,0.000632512,0.008124154,0.01248055,0.9998889,0.01626229,-0.001062096,0.9998672
Fixation,0.1645,0.01859316,0.05483425,-0.03794225,-0.09251218,-0.04583413,-0.01160572,-0.9945884,0.09331952,-0.1829592,0.9786814,0.08415896,0.0553627,-0.04173598,-0.03083796,0.03568871,-0.01212391,-0.9988135,-0.07054498,-0.06246811,0.9955507,0.05044978,0.0541029,-0.1650075,0.0004451228,0.008139777,0.0124042,0.9998899,0.0162888,-0.0006882127,0.9998671
Fixation,0.1734,0.01858778,0.05480111,-0.03797325,-0.09249919,-0.04586025,-0.0118157,-0.9945859,0.0934098,-0.182913,0.9786815,0.08415329,0.05535746,-0.04176785,-0.03064116,0.03560616,-0.01233725,-0.9988199,-0.07037222,-0.06208858,0.9955866,0.05044461,0.05408335,-0.165039,0.0004401114,0.008146429,0.01261603,0.9998872,0.01630213,-0.0006745723,0.9998669
Fixation,0.1843,0.01859867,0.05476403,-0.03797489,-0.09257533,-0.04582085,-0.0119717,-0.9945788,0.09336146,-0.1830498,0.9786605,0.08416442,0.05534029,-0.04176252,-0.0307297,0.03565498,-0.01248378,-0.9988136,-0.07045812,-0.06227671,0.9955688,0.05045646,0.05405676,-0.1650374,0.0005222451,0.008093051,0.01276482,0.9998856,0.01619758,-0.0008377582,0.9998685
Fixation,0.1955,0.01860179,0.05474222,-0.03796749,-0.09260812,-0.04553158,-0.01195678,-0.9945892,0.09278502,-0.1831253,0.9787012,0.0841677,0.05531645,-0.04175279,-0.03080421,0.03567361,-0.01246116,-0.9988109,-0.07049467,-0.06242425,0.995557,0.05045979,0.05403471,-0.165029,0.0005977286,0.008075011,0.01274497,0.999886,0.01616342,-0.0009894895,0.9998689
Fixation,0.2069,0.01859576,0.05473292,-0.037946,-0.09273998,-0.04564427,-0.01197939,-0.9945715,0.09301492,-0.1833795,0.9786318,0.08416077,0.0553118,-0.04174589,-0.03081772,0.03557457,-0.0124811,-0.9988138,-0.07029547,-0.06245035,0.9955694,0.0504522,0.05402899,-0.1650149,0.0007313993,0.008185695,0.0127731,0.9998847,0.01638819,-0.001253516,0.9998649
Fixation,0.2180,0.01859424,0.05474246,-0.03792308,-0.09280736,-0.04571626,-0.01191275,-0.9945627,0.09314655,-0.1835163,0.9785936,0.08415873,0.05531347,-0.04173325,-0.03088033,0.03549841,-0.0124139,-0.9988154,-0.07014602,-0.06256884,0.9955725,0.05044948,0.05403543,-0.1649971,0.0007968305,0.008263804,0.01271101,0.9998848,0.01654596,-0.001383395,0.9998621
Fixation,0.2291,0.01860468,0.05478179,-0.0379018,-0.09293842,-0.04572048,-0.01184716,-0.9945511,0.09314482,-0.1837807,0.9785442,0.08416861,0.05534542,-0.04172282,-0.03097339,0.03541799,-0.0123459,-0.9988163,-0.06998734,-0.06274798,0.9955724,0.05045865,0.05407214,-0.1649812,0.0008927385,0.008346156,0.01264958,0.9998848,0.01671297,-0.00157412,0.9998591
Fixation,0.2400,0.01861416,0.05479991,-0.0378894,-0.09308964,-0.04573334,-0.01189598,-0.9945357,0.09318167,-0.1840739,0.9784856,0.08417795,0.05537033,-0.04171165,-0.03105573,0.03545905,-0.01238365,-0.9988117,-0.07006466,-0.06291588,0.9955564,0.05046804,0.05409515,-0.1649697,0.001046399,0.008354999,0.01269387,0.999884,0.01673462,-0.001880441,0.9998582
Fixation,0.2508,0.01863771,0.05476999,-0.03791048,-0.09333642,-0.04570167,-0.01196985,-0.9945132,0.09313627,-0.1845545,0.9783993,0.08420169,0.05535018,-0.04172795,-0.03130841,0.03549468,-0.01243524,-0.9988019,-0.07012566,-0.06342456,0.9955198,0.05049216,0.05407262,-0.164989,0.001296718,0.008317463,0.0127555,0.9998832,0.01666606,-0.002380946,0.9998583
Fixation,0.2624,0.01863363,0.05473924,-0.03791076,-0.09350748,-0.04536747,-0.01200475,-0.994512,0.09248205,-0.1848994,0.9783963,0.08419757,0.05532432,-0.04172832,-0.0314072,0.03549324,-0.01246343,-0.9987985,-0.0701183,-0.06362366,0.9955077,0.0504881,0.05404532,-0.1649895,0.001394227,0.008317922,0.01278806,0.9998827,0.01666955,-0.002575386,0.9998577
Fixation,0.2733,0.01864455,0.05472457,-0.03789922,-0.09368055,-0.04529473,-0.01204923,-0.9944985,0.09234864,-0.1852388,0.9783447,0.08420901,0.0553149,-0.0417069,-0.03155351,0.03538451,-0.01248983,-0.9987975,-0.06989572,-0.06391504,0.9955046,0.0505001,0.05403507,-0.1649735,0.001569284,0.008241902,0.01281937,0.9998826,0.0165221,-0.002926887,0.9998592
Fixation,0.2844,0.01864823,0.05470502,-0.03789701,-0.09373338,-0.04529757,-0.01203802,-0.9944935,0.09235302,-0.1853439,0.9783244,0.08421268,0.05529404,-0.04170525,-0.03160551,0.03538084,-0.01247463,-0.9987961,-0.06988796,-0.06401765,0.9954986,0.0505037,0.05401528,-0.1649717,0.001621917,0.008245952,0.01280658,0.9998827,0.01653151,-0.00303225,0.9998587
Fixation,0.2956,0.0186457,0.05470037,-0.03790032,-0.09397081,-0.04534424,-0.01198634,-0.9944696,0.09243967,-0.1858152,0.9782268,0.08421016,0.05528295,-0.04170941,-0.0316033,0.03537588,-0.01242536,-0.998797,-0.06988128,-0.06400967,0.9954996,0.05050101,0.05400753,-0.1649754,0.001621848,0.008252398,0.01275743,0.9998833,0.01654425,-0.003032759,0.9998586
Fixation,0.3070,0.01864574,0.05469763,-0.03787953,-0.0939346,-0.04530078,-0.01194434,-0.9944755,0.092345,-0.1857491,0.9782482,0.08421054,0.05527401,-0.04168342,-0.03150787,0.03543114,-0.01238419,-0.9987985,-0.06999675,-0.0638176,0.9955038,0.05050156,0.05400145,-0.164952,0.001583771,0.008212845,0.01271291,0.9998842,0.01646406,-0.002958357,0.9998601
Fixation,0.3183,0.01864501,0.05468845,-0.03786099,-0.09402783,-0.04528619,-0.01187793,-0.9944682,0.09230506,-0.1859396,0.9782159,0.08420995,0.05525625,-0.04166389,-0.03159571,0.03544134,-0.01230973,-0.9987963,-0.0700195,-0.0639879,0.9954913,0.05050082,0.05398905,-0.1649332,0.001674833,0.008204749,0.01264213,0.999885,0.01644996,-0.003141829,0.9998598
Fixation,0.3287,0.01862894,0.05462289,-0.03787011,-0.09508943,-0.04661304,-0.01186978,-0.994306,0.09495263,-0.1879894,0.9775705,0.08419403,0.05519044,-0.04167034,-0.03175953,0.03546258,-0.01229379,-0.9987906,-0.07005849,-0.06431419,0.9954675,0.050485,0.05392504,-0.1649413,0.0018393,0.008183757,0.0126328,0.999885,0.0164121,-0.00347141,0.9998593
Fixation,0.3401,0.01862548,0.05454564,-0.03786515,-0.09539284,-0.04659876,-0.01196394,-0.9942765,0.09494665,-0.1885787,0.9774575,0.08419063,0.05512583,-0.04166264,-0.04291332,0.02837361,-0.01228628,-0.9986002,-0.05561329,-0.08640371,0.9947067,0.05048191,0.05385721,-0.1649356,0.002147436,0.008161819,0.01271383,0.9998836,0.01637634,-0.004086837,0.9998575
Fixation,0.3511,0.01862985,0.0544591,-0.03785873,-0.09580217,-0.04658039,-0.01198416,-0.9942377,0.09492017,-0.1893838,0.9773044,0.0841951,0.05504251,-0.04165397,-0.04332442,0.02839215,-0.01227492,-0.9985821,-0.05564018,-0.087223,0.9946337,0.05048647,0.0537765,-0.1649289,0.00255907,0.00814309,0.01271696,0.9998827,0.01634935,-0.00491043,0.9998543
Fixation,0.3627,0.01865476,0.05435157,-0.03784694,-0.1183573,-0.09681689,-0.01190894,-0.9881681,0.1941617,-0.2316078,0.9532361,0.08422016,0.05493879,-0.04163907,-0.04385546,0.02841771,-0.01225881,-0.9985584,-0.05567825,-0.08828121,0.9945382,0.05051165,0.05367649,-0.1649166,0.003090871,0.008117342,0.01271952,0.9998814,0.01631139,-0.00597451,0.9998491
Fixation,0.3733,0.01868528,0.05423415,-0.03780354,-0.1190993,-0.09713012,-0.01182873,-0.9880492,0.1947563,-0.233054,0.9527622,0.08424821,0.05481219,-0.04163931,-0.04459114,0.02809278,-0.01211057,-0.9985368,-0.0550233,-0.08973223,0.9944448,0.05053721,0.05356228,-0.1648958,0.003831807,0.008446961,0.01261184,0.9998775,0.0169885,-0.007449611,0.9998279
Fixation,0.3844,0.0187808,0.05410421,-0.03776495,-0.1198009,-0.0974765,-0.01185755,-0.9879299,0.195441,-0.2343982,0.9522921,0.08434096,0.0546881,-0.04164694,-0.1036226,-0.01143439,-0.01169169,-0.9944822,0.02516565,-0.2058344,0.9782632,0.05062763,0.05344248,-0.164881,0.004542407,0.008796711,0.01261942,0.9998714,0.01770581,-0.008861626,0.999804
Fixation,0.3971,0.01891731,0.05394971,-0.03770497,-0.1602438,-0.1755669,-0.01156754,-0.9712695,0.3447528,-0.307218,0.8869964,0.0844734,0.0545193,-0.04165727,-0.1045236,-0.01194824,-0.01148394,-0.9943843,0.02616297,-0.2075989,0.9778641,0.05075617,0.05329037,-0.1648569,0.005448372,0.00932876,0.01246234,0.999864,0.01879078,-0.01066274,0.9997666
Fixation,0.4064,0.01906278,0.05372465,-0.03763524,-0.1613718,-0.1763233,-0.01148386,-0.9709466,0.3461073,-0.3093171,0.8857385,0.08461249,0.05428302,-0.04169349,-0.1551998,-0.0580455,-0.01095439,-0.9861155,0.1178794,-0.3048182,0.9450875,0.05088969,0.05307174,-0.1648407,0.006583768,0.01013156,0.01231399,0.9998512,0.02042225,-0.01291606,0.999708
Fixation,0.4177,0.01917692,0.05359471,-0.03760064,-0.1619876,-0.1767021,-0.01151809,-0.9707748,0.3468075,-0.3104364,0.8850728,0.08472338,0.05415654,-0.04171059,-0.1558235,-0.05843085,-0.01091671,-0.9859948,0.1186272,-0.3060065,0.9446098,0.05099804,0.05294991,-0.1648324,0.007216004,0.01052338,0.01230549,0.9998429,0.02122104,-0.01417075,0.9996744
Fixation,0.4290,0.01931104,0.0534029,-0.03755974,-0.1834108,-0.2112171,-0.0114465,-0.9600087,0.4097394,-0.3473166,0.8434956,0.08485278,0.05396628,-0.04174408,-0.1566407,-0.05898211,-0.01083557,-0.9858334,0.1196876,-0.307565,0.9439696,0.05112378,0.05276752,-0.1648291,0.008043551,0.01108743,0.01226987,0.999831,0.0223685,-0.0158123,0.9996247
Fixation,0.4404,0.01939819,0.05326366,-0.0375203,-0.183882,-0.2115632,-0.01159874,-0.9598406,0.4103996,-0.3480872,0.8428568,0.0849369,0.053846,-0.0417493,-0.180082,-0.07243291,-0.01071245,-0.9809226,0.1459604,-0.3517412,0.9246479,0.05120605,0.05264282,-0.1648122,0.00855785,0.01142722,0.01238477,0.9998214,0.02306233,-0.0168296,0.9995924
Fixation,0.4517,0.01944855,0.05310881,-0.03739153,-0.1843252,-0.2119442,-0.01175757,-0.9596695,0.4111272,-0.3487986,0.8422077,0.08498389,0.05371249,-0.04166948,-0.1805533,-0.07282187,-0.01080785,-0.9808062,0.1467511,-0.3526014,0.924195,0.05125105,0.05250347,-0.1647081,0.009046926,0.01180009,0.01251781,0.9998111,0.02382221,-0.01779501,0.9995578
Fixation,0.4628,0.01945462,0.05315721,-0.03739835,-0.1866332,-0.2155311,-0.01176302,-0.9584237,0.417531,-0.3526767,0.8374288,0.08499028,0.05376863,-0.04167037,-0.1802545,-0.07279221,-0.01087185,-0.9808626,0.1467177,-0.3520271,0.9244192,0.05125792,0.05255258,-0.1647115,0.008747255,0.01175655,0.01259326,0.9998133,0.02372902,-0.01719514,0.9995705
Fixation,0.4731,0.01945842,0.05320847,-0.03735357,-0.1863029,-0.2155841,-0.01180807,-0.9584755,0.4176638,-0.3520423,0.8376294,0.08499368,0.05383337,-0.04162956,-0.1775485,-0.07185421,-0.01099135,-0.9814239,0.1449419,-0.3469211,0.926627,0.05126146,0.05260694,-0.1646681,0.008429111,0.01178893,0.0127129,0.9998142,0.0237878,-0.01655535,0.99958
Fixation,0.4842,0.01935727,0.05324399,-0.03728587,-0.186015,-0.2154373,-0.01173702,-0.9585654,0.417388,-0.3515578,0.8379704,0.08489387,0.05386186,-0.04154256,-0.1772487,-0.0717041,-0.01096222,-0.9814893,0.1446397,-0.3463633,0.9268829,0.05116247,0.05263591,-0.1645904,0.008121328,0.01164241,0.01267615,0.9998189,0.0234865,-0.01594455,0.999597
Fixation,0.4956,0.01930979,0.05327523,-0.03728323,-0.1888654,-0.2171416,-0.01173793,-0.9576229,0.4203132,-0.356626,0.8343588,0.08484802,0.05389643,-0.04151412,-0.177063,-0.07151787,-0.01102151,-0.9815358,0.1442977,-0.3460108,0.9270678,0.05111793,0.05266678,-0.164575,0.007934215,0.01144644,0.0127136,0.9998222,0.02309056,-0.01557456,0.999612
Fixation,0.5065,0.01922705,0.05331063,-0.03731894,-0.1886704,-0.2168485,-0.01175161,-0.9577276,0.4197979,-0.356293,0.8347605,0.08476787,0.05392992,-0.04150967,-0.1758499,-0.06998944,-0.01106589,-0.9818634,0.141332,-0.3437722,0.9283566,0.05103968,0.05269921,-0.1645908,0.007730222,0.01114076,0.01271261,0.9998273,0.02247421,-0.01517452,0.9996322
Fixation,0.5176,0.01913169,0.05333424,-0.03737473,-0.1884762,-0.2165005,-0.01181725,-0.9578437,0.4192019,-0.3559446,0.8352085,0.08467558,0.05395699,-0.04151678,-0.175657,-0.0696319,-0.0111555,-0.9819224,0.1406653,-0.3434095,0.928592,0.05094978,0.05272245,-0.1646226,0.007535564,0.01077044,0.01275134,0.9998323,0.02172945,-0.01479393,0.9996544
Fixation,0.5292,0.01900332,0.05337763,-0.03742479,-0.1894565,-0.2156737,-0.01194855,-0.9578353,0.4176871,-0.3577822,0.8351822,0.0845511,0.05401301,-0.04150297,-0.1754189,-0.06917334,-0.01133428,-0.9819953,0.1398323,-0.3429529,0.9288865,0.05082863,0.05276966,-0.1646413,0.007299081,0.01028489,0.01286331,0.9998378,0.02075422,-0.0143312,0.9996819
Fixation,0.5398,0.01889718,0.05342007,-0.03748968,-0.1891603,-0.2152627,-0.01214291,-0.9579838,0.4170303,-0.3571972,0.8357607,0.0844485,0.0540756,-0.04150712,-0.1740157,-0.06967505,-0.01158437,-0.9822066,0.1409023,-0.3402244,0.9297279,0.0507294,0.05281901,-0.1646762,0.007026413,0.009823631,0.01303437,0.9998422,0.01982733,-0.01379452,0.9997082
Fixation,0.5507,0.01879759,0.05346632,-0.03754777,-0.188833,-0.2149062,-0.01232756,-0.958126,0.4164702,-0.3565531,0.8363148,0.08435196,0.05414283,-0.04151172,-0.1737074,-0.06930574,-0.01181026,-0.9822846,0.140259,-0.3396231,0.9300449,0.05063592,0.0528723,-0.1647077,0.006722982,0.009417755,0.01321249,0.9998458,0.01901026,-0.01319503,0.9997322
Fixation,0.5618,0.01869431,0.05352187,-0.03760999,-0.1902454,-0.2146964,-0.01252659,-0.957891,0.4160777,-0.3590899,0.8354243,0.08425167,0.05422258,-0.04151976,-0.173458,-0.06893471,-0.01206112,-0.9823517,0.1396205,-0.3391306,0.9303207,0.05053882,0.05293727,-0.1647432,0.006480777,0.009006619,0.0134115,0.9998485,0.01818434,-0.01271801,0.9997538
Fixation,0.5735,0.01855327,0.05350089,-0.03749581,-0.1901301,-0.2144671,-0.01257818,-0.9579647,0.4156867,-0.3588805,0.8357089,0.08411252,0.0542047,-0.0413734,-0.1733444,-0.06869885,-0.0121254,-0.9823875,0.1391815,-0.3389167,0.9304644,0.05040133,0.05291665,-0.1646132,0.006366685,0.008761643,0.01344174,0.999851,0.01769184,-0.01249593,0.9997654
Fixation,0.5854,0.01855978,0.05349827,-0.03752761,-0.1901028,-0.2145874,-0.01257918,-0.9579431,0.4159077,-0.3588167,0.8356263,0.08411805,0.05420578,-0.04142087,-0.173661,-0.06822573,-0.01212548,-0.9823646,0.1382565,-0.3395422,0.9303743,0.05040618,0.05291545,-0.1646526,0.006344731,0.008881478,0.01347072,0.9998497,0.01793122,-0.01244828,0.9997617
Fixation,0.6683,0.01853657,0.05347991,-0.03752789,-0.1930799,-0.2167612,-0.01258246,-0.9568576,0.419678,-0.3640452,0.8314695,0.08409472,0.0541923,-0.04142246,-0.1748489,-0.06785309,-0.01214487,-0.9821794,0.1375348,-0.3418179,0.9296476,0.05038287,0.05289936,-0.1646534,0.006324147,0.00889179,0.01350939,0.9998493,0.01795177,-0.01240614,0.9997619
Fixation,0.6823,0.01859945,0.05343819,-0.03738759,-0.1931971,-0.2178603,-0.01240265,-0.9565867,0.4215968,-0.3642155,0.8304235,0.08414847,0.05415392,-0.04143234,-0.174224,-0.06894968,-0.01197891,-0.9822161,0.139621,-0.3405994,0.9297839,0.05042935,0.05286038,-0.1645863,0.006451134,0.01003683,0.01352128,0.9998375,0.02024485,-0.01262875,0.9997153
Fixation,0.6889,0.01859945,0.05343819,-0.03738759,-0.1931971,-0.2178603,-0.01240265,-0.9565867,0.4215968,-0.3642155,0.8304235,0.08414847,0.05415392,-0.04143234,-0.174224,-0.06894968,-0.01197891,-0.9822161,0.139621,-0.3405994,0.9297839,0.05042935,0.05286038,-0.1645863,0.006451134,0.01003683,0.01352128,0.9998375,0.02024485,-0.01262875,0.9997153
Fixation,0.6953,0.01858073,0.05341995,-0.03738444,-0.1921001,-0.221112,-0.01243181,-0.9560609,0.4275694,-0.3618211,0.8284141,0.08412972,0.05413675,-0.04142947,-0.1742064,-0.06895344,-0.01198635,-0.9822189,0.1396309,-0.3405646,0.9297951,0.05041061,0.0528425,-0.1645832,0.006433733,0.01003912,0.01353024,0.9998374,0.02024908,-0.01259371,0.9997156
Fixation,0.7576,0.01856492,0.05340958,-0.03737185,-0.1945169,-0.2303433,-0.0124622,-0.9533886,0.4440616,-0.3651592,0.8182103,0.08411423,0.05412698,-0.04141153,-0.1780251,-0.07451404,-0.01198388,-0.9811275,0.1504824,-0.3475446,0.9255095,0.05039537,0.05283356,-0.1645682,0.00653563,0.009997969,0.01353017,0.9998372,0.02016954,-0.01279858,0.9997147
Fixation,0.7656,0.01831366,0.05331647,-0.03739186,-0.1943634,-0.2297108,-0.01288877,-0.9535668,0.4430995,-0.3647555,0.8189116,0.08386832,0.05407488,-0.04133607,-0.1779192,-0.07385609,-0.01241888,-0.981191,0.149353,-0.347311,0.9257801,0.05015493,0.05275953,-0.1645417,0.00644772,0.009272201,0.01385092,0.9998403,0.01872005,-0.01263652,0.9997449
Fixation,0.7721,0.01824449,0.05330741,-0.03740232,-0.1943247,-0.2295819,-0.01295906,-0.9536049,0.4428973,-0.3646677,0.8190601,0.08380022,0.05407226,-0.04132744,-0.1778877,-0.07372223,-0.01249228,-0.9812059,0.1491178,-0.347247,0.925842,0.0500879,0.05275321,-0.1645429,0.0064188,0.009127025,0.01390195,0.9998412,0.01842962,-0.01258179,0.999751
Fixation,0.7808,0.0181986,0.05329967,-0.03740574,-0.1943484,-0.2294646,-0.01307944,-0.9536266,0.442731,-0.3646691,0.8191494,0.0837553,0.05407608,-0.04131245,-0.1779263,-0.07359969,-0.01260533,-0.9812066,0.1489186,-0.3473094,0.9258507,0.0500441,0.05275178,-0.1645374,0.00646363,0.008987016,0.01398954,0.9998409,0.01815202,-0.01267376,0.9997549
Fixation,0.7885,0.01815081,0.05327785,-0.03741004,-0.1942669,-0.2294266,-0.01317305,-0.9536511,0.442704,-0.3644812,0.8192476,0.08370782,0.05406702,-0.04130884,-0.1803927,-0.07592756,-0.01269362,-0.9805776,0.1534854,-0.3518506,0.9233869,0.0499973,0.05273533,-0.1645378,0.006401323,0.008927452,0.01408966,0.9998404,0.01803244,-0.01254903,0.9997587
Fixation,0.7967,0.01810512,0.05326343,-0.03741452,-0.195406,-0.2322909,-0.01327125,-0.9527231,0.4478043,-0.36617,0.8157149,0.08366349,0.05406117,-0.04128873,-0.1804034,-0.07575536,-0.01279236,-0.9805877,0.1531851,-0.3518644,0.9234315,0.04995434,0.05272543,-0.1645304,0.006416377,0.008740334,0.01415584,0.999841,0.01765955,-0.01258326,0.9997649
Fixation,0.8064,0.01808847,0.05326438,-0.03745828,-0.1954654,-0.2322743,-0.01335881,-0.9527137,0.4478042,-0.3662394,0.8156838,0.08364697,0.05407143,-0.04132843,-0.1804754,-0.07573695,-0.01286895,-0.9805748,0.1531765,-0.35199,0.9233851,0.04993819,0.05273163,-0.1645723,0.00649439,0.008709673,0.01422319,0.9998398,0.0176013,-0.01273894,0.9997639
Fixation,0.8177,0.01805352,0.05325592,-0.03746273,-0.1952855,-0.2322307,-0.01351946,-0.9527591,0.4478001,-0.3658408,0.815865,0.08361238,0.05408633,-0.04132186,-0.18108,-0.07812674,-0.01305994,-0.9802733,0.1579009,-0.3529752,0.9222125,0.04990466,0.05273306,-0.1645711,0.006349164,0.008627042,0.01440821,0.9998388,0.01743426,-0.01244768,0.9997705
Fixation,0.8290,0.01802785,0.05325091,-0.03746383,-0.195182,-0.2322149,-0.01360584,-0.9527829,0.4478119,-0.3656131,0.8159605,0.08358683,0.0540942,-0.041318,-0.1809901,-0.07810839,-0.01316139,-0.98029,0.1579019,-0.3527895,0.9222834,0.04987964,0.05273342,-0.1645697,0.006264701,0.008590065,0.01451066,0.9998382,0.01735916,-0.01227808,0.9997739
Fixation,0.8398,0.01800309,0.05325317,-0.03746822,-0.1960868,-0.2337691,-0.01364339,-0.9522163,0.4505481,-0.3670553,0.813804,0.0835618,0.0541054,-0.04132515,-0.1808912,-0.07814258,-0.01322376,-0.9803047,0.1579912,-0.3525902,0.9223443,0.04985469,0.05273914,-0.1645752,0.006169131,0.008611685,0.01458456,0.9998375,0.01740052,-0.01208506,0.9997756
Fixation,0.8510,0.01805834,0.0532732,-0.03752508,-0.1959845,-0.2337484,-0.01360713,-0.952243,0.4505041,-0.3668885,0.8139035,0.08361723,0.05412269,-0.04137955,-0.1811634,-0.07828262,-0.01320051,-0.9802436,0.158255,-0.3531017,0.9221033,0.0499102,0.05275655,-0.1646307,0.006058177,0.008593016,0.0145687,0.9998386,0.01735978,-0.01186402,0.9997789
Fixation,0.8624,0.01805233,0.05327868,-0.03752584,-0.1959477,-0.233703,-0.01362968,-0.9522613,0.4504341,-0.3668162,0.8139748,0.08361158,0.05413067,-0.0413735,-0.1811288,-0.07823549,-0.01322797,-0.9802534,0.1581731,-0.3530345,0.9221431,0.04990496,0.05276287,-0.1646281,0.006024439,0.008541238,0.01458968,0.9998389,0.01725551,-0.01179771,0.9997815
Fixation,0.8727,0.01805972,0.05326104,-0.03753145,-0.1962783,-0.2353525,-0.01359335,-0.9517874,0.4533472,-0.3672319,0.8121681,0.08361834,0.05410898,-0.04139084,-0.1811879,-0.07831711,-0.01318248,-0.9802365,0.1583156,-0.3531491,0.9220747,0.04991103,0.05274391,-0.1646395,0.0060823,0.008630532,0.01455541,0.9998384,0.01743533,-0.01191139,0.999777
Fixation,0.8843,0.01811204,0.0532223,-0.0375593,-0.1962994,-0.2354269,-0.0136115,-0.9517644,0.4534857,-0.3672525,0.8120815,0.08367005,0.05407393,-0.04142822,-0.1814522,-0.0789676,-0.01319826,-0.9801353,0.1595876,-0.3536108,0.9216785,0.04996234,0.05270731,-0.164672,0.006110967,0.00870324,0.01458244,0.9998372,0.01758187,-0.01196611,0.9997738
Fixation,0.8948,0.01814488,0.05316031,-0.03757038,-0.1969557,-0.2369043,-0.01366249,-0.9512613,0.4560976,-0.3682393,0.8101696,0.08370222,0.05401826,-0.04144908,-0.1815806,-0.07904781,-0.01323333,-0.9801045,0.159756,-0.3538438,0.9215599,0.04999413,0.05264974,-0.1646881,0.006244936,0.008777902,0.01462232,0.9998351,0.01773554,-0.01223111,0.9997679
Fixation,0.9059,0.01816927,0.05312049,-0.03755837,-0.1970661,-0.2369273,-0.01365367,-0.9512329,0.4561274,-0.3684417,0.8100608,0.08372642,0.05397534,-0.04144107,-0.1816894,-0.07907219,-0.01320706,-0.9800827,0.1597937,-0.3540527,0.9214731,0.05001805,0.05260956,-0.1646782,0.00635386,0.008807958,0.01459344,0.9998345,0.01779845,-0.01244854,0.9997641
Fixation,0.9174,0.0181975,0.05312395,-0.03754228,-0.1971785,-0.2369753,-0.01356627,-0.9511989,0.4561713,-0.3686822,0.8099267,0.08375426,0.05396628,-0.04143432,-0.1829397,-0.07946963,-0.01309184,-0.9798196,0.1605218,-0.3564149,0.9204353,0.05004514,0.05260789,-0.1646668,0.006448003,0.008878472,0.01449397,0.9998348,0.01794093,-0.01263651,0.9997592
Fixation,0.9288,0.01827134,0.05322397,-0.03754957,-0.1971976,-0.2377685,-0.0134274,-0.9509989,0.4575308,-0.3686842,0.8091585,0.08382728,0.05405223,-0.04145833,-0.182886,-0.07957547,-0.01296073,-0.9798227,0.1606804,-0.3563289,0.9204409,0.05011706,0.0527004,-0.1646821,0.006385762,0.009005456,0.01438773,0.9998356,0.0181917,-0.01251029,0.9997563
Fixation,0.9393,0.01831566,0.05328965,-0.03753978,-0.1972102,-0.2378127,-0.0132187,-0.9509882,0.4575279,-0.368802,0.8091065,0.08387125,0.05409229,-0.04145987,-0.182867,-0.07962486,-0.01275342,-0.979825,0.1607012,-0.3563244,0.9204391,0.05015995,0.05275321,-0.1646778,0.006352626,0.009090611,0.01419427,0.9998378,0.01835861,-0.01244512,0.999754
Fixation,0.9506,0.01835822,0.05333006,-0.03753906,-0.1972498,-0.237901,-0.01312181,-0.9509593,0.4576448,-0.3689097,0.8089913,0.08391307,0.05412185,-0.04147361,-0.1833951,-0.08041919,-0.01265041,-0.9796627,0.1622074,-0.3572961,0.919798,0.05020083,0.05278862,-0.1646841,0.006374115,0.009200271,0.01411,0.9998378,0.01857744,-0.01248653,0.9997494
Fixation,0.9623,0.01842042,0.05336523,-0.03753007,-0.1975234,-0.2382342,-0.01316259,-0.9508185,0.4582349,-0.3693463,0.8084579,0.08397483,0.05416262,-0.04147075,-0.1834571,-0.08047196,-0.01268443,-0.9796463,0.1623222,-0.3574046,0.9197356,0.0502624,0.05282712,-0.1646782,0.006440213,0.009247133,0.01414853,0.9998364,0.01867348,-0.01261665,0.999746
Fixation,0.9730,0.01846576,0.05338907,-0.03753284,-0.1975947,-0.2382601,-0.01312964,-0.9507976,0.4582629,-0.3694887,0.8083769,0.08401996,0.05418134,-0.04147826,-0.1835234,-0.08049949,-0.01264071,-0.9796322,0.1623595,-0.3575357,0.919678,0.05030717,0.05284917,-0.1646834,0.006504823,0.009282925,0.01410595,0.9998363,0.01874632,-0.01274563,0.999743
Fixation,0.9844,0.01849575,0.0534097,-0.03754077,-0.1976601,-0.2382791,-0.01305588,-0.9507803,0.4582635,-0.3696407,0.8083071,0.08404977,0.05419159,-0.04149107,-0.1840461,-0.08020065,-0.01255026,-0.9795598,0.1617423,-0.3585553,0.9193898,0.05033653,0.05286515,-0.1646938,0.006553859,0.009319445,0.01402446,0.9998367,0.01881967,-0.01284418,0.9997404
Fixation,0.9958,0.01852286,0.05343914,-0.03754875,-0.1976043,-0.2386551,-0.012971,-0.9506987,0.4589044,-0.3695332,0.8079926,0.08407678,0.05421197,-0.04150254,-0.1839717,-0.08021496,-0.01247577,-0.9795735,0.1617433,-0.3584262,0.9194399,0.0503632,0.05288947,-0.1647033,0.006473262,0.009345845,0.013959,0.9998379,0.01886938,-0.01268351,0.9997415
Fixation,1.0060,0.01855103,0.05348969,-0.03755664,-0.1974865,-0.2386697,-0.01292792,-0.9507201,0.4589224,-0.3693377,0.8080717,0.08410484,0.05426013,-0.04151269,-0.1838486,-0.08023014,-0.01245268,-0.9795957,0.161765,-0.3581965,0.9195256,0.05039113,0.05293751,-0.1647121,0.006346865,0.009363357,0.0139475,0.9998388,0.01890074,-0.01243049,0.9997441
Fixation,1.0171,0.01855056,0.05349219,-0.03755388,-0.1973364,-0.2386349,-0.01282881,-0.9507614,0.4588329,-0.3691168,0.8082235,0.08410467,0.05425262,-0.04150687,-0.1837667,-0.08051795,-0.01237953,-0.9795884,0.1622988,-0.3580379,0.9194933,0.05039096,0.05293334,-0.1647075,0.006173093,0.009339986,0.01388021,0.999841,0.01884837,-0.01208494,0.9997493
Fixation,1.0286,0.01859137,0.05351853,-0.03756458,-0.1976864,-0.2389899,-0.01274921,-0.9506006,0.4594086,-0.3697478,0.8076078,0.08414529,0.05427003,-0.04152234,-0.1837499,-0.08054123,-0.01230561,-0.9795906,0.1623172,-0.3580171,0.9194982,0.05043117,0.05295515,-0.1647205,0.006151099,0.009375907,0.01381299,0.9998417,0.01891878,-0.01204123,0.9997485
Fixation,1.0398,0.01861258,0.05349565,-0.03757862,-0.1976758,-0.2390573,-0.01270106,-0.9505864,0.4595106,-0.3697434,0.8075517,0.08416595,0.05424309,-0.04154646,-0.1837339,-0.08061122,-0.01226079,-0.9795884,0.1624371,-0.3579905,0.9194874,0.05045125,0.05293,-0.1647394,0.006132745,0.009452758,0.0137826,0.9998416,0.01907157,-0.01200298,0.9997461
Fixation,1.0505,0.01864125,0.05347371,-0.03759911,-0.1977372,-0.2391161,-0.01277285,-0.9505579,0.4596388,-0.369813,0.807447,0.08419412,0.05423033,-0.0415733,-0.1839859,-0.08108147,-0.01232236,-0.9795015,0.1633731,-0.3584308,0.9191499,0.05047929,0.05291331,-0.1647631,0.006213218,0.009501402,0.01384861,0.9998397,0.01917185,-0.01216128,0.9997422
Fixation,1.0618,0.01866866,0.05341375,-0.0376082,-0.1979039,-0.2398424,-0.0128412,-0.9503393,0.460946,-0.3699921,0.8066193,0.08422203,0.05417573,-0.04157306,-0.1840615,-0.08101834,-0.012377,-0.9794918,0.1632698,-0.358568,0.9191148,0.05050775,0.0528568,-0.1647678,0.006292897,0.009430326,0.01388571,0.9998394,0.01903238,-0.01232188,0.9997429
Fixation,1.0735,0.01866912,0.0533632,-0.03762025,-0.1980066,-0.2398686,-0.01292144,-0.9503102,0.4610163,-0.3701364,0.8065129,0.08422227,0.05413365,-0.0415872,-0.1841768,-0.08104431,-0.01243975,-0.9794672,0.1633427,-0.3587739,0.9190215,0.05050802,0.05281174,-0.1647811,0.006414765,0.009446309,0.01394395,0.9998376,0.01906844,-0.01256401,0.9997392
Fixation,1.0850,0.01867446,0.05332756,-0.03763413,-0.1980672,-0.2398105,-0.0130282,-0.9503108,0.46095,-0.3702023,0.8065206,0.08422808,0.05410862,-0.04159102,-0.1842533,-0.08086266,-0.01253368,-0.9794666,0.1630233,-0.3589129,0.9190239,0.05051452,0.05278206,-0.1647903,0.006496873,0.009369913,0.0140206,0.9998367,0.01891895,-0.01272888,0.99974
Fixation,1.0952,0.01866942,0.05329645,-0.0376513,-0.1979517,-0.2405719,-0.01305042,-0.9501421,0.4623217,-0.3698854,0.8058805,0.08422276,0.05408192,-0.04161202,-0.1842098,-0.08089805,-0.01256107,-0.9794716,0.1631024,-0.3588241,0.9190446,0.05050911,0.05275273,-0.1648092,0.006455164,0.009399419,0.01405683,0.9998362,0.01897724,-0.01264396,0.9997399
Fixation,1.1062,0.01866686,0.05328596,-0.03765477,-0.1979632,-0.2404942,-0.01303445,-0.9501595,0.4621764,-0.3699239,0.8059462,0.08422085,0.05406713,-0.0416057,-0.184216,-0.08081865,-0.01254235,-0.9794772,0.1629411,-0.3588435,0.9190656,0.05050758,0.05274022,-0.1648079,0.006459028,0.009324445,0.01402382,0.9998373,0.01882702,-0.01265443,0.9997427
Fixation,1.1172,0.01865971,0.05328143,-0.03766505,-0.1979208,-0.2404674,-0.01304746,-0.950175,0.462137,-0.3698438,0.8060055,0.08421393,0.05406451,-0.0416118,-0.1846029,-0.08042341,-0.01255474,-0.9794367,0.1621746,-0.3595944,0.9189076,0.05050092,0.05273616,-0.1648161,0.006418531,0.009292813,0.01404071,0.9998377,0.01876285,-0.01257402,0.9997449
Fixation,1.1288,0.01864531,0.05330122,-0.03769028,-0.1978821,-0.2403556,-0.0130263,-0.9502116,0.4619328,-0.3697979,0.8061436,0.08420046,0.05407953,-0.0416225,-0.1845576,-0.08030877,-0.01253874,-0.9794549,0.1619459,-0.3595177,0.918978,0.05048807,0.05275321,-0.1648342,0.006369663,0.009181915,0.01400757,0.9998395,0.01853933,-0.01248005,0.9997503
Fixation,1.1397,0.01863097,0.05329835,-0.03771478,-0.1980736,-0.2406969,-0.0130197,-0.9500855,0.462523,-0.3701061,0.8056637,0.08418633,0.05407488,-0.04164387,-0.1845747,-0.08028261,-0.01252979,-0.9794539,0.1618916,-0.359553,0.9189737,0.05047406,0.05274963,-0.1648572,0.006386012,0.009157916,0.01399291,0.9998398,0.01849161,-0.01251369,0.9997507
Fixation,1.1507,0.01863505,0.05326462,-0.03772099,-0.1981126,-0.2406471,-0.013238,-0.950087,0.4625165,-0.3700771,0.8056808,0.08419083,0.05406642,-0.04163808,-0.1843596,-0.07993997,-0.01273979,-0.9795197,0.161303,-0.3591308,0.9192423,0.05047963,0.05272901,-0.1648577,0.006472993,0.00906745,0.0141824,0.9998374,0.01831556,-0.01268668,0.9997517
Fixation,1.1616,0.01862915,0.0532409,-0.03773495,-0.1981721,-0.2406316,-0.01325298,-0.9500782,0.4624904,-0.3701799,0.8056485,0.08418505,0.05404294,-0.04165,-0.1844204,-0.07992411,-0.01274452,-0.9795095,0.1612735,-0.3592458,0.9192025,0.05047394,0.05270612,-0.1648708,0.00653484,0.009051741,0.01418003,0.9998372,0.01828586,-0.01281084,0.9997507
Fixation,1.1734,0.01853471,0.05321479,-0.0377207,-0.198074,-0.2409129,-0.01334823,-0.9500261,0.463035,-0.3699195,0.8054553,0.08409165,0.0540247,-0.04161644,-0.1844471,-0.07979059,-0.01283144,-0.9795142,0.1610455,-0.3592895,0.9192255,0.05038165,0.05268419,-0.1648473,0.006566153,0.00890481,0.01423961,0.9998375,0.01799372,-0.01287657,0.9997552
Fixation,1.1841,0.01855887,0.05322397,-0.03771865,-0.1979566,-0.2409236,-0.01331462,-0.9500483,0.4630495,-0.3697211,0.805538,0.08411574,0.05403268,-0.04161589,-0.1840347,-0.07955945,-0.01282001,-0.9796107,0.1605933,-0.3585249,0.919603,0.05040567,0.05269146,-0.1648457,0.006442158,0.008916387,0.0142366,0.9998382,0.01801332,-0.01262835,0.999758
Fixation,1.1957,0.0185518,0.05323684,-0.03771646,-0.1980222,-0.2409155,-0.01319166,-0.9500384,0.4629825,-0.3699012,0.8054938,0.08410873,0.05402827,-0.04161625,-0.1840797,-0.07955386,-0.01268776,-0.9796045,0.1605338,-0.3586318,0.9195717,0.05039817,0.05269635,-0.1648448,0.006478354,0.008934965,0.01410273,0.9998397,0.01804979,-0.01270262,0.9997564
Fixation,1.2061,0.01856161,0.05324101,-0.03773203,-0.1978842,-0.2412276,-0.01316475,-0.9499884,0.463537,-0.3696239,0.8053022,0.08411851,0.05403113,-0.04163263,-0.1839821,-0.07955942,-0.01267557,-0.9796225,0.1605406,-0.358449,0.9196418,0.05040791,0.05269885,-0.1648606,0.006378511,0.008941375,0.01409842,0.9998403,0.01805975,-0.01250287,0.9997587
Fixation,1.2174,0.0185696,0.05325425,-0.03773016,-0.1978797,-0.2412447,-0.01312322,-0.9499855,0.4635516,-0.3696339,0.8052893,0.08412637,0.0540396,-0.04163408,-0.1845184,-0.07943881,-0.01262853,-0.9795321,0.1602861,-0.3594769,0.9192849,0.05041551,0.05270958,-0.1648603,0.006365262,0.008966406,0.01406318,0.9998407,0.01810899,-0.0124763,0.9997582
Fixation,1.2284,0.01857263,0.05324352,-0.03773013,-0.1978225,-0.2412821,-0.01320244,-0.9499868,0.4636532,-0.3694865,0.8052984,0.08412908,0.05404139,-0.04163657,-0.1844757,-0.07947552,-0.01271667,-0.979536,0.1603901,-0.3593798,0.9193047,0.05041837,0.05270457,-0.1648615,0.006328651,0.008986359,0.01415918,0.9998394,0.01814905,-0.01240079,0.9997584
Fixation,1.2396,0.01857247,0.05324817,-0.03772843,-0.1984294,-0.2413889,-0.01324479,-0.9498325,0.4638145,-0.370555,0.8047143,0.08412896,0.05405116,-0.04163327,-0.184519,-0.07947037,-0.0127588,-0.9795277,0.1603953,-0.359455,0.9192744,0.05041841,0.05271208,-0.1648591,0.006375535,0.008974311,0.01419665,0.9998387,0.01812675,-0.0124942,0.9997576
Fixation,1.2507,0.01857616,0.05324996,-0.03772637,-0.1984202,-0.2413621,-0.0133409,-0.9498399,0.463805,-0.3704949,0.8047475,0.08413287,0.05406463,-0.0416251,-0.185161,-0.07969636,-0.01284865,-0.979387,0.1608653,-0.3606406,0.9187278,0.05042286,0.05271983,-0.1648541,0.006387489,0.008928254,0.01428513,0.9998377,0.0180361,-0.01251782,0.999759
Fixation,1.2617,0.01857389,0.05324805,-0.03772545,-0.1983991,-0.2414045,-0.01340428,-0.9498326,0.4639066,-0.3704202,0.8047233,0.08413024,0.05407226,-0.04162801,-0.1851517,-0.07973867,-0.01291522,-0.9793844,0.1609722,-0.3606097,0.9187212,0.05042025,0.05272245,-0.164855,0.006383362,0.008957968,0.01435871,0.9998364,0.01809632,-0.01250739,0.999758
Fixation,1.2729,0.01857666,0.05324924,-0.03772067,-0.1986535,-0.2416865,-0.01333578,-0.9497087,0.464362,-0.3708797,0.8042489,0.08413324,0.05406439,-0.04162145,-0.1851427,-0.0797125,-0.01284903,-0.9793891,0.1608969,-0.360605,0.9187362,0.05042315,0.05271912,-0.1648493,0.006369137,0.008943864,0.01428966,0.9998376,0.01806685,-0.0124806,0.9997589
Fixation,1.2840,0.01859705,0.05325294,-0.03772999,-0.1986698,-0.2416671,-0.01335757,-0.94971,0.4643348,-0.3709013,0.8042547,0.08415379,0.05407,-0.04162772,-0.1853659,-0.08001204,-0.01286682,-0.9793223,0.1614853,-0.3610068,0.9184752,0.05044388,0.05272388,-0.1648572,0.006389483,0.008920778,0.01430285,0.9998375,0.01802143,-0.0125217,0.9997592
Fixation,1.2988,0.01861466,0.05323851,-0.03773636,-0.1989241,-0.2417882,-0.01330201,-0.9496266,0.4645092,-0.3713748,0.8039353,0.08417099,0.05405152,-0.04164187,-0.1853087,-0.08006509,-0.01282461,-0.9793293,0.1615732,-0.3609029,0.9185005,0.05046063,0.05270696,-0.1648672,0.006329264,0.008979967,0.01427492,0.9998378,0.01813772,-0.0124001,0.9997586
Fixation,1.3096,0.01862681,0.05322337,-0.03772241,-0.1989793,-0.2417645,-0.01329331,-0.9496213,0.4644595,-0.3714822,0.8039144,0.08418333,0.05403328,-0.04162537,-0.1853612,-0.08004116,-0.01280652,-0.9793215,0.1615197,-0.3610063,0.9184693,0.05047302,0.05269086,-0.1648521,0.00638088,0.008960267,0.01424925,0.999838,0.01809948,-0.01250434,0.999758
Fixation,1.3208,0.01860662,0.053213,-0.03769793,-0.1989841,-0.2417542,-0.0133289,-0.9496224,0.4644548,-0.3714748,0.8039205,0.08416322,0.05402708,-0.04159863,-0.1855322,-0.08038981,-0.01284069,-0.9792601,0.1622098,-0.361304,0.9182305,0.0504531,0.05268252,-0.1648266,0.006393429,0.00894319,0.01428005,0.9998376,0.01806607,-0.01252936,0.9997583
Fixation,1.3321,0.01859378,0.0532093,-0.03767277,-0.198719,-0.2436046,-0.01338683,-0.9492041,0.4677813,-0.3707275,0.8023352,0.08415067,0.05402935,-0.04156728,-0.1855153,-0.08035214,-0.01289343,-0.9792657,0.162156,-0.3612655,0.9182552,0.05044099,0.05268168,-0.1647984,0.006379441,0.008896329,0.01432617,0.9998375,0.01797255,-0.01250191,0.9997603
Fixation,1.3430,0.01860579,0.05320656,-0.03765474,-0.1987546,-0.2436398,-0.01341221,-0.9491873,0.4678511,-0.3707752,0.8022725,0.08416238,0.05402994,-0.0415535,-0.1855559,-0.08038808,-0.01291292,-0.9792549,0.162233,-0.3613369,0.9182135,0.05045255,0.05268097,-0.1647825,0.006422594,0.008928851,0.01434898,0.9998366,0.0180391,-0.01258685,0.9997581
Fixation,1.3544,0.01861855,0.05319417,-0.0376321,-0.1987806,-0.2436505,-0.01337705,-0.9491795,0.4678544,-0.3708383,0.8022414,0.08417507,0.05401266,-0.04153339,-0.185655,-0.08080485,-0.01287524,-0.9792023,0.1630293,-0.3615068,0.9180056,0.050465,0.05266631,-0.1647611,0.006440769,0.008947773,0.01431154,0.9998368,0.01807698,-0.01262332,0.9997569
Fixation,1.3653,0.01863385,0.05320644,-0.03762667,-0.1991875,-0.2464628,-0.01339013,-0.9483677,0.472809,-0.3712057,0.7991608,0.0841897,0.05402768,-0.04153842,-0.1856847,-0.08088665,-0.01288193,-0.9791898,0.1631907,-0.3615572,0.9179571,0.05047917,0.05268037,-0.1647608,0.006472633,0.009027687,0.0143308,0.9998356,0.01823792,-0.01268439,0.9997532
Fixation,1.3762,0.0186553,0.05320132,-0.03760098,-0.1992102,-0.2464884,-0.01335473,-0.9483567,0.4728387,-0.3712611,0.7991175,0.08421093,0.05401838,-0.04151722,-0.1860843,-0.0811184,-0.01284013,-0.9790953,0.163624,-0.3623054,0.9175848,0.05050009,0.05267334,-0.1647374,0.006488014,0.009061635,0.01429682,0.9998357,0.01830581,-0.01271479,0.9997516
Fixation,1.3876,0.01867427,0.05320561,-0.03757538,-0.1992098,-0.2465475,-0.01332641,-0.9483418,0.4729321,-0.3712668,0.7990596,0.08422942,0.05402064,-0.04150018,-0.1860813,-0.08117966,-0.01281308,-0.9790912,0.1637331,-0.3623008,0.9175673,0.05051811,0.05267668,-0.1647159,0.006483875,0.009126901,0.01428156,0.9998354,0.018436,-0.01270492,0.9997493
Fixation,1.3992,0.0186943,0.05320859,-0.03755139,-0.1991838,-0.2465491,-0.01329535,-0.9483473,0.4729249,-0.371235,0.7990786,0.08424944,0.05402029,-0.04147704,-0.1860505,-0.08118174,-0.01278691,-0.9790972,0.1637276,-0.362247,0.9175895,0.05053804,0.05267763,-0.1646923,0.006450788,0.009133264,0.01425842,0.9998358,0.01844749,-0.01263901,0.99975
Fixation,1.4095,0.01871067,0.05322945,-0.03756958,-0.1995303,-0.2477957,-0.01323107,-0.9479504,0.475076,-0.3717324,0.7975699,0.08426547,0.05403423,-0.04150241,-0.1860452,-0.0812256,-0.01272433,-0.9790954,0.1637898,-0.362245,0.9175791,0.05055357,0.05269504,-0.1647139,0.006441589,0.009187735,0.01420532,0.9998361,0.01855547,-0.01262004,0.9997482
Fixation,1.4205,0.0187249,0.05323267,-0.03754428,-0.1995332,-0.2477893,-0.01324001,-0.9479513,0.475068,-0.3717341,0.7975739,0.08427975,0.05403829,-0.04147606,-0.1860686,-0.08175374,-0.01273513,-0.9790468,0.1648207,-0.3622575,0.9173896,0.05056792,0.05269873,-0.1646881,0.006446323,0.009179696,0.01421187,0.9998361,0.01853961,-0.01262961,0.9997483
Fixation,1.4355,0.01873656,0.0532378,-0.03752204,-0.1992567,-0.2492486,-0.01319685,-0.9476275,0.4776487,-0.3710636,0.7963439,0.0842908,0.05403745,-0.04146495,-0.1861199,-0.08182786,-0.01267583,-0.9790317,0.1649426,-0.36236,0.9173272,0.0505783,0.05270147,-0.1646714,0.00649519,0.00926419,0.0141635,0.9998357,0.01870932,-0.01272582,0.999744
Fixation,1.4510,0.0187591,0.05325234,-0.03748045,-0.1993082,-0.249315,-0.01318768,-0.9475992,0.4777583,-0.3711528,0.7962366,0.08431278,0.0540514,-0.04143279,-0.1862038,-0.08221688,-0.01266011,-0.9789833,0.1656926,-0.3624991,0.917137,0.0505948,0.05271149,-0.1646445,0.006535207,0.009261394,0.01411558,0.9998361,0.01870425,-0.01280681,0.999743
Fixation,1.4574,0.0187591,0.05325234,-0.03748045,-0.1993082,-0.249315,-0.01318768,-0.9475992,0.4777583,-0.3711528,0.7962366,0.08431278,0.0540514,-0.04143279,-0.1862038,-0.08221688,-0.01266011,-0.9789833,0.1656926,-0.3624991,0.917137,0.05059979,0.05271626,-0.1646345,0.006547554,0.009335936,0.01415559,0.9998348,0.01885416,-0.01282863,0.9997399
Fixation,1.4650,0.0187649,0.05324137,-0.03745589,-0.1993132,-0.2492898,-0.01323244,-0.9476042,0.4777309,-0.3711427,0.7962577,0.0843188,0.0540452,-0.04140375,-0.1862154,-0.0821901,-0.012703,-0.9789827,0.1656564,-0.3625153,0.9171372,0.05060612,0.05270767,-0.1646078,0.006562021,0.00930193,0.01419201,0.9998345,0.01878704,-0.01285784,0.9997408
Fixation,1.4766,0.01876526,0.05322599,-0.03743109,-0.2000634,-0.2504855,-0.01325487,-0.9471304,0.4797884,-0.3723319,0.7944634,0.08431861,0.05403483,-0.04138721,-0.1862409,-0.08225845,-0.01272851,-0.9789718,0.1657985,-0.3625551,0.9170958,0.05060562,0.05269504,-0.164587,0.006590772,0.009365136,0.01422759,0.9998332,0.01891469,-0.01291286,0.9997377
Fixation,1.4874,0.01873673,0.05322289,-0.03745579,-0.2000573,-0.2504463,-0.01321709,-0.9471426,0.4797051,-0.3723452,0.7945074,0.0842904,0.05402601,-0.04140766,-0.1864186,-0.08279718,-0.01269263,-0.9788931,0.1668314,-0.362866,0.9167855,0.05057751,0.05268908,-0.1646096,0.006573573,0.009332488,0.01418541,0.9998342,0.01884838,-0.0128802,0.9997394
Fixation,1.4989,0.01872462,0.0532223,-0.03744171,-0.2003489,-0.2510718,-0.01321623,-0.9469153,0.4807831,-0.3727905,0.7936466,0.08427849,0.05402446,-0.04139039,-0.1864321,-0.08277185,-0.01269051,-0.9788927,0.1667814,-0.3628932,0.9167838,0.05056574,0.052688,-0.164594,0.006586727,0.009308052,0.01417779,0.9998345,0.01879979,-0.01290734,0.9997399
Fixation,1.5098,0.01870899,0.05321372,-0.03742661,-0.2003223,-0.2510571,-0.01321295,-0.9469249,0.4807581,-0.3727459,0.7936826,0.084263,0.05401576,-0.04137323,-0.1864047,-0.08275662,-0.01269169,-0.9788992,0.1667524,-0.3628422,0.9168093,0.05055033,0.05267918,-0.1645779,0.006558752,0.009292443,0.01417813,0.9998348,0.0187678,-0.01285184,0.9997413
Fixation,1.5212,0.01867427,0.05320454,-0.03743847,-0.2003379,-0.2510515,-0.01325746,-0.9469225,0.4807645,-0.3727522,0.7936758,0.08422832,0.05401158,-0.04138329,-0.1867224,-0.08306685,-0.01273091,-0.9788119,0.1673679,-0.3634172,0.9164693,0.05051585,0.05267274,-0.1645889,0.006584696,0.009278903,0.01421561,0.9998342,0.01874194,-0.0129034,0.9997411
Fixation,1.5319,0.01863989,0.05318594,-0.03745969,-0.200482,-0.2513531,-0.0132922,-0.9468114,0.4812976,-0.3729553,0.7932572,0.08419422,0.0539943,-0.04139944,-0.1868101,-0.08302983,-0.01274984,-0.978798,0.1673025,-0.3635815,0.916416,0.050482,0.0526557,-0.1646078,0.006674556,0.009240148,0.01422121,0.9998339,0.01866707,-0.01308408,0.9997401
Fixation,1.5434,0.01862117,0.05316114,-0.03746642,-0.2005872,-0.2513549,-0.01337053,-0.9467876,0.4813233,-0.3731055,0.7931709,0.08417547,0.05397689,-0.04140511,-0.1869275,-0.08303083,-0.01280874,-0.9787747,0.1673256,-0.3637927,0.916328,0.05046343,0.05263567,-0.1646143,0.006798073,0.009232113,0.01427078,0.9998325,0.01865516,-0.01333037,0.9997371
Fixation,1.5542,0.01859934,0.05314064,-0.03746859,-0.2007169,-0.251363,-0.01338157,-0.9467578,0.4813316,-0.3733332,0.7930588,0.08415356,0.05395472,-0.04140899,-0.1872644,-0.08338165,-0.01279672,-0.9786807,0.1680008,-0.36441,0.9159591,0.05044137,0.05261576,-0.1646175,0.006929796,0.009244815,0.01425181,0.9998317,0.01868404,-0.01359375,0.999733
Fixation,1.5651,0.01857945,0.05313814,-0.03752015,-0.2007764,-0.2513537,-0.01345836,-0.9467466,0.4813406,-0.3734032,0.7930204,0.08413375,0.05396032,-0.04145771,-0.1873358,-0.08337088,-0.01286191,-0.9786671,0.1680037,-0.3645342,0.9159092,0.05042184,0.05261815,-0.1646678,0.007007051,0.009223397,0.01430866,0.9998305,0.01864419,-0.01374778,0.9997317
Fixation,1.5764,0.01856097,0.05314338,-0.03754087,-0.2009781,-0.2517764,-0.01351709,-0.9465906,0.4820915,-0.3736814,0.792433,0.08411528,0.05397058,-0.04147705,-0.1874323,-0.08336677,-0.01290451,-0.9786484,0.1680109,-0.3647089,0.9158382,0.05040352,0.05262685,-0.1646881,0.007108058,0.009212963,0.01434278,0.9998295,0.01862668,-0.01394941,0.9997292
Fixation,1.5874,0.01852705,0.05313444,-0.03755414,-0.2009065,-0.251789,-0.01352779,-0.9466023,0.4821237,-0.3735448,0.7924777,0.08408126,0.05396509,-0.04149121,-0.187557,-0.08366021,-0.01292697,-0.9785991,0.1685887,-0.3649234,0.9156467,0.05036954,0.05261886,-0.1647017,0.007040308,0.009220031,0.01437264,0.9998294,0.01863929,-0.01381318,0.9997308
Fixation,1.5987,0.01850346,0.05313909,-0.03756765,-0.2006911,-0.2517224,-0.01352196,-0.9466658,0.4820215,-0.3731672,0.7927179,0.08405811,0.05396676,-0.04149813,-0.1875757,-0.08360644,-0.01291387,-0.9786003,0.1684792,-0.3649638,0.9156507,0.05034664,0.0526222,-0.164712,0.007057421,0.009169608,0.01434869,0.9998301,0.01853863,-0.0138493,0.9997322
Fixation,1.6098,0.0184567,0.05312574,-0.03761483,-0.2006221,-0.2517384,-0.01358815,-0.9466752,0.4820812,-0.3730066,0.7927571,0.08401123,0.0539639,-0.04154521,-0.1875191,-0.0836213,-0.01299123,-0.9786089,0.1685373,-0.364843,0.9156882,0.05029999,0.0526135,-0.164759,0.007005916,0.009169497,0.01443133,0.9998293,0.01853807,-0.01374479,0.9997337
Fixation,1.6211,0.01842716,0.05314207,-0.03763455,-0.200573,-0.2516958,-0.01369565,-0.9466954,0.4820526,-0.3728687,0.7928394,0.08398204,0.05399382,-0.04155611,-0.1874934,-0.08392084,-0.01310697,-0.9785866,0.1691626,-0.3647572,0.915607,0.05027153,0.05263615,-0.1647744,0.00698105,0.009102971,0.0145369,0.9998285,0.01840579,-0.01369505,0.9997368
Fixation,1.6321,0.01838944,0.05316293,-0.03766091,-0.2005508,-0.2524288,-0.01387224,-0.9465023,0.483413,-0.3726401,0.7921182,0.08394457,0.05403912,-0.04157281,-0.1873998,-0.08388446,-0.01330074,-0.9786051,0.1691646,-0.3645494,0.9156894,0.05023507,0.05266798,-0.164796,0.006899926,0.009030743,0.01472708,0.999827,0.01826159,-0.01353147,0.9997417
Fixation,1.6429,0.01835854,0.05320096,-0.03770809,-0.200314,-0.2523376,-0.01389545,-0.9465764,0.4832805,-0.3722124,0.7924001,0.08391444,0.05408347,-0.04160558,-0.1871662,-0.0837887,-0.01336355,-0.9786571,0.1690032,-0.3641036,0.9158965,0.05020583,0.05270672,-0.1648357,0.006665879,0.008921652,0.01478819,0.9998287,0.0180374,-0.01306561,0.9997519
Fixation,1.6541,0.01832943,0.05323923,-0.03773072,-0.2001473,-0.2522077,-0.0139017,-0.9466463,0.4830677,-0.3719251,0.7926647,0.08388641,0.05412328,-0.04160962,-0.1871444,-0.08387464,-0.01339642,-0.9786534,0.1691825,-0.3640517,0.9158841,0.0501788,0.05274391,-0.164849,0.006495129,0.008780158,0.01480864,0.9998307,0.01774971,-0.01272801,0.9997615
Fixation,1.6653,0.01830484,0.0532639,-0.03775286,-0.2000178,-0.2521454,-0.013917,-0.94669,0.4829744,-0.3716915,0.7928311,0.08386235,0.05415142,-0.04162218,-0.1870166,-0.08380951,-0.01343314,-0.978683,0.1690703,-0.3638083,0.9160015,0.05015531,0.05276895,-0.1648662,0.006367176,0.008707476,0.01484208,0.9998317,0.01760102,-0.01247373,0.9997673
Fixation,1.6771,0.0182844,0.05325568,-0.03777109,-0.2000888,-0.2523315,-0.01390282,-0.9466256,0.4832905,-0.3718021,0.7925866,0.08384246,0.05414152,-0.04163141,-0.1869388,-0.08374103,-0.01343227,-0.9787037,0.1689373,-0.3636658,0.9160826,0.05013585,0.05275905,-0.1648799,0.006287045,0.008638971,0.01483442,0.9998329,0.01746158,-0.01231568,0.9997717
Fixation,1.6879,0.01829411,0.05319369,-0.03778769,-0.2001579,-0.2522587,-0.01400851,-0.9466289,0.4831986,-0.3718829,0.7926047,0.08385274,0.05408919,-0.04163606,-0.1870224,-0.08366448,-0.01352337,-0.978693,0.168822,-0.3638121,0.9160458,0.05014691,0.05270278,-0.1648909,0.006377548,0.008548114,0.01490377,0.9998321,0.01728346,-0.01249816,0.9997725
Fixation,1.6985,0.01830385,0.05313516,-0.03779716,-0.2003255,-0.2522007,-0.01412578,-0.9466071,0.4831295,-0.372134,0.792529,0.08386292,0.05403972,-0.04163593,-0.1875142,-0.08375014,-0.01360623,-0.9785905,0.1690169,-0.3647201,0.9156487,0.0501577,0.05265069,-0.1648961,0.006569398,0.008475082,0.01496329,0.9998306,0.01714389,-0.01288294,0.99977
Fixation,1.7098,0.01832235,0.05312431,-0.03779468,-0.2007357,-0.2528033,-0.01409042,-0.9463599,0.4841428,-0.3728122,0.7915913,0.08388183,0.05402124,-0.04162831,-0.1875898,-0.08370002,-0.01355821,-0.978581,0.1689013,-0.364874,0.9156087,0.05017668,0.05263698,-0.1648912,0.006641821,0.00843538,0.01490157,0.9998314,0.01706586,-0.01303,0.9997694
Fixation,1.7207,0.01834237,0.05314875,-0.03778914,-0.2007546,-0.2527946,-0.01394367,-0.9463604,0.4840682,-0.3729227,0.7915849,0.08390194,0.05402637,-0.04162561,-0.1879773,-0.08373852,-0.01340609,-0.9785054,0.1689173,-0.3656284,0.9153048,0.05019626,0.05265164,-0.164887,0.00662422,0.00845607,0.01475588,0.9998335,0.01710482,-0.01299668,0.9997692
Fixation,1.7327,0.01837965,0.05319333,-0.03777388,-0.2007704,-0.252823,-0.01376748,-0.9463521,0.4840473,-0.3730374,0.7915436,0.083939,0.05404913,-0.04161886,-0.1879642,-0.08377102,-0.01323022,-0.9785075,0.1689148,-0.3656322,0.9153037,0.05023245,0.05268538,-0.1648759,0.006598209,0.008519901,0.01459032,0.9998356,0.01722954,-0.01294563,0.9997677
Fixation,1.7442,0.018426,0.05323303,-0.03775199,-0.2004331,-0.2531776,-0.0136951,-0.9463299,0.4846689,-0.372417,0.7914554,0.08398451,0.05408061,-0.04161338,-0.1880043,-0.08388145,-0.01314645,-0.9784914,0.1690977,-0.3657157,0.9152366,0.05027696,0.0527215,-0.164862,0.006634328,0.008644622,0.01452543,0.9998351,0.01747913,-0.01301533,0.9997625
Fixation,1.7549,0.01847969,0.05324244,-0.03773172,-0.2005272,-0.2532715,-0.01367476,-0.9462851,0.4848185,-0.372585,0.7912847,0.08403742,0.05408764,-0.04160681,-0.1880488,-0.08419947,-0.01311291,-0.978456,0.1697027,-0.3657868,0.9150962,0.05032912,0.05273068,-0.1648486,0.006727699,0.008748732,0.01450188,0.999834,0.01768969,-0.01319942,0.9997564
Fixation,1.7653,0.01852607,0.05324411,-0.03775329,-0.2006336,-0.2533113,-0.01376553,-0.9462505,0.4849156,-0.3727255,0.791159,0.08408345,0.0540992,-0.04163204,-0.1881708,-0.08423945,-0.01318423,-0.9784282,0.1698063,-0.366002,0.9149909,0.05037514,0.05273843,-0.1648722,0.006857595,0.008776942,0.0145702,0.9998319,0.01775077,-0.01345712,0.9997519
Fixation,1.7766,0.0185655,0.05323648,-0.03777253,-0.2004325,-0.2535024,-0.01380005,-0.9462415,0.4852809,-0.3723184,0.7911267,0.08412305,0.0540911,-0.04164858,-0.1883144,-0.08421706,-0.01318873,-0.9784024,0.1697636,-0.3662732,0.9148903,0.05041483,0.05273223,-0.1648903,0.007003443,0.008756049,0.01456005,0.9998311,0.01771308,-0.01374954,0.9997486
Fixation,1.7874,0.01860529,0.05324054,-0.03775714,-0.2005306,-0.2535312,-0.01375112,-0.9462137,0.4853044,-0.372517,0.7910188,0.08416259,0.0540874,-0.04163901,-0.1886114,-0.08444052,-0.01312248,-0.9783269,0.1701709,-0.366831,0.9145911,0.05045391,0.05273342,-0.164878,0.007090341,0.008799826,0.01449546,0.9998311,0.01780223,-0.01392317,0.9997446
Fixation,1.7988,0.01863923,0.05324101,-0.03775278,-0.2006486,-0.2535904,-0.01365689,-0.9461742,0.4853619,-0.3727706,0.7908641,0.08419604,0.05407453,-0.04164584,-0.1887143,-0.08450383,-0.01300983,-0.978303,0.170251,-0.3670408,0.9144921,0.0504865,0.05272841,-0.1648792,0.007187338,0.008884221,0.01438905,0.9998312,0.01797228,-0.01411658,0.9997388
Fixation,1.8097,0.01867515,0.05325103,-0.03775407,-0.2003291,-0.2538543,-0.01354922,-0.9461727,0.4858086,-0.3722127,0.7908525,0.08423156,0.05407155,-0.04165658,-0.1887054,-0.08455574,-0.01289834,-0.9783017,0.17031,-0.3670404,0.9144812,0.0505213,0.05273187,-0.164885,0.007170729,0.008955588,0.01428988,0.9998321,0.0181131,-0.0140831,0.9997368
Fixation,1.8216,0.01871219,0.05328119,-0.03773183,-0.2003998,-0.2538184,-0.01345116,-0.9461687,0.4857012,-0.3723957,0.7908323,0.08426888,0.05408657,-0.04163264,-0.1886299,-0.08441748,-0.01278988,-0.9783297,0.1700014,-0.366925,0.9145849,0.05055839,0.05275524,-0.1648621,0.007214918,0.008941753,0.01417249,0.9998336,0.01808504,-0.01417398,0.999736
Fixation,1.8319,0.01873428,0.0532937,-0.03773263,-0.2002594,-0.2539492,-0.0133712,-0.9461645,0.4859109,-0.3721655,0.7908119,0.08428992,0.0540961,-0.04165192,-0.1884821,-0.0845529,-0.0127372,-0.9783471,0.1702456,-0.3666479,0.9146506,0.05057849,0.05276453,-0.1648715,0.007063034,0.00908286,0.01415637,0.9998336,0.01836267,-0.01386656,0.9997352
Fixation,1.8431,0.01876302,0.05326676,-0.0377579,-0.2003,-0.2541384,-0.01337825,-0.946105,0.4862426,-0.3722098,0.7905871,0.08431891,0.05406976,-0.04167289,-0.1884623,-0.08452192,-0.01274735,-0.9783535,0.1701894,-0.3666106,0.9146761,0.0506077,0.05273771,-0.1648947,0.007043128,0.009050171,0.01416211,0.999834,0.01829683,-0.01382758,0.999737
Fixation,1.8543,0.01878616,0.0532347,-0.03778949,-0.200285,-0.2541534,-0.0134998,-0.9461024,0.4863179,-0.3721182,0.790584,0.08434192,0.05405378,-0.04170319,-0.188815,-0.0844378,-0.01286518,-0.9782912,0.1700678,-0.3672595,0.9144383,0.05063111,0.05271363,-0.1649257,0.007058884,0.009041069,0.01428416,0.9998322,0.01828077,-0.01385711,0.9997368
Fixation,1.8658,0.01879583,0.05321252,-0.03781097,-0.2002375,-0.2541431,-0.01357551,-0.9461142,0.4863334,-0.3719948,0.7906325,0.08435168,0.0540421,-0.04172096,-0.1887805,-0.08442558,-0.01294792,-0.9782978,0.1700753,-0.3671808,0.9144685,0.05064127,0.05269635,-0.1649453,0.007029847,0.009013459,0.01436557,0.9998315,0.01822586,-0.01379836,0.9997387
Fixation,1.8766,0.01880462,0.05321693,-0.03782902,-0.1999677,-0.2543836,-0.01362962,-0.9461058,0.4867985,-0.3714469,0.7906038,0.08436057,0.05405319,-0.04173609,-0.1887612,-0.08441371,-0.01300228,-0.9783019,0.1700728,-0.3671358,0.9144871,0.05065044,0.05270386,-0.1649619,0.007014231,0.008991591,0.01441809,0.9998311,0.01818241,-0.01376681,0.9997399
Fixation,1.8880,0.01872241,0.05318713,-0.03782542,-0.1999127,-0.2542857,-0.01363156,-0.9461437,0.4866318,-0.3713597,0.7907474,0.08427916,0.05402255,-0.04171903,-0.1884901,-0.08427907,-0.01301505,-0.9783655,0.1698179,-0.3666306,0.914737,0.0505697,0.05267298,-0.1649517,0.006955007,0.008889034,0.01441404,0.9998325,0.01797559,-0.01365143,0.9997452
Fixation,1.8990,0.01871271,0.05319118,-0.03784283,-0.1998286,-0.2542156,-0.01360171,-0.9461808,0.4865039,-0.3712324,0.7908859,0.08427005,0.05402291,-0.0417273,-0.1883993,-0.0842069,-0.01299962,-0.9783894,0.1696725,-0.3664665,0.9148298,0.05056098,0.05267417,-0.1649645,0.006860512,0.008819347,0.01439235,0.999834,0.01783324,-0.01346488,0.9997503
Fixation,1.9103,0.01870564,0.05319297,-0.03786546,-0.199461,-0.2543477,-0.01359566,-0.9462229,0.4867629,-0.3705531,0.7910451,0.08426335,0.0540216,-0.04174429,-0.1884166,-0.08416002,-0.01298442,-0.9783904,0.1695757,-0.3665044,0.9148326,0.0505545,0.05267477,-0.1649844,0.006876128,0.008776099,0.01436762,0.9998347,0.01774688,-0.0134978,0.9997514
Fixation,1.9210,0.01870431,0.05317616,-0.0378845,-0.199484,-0.2542524,-0.01369148,-0.9462423,0.4866312,-0.3705582,0.7911237,0.0842628,0.05401373,-0.04174833,-0.1884522,-0.08406036,-0.01307368,-0.9783909,0.1694153,-0.3665619,0.9148393,0.05055486,0.05266273,-0.1649962,0.006917466,0.008662047,0.01443433,0.9998344,0.01752092,-0.01358258,0.9997543
Fixation,1.9323,0.01869721,0.0531677,-0.03790221,-0.1994715,-0.254215,-0.01369866,-0.9462548,0.4865693,-0.3705369,0.7911717,0.08425601,0.0540055,-0.04176078,-0.1884297,-0.08399267,-0.01308248,-0.9784009,0.1692873,-0.366522,0.914879,0.05054833,0.05265427,-0.1650114,0.006904866,0.00862204,0.01443683,0.9998348,0.0174406,-0.0135585,0.999756
Fixation,1.9435,0.01869305,0.0531913,-0.03791762,-0.1989792,-0.2544782,-0.01366087,-0.9462883,0.487056,-0.3696305,0.7912962,0.08425197,0.0540235,-0.04177528,-0.188407,-0.08397815,-0.01304142,-0.9784071,0.1692438,-0.3664872,0.9149009,0.05054424,0.05267489,-0.1650263,0.006878542,0.00861487,0.01439557,0.9998356,0.01742495,-0.01350679,0.9997569
Fixation,1.9544,0.01869286,0.05320537,-0.03792653,-0.1989517,-0.2544844,-0.01369163,-0.9462919,0.4870811,-0.3695641,0.7913118,0.08425173,0.05404234,-0.04178403,-0.1883854,-0.08398397,-0.0130766,-0.9784103,0.1692684,-0.3664399,0.9149153,0.0505441,0.05269098,-0.1650351,0.006859258,0.008613911,0.01443271,0.9998353,0.01742298,-0.01346761,0.9997575
Fixation,1.9652,0.01866836,0.05319166,-0.03790689,-0.1987581,-0.2544857,-0.01376112,-0.9463313,0.4871259,-0.3691779,0.7914645,0.08422723,0.05404222,-0.04176137,-0.1883659,-0.08400016,-0.01317733,-0.9784113,0.1693377,-0.3663849,0.9149245,0.05052008,0.05268204,-0.1650136,0.006684539,0.008591927,0.01454611,0.999835,0.01737548,-0.01311691,0.999763
Fixation,1.9763,0.01866321,0.05321324,-0.03790724,-0.1988396,-0.254842,-0.01381313,-0.9462175,0.4877652,-0.3692506,0.7910367,0.08422171,0.05407047,-0.04176657,-0.1884189,-0.08404515,-0.01322099,-0.9783967,0.1694412,-0.3664745,0.9148694,0.05051444,0.05270755,-0.1650165,0.006742318,0.008629128,0.01459328,0.9998336,0.01745217,-0.01323054,0.9997602
Fixation,1.9874,0.01866822,0.05321658,-0.03790203,-0.1988136,-0.2548454,-0.01382262,-0.9462219,0.4877769,-0.3691983,0.791054,0.08422669,0.05407584,-0.04176137,-0.1883949,-0.08404835,-0.01323494,-0.9784008,0.1694527,-0.3664268,0.9148865,0.05051946,0.05271161,-0.1650112,0.006719079,0.008629408,0.01460929,0.9998335,0.01745226,-0.01318378,0.9997607
Fixation,1.9992,0.01866706,0.05322599,-0.03789266,-0.1988031,-0.2548839,-0.01373183,-0.9462151,0.48781,-0.369221,0.791023,0.08422522,0.054075,-0.04175942,-0.1882253,-0.08416665,-0.01314989,-0.9784244,0.1696517,-0.366115,0.9149744,0.05051743,0.05271578,-0.1650054,0.006688378,0.008685471,0.01453316,0.9998343,0.01756247,-0.01312209,0.9997597
Fixation,2.0099,0.01867922,0.05320477,-0.03789504,-0.1984173,-0.2549894,-0.0136713,-0.9462686,0.4880021,-0.36854,0.791222,0.08423739,0.05404341,-0.04176396,-0.1882937,-0.08416708,-0.01307041,-0.9784123,0.1696224,-0.3662575,0.9149228,0.05052926,0.05269003,-0.1650089,0.006751819,0.008701306,0.01445033,0.999835,0.01759487,-0.01324993,0.9997574
Fixation,2.0210,0.018687,0.05319357,-0.03788993,-0.1985217,-0.2550147,-0.01359001,-0.946241,0.4880065,-0.3687675,0.7911133,0.08424496,0.05401993,-0.04176508,-0.1885105,-0.08448892,-0.01297243,-0.9783441,0.1702093,-0.3666642,0.9146508,0.05053625,0.05267382,-0.165007,0.006836611,0.008747982,0.01435258,0.9998354,0.01768933,-0.01341986,0.9997535
Fixation,2.0319,0.01868982,0.05317485,-0.03789496,-0.1985798,-0.2550136,-0.01368281,-0.9462278,0.4880362,-0.3688248,0.7910683,0.08424778,0.05401134,-0.04176797,-0.1885836,-0.08448669,-0.01305357,-0.9783291,0.1702349,-0.366788,0.9145964,0.05053937,0.05266082,-0.1650111,0.006916977,0.008732045,0.01442636,0.9998339,0.01766076,-0.01357971,0.9997518
Fixation,2.0430,0.01868554,0.05314434,-0.03790691,-0.1985854,-0.2550861,-0.01376293,-0.9462059,0.4881942,-0.3687838,0.7909899,0.08424346,0.0539887,-0.04177887,-0.1886854,-0.08448876,-0.01311559,-0.9783085,0.1702616,-0.3669688,0.914519,0.05053523,0.05263531,-0.1650228,0.007025044,0.008724255,0.01448009,0.9998325,0.01764903,-0.01379508,0.9997491
Fixation,2.0550,0.01866857,0.05312765,-0.03792458,-0.1986126,-0.255109,-0.01380034,-0.9461934,0.4882468,-0.3688107,0.7909448,0.0842263,0.05397654,-0.04179882,-0.1891071,-0.08467072,-0.01314429,-0.9782109,0.170623,-0.3677473,0.9141388,0.05051804,0.05262125,-0.1650416,0.007062483,0.008741735,0.01451345,0.9998316,0.01768553,-0.01386884,0.9997474
Fixation,2.0654,0.01866754,0.05313122,-0.03793176,-0.1986774,-0.2550755,-0.01384647,-0.9461882,0.4882008,-0.3689086,0.7909276,0.08422554,0.05398345,-0.04180079,-0.1891777,-0.08463581,-0.01317801,-0.9781998,0.1705674,-0.3678766,0.9140971,0.05051759,0.05262721,-0.1650464,0.007136256,0.008702148,0.01453492,0.9998311,0.01760881,-0.01401713,0.9997467
Fixation,2.0763,0.01866489,0.05313921,-0.03793685,-0.1987314,-0.254965,-0.01392192,-0.9462056,0.488032,-0.3689823,0.7909974,0.08422296,0.05400145,-0.04180231,-0.1891654,-0.08462366,-0.01325786,-0.9782022,0.170574,-0.3678402,0.9141105,0.05051539,0.05263996,-0.1650498,0.007129624,0.008675428,0.01461187,0.9998302,0.01755626,-0.0140033,0.9997478
Fixation,2.0878,0.0186733,0.05313265,-0.03795872,-0.1987482,-0.2550005,-0.0138363,-0.9461937,0.4880596,-0.3690521,0.7909478,0.08423109,0.05398464,-0.04183125,-0.1893445,-0.08431609,-0.01316689,-0.9781954,0.1699414,-0.3682114,0.914079,0.05052297,0.05262828,-0.1650751,0.007127027,0.008728785,0.01453338,0.9998309,0.01766178,-0.01399793,0.999746
Fixation,2.0991,0.01866917,0.05314088,-0.0379652,-0.1987755,-0.2549778,-0.0138116,-0.9461945,0.4880079,-0.3691172,0.7909493,0.08422714,0.05398846,-0.04183555,-0.1893664,-0.08429315,-0.01313756,-0.9781935,0.1698857,-0.3682591,0.9140701,0.05051903,0.0526346,-0.1650805,0.007146728,0.008711834,0.01449883,0.9998314,0.01762797,-0.01403842,0.9997461
Fixation,2.1098,0.0186653,0.05313492,-0.03797565,-0.1995566,-0.2545689,-0.01380312,-0.9461403,0.4872249,-0.3705894,0.7907436,0.08422345,0.05398154,-0.04184305,-0.1893885,-0.08426946,-0.01313499,-0.9781913,0.1698385,-0.3683026,0.9140613,0.05051546,0.05262852,-0.1650896,0.007168597,0.008689234,0.01449034,0.9998316,0.01758329,-0.01408296,0.9997462
Fixation,2.1210,0.01866007,0.053141,-0.0379851,-0.1995631,-0.2545607,-0.01383096,-0.9461407,0.4872209,-0.3705879,0.7907468,0.0842183,0.05399072,-0.04185072,-0.1894593,-0.08452971,-0.01316208,-0.9781548,0.1703536,-0.3684159,0.9139198,0.05051045,0.05263615,-0.1650982,0.007181418,0.008675887,0.01451359,0.9998313,0.0175573,-0.01410858,0.9997463
Fixation,2.1319,0.01865247,0.05314159,-0.037979,-0.1993982,-0.2545533,-0.01386702,-0.9461769,0.4872351,-0.3702721,0.790886,0.08421077,0.05399978,-0.04184151,-0.1893021,-0.08452058,-0.01322643,-0.9781851,0.1703611,-0.3681092,0.914042,0.05050329,0.05263937,-0.1650903,0.007026441,0.008652909,0.01458654,0.9998315,0.01750788,-0.01379808,0.9997515
Fixation,2.1436,0.01865431,0.05316138,-0.03798448,-0.1996144,-0.2544842,-0.01390595,-0.9461493,0.4871117,-0.3706523,0.7907838,0.08421265,0.05402339,-0.04184546,-0.1893591,-0.08451384,-0.01325789,-0.9781742,0.1703595,-0.3682114,0.9140011,0.05050531,0.05266166,-0.1650951,0.007086636,0.008641332,0.01461196,0.9998308,0.01748684,-0.01391834,0.9997502
Fixation,2.1545,0.01864931,0.05317867,-0.03798836,-0.1995827,-0.254528,-0.01387623,-0.9461447,0.4871795,-0.3706045,0.7907645,0.0842073,0.05403888,-0.04185571,-0.1893243,-0.08455928,-0.01323463,-0.9781774,0.1704392,-0.3681472,0.9140121,0.05049961,0.05267763,-0.165102,0.007050219,0.008689912,0.01460006,0.9998308,0.01758275,-0.01384431,0.9997495
Fixation,2.1651,0.01864282,0.05316496,-0.03800576,-0.1995934,-0.254551,-0.01387902,-0.9461362,0.4872201,-0.3706191,0.7907326,0.08420062,0.05402589,-0.04187617,-0.1894455,-0.08452269,-0.01323413,-0.978157,0.1703672,-0.3683778,0.9139326,0.05049279,0.0526644,-0.165121,0.007062681,0.008713271,0.01460463,0.9998305,0.01762988,-0.01386846,0.9997484
Fixation,2.1769,0.0186361,0.05314684,-0.03801453,-0.1995511,-0.2546364,-0.01388548,-0.9461221,0.4873759,-0.370528,0.7906793,0.0841932,0.05401182,-0.04189582,-0.1894079,-0.08461035,-0.01324875,-0.9781566,0.1705432,-0.3682992,0.9139315,0.05048494,0.05264783,-0.1651349,0.00702694,0.008796549,0.01463781,0.9998295,0.01779582,-0.01379396,0.9997465
Fixation,2.1877,0.0186335,0.05314815,-0.03801066,-0.2001557,-0.2545797,-0.01387012,-0.9460098,0.4872222,-0.3716365,0.7902537,0.08419045,0.05401218,-0.04189474,-0.1894291,-0.08462934,-0.01323697,-0.978151,0.1705755,-0.36834,0.913909,0.05048202,0.0526489,-0.1651325,0.007047884,0.008817747,0.01462821,0.9998293,0.01783868,-0.01383539,0.9997451
Fixation,2.1987,0.01863343,0.05315769,-0.03800239,-0.2001104,-0.2545595,-0.01391749,-0.9460241,0.487209,-0.3715329,0.7903106,0.08419053,0.05402827,-0.04188222,-0.1893915,-0.08460753,-0.01329135,-0.9781594,0.1705538,-0.3682611,0.9139448,0.05048246,0.0526613,-0.1651221,0.007013518,0.008785754,0.01468025,0.9998291,0.01777443,-0.01376668,0.9997472
Fixation,2.2096,0.0185901,0.05313408,-0.03792495,-0.2000716,-0.2546126,-0.01393724,-0.9460177,0.4873129,-0.3714453,0.7902876,0.08414678,0.05400956,-0.04181106,-0.1892781,-0.08449443,-0.01331814,-0.9781907,0.170345,-0.3680496,0.914069,0.0504385,0.05263972,-0.1650476,0.00698272,0.008833814,0.01471891,0.9998283,0.01787015,-0.01370299,0.9997464
Fixation,2.2208,0.01859597,0.05313659,-0.03792411,-0.2001188,-0.2547392,-0.01390806,-0.9459741,0.4875199,-0.3715285,0.7901208,0.08415303,0.05400777,-0.04180483,-0.1892454,-0.08444867,-0.01329396,-0.9782014,0.1702473,-0.367995,0.9141092,0.05044494,0.05263972,-0.1650441,0.006946959,0.008792613,0.01468919,0.9998294,0.01778631,-0.01363323,0.9997489
Fixation,2.2321,0.01858741,0.05312681,-0.03790747,-0.2001642,-0.2547507,-0.01388457,-0.9459617,0.4875273,-0.3716211,0.7900727,0.08414435,0.0539943,-0.04179066,-0.1892868,-0.08446122,-0.01326297,-0.9781927,0.1702597,-0.3680774,0.9140736,0.05043606,0.05262864,-0.1650287,0.006986798,0.008811231,0.0146581,0.9998294,0.01782428,-0.0137129,0.9997471
Fixation,2.2431,0.01856323,0.05308902,-0.03788609,-0.2002961,-0.2547614,-0.01390197,-0.9459307,0.4875423,-0.3718491,0.7899562,0.08412008,0.05395567,-0.0417712,-0.1896875,-0.08437151,-0.01325334,-0.9781229,0.1700794,-0.368839,0.9138002,0.05041163,0.0525918,-0.1650085,0.007122455,0.008825532,0.0146446,0.9998285,0.01785665,-0.01398397,0.9997427
Fixation,2.2541,0.01854524,0.05304646,-0.03786097,-0.2004979,-0.2548043,-0.01392034,-0.9458761,0.4876085,-0.3721984,0.7897508,0.08410195,0.05391395,-0.04174834,-0.1897756,-0.08438837,-0.01325792,-0.9781044,0.1701133,-0.3690031,0.9137276,0.05039339,0.05255067,-0.1649847,0.007212534,0.008842569,0.01464576,0.9998276,0.01789336,-0.01416357,0.9997396
Fixation,2.2656,0.01854116,0.05300152,-0.03783548,-0.2007106,-0.2548132,-0.01394284,-0.9458283,0.4876159,-0.3725699,0.789571,0.08409777,0.05386662,-0.04172496,-0.190068,-0.08443812,-0.01324209,-0.9780435,0.1702021,-0.3695532,0.9134887,0.05038901,0.0525068,-0.1649606,0.00742943,0.00885822,0.01461707,0.9998263,0.01793056,-0.01459732,0.9997327
Fixation,2.2765,0.01853842,0.05296361,-0.03780984,-0.2008279,-0.2548619,-0.01399624,-0.9457895,0.487713,-0.3727476,0.7894271,0.08409461,0.05383372,-0.04170524,-0.1901948,-0.08448811,-0.01327456,-0.9780141,0.1703106,-0.3697833,0.9133754,0.05038562,0.05247271,-0.1649381,0.007561496,0.008903403,0.01464882,0.9998245,0.01802521,-0.01485949,0.9997271
Fixation,2.2881,0.01851353,0.05293369,-0.03777836,-0.2011165,-0.2550018,-0.01406757,-0.9456894,0.4879635,-0.3732129,0.7890525,0.08406967,0.05380988,-0.0416734,-0.1903324,-0.08449264,-0.013324,-0.9779863,0.1703373,-0.3700334,0.9132691,0.05036079,0.0524472,-0.1649067,0.007705136,0.008900767,0.01468806,0.9998228,0.01802473,-0.01514607,0.9997228
Fixation,2.2988,0.01850284,0.05290484,-0.03775363,-0.2012251,-0.2550608,-0.01410156,-0.9456499,0.4880716,-0.3733835,0.7889048,0.08405846,0.05378413,-0.0416564,-0.1906807,-0.08448078,-0.01333575,-0.9779193,0.1703165,-0.3706875,0.9130077,0.05034925,0.05242121,-0.1648859,0.007824397,0.008959687,0.0147055,0.9998211,0.01814629,-0.01538248,0.999717
Fixation,2.3100,0.01849477,0.05286467,-0.03773139,-0.2012718,-0.2550901,-0.01414839,-0.9456313,0.4881377,-0.3734396,0.7888374,0.08405015,0.05374956,-0.04163717,-0.1907358,-0.08451052,-0.01337394,-0.9779055,0.1703884,-0.3707827,0.9129556,0.05034088,0.05238438,-0.1648653,0.007883752,0.00898281,0.01474439,0.9998199,0.01819487,-0.01549977,0.9997143
Fixation,2.3213,0.01848773,0.05285263,-0.03770623,-0.2014162,-0.2549872,-0.01427799,-0.9456264,0.4879968,-0.3736475,0.7888261,0.08404325,0.05375123,-0.04160667,-0.1908475,-0.08448908,-0.01348623,-0.9778839,0.1703887,-0.3709746,0.9128776,0.05033449,0.0523802,-0.1648377,0.008005371,0.008942703,0.01484235,0.9998178,0.01811978,-0.01574236,0.9997119
Fixation,2.3325,0.01844171,0.05282223,-0.03768184,-0.2014816,-0.2549538,-0.0142385,-0.945622,0.4879175,-0.3737905,0.7888075,0.0839975,0.0537132,-0.04157935,-0.191066,-0.08450587,-0.01343394,-0.9778405,0.1704001,-0.3713937,0.9127051,0.05028871,0.05234659,-0.164812,0.008058688,0.008919845,0.01478234,0.9998184,0.0180747,-0.01585074,0.999711
Fixation,2.3435,0.01842138,0.0527916,-0.03766371,-0.2015869,-0.2549146,-0.01425738,-0.9456099,0.4878477,-0.3739763,0.7887626,0.08397748,0.05368114,-0.04155627,-0.191172,-0.08446576,-0.01343359,-0.9778233,0.1703214,-0.3715955,0.9126377,0.05026889,0.05231655,-0.1647917,0.008165713,0.008881842,0.01476687,0.9998181,0.01800162,-0.01606614,0.9997089
Fixation,2.3543,0.01840127,0.0527699,-0.03765138,-0.2017041,-0.2546861,-0.01438199,-0.9456446,0.4874868,-0.374155,0.788901,0.0839579,0.05367267,-0.04153226,-0.1912336,-0.08439679,-0.01354957,-0.9778156,0.1702313,-0.3716953,0.9126138,0.05025013,0.052302,-0.1647738,0.008236007,0.008793443,0.01486333,0.999817,0.0178285,-0.0162076,0.9997097
Fixation,2.3650,0.01838203,0.05274069,-0.03763848,-0.2016682,-0.2546501,-0.01438582,-0.9456618,0.4874282,-0.3740931,0.7889665,0.08393894,0.05364382,-0.04151421,-0.1912309,-0.08431521,-0.01355859,-0.977823,0.1700764,-0.3716936,0.9126434,0.05023145,0.05227244,-0.1647583,0.0081994,0.008754348,0.01486863,0.9998175,0.01774933,-0.01613548,0.9997123
Fixation,2.3763,0.01834893,0.05272412,-0.03764082,-0.2017148,-0.2545991,-0.01445468,-0.9456646,0.4873621,-0.3741487,0.7889809,0.08390625,0.05363333,-0.04150829,-0.1912869,-0.08426179,-0.01361765,-0.9778159,0.1699948,-0.3717918,0.9126186,0.05019929,0.05225956,-0.1647568,0.008259881,0.00869163,0.01491258,0.9998169,0.01762643,-0.01625751,0.9997125
Fixation,2.3904,0.01833156,0.05272698,-0.03763716,-0.2017964,-0.2545008,-0.01451544,-0.9456728,0.4872072,-0.3742784,0.7890151,0.08388913,0.05364454,-0.0414983,-0.1912441,-0.08422718,-0.01368826,-0.9778262,0.1699547,-0.3717012,0.9126629,0.05018266,0.05226612,-0.16475,0.0082212,0.008643937,0.01497853,0.9998167,0.01753099,-0.01618044,0.9997154
Fixation,2.4051,0.01831635,0.05273819,-0.03763801,-0.2017589,-0.2544921,-0.01453677,-0.9456828,0.4872034,-0.3742009,0.7890542,0.083874,0.0536592,-0.04149717,-0.1914069,-0.08408605,-0.01371258,-0.9778062,0.1696891,-0.3720116,0.9125859,0.05016771,0.05227864,-0.1647498,0.00818878,0.008629079,0.01500621,0.9998167,0.01750076,-0.01611558,0.9997169
Fixation,2.4111,0.01831811,0.05272758,-0.03762694,-0.2016495,-0.2543901,-0.01449412,-0.9457342,0.4870162,-0.3740394,0.7892463,0.08387661,0.05364311,-0.04147287,-0.1912879,-0.08398091,-0.01368877,-0.9778388,0.1694766,-0.3717982,0.9127123,0.05017089,0.05226409,-0.1647321,0.008064388,0.008528063,0.01497215,0.999819,0.01729452,-0.01587049,0.9997244
Fixation,2.4206,0.01830943,0.05274701,-0.03762632,-0.2017372,-0.2545633,-0.01443483,-0.9456698,0.4872898,-0.3742043,0.7889993,0.08386815,0.0536561,-0.04147002,-0.1912147,-0.08395576,-0.0136422,-0.977856,0.1694105,-0.3716702,0.9127767,0.05016243,0.05227959,-0.1647302,0.007986122,0.008510768,0.0149272,0.9998205,0.0172569,-0.01571529,0.9997276
Fixation,2.4319,0.01831499,0.05275798,-0.03762685,-0.2016071,-0.2545425,-0.01444168,-0.945703,0.4872663,-0.3739689,0.7891254,0.08387389,0.05367076,-0.04146666,-0.1910866,-0.08393344,-0.01367162,-0.9778826,0.169379,-0.3714254,0.9128822,0.05016847,0.05229104,-0.1647286,0.007857737,0.008481497,0.01496125,0.9998212,0.01719509,-0.01545888,0.9997326
Fixation,2.4435,0.01832543,0.052724,-0.03762396,-0.2016861,-0.254688,-0.01441134,-0.9456475,0.4875032,-0.3741071,0.7889135,0.08388397,0.05363441,-0.04147027,-0.1913453,-0.08387966,-0.0136404,-0.977837,0.1692613,-0.3719207,0.9127024,0.05017819,0.05225575,-0.1647289,0.007845304,0.008530937,0.01494345,0.9998212,0.01729329,-0.01543284,0.9997314
Fixation,2.4539,0.01834795,0.05269539,-0.03761939,-0.2016624,-0.2546921,-0.01445494,-0.9456508,0.4875296,-0.3740413,0.7889284,0.08390646,0.05361199,-0.04146492,-0.1913294,-0.08388307,-0.01368754,-0.9778391,0.169286,-0.3718825,0.9127133,0.05020084,0.05223,-0.1647239,0.007832776,0.008525399,0.01499143,0.9998206,0.01728259,-0.01540713,0.999732
Fixation,2.4657,0.01836157,0.05267656,-0.0376164,-0.2017008,-0.254755,-0.01445535,-0.9456256,0.4876371,-0.3741018,0.7888333,0.08391955,0.05359399,-0.04147057,-0.1913698,-0.08394819,-0.01368182,-0.9778258,0.16941,-0.3719554,0.9126607,0.05021352,0.052212,-0.1647252,0.007874344,0.008591254,0.01499492,0.9998196,0.01741556,-0.0154882,0.9997284
Fixation,2.4762,0.01836652,0.05265832,-0.03761093,-0.2016861,-0.2547998,-0.01447393,-0.9456164,0.4877241,-0.3740594,0.7887996,0.08392414,0.05357969,-0.04147045,-0.1914005,-0.08402952,-0.01370292,-0.9778125,0.1695757,-0.3720047,0.9126098,0.05021792,0.05219555,-0.1647223,0.007866708,0.008632293,0.015025,0.9998189,0.01749785,-0.01547117,0.9997272
Fixation,2.4874,0.01837065,0.05262494,-0.03760472,-0.2019701,-0.2546617,-0.01452789,-0.9455921,0.4874806,-0.3745633,0.788711,0.08392834,0.05355334,-0.04146134,-0.1914081,-0.08401805,-0.01376008,-0.9778112,0.1695752,-0.3720098,0.9126078,0.05022241,0.05216587,-0.1647147,0.007878576,0.008610584,0.01507834,0.9998182,0.01745563,-0.01549462,0.9997275
Fixation,2.4991,0.01837679,0.05261576,-0.03760596,-0.202019,-0.25466,-0.0144818,-0.9455829,0.4874555,-0.3746755,0.7886732,0.0839345,0.05353701,-0.04146393,-0.1914486,-0.0840173,-0.01370608,-0.9778041,0.1695529,-0.3720953,0.9125771,0.05022834,0.05215335,-0.1647167,0.007915596,0.008620348,0.01502233,0.9998187,0.01747539,-0.01556933,0.9997261
Fixation,2.5095,0.01838141,0.05261409,-0.0376105,-0.2020911,-0.2547152,-0.01446896,-0.9455528,0.4875415,-0.3748048,0.7885587,0.08393866,0.05353332,-0.04147667,-0.1916357,-0.0842877,-0.0136814,-0.9777445,0.1700674,-0.3724351,0.9123427,0.05023204,0.05215156,-0.1647253,0.007986933,0.008682668,0.01500352,0.9998178,0.01760184,-0.01571042,0.9997216
Fixation,2.5210,0.01838458,0.05261207,-0.03760456,-0.2020692,-0.2546826,-0.01448492,-0.9455659,0.4874924,-0.3747614,0.7886096,0.0839421,0.05353308,-0.04146582,-0.1916155,-0.08425373,-0.01370063,-0.9777511,0.1700089,-0.3723959,0.9123696,0.05023576,0.05215025,-0.164717,0.007967368,0.008645341,0.01501756,0.9998181,0.01752684,-0.01567217,0.9997236
Fixation,2.5320,0.01838595,0.05259871,-0.03762962,-0.2022866,-0.2548056,-0.01454497,-0.9454854,0.4877144,-0.3751058,0.7883084,0.0839434,0.05352926,-0.04148971,-0.1915712,-0.0842594,-0.01377239,-0.9777582,0.1700474,-0.3722996,0.9124017,0.05023734,0.05214107,-0.1647414,0.007927824,0.008637104,0.01509218,0.9998174,0.01751035,-0.01559205,0.9997251
Fixation,2.5430,0.01838101,0.05258453,-0.03762782,-0.2022617,-0.2547563,-0.0146405,-0.9455026,0.4876679,-0.3750183,0.7883789,0.08393885,0.0535264,-0.04147866,-0.1916682,-0.08435193,-0.01387002,-0.9777299,0.1702637,-0.3724594,0.9122961,0.05023348,0.05213237,-0.1647351,0.007923977,0.008567183,0.01517917,0.9998167,0.01737178,-0.01558496,0.9997276
Fixation,2.5541,0.01837281,0.05257452,-0.03762582,-0.2022399,-0.2546591,-0.01465699,-0.9455332,0.4875057,-0.374984,0.7884955,0.08393143,0.05351639,-0.04146313,-0.191646,-0.08425134,-0.01388904,-0.9777427,0.1700758,-0.3724206,0.912347,0.05022674,0.05212212,-0.1647265,0.00790129,0.008464139,0.01518082,0.9998177,0.01716509,-0.01554272,0.9997318
Fixation,2.5652,0.01837004,0.05256903,-0.03760829,-0.2022439,-0.2548484,-0.01470002,-0.9454806,0.4878544,-0.3749429,0.7882994,0.08392911,0.05351555,-0.04143675,-0.1916169,-0.08419248,-0.01393645,-0.9777527,0.1699798,-0.3723612,0.9123892,0.05022497,0.05211866,-0.1647046,0.007874362,0.008396953,0.01521851,0.9998179,0.01703052,-0.01549028,0.999735
Fixation,2.5761,0.0183656,0.05255377,-0.03759658,-0.202226,-0.2548027,-0.01475023,-0.945496,0.4877956,-0.3748909,0.7883605,0.08392504,0.05350578,-0.04141752,-0.1916573,-0.08420304,-0.01398835,-0.9777431,0.1700198,-0.3724275,0.9123546,0.05022139,0.05210602,-0.1646892,0.007866488,0.008339886,0.01526149,0.9998178,0.01691684,-0.01547555,0.9997371
Fixation,2.5872,0.01836538,0.05252552,-0.03759741,-0.2022409,-0.2547433,-0.01476082,-0.9455087,0.4876944,-0.3749206,0.788409,0.08392529,0.05347693,-0.04141028,-0.1916717,-0.08414175,-0.01399552,-0.9777455,0.1699035,-0.3724571,0.9123642,0.05022203,0.05207765,-0.1646862,0.007880735,0.008278323,0.01525612,0.9998183,0.0167941,-0.01550602,0.9997388
Fixation,2.5987,0.01837405,0.05247498,-0.03759664,-0.2023981,-0.2547208,-0.0147942,-0.9454806,0.4876557,-0.3751901,0.7883047,0.08393435,0.05342674,-0.04140287,-0.1917713,-0.0840919,-0.01401144,-0.97773,0.1698123,-0.3726446,0.9123046,0.0502314,0.0520283,-0.1646824,0.007982342,0.008227652,0.0152552,0.9998179,0.01669585,-0.01571075,0.9997372
Fixation,2.6096,0.01835861,0.05238223,-0.03760402,-0.2025398,-0.2546861,-0.01497341,-0.9454567,0.4876548,-0.3753583,0.7882252,0.08391912,0.05335212,-0.04140191,-0.1920098,-0.0840608,-0.01416179,-0.9776838,0.1698081,-0.3730689,0.912132,0.05021693,0.05194628,-0.164686,0.008165374,0.008164963,0.01538385,0.999815,0.01657813,-0.01607651,0.9997333
Fixation,2.6206,0.01837734,0.05233848,-0.03759136,-0.2026534,-0.2546496,-0.0149676,-0.9454424,0.4875795,-0.3755713,0.7881703,0.08393815,0.05330384,-0.04138537,-0.1921198,-0.0840239,-0.01413569,-0.9776657,0.1697261,-0.3732824,0.9120599,0.05023602,0.05190146,-0.1646717,0.008274629,0.008134962,0.01534337,0.9998149,0.01652083,-0.01629656,0.9997307
Fixation,2.6318,0.01839916,0.05234873,-0.03757495,-0.2026933,-0.2546605,-0.01479748,-0.9454335,0.4875279,-0.3757295,0.7881269,0.08395969,0.05329132,-0.04137937,-0.1921819,-0.08406761,-0.01395222,-0.9776524,0.1697405,-0.3734283,0.9119975,0.05025655,0.05190122,-0.1646604,0.008324524,0.008212747,0.01516713,0.9998166,0.016675,-0.01639687,0.9997265
Fixation,2.6430,0.01841903,0.05237567,-0.03757394,-0.2027078,-0.2547,-0.01452231,-0.9454241,0.4874866,-0.375892,0.7880749,0.08397931,0.05328429,-0.041391,-0.1920273,-0.08428352,-0.01368179,-0.977668,0.1700572,-0.3731716,0.9120436,0.05027483,0.05191112,-0.1646654,0.008273032,0.008307149,0.01491022,0.9998201,0.01685801,-0.01629536,0.9997251
Fixation,2.6541,0.01844478,0.05240583,-0.03756902,-0.2027196,-0.2547805,-0.01433466,-0.9454027,0.4875521,-0.3759989,0.7879834,0.08400445,0.05329263,-0.04140184,-0.19201,-0.08436959,-0.01349585,-0.9776666,0.1701533,-0.3731663,0.9120278,0.05029874,0.05193019,-0.1646681,0.008242682,0.008426011,0.0147452,0.9998218,0.0170921,-0.01623394,0.9997221
Fixation,2.6651,0.0184819,0.05242169,-0.03755271,-0.2024394,-0.2550635,-0.01431259,-0.9453868,0.4880621,-0.3754658,0.7879218,0.08404088,0.05330706,-0.04139739,-0.1920252,-0.08445576,-0.01346777,-0.9776565,0.1703097,-0.3731946,0.9119871,0.05033455,0.05194557,-0.1646576,0.008257397,0.008516388,0.01473251,0.9998211,0.01727303,-0.01626091,0.9997185
Fixation,2.6763,0.01850696,0.05242217,-0.03755129,-0.2024444,-0.2551121,-0.01438401,-0.9453714,0.4881753,-0.3754312,0.7878682,0.08406554,0.05331779,-0.04140059,-0.1919542,-0.08455598,-0.01353908,-0.9776608,0.1705319,-0.3730426,0.9120077,0.05035919,0.05195129,-0.1646585,0.008282624,0.008552116,0.01480872,0.9998195,0.01734645,-0.01630897,0.9997165
Fixation,2.6873,0.01849383,0.05242324,-0.03758161,-0.2024383,-0.2551762,-0.01451239,-0.9453535,0.4883392,-0.3753451,0.7878077,0.08405186,0.05333686,-0.04143598,-0.1919723,-0.08461994,-0.0136672,-0.9776499,0.1707048,-0.3730503,0.9119722,0.05034563,0.05196142,-0.1646913,0.008311774,0.008591909,0.01494478,0.9998168,0.01742911,-0.01636369,0.9997142
Fixation,2.6985,0.01850166,0.05242538,-0.03758708,-0.20233,-0.2552752,-0.01455234,-0.9453494,0.4885372,-0.3751153,0.7877944,0.08406004,0.05334187,-0.04143479,-0.1920033,-0.08457417,-0.01369923,-0.9776473,0.170628,-0.3731059,0.9119639,0.05035418,0.05196524,-0.1646936,0.008345037,0.008541315,0.01496543,0.9998167,0.01732927,-0.01643137,0.9997148
Fixation,2.7097,0.01850347,0.05242908,-0.03760379,-0.2023713,-0.2553649,-0.01449019,-0.9453173,0.4886664,-0.3752096,0.7876693,0.08406112,0.05333924,-0.04146538,-0.1920368,-0.08466786,-0.0136317,-0.9776336,0.1707839,-0.373175,0.9119064,0.05035444,0.05196619,-0.1647171,0.008375436,0.008646633,0.01491411,0.9998163,0.01753991,-0.01648988,0.9997102
Fixation,2.7208,0.01850236,0.05244946,-0.03763791,-0.202375,-0.2553387,-0.0144965,-0.9453235,0.4886228,-0.3752166,0.787693,0.08406022,0.05335951,-0.04149587,-0.1920188,-0.08477712,-0.0136382,-0.9776276,0.1709985,-0.3731333,0.9118832,0.05035372,0.05198658,-0.1647495,0.008379294,0.008618998,0.014914,0.9998165,0.01748477,-0.01649842,0.999711
Fixation,2.7317,0.0184873,0.05247235,-0.03767371,-0.2021234,-0.2554466,-0.01438866,-0.9453498,0.4887894,-0.3748036,0.7877862,0.08404495,0.05337143,-0.04153784,-0.1919196,-0.08480825,-0.01354456,-0.9776457,0.1710238,-0.3729613,0.9119489,0.05033794,0.05200303,-0.1647881,0.008271804,0.008665489,0.01483529,0.9998182,0.01757326,-0.01628349,0.9997129
Fixation,2.7431,0.01846778,0.05249882,-0.03768624,-0.2020154,-0.2554257,-0.01428869,-0.94538,0.4887218,-0.3746632,0.787895,0.08402564,0.0533874,-0.04154946,-0.1917949,-0.08478766,-0.01346498,-0.977673,0.1709542,-0.3727421,0.9120515,0.05031848,0.05202305,-0.1647999,0.008138759,0.008658024,0.01476267,0.9998204,0.01755324,-0.01601896,0.9997176
Fixation,2.7544,0.01843652,0.05251229,-0.03770119,-0.2019502,-0.2553098,-0.01432277,-0.9454247,0.4885374,-0.3745439,0.7880661,0.08399532,0.05340374,-0.04154761,-0.1915951,-0.08468609,-0.01351053,-0.9777203,0.1707757,-0.3723646,0.9122391,0.05028908,0.05203724,-0.1648066,0.008076394,0.008530295,0.01478799,0.9998217,0.01729642,-0.01589761,0.999724
Fixation,2.7658,0.0184013,0.05250156,-0.03774063,-0.2019328,-0.2550873,-0.01444016,-0.9454867,0.4881952,-0.3744825,0.7883072,0.08396046,0.0534097,-0.04157709,-0.1915023,-0.08463704,-0.01364725,-0.9777409,0.1707331,-0.372169,0.9123269,0.05025507,0.05203366,-0.164841,0.007991661,0.008455435,0.01491976,0.999821,0.01714631,-0.01572816,0.9997293
Fixation,2.7762,0.01836927,0.05247176,-0.03776259,-0.201899,-0.2550206,-0.01464571,-0.9455087,0.4881624,-0.3743245,0.7884026,0.08392893,0.05340481,-0.04158451,-0.1915014,-0.08456489,-0.01385485,-0.9777444,0.1706722,-0.3721355,0.912352,0.05022479,0.05201626,-0.164856,0.008005432,0.008346111,0.01510994,0.999819,0.01693112,-0.01575575,0.9997325
Fixation,2.7871,0.01832124,0.05241537,-0.03777964,-0.2017471,-0.2549744,-0.01476585,-0.9455518,0.488141,-0.3739948,0.7885723,0.08388124,0.05336618,-0.04159115,-0.191212,-0.08468275,-0.01400225,-0.9777887,0.1709585,-0.3715584,0.9125336,0.05017804,0.05196714,-0.1648677,0.007882027,0.008267911,0.01525192,0.9998184,0.01677325,-0.01550899,0.9997391
Fixation,2.7986,0.01829357,0.05238831,-0.03779754,-0.2017996,-0.254959,-0.01490523,-0.9455425,0.4881649,-0.3740198,0.7885456,0.08385429,0.05335295,-0.04159323,-0.1912765,-0.08458418,-0.01413041,-0.9777828,0.1708155,-0.3716634,0.9125176,0.05015215,0.05194771,-0.1648781,0.007955772,0.008148079,0.01535456,0.9998173,0.01653749,-0.01565842,0.9997406
Fixation,2.8098,0.01825768,0.05235982,-0.0378313,-0.20181,-0.2549035,-0.01495669,-0.9455545,0.4880872,-0.3740197,0.7885938,0.08381883,0.05332923,-0.04161833,-0.1911745,-0.08469385,-0.01418109,-0.9777925,0.1710481,-0.3714559,0.9125585,0.05011722,0.05192173,-0.1649077,0.00797578,0.00808228,0.01538989,0.9998171,0.0164071,-0.01569987,0.9997422
Fixation,2.8208,0.01823297,0.05233145,-0.0378314,-0.2017831,-0.254812,-0.0150192,-0.9455839,0.4879535,-0.3739515,0.7887088,0.08379484,0.05330694,-0.04160442,-0.1911552,-0.0845984,-0.01424638,-0.9778036,0.1708878,-0.3714141,0.9126056,0.05009406,0.0518961,-0.1649009,0.007959659,0.007975859,0.01543769,0.9998173,0.01619456,-0.01567015,0.9997461
Fixation,2.8327,0.01820667,0.05229592,-0.03783787,-0.2020823,-0.2547543,-0.01505751,-0.9455349,0.4878439,-0.3744798,0.788526,0.08376861,0.05327332,-0.04160903,-0.1912702,-0.08458615,-0.01426696,-0.9777818,0.1708713,-0.3716276,0.9125218,0.05006795,0.05186284,-0.1649067,0.008077946,0.007961677,0.0154471,0.9998164,0.01616999,-0.01590695,0.9997427
Fixation,2.8428,0.01817518,0.05228615,-0.03783985,-0.2021738,-0.2547234,-0.01514186,-0.9455223,0.4878159,-0.3746058,0.7884834,0.08373734,0.05327106,-0.04160533,-0.191374,-0.08455348,-0.01433358,-0.9777634,0.1708327,-0.3718131,0.9124534,0.0500371,0.05185783,-0.1649061,0.008187963,0.007918723,0.01549868,0.999815,0.01608832,-0.01612744,0.9997405
Fixation,2.8539,0.01814171,0.05228066,-0.03784823,-0.2022017,-0.2546762,-0.01509758,-0.9455298,0.4877133,-0.3746855,0.788509,0.08370426,0.05325794,-0.0416088,-0.1911595,-0.08469747,-0.01428844,-0.9777936,0.171096,-0.3714087,0.9125687,0.0500041,0.05184865,-0.1649122,0.008202102,0.007880799,0.01544048,0.9998161,0.01601199,-0.01615782,0.9997413
Fixation,2.8654,0.0181239,0.05228245,-0.03785644,-0.2024255,-0.2546284,-0.01506435,-0.9454954,0.4875987,-0.3751131,0.7883766,0.08368693,0.05325329,-0.04161051,-0.1911895,-0.08463921,-0.01425047,-0.9777933,0.1709684,-0.3714754,0.9125655,0.04998694,0.05184758,-0.1649173,0.008228727,0.007830724,0.01539031,0.999817,0.01591187,-0.01621341,0.9997419
Fixation,2.8762,0.01811709,0.05227017,-0.03786251,-0.2024231,-0.2546121,-0.01513511,-0.9454991,0.4875985,-0.3750746,0.788395,0.08368023,0.05324948,-0.04161252,-0.1912106,-0.08457074,-0.01431987,-0.9777941,0.1708618,-0.371507,0.9125726,0.04998063,0.05183971,-0.1649214,0.008243051,0.007800365,0.01545482,0.9998162,0.01585265,-0.01624197,0.9997424
Fixation,2.8871,0.01809388,0.0522207,-0.03792357,-0.2023477,-0.2546152,-0.01526818,-0.9455122,0.4876626,-0.3748694,0.788453,0.08365694,0.05321884,-0.04166993,-0.1911586,-0.08457126,-0.01446415,-0.9778021,0.1709178,-0.371384,0.9126122,0.04995793,0.05179894,-0.1649806,0.008201316,0.007773699,0.01560017,0.9998145,0.0158004,-0.01615705,0.9997446
Fixation,2.8990,0.01808922,0.05221283,-0.03792673,-0.2024085,-0.2546159,-0.01531354,-0.9454983,0.4876771,-0.3749556,0.788403,0.08365247,0.05321658,-0.04166823,-0.1911434,-0.08454342,-0.01451323,-0.9778067,0.1708824,-0.3713486,0.9126332,0.04995384,0.05179369,-0.1649814,0.008189253,0.007737029,0.01564426,0.9998142,0.01572741,-0.01613338,0.9997461
Fixation,2.9098,0.01809959,0.05221188,-0.037916,-0.2023721,-0.2546075,-0.01533367,-0.9455081,0.487673,-0.3748808,0.7884411,0.0836629,0.05321896,-0.04165557,-0.1910074,-0.08457754,-0.01454074,-0.97783,0.1709597,-0.3710859,0.9127256,0.04996444,0.05179405,-0.1649697,0.008157711,0.007722607,0.01567057,0.9998142,0.01569802,-0.01607035,0.9997476
Fixation,2.9207,0.01810797,0.05222368,-0.03791124,-0.2024028,-0.2546535,-0.01528292,-0.9454899,0.4877313,-0.374956,0.7883693,0.08367093,0.05322468,-0.04165851,-0.1910309,-0.08462606,-0.01448592,-0.977822,0.171033,-0.3711366,0.9126913,0.04997195,0.05180311,-0.1649687,0.008178085,0.007780847,0.01562404,0.9998142,0.01581435,-0.01611,0.9997451
Fixation,2.9323,0.01810609,0.05224717,-0.03791118,-0.2026445,-0.2545895,-0.01510167,-0.9454583,0.487528,-0.3754943,0.7882388,0.08366868,0.05322599,-0.04167075,-0.1910543,-0.08468518,-0.01430147,-0.977815,0.1710776,-0.3712094,0.9126533,0.0499686,0.05181587,-0.1649746,0.008188698,0.007873286,0.01545241,0.9998161,0.01599675,-0.01613106,0.9997419
Fixation,2.9431,0.0181153,0.05224371,-0.0379087,-0.2027343,-0.2546257,-0.01505699,-0.94543,0.4875667,-0.3756744,0.788129,0.08367762,0.0532155,-0.04167493,-0.1913409,-0.08468669,-0.01423967,-0.9777597,0.1710557,-0.3717591,0.9124336,0.04997703,0.05180979,-0.1649755,0.00826869,0.007923489,0.01539529,0.9998159,0.01609866,-0.01629036,0.9997377
Fixation,2.9544,0.01811666,0.05222332,-0.03790823,-0.202815,-0.2546199,-0.01503747,-0.9454146,0.4875423,-0.3758309,0.7880696,0.08367903,0.05319047,-0.04167477,-0.1914172,-0.08468143,-0.01420624,-0.9777458,0.1710325,-0.3719088,0.912377,0.0499783,0.05178797,-0.1649753,0.008343564,0.00792554,0.01535589,0.9998159,0.01610441,-0.01644065,0.9997351
Fixation,2.9653,0.01810831,0.05220509,-0.03793116,-0.2032596,-0.2546771,-0.01509827,-0.9453027,0.4876317,-0.3765934,0.7876502,0.0836706,0.05317783,-0.04169744,-0.1915303,-0.08468641,-0.01425162,-0.9777225,0.1710589,-0.3721132,0.9122887,0.04996999,0.05177367,-0.1649983,0.008462085,0.007923769,0.0153929,0.9998143,0.01610511,-0.01667709,0.9997312
Fixation,2.9760,0.01810548,0.05218625,-0.0379402,-0.2032647,-0.2546645,-0.01521054,-0.9453032,0.4876539,-0.3765464,0.7876589,0.08366784,0.05317259,-0.04170185,-0.1915539,-0.08467151,-0.0143611,-0.9777176,0.1710715,-0.3721392,0.9122757,0.04996774,0.05176175,-0.1650052,0.008494194,0.00788934,0.01549571,0.9998127,0.01603897,-0.0167407,0.9997312
Fixation,2.9875,0.0181039,0.05216885,-0.03794207,-0.2032268,-0.2546229,-0.01528223,-0.9453214,0.4876125,-0.3764468,0.7877321,0.08366656,0.05316412,-0.04169602,-0.1917257,-0.08456707,-0.01443525,-0.9776918,0.1708963,-0.3724558,0.9121794,0.04996705,0.05174851,-0.1650033,0.008472098,0.007831183,0.01556474,0.9998123,0.01592316,-0.01669724,0.9997338
Fixation,2.9992,0.01810208,0.05215454,-0.03794736,-0.203319,-0.2545817,-0.01529171,-0.9453125,0.4875368,-0.3766141,0.787699,0.08366482,0.05315101,-0.04169982,-0.1917238,-0.08455772,-0.01444627,-0.9776929,0.1708824,-0.3724509,0.9121839,0.0499654,0.05173481,-0.1650078,0.008470853,0.007819913,0.01557396,0.9998122,0.01590074,-0.01669495,0.9997342
Fixation,3.0096,0.01809719,0.05213559,-0.03796505,-0.2033451,-0.254557,-0.01528687,-0.9453136,0.4874895,-0.3766671,0.7877029,0.08366013,0.05313015,-0.04171455,-0.1917479,-0.08453253,-0.01443663,-0.9776905,0.1708297,-0.3724995,0.912174,0.0499608,0.05171514,-0.1650241,0.008494213,0.007797173,0.01555807,0.9998125,0.01585573,-0.01674262,0.9997341
Fixation,3.0209,0.01809456,0.05212903,-0.03797129,-0.2033659,-0.2545718,-0.01521817,-0.9453063,0.4874864,-0.3767379,0.787671,0.0836574,0.05311465,-0.04172473,-0.1918676,-0.08469048,-0.01436535,-0.9776543,0.1711085,-0.3727272,0.9120287,0.04995769,0.05170429,-0.1650323,0.008498635,0.007826671,0.01549075,0.9998133,0.01591372,-0.01675161,0.999733
Fixation,3.0320,0.01809788,0.05212057,-0.03797507,-0.2035094,-0.2545336,-0.0152169,-0.9452857,0.4874076,-0.3770027,0.7875931,0.08366101,0.05310559,-0.04172354,-0.1918562,-0.08465257,-0.01436716,-0.9776599,0.1710357,-0.3727078,0.9120503,0.04996154,0.05169559,-0.1650336,0.008486543,0.007788775,0.01548637,0.9998137,0.0158375,-0.01672868,0.9997346
Fixation,3.0433,0.01806937,0.05212581,-0.03798499,-0.2035179,-0.2545045,-0.01528214,-0.9452907,0.4873819,-0.3769884,0.7876158,0.08363271,0.05311799,-0.04172792,-0.1918746,-0.08462152,-0.01442956,-0.977658,0.1709991,-0.3727333,0.9120467,0.04993367,0.05170441,-0.1650409,0.008509518,0.007746956,0.01554042,0.999813,0.0157555,-0.01677507,0.9997351
Fixation,3.0538,0.01805064,0.05213451,-0.03800188,-0.2035219,-0.2545426,-0.01526282,-0.9452799,0.4874407,-0.3770002,0.7875738,0.08361369,0.05312526,-0.04175042,-0.1919272,-0.08461546,-0.01440941,-0.9776485,0.1709795,-0.3728362,0.9120083,0.04991433,0.05171239,-0.1650605,0.008510746,0.007789596,0.0155287,0.9998128,0.0158406,-0.01677638,0.9997338
Fixation,3.0659,0.01805212,0.05214715,-0.03800915,-0.2036081,-0.2543754,-0.01522997,-0.9453068,0.4871275,-0.3771961,0.7876738,0.08361541,0.05313408,-0.04175453,-0.1918861,-0.08458687,-0.01438483,-0.9776593,0.1709148,-0.372765,0.9120495,0.04991614,0.05172276,-0.1650662,0.00846666,0.007765312,0.01550238,0.9998139,0.01579024,-0.01668941,0.999736
Fixation,3.0768,0.01805462,0.05216134,-0.0380194,-0.2035431,-0.2543428,-0.01521279,-0.9453299,0.4870686,-0.3770922,0.7877599,0.08361816,0.05314696,-0.04176044,-0.1918178,-0.08455319,-0.01437893,-0.9776759,0.1708475,-0.3726396,0.9121134,0.04991911,0.05173552,-0.1650742,0.008396139,0.007732162,0.01549544,0.9998148,0.01572166,-0.01654954,0.9997394
Fixation,3.0873,0.01803957,0.05216861,-0.03801006,-0.2034603,-0.2542886,-0.01520213,-0.9453625,0.4869758,-0.3769559,0.7878825,0.08360356,0.05315351,-0.04174357,-0.1916385,-0.08435167,-0.0143823,-0.9777283,0.1704584,-0.3723143,0.912319,0.04990489,0.05174148,-0.165061,0.008308399,0.00767482,0.01549471,0.999816,0.01560429,-0.0163759,0.9997441
Fixation,3.0988,0.01804002,0.0521816,-0.03801079,-0.2034543,-0.2542251,-0.01513603,-0.9453819,0.4868386,-0.3769881,0.7879519,0.08360391,0.05316103,-0.04174761,-0.1915405,-0.08436947,-0.01433418,-0.9777467,0.1704751,-0.3721375,0.9123881,0.04990498,0.05175078,-0.1650632,0.008205441,0.007699781,0.01545808,0.9998172,0.01565043,-0.01616983,0.9997467
Fixation,3.1107,0.01804373,0.05219817,-0.03801247,-0.2034594,-0.2542432,-0.01513173,-0.945376,0.4868683,-0.3769969,0.7879294,0.08360747,0.05317748,-0.04175184,-0.1911697,-0.08424034,-0.01433229,-0.9778304,0.1702253,-0.3714485,0.9127154,0.04990841,0.05176747,-0.1650661,0.00821038,0.00771922,0.01545636,0.999817,0.01568942,-0.01617913,0.999746
Fixation,3.1206,0.01805133,0.05220795,-0.03801177,-0.2034142,-0.2542042,-0.01506056,-0.9453974,0.486775,-0.3769576,0.7880058,0.08361541,0.05317831,-0.04174752,-0.1911116,-0.0842011,-0.01426966,-0.9778461,0.1701256,-0.3713523,0.9127731,0.04991636,0.05177224,-0.1650635,0.008145878,0.007691143,0.01539204,0.9998188,0.01563026,-0.01605204,0.999749
Fixation,3.1321,0.01805254,0.0522145,-0.03801132,-0.2037337,-0.254307,-0.01504695,-0.9453011,0.4869245,-0.3775263,0.787641,0.08361602,0.05318558,-0.04175744,-0.1911132,-0.08427962,-0.01426046,-0.9778392,0.1702746,-0.3713523,0.9127454,0.04991646,0.05177903,-0.1650681,0.008148121,0.007770312,0.01539738,0.9998181,0.01578872,-0.01605399,0.9997464
Fixation,3.1436,0.01805461,0.05221736,-0.03800844,-0.2037611,-0.2543168,-0.01501363,-0.9452931,0.4869262,-0.3775915,0.7876087,0.08361802,0.05318391,-0.04175696,-0.1908512,-0.08416711,-0.0142252,-0.9779005,0.1700439,-0.3708724,0.9129834,0.04991823,0.05177987,-0.1650665,0.00816762,0.007788209,0.01536103,0.9998183,0.01582451,-0.016093,0.9997452
Fixation,3.1539,0.01805329,0.05222905,-0.03801004,-0.2038355,-0.2543389,-0.01502292,-0.945271,0.4869629,-0.3777178,0.7875255,0.08361651,0.05319548,-0.04176178,-0.1909272,-0.08419018,-0.01422156,-0.9778838,0.170087,-0.3710146,0.9129176,0.04991655,0.05179226,-0.1650698,0.008244932,0.00781273,0.01535611,0.9998176,0.01587583,-0.01624691,0.999742
Fixation,3.1650,0.01804365,0.05223453,-0.03800828,-0.2036638,-0.2543936,-0.01494245,-0.9452946,0.4870402,-0.3774419,0.7876099,0.08360672,0.05318964,-0.04176561,-0.1909695,-0.08421499,-0.01413013,-0.9778746,0.1701002,-0.3711086,0.912877,0.04990622,0.05179262,-0.1650708,0.008281364,0.007854535,0.01526794,0.9998183,0.01595909,-0.01631987,0.9997395
Fixation,3.1761,0.01803679,0.05223167,-0.03800593,-0.2036834,-0.2543793,-0.0150446,-0.9452925,0.4870543,-0.3774267,0.7876085,0.08359994,0.05319881,-0.04175877,-0.1910058,-0.08419853,-0.01422706,-0.9778676,0.1701049,-0.3711609,0.9128548,0.04989992,0.0517962,-0.1650663,0.008325338,0.007821082,0.01535723,0.9998168,0.01589501,-0.01640741,0.9997391
Fixation,3.1871,0.01802825,0.05224359,-0.03801616,-0.203686,-0.2543658,-0.01503922,-0.9452957,0.4870283,-0.377436,0.7876202,0.08359151,0.05320966,-0.04176737,-0.1908509,-0.08428465,-0.01422352,-0.9778905,0.1702715,-0.3708649,0.9129441,0.04989154,0.05180752,-0.1650758,0.008325828,0.007808561,0.01534881,0.9998171,0.01586985,-0.01640891,0.9997394
Fixation,3.1985,0.01801034,0.05226028,-0.03803883,-0.2033537,-0.2543864,-0.01505868,-0.9453614,0.4870986,-0.3768241,0.7878696,0.08357401,0.0532279,-0.04178245,-0.1908135,-0.0842307,-0.01424529,-0.9779021,0.1701752,-0.3707941,0.9129907,0.04987447,0.05182469,-0.1650947,0.008288648,0.007750825,0.01536298,0.9998176,0.0157535,-0.01633612,0.9997424
Fixation,3.2095,0.01797711,0.05225265,-0.03805842,-0.2032992,-0.2543116,-0.01508315,-0.9453928,0.4869814,-0.3767236,0.7879901,0.08354137,0.05322254,-0.04179105,-0.1907611,-0.08415279,-0.014278,-0.9779186,0.1700365,-0.3706945,0.913057,0.04984245,0.05181766,-0.1651088,0.008236626,0.007667226,0.01538459,0.9998183,0.0155851,-0.01623435,0.9997467
Fixation,3.2212,0.0179687,0.05225205,-0.03807437,-0.2031987,-0.2541955,-0.01509221,-0.9454455,0.4867895,-0.3765538,0.7881899,0.08353388,0.05322254,-0.04179061,-0.1903489,-0.08428762,-0.01430811,-0.9779869,0.1703114,-0.3699054,0.9133258,0.04983582,0.05181623,-0.1651166,0.008132891,0.007542434,0.01539461,0.99982,0.01533256,-0.01603063,0.999754
Fixation,3.2323,0.01793491,0.05228651,-0.03810788,-0.2030662,-0.2542492,-0.01509462,-0.9454595,0.4868951,-0.3763061,0.7882429,0.08350022,0.05325723,-0.04182185,-0.1903234,-0.08427148,-0.01431331,-0.9779931,0.1702822,-0.3698575,0.9133506,0.04980229,0.05185044,-0.165149,0.008107143,0.007525174,0.01539863,0.9998202,0.01529732,-0.01597962,0.9997553
Fixation,3.2431,0.01791397,0.05230319,-0.03810594,-0.2030718,-0.2541478,-0.0150915,-0.9454856,0.4867155,-0.376332,0.7883415,0.08348008,0.0532707,-0.04180656,-0.1903249,-0.08416705,-0.01430794,-0.9780019,0.1700774,-0.3698677,0.9133847,0.04978276,0.05186558,-0.1651406,0.008106564,0.007423146,0.01537408,0.9998214,0.0150929,-0.01598198,0.9997584
Fixation,3.2539,0.01789489,0.05231285,-0.03811194,-0.2030527,-0.2541019,-0.01511375,-0.9455017,0.4866453,-0.3762925,0.7884036,0.08346136,0.05328238,-0.04180573,-0.1901611,-0.0841949,-0.01433463,-0.978031,0.1701422,-0.3695531,0.9135,0.04976444,0.05187607,-0.1651432,0.008090664,0.007371205,0.01539071,0.9998217,0.01498882,-0.01595155,0.9997604
Fixation,3.2653,0.01788215,0.05231595,-0.03813804,-0.2027949,-0.2542862,-0.01516518,-0.9455066,0.4870095,-0.3757752,0.7884254,0.08344872,0.05329132,-0.04182847,-0.190157,-0.08417851,-0.01438378,-0.9780324,0.170129,-0.3695379,0.9135086,0.04975209,0.05188203,-0.1651677,0.00809003,0.007346019,0.01543619,0.9998211,0.01493917,-0.01595038,0.9997612
Fixation,3.2813,0.01787052,0.05232286,-0.03817346,-0.2027861,-0.2542661,-0.015219,-0.9455131,0.4869962,-0.3757344,0.7884532,0.08343723,0.05330479,-0.04185972,-0.1899749,-0.08416042,-0.01443996,-0.9780685,0.1701158,-0.3691864,0.9136531,0.04974095,0.05189216,-0.1652011,0.008093464,0.007314596,0.01548543,0.9998206,0.01487723,-0.01595749,0.999762
Fixation,3.3004,0.01786787,0.05234551,-0.03821196,-0.2025868,-0.2544955,-0.01526098,-0.9454934,0.4874309,-0.3753213,0.7883813,0.08343434,0.05333424,-0.04190053,-0.1899411,-0.08418787,-0.01448657,-0.978072,0.1701868,-0.369113,0.9136695,0.04974122,0.05192113,-0.1652251,0.008118249,0.00730258,0.01551922,0.9998199,0.01485451,-0.01600691,0.9997615
Fixation,3.3060,0.01786787,0.05234551,-0.03821196,-0.2025868,-0.2544955,-0.01526098,-0.9454934,0.4874309,-0.3753213,0.7883813,0.08343434,0.05333424,-0.04190053,-0.1899411,-0.08418787,-0.01448657,-0.978072,0.1701868,-0.369113,0.9136695,0.04973811,0.05191767,-0.1652407,0.00806317,0.007332698,0.01553865,0.9998199,0.01491334,-0.01589556,0.9997624
Fixation,3.3146,0.01786606,0.05235457,-0.03822672,-0.2025377,-0.2545021,-0.01530201,-0.9455014,0.4874628,-0.3752106,0.7884143,0.08343246,0.05334985,-0.04191475,-0.1898391,-0.08432253,-0.01453718,-0.9780795,0.1704677,-0.3689038,0.9137017,0.0497364,0.05192959,-0.1652551,0.008024963,0.007328921,0.01559094,0.9998194,0.01490543,-0.0158185,0.9997638
Fixation,3.3253,0.01786909,0.05235898,-0.03823603,-0.2025068,-0.2545334,-0.01526013,-0.9455004,0.4875034,-0.375172,0.7884076,0.08343527,0.05335069,-0.0419291,-0.1898025,-0.08435529,-0.01450178,-0.9780843,0.1705181,-0.3688392,0.9137183,0.04973889,0.05193198,-0.1652668,0.007985619,0.007367156,0.01556496,0.9998198,0.01498025,-0.01573902,0.9997639
Fixation,3.3364,0.01788773,0.05235147,-0.03824961,-0.2022945,-0.2546546,-0.01528696,-0.9455128,0.4877433,-0.3747583,0.788456,0.0834537,0.05334687,-0.04194521,-0.1898088,-0.08437945,-0.01452564,-0.9780806,0.170574,-0.3688454,0.9137054,0.04975726,0.05192637,-0.1652816,0.007994246,0.007386738,0.0155923,0.9998192,0.0150201,-0.01575525,0.9997631
Fixation,3.3477,0.0178962,0.05234253,-0.03826509,-0.2023353,-0.2546905,-0.01534322,-0.9454934,0.4878253,-0.3747978,0.7883864,0.08346188,0.05334485,-0.04196427,-0.18986,-0.08441573,-0.01457432,-0.9780669,0.1706626,-0.368931,0.9136543,0.04976539,0.05192137,-0.1652989,0.008050528,0.0074144,0.01564286,0.9998177,0.01507796,-0.01586616,0.9997604
Fixation,3.3588,0.01790326,0.05234265,-0.03828307,-0.202402,-0.2546724,-0.01535905,-0.9454837,0.4877946,-0.3749125,0.7883508,0.08346906,0.05334485,-0.04197991,-0.1898312,-0.08451839,-0.01457978,-0.9780635,0.1708641,-0.3688695,0.9136415,0.04977268,0.05192208,-0.1653159,0.008119648,0.007396457,0.01563798,0.9998174,0.01504416,-0.016005,0.9997587
Fixation,3.3702,0.01792931,0.05235565,-0.03832662,-0.202276,-0.2547888,-0.01531905,-0.94548,0.4879927,-0.3746896,0.7883342,0.08349539,0.05335057,-0.04202048,-0.1898609,-0.08448547,-0.01453092,-0.9780613,0.1707816,-0.3689359,0.9136301,0.049799,0.05193174,-0.165358,0.008145475,0.007373306,0.01558185,0.9998182,0.01499777,-0.01605821,0.9997585
Fixation,3.3812,0.01793699,0.05236661,-0.03835295,-0.2022818,-0.2547363,-0.01533075,-0.9454927,0.4879049,-0.3747014,0.7883829,0.08350348,0.05336142,-0.04203957,-0.1898668,-0.08443123,-0.01454076,-0.9780647,0.17068,-0.3689485,0.913644,0.04980745,0.05194283,-0.1653809,0.008151336,0.007318076,0.01558113,0.9998186,0.01488751,-0.01607167,0.99976
Fixation,3.3924,0.01794099,0.05238175,-0.03837686,-0.2022444,-0.2546529,-0.01528967,-0.9455239,0.4877453,-0.3746667,0.7884982,0.08350816,0.05337012,-0.04205322,-0.1898176,-0.0843468,-0.01450586,-0.9780821,0.1705031,-0.3688673,0.9137098,0.04981252,0.05195427,-0.1653997,0.008099614,0.007239488,0.01553475,0.9998203,0.01472802,-0.01597139,0.999764
Fixation,3.4035,0.01793621,0.05234694,-0.0383863,-0.2020651,-0.2546933,-0.01527945,-0.9455515,0.4878261,-0.3743427,0.7886021,0.08350391,0.05333197,-0.04205421,-0.189815,-0.08427882,-0.01449232,-0.9780886,0.170366,-0.3688691,0.9137347,0.04980863,0.05191779,-0.165405,0.008094962,0.007174842,0.01550922,0.9998212,0.01459821,-0.01596448,0.999766
Fixation,3.4148,0.01794202,0.05232811,-0.03840685,-0.2020085,-0.2546525,-0.01528554,-0.9455745,0.4877613,-0.3742432,0.7886894,0.08351004,0.05331409,-0.04206876,-0.1897587,-0.08423629,-0.01450775,-0.978103,0.1702895,-0.3687629,0.9137918,0.0498151,0.05189896,-0.1654226,0.008038225,0.007129268,0.01552076,0.9998218,0.01450551,-0.01585228,0.9997691
Fixation,3.4257,0.01794983,0.05233228,-0.03841374,-0.2020907,-0.2546194,-0.01530797,-0.9455655,0.4877057,-0.3743846,0.7886567,0.08351809,0.05331802,-0.04207125,-0.1898363,-0.08413193,-0.01451455,-0.9780968,0.1700891,-0.3689143,0.913768,0.04982335,0.05190384,-0.1654275,0.008123533,0.007095628,0.01551536,0.9998215,0.0144408,-0.01602398,0.9997673
Fixation,3.4370,0.01795995,0.05233097,-0.03841596,-0.2018818,-0.2546934,-0.01530863,-0.9455901,0.4878522,-0.3739969,0.7887499,0.08352844,0.05331433,-0.04207002,-0.1898883,-0.08410192,-0.01450224,-0.9780895,0.170026,-0.3690162,0.9137386,0.04983382,0.05190194,-0.1654281,0.008174913,0.007069001,0.01549392,0.9998215,0.0143888,-0.01612786,0.9997664
Fixation,3.4482,0.01802233,0.05231941,-0.03844234,-0.2018118,-0.254701,-0.01526668,-0.9456037,0.4878543,-0.373891,0.7887989,0.08359078,0.05329943,-0.04209799,-0.1899289,-0.08402029,-0.01447159,-0.9780891,0.1698558,-0.369103,0.9137352,0.04989602,0.05188787,-0.1654551,0.008095428,0.007081124,0.01547278,0.9998224,0.01441025,-0.01596885,0.9997686
Fixation,3.4590,0.01803444,0.05231357,-0.03842886,-0.2019983,-0.2547703,-0.0152214,-0.9455459,0.4879434,-0.3742414,0.7885776,0.08360235,0.053285,-0.04209627,-0.1901082,-0.08409369,-0.01439501,-0.978049,0.1699687,-0.3694492,0.9135743,0.04990677,0.05187964,-0.1654477,0.008272792,0.007170068,0.01539784,0.9998215,0.01459234,-0.01632182,0.9997603
Fixation,3.4701,0.01804964,0.05230129,-0.03842397,-0.2017511,-0.2551024,-0.01520713,-0.9455094,0.4885395,-0.3737564,0.7884385,0.08361702,0.05327129,-0.04210131,-0.1901468,-0.0841652,-0.01437074,-0.9780357,0.1700983,-0.3695217,0.9135208,0.04992089,0.05186713,-0.1654477,0.008311321,0.007245604,0.01538427,0.9998208,0.01474434,-0.01639673,0.9997569
Fixation,3.4814,0.0180867,0.05229187,-0.03840964,-0.2017449,-0.2551641,-0.01518931,-0.9454944,0.4886411,-0.3737458,0.7883806,0.0836536,0.0532614,-0.0420956,-0.1901398,-0.08422904,-0.01435503,-0.9780319,0.1702163,-0.3695074,0.9135046,0.04995702,0.05185723,-0.1654375,0.008304008,0.007311347,0.01538108,0.9998205,0.01487552,-0.01638012,0.9997552
Fixation,3.4922,0.01811891,0.05229402,-0.03839477,-0.2017204,-0.2553136,-0.01526832,-0.945458,0.4889364,-0.3736399,0.7882477,0.08368462,0.05327821,-0.04209834,-0.1901508,-0.08429486,-0.0144381,-0.9780228,0.1703754,-0.3695095,0.9134741,0.04998745,0.05186665,-0.1654312,0.008307305,0.007446525,0.01549163,0.9998177,0.01514772,-0.01638086,0.9997511
Fixation,3.5036,0.0181266,0.05230355,-0.03838088,-0.2014018,-0.2553827,-0.01537935,-0.9455054,0.4891262,-0.3729977,0.788434,0.08369166,0.05330527,-0.04209104,-0.1901018,-0.08436985,-0.01455815,-0.9780241,0.1705666,-0.3693918,0.913486,0.04999454,0.05188429,-0.1654204,0.00826802,0.007497957,0.01562668,0.9998156,0.01525155,-0.01629866,0.9997509
Fixation,3.5150,0.0181157,0.05231357,-0.03836959,-0.2013725,-0.2553606,-0.01545251,-0.9455164,0.4891188,-0.3729101,0.7884802,0.0836809,0.0533247,-0.04207469,-0.1900846,-0.08434577,-0.01463507,-0.9780284,0.1705489,-0.3693474,0.9135073,0.04998425,0.05189884,-0.1654067,0.008255997,0.007459936,0.01569895,0.9998149,0.01517633,-0.01627471,0.9997524
Fixation,3.5258,0.01810751,0.05229521,-0.03828278,-0.2013249,-0.2553871,-0.01553043,-0.9455181,0.4891996,-0.3727802,0.7884914,0.08367246,0.05331802,-0.04198901,-0.1900906,-0.08437717,-0.01472009,-0.9780232,0.170642,-0.369342,0.9134921,0.04997603,0.05188584,-0.1653204,0.008229627,0.007469236,0.0157898,0.9998136,0.01519557,-0.01622031,0.9997529
Fixation,3.5368,0.01808798,0.05227792,-0.03828283,-0.201097,-0.2555173,-0.01560117,-0.9455303,0.4894733,-0.3723138,0.7885419,0.08365387,0.05330563,-0.04197113,-0.1901124,-0.08425006,-0.01478217,-0.978029,0.1704185,-0.36938,0.9135184,0.04995844,0.05187118,-0.1653118,0.008254464,0.00733283,0.01582574,0.9998138,0.01492419,-0.01627376,0.9997562
Fixation,3.5483,0.01806824,0.05225396,-0.03827816,-0.2010995,-0.2554057,-0.01562341,-0.9455596,0.4892864,-0.3723224,0.7886539,0.083635,0.05328131,-0.04195105,-0.1901146,-0.08413469,-0.01480237,-0.9780382,0.1702022,-0.369388,0.9135556,0.04994034,0.0518471,-0.1652996,0.008256509,0.007215351,0.01582424,0.9998147,0.01468933,-0.0162816,0.9997596
Fixation,3.5596,0.01804107,0.05221379,-0.03827502,-0.2011266,-0.2552593,-0.01573634,-0.9455914,0.489072,-0.3723334,0.7887816,0.08360893,0.05325055,-0.04192566,-0.1901747,-0.08381752,-0.01490575,-0.9780522,0.1696252,-0.3695029,0.9136164,0.0499156,0.05181193,-0.1652857,0.008303689,0.00704628,0.01589589,0.9998143,0.01435393,-0.01638028,0.9997628
Fixation,3.5703,0.01804629,0.05217946,-0.03824216,-0.2009239,-0.2552231,-0.01580122,-0.9456432,0.4890496,-0.3719389,0.7889816,0.08361547,0.05321789,-0.04186862,-0.1902381,-0.08363861,-0.01495391,-0.9780544,0.1692958,-0.3696251,0.913628,0.04992341,0.05177927,-0.1652412,0.008369038,0.006861913,0.01590562,0.9998149,0.01398752,-0.01651669,0.9997658
Fixation,3.5815,0.0180222,0.05217099,-0.03822283,-0.2009705,-0.255029,-0.01575917,-0.9456865,0.4886891,-0.3720721,0.7891422,0.08359291,0.0531975,-0.04182491,-0.1902701,-0.08343953,-0.01490216,-0.978066,0.1688896,-0.3697066,0.9136702,0.04990183,0.0517652,-0.1652101,0.008394443,0.006675383,0.01581604,0.9998174,0.01361386,-0.01657466,0.9997699
Fixation,3.5925,0.01800307,0.05217576,-0.03820349,-0.201011,-0.2549517,-0.01565862,-0.9457003,0.488511,-0.3722079,0.7891884,0.08357441,0.05318654,-0.04179824,-0.1903423,-0.08326119,-0.01479398,-0.9780688,0.1685022,-0.3698723,0.9136748,0.04988338,0.05176246,-0.1651872,0.008405407,0.006618451,0.01569546,0.9998196,0.01349837,-0.01660002,0.9997711
Fixation,3.6039,0.01802409,0.05219972,-0.03815011,-0.2008072,-0.2549788,-0.01552231,-0.9457386,0.4885205,-0.3719064,0.7893246,0.08359586,0.05318987,-0.04174296,-0.1903861,-0.08321678,-0.01464396,-0.9780663,0.1683591,-0.3699833,0.9136562,0.04990447,0.05177677,-0.165133,0.008437713,0.006602596,0.01553702,0.9998219,0.01346503,-0.01666725,0.9997704
Fixation,3.6150,0.01804085,0.05220962,-0.03811444,-0.2009408,-0.2549697,-0.01546489,-0.9457136,0.4884716,-0.3721788,0.7892265,0.08361271,0.05318892,-0.04170855,-0.1905081,-0.08320905,-0.01456367,-0.9780445,0.1683133,-0.3702271,0.9135658,0.04992099,0.05178261,-0.1650981,0.008555368,0.006611361,0.01544789,0.9998222,0.0134847,-0.01690343,0.9997662
Fixation,3.6263,0.01804222,0.05219913,-0.03808892,-0.2010049,-0.2550189,-0.01551187,-0.9456859,0.4885716,-0.3722634,0.7891247,0.08361368,0.05318403,-0.0416888,-0.1904313,-0.0832529,-0.01460047,-0.9780551,0.1684126,-0.3700734,0.9136098,0.04992176,0.05177569,-0.1650756,0.008633186,0.006655696,0.01548642,0.9998206,0.0135764,-0.01705713,0.9997624
Fixation,3.6367,0.01804235,0.05218899,-0.03806413,-0.2008266,-0.2550941,-0.01560333,-0.945702,0.4887531,-0.3718836,0.7891913,0.08361369,0.05318332,-0.04166372,-0.1905214,-0.08326351,-0.01467446,-0.9780355,0.1684609,-0.3702297,0.9135376,0.04992195,0.05177104,-0.1650508,0.008730647,0.006654002,0.01555423,0.9998187,0.01357719,-0.01725113,0.999759
Fixation,3.6480,0.0180424,0.05215585,-0.03800939,-0.200843,-0.2551467,-0.0156896,-0.9456829,0.488878,-0.3718612,0.7891246,0.08361328,0.05316198,-0.04161382,-0.1905542,-0.08331638,-0.01475702,-0.9780234,0.1685948,-0.370274,0.9134949,0.04992155,0.0517441,-0.1649985,0.008771111,0.006691593,0.01564242,0.9998168,0.01365514,-0.01732966,0.9997566
Fixation,3.6592,0.01803465,0.05214012,-0.03799009,-0.2008557,-0.2552081,-0.01572937,-0.9456629,0.4890004,-0.3718551,0.7890516,0.08360504,0.05315268,-0.04160173,-0.1906136,-0.08330149,-0.01479358,-0.9780126,0.1685795,-0.3703803,0.9134547,0.04991307,0.05173182,-0.1649828,0.008796949,0.006747033,0.01568909,0.9998155,0.01376761,-0.01737894,0.9997542
Fixation,3.6702,0.01802871,0.05213976,-0.03797464,-0.2009503,-0.2550602,-0.01574557,-0.9456825,0.4887401,-0.3720382,0.7891266,0.08359846,0.05315328,-0.04159779,-0.1907517,-0.08338723,-0.01478735,-0.9779784,0.1687432,-0.3706359,0.9133207,0.04990587,0.05173337,-0.1649731,0.008938082,0.006834735,0.01568849,0.9998136,0.01394737,-0.01765838,0.9997468
Fixation,3.6814,0.01804415,0.05214453,-0.03796076,-0.2010336,-0.2551112,-0.01567916,-0.9456522,0.488797,-0.3722158,0.7890075,0.08361353,0.05314887,-0.04159303,-0.1908244,-0.08344133,-0.01470776,-0.9779608,0.1688179,-0.3707832,0.9132472,0.04992026,0.05173445,-0.1649638,0.009006803,0.006903655,0.01561501,0.9998137,0.01408602,-0.01779465,0.9997424
Fixation,3.6923,0.01806009,0.05216706,-0.03795594,-0.2010467,-0.2552199,-0.01560577,-0.9456213,0.4889576,-0.3722624,0.7888861,0.08362865,0.05316472,-0.04160469,-0.1911767,-0.08153687,-0.0146153,-0.978054,0.1650832,-0.371579,0.9136064,0.0499344,0.05175376,-0.164967,0.009007354,0.007028818,0.01556345,0.9998136,0.01433539,-0.01779257,0.9997389
Fixation,3.7043,0.01802352,0.0521934,-0.0379705,-0.2009272,-0.2550811,-0.01561614,-0.945684,0.4887275,-0.3720606,0.7891238,0.08359231,0.05319118,-0.04161523,-0.191192,-0.08150668,-0.01462172,-0.9780535,0.1650269,-0.3716084,0.9136046,0.04989825,0.05178022,-0.1649796,0.009022862,0.006998081,0.01556311,0.9998137,0.0142744,-0.01782454,0.9997392
Fixation,3.7148,0.01799623,0.05221689,-0.03797292,-0.2009083,-0.255032,-0.01566856,-0.9457003,0.4886635,-0.372006,0.7891892,0.08356538,0.05322039,-0.0416096,-0.1911805,-0.08145518,-0.01467621,-0.9780591,0.1649476,-0.3715807,0.9136301,0.04987187,0.05180645,-0.1649781,0.009014484,0.006937183,0.0156079,0.9998135,0.01415317,-0.01780906,0.9997413
Fixation,3.7260,0.01798906,0.05223894,-0.03793374,-0.2008477,-0.2549219,-0.01579213,-0.9457408,0.4885238,-0.3718481,0.78935,0.08355901,0.05325663,-0.04155211,-0.1895512,-0.07919347,-0.01480668,-0.9785599,0.1606044,-0.3686293,0.9155974,0.04986675,0.05183494,-0.16493,0.008979342,0.006798534,0.01571849,0.999813,0.01387681,-0.0177416,0.9997463
Fixation,3.7366,0.01795422,0.05223954,-0.03795934,-0.2007044,-0.2545448,-0.01585687,-0.9458717,0.4878986,-0.3716087,0.7898493,0.08352512,0.05326259,-0.04155889,-0.1895296,-0.07906105,-0.01487412,-0.9785739,0.1603723,-0.3685855,0.9156557,0.04983395,0.05183804,-0.1649464,0.008960323,0.00665542,0.01576206,0.9998135,0.01359082,-0.0177075,0.9997509
Fixation,3.7482,0.01792165,0.05224311,-0.03798652,-0.2006696,-0.2544419,-0.0159193,-0.9459057,0.4877451,-0.371528,0.7899821,0.08349331,0.05327213,-0.0415705,-0.1895024,-0.07895367,-0.01494064,-0.9785867,0.1601886,-0.3685299,0.9157103,0.04980308,0.05184436,-0.164966,0.008935935,0.0065371,0.01580967,0.9998137,0.01335431,-0.01766184,0.9997548
Fixation,3.7588,0.01789889,0.05225217,-0.0380098,-0.200624,-0.2543395,-0.01593669,-0.9459426,0.4875757,-0.3714511,0.7901228,0.08347133,0.05328178,-0.04157938,-0.1895424,-0.07846418,-0.01496109,-0.9786181,0.1592444,-0.3686315,0.9158341,0.04978187,0.05185318,-0.1649822,0.008889706,0.006427453,0.01581728,0.9998147,0.01313375,-0.01757279,0.9997593
Fixation,3.7706,0.01789649,0.05224454,-0.03802252,-0.2003708,-0.2542324,-0.0158806,-0.9460261,0.4873851,-0.3710373,0.7904348,0.08346974,0.05326569,-0.04157952,-0.1894677,-0.07835886,-0.01491414,-0.9786417,0.159022,-0.3685046,0.9159238,0.04978077,0.05184066,-0.1649886,0.008808844,0.006331052,0.01575724,0.999817,0.01293739,-0.01741494,0.9997646
Fixation,3.7813,0.01787424,0.05224037,-0.0380402,-0.2003254,-0.2541991,-0.01584415,-0.9460452,0.4873158,-0.3709787,0.7905051,0.08344777,0.05325711,-0.04159341,-0.1894152,-0.07832488,-0.01488616,-0.978655,0.1589454,-0.3684124,0.9159742,0.04975892,0.05183375,-0.1650044,0.008753061,0.006301901,0.01572724,0.9998181,0.01287683,-0.01730472,0.9997674
Fixation,3.7923,0.01786232,0.05223238,-0.03805661,-0.2003523,-0.2541461,-0.01587623,-0.9460533,0.4872332,-0.3710181,0.7905375,0.08343623,0.05325103,-0.04160212,-0.1892514,-0.07768667,-0.01490966,-0.9787372,0.157713,-0.3681382,0.9162974,0.04974781,0.05182707,-0.1650171,0.00878483,0.006243256,0.01574072,0.999818,0.0127608,-0.01736992,0.9997677
Fixation,3.8036,0.01787447,0.0522157,-0.03805979,-0.2004057,-0.2541186,-0.01591204,-0.9460487,0.4871948,-0.3711,0.7905226,0.08344857,0.05323684,-0.04160108,-0.1893095,-0.07765803,-0.01493485,-0.9787278,0.1576668,-0.3682453,0.9162623,0.04976041,0.05181217,-0.1650183,0.008845249,0.006211233,0.01575623,0.9998174,0.01269893,-0.01749154,0.9997663
Fixation,3.8147,0.01785926,0.05221391,-0.03808033,-0.2002491,-0.2539596,-0.01598101,-0.9461234,0.4869547,-0.3708036,0.7908096,0.08343308,0.05324423,-0.04162424,-0.1893312,-0.0776907,-0.01500079,-0.9787201,0.1577551,-0.3682736,0.9162357,0.04974497,0.05181515,-0.1650402,0.008872438,0.006231825,0.01582536,0.999816,0.01274218,-0.01754437,0.9997649
Fixation,3.8260,0.01787094,0.05219817,-0.03808596,-0.2002182,-0.2540006,-0.01591089,-0.9461201,0.4870015,-0.3707781,0.7907927,0.08344448,0.05322158,-0.04163694,-0.1893803,-0.07738582,-0.01493442,-0.9787357,0.1571371,-0.3683951,0.9162931,0.04975587,0.05179548,-0.1650492,0.008826543,0.006285277,0.01577438,0.9998169,0.01284672,-0.01745156,0.9997652
Fixation,3.8369,0.01788183,0.05217743,-0.03808555,-0.2002483,-0.254042,-0.01598732,-0.9461014,0.4871018,-0.3707876,0.7907265,0.08345501,0.05321085,-0.04164024,-0.189425,-0.07742738,-0.01500454,-0.9787227,0.1572443,-0.3684656,0.9162463,0.04976641,0.05178022,-0.1650507,0.008877578,0.006314177,0.01584766,0.9998151,0.0129074,-0.01755174,0.9997627
Fixation,3.8481,0.01790657,0.05214703,-0.03802668,-0.2002227,-0.254006,-0.01610387,-0.9461144,0.4870861,-0.3706861,0.7907837,0.08347881,0.05319667,-0.04159397,-0.189507,-0.07754406,-0.01510972,-0.9786959,0.1575109,-0.3685962,0.916148,0.04978989,0.05175865,-0.1649981,0.008970069,0.006411347,0.01596645,0.9998117,0.01310672,-0.01773203,0.9997569
Fixation,3.8593,0.01792302,0.05215108,-0.03803103,-0.2000915,-0.2540528,-0.0160849,-0.94613,0.4871708,-0.3704523,0.7908411,0.0834949,0.05320299,-0.04160412,-0.188511,-0.07736999,-0.015122,-0.9789019,0.1571766,-0.3667276,0.9169549,0.04980577,0.05176246,-0.165005,0.00883787,0.006455706,0.01598969,0.9998122,0.01319162,-0.01746597,0.9997604
Fixation,3.8704,0.0179473,0.05216825,-0.03802251,-0.2000068,-0.2541089,-0.01607467,-0.946133,0.4872717,-0.3702965,0.790852,0.08351876,0.05322266,-0.04160272,-0.1884275,-0.07742748,-0.01512803,-0.9789133,0.1572907,-0.3665657,0.9170001,0.04982933,0.05177999,-0.1649998,0.008754259,0.006510235,0.01601171,0.9998123,0.01329837,-0.01729675,0.9997619
Fixation,3.8819,0.01796833,0.05218148,-0.03800097,-0.2001289,-0.2541537,-0.01595072,-0.9460972,0.4872926,-0.370575,0.7907087,0.08353963,0.05321991,-0.04158871,-0.1884535,-0.07746059,-0.0149986,-0.9789076,0.1573066,-0.3666334,0.9169703,0.04984946,0.05178547,-0.164982,0.008771912,0.006566536,0.01588895,0.9998137,0.01340938,-0.01733189,0.9997599
Fixation,3.8927,0.01798669,0.05218232,-0.03799048,-0.2001727,-0.2542202,-0.01583561,-0.946072,0.4873609,-0.3707041,0.790606,0.08355755,0.05320692,-0.04159039,-0.187945,-0.07803322,-0.0148872,-0.9789616,0.158379,-0.3656585,0.917175,0.04986644,0.05177987,-0.1649774,0.008790181,0.006658385,0.01578195,0.9998146,0.01359175,-0.01736694,0.9997568
Fixation,3.9037,0.01800895,0.05218339,-0.03798188,-0.2002978,-0.2542171,-0.01580247,-0.9460469,0.4873329,-0.3709477,0.7905089,0.08357985,0.0532006,-0.04158313,-0.1880627,-0.07803139,-0.01483185,-0.97894,0.1583547,-0.3658896,0.917087,0.04988848,0.05177855,-0.1649697,0.008905826,0.006668067,0.01571923,0.9998146,0.01361365,-0.01759872,0.9997525
Fixation,3.9146,0.01802202,0.05217969,-0.03798088,-0.2002676,-0.2540888,-0.01576229,-0.9460884,0.4870944,-0.3709318,0.7906635,0.08359262,0.05318964,-0.04158949,-0.1881797,-0.07807478,-0.01476959,-0.978915,0.1584158,-0.3661176,0.9169855,0.04990068,0.05177236,-0.1649725,0.009020799,0.006723578,0.01565793,0.9998141,0.01372715,-0.01782769,0.9997469
Fixation,3.9256,0.01802943,0.05217052,-0.03795981,-0.2003286,-0.254088,-0.01584168,-0.9460744,0.4871195,-0.3710012,0.7906154,0.0836,0.0531888,-0.04156667,-0.1874281,-0.07827655,-0.01484622,-0.9790419,0.1588372,-0.3646758,0.917487,0.04990832,0.05176806,-0.1649507,0.00910082,0.006710697,0.01571826,0.9998125,0.01370498,-0.01798727,0.9997443
Fixation,3.9371,0.01803402,0.0521673,-0.0379454,-0.2003317,-0.2540938,-0.01595359,-0.9460703,0.4871732,-0.3709483,0.7906071,0.08360448,0.05319977,-0.0415501,-0.187451,-0.07828048,-0.0149558,-0.9790356,0.1588857,-0.3647009,0.9174685,0.04991321,0.05177224,-0.1649353,0.009131976,0.006695312,0.01582491,0.9998106,0.01367711,-0.01804859,0.9997436
Fixation,3.9478,0.01803764,0.05216885,-0.03794198,-0.2002547,-0.2539155,-0.01599855,-0.9461338,0.4868836,-0.370811,0.79085,0.08360833,0.05320549,-0.04154131,-0.1874788,-0.07824596,-0.01499543,-0.9790324,0.1588333,-0.364749,0.9174585,0.04991742,0.05177617,-0.1649293,0.009162541,0.006654535,0.01585569,0.9998102,0.0135971,-0.01811058,0.9997435
Fixation,3.9591,0.01803588,0.0521692,-0.03793987,-0.2002472,-0.2538938,-0.01604701,-0.9461403,0.4868651,-0.3707754,0.790878,0.08360672,0.05321157,-0.04153499,-0.1869973,-0.07863872,-0.0150521,-0.9790921,0.1596185,-0.3638079,0.9176959,0.04991615,0.05177939,-0.1649252,0.009165959,0.00662294,0.01589933,0.9998096,0.01353482,-0.01811783,0.9997442
Fixation,3.9702,0.01803632,0.05216873,-0.03793962,-0.2001894,-0.253782,-0.01603959,-0.9461827,0.4866703,-0.3706904,0.7910377,0.08360753,0.05320835,-0.04152863,-0.1870101,-0.07858904,-0.01504083,-0.9790938,0.1595177,-0.3638368,0.917702,0.04991721,0.0517776,-0.164922,0.009177399,0.006576078,0.01587848,0.9998102,0.01344111,-0.01814248,0.9997451
Fixation,3.9813,0.01802301,0.05216241,-0.03793956,-0.2002422,-0.2537176,-0.01603985,-0.9461888,0.4865533,-0.3707947,0.7910609,0.08359472,0.05319893,-0.04152038,-0.18706,-0.078523,-0.0150307,-0.9790898,0.1593854,-0.3639365,0.9176854,0.04990475,0.05177033,-0.164918,0.009226394,0.00651337,0.01585325,0.9998106,0.01331681,-0.01824278,0.9997449
Fixation,3.9922,0.01801856,0.05215025,-0.03793697,-0.2002458,-0.2536893,-0.01604969,-0.9461954,0.4865072,-0.3708,0.7910867,0.08359048,0.05318725,-0.04151379,-0.1862314,-0.07846639,-0.01504704,-0.979252,0.1592812,-0.3623737,0.9183217,0.04990072,0.05175853,-0.1649135,0.009230919,0.006482948,0.01585618,0.9998106,0.01325617,-0.01825275,0.9997455
Fixation,4.0034,0.01803048,0.05212247,-0.03796383,-0.2001319,-0.2535998,-0.0161176,-0.9462424,0.486385,-0.3705717,0.7912688,0.08360272,0.05316556,-0.04153296,-0.1862812,-0.07841705,-0.0151046,-0.9792456,0.1592065,-0.3624612,0.9183002,0.04991347,0.05173409,-0.1649367,0.00928491,0.006424695,0.01590043,0.9998099,0.01314222,-0.01836198,0.999745
Fixation,4.0147,0.0180369,0.05211198,-0.03796929,-0.2000894,-0.2535876,-0.01616673,-0.9462538,0.4863861,-0.3704713,0.7913151,0.08360921,0.05316198,-0.04153521,-0.1862473,-0.07840326,-0.01516042,-0.9792523,0.1592003,-0.3623889,0.9183298,0.04992029,0.05172682,-0.1649406,0.009254295,0.006400741,0.01595512,0.9998094,0.01309435,-0.01830081,0.9997468
Fixation,4.0255,0.01804766,0.0521102,-0.03795495,-0.2000624,-0.2535748,-0.01621228,-0.9462621,0.4863833,-0.3704009,0.7913497,0.08362003,0.05316615,-0.04151778,-0.1851184,-0.07815712,-0.0152185,-0.9794851,0.1587419,-0.3602626,0.9192452,0.04993141,0.05172765,-0.1649247,0.009238219,0.006377632,0.01600247,0.9998089,0.0130485,-0.01826879,0.999748
Fixation,4.0368,0.01805652,0.05210006,-0.03794613,-0.2001035,-0.2535449,-0.01620366,-0.9462616,0.4863244,-0.3704838,0.7913471,0.08362913,0.05315316,-0.04150551,-0.1851565,-0.07812677,-0.01520213,-0.9794806,0.1586768,-0.360339,0.9192265,0.04994063,0.05171657,-0.1649143,0.009275264,0.006351044,0.01597839,0.9998091,0.01299607,-0.01834403,0.9997473
Fixation,4.0481,0.01804129,0.05205655,-0.03796232,-0.2000265,-0.2535121,-0.01617692,-0.9462872,0.4862622,-0.3703629,0.791442,0.08361366,0.05310607,-0.04152723,-0.1851946,-0.07816265,-0.01516792,-0.979471,0.1587341,-0.3604144,0.9191871,0.04992477,0.05167174,-0.1649332,0.009312024,0.006392987,0.01594852,0.999809,0.01308056,-0.01841658,0.9997448
Fixation,4.0593,0.0180499,0.05203557,-0.03794519,-0.200115,-0.2534894,-0.01615778,-0.9462749,0.4862081,-0.3705359,0.7913942,0.08362246,0.05307972,-0.04150821,-0.1843892,-0.07851149,-0.01514413,-0.9795955,0.1594038,-0.3588756,0.9196731,0.04993353,0.05164897,-0.1649153,0.009393771,0.00637813,0.0159043,0.9998091,0.01305263,-0.01858108,0.9997422
Fixation,4.0704,0.01806367,0.05202234,-0.03792901,-0.2001197,-0.2535111,-0.01619969,-0.9462673,0.4862622,-0.3705198,0.7913685,0.08363603,0.05307233,-0.04149383,-0.1844019,-0.07853298,-0.01518484,-0.9795907,0.1594606,-0.3588918,0.919657,0.04994713,0.05163872,-0.1649,0.009409974,0.006392376,0.01594717,0.9998081,0.01308242,-0.01861246,0.9997412
Fixation,4.0816,0.01807074,0.0520165,-0.0379192,-0.2000803,-0.2534125,-0.01620017,-0.946302,0.4860923,-0.3704621,0.7914999,0.08364297,0.05306494,-0.04148697,-0.1844758,-0.07855222,-0.01517177,-0.9795755,0.1594933,-0.3590324,0.9195964,0.04995386,0.05163288,-0.1648918,0.009484271,0.006414635,0.0159326,0.9998075,0.01312902,-0.01876049,0.9997378
Fixation,4.0925,0.01804553,0.05198312,-0.03793152,-0.2000661,-0.2534456,-0.01623752,-0.9462956,0.4861661,-0.3704126,0.7914778,0.08361748,0.05303752,-0.04150261,-0.1840988,-0.07803698,-0.01521062,-0.979687,0.1585041,-0.3583445,0.9200357,0.04992834,0.05160236,-0.1649057,0.009481119,0.006440322,0.01597801,0.9998066,0.01318113,-0.01875276,0.9997373
Fixation,4.1036,0.01805455,0.05197823,-0.03790784,-0.2000419,-0.2534938,-0.01627393,-0.9462872,0.4862667,-0.3703436,0.7914483,0.08362611,0.05303919,-0.04148419,-0.1840831,-0.07808562,-0.01525157,-0.9796854,0.1586138,-0.3583051,0.9200321,0.04993684,0.05160058,-0.1648846,0.00946873,0.006480998,0.01602788,0.9998057,0.01326301,-0.01872602,0.9997367
Fixation,4.1147,0.01805635,0.05198431,-0.03788058,-0.2000354,-0.2534974,-0.01630419,-0.946287,0.4862854,-0.3703157,0.7914498,0.08362798,0.05304873,-0.04145457,-0.1840869,-0.07807281,-0.01528118,-0.9796852,0.1585997,-0.3583084,0.9200333,0.04993891,0.05160832,-0.1648562,0.009474594,0.006463223,0.01605444,0.9998053,0.01322815,-0.01873797,0.9997369
Fixation,4.1255,0.01805048,0.05197096,-0.03786387,-0.2000603,-0.253491,-0.01631235,-0.9462833,0.4862756,-0.3703574,0.7914363,0.08362217,0.05303562,-0.04143698,-0.1836193,-0.07787781,-0.01528773,-0.9797884,0.1582218,-0.3574349,0.9204381,0.04993313,0.05159545,-0.1648391,0.009500917,0.006456527,0.01605488,0.9998052,0.01321561,-0.01879081,0.9997361
Fixation,4.1367,0.01804154,0.05195749,-0.03785368,-0.2001249,-0.2534484,-0.01630689,-0.9462812,0.4861938,-0.3704829,0.7914279,0.08361356,0.05301869,-0.04142173,-0.1836806,-0.07783449,-0.01526997,-0.9797806,0.1581311,-0.3575564,0.9204065,0.04992469,0.05158103,-0.1648265,0.009561335,0.006417633,0.01602562,0.9998053,0.01313922,-0.01891325,0.9997348
Fixation,4.1482,0.01803387,0.05194736,-0.03784115,-0.1999658,-0.253192,-0.01646269,-0.9463808,0.4858161,-0.3701512,0.7918149,0.08360613,0.0530256,-0.04139945,-0.1837511,-0.07778491,-0.01541333,-0.9797691,0.1580869,-0.3576694,0.9203701,0.04991813,0.05157995,-0.1648094,0.009642396,0.006344577,0.01615287,0.9998029,0.01299816,-0.01907603,0.9997336
Fixation,4.1596,0.01803452,0.0519371,-0.03783264,-0.2000203,-0.2531343,-0.01648016,-0.9463844,0.4857175,-0.3702488,0.7918298,0.08360722,0.05301464,-0.0413832,-0.1833224,-0.07765917,-0.01542365,-0.9798592,0.1578451,-0.3568648,0.9207239,0.04991959,0.05156982,-0.1647972,0.009697677,0.006285497,0.01614494,0.9998029,0.01288165,-0.01918857,0.9997329
Fixation,4.1707,0.0179924,0.05189073,-0.03784748,-0.200045,-0.2530698,-0.01653148,-0.9463955,0.4856223,-0.3702761,0.7918753,0.08356556,0.05297232,-0.0413883,-0.1833535,-0.07759178,-0.01546854,-0.979858,0.1577303,-0.3569204,0.920722,0.04987852,0.05152595,-0.1648074,0.009731501,0.006211528,0.01617511,0.9998025,0.01273542,-0.01925822,0.9997334
Fixation,4.1821,0.01798021,0.05187213,-0.03784876,-0.2000444,-0.2528956,-0.01646926,-0.9464433,0.4852919,-0.3703313,0.7920521,0.0835536,0.05294406,-0.04138825,-0.1833861,-0.07756816,-0.01539921,-0.9798549,0.1576591,-0.3569946,0.9207054,0.0498664,0.05150294,-0.1648081,0.009759308,0.006200672,0.01610064,0.9998035,0.01271317,-0.01931511,0.9997326
Fixation,4.1925,0.01797149,0.0518626,-0.03783676,-0.1999644,-0.2528632,-0.01656309,-0.9464672,0.4852775,-0.3701431,0.7921489,0.08354505,0.05294764,-0.04136892,-0.1827406,-0.07769946,-0.01551211,-0.9799633,0.1579546,-0.3557476,0.9211373,0.04985854,0.05149913,-0.1647924,0.009701562,0.006145796,0.01620298,0.9998028,0.01260356,-0.01920014,0.9997362
Fixation,4.2033,0.01797441,0.05185032,-0.03783743,-0.200045,-0.2527988,-0.01647404,-0.9464689,0.4851235,-0.3703435,0.7921495,0.08354852,0.05292034,-0.04136394,-0.1828025,-0.07763577,-0.01540884,-0.9799584,0.1577932,-0.3558852,0.9211118,0.04986196,0.05148017,-0.1647904,0.009756123,0.00610157,0.01608618,0.9998044,0.01251463,-0.01931213,0.9997352
Fixation,4.2146,0.01797528,0.05183613,-0.03784642,-0.199994,-0.2527303,-0.01652294,-0.9464971,0.485026,-0.3702357,0.7922596,0.08354953,0.05291092,-0.04136893,-0.182834,-0.07761242,-0.01545176,-0.9799538,0.1577634,-0.3559392,0.9210961,0.04986328,0.05146861,-0.1647975,0.009790769,0.006071466,0.0161221,0.9998037,0.01245624,-0.01938192,0.9997346
Fixation,4.2259,0.01797585,0.05181372,-0.03785182,-0.200012,-0.2527784,-0.01658379,-0.9464794,0.4851331,-0.3702304,0.7921966,0.08354969,0.0528971,-0.04137926,-0.1826205,-0.07774908,-0.01551219,-0.9799818,0.1580511,-0.3555174,0.9212097,0.04986336,0.05145085,-0.1648054,0.009826188,0.006109667,0.01618489,0.9998021,0.01253499,-0.01945072,0.9997323
Fixation,4.2467,0.01796671,0.05178154,-0.03785933,-0.2000282,-0.2527462,-0.0165614,-0.946485,0.4850665,-0.3702758,0.7922161,0.08354094,0.05285919,-0.04138146,-0.1826772,-0.07770079,-0.01547742,-0.9799756,0.1579445,-0.3556332,0.9211833,0.04985474,0.0514164,-0.1648104,0.00988055,0.006068699,0.01613841,0.9998025,0.01245391,-0.01956132,0.9997311
Fixation,4.2524,0.01796671,0.05178154,-0.03785933,-0.2000282,-0.2527462,-0.0165614,-0.946485,0.4850665,-0.3702758,0.7922161,0.08354094,0.05285919,-0.04138146,-0.1826772,-0.07770079,-0.01547742,-0.9799756,0.1579445,-0.3556332,0.9211833,0.04985474,0.0514164,-0.1648104,0.00988055,0.006068699,0.01613841,0.9998025,0.01245391,-0.01956132,0.9997311
Fixation,4.2592,0.01797034,0.05177414,-0.03786366,-0.2000173,-0.2527295,-0.01656767,-0.9464917,0.4850403,-0.3702552,0.7922418,0.08354469,0.05285239,-0.04138333,-0.1828851,-0.07772025,-0.01548359,-0.9799351,0.157985,-0.3560243,0.9210252,0.04985864,0.05140913,-0.1648135,0.009870412,0.006049972,0.01614378,0.9998026,0.01241625,-0.01954159,0.999732
Fixation,4.2703,0.01797821,0.05177486,-0.03787161,-0.2000155,-0.2527542,-0.0165501,-0.9464858,0.485077,-0.3702575,0.7922182,0.08355238,0.05285156,-0.041395,-0.1828812,-0.07774608,-0.01546708,-0.9799341,0.1580293,-0.356018,0.92102,0.04986611,0.05140913,-0.1648233,0.009865584,0.006078288,0.01613233,0.9998027,0.01247249,-0.01953116,0.9997314
Fixation,4.2814,0.01798644,0.05178344,-0.03788146,-0.2001861,-0.2528991,-0.01654453,-0.9464111,0.4853169,-0.3705485,0.7919352,0.08356055,0.05286002,-0.04140604,-0.1828707,-0.07775485,-0.0154645,-0.9799354,0.1580455,-0.3559981,0.921025,0.04987421,0.05141759,-0.1648337,0.009854901,0.006087257,0.01613205,0.9998028,0.01249007,-0.01950951,0.9997317
Fixation,4.2922,0.01796614,0.05179477,-0.03789096,-0.2001909,-0.2529232,-0.01653301,-0.9464037,0.4853545,-0.3705597,0.7919069,0.08354008,0.05287039,-0.04141908,-0.1827318,-0.07958701,-0.01546951,-0.9798142,0.1616145,-0.355624,0.92055,0.04985353,0.05142844,-0.1648449,0.009858136,0.006114268,0.01612464,0.9998027,0.01254404,-0.0195152,0.9997309
Fixation,4.3033,0.01797878,0.0518142,-0.03790142,-0.2002148,-0.2532222,-0.01655132,-0.9463184,0.4858854,-0.3705515,0.7915851,0.08355269,0.05289102,-0.04142968,-0.1827735,-0.07958927,-0.0154788,-0.9798061,0.1616223,-0.3557012,0.9205188,0.04986615,0.05144882,-0.1648555,0.009901158,0.006115464,0.01613121,0.9998022,0.01254794,-0.0196011,0.9997292
Fixation,4.3146,0.017992,0.05182874,-0.03791113,-0.2001735,-0.2532597,-0.01653498,-0.9463174,0.4859479,-0.3704801,0.7915801,0.08356563,0.05290556,-0.04144452,-0.1827312,-0.07962793,-0.01547078,-0.9798109,0.1616946,-0.3556201,0.9205374,0.04987884,0.05146289,-0.1648677,0.009858188,0.006154481,0.01613306,0.9998024,0.01262461,-0.0195139,0.9997299
Fixation,4.3255,0.01801135,0.05185688,-0.03796153,-0.2001432,-0.2532576,-0.01651118,-0.9463248,0.4859371,-0.3704378,0.7916065,0.08358501,0.05293143,-0.04149505,-0.1816294,-0.07996984,-0.01546544,-0.979988,0.1623569,-0.3535157,0.9212312,0.04989817,0.05148959,-0.1649181,0.009822139,0.006155327,0.01611744,0.9998029,0.01262484,-0.01944199,0.9997313
Fixation,4.3368,0.01802498,0.05188537,-0.03797671,-0.2001593,-0.2532851,-0.01649303,-0.9463144,0.4859771,-0.3704724,0.7915658,0.08359845,0.05295801,-0.04151447,-0.1816432,-0.07999872,-0.01544524,-0.9799834,0.1624059,-0.3535435,0.9212119,0.04991133,0.05151737,-0.1649353,0.009835046,0.006187518,0.01610162,0.9998028,0.01268932,-0.01946696,0.99973
Fixation,4.3484,0.018046,0.05191207,-0.0379746,-0.2002052,-0.2533938,-0.01645741,-0.9462762,0.4861508,-0.3705584,0.7914189,0.08361938,0.05298054,-0.04151517,-0.1816379,-0.08001411,-0.01541032,-0.9799837,0.1624233,-0.3535383,0.9212108,0.04993203,0.05154192,-0.1649346,0.009827301,0.006208661,0.01607036,0.9998033,0.01273074,-0.01945118,0.9997298
Fixation,4.3591,0.01806699,0.05193388,-0.03796526,-0.2001959,-0.2533669,-0.01632425,-0.9462877,0.486052,-0.3706138,0.7914537,0.08364066,0.05298507,-0.04150568,-0.1816047,-0.07998941,-0.01528047,-0.9799939,0.1623283,-0.3534983,0.9212429,0.04995295,0.0515548,-0.1649251,0.009783634,0.00620617,0.0159409,0.9998058,0.01272185,-0.0193656,0.9997315
Fixation,4.3699,0.01805593,0.05194402,-0.0379354,-0.2002615,-0.2533742,-0.01627358,-0.9462727,0.4860401,-0.3707574,0.7913937,0.08362957,0.05298746,-0.04147859,-0.1813764,-0.08051895,-0.0152261,-0.9799936,0.1633394,-0.3530435,0.9212386,0.04994154,0.05156171,-0.1648967,0.009836518,0.006226696,0.01587816,0.9998062,0.01276335,-0.01947149,0.9997289
Fixation,4.3812,0.01806334,0.05193245,-0.03793596,-0.2004046,-0.2534811,-0.01630738,-0.9462132,0.4862304,-0.3709838,0.7911707,0.08363672,0.05298066,-0.0414828,-0.1813991,-0.08055272,-0.01525802,-0.9799862,0.1634167,-0.3530791,0.9212112,0.0499486,0.05155277,-0.164899,0.009862419,0.006254885,0.01591372,0.9998052,0.01282123,-0.01952192,0.9997272
Fixation,4.3922,0.01807916,0.05192363,-0.03792612,-0.2004027,-0.2535149,-0.01627271,-0.9462052,0.4862764,-0.3709934,0.7911379,0.08365229,0.05296838,-0.04147835,-0.1807451,-0.08072555,-0.01523206,-0.9800932,0.1637434,-0.3518348,0.9216292,0.04996382,0.05154216,-0.1648918,0.009853682,0.006295751,0.01588786,0.9998054,0.01290216,-0.01950348,0.9997265
Fixation,4.4030,0.01808969,0.05191946,-0.03791957,-0.2004271,-0.2535554,-0.01631144,-0.9461885,0.486361,-0.3710119,0.7910773,0.0836625,0.05296969,-0.04147635,-0.1807774,-0.08076653,-0.01526665,-0.9800833,0.1638356,-0.3518877,0.9215926,0.04997389,0.05154097,-0.1648875,0.009889605,0.006330764,0.01592658,0.9998042,0.01297406,-0.01957368,0.9997242
Fixation,4.4144,0.0181034,0.05192173,-0.03793859,-0.2005752,-0.2535391,-0.01637983,-0.9461603,0.486348,-0.3712467,0.7909751,0.08367626,0.05297971,-0.04149198,-0.1808113,-0.08075162,-0.01533085,-0.9800773,0.1638296,-0.3519422,0.9215729,0.04998799,0.05154741,-0.164905,0.009928623,0.006305493,0.01598465,0.9998031,0.01292591,-0.01965175,0.9997233
Fixation,4.4255,0.01810802,0.05192387,-0.03793435,-0.200633,-0.2535429,-0.0164471,-0.9461458,0.4863768,-0.3713161,0.7909248,0.08368081,0.05298889,-0.04148689,-0.1804201,-0.08022488,-0.01538648,-0.9801918,0.1628236,-0.3512239,0.9220251,0.04999272,0.05155385,-0.1649005,0.01000285,0.006299559,0.01603514,0.9998016,0.01291741,-0.0197997,0.9997205
Fixation,4.4369,0.01811154,0.05192137,-0.03792924,-0.2006882,-0.2535482,-0.01648633,-0.9461321,0.4863973,-0.3713948,0.7908752,0.08368427,0.05299008,-0.04148184,-0.1804817,-0.08022976,-0.01541534,-0.9801795,0.1628435,-0.3513354,0.9219791,0.04999623,0.05155373,-0.1648955,0.01006747,0.006300256,0.01605995,0.9998005,0.01292136,-0.01992856,0.9997179
Fixation,4.4484,0.01811019,0.05190611,-0.03792265,-0.2009999,-0.2534071,-0.0164926,-0.9461036,0.4861287,-0.3719748,0.7907678,0.08368316,0.05297196,-0.04147179,-0.1806066,-0.08019863,-0.01540083,-0.9801593,0.1627779,-0.3515762,0.9218988,0.04999521,0.05153847,-0.1648874,0.01019266,0.006273621,0.01603144,0.9997998,0.01287154,-0.02018008,0.9997135
Fixation,4.4593,0.01810822,0.05189669,-0.0379176,-0.2009822,-0.2533935,-0.01651624,-0.9461105,0.4861154,-0.3719325,0.7907958,0.08368127,0.05296552,-0.04146418,-0.1809864,-0.08009783,-0.01542256,-0.9800972,0.1625899,-0.3522979,0.9216565,0.04999353,0.05153024,-0.1648811,0.01018024,0.006254372,0.01605557,0.9997997,0.01283314,-0.02015557,0.9997145
Fixation,4.4700,0.01810377,0.05189979,-0.0379186,-0.2009682,-0.2533696,-0.01653304,-0.9461196,0.4860811,-0.371902,0.7908313,0.08367699,0.05297041,-0.04146147,-0.1809747,-0.08007267,-0.01544109,-0.9801011,0.1625475,-0.3522741,0.9216731,0.04998949,0.0515343,-0.1648803,0.01016932,0.006226178,0.01607027,0.9997998,0.01277671,-0.02013446,0.9997156
Fixation,4.4811,0.01808934,0.05191052,-0.03792774,-0.2010486,-0.2532557,-0.01660388,-0.9461318,0.4859028,-0.3720269,0.7908821,0.08366278,0.05299091,-0.0414637,-0.1809294,-0.08003486,-0.01552201,-0.9801113,0.1625029,-0.3521773,0.9217179,0.04997585,0.05154932,-0.164886,0.01012881,0.006174373,0.0161465,0.9997993,0.01267336,-0.02005417,0.9997185
Fixation,4.4923,0.01807346,0.0519259,-0.0379414,-0.2009737,-0.2531755,-0.01660088,-0.9461692,0.4857664,-0.3719044,0.7910235,0.0836475,0.05300558,-0.04146626,-0.1806664,-0.07977596,-0.01553089,-0.9801807,0.1620015,-0.3516934,0.9219909,0.04996117,0.0515635,-0.1648941,0.01004963,0.006089651,0.01614628,0.9998006,0.0125014,-0.0198986,0.9997239
Fixation,4.5031,0.01806152,0.05194211,-0.03794878,-0.2008984,-0.2531084,-0.0166426,-0.9462025,0.4856705,-0.3717563,0.7911519,0.08363605,0.05302715,-0.04146309,-0.1805966,-0.07970511,-0.01558396,-0.9801986,0.1618825,-0.3515568,0.9220639,0.04995039,0.05158162,-0.1648962,0.009981773,0.006009649,0.01619119,0.999801,0.01234014,-0.01976497,0.9997285
Fixation,4.5147,0.01804167,0.05196655,-0.03795041,-0.200589,-0.2527203,-0.01670709,-0.9463707,0.4850367,-0.3712187,0.791793,0.08361691,0.05305731,-0.04144955,-0.1805878,-0.07959963,-0.01564708,-0.9802077,0.1616997,-0.3515362,0.9221039,0.04993219,0.0516088,-0.1648905,0.009976069,0.005894497,0.01623569,0.999801,0.01211058,-0.01975677,0.9997315
Fixation,4.5255,0.01801515,0.05190635,-0.03790776,-0.2005282,-0.2526679,-0.01668815,-0.9463978,0.4849417,-0.3711258,0.7918947,0.08359079,0.05299485,-0.04140002,-0.1804851,-0.08005108,-0.01564287,-0.9801899,0.1625771,-0.3513149,0.9220339,0.04990639,0.05154681,-0.1648444,0.009908319,0.005841828,0.01622233,0.9998022,0.01200282,-0.01962318,0.9997354
Fixation,4.5365,0.01800444,0.05185354,-0.03789657,-0.2006609,-0.2526319,-0.01677486,-0.9463779,0.4849026,-0.3713263,0.7918247,0.0835803,0.05294859,-0.0413827,-0.1806302,-0.08001288,-0.01570385,-0.9801654,0.1625249,-0.3515819,0.9219413,0.04989633,0.05149877,-0.1648305,0.01005944,0.005795561,0.0162653,0.9998003,0.01191605,-0.01992634,0.9997305
Fixation,4.5482,0.01800809,0.05179608,-0.03788497,-0.200824,-0.2525173,-0.01694487,-0.9463708,0.4847558,-0.3715501,0.7918095,0.08358471,0.05290318,-0.04135303,-0.180891,-0.0798921,-0.01582573,-0.9801251,0.162334,-0.3520629,0.9217914,0.04990188,0.05144989,-0.1648106,0.01033134,0.005658818,0.01634562,0.999797,0.01165308,-0.02047349,0.9997225
Fixation,4.5590,0.01800021,0.05180812,-0.03786487,-0.2008005,-0.2525474,-0.01683468,-0.9463697,0.4847673,-0.3715598,0.7917979,0.08357668,0.05290282,-0.04133967,-0.1808498,-0.07992568,-0.01572212,-0.9801316,0.1623621,-0.352,0.9218104,0.04989323,0.05145562,-0.1647937,0.01028232,0.005709164,0.01625254,0.9997988,0.01175026,-0.02037493,0.9997234
Fixation,4.5702,0.01798495,0.05183041,-0.03782768,-0.2009705,-0.2525131,-0.01678553,-0.9463437,0.484675,-0.3718972,0.7916961,0.08356148,0.05291557,-0.04130413,-0.181557,-0.07976405,-0.01564545,-0.9800153,0.1620211,-0.3533613,0.9213495,0.04987771,0.05147433,-0.1647575,0.01039403,0.005720989,0.01617517,0.9997988,0.01177593,-0.02059879,0.9997185
Fixation,4.5812,0.01799019,0.0518682,-0.03779027,-0.201057,-0.2525334,-0.01666323,-0.946322,0.4846564,-0.3721133,0.7916059,0.08356666,0.05293632,-0.04127326,-0.1816223,-0.07978876,-0.01551015,-0.9800034,0.1620205,-0.3535058,0.9212942,0.04988215,0.05150437,-0.1647234,0.01045062,0.005769461,0.01604185,0.9998001,0.01187191,-0.02071195,0.999715
Fixation,4.5920,0.01800869,0.05190241,-0.03775664,-0.2011395,-0.2525187,-0.0166531,-0.9463086,0.4846204,-0.3722697,0.7915544,0.08358529,0.05296671,-0.04123853,-0.1817474,-0.07990997,-0.01548605,-0.9799706,0.162248,-0.3537393,0.9211645,0.04990074,0.05153763,-0.1646893,0.01052915,0.005760701,0.01600921,0.9997998,0.01185622,-0.02086964,0.9997119
Fixation,4.6040,0.01801107,0.05191541,-0.03775191,-0.2011545,-0.2526037,-0.01672364,-0.9462814,0.4847966,-0.3722487,0.7914564,0.08358768,0.05298615,-0.04123155,-0.1818371,-0.0799014,-0.01554016,-0.9799539,0.1622509,-0.3539006,0.921102,0.04990337,0.05155468,-0.1646837,0.01062404,0.005744135,0.01605448,0.9997982,0.01182708,-0.02105936,0.9997083
Fixation,4.6143,0.01800649,0.05191433,-0.03775167,-0.2012595,-0.2525931,-0.01680053,-0.9462606,0.4848003,-0.3724005,0.7913827,0.08358313,0.05299175,-0.04122863,-0.181954,-0.07988941,-0.01559692,-0.9799323,0.1622483,-0.354113,0.9210209,0.04989907,0.05155826,-0.1646823,0.01074659,0.005724104,0.01609981,0.9997963,0.01179191,-0.02130449,0.9997035
Fixation,4.6254,0.01801158,0.05191982,-0.03773714,-0.2013416,-0.252584,-0.01682405,-0.9462452,0.4847875,-0.3725381,0.7913258,0.08358828,0.05299783,-0.04121285,-0.182039,-0.07988013,-0.01560528,-0.9799171,0.1622334,-0.3542731,0.9209619,0.04990427,0.05156493,-0.1646674,0.01083334,0.00571463,0.01610035,0.9997954,0.01177576,-0.02147824,0.9997
Fixation,4.6367,0.01802574,0.0519098,-0.03771267,-0.2013422,-0.2525249,-0.01681176,-0.946261,0.4846787,-0.3725538,0.791385,0.08360289,0.05298471,-0.04118086,-0.1821297,-0.07993216,-0.01559214,-0.9798962,0.16233,-0.3544438,0.9208792,0.04991921,0.05155337,-0.1646392,0.01082784,0.005657011,0.01607698,0.9997962,0.01165987,-0.02146938,0.9997015
Fixation,4.6480,0.01802924,0.05192208,-0.03771703,-0.201577,-0.2524556,-0.01681429,-0.9462295,0.4845406,-0.3729865,0.7912657,0.0836065,0.05299413,-0.04118413,-0.182245,-0.07991903,-0.01557514,-0.9798761,0.1622985,-0.3546655,0.9207994,0.04992279,0.05156541,-0.1646433,0.01094332,0.005648496,0.01604976,0.9997954,0.01164596,-0.02170085,0.9996967
Fixation,4.6591,0.01804131,0.05192578,-0.03766206,-0.2015937,-0.2524239,-0.01678242,-0.9462349,0.4844712,-0.3730374,0.7912843,0.08361882,0.05299246,-0.0411259,-0.1822548,-0.07988732,-0.01554018,-0.9798774,0.1622241,-0.3546918,0.9208024,0.04993516,0.05156648,-0.1645867,0.01095026,0.005623281,0.01600924,0.9997961,0.01159488,-0.02171601,0.999697
Fixation,4.6700,0.0180536,0.05193031,-0.03763678,-0.2016007,-0.2524561,-0.01670777,-0.9462262,0.4844978,-0.3730838,0.7912461,0.08363092,0.05298829,-0.04110692,-0.1820938,-0.08001392,-0.01546836,-0.9798982,0.1624444,-0.3543915,0.9208792,0.04994674,0.05156672,-0.1645645,0.01094051,0.005670547,0.01594288,0.999797,0.01168764,-0.02169576,0.9996963
Fixation,4.6811,0.01805901,0.05192137,-0.03762067,-0.2014761,-0.2524695,-0.01665599,-0.9462501,0.4845101,-0.3728832,0.7913331,0.08363646,0.05297244,-0.04109031,-0.1820828,-0.0800005,-0.01541609,-0.9799021,0.1623994,-0.3543801,0.9208915,0.04995216,0.05155432,-0.1645481,0.01092528,0.005666101,0.01589,0.999798,0.01167712,-0.02166607,0.9996971
Fixation,4.6921,0.01806875,0.0518899,-0.03760302,-0.2015022,-0.2524389,-0.01657959,-0.946254,0.4844243,-0.3729739,0.7913429,0.08364649,0.05292976,-0.0410708,-0.1820945,-0.07997113,-0.01533565,-0.9799036,0.1623131,-0.3544172,0.9208924,0.04996204,0.05151737,-0.1645296,0.0109307,0.005651024,0.01580508,0.9997994,0.0116453,-0.02167838,0.9996971
Fixation,4.7037,0.01807592,0.05185771,-0.03759015,-0.2015898,-0.2524217,-0.01668094,-0.9462382,0.4844275,-0.3730827,0.7912897,0.08365373,0.05290759,-0.0410536,-0.1820125,-0.07999051,-0.01542143,-0.9799159,0.1623817,-0.3542468,0.9209459,0.0499697,0.05149138,-0.1645148,0.01104174,0.005618776,0.01587662,0.9997972,0.01158588,-0.02190059,0.999693
Fixation,4.7147,0.01808169,0.05181241,-0.03758769,-0.2017815,-0.2524489,-0.01677419,-0.9461884,0.4844978,-0.3733773,0.7911076,0.08365962,0.05287194,-0.04104565,-0.1820874,-0.07996206,-0.01550277,-0.979903,0.1623559,-0.3543768,0.9209005,0.04997607,0.05145156,-0.1645098,0.01112336,0.005577728,0.01594625,0.9997954,0.01150793,-0.02206428,0.9996903
Fixation,4.7262,0.01806244,0.05177438,-0.03758603,-0.2018645,-0.2524166,-0.01681881,-0.9461786,0.4844527,-0.3735089,0.7910731,0.08364059,0.05283654,-0.04103912,-0.1821761,-0.07992841,-0.01553127,-0.9798889,0.1623008,-0.3545419,0.9208466,0.04995733,0.0514158,-0.1645059,0.01121501,0.005540781,0.01596209,0.9997944,0.01143731,-0.02224852,0.9996871
Fixation,4.7369,0.01804179,0.05174446,-0.03759261,-0.2018694,-0.2523821,-0.01683612,-0.9461864,0.4843984,-0.3735139,0.791104,0.08362019,0.05280769,-0.04104069,-0.1820223,-0.07973675,-0.01554652,-0.9799328,0.1619329,-0.35426,0.9210199,0.04993721,0.05138648,-0.1645101,0.01122241,0.005502664,0.01597058,0.9997944,0.01136152,-0.02226443,0.9996876
Fixation,4.7478,0.01803398,0.05174661,-0.0375916,-0.2017074,-0.2524433,-0.01681281,-0.946205,0.4845088,-0.3732245,0.791173,0.08361262,0.05280662,-0.04103598,-0.1819858,-0.07970511,-0.01552676,-0.9799424,0.1618641,-0.3541961,0.9210565,0.04992978,0.05138659,-0.1645072,0.01118345,0.005474278,0.01594832,0.9997953,0.01130303,-0.02218772,0.9996899
Fixation,4.7587,0.01802675,0.05175006,-0.03758595,-0.2016518,-0.2523955,-0.01679257,-0.9462299,0.4844208,-0.3731411,0.7912662,0.08360577,0.05280769,-0.04102413,-0.1822027,-0.07975426,-0.01551439,-0.9798983,0.1619557,-0.3546055,0.9208829,0.04992322,0.05138826,-0.1644984,0.01112082,0.005426695,0.01593334,0.9997965,0.01120557,-0.02206418,0.9996938
Fixation,4.7701,0.01800064,0.05174434,-0.03758911,-0.2016053,-0.2523133,-0.0168444,-0.9462609,0.4843003,-0.3730423,0.7913865,0.08358022,0.05280745,-0.04101466,-0.1821626,-0.07966796,-0.01557198,-0.9799119,0.1618084,-0.3545255,0.9209396,0.04989847,0.05138481,-0.1644954,0.01108333,0.005331005,0.0159779,0.9997967,0.01101402,-0.02199179,0.9996975
Fixation,4.7810,0.01799282,0.05176449,-0.03759395,-0.2013854,-0.2522196,-0.01691038,-0.9463316,0.4841778,-0.3726244,0.7916584,0.08357231,0.05283535,-0.04101863,-0.1821913,-0.07967194,-0.01563252,-0.9799053,0.1618381,-0.3545694,0.9209175,0.04989078,0.05140901,-0.1644998,0.0111169,0.005324946,0.01603602,0.9997954,0.01100426,-0.02205848,0.9996961
Fixation,4.7924,0.01798545,0.05177855,-0.03760106,-0.2012981,-0.2522042,-0.01689628,-0.9463544,0.4841515,-0.372476,0.7917443,0.08356507,0.05284953,-0.04102343,-0.1821548,-0.07975812,-0.01563441,-0.979905,0.1620065,-0.3544949,0.9209165,0.04988367,0.05142224,-0.1645057,0.01102605,0.005307413,0.01604092,0.9997965,0.0109664,-0.02187734,0.9997005
Fixation,4.8033,0.01798726,0.05178845,-0.03760523,-0.2013552,-0.2521662,-0.01696426,-0.9463512,0.4841071,-0.3725499,0.7917366,0.08356711,0.05286539,-0.04102116,-0.1822218,-0.07971776,-0.01569039,-0.9798949,0.1619483,-0.3546147,0.9208806,0.04988617,0.05143583,-0.1645069,0.01109756,0.005258843,0.01608416,0.9997953,0.01087252,-0.02202141,0.9996984
Fixation,4.8145,0.01798195,0.05176675,-0.03764529,-0.2012258,-0.2521354,-0.01712608,-0.946384,0.4841262,-0.3722377,0.7918718,0.08356167,0.05286312,-0.04105754,-0.1822853,-0.07971647,-0.01584203,-0.9798808,0.1620008,-0.35471,0.9208347,0.04988133,0.05142438,-0.1645453,0.01117331,0.005232428,0.01622833,0.9997922,0.01082533,-0.02217215,0.9996955
Fixation,4.8254,0.01798377,0.05176497,-0.03764945,-0.2012261,-0.2521152,-0.01709276,-0.94639,0.4840776,-0.3722579,0.791892,0.08356367,0.05285656,-0.0410599,-0.1820875,-0.07991995,-0.01581258,-0.9799015,0.1623859,-0.3543282,0.9209139,0.04988332,0.05142009,-0.1645485,0.01116422,0.005218295,0.0161927,0.9997929,0.01079599,-0.02215481,0.9996963
Fixation,4.8364,0.01798772,0.05176461,-0.03764866,-0.2011195,-0.2521338,-0.01698634,-0.9464096,0.4840762,-0.3721171,0.791959,0.08356755,0.05284595,-0.04106363,-0.1819644,-0.07994077,-0.01572714,-0.979924,0.1623953,-0.354108,0.9209969,0.04988678,0.05141354,-0.1645497,0.01103317,0.005251857,0.01612122,0.9997954,0.0108573,-0.0218925,0.9997014
Fixation,4.8479,0.01798264,0.05177951,-0.03763995,-0.2011082,-0.2520405,-0.01694199,-0.9464376,0.4838955,-0.3721327,0.7920622,0.08356296,0.05285215,-0.04104827,-0.1820102,-0.07987855,-0.01567194,-0.9799215,0.1622543,-0.3542077,0.9209834,0.04988234,0.05142462,-0.1645378,0.01107464,0.005200413,0.01605296,0.9997963,0.01075427,-0.0219778,0.9997006
Fixation,4.8587,0.01798631,0.05179274,-0.03762899,-0.2010861,-0.2520108,-0.01681119,-0.9464526,0.4837935,-0.3721637,0.7921099,0.08356694,0.0528487,-0.04103665,-0.1822488,-0.07992984,-0.01554502,-0.979875,0.1623086,-0.354677,0.9207932,0.049886,0.05142903,-0.1645264,0.01101874,0.005194012,0.01592833,0.999799,0.01073696,-0.02186759,0.9997032
Fixation,4.8697,0.01799969,0.05180526,-0.03763031,-0.2010401,-0.2520928,-0.0166759,-0.9464428,0.4838879,-0.3721383,0.7920642,0.08357979,0.05284762,-0.0410521,-0.182183,-0.08001717,-0.01542165,-0.9798821,0.1624339,-0.3545677,0.9208132,0.04989783,0.05143416,-0.1645345,0.01094402,0.005300588,0.01582695,0.9998008,0.01094549,-0.02171589,0.9997042
Fixation,4.8813,0.01801917,0.05180454,-0.03762964,-0.2007706,-0.2521797,-0.01668858,-0.9464767,0.4840655,-0.3716324,0.7921931,0.08359967,0.05284584,-0.04104431,-0.1822135,-0.07996215,-0.01542407,-0.9798808,0.1623277,-0.3546284,0.9208086,0.04991806,0.05143321,-0.1645304,0.01097441,0.005246206,0.01581763,0.9998009,0.0108375,-0.02177848,0.9997041
Fixation,4.8921,0.01802535,0.05180919,-0.03766169,-0.2008251,-0.2521954,-0.01674028,-0.94646,0.4841094,-0.3717022,0.7921335,0.08360571,0.05285597,-0.04107748,-0.1822769,-0.07997761,-0.01546559,-0.9798671,0.1623729,-0.3547404,0.9207575,0.04992413,0.05144131,-0.1645631,0.01104199,0.005255218,0.01585652,0.9997995,0.0108585,-0.0219129,0.9997009
Fixation,4.9032,0.01803479,0.05181134,-0.03767306,-0.200812,-0.2522197,-0.01682125,-0.9464549,0.4841849,-0.3716337,0.7921196,0.08361491,0.05286932,-0.04108986,-0.1822644,-0.08016662,-0.0155498,-0.9798527,0.1627713,-0.3546914,0.920706,0.04993353,0.05144906,-0.164575,0.01105028,0.005263805,0.01594138,0.999798,0.0108778,-0.02192827,0.9997004
Fixation,4.9182,0.01804426,0.05183077,-0.03767715,-0.2005349,-0.2523654,-0.01684271,-0.9464744,0.48447,-0.3711012,0.7921949,0.08362451,0.05289102,-0.04109065,-0.1822433,-0.08014546,-0.01557148,-0.979858,0.1627379,-0.3546492,0.9207281,0.04994336,0.05146933,-0.1645775,0.01103019,0.005238898,0.01596055,0.9997981,0.01082778,-0.02188868,0.9997018
Fixation,4.9294,0.01805185,0.05182862,-0.03770076,-0.2004479,-0.252339,-0.01682753,-0.9465002,0.4844238,-0.3709554,0.7922913,0.08363231,0.05288863,-0.04111052,-0.1821537,-0.08011784,-0.01557147,-0.9798769,0.162684,-0.3544813,0.9208024,0.04995137,0.05146611,-0.1645991,0.01093886,0.005210392,0.01596224,0.9997992,0.01076791,-0.02170698,0.9997064
Fixation,4.9406,0.01806245,0.05185103,-0.03771676,-0.200449,-0.2522856,-0.01677514,-0.9465151,0.4843094,-0.3709918,0.7923443,0.08364333,0.05290282,-0.0411208,-0.1820611,-0.08030183,-0.01552166,-0.9798799,0.1630241,-0.3543031,0.9208108,0.04996253,0.05148435,-0.1646123,0.01092422,0.005166192,0.01590184,0.9998006,0.01067775,-0.02167978,0.9997079
Fixation,4.9523,0.01806942,0.05186009,-0.03772353,-0.2005006,-0.2524102,-0.01671403,-0.946472,0.4845007,-0.3710988,0.7921772,0.08365031,0.0529052,-0.04112937,-0.1820162,-0.08030636,-0.01546769,-0.9798887,0.1630133,-0.3542268,0.920842,0.04996927,0.05148971,-0.1646198,0.01087466,0.005179317,0.01585286,0.9998018,0.01070137,-0.0215808,0.9997098
Fixation,4.9629,0.01807484,0.05186081,-0.03772471,-0.2004851,-0.2524175,-0.01667858,-0.946474,0.4845008,-0.371088,0.7921823,0.0836557,0.0529021,-0.04113234,-0.1821913,-0.08052108,-0.01543607,-0.979839,0.16342,-0.3545503,0.9206454,0.04997449,0.05148816,-0.1646219,0.01085095,0.005192664,0.01582438,0.9998024,0.0107267,-0.02153326,0.9997106
Fixation,4.9745,0.01808823,0.05184984,-0.03771357,-0.2005017,-0.2524008,-0.01664786,-0.9464754,0.4844582,-0.371136,0.7921858,0.08366925,0.05288649,-0.04111991,-0.1822018,-0.08050475,-0.01540258,-0.9798389,0.1633761,-0.3545769,0.920643,0.049988,0.05147517,-0.1646101,0.01085892,0.005182416,0.0157879,0.999803,0.01070567,-0.02154992,0.9997104
Fixation,4.9855,0.01811093,0.05186868,-0.03771088,-0.2005718,-0.252272,-0.01665921,-0.9464948,0.4842309,-0.3712751,0.7922596,0.08369185,0.05290568,-0.04111877,-0.1822606,-0.08051637,-0.01540494,-0.979827,0.1633997,-0.3546871,0.9205964,0.05001051,0.05149472,-0.1646083,0.01091888,0.005194285,0.01578795,0.9998022,0.01073129,-0.02166943,0.9997076
Fixation,4.9961,0.01811412,0.0518626,-0.03770748,-0.2004899,-0.2523427,-0.01663442,-0.9464937,0.4843517,-0.3711297,0.7922539,0.08369453,0.05290055,-0.04112485,-0.1822199,-0.08062996,-0.01539643,-0.9798254,0.1636176,-0.3546045,0.9205894,0.05001273,0.05148816,-0.1646093,0.01083523,0.005266625,0.01579815,0.9998026,0.01087352,-0.02149977,0.9997097
Fixation,5.0077,0.01812201,0.05184746,-0.03770928,-0.2005355,-0.2523423,-0.01657773,-0.9464852,0.4843253,-0.3712413,0.7922177,0.08370246,0.05287695,-0.0411284,-0.1822553,-0.08063118,-0.01533256,-0.9798197,0.1635969,-0.3546821,0.9205632,0.05002039,0.05146933,-0.164612,0.01086637,0.00527927,0.01573305,0.9998032,0.01089838,-0.02156235,0.9997081
Fixation,5.0184,0.01813545,0.0518322,-0.03770857,-0.2004597,-0.252585,-0.01657453,-0.9464365,0.4847564,-0.3710719,0.7920334,0.08371581,0.05286038,-0.04112994,-0.1822943,-0.08064571,-0.01532013,-0.9798114,0.1636207,-0.3547571,0.9205301,0.05003357,0.05145383,-0.1646125,0.01090519,0.005296281,0.01572051,0.9998029,0.01093334,-0.02163956,0.999706
Fixation,5.0294,0.01815204,0.05184078,-0.03769981,-0.2005007,-0.252653,-0.01658917,-0.9464094,0.4848787,-0.3711289,0.7919318,0.08373189,0.05287158,-0.04113013,-0.1823398,-0.08071572,-0.01532856,-0.979797,0.16376,-0.3548374,0.9204744,0.05004922,0.05146408,-0.1646082,0.01095298,0.005364652,0.01573758,0.9998018,0.01107192,-0.02173277,0.9997025
Fixation,5.0408,0.01816038,0.05185068,-0.03768669,-0.2004291,-0.2526498,-0.01655347,-0.9464261,0.4848643,-0.3710182,0.7919925,0.08374026,0.05287874,-0.04111701,-0.1822542,-0.08076341,-0.01530661,-0.9798095,0.1638449,-0.3546763,0.9205214,0.05005757,0.05147183,-0.1645949,0.01087293,0.005364422,0.01572055,0.9998029,0.01106859,-0.0215729,0.999706
Fixation,5.0517,0.01814578,0.05184948,-0.03765485,-0.200388,-0.25265,-0.01652005,-0.9464353,0.4848546,-0.3709609,0.7920253,0.08372569,0.05287433,-0.04108577,-0.1822078,-0.08076411,-0.01528101,-0.9798184,0.163837,-0.3545927,0.920555,0.05004289,0.05146849,-0.1645633,0.01082389,0.005368877,0.01569891,0.9998038,0.01107549,-0.02147496,0.9997081
Fixation,5.0631,0.01813437,0.05185461,-0.03762382,-0.2004211,-0.2528507,-0.01646462,-0.9463757,0.4851833,-0.3710211,0.7917958,0.0837145,0.05287302,-0.04105242,-0.1820886,-0.08067524,-0.01523359,-0.9798486,0.1636468,-0.3543806,0.9206704,0.05003171,0.05147004,-0.164531,0.01076114,0.005350691,0.01565218,0.9998053,0.01103617,-0.02135058,0.9997112
Fixation,5.0746,0.01813923,0.0518527,-0.03760196,-0.2004163,-0.252867,-0.01647233,-0.9463722,0.4852153,-0.3710063,0.7917831,0.08371924,0.05287266,-0.04103249,-0.1820859,-0.08069184,-0.01524233,-0.9798476,0.1636822,-0.3543729,0.9206671,0.05003637,0.05146873,-0.1645101,0.01075922,0.005365552,0.01566383,0.999805,0.01106607,-0.02134616,0.9997109
Fixation,5.0852,0.01814529,0.05184305,-0.03759754,-0.2004826,-0.2530753,-0.01648124,-0.9463023,0.4855799,-0.3710923,0.7915192,0.08372544,0.05286276,-0.04102533,-0.182109,-0.0806709,-0.01524556,-0.9798449,0.1636427,-0.3544175,0.920657,0.05004271,0.05145919,-0.1645044,0.01078266,0.005344618,0.0156617,0.9998049,0.0110249,-0.02139371,0.9997103
Fixation,5.0960,0.01815814,0.05183244,-0.03759469,-0.2004641,-0.2530718,-0.01652855,-0.9463063,0.4855937,-0.3710351,0.7915375,0.08373828,0.05285847,-0.04102065,-0.1817317,-0.08066741,-0.01529837,-0.9799145,0.1636547,-0.3536948,0.9209328,0.05005579,0.05145168,-0.1645006,0.01077589,0.005331119,0.0157105,0.9998043,0.01099874,-0.02138004,0.9997109
Fixation,5.1074,0.01815973,0.05182099,-0.03757266,-0.2004851,-0.2530607,-0.01650477,-0.9463052,0.4855633,-0.3710869,0.791532,0.08373998,0.05284321,-0.04099791,-0.181748,-0.08065674,-0.01527102,-0.9799128,0.1636241,-0.3537309,0.9209243,0.05005744,0.05143845,-0.1644783,0.01079025,0.005325474,0.0156806,0.9998047,0.01098726,-0.02140927,0.9997104
Fixation,5.1186,0.01815345,0.05181909,-0.03755422,-0.2006035,-0.2532725,-0.01654362,-0.9462228,0.4859419,-0.3712512,0.7912225,0.0837336,0.05284548,-0.04098018,-0.181791,-0.08066727,-0.01530237,-0.9799034,0.1636559,-0.3538065,0.9208896,0.0500511,0.05143905,-0.1644602,0.01083639,0.005331095,0.01571009,0.9998037,0.01100058,-0.02150102,0.9997083
Fixation,5.1296,0.0181403,0.05181992,-0.03756177,-0.2005651,-0.2532557,-0.01654734,-0.9462354,0.4859166,-0.3711822,0.7912704,0.08372056,0.05284727,-0.04098512,-0.1815994,-0.08078594,-0.0153151,-0.979929,0.1638914,-0.3534345,0.9209906,0.05003824,0.05144012,-0.1644665,0.01079835,0.005311342,0.01571979,0.999804,0.0109601,-0.02142548,0.9997104
Fixation,5.1404,0.01813603,0.05180669,-0.03754779,-0.2005755,-0.2533034,-0.01658022,-0.9462199,0.4860126,-0.3711773,0.7912137,0.08371592,0.05283928,-0.0409767,-0.181617,-0.0808344,-0.01534655,-0.9799212,0.1639971,-0.3534596,0.9209622,0.05003341,0.05142951,-0.1644552,0.01081929,0.005354105,0.01575775,0.9998029,0.01104708,-0.02146558,0.9997085
Fixation,5.1517,0.01814275,0.05179286,-0.03752054,-0.2007045,-0.2534424,-0.01663904,-0.9461543,0.4862703,-0.3713607,0.7909693,0.08372257,0.05283177,-0.04094885,-0.1816721,-0.08083814,-0.0153963,-0.9799099,0.1640223,-0.3535554,0.9209209,0.05004021,0.05141938,-0.1644278,0.01087901,0.005350037,0.01580325,0.9998016,0.0110418,-0.02158461,0.999706
Fixation,5.1634,0.01812385,0.05176938,-0.03751897,-0.2007363,-0.2534719,-0.01663399,-0.9461396,0.4863178,-0.3714165,0.7909139,0.08370346,0.05280757,-0.04095156,-0.1814221,-0.08083929,-0.01538833,-0.9799563,0.1640215,-0.3530834,0.9211021,0.05002085,0.05139589,-0.1644284,0.01091077,0.005382625,0.0157964,0.9998012,0.01110781,-0.02164716,0.9997039
Fixation,5.1842,0.01808058,0.05175412,-0.03750625,-0.2008543,-0.2535781,-0.0166098,-0.9460866,0.486486,-0.3716273,0.7907114,0.08366012,0.05278921,-0.04094116,-0.1814364,-0.0808522,-0.01536176,-0.9799529,0.1640371,-0.3531142,0.9210875,0.04997731,0.05137932,-0.1644168,0.01092349,0.005400128,0.01577147,0.9998014,0.01114267,-0.02167231,0.999703
Fixation,5.1902,0.01808058,0.05175412,-0.03750625,-0.2008543,-0.2535781,-0.0166098,-0.9460866,0.486486,-0.3716273,0.7907114,0.08366012,0.05278921,-0.04094116,-0.1814364,-0.0808522,-0.01536176,-0.9799529,0.1640371,-0.3531142,0.9210875,0.04997731,0.05137932,-0.1644168,0.01092349,0.005400128,0.01577147,0.9998014,0.01114267,-0.02167231,0.999703
Fixation,5.1962,0.01806521,0.05175161,-0.03749433,-0.2008379,-0.2535644,-0.01660185,-0.9460939,0.48646,-0.3716037,0.7907386,0.08364485,0.05278575,-0.04092751,-0.1814183,-0.08083806,-0.01535659,-0.9799576,0.1640077,-0.3530816,0.9211053,0.04996213,0.05137599,-0.164404,0.01090451,0.005386774,0.01576528,0.9998018,0.01111524,-0.02163486,0.9997041
Fixation,5.2078,0.01804553,0.05175233,-0.03749233,-0.2008593,-0.2534479,-0.01670115,-0.9461188,0.4862929,-0.3716078,0.7908394,0.08362597,0.05279517,-0.04090758,-0.1813255,-0.08077282,-0.0154497,-0.9799787,0.1639141,-0.3528944,0.9211937,0.04994437,0.05138159,-0.1643934,0.01094441,0.005250776,0.01583169,0.999801,0.010846,-0.02171821,0.9997053
Fixation,5.2190,0.01801596,0.05173957,-0.03752046,-0.2007592,-0.2534151,-0.0166783,-0.9461492,0.4862337,-0.3714433,0.790953,0.08359633,0.05278134,-0.04093748,-0.1812665,-0.08078513,-0.01543735,-0.9799888,0.1639336,-0.3527839,0.9212325,0.04991462,0.05136752,-0.1644222,0.01088378,0.005264246,0.01582597,0.9998017,0.0108709,-0.02159662,0.9997076
Fixation,5.2298,0.01799587,0.05174124,-0.03751798,-0.2007535,-0.2533796,-0.016755,-0.9461586,0.4862018,-0.3713986,0.7909936,0.08357646,0.05279183,-0.04092821,-0.1812727,-0.08074648,-0.01551309,-0.9799896,0.1638856,-0.3527856,0.9212404,0.04989529,0.05137372,-0.1644165,0.01089535,0.005213214,0.01589328,0.9998007,0.01077067,-0.02162065,0.9997082
Fixation,5.2409,0.01797866,0.05174851,-0.03751338,-0.2007578,-0.2533943,-0.01677128,-0.9461535,0.4862337,-0.3713958,0.7909753,0.08355912,0.05280149,-0.04092517,-0.1810145,-0.08087904,-0.01553196,-0.9800261,0.1641502,-0.3522854,0.9213847,0.04987793,0.05138218,-0.1644126,0.01090436,0.005225292,0.01591057,0.9998003,0.01079549,-0.0216381,0.9997076
Fixation,5.2523,0.01795632,0.0517509,-0.03753369,-0.2007712,-0.2534481,-0.01672592,-0.9461371,0.4863094,-0.3714358,0.79091,0.08353707,0.05279958,-0.04094124,-0.1809172,-0.0808423,-0.01550271,-0.9800476,0.164068,-0.3521083,0.921467,0.04985603,0.05138147,-0.1644307,0.01080296,0.005192647,0.01588264,0.999802,0.0107264,-0.02143669,0.9997126
Fixation,5.2629,0.01793285,0.05175042,-0.03752553,-0.2007031,-0.2534027,-0.01671441,-0.9461638,0.4862301,-0.371325,0.7910107,0.08351393,0.05279815,-0.04092686,-0.1808461,-0.08079523,-0.01550255,-0.9800646,0.1639762,-0.3519767,0.9215336,0.04983323,0.05137968,-0.1644194,0.01073025,0.005145183,0.01587959,0.9998031,0.01062912,-0.02129286,0.9997168
Fixation,5.2742,0.01791959,0.05175424,-0.03752414,-0.2007193,-0.2534327,-0.01672979,-0.9461522,0.4862878,-0.3713422,0.7909672,0.08350044,0.05280423,-0.04092917,-0.1806408,-0.08093017,-0.01551824,-0.980091,0.1642443,-0.3515771,0.9216384,0.0498196,0.05138493,-0.1644198,0.01075167,0.005173629,0.01589608,0.9998025,0.01068703,-0.02133462,0.9997153
Fixation,5.2854,0.01791463,0.05173981,-0.03754019,-0.2007181,-0.253722,-0.0167543,-0.9460744,0.4868056,-0.3712866,0.7906748,0.08349545,0.05279362,-0.04094502,-0.1806169,-0.080934,-0.01554589,-0.9800947,0.1642617,-0.3515269,0.9216545,0.04981469,0.05137205,-0.1644358,0.01072957,0.00517238,0.01592565,0.9998022,0.01068447,-0.02129016,0.9997162
Fixation,5.2965,0.01791048,0.0517298,-0.03755316,-0.2007523,-0.2537251,-0.0168128,-0.9460652,0.4868314,-0.3713178,0.7906442,0.08349122,0.05279016,-0.04095711,-0.1806609,-0.08093601,-0.01559742,-0.9800856,0.1642841,-0.3516015,0.921622,0.04981065,0.05136573,-0.1644484,0.01077818,0.005166201,0.01597341,0.999801,0.01067467,-0.02138704,0.9997143
Fixation,5.3072,0.01790239,0.05171931,-0.03754703,-0.2007019,-0.2537365,-0.01688951,-0.9460715,0.4868852,-0.3711858,0.7906731,0.083483,0.052791,-0.04095012,-0.1805244,-0.08084703,-0.01568197,-0.9801167,0.164141,-0.3513342,0.9217494,0.04980272,0.05136037,-0.1644418,0.01074803,0.005160537,0.01606082,0.9998,0.01066425,-0.02132599,0.9997157
Fixation,5.3193,0.01789729,0.0517267,-0.03754438,-0.2004402,-0.253987,-0.01693294,-0.946059,0.4873614,-0.3706549,0.7906287,0.08347815,0.05280268,-0.04094118,-0.1805164,-0.08080598,-0.01572238,-0.980121,0.1640756,-0.3513149,0.9217684,0.0497983,0.05136991,-0.1644361,0.01074241,0.005112962,0.01609408,0.9997997,0.01056965,-0.02131594,0.9997169
Fixation,5.3296,0.01790401,0.05173492,-0.03756905,-0.2004389,-0.2540056,-0.01689498,-0.9460549,0.4873794,-0.3706696,0.7906107,0.08348477,0.05280662,-0.04096932,-0.1805093,-0.08082621,-0.01568566,-0.9801212,0.1641018,-0.3513063,0.9217671,0.04980464,0.05137587,-0.1644624,0.01073266,0.005139114,0.01606199,0.9998002,0.01062095,-0.02129595,0.9997168
Fixation,5.3410,0.01790971,0.05173945,-0.03758259,-0.2004803,-0.2540346,-0.01688275,-0.9460386,0.4874225,-0.3707466,0.7905481,0.08349026,0.05280936,-0.04098734,-0.1803219,-0.0809499,-0.01566957,-0.9801458,0.1643365,-0.3509466,0.9218622,0.04980984,0.05137992,-0.1644782,0.01077214,0.005173023,0.01604582,0.9997998,0.01068967,-0.02137396,0.9997144
Fixation,5.3518,0.01791928,0.05172992,-0.0375868,-0.2003392,-0.2541569,-0.01686428,-0.946036,0.4876402,-0.3704839,0.7905369,0.08349954,0.05279744,-0.04099808,-0.1803544,-0.08099527,-0.0156441,-0.9801364,0.1644158,-0.3510097,0.9218241,0.04981872,0.05136967,-0.1644856,0.01080384,0.005222633,0.01602616,0.9997995,0.01078946,-0.02143596,0.999712
Fixation,5.3630,0.01791856,0.05172753,-0.03758402,-0.2004264,-0.2542022,-0.01679933,-0.9460065,0.4876879,-0.3706685,0.790421,0.08349852,0.05278587,-0.04100366,-0.1804311,-0.08104441,-0.01556561,-0.9801195,0.1644835,-0.3511651,0.9217528,0.04981704,0.05136359,-0.164487,0.01087635,0.005285581,0.01595184,0.9997996,0.01091604,-0.02157971,0.9997075
Fixation,5.3751,0.01793391,0.05172431,-0.037594,-0.2003128,-0.2541703,-0.01686532,-0.9460379,0.4876661,-0.3704337,0.7905445,0.08351406,0.05279303,-0.04100684,-0.18039,-0.08074218,-0.01564709,-0.9801507,0.1639242,-0.351092,0.9218803,0.04983319,0.0513643,-0.1644936,0.01077861,0.005234719,0.01603627,0.9997996,0.01081304,-0.02138501,0.9997128
Fixation,5.3854,0.01794408,0.05172908,-0.03759724,-0.2002821,-0.2540081,-0.01683853,-0.9460885,0.4873731,-0.370415,0.7907339,0.0835242,0.05279696,-0.0410109,-0.1803042,-0.08074784,-0.01563708,-0.9801662,0.1639314,-0.3509308,0.9219404,0.04984329,0.05136776,-0.164497,0.0106909,0.005240873,0.01603365,0.9998006,0.01082248,-0.02120948,0.9997165
Fixation,5.3965,0.01794781,0.05173612,-0.037592,-0.2002331,-0.2540194,-0.01675203,-0.9460974,0.4873628,-0.3703694,0.7907616,0.08352791,0.05279458,-0.04100909,-0.1802411,-0.0807613,-0.01556096,-0.9801779,0.1639303,-0.3508232,0.9219815,0.04984663,0.05136943,-0.1644933,0.01062138,0.005266261,0.01596576,0.9998022,0.0108696,-0.02107041,0.9997189
Fixation,5.4073,0.01795816,0.05170929,-0.03762938,-0.2001853,-0.2540464,-0.0166825,-0.9461014,0.4873866,-0.3703149,0.7907725,0.0835381,0.05276108,-0.04105154,-0.1799001,-0.08077672,-0.01550385,-0.9802401,0.1639395,-0.350186,0.9222221,0.04985642,0.05133867,-0.1645331,0.01055804,0.005304419,0.01591674,0.9998035,0.01094285,-0.02094308,0.9997208
Fixation,5.4186,0.01797455,0.05166864,-0.03764909,-0.2001814,-0.2540812,-0.01666845,-0.9460932,0.4874424,-0.3703102,0.7907404,0.08355425,0.05271971,-0.04107621,-0.1798951,-0.08081288,-0.01549147,-0.9802383,0.1640054,-0.3501762,0.9222141,0.04987229,0.05129778,-0.1645552,0.01055248,0.005342195,0.01591111,0.9998035,0.01101809,-0.02093081,0.9997202
Fixation,5.4299,0.01799094,0.05162585,-0.0376552,-0.2001319,-0.2540602,-0.01671554,-0.9461085,0.4874277,-0.3701994,0.7908012,0.08357033,0.05268264,-0.04108637,-0.1799489,-0.08085036,-0.01553011,-0.9802247,0.1640923,-0.3502696,0.9221632,0.04988827,0.05125833,-0.1645634,0.01061052,0.005373412,0.01595156,0.9998021,0.01108321,-0.02104541,0.9997171
Fixation,5.4405,0.01800807,0.05157959,-0.03765618,-0.2001927,-0.2540345,-0.01679653,-0.9461011,0.4874097,-0.3702713,0.7907788,0.08358759,0.05264425,-0.04108223,-0.1799601,-0.08101203,-0.0156007,-0.9802082,0.1644323,-0.350269,0.9221028,0.04990596,0.05121672,-0.164562,0.01068959,0.005334983,0.01600852,0.9998005,0.01101009,-0.0212041,0.9997146
Fixation,5.4521,0.0180148,0.05156362,-0.03768086,-0.2001048,-0.254153,-0.01681549,-0.9460875,0.4876317,-0.3700859,0.7907286,0.08359391,0.05263007,-0.04111434,-0.1800383,-0.08106923,-0.01560553,-0.980189,0.1645455,-0.3504128,0.922028,0.04991189,0.05120242,-0.1645904,0.01077006,0.005391769,0.01601732,0.9997992,0.01112639,-0.02136307,0.9997098
Fixation,5.4634,0.01801833,0.05157495,-0.03767475,-0.2001762,-0.2541585,-0.0168242,-0.9460708,0.4876394,-0.3702097,0.7906659,0.0835974,0.05264068,-0.04110923,-0.1801107,-0.08107521,-0.01560149,-0.9801753,0.1645558,-0.3505503,0.9219739,0.0499153,0.0512141,-0.1645849,0.01084324,0.005399337,0.01600908,0.9997985,0.01114368,-0.02150922,0.9997066
Fixation,5.4742,0.01801364,0.05162835,-0.03766367,-0.200147,-0.2541468,-0.01669216,-0.9460825,0.4875695,-0.3702266,0.7907012,0.08359288,0.05267799,-0.04109985,-0.1797463,-0.0809104,-0.01547768,-0.9802577,0.1641902,-0.3498908,0.9222896,0.04991036,0.05125904,-0.1645746,0.01078078,0.005410997,0.0158886,0.999801,0.01116242,-0.02138533,0.999709
Fixation,5.4857,0.01800957,0.05171907,-0.03768429,-0.200082,-0.2540744,-0.01657622,-0.9461177,0.4874017,-0.3701791,0.7908268,0.08358942,0.05275381,-0.04111341,-0.1796593,-0.08083815,-0.01537368,-0.9802813,0.1640123,-0.3497477,0.9223754,0.04990697,0.05134153,-0.1645916,0.0106837,0.005355998,0.01578045,0.9998041,0.01104708,-0.02119418,0.9997143
Fixation,5.4967,0.01800342,0.0517993,-0.03770705,-0.1997916,-0.2541316,-0.01647034,-0.9461655,0.4874824,-0.3697006,0.7910009,0.08358347,0.05282259,-0.04113571,-0.1795373,-0.08082027,-0.01528553,-0.9803065,0.1639459,-0.3495325,0.9224688,0.04990084,0.05141485,-0.1646139,0.01055312,0.005351609,0.01569966,0.9998068,0.01103251,-0.02093412,0.99972
Fixation,5.5074,0.0180016,0.05182922,-0.03771033,-0.1998644,-0.2540395,-0.0165185,-0.946174,0.4873341,-0.3698204,0.7910362,0.0835823,0.05285418,-0.04112601,-0.1794573,-0.08081432,-0.01532009,-0.9803211,0.1639466,-0.3493755,0.9225282,0.04990037,0.05144644,-0.164611,0.01063247,0.005252765,0.01570966,0.9998063,0.01083756,-0.02109578,0.9997187
Fixation,5.5187,0.01800085,0.05183542,-0.03772599,-0.1997481,-0.2542289,-0.01661093,-0.9461461,0.4877113,-0.3695359,0.7909367,0.08358199,0.05286849,-0.04113075,-0.1795221,-0.08074307,-0.01539722,-0.980314,0.1638354,-0.3494896,0.9225047,0.0499008,0.05145729,-0.1646215,0.01070301,0.005170164,0.0157686,0.999805,0.01067585,-0.0212388,0.9997174
Fixation,5.5300,0.0179885,0.05184603,-0.03775478,-0.1997996,-0.2541499,-0.01664264,-0.946156,0.4875812,-0.3696237,0.790976,0.0835702,0.05287957,-0.04114857,-0.1795757,-0.08066125,-0.01541756,-0.9803105,0.1636834,-0.3495927,0.9224926,0.04988959,0.05146873,-0.164645,0.01075778,0.005086543,0.01577075,0.9998048,0.01051042,-0.02135092,0.9997168
Fixation,5.5406,0.01799641,0.05184329,-0.03775652,-0.1997993,-0.2541356,-0.0166964,-0.9461589,0.4875771,-0.3695975,0.7909907,0.08357818,0.05288327,-0.041147,-0.1793155,-0.08069991,-0.01547284,-0.9803541,0.163778,-0.349088,0.922667,0.04989788,0.05146921,-0.1646452,0.01077023,0.005061838,0.0158191,0.9998041,0.01046244,-0.02137609,0.9997168
Fixation,5.5521,0.01801438,0.05185282,-0.03774826,-0.1996631,-0.2540983,-0.01671219,-0.9461974,0.4875278,-0.3693483,0.7911375,0.08359568,0.05289805,-0.04114633,-0.179259,-0.08076446,-0.01550083,-0.9803587,0.1639136,-0.3489724,0.9226866,0.0499151,0.05148077,-0.1646405,0.01071602,0.005120185,0.0158617,0.9998037,0.01057831,-0.02126541,0.9997179
Fixation,5.5630,0.01802506,0.05184782,-0.03774077,-0.1996475,-0.2541924,-0.01659197,-0.9461775,0.4876473,-0.3693689,0.7910542,0.08360574,0.05288088,-0.04115438,-0.1792261,-0.08086437,-0.01538735,-0.9803582,0.1640677,-0.3489231,0.9226779,0.04992408,0.05146945,-0.1646405,0.01067549,0.005237685,0.01576955,0.999805,0.01081002,-0.02118162,0.9997172
Fixation,5.5744,0.01803899,0.05183756,-0.03773346,-0.1994974,-0.2542349,-0.01648384,-0.9461997,0.4876908,-0.3691473,0.7911308,0.08361942,0.05286205,-0.04115448,-0.1791062,-0.08095504,-0.01530871,-0.9803739,0.1642162,-0.3487035,0.9227345,0.04993723,0.05145311,-0.1646365,0.01050202,0.005293524,0.01571204,0.9998074,0.01091503,-0.02083365,0.9997234
Fixation,5.5862,0.01805837,0.05181229,-0.03771481,-0.1995029,-0.2541974,-0.01642944,-0.9462095,0.4876033,-0.3691904,0.7911646,0.08363846,0.05282724,-0.04114518,-0.1792496,-0.0810106,-0.01522838,-0.9803443,0.1642959,-0.3489853,0.9226137,0.04995554,0.05142474,-0.1646226,0.01064202,0.00536395,0.01563207,0.9998068,0.01105854,-0.02111223,0.9997159
Fixation,5.5966,0.01807244,0.05175912,-0.03770761,-0.1995884,-0.2542788,-0.01646295,-0.946169,0.4877532,-0.3693163,0.7910135,0.08365191,0.05277836,-0.04114855,-0.1793429,-0.08109444,-0.01524782,-0.98032,0.1644662,-0.3491538,0.9225196,0.04996849,0.05137467,-0.1646208,0.01073929,0.005444796,0.0156586,0.9998049,0.01122379,-0.02130387,0.99971
Fixation,5.6074,0.01808295,0.05170989,-0.03772056,-0.1995895,-0.2542926,-0.016578,-0.9461631,0.4878221,-0.3692571,0.7909986,0.08366225,0.05274391,-0.04116033,-0.1792216,-0.08142857,-0.01536533,-0.9803127,0.1651585,-0.348884,0.922498,0.04997921,0.05133295,-0.1646332,0.01076984,0.005437093,0.01577025,0.9998029,0.01121173,-0.02136394,0.9997089
Fixation,5.6186,0.01808556,0.05166316,-0.03771155,-0.1991879,-0.254226,-0.01660706,-0.9462651,0.4877462,-0.3685253,0.7913867,0.08366435,0.05270374,-0.041159,-0.1791765,-0.08149534,-0.01540248,-0.9803148,0.1653017,-0.3487883,0.9225085,0.04998105,0.05128896,-0.1646279,0.01072793,0.005496238,0.0158214,0.9998022,0.01132976,-0.02127771,0.9997094
Fixation,5.6299,0.01808444,0.05164719,-0.03770157,-0.1991311,-0.2542,-0.01665092,-0.9462832,0.4877217,-0.3684035,0.7914584,0.0836634,0.05269408,-0.04114402,-0.1791269,-0.08146693,-0.01545518,-0.9803254,0.1652651,-0.3486872,0.9225534,0.04998051,0.05127549,-0.1646153,0.01068126,0.005458585,0.01587201,0.9998021,0.01125407,-0.02118502,0.9997122
Fixation,5.6410,0.01807786,0.05164897,-0.03771893,-0.199125,-0.2541358,-0.01670814,-0.9463007,0.4876319,-0.368372,0.7915284,0.1312969,0.1077977,-0.1004927,-0.188354,-0.08941296,-0.03096093,-0.9775324,0.1864714,-0.3627076,0.9130562,0.04997501,0.05128014,-0.1646278,0.01068618,0.005382347,0.0159155,0.9998018,0.01110271,-0.0211968,0.9997137
Fixation,5.6519,0.01807068,0.05162835,-0.03772911,-0.1987724,-0.2538773,-0.01675597,-0.9464434,0.4872222,-0.3677457,0.7920718,0.1764767,0.1656258,-0.1591559,-0.1974423,-0.09733377,-0.04651254,-0.974361,0.2080435,-0.3757056,0.9030854,0.04996795,0.05126286,-0.1646376,0.01062674,0.005378571,0.01597968,0.9998014,0.01109463,-0.02107736,0.9997163
Fixation,5.6634,0.01806726,0.05161309,-0.03771865,-0.1988494,-0.2538441,-0.01678026,-0.9464357,0.4871677,-0.3678773,0.7920442,0.2191484,0.2261091,-0.2169823,-0.2065292,-0.1051782,-0.06205806,-0.9707894,0.2298453,-0.3879385,0.8925664,0.04996499,0.05124843,-0.1646251,0.01070739,0.005344233,0.01597742,0.9998007,0.01102849,-0.02123974,0.9997136
Fixation,5.6751,0.018056,0.05160165,-0.03771715,-0.1989521,-0.2538153,-0.01679688,-0.9464216,0.4871161,-0.3680586,0.7919917,0.2592407,0.2891746,-0.2738647,-0.215635,-0.1129448,-0.07758082,-0.9668124,0.2518511,-0.3994324,0.8814901,0.04995407,0.05123746,-0.1646221,0.01081178,0.005317231,0.01596244,0.9998,0.0109775,-0.02144948,0.9997097
Fixation,5.6853,0.01803553,0.05160928,-0.03773725,-0.1987274,-0.2535571,-0.016805,-0.9465378,0.486682,-0.3676839,0.7924324,0.2966827,0.3547202,-0.3297514,-0.2246845,-0.1206313,-0.09307615,-0.9624458,0.2740277,-0.4100375,0.8699299,0.04993403,0.05124497,-0.1646402,0.01084463,0.005285325,0.01595524,0.9997999,0.01091459,-0.02151627,0.9997089
Fixation,5.6965,0.01801823,0.05158615,-0.03774466,-0.1987695,-0.2534768,-0.01697307,-0.9465474,0.486603,-0.367685,0.7924804,0.3313715,0.422735,-0.3844492,-0.2336936,-0.1281851,-0.1086974,-0.9576747,0.296323,-0.4197381,0.8579118,0.04991835,0.05123138,-0.1646406,0.01092407,0.005174315,0.01608914,0.9997975,0.01069805,-0.02167722,0.9997078
Fixation,5.7075,0.01800344,0.05155945,-0.03774628,-0.1987865,-0.2533874,-0.01707766,-0.946566,0.4864853,-0.3676746,0.7925575,0.3632804,0.4930625,-0.4378707,-0.2426224,-0.1355959,-0.1243798,-0.9525113,0.3186679,-0.4284705,0.8454962,0.04990513,0.05121017,-0.1646352,0.0109623,0.005064689,0.01616714,0.9997964,0.01048177,-0.02175636,0.9997084
Fixation,5.7186,0.01799296,0.05155551,-0.03775066,-0.1988056,-0.2533317,-0.01707928,-0.9465768,0.4863867,-0.3677162,0.7925988,0.3923999,0.5655345,-0.4899805,-0.2514632,-0.1428929,-0.1400141,-0.9469657,0.341046,-0.43624,0.8326958,0.04989541,0.05120575,-0.1646361,0.01097879,0.005008804,0.01615327,0.9997967,0.01037026,-0.0217913,0.9997088
Fixation,5.7298,0.01799347,0.05157161,-0.03776342,-0.1984461,-0.2531385,-0.01700204,-0.9467054,0.4860431,-0.3671322,0.7930802,0.4187429,0.6398757,-0.5408763,-0.2600884,-0.1500949,-0.1555287,-0.9410826,0.3634059,-0.4428413,0.8196511,0.04989647,0.05121624,-0.164646,0.01085571,0.004967066,0.01609405,0.9997992,0.01028156,-0.02154718,0.999715
Fixation,5.7405,0.01800086,0.05158746,-0.03775477,-0.1984339,-0.2531542,-0.01694829,-0.9467047,0.4860509,-0.3671356,0.7930738,0.4422018,0.7160583,-0.590431,-0.268597,-0.1572529,-0.1709282,-0.9348319,0.3858317,-0.4484283,0.8062543,0.04990347,0.05122888,-0.164639,0.01083113,0.00499256,0.01604898,0.9998001,0.01033078,-0.02149768,0.9997155
Fixation,5.7522,0.01801598,0.05159414,-0.03774378,-0.1984513,-0.2531865,-0.01683496,-0.9466944,0.4860623,-0.3672206,0.7930274,0.4628029,0.7939045,-0.6385903,-0.2770159,-0.1643728,-0.1861445,-0.9282209,0.4082785,-0.4530697,0.7924876,0.04991775,0.05122864,-0.1646315,0.01082176,0.00504747,0.01594323,0.9998016,0.010438,-0.02147828,0.9997149
Fixation,5.7629,0.01804327,0.05160177,-0.0377503,-0.1981696,-0.2531729,-0.01678693,-0.9467579,0.4860403,-0.3667374,0.7932645,0.4803708,0.8733904,-0.685303,-0.2853741,-0.1715077,-0.201227,-0.9212244,0.4308441,-0.4567633,0.7782934,0.04994358,0.05123425,-0.1646447,0.01084747,0.005150551,0.0159048,0.9998014,0.01064411,-0.02152679,0.9997116
Fixation,5.7743,0.01806881,0.05160308,-0.0377536,-0.1982014,-0.2532323,-0.01680547,-0.946735,0.4861496,-0.3667772,0.7931792,0.08364935,0.05265796,-0.04116324,-0.1790655,-0.08164924,-0.01557181,-0.9803196,0.1656615,-0.34854,0.9225379,0.04996832,0.05123758,-0.1646518,0.01088663,0.005209052,0.01592601,0.9998003,0.01076278,-0.02160298,0.9997087
Fixation,5.7857,0.018089,0.05158472,-0.03775858,-0.1982026,-0.2532756,-0.01683025,-0.9467227,0.4862351,-0.3667605,0.7931344,0.08366922,0.0526439,-0.04117333,-0.1790724,-0.08169321,-0.01559685,-0.9803143,0.165756,-0.3485462,0.9225186,0.049988,0.05122125,-0.1646593,0.01089618,0.005248408,0.01595756,0.9997995,0.01084247,-0.02162049,0.9997075
Fixation,5.7963,0.01810282,0.05157065,-0.0377617,-0.1979185,-0.253403,-0.01693016,-0.9467463,0.4865183,-0.3661769,0.7932304,0.08368255,0.05264127,-0.041182,-0.1791711,-0.08174953,-0.01567841,-0.9802902,0.1658948,-0.348716,0.9224294,0.05000126,0.05121398,-0.1646653,0.01100328,0.005291699,0.01603997,0.9997968,0.01093423,-0.02183233,0.9997019
Fixation,5.8075,0.01812518,0.05153954,-0.03782245,-0.1978775,-0.253451,-0.01697565,-0.9467412,0.4866233,-0.3660725,0.7932142,0.08370452,0.05261838,-0.04124768,-0.1789342,-0.08227359,-0.01573764,-0.9802887,0.1669357,-0.3482248,0.9224272,0.05002316,0.05118644,-0.1647284,0.01097644,0.005329891,0.01610246,0.9997959,0.0110111,-0.02177675,0.9997022
Fixation,5.8189,0.01812847,0.05152833,-0.03783555,-0.1978102,-0.2535132,-0.01688044,-0.9467403,0.4867007,-0.3659909,0.7932043,0.08370741,0.05259848,-0.04127106,-0.1788534,-0.08233944,-0.01565703,-0.9802992,0.1670352,-0.3480814,0.9224633,0.05002534,0.05117023,-0.1647463,0.01088933,0.005407489,0.0160404,0.9997975,0.01116213,-0.02160076,0.9997044
Fixation,5.8305,0.01812565,0.05154669,-0.03783857,-0.1974472,-0.253327,-0.01686324,-0.9468662,0.4863928,-0.3653684,0.79368,0.08370499,0.05261445,-0.04126698,-0.178793,-0.08228373,-0.01564709,-0.9803151,0.1669231,-0.347972,0.9225249,0.05002327,0.0511868,-0.1647458,0.01082652,0.005353238,0.01602567,0.9997987,0.01105132,-0.0214771,0.9997082
Fixation,5.8411,0.01812409,0.05156243,-0.03784948,-0.1974007,-0.2533394,-0.01682552,-0.9468733,0.4864034,-0.3653018,0.7937042,0.08370338,0.05262697,-0.04128019,-0.1783002,-0.0823866,-0.01562289,-0.9803966,0.1671142,-0.3470356,0.922843,0.05002147,0.05120039,-0.1647577,0.01077175,0.005370512,0.0160036,0.9997995,0.01108364,-0.02136728,0.9997103
Fixation,5.8518,0.01811628,0.05157411,-0.03786261,-0.1968578,-0.2532569,-0.01679381,-0.947009,0.4862852,-0.3643459,0.7942159,0.08369602,0.05263388,-0.04128589,-0.17824,-0.08232524,-0.0155957,-0.9804131,0.166985,-0.3469298,0.9229061,0.05001443,0.05120897,-0.1647671,0.01070773,0.00531356,0.015971,0.999801,0.01096703,-0.02124147,0.9997142
Fixation,5.8629,0.01810965,0.05157697,-0.03787381,-0.1968191,-0.2532291,-0.01686913,-0.9470232,0.4862679,-0.3642409,0.7942746,0.08368955,0.05264652,-0.04129117,-0.1782135,-0.08229439,-0.0156761,-0.9804192,0.1669534,-0.3468678,0.9229351,0.05000848,0.05121648,-0.1647754,0.01068667,0.005269211,0.01604677,0.9998003,0.01087929,-0.02119997,0.999716
Fixation,5.8752,0.01810239,0.05158496,-0.03788099,-0.1968523,-0.2531855,-0.01686193,-0.947028,0.4861861,-0.364311,0.7942925,0.08368263,0.05265152,-0.04129297,-0.1776766,-0.08235946,-0.01566795,-0.9805114,0.1670764,-0.3458471,0.9232959,0.05000177,0.05122328,-0.16478,0.01071562,0.005227956,0.01602345,0.9998006,0.01079723,-0.02125942,0.9997157
Fixation,5.8854,0.01809061,0.05159318,-0.03789389,-0.1963505,-0.253078,-0.01690301,-0.9471602,0.4860487,-0.3633951,0.794796,0.08367084,0.05266571,-0.04130394,-0.177635,-0.08235329,-0.01571363,-0.9805187,0.1670805,-0.3457607,0.9233275,0.04999023,0.05123401,-0.1647919,0.01067686,0.005213662,0.01607042,0.9998003,0.0107684,-0.02118189,0.9997177
Fixation,5.8964,0.01808019,0.05159903,-0.03790022,-0.19624,-0.2530652,-0.01693736,-0.9471859,0.4860472,-0.363179,0.7948957,0.08366048,0.05267847,-0.04130692,-0.177531,-0.08233842,-0.01576659,-0.9805379,0.16707,-0.3455554,0.9234062,0.04998023,0.05124223,-0.1647964,0.0105754,0.005188686,0.01612771,0.9998006,0.01071642,-0.02097922,0.9997225
Fixation,5.9073,0.01807605,0.05161083,-0.03790401,-0.1962871,-0.25299,-0.0169221,-0.9471965,0.4859057,-0.3632826,0.7949349,0.08365691,0.05268514,-0.04130141,-0.1772821,-0.08231812,-0.01574468,-0.980585,0.1670223,-0.3450882,0.9235896,0.04997703,0.05125189,-0.1647958,0.01061437,0.005117469,0.01608737,0.9998012,0.01057442,-0.02105986,0.9997223
Fixation,5.9185,0.01807228,0.0516057,-0.03790657,-0.1959177,-0.2529078,-0.01691404,-0.947295,0.4857841,-0.3626283,0.7953078,0.083653,0.05267882,-0.04130723,-0.177294,-0.08234087,-0.01573233,-0.9805811,0.1670623,-0.3451115,0.9235736,0.04997291,0.05124629,-0.1647999,0.01062583,0.005142197,0.01607816,0.999801,0.01062403,-0.02108207,0.9997213
Fixation,5.9298,0.0180747,0.05160654,-0.03790699,-0.1959233,-0.25295,-0.01689223,-0.947283,0.4858496,-0.3626439,0.7952607,0.08365511,0.05267787,-0.04131386,-0.1772974,-0.08238492,-0.0157107,-0.9805772,0.1671405,-0.3451189,0.9235567,0.04997465,0.05124617,-0.1648034,0.01062816,0.005189428,0.01606406,0.999801,0.01071825,-0.02108537,0.9997202
Fixation,5.9417,0.0180837,0.05158818,-0.03789587,-0.1959023,-0.2529931,-0.01687845,-0.9472761,0.4859216,-0.3626069,0.7952336,0.08366381,0.05265951,-0.04130869,-0.1770084,-0.08247865,-0.0157043,-0.9806216,0.1673203,-0.3445659,0.9237306,0.04998305,0.05122769,-0.1647951,0.01060609,0.005234705,0.01606429,0.999801,0.01080809,-0.02103978,0.9997202
Fixation,5.9520,0.01808763,0.05157793,-0.03788841,-0.1955591,-0.2532389,-0.01685102,-0.9472818,0.4863679,-0.3619644,0.7952535,0.08366692,0.05264592,-0.04131788,-0.1770942,-0.08259802,-0.01565959,-0.9805968,0.1675371,-0.344729,0.9236305,0.04998518,0.05121672,-0.1647959,0.01069125,0.005361401,0.01603396,0.9997999,0.0110635,-0.02120628,0.9997139
Fixation,5.9631,0.01809688,0.0515579,-0.03786258,-0.1955886,-0.253316,-0.01683589,-0.9472554,0.4864957,-0.362015,0.7951522,0.08367562,0.0526253,-0.0413029,-0.1771234,-0.08267804,-0.01564101,-0.980585,0.1676865,-0.3447828,0.9235833,0.04999327,0.05119669,-0.1647754,0.0107206,0.005444054,0.01602694,0.9997993,0.01122956,-0.02126238,0.9997109
Fixation,5.9744,0.01810627,0.05153573,-0.03782675,-0.1955412,-0.2533504,-0.0169367,-0.9472542,0.4865982,-0.3618726,0.7951544,0.08368468,0.05261803,-0.04126874,-0.1769696,-0.08266335,-0.01574982,-0.9806123,0.1676959,-0.3444733,0.9236971,0.05000257,0.05118155,-0.1647403,0.01070048,0.005458012,0.01614094,0.9997976,0.01125924,-0.02122043,0.9997114
Fixation,5.9853,0.01809588,0.05151141,-0.03781591,-0.1956247,-0.2533864,-0.01688493,-0.9472282,0.4866358,-0.3620457,0.7950526,0.08367406,0.05258596,-0.04126459,-0.1770447,-0.08270234,-0.0156849,-0.9805965,0.1677491,-0.3446245,0.923631,0.04999142,0.05115414,-0.1647329,0.01077211,0.005508413,0.01607805,0.9997975,0.01136098,-0.02136272,0.9997072
Fixation,5.9965,0.01808546,0.05148959,-0.03780641,-0.1954679,-0.2532628,-0.01687713,-0.9472938,0.4864265,-0.3617823,0.7953005,0.08366388,0.05256093,-0.04125153,-0.1770867,-0.08267105,-0.01566757,-0.9805918,0.1676821,-0.344709,0.9236116,0.04998136,0.05113125,-0.1647217,0.01081287,0.005480913,0.01605264,0.9997976,0.01130676,-0.02144539,0.9997061
Fixation,6.0077,0.01805407,0.05145538,-0.03778879,-0.1954918,-0.2532603,-0.01694687,-0.9472883,0.4864469,-0.3617903,0.7952844,0.08363246,0.05253482,-0.04123195,-0.1769369,-0.08259445,-0.01573282,-0.9806243,0.1675557,-0.3444184,0.9237429,0.0499502,0.05110133,-0.1647032,0.01085374,0.005466604,0.0161126,0.9997963,0.01128075,-0.0215269,0.9997046
Fixation,6.0192,0.01803225,0.05142593,-0.03778214,-0.1954956,-0.2532171,-0.01696767,-0.9472987,0.4863786,-0.3617924,0.7953252,0.08361094,0.05250692,-0.04121904,-0.1769428,-0.08254948,-0.01575179,-0.9806268,0.1674748,-0.344429,0.9237537,0.04992904,0.05107272,-0.1646935,0.01086049,0.005419035,0.01612327,0.9997963,0.01118608,-0.02154182,0.9997054
Fixation,6.0297,0.01800983,0.05139375,-0.03777934,-0.1951157,-0.2532254,-0.01700658,-0.947374,0.4864349,-0.3610821,0.7956135,0.08358893,0.05247748,-0.04120743,-0.1769456,-0.08248752,-0.01578545,-0.9806309,0.167366,-0.3444324,0.9237722,0.04990756,0.05104196,-0.1646865,0.01086511,0.005352181,0.01614577,0.9997963,0.01105303,-0.02155296,0.9997066
Fixation,6.0405,0.01798106,0.05137265,-0.03778919,-0.1951557,-0.2532051,-0.01709236,-0.9473697,0.486429,-0.3611134,0.7956029,0.08356025,0.05246556,-0.04121267,-0.1766282,-0.082504,-0.01586589,-0.9806854,0.1674257,-0.3438155,0.9239911,0.04987931,0.05102587,-0.1646942,0.01092501,0.005317699,0.01621369,0.9997947,0.01098748,-0.0216731,0.9997047
Fixation,6.0520,0.0179466,0.05135155,-0.03780246,-0.1951387,-0.2531377,-0.01716649,-0.9473899,0.4863398,-0.3610539,0.7956845,0.08352624,0.05245256,-0.04121495,-0.1766217,-0.08243264,-0.01594053,-0.9806914,0.1673128,-0.3437947,0.9240193,0.04984605,0.05100882,-0.1647021,0.01092316,0.005234618,0.01627563,0.9997942,0.01082264,-0.02167142,0.9997066
Fixation,6.0630,0.01792118,0.05132759,-0.03781383,-0.1947255,-0.2531028,-0.01717549,-0.9474841,0.4863107,-0.3603043,0.7960419,0.08350109,0.0524286,-0.04122111,-0.1766124,-0.08239371,-0.01594683,-0.9806962,0.1672392,-0.3437784,0.9240386,0.04982119,0.05098486,-0.1647109,0.0109137,0.005194938,0.01627601,0.9997945,0.010743,-0.02165381,0.9997078
Fixation,6.0737,0.01789704,0.05132401,-0.03782889,-0.1947218,-0.253118,-0.01721191,-0.9474801,0.4863516,-0.3602768,0.7960294,0.0834768,0.05243003,-0.04123725,-0.176654,-0.08240737,-0.01598329,-0.980687,0.1672787,-0.3438503,0.9240048,0.04979695,0.05098355,-0.1647265,0.01091985,0.005203568,0.01631442,0.9997938,0.01076129,-0.02166542,0.9997073
Fixation,6.0852,0.01788994,0.05136299,-0.03785928,-0.1947038,-0.2530792,-0.01733546,-0.9474919,0.4863316,-0.3601861,0.7960826,0.08346988,0.05248415,-0.0412592,-0.176656,-0.0823644,-0.0161073,-0.9806882,0.1672385,-0.3438355,0.9240175,0.04979081,0.05103016,-0.1647528,0.01093084,0.005140505,0.01642901,0.999792,0.01063804,-0.02168822,0.9997082
Fixation,6.0966,0.0178768,0.05137539,-0.03788639,-0.1944235,-0.2528857,-0.01732714,-0.9476013,0.4860072,-0.3597082,0.7964967,0.08345728,0.05249417,-0.04127695,-0.1766237,-0.0822915,-0.01610146,-0.9807003,0.1670944,-0.3437798,0.9240643,0.04977866,0.05104101,-0.1647753,0.0108967,0.005068914,0.01641349,0.9997931,0.01049344,-0.0216225,0.9997112
Fixation,6.1073,0.01785375,0.05139458,-0.03792161,-0.1944246,-0.253,-0.01737236,-0.9475697,0.4862255,-0.3596713,0.7963802,0.08343334,0.05252206,-0.04132623,-0.1764447,-0.08239926,-0.0161494,-0.9807226,0.1673206,-0.3434252,0.9241552,0.04975417,0.05106461,-0.1648174,0.01091476,0.005176834,0.01647774,0.9997913,0.01071121,-0.02165435,0.9997081
Fixation,6.1186,0.01784798,0.05138838,-0.0379338,-0.194202,-0.252679,-0.01732763,-0.9477018,0.4856588,-0.3593344,0.7968779,0.0834285,0.05250871,-0.04132288,-0.1763684,-0.08227409,-0.01611447,-0.9807475,0.1670644,-0.3432941,0.9242503,0.04975002,0.05105412,-0.1648219,0.01083296,0.005057765,0.01642819,0.9997936,0.01046937,-0.02149526,0.9997141
Fixation,6.1300,0.017842,0.05142558,-0.03795469,-0.1941129,-0.252648,-0.01734514,-0.947728,0.485617,-0.3591681,0.7969784,0.08342272,0.05254948,-0.04133859,-0.1762821,-0.08224104,-0.01614673,-0.9807652,0.1670111,-0.3431269,0.924322,0.04974462,0.05109215,-0.1648401,0.01074762,0.005018573,0.01646082,0.9997942,0.01038891,-0.0213256,0.9997186
Fixation,6.1404,0.01783482,0.05143142,-0.03797491,-0.1940536,-0.2526471,-0.01729871,-0.9477413,0.485602,-0.3590842,0.7970253,0.08341558,0.05255103,-0.04135947,-0.1760913,-0.08232951,-0.01611323,-0.9807926,0.1671711,-0.3427649,0.9244274,0.04973737,0.05109513,-0.1648605,0.01067731,0.005023249,0.01643103,0.9997954,0.01039532,-0.02118518,0.9997215
Fixation,6.1519,0.01784114,0.05145955,-0.03799567,-0.1936978,-0.2526996,-0.01729148,-0.9478002,0.485716,-0.3584345,0.7972482,0.08342169,0.05257905,-0.04138448,-0.1760777,-0.08236123,-0.016106,-0.9807925,0.1672304,-0.3427383,0.9244266,0.04974325,0.05112314,-0.1648833,0.0106634,0.005055646,0.01643022,0.9997954,0.01045963,-0.02115631,0.9997215
Fixation,6.1633,0.01785001,0.05146027,-0.0380191,-0.193584,-0.2526832,-0.01726583,-0.9478283,0.4856853,-0.3582433,0.7973529,0.08343069,0.05257893,-0.0414056,-0.1759601,-0.08234402,-0.01610037,-0.9808151,0.1671946,-0.3425172,0.924515,0.04975239,0.05112219,-0.1649054,0.01054365,0.005037975,0.0164306,0.9997967,0.01042038,-0.02091746,0.9997269
Fixation,6.1739,0.01785708,0.05146563,-0.03804212,-0.1935538,-0.2527351,-0.01732439,-0.9478195,0.4858009,-0.3581511,0.7973238,0.08343732,0.05259395,-0.04143383,-0.175745,-0.08245574,-0.01616641,-0.9808432,0.1674346,-0.3420905,0.9246295,0.04975896,0.05113208,-0.164931,0.01053085,0.00507848,0.01650345,0.9997954,0.01050247,-0.02088976,0.9997266
Fixation,6.1851,0.0178654,0.05147183,-0.03806506,-0.1934191,-0.2529048,-0.01732161,-0.9478018,0.4861079,-0.3578845,0.7972564,0.08344552,0.05259764,-0.04146014,-0.17583,-0.08247697,-0.01614619,-0.9808266,0.1674692,-0.3422541,0.9245627,0.0497669,0.05113792,-0.1649557,0.01061573,0.005103971,0.01648075,0.9997948,0.01055576,-0.02105886,0.9997225
Fixation,6.1962,0.01787491,0.05146885,-0.03808871,-0.19344,-0.2529455,-0.01739388,-0.9477853,0.4862053,-0.3578798,0.7971991,0.08345467,0.05260432,-0.04148752,-0.1758644,-0.08251741,-0.01621442,-0.9808158,0.1675718,-0.3423052,0.9245252,0.04977605,0.05114019,-0.1649812,0.01065643,0.005133154,0.016552,0.9997931,0.01061695,-0.02113851,0.9997202
Fixation,6.2070,0.01783795,0.05146611,-0.03805488,-0.1934394,-0.2528771,-0.01743856,-0.9478029,0.486102,-0.3578652,0.7972687,0.08341817,0.05260551,-0.04144346,-0.1758691,-0.08244599,-0.01625724,-0.9808203,0.1674477,-0.3423112,0.9245455,0.04974018,0.05113947,-0.1649424,0.01066349,0.005055463,0.01658185,0.9997929,0.01046247,-0.0211549,0.9997215
Fixation,6.2183,0.0178443,0.05146527,-0.0380783,-0.1934368,-0.2528634,-0.01737729,-0.9478082,0.4860548,-0.3578938,0.7972846,0.08342467,0.05259657,-0.04146658,-0.1755229,-0.08259997,-0.01620135,-0.9808702,0.1677271,-0.341654,0.9247379,0.04974652,0.05113435,-0.1649657,0.01064499,0.005052562,0.01652163,0.9997941,0.01045479,-0.02111863,0.9997223
Fixation,6.2305,0.01785883,0.05146587,-0.03809073,-0.1932001,-0.2525686,-0.01735956,-0.9479355,0.4855451,-0.3575134,0.7977657,0.08343954,0.05259383,-0.04147363,-0.1755148,-0.0825553,-0.01618333,-0.9808758,0.1676338,-0.3416444,0.9247584,0.04976161,0.05113328,-0.1649755,0.0106347,0.00501123,0.01649709,0.9997948,0.01037129,-0.0210997,0.9997236
Fixation,6.2405,0.01787784,0.05145562,-0.03810913,-0.1932471,-0.2525976,-0.017343,-0.9479184,0.4855867,-0.3576033,0.7977,0.08345836,0.05258107,-0.04149663,-0.1755595,-0.08258592,-0.01615934,-0.9808656,0.1676852,-0.3417315,0.9247168,0.04978011,0.05112219,-0.1649962,0.01067856,0.005046085,0.01647525,0.9997945,0.01044196,-0.02118646,0.999721
Fixation,6.2549,0.01792371,0.05143476,-0.03812116,-0.192691,-0.2526648,-0.0173906,-0.9480128,0.485761,-0.3565591,0.7980614,0.08350404,0.05256629,-0.0415102,-0.1752947,-0.08266541,-0.01620562,-0.9809055,0.1678554,-0.3412157,0.9248764,0.04980389,0.05111337,-0.1650029,0.01068328,0.005046097,0.01647524,0.9997945,0.01044214,-0.02119589,0.9997208
Fixation,6.2671,0.01792371,0.05143476,-0.03812116,-0.192691,-0.2526648,-0.0173906,-0.9480128,0.485761,-0.3565591,0.7980614,0.08350404,0.05256629,-0.0415102,-0.1752947,-0.08266541,-0.01620562,-0.9809055,0.1678554,-0.3412157,0.9248764,0.04982585,0.05110443,-0.165009,0.01068338,0.005058342,0.01652129,0.9997936,0.0104676,-0.0211952,0.9997206
Fixation,6.2754,0.01794656,0.05143535,-0.03812239,-0.192606,-0.2527021,-0.01743668,-0.9480193,0.4858498,-0.3563759,0.7980891,0.08352657,0.05257583,-0.04151465,-0.1751212,-0.08292758,-0.01626938,-0.9809133,0.1683878,-0.340859,0.9249112,0.04984842,0.0511086,-0.1650116,0.01061262,0.005083708,0.0165929,0.9997931,0.0105175,-0.02105214,0.9997231
Fixation,6.2861,0.01794469,0.05144572,-0.03810077,-0.1925623,-0.2526817,-0.01736719,-0.9480349,0.4857907,-0.3563348,0.7981434,0.08352491,0.05257809,-0.04149178,-0.1750653,-0.08290771,-0.01620824,-0.980926,0.1683276,-0.3407646,0.9249569,0.04984666,0.05111444,-0.1649893,0.01055102,0.005073382,0.0165337,0.9997948,0.01049358,-0.02092995,0.9997259
Fixation,6.2965,0.0179623,0.05145514,-0.03808732,-0.1920742,-0.2528599,-0.01733754,-0.9480869,0.4861265,-0.3554381,0.7983388,0.08354251,0.05258369,-0.04147972,-0.1750397,-0.08291338,-0.01617773,-0.9809306,0.168328,-0.3407208,0.924973,0.04986412,0.05112171,-0.1649765,0.01052277,0.005083669,0.01650656,0.9997954,0.01051265,-0.0208734,0.9997268
Fixation,6.3073,0.01799116,0.05143416,-0.03809348,-0.1920697,-0.252882,-0.01725139,-0.9480835,0.4861334,-0.3554711,0.7983199,0.08357129,0.05255258,-0.04149094,-0.1748356,-0.08278232,-0.01609419,-0.9809794,0.1680432,-0.3403555,0.9251592,0.0498924,0.05109537,-0.1649851,0.010498,0.005121522,0.0164298,0.9997968,0.01058592,-0.02082344,0.9997271
Fixation,6.3183,0.01802309,0.05138528,-0.03809683,-0.1921272,-0.2528868,-0.01728057,-0.94807,0.486149,-0.3555601,0.7982708,0.08360315,0.05250609,-0.04149459,-0.1748977,-0.08278713,-0.01611294,-0.9809676,0.1680592,-0.34047,0.9251142,0.04992428,0.05104852,-0.1649887,0.0105624,0.005124027,0.01644437,0.9997959,0.01059335,-0.02095197,0.9997244
Fixation,6.3296,0.01805266,0.05133355,-0.03807979,-0.1918009,-0.2528673,-0.01737684,-0.9481396,0.4861728,-0.35492,0.7985411,0.0836324,0.05246389,-0.04148057,-0.1750298,-0.08282126,-0.0161846,-0.98094,0.1681509,-0.3407065,0.9250104,0.04995355,0.05100274,-0.1649733,0.01070227,0.005147791,0.01651059,0.9997932,0.01064685,-0.02123013,0.999718
Fixation,6.3411,0.01810053,0.05125487,-0.03808148,-0.1918748,-0.2528059,-0.01746835,-0.9481393,0.4860939,-0.355016,0.7985464,0.08368066,0.05239332,-0.04147229,-0.1751378,-0.08265252,-0.01625952,-0.9809337,0.1678486,-0.3409093,0.9249907,0.05000249,0.05092907,-0.1649704,0.01079509,0.005072459,0.01656815,0.9997916,0.01050051,-0.0214176,0.9997154
Fixation,6.3520,0.01811668,0.05127621,-0.03807972,-0.1919264,-0.2528079,-0.01736562,-0.9481302,0.4860555,-0.3551621,0.7985049,0.08369688,0.05240035,-0.04147372,-0.1751714,-0.08265718,-0.01614942,-0.9809291,0.1678195,-0.3409917,0.9249656,0.05001822,0.05094373,-0.1649702,0.01082063,0.005095635,0.01645815,0.9997931,0.01054533,-0.02146906,0.9997139
Fixation,6.3632,0.01813712,0.05131304,-0.03808536,-0.1916775,-0.2527954,-0.01722797,-0.9481865,0.4859987,-0.3547817,0.7987085,0.08371723,0.05242121,-0.04148643,-0.1751172,-0.08268922,-0.01601843,-0.9809383,0.1678362,-0.3409093,0.9249929,0.05003786,0.0509721,-0.1649792,0.01075606,0.005148164,0.01633871,0.9997954,0.0106457,-0.02133949,0.9997156
Fixation,6.3739,0.01816177,0.05137002,-0.03809185,-0.1916726,-0.2528028,-0.01706823,-0.9481883,0.4859524,-0.3548537,0.7987047,0.08374195,0.05245841,-0.04149788,-0.1749168,-0.08263449,-0.01586291,-0.9809812,0.1676751,-0.3405584,0.9251513,0.05006189,0.05101895,-0.164988,0.01071197,0.005184398,0.01618927,0.9997981,0.01071354,-0.02125176,0.9997168
Fixation,6.3849,0.01818861,0.05141926,-0.0380997,-0.191678,-0.2528191,-0.01701436,-0.9481838,0.4859605,-0.3548889,0.7986841,0.08376871,0.05250108,-0.04150929,-0.1749135,-0.08265247,-0.01580922,-0.9809811,0.1676915,-0.3405604,0.9251477,0.05008832,0.05106497,-0.1649975,0.01070478,0.005210977,0.01613969,0.9997988,0.0107654,-0.02123704,0.9997165
Fixation,6.3964,0.01820797,0.05144739,-0.03811553,-0.1913146,-0.2528749,-0.01702077,-0.9482422,0.486086,-0.354217,0.798906,0.08378797,0.05252934,-0.04152709,-0.1749369,-0.08266719,-0.01580833,-0.9809757,0.1677199,-0.340604,0.9251264,0.05010747,0.05109334,-0.1650144,0.01072858,0.005226007,0.01613951,0.9997985,0.01079622,-0.02128414,0.9997151
Fixation,6.4072,0.01819886,0.05148733,-0.03812823,-0.1913326,-0.2528105,-0.01713086,-0.9482538,0.4860124,-0.3542021,0.7989573,0.08377925,0.05258107,-0.04152857,-0.1749576,-0.08243463,-0.01591101,-0.9809899,0.1673026,-0.34064,0.9251888,0.0500996,0.05113947,-0.1650217,0.01077052,0.005141436,0.01622794,0.9997971,0.01063035,-0.0213698,0.9997151
Fixation,6.4185,0.01821657,0.05151021,-0.03814595,-0.1913284,-0.2527325,-0.01717736,-0.9482746,0.4858927,-0.3541812,0.7990394,0.08379748,0.05260789,-0.04153473,-0.1749588,-0.08235336,-0.01595617,-0.9809958,0.16716,-0.3406396,0.9252147,0.05011854,0.05116427,-0.1650338,0.01077411,0.005053595,0.01625879,0.999797,0.01045549,-0.02137952,0.9997168
Fixation,6.4295,0.01824803,0.05154574,-0.03816943,-0.1911542,-0.2527193,-0.01722917,-0.9483123,0.4859005,-0.3538395,0.7991861,0.08382906,0.05264688,-0.04155495,-0.1750553,-0.08233273,-0.01598892,-0.9809798,0.1671314,-0.3408185,0.925154,0.05015033,0.05120265,-0.1650559,0.01087409,0.005029077,0.01628038,0.9997957,0.01041017,-0.02157999,0.9997129
Fixation,6.4408,0.0182602,0.05156195,-0.03816009,-0.1910742,-0.252798,-0.0170943,-0.9483099,0.4859942,-0.3537523,0.7991676,0.08384076,0.05265009,-0.04155893,-0.1747855,-0.08247463,-0.01587344,-0.9810178,0.1673671,-0.3403172,0.9252959,0.05016106,0.05121124,-0.1650528,0.01076533,0.005129507,0.01618617,0.9997979,0.01060544,-0.02136026,0.9997156
Fixation,6.4519,0.01829026,0.05159533,-0.03813833,-0.1909915,-0.252793,-0.01695127,-0.9483305,0.4859377,-0.3536758,0.7992359,0.08387096,0.0526675,-0.04153952,-0.1746792,-0.0824719,-0.01574704,-0.981039,0.1673177,-0.3401369,0.9253711,0.05019082,0.05123568,-0.165032,0.01064782,0.005146152,0.01606937,0.9998009,0.01063246,-0.02112601,0.9997203
Fixation,6.4629,0.01831368,0.05161488,-0.03814459,-0.1907059,-0.2529195,-0.01683871,-0.9483562,0.486138,-0.3531966,0.7993259,0.08389387,0.05267632,-0.04155912,-0.1745977,-0.08255833,-0.01564698,-0.9810479,0.1674512,-0.339994,0.9253995,0.0502128,0.05124915,-0.1650446,0.01055876,0.005247022,0.01599137,0.9998026,0.01082967,-0.02094554,0.9997219
Fixation,6.4739,0.01833585,0.05161977,-0.03815228,-0.1907536,-0.2529611,-0.01676545,-0.9483368,0.4861809,-0.3533154,0.7992474,0.08391578,0.05267191,-0.04157452,-0.1744698,-0.0828839,-0.01557114,-0.9810444,0.168059,-0.3397441,0.9253811,0.05023409,0.05124974,-0.1650561,0.01058981,0.005304942,0.01591763,0.9998032,0.01094493,-0.02100657,0.9997194
Fixation,6.4852,0.01832182,0.0515933,-0.03814188,-0.1907256,-0.2530314,-0.01677078,-0.9483236,0.4863085,-0.3532522,0.7991977,0.08390123,0.05264866,-0.04157314,-0.1744453,-0.08295595,-0.01558249,-0.9810425,0.1682032,-0.3396913,0.9253743,0.05021914,0.05122459,-0.16505,0.01056691,0.005374045,0.01594253,0.9998026,0.0110829,-0.0209583,0.9997189
Fixation,6.4963,0.01833002,0.05155694,-0.03814974,-0.1905191,-0.253033,-0.01691715,-0.9483621,0.48638,-0.352801,0.7993535,0.08390911,0.0526309,-0.04158134,-0.1744818,-0.08298297,-0.01572347,-0.9810314,0.1683047,-0.3397347,0.9253399,0.0502274,0.05119777,-0.1650581,0.01061518,0.005378153,0.0160829,0.9997998,0.0110956,-0.02105311,0.9997168
Fixation,6.5072,0.01832987,0.05152404,-0.0381589,-0.190564,-0.2530388,-0.01700265,-0.94835,0.4864188,-0.352838,0.7993135,0.08390886,0.05260789,-0.04158944,-0.174541,-0.08298745,-0.01579988,-0.9810194,0.16834,-0.3398338,0.9252971,0.0502274,0.05117035,-0.1650669,0.01068108,0.005370826,0.01615434,0.9997981,0.01108457,-0.02118433,0.9997141
Fixation,6.5187,0.01833156,0.05147171,-0.03816416,-0.1905742,-0.2529629,-0.01712593,-0.948366,0.4863303,-0.3528037,0.7993825,0.083911,0.05256879,-0.04158159,-0.1744908,-0.08298949,-0.01591959,-0.9810262,0.1683854,-0.3397177,0.9253314,0.05023053,0.05112481,-0.1650659,0.01071807,0.005271973,0.0162552,0.9997966,0.01089025,-0.02126039,0.9997147
Fixation,6.5296,0.01828978,0.05148387,-0.03813788,-0.190581,-0.2529786,-0.01719432,-0.9483592,0.4863829,-0.3527788,0.7993615,0.08386905,0.05258977,-0.04155574,-0.1745096,-0.08300425,-0.01598599,-0.9810205,0.1684372,-0.3397412,0.9253134,0.05018874,0.0511415,-0.1650398,0.01074252,0.005275943,0.01632151,0.9997952,0.01090039,-0.02130842,0.9997135
Fixation,6.5405,0.01828458,0.0514487,-0.03813695,-0.1905407,-0.2528818,-0.01724148,-0.9483922,0.4862326,-0.3526945,0.7994902,0.083865,0.05255437,-0.04153273,-0.1745819,-0.08283824,-0.01601603,-0.9810212,0.1681243,-0.3398837,0.9253179,0.05018584,0.05110717,-0.1650283,0.0108158,0.005107669,0.01631819,0.9997953,0.01056624,-0.02146048,0.9997138
Fixation,6.5520,0.01826121,0.05144978,-0.03813744,-0.1905703,-0.2528948,-0.0172116,-0.9483833,0.4862425,-0.3527619,0.7994543,0.08384157,0.05255139,-0.04153591,-0.1744567,-0.08292276,-0.01598352,-0.9810368,0.1682774,-0.3396462,0.9253773,0.05016216,0.05110645,-0.1650301,0.01083831,0.005127782,0.0162849,0.9997955,0.01060647,-0.02150518,0.9997125
Fixation,6.5630,0.01821,0.05144596,-0.03810601,-0.1904319,-0.2528823,-0.01728301,-0.9484132,0.4862564,-0.3524752,0.7995724,0.08379063,0.05255425,-0.04149693,-0.1745002,-0.08287485,-0.01604558,-0.9810321,0.1682057,-0.3397211,0.9253628,0.05011177,0.05110645,-0.1649951,0.01088654,0.00507077,0.01633474,0.9997945,0.01049511,-0.02160295,0.9997115
Fixation,6.5741,0.01818078,0.05144119,-0.03808885,-0.1904745,-0.2528259,-0.01729835,-0.9484194,0.4861597,-0.3525525,0.7995971,0.08376182,0.05254889,-0.04147216,-0.1745431,-0.08281671,-0.01605227,-0.9810293,0.1680949,-0.339805,0.9253522,0.05008333,0.05110168,-0.1649743,0.01092969,0.005012712,0.01632851,0.9997944,0.01038029,-0.02169119,0.9997109
Fixation,6.5853,0.01816533,0.05143464,-0.03808905,-0.1904601,-0.2528015,-0.01729273,-0.9484289,0.4861157,-0.3525324,0.7996327,0.08374655,0.05254138,-0.04146915,-0.1743493,-0.0828822,-0.01605112,-0.9810582,0.1682215,-0.339433,0.9254657,0.05006822,0.05109465,-0.1649729,0.01091283,0.00498822,0.01632221,0.9997948,0.01033064,-0.02165834,0.999712
Fixation,6.5961,0.0181533,0.05143416,-0.03809046,-0.190077,-0.2528659,-0.01736029,-0.9484873,0.4862798,-0.3517915,0.7998592,0.08373468,0.0525471,-0.04146547,-0.1744027,-0.08285177,-0.01610539,-0.9810504,0.1681812,-0.339527,0.9254385,0.05005674,0.05109775,-0.1649719,0.0109707,0.004949933,0.01636654,0.9997936,0.01025693,-0.02177485,0.9997103
Fixation,6.6073,0.01811327,0.05141819,-0.03809313,-0.190127,-0.2528485,-0.01753423,-0.9484788,0.4863103,-0.3517958,0.7998388,0.08369462,0.05255127,-0.04146183,-0.1742896,-0.08298963,-0.01627062,-0.9810562,0.1685066,-0.3392752,0.9254717,0.05001745,0.05109262,-0.1649717,0.01106255,0.004903492,0.01651665,0.9997904,0.01017036,-0.02195848,0.9997072
Fixation,6.6185,0.01808881,0.0514133,-0.03809429,-0.1900752,-0.2527977,-0.0175347,-0.9485027,0.4862243,-0.3517082,0.7999295,0.08367053,0.0525465,-0.04145586,-0.1742368,-0.08293692,-0.01627927,-0.9810699,0.1684067,-0.3391766,0.925526,0.04999375,0.05108714,-0.1649693,0.01100898,0.004849194,0.01652047,0.9997912,0.01006011,-0.02185313,0.9997106
Fixation,6.6297,0.01807583,0.05141485,-0.03809432,-0.1896347,-0.2528424,-0.01753817,-0.9485789,0.4863337,-0.3508982,0.8002188,0.08365774,0.05254865,-0.04145199,-0.1741844,-0.082909,-0.01628776,-0.9810814,0.1683551,-0.3390772,0.9255718,0.0499812,0.05108857,-0.1649674,0.01095616,0.004819467,0.01652817,0.9997917,0.009999098,-0.02174845,0.9997135
Fixation,6.6455,0.01807579,0.05142808,-0.03810461,-0.1895838,-0.2528256,-0.01747198,-0.9485947,0.4862829,-0.3508416,0.8002744,0.08365787,0.05255449,-0.04146135,-0.173937,-0.08303417,-0.016234,-0.9811156,0.1685796,-0.3386087,0.9257025,0.04998123,0.05109739,-0.1649771,0.01088853,0.004811713,0.01647457,0.9997934,0.009980205,-0.02161402,0.9997166
Fixation,6.6573,0.01807727,0.05143356,-0.03810357,-0.1895722,-0.2528807,-0.01734553,-0.9485847,0.486334,-0.3508779,0.8002275,0.08365906,0.05254567,-0.0414707,-0.1739059,-0.08309337,-0.01611245,-0.981118,0.1686529,-0.3385668,0.9257044,0.04998156,0.0510956,-0.164981,0.01084832,0.004889752,0.01636713,0.9997953,0.01013261,-0.02153214,0.9997168
Fixation,6.6683,0.01807161,0.0514456,-0.03809637,-0.1894327,-0.2528195,-0.01727777,-0.9486301,0.4862104,-0.3506668,0.8003951,0.08365354,0.05255115,-0.04146304,-0.1738059,-0.0830822,-0.01606099,-0.9811375,0.1686131,-0.3383863,0.9257777,0.04997595,0.05110323,-0.1649734,0.01074291,0.00488576,0.01632224,0.9997972,0.01012023,-0.02132197,0.9997215
Fixation,6.6792,0.01808077,0.0514257,-0.03809619,-0.1894365,-0.2529251,-0.01724514,-0.9486018,0.4863841,-0.3506761,0.8002855,0.08366195,0.05252981,-0.04147775,-0.1735197,-0.08340324,-0.0160342,-0.9811615,0.1692286,-0.337827,0.9258696,0.04998353,0.05108261,-0.1649805,0.01074373,0.004999147,0.01630958,0.9997967,0.01034671,-0.02132003,0.9997191
Fixation,6.6910,0.01807262,0.05139017,-0.03810821,-0.1894079,-0.2528767,-0.01730581,-0.9486193,0.4863231,-0.3505996,0.800356,0.08365355,0.05249941,-0.04149298,-0.1736517,-0.08343287,-0.01607239,-0.981135,0.1692998,-0.3380696,0.9257681,0.04997503,0.0510509,-0.1649943,0.01088088,0.005024032,0.01634199,0.9997947,0.01040163,-0.02159309,0.9997127
Fixation,6.7020,0.01806211,0.05134594,-0.03811516,-0.1894306,-0.2528765,-0.01735844,-0.9486139,0.4863408,-0.350614,0.800339,0.083643,0.05246127,-0.04149875,-0.1736831,-0.08343177,-0.01612024,-0.9811287,0.1693142,-0.3381211,0.9257466,0.04996467,0.05101013,-0.1650007,0.01091641,0.005015561,0.01638649,0.9997936,0.01038682,-0.02166394,0.9997113
Fixation,6.7127,0.01805172,0.05132377,-0.03811862,-0.1895036,-0.2529022,-0.01756429,-0.9485887,0.4864574,-0.3506379,0.8002576,0.08363225,0.05246377,-0.04150102,-0.1735253,-0.08374422,-0.01631551,-0.9811268,0.1699897,-0.3377681,0.9257517,0.0499545,0.05100131,-0.1650038,0.011041,0.005008565,0.01656928,0.9997892,0.0103809,-0.02191136,0.999706
Fixation,6.7245,0.01804577,0.05133748,-0.03812287,-0.1894439,-0.2528806,-0.01755788,-0.9486064,0.4864209,-0.3505353,0.8003248,0.08362645,0.05247772,-0.04150216,-0.1734644,-0.08372165,-0.01631922,-0.9811394,0.1699468,-0.337653,0.9258016,0.04994889,0.05101454,-0.1650065,0.01097931,0.004984813,0.01657386,0.99979,0.01033147,-0.02178877,0.9997092
Fixation,6.7354,0.01803623,0.05134368,-0.03812351,-0.1892345,-0.2527505,-0.01756919,-0.9486827,0.4862095,-0.3501658,0.800615,0.08361699,0.0524863,-0.04150064,-0.1734117,-0.0837092,-0.01633918,-0.9811494,0.1699293,-0.3375501,0.9258423,0.04993961,0.05102134,-0.165006,0.01092732,0.004968536,0.01659547,0.9997903,0.01029768,-0.02168515,0.9997118
Fixation,6.7462,0.01802224,0.05135918,-0.03812674,-0.189183,-0.2527657,-0.01752432,-0.9486898,0.486223,-0.3500929,0.8006386,0.08360292,0.05249786,-0.04150664,-0.1732488,-0.08393592,-0.01630702,-0.9811594,0.1703594,-0.3372319,0.9258792,0.04992532,0.05103421,-0.1650104,0.01086603,0.004989415,0.01656812,0.9997913,0.01033681,-0.0215622,0.9997141
Fixation,6.7573,0.01801102,0.05136657,-0.03813164,-0.1891219,-0.2527349,-0.01746448,-0.9487113,0.4861508,-0.3500163,0.8007159,0.08359197,0.05249858,-0.04150853,-0.1731772,-0.08390503,-0.0162582,-0.9811755,0.1702822,-0.3371061,0.9259393,0.0499144,0.05103767,-0.1650137,0.01078917,0.004965803,0.01652052,0.999793,0.01028603,-0.0214098,0.9997179
Fixation,6.7684,0.01798756,0.05138564,-0.03810325,-0.1891876,-0.2529417,-0.01745254,-0.9486433,0.4865064,-0.3501141,0.8004572,0.08356842,0.05251753,-0.04148194,-0.1731331,-0.08391873,-0.01625378,-0.9811822,0.1703072,-0.3370222,0.9259651,0.04989077,0.05105615,-0.1649861,0.01074441,0.004979487,0.01652178,0.9997934,0.01031195,-0.02131985,0.9997195
Fixation,6.7794,0.01797522,0.05140209,-0.03809188,-0.1891094,-0.2529267,-0.01748237,-0.9486623,0.4864962,-0.3499584,0.8005314,0.08355616,0.05253947,-0.04146732,-0.1729957,-0.08409692,-0.01629879,-0.9811904,0.1706694,-0.336742,0.9260004,0.04987882,0.0510745,-0.1649731,0.01067381,0.004955096,0.01656661,0.9997935,0.0102618,-0.02117904,0.999723
Fixation,6.7904,0.01796819,0.05141759,-0.03808412,-0.1889982,-0.2529177,-0.01750487,-0.9486864,0.4864959,-0.3497455,0.8006247,0.08354916,0.05256045,-0.04145705,-0.1728891,-0.08408636,-0.01634009,-0.9812094,0.1706627,-0.3365329,0.9260777,0.0498721,0.05109167,-0.1649639,0.01056907,0.00493648,0.01661365,0.9997939,0.01022211,-0.02096976,0.9997278
Fixation,6.8016,0.01795052,0.05141377,-0.0380694,-0.1887136,-0.2530468,-0.0175128,-0.9487085,0.4867451,-0.3492053,0.800709,0.08353149,0.05255818,-0.04144174,-0.1728518,-0.08408433,-0.01635177,-0.981216,0.1706626,-0.33646,0.9261042,0.04985452,0.05108821,-0.1649488,0.01053215,0.004932074,0.01662767,0.9997941,0.01021237,-0.02089594,0.9997295
Fixation,6.8130,0.01793467,0.05140042,-0.03805162,-0.1886815,-0.2530769,-0.01749994,-0.9487071,0.4867956,-0.3491492,0.8007028,0.08351542,0.05254483,-0.04142807,-0.1727149,-0.08423989,-0.01634716,-0.9812269,0.1709637,-0.3361908,0.9261464,0.04983823,0.0510745,-0.164933,0.01049863,0.004963449,0.01662884,0.9997943,0.01027402,-0.02082787,0.9997303
Fixation,6.8242,0.01793503,0.05140722,-0.03803729,-0.1886563,-0.2531272,-0.01749987,-0.9486987,0.4868859,-0.3490966,0.8006708,0.08351542,0.05255353,-0.04142028,-0.1726916,-0.08429153,-0.01635231,-0.9812264,0.171066,-0.3361424,0.9261451,0.04983793,0.0510819,-0.1649218,0.01047621,0.005013437,0.01664414,0.9997941,0.01037354,-0.02078121,0.9997302
Fixation,6.8351,0.01793779,0.0514102,-0.03802096,-0.1886689,-0.2535481,-0.0174798,-0.9485842,0.4876192,-0.3490727,0.8002348,0.08351786,0.05255461,-0.04141089,-0.1726998,-0.08434086,-0.01632933,-0.9812211,0.1711542,-0.3361589,0.9261228,0.04983995,0.05108404,-0.1649089,0.01048335,0.00506612,0.01662898,0.9997939,0.01047881,-0.0207939,0.9997289
Fixation,6.8461,0.01794564,0.05143094,-0.03800218,-0.1887205,-0.253563,-0.01748888,-0.9485697,0.4876454,-0.34916,0.8001807,0.0835256,0.05257547,-0.04139422,-0.1723905,-0.08432347,-0.01633214,-0.9812769,0.1711204,-0.3355712,0.9263422,0.04984757,0.05110538,-0.1648912,0.01053734,0.005082245,0.01662767,0.9997933,0.01051281,-0.02090131,0.9997263
Fixation,6.8578,0.01795341,0.05143428,-0.03798299,-0.1886771,-0.253608,-0.01744273,-0.9485672,0.4877106,-0.3490986,0.8001679,0.08353307,0.05257535,-0.04138187,-0.1723411,-0.08437043,-0.01629504,-0.9812822,0.171199,-0.3354809,0.9263603,0.04985462,0.05110645,-0.1648752,0.01048512,0.005134105,0.01660263,0.999794,0.01061426,-0.02079544,0.9997274
Fixation,6.8687,0.01795586,0.05142832,-0.03795957,-0.1884499,-0.2539241,-0.01742742,-0.9485281,0.4882767,-0.3486496,0.8000184,0.08353531,0.05256867,-0.04136279,-0.1723069,-0.08440225,-0.01628282,-0.9812856,0.1712567,-0.335416,0.9263732,0.04985662,0.0510999,-0.1648539,0.01044997,0.005167116,0.01659843,0.9997943,0.01067901,-0.0207241,0.9997282
Fixation,6.8801,0.01795692,0.05141854,-0.03793072,-0.1884817,-0.2539694,-0.01742646,-0.9485096,0.4883539,-0.3487018,0.7999484,0.08353603,0.05255914,-0.04134021,-0.1721693,-0.08437131,-0.01627779,-0.9813125,0.1711943,-0.335157,0.9264784,0.049857,0.05109048,-0.1648281,0.0104834,0.005214961,0.01659796,0.9997937,0.01077578,-0.02078936,0.9997258
Fixation,6.8905,0.01795848,0.05138063,-0.03794448,-0.1885703,-0.253957,-0.0174656,-0.9484946,0.4883406,-0.3488449,0.7998942,0.08353767,0.05252349,-0.04135194,-0.1722632,-0.08435834,-0.01630065,-0.9812968,0.1711771,-0.3353325,0.9264181,0.04985877,0.0510546,-0.1648411,0.01058014,0.005199684,0.01661114,0.9997925,0.01074871,-0.02098315,0.9997221
Fixation,6.9017,0.01796104,0.05134809,-0.03792799,-0.1885296,-0.2540465,-0.01750006,-0.9484782,0.4885136,-0.3487407,0.799834,0.08354039,0.05249488,-0.04133092,-0.1722512,-0.08432975,-0.01633618,-0.9813008,0.1711335,-0.3353052,0.9264361,0.04986183,0.05102396,-0.1648224,0.01057034,0.005165454,0.01664235,0.9997923,0.01068059,-0.02096435,0.9997232
Fixation,6.9130,0.0179588,0.05131948,-0.03791438,-0.1885945,-0.2540201,-0.01752136,-0.9484719,0.4884707,-0.3488517,0.7998118,0.08353832,0.05246663,-0.0413137,-0.1721008,-0.08421171,-0.01634628,-0.9813371,0.1709066,-0.3350247,0.9265794,0.04985995,0.0509963,-0.1648071,0.01063854,0.00513796,0.01664181,0.9997917,0.01062787,-0.02110165,0.9997209
Fixation,6.9240,0.01796036,0.05129468,-0.03793993,-0.1886357,-0.2540459,-0.01751268,-0.9484569,0.4885103,-0.3489276,0.7997545,0.08353971,0.0524404,-0.04134319,-0.172141,-0.08423889,-0.016331,-0.981328,0.1709544,-0.3351021,0.9265426,0.04986107,0.05097115,-0.1648346,0.01067835,0.005167873,0.01662814,0.9997914,0.01068871,-0.02118038,0.9997185
Fixation,6.9356,0.01795768,0.05126858,-0.03795731,-0.1886161,-0.2544754,-0.01756741,-0.9483447,0.4892879,-0.3488052,0.7993324,0.08353688,0.0524205,-0.04136131,-0.1721762,-0.0842523,-0.01637759,-0.9813199,0.1709966,-0.3351602,0.9265138,0.04985834,0.0509485,-0.1648525,0.01071792,0.005174101,0.01667346,0.9997902,0.01070344,-0.02125881,0.9997167
Fixation,6.9468,0.01795401,0.05125296,-0.03795654,-0.1886484,-0.2544537,-0.01760268,-0.9483435,0.4892606,-0.3488488,0.7993301,0.08353335,0.05240786,-0.04135699,-0.1719999,-0.0842225,-0.01640794,-0.9813529,0.1709483,-0.3348213,0.9266452,0.04985504,0.05093479,-0.16485,0.01075759,0.005147267,0.0166951,0.9997895,0.01065157,-0.02133878,0.9997156
Fixation,6.9572,0.01794927,0.05124438,-0.0379587,-0.1886964,-0.2544264,-0.0176753,-0.9483398,0.489236,-0.3489026,0.7993217,0.08352874,0.05240643,-0.04135405,-0.1720589,-0.08419322,-0.01647053,-0.981344,0.1709128,-0.3349244,0.9266145,0.04985086,0.05093038,-0.1648498,0.01082186,0.005108959,0.01674739,0.9997881,0.01057823,-0.02146801,0.9997136
Fixation,6.9684,0.01794514,0.05130351,-0.03795664,-0.1886907,-0.2546098,-0.01773614,-0.9482906,0.4895814,-0.3488357,0.7991394,0.08352478,0.05247188,-0.04134651,-0.1720853,-0.0841602,-0.01652527,-0.9813412,0.1708673,-0.3349673,0.9266074,0.04984732,0.05099285,-0.1648452,0.01085251,0.005067782,0.01679385,0.9997872,0.01049792,-0.02153018,0.9997131
Fixation,6.9793,0.01793569,0.05131686,-0.03796664,-0.1886234,-0.2545549,-0.01771515,-0.9483192,0.4894816,-0.3487314,0.799246,0.08351574,0.05248296,-0.04134926,-0.1720133,-0.08410361,-0.01651545,-0.9813589,0.1707534,-0.3348354,0.926676,0.04983863,0.05100441,-0.1648515,0.01077801,0.00501237,0.01678049,0.9997885,0.01038434,-0.02138324,0.9997174
Fixation,6.9905,0.01792749,0.0513308,-0.0379816,-0.1884394,-0.2546278,-0.01771443,-0.9483362,0.4896217,-0.3483866,0.7993106,0.08350807,0.05249465,-0.04135487,-0.1717651,-0.08425202,-0.01651447,-0.9813896,0.1710413,-0.3343542,0.9267967,0.04983141,0.05101717,-0.1648619,0.01077728,0.00494081,0.01676361,0.9997892,0.01024087,-0.02138436,0.9997189
Fixation,7.0017,0.01792731,0.05133247,-0.03800394,-0.1883999,-0.2545782,-0.01773022,-0.948357,0.4895428,-0.3483132,0.7993909,0.08350822,0.05249798,-0.04136995,-0.1717271,-0.08420039,-0.01653604,-0.9814004,0.170948,-0.3342814,0.9268402,0.04983201,0.05101931,-0.1648807,0.01073981,0.004885683,0.01677936,0.9997896,0.01012972,-0.02131113,0.9997216
Fixation,7.0127,0.01793313,0.05131781,-0.03805506,-0.1883515,-0.2545404,-0.01771764,-0.9483771,0.4894748,-0.3482368,0.7994658,0.08351434,0.05248201,-0.04141602,-0.1713952,-0.0843485,-0.01653537,-0.9814457,0.1712351,-0.3336408,0.927018,0.04983838,0.05100334,-0.1649292,0.01068704,0.004846978,0.01677242,0.9997905,0.01005042,-0.02120702,0.9997246
Fixation,7.0240,0.01793643,0.05132508,-0.0380774,-0.1883329,-0.2545618,-0.01774147,-0.9483746,0.4895224,-0.3481877,0.799458,0.08351746,0.05249333,-0.04144049,-0.1713816,-0.08436987,-0.01656247,-0.9814458,0.1712859,-0.3336087,0.9270201,0.04984147,0.05101264,-0.1649526,0.01067566,0.004863584,0.01680359,0.99979,0.01008391,-0.02118339,0.9997247
Fixation,7.0355,0.01794342,0.05133748,-0.03809788,-0.1879374,-0.2547267,-0.01778032,-0.948408,0.4898529,-0.3474245,0.7995877,0.08352423,0.05251253,-0.04146267,-0.1713207,-0.08439195,-0.01660958,-0.9814537,0.1713447,-0.3334832,0.9270545,0.04984833,0.05102766,-0.1649738,0.01061807,0.004877058,0.01685821,0.9997896,0.01011007,-0.02106724,0.999727
Fixation,7.0461,0.01794978,0.05134058,-0.03811031,-0.1878924,-0.2547027,-0.01777175,-0.9484235,0.4898103,-0.3473502,0.799646,0.08353077,0.05251515,-0.04147181,-0.1710535,-0.08445342,-0.0166111,-0.981495,0.171464,-0.3329706,0.9272166,0.04985504,0.05103004,-0.1649845,0.01057031,0.004851918,0.01685679,0.9997903,0.01005816,-0.02097261,0.9997295
Fixation,7.0574,0.01796117,0.05136192,-0.0381316,-0.1878676,-0.254717,-0.01777097,-0.9484246,0.4898369,-0.3473034,0.79965,0.08354206,0.05253744,-0.04149486,-0.1710293,-0.08446798,-0.01661493,-0.9814979,0.1714936,-0.3329229,0.9272283,0.04986627,0.05105162,-0.1650067,0.01054629,0.004865394,0.01686478,0.9997903,0.01008447,-0.02092404,0.9997302
Fixation,7.0684,0.0179773,0.05138266,-0.03814527,-0.1875177,-0.2547194,-0.01777491,-0.9484932,0.4898654,-0.3466632,0.7999103,0.08355848,0.05256045,-0.04150198,-0.1709108,-0.08442275,-0.01663667,-0.9815221,0.1714124,-0.3326963,0.9273247,0.04988312,0.05107224,-0.1650169,0.01042747,0.004815521,0.01688796,0.9997914,0.00998123,-0.02068795,0.9997361
Fixation,7.0793,0.01799431,0.05141139,-0.0381621,-0.1874635,-0.2547415,-0.01775659,-0.9484983,0.4899011,-0.3465709,0.7999285,0.08357535,0.05258882,-0.04152185,-0.1705277,-0.08468051,-0.01663316,-0.9815665,0.1719119,-0.3319515,0.9274991,0.04989983,0.05110013,-0.1650351,0.01037041,0.004838604,0.01688794,0.9997919,0.01002546,-0.02057308,0.9997381
Fixation,7.0906,0.0179852,0.05140162,-0.03817091,-0.1873973,-0.2547212,-0.01771919,-0.9485175,0.4898561,-0.3464723,0.7999987,0.08356641,0.05257559,-0.04152843,-0.1704551,-0.08465998,-0.01660754,-0.9815813,0.171863,-0.3318192,0.9275554,0.04989095,0.05108786,-0.1650427,0.01029469,0.004821411,0.01686502,0.9997932,0.009988069,-0.02042249,0.9997416
Fixation,7.1021,0.0180153,0.05141819,-0.03818183,-0.1871782,-0.2550451,-0.01765582,-0.9484749,0.4904172,-0.3460616,0.7998326,0.08359674,0.05258465,-0.04153755,-0.1703878,-0.08463727,-0.01655125,-0.9815959,0.1717995,-0.3317022,0.9276091,0.04992123,0.05110002,-0.1650526,0.01022171,0.00480704,0.01681117,0.9997949,0.009955785,-0.02027761,0.9997448
Fixation,7.1130,0.01804097,0.05143142,-0.03818696,-0.1871266,-0.255041,-0.01763565,-0.9484866,0.4904061,-0.3459786,0.7998754,0.08362244,0.05259657,-0.04154228,-0.1700556,-0.08490872,-0.01654491,-0.9816303,0.1723251,-0.3310538,0.9277432,0.04994695,0.05111206,-0.1650575,0.01016548,0.004803893,0.016804,0.9997956,0.009947463,-0.02016536,0.9997472
Fixation,7.1239,0.01807848,0.0514394,-0.03821346,-0.1871729,-0.255087,-0.01755696,-0.9484665,0.4904553,-0.3460974,0.7997939,0.0836597,0.05259454,-0.04157716,-0.1700895,-0.0849582,-0.01646018,-0.9816215,0.172393,-0.3311301,0.9277033,0.04998353,0.05111539,-0.1650881,0.0101937,0.004866933,0.016726,0.9997963,0.01007288,-0.02022044,0.9997448
Fixation,7.1353,0.01811178,0.0514456,-0.03823129,-0.1870494,-0.2551894,-0.01751041,-0.9484642,0.4906266,-0.3458824,0.7997817,0.08369268,0.05259585,-0.04160313,-0.1700912,-0.08501279,-0.01641252,-0.9816173,0.1724833,-0.3311383,0.9276837,0.05001595,0.05111921,-0.1651099,0.01019234,0.004928649,0.01668779,0.9997966,0.01019547,-0.02021603,0.9997436
Fixation,7.1465,0.01813613,0.05145919,-0.03823387,-0.1871163,-0.2552084,-0.01755697,-0.948445,0.4906727,-0.3459776,0.7997124,0.08371685,0.05261397,-0.04160754,-0.1701659,-0.0850318,-0.01644701,-0.9816021,0.1725322,-0.3312733,0.9276263,0.0500401,0.05113578,-0.1651135,0.01027093,0.004942955,0.016719,0.9997953,0.01022733,-0.02037238,0.9997401
Fixation,7.1575,0.01816059,0.05147898,-0.03824019,-0.1871087,-0.2552217,-0.01753782,-0.9484433,0.4906895,-0.345972,0.7997044,0.08374123,0.05263186,-0.04161606,-0.1698219,-0.08525863,-0.01643421,-0.9816422,0.1729687,-0.3306064,0.927783,0.05006433,0.05115461,-0.1651209,0.01025936,0.004959533,0.01670505,0.9997956,0.01025981,-0.02034882,0.9997403
Fixation,7.1727,0.01817676,0.05147266,-0.03830475,-0.1867781,-0.2554024,-0.01746854,-0.9484611,0.491004,-0.3453804,0.7997671,0.08375731,0.05261731,-0.04168509,-0.1697952,-0.08528166,-0.01636557,-0.9816459,0.1729904,-0.3305662,0.9277933,0.05008,0.051144,-0.1651875,0.01022716,0.004992971,0.0166433,0.9997967,0.01032434,-0.02028397,0.999741
Fixation,7.1877,0.01821624,0.05150461,-0.03832104,-0.1867166,-0.2554252,-0.01752073,-0.9484661,0.4910672,-0.3452383,0.7997897,0.08379658,0.05265808,-0.04170273,-0.1696127,-0.0853259,-0.01642932,-0.9816726,0.1730975,-0.3302046,0.927902,0.0501035,0.05117953,-0.1652006,0.01028663,0.005038693,0.01668612,0.9997952,0.01041861,-0.02040089,0.9997376
Fixation,7.1948,0.01821624,0.05150461,-0.03832104,-0.1867166,-0.2554252,-0.01752073,-0.9484661,0.4910672,-0.3452383,0.7997897,0.08379658,0.05265808,-0.04170273,-0.1696127,-0.0853259,-0.01642932,-0.9816726,0.1730975,-0.3302046,0.927902,0.0501194,0.05117977,-0.1652044,0.01018072,0.005003989,0.01671232,0.999796,0.01034622,-0.02019003,0.9997426
Fixation,7.2026,0.01821982,0.05149817,-0.03833767,-0.1862983,-0.255591,-0.01756306,-0.9485029,0.4914016,-0.344431,0.7999324,0.0838003,0.05265713,-0.04171448,-0.1695649,-0.08529697,-0.01647591,-0.9816827,0.1730566,-0.3301071,0.9279444,0.05012353,0.05117536,-0.1652186,0.01013568,0.004967227,0.01675722,0.9997959,0.01027212,-0.02010074,0.9997452
Fixation,7.2130,0.01822572,0.05149031,-0.03835714,-0.1862695,-0.2555977,-0.01761033,-0.9485059,0.4914325,-0.3443531,0.799947,0.08380611,0.05265629,-0.04173351,-0.1695446,-0.08530261,-0.01652759,-0.9816847,0.1730849,-0.3300591,0.9279562,0.05012951,0.05117083,-0.1652378,0.01011945,0.004964304,0.01681055,0.9997951,0.0102668,-0.02006785,0.9997459
Fixation,7.2242,0.01825014,0.05151033,-0.03835398,-0.1862537,-0.2555637,-0.01762051,-0.948518,0.4913773,-0.3443237,0.7999935,0.08383076,0.05267715,-0.04172545,-0.16925,-0.08551614,-0.01654411,-0.9817168,0.1735054,-0.3294816,0.9280828,0.05015445,0.05119109,-0.1652322,0.01010476,0.004927054,0.016818,0.9997954,0.01019197,-0.02003965,0.9997472
Fixation,7.2354,0.01826565,0.05152047,-0.03835519,-0.1858318,-0.2556598,-0.01755967,-0.9485759,0.4915517,-0.3435726,0.8002092,0.08384673,0.05267966,-0.04172035,-0.1691612,-0.08545996,-0.01649306,-0.9817379,0.1733785,-0.3293249,0.9281622,0.05017062,0.05119658,-0.1652302,0.01000997,0.004878339,0.01676567,0.9997975,0.01009035,-0.01985231,0.999752
Fixation,7.2461,0.01822132,0.05148423,-0.03837869,-0.1858124,-0.2555973,-0.01750897,-0.9485975,0.4914246,-0.3435719,0.8002875,0.08380289,0.05263603,-0.04173663,-0.1691314,-0.08539657,-0.01644545,-0.9817492,0.1732389,-0.3292804,0.928204,0.05012701,0.05115628,-0.1652501,0.00997505,0.004822712,0.01671096,0.999799,0.00997687,-0.01978491,0.9997545
Fixation,7.2575,0.01822883,0.05142879,-0.03838846,-0.1859328,-0.2555415,-0.01761469,-0.948587,0.4913569,-0.3437444,0.8002551,0.08381072,0.05258942,-0.04173717,-0.1691038,-0.08536182,-0.01652891,-0.9817556,0.1731991,-0.3292154,0.9282345,0.05013549,0.05110681,-0.1652557,0.01011775,0.004753082,0.01677164,0.9997969,0.009843616,-0.02007196,0.9997501
Fixation,7.2690,0.01826528,0.05139947,-0.03838258,-0.1858893,-0.2558214,-0.01764693,-0.9485195,0.491864,-0.3436103,0.8000011,0.0838474,0.05256033,-0.04172652,-0.1691995,-0.08532586,-0.01654097,-0.981742,0.1731334,-0.3293977,0.9281821,0.05017241,0.05107844,-0.1652476,0.010215,0.004716827,0.01677026,0.999796,0.009774346,-0.02026763,0.9997468
Fixation,7.2796,0.01830053,0.05140972,-0.03836987,-0.1859491,-0.2557929,-0.0175596,-0.948517,0.4917783,-0.3437684,0.7999858,0.08388297,0.05255723,-0.04171254,-0.1691413,-0.0856422,-0.01644782,-0.9817261,0.1737184,-0.3292836,0.9281133,0.05020773,0.05108261,-0.1652344,0.01025063,0.004706073,0.01666717,0.9997975,0.009751937,-0.02034023,0.9997455
Fixation,7.2904,0.01833189,0.05144489,-0.03833093,-0.1859553,-0.2558012,-0.01729331,-0.9485185,0.491696,-0.3439168,0.7999727,0.08391452,0.05255902,-0.04168123,-0.1691024,-0.08565655,-0.01618475,-0.9817359,0.173658,-0.3292551,0.9281347,0.05023813,0.05110097,-0.165199,0.01019016,0.004761611,0.01641367,0.9998021,0.009855852,-0.02021998,0.999747
Fixation,7.3018,0.01837007,0.05149114,-0.03831116,-0.1861572,-0.2558176,-0.01703018,-0.9484793,0.491616,-0.3444192,0.7998057,0.08395258,0.05257356,-0.04167403,-0.1690542,-0.08571045,-0.01592931,-0.9817437,0.1736772,-0.3292051,0.9281488,0.05027485,0.05113101,-0.1651853,0.01012143,0.004855008,0.01617477,0.9998062,0.01003556,-0.02008187,0.999748
Fixation,7.3130,0.01841771,0.05153537,-0.03829497,-0.1861789,-0.2559042,-0.01681656,-0.9484555,0.4916892,-0.3445579,0.7997009,0.08399977,0.0525924,-0.04167476,-0.1690684,-0.08582518,-0.01571678,-0.9817346,0.1738295,-0.3292629,0.9280998,0.05032058,0.0511626,-0.1651772,0.01009338,0.004981959,0.01598171,0.9998089,0.01028463,-0.02002366,0.9997466
Fixation,7.3241,0.01847892,0.05154419,-0.03827898,-0.1861767,-0.2559882,-0.0168387,-0.9484329,0.4918452,-0.3445313,0.7996165,0.08406034,0.05260623,-0.04166941,-0.1690728,-0.08591124,-0.01574047,-0.981726,0.1740052,-0.3292617,0.9280673,0.0503807,0.05117393,-0.1651664,0.01010088,0.005063509,0.01601849,0.9998078,0.01044867,-0.02003566,0.9997447
Fixation,7.3355,0.01852697,0.05155325,-0.03827088,-0.1859054,-0.2560757,-0.01685901,-0.9484621,0.4920244,-0.344014,0.7997289,0.08410832,0.05261719,-0.04166202,-0.1690927,-0.08591892,-0.01575486,-0.9817217,0.174025,-0.3292968,0.9280512,0.05042868,0.05118418,-0.1651587,0.01012236,0.005069102,0.01603232,0.9998074,0.01046082,-0.02007828,0.9997437
Fixation,7.3460,0.01855683,0.05156255,-0.03827595,-0.1859251,-0.2561339,-0.01693397,-0.9484411,0.4921528,-0.3440033,0.7996545,0.08413769,0.05263686,-0.04167318,-0.1691269,-0.08597752,-0.01582624,-0.9817095,0.1741632,-0.3293456,0.9280079,0.05045794,0.05119884,-0.1651668,0.01016354,0.005116269,0.01610927,0.9998055,0.010558,-0.0201583,0.9997411
Fixation,7.3571,0.01858279,0.05156732,-0.03827162,-0.1859321,-0.2561702,-0.01700835,-0.9484286,0.4922431,-0.3439726,0.7996122,0.08416334,0.05265176,-0.04167192,-0.1691901,-0.08612479,-0.01589951,-0.9816845,0.1744748,-0.3294439,0.9279144,0.05048363,0.05120873,-0.1651641,0.01019093,0.005140463,0.01618485,0.9998039,0.01060879,-0.02021146,0.9997395
Fixation,7.3687,0.01854547,0.05155253,-0.03825597,-0.1860156,-0.2562874,-0.01700982,-0.9483805,0.4924442,-0.3441084,0.79943,0.08412515,0.05263805,-0.04167243,-0.1692768,-0.08624616,-0.01588844,-0.9816591,0.1747077,-0.3296035,0.9278139,0.05044459,0.0511955,-0.1651564,0.01027944,0.005263668,0.01618663,0.9998023,0.01085803,-0.02038441,0.9997333
Fixation,7.3798,0.01856703,0.0515759,-0.03825611,-0.1859683,-0.2560675,-0.01697332,-0.9484499,0.4920473,-0.3440707,0.7996905,0.08414673,0.05265713,-0.04167368,-0.1692619,-0.08624929,-0.0158551,-0.9816619,0.1747026,-0.329581,0.9278229,0.05046602,0.05121648,-0.165157,0.01026175,0.005271877,0.01615549,0.9998029,0.01087324,-0.02034911,0.9997338
Fixation,7.3907,0.01856266,0.05160522,-0.03825533,-0.1859457,-0.2560432,-0.01686108,-0.9484629,0.4919654,-0.3440909,0.7997322,0.08414263,0.05267227,-0.04167225,-0.1691265,-0.08619931,-0.01574863,-0.9816914,0.1745692,-0.329345,0.9279318,0.05046164,0.05123842,-0.1651559,0.01021002,0.005265791,0.01604991,0.9998052,0.01085727,-0.02024704,0.9997361
Fixation,7.4018,0.01851329,0.05159354,-0.038252,-0.1856071,-0.2557085,-0.01681246,-0.9486203,0.4913817,-0.3435431,0.8003263,0.08409358,0.05265403,-0.04166488,-0.1690935,-0.08616091,-0.01570332,-0.9817011,0.1744792,-0.3292926,0.9279674,0.05041268,0.05122328,-0.1651505,0.01017248,0.005234509,0.01600175,0.9998065,0.01079255,-0.02017349,0.9997382
Fixation,7.4129,0.01848555,0.05158556,-0.03825472,-0.1855546,-0.2556425,-0.01682656,-0.9486482,0.4912741,-0.3434489,0.8004328,0.0840663,0.05264759,-0.04165811,-0.1690418,-0.08609217,-0.01572519,-0.9817157,0.1743525,-0.3291944,0.928026,0.05038596,0.05121541,-0.1651485,0.01012099,0.005162224,0.0160163,0.9998072,0.01064666,-0.02007271,0.9997419
Fixation,7.4240,0.01846474,0.05157685,-0.03825963,-0.1854421,-0.2555838,-0.01695261,-0.9486837,0.4912239,-0.3431861,0.8005763,0.08404581,0.05265617,-0.04165138,-0.16895,-0.08602814,-0.01586786,-0.9817348,0.1742754,-0.3289981,0.9281101,0.05036649,0.05121434,-0.1651476,0.01003877,0.005074849,0.01615361,0.9998062,0.01047206,-0.01990969,0.9997469
Fixation,7.4354,0.01843911,0.05155432,-0.03826057,-0.1854363,-0.2555491,-0.0170855,-0.9486918,0.4912111,-0.3431114,0.8006161,0.08402032,0.05264974,-0.04164441,-0.1688761,-0.08594894,-0.01599945,-0.9817524,0.174165,-0.3288387,0.9281873,0.05034177,0.05119991,-0.1651448,0.01006473,0.005015848,0.0162753,0.9998043,0.01035735,-0.01996225,0.9997471
Fixation,7.4467,0.0183842,0.05153072,-0.03824644,-0.1853593,-0.2553788,-0.01718627,-0.9487509,0.4909529,-0.3429416,0.8008472,0.08396553,0.05263746,-0.04162436,-0.1689207,-0.08591873,-0.01609312,-0.9817458,0.1741376,-0.328909,0.9281675,0.05028753,0.05118239,-0.1651278,0.01011705,0.004971617,0.01635913,0.9998026,0.01027228,-0.02006744,0.9997458
Fixation,7.4576,0.0183536,0.05149555,-0.03824027,-0.18543,-0.2553537,-0.01728857,-0.948742,0.4909411,-0.3430212,0.8008204,0.08393504,0.05261266,-0.04161283,-0.168904,-0.08583234,-0.01618135,-0.9817548,0.1739988,-0.3288668,0.9282085,0.05025753,0.05115318,-0.1651192,0.01021135,0.004931543,0.01643447,0.9998007,0.01019676,-0.02025654,0.9997428
Fixation,7.4685,0.0183274,0.051458,-0.03824511,-0.1854839,-0.2553317,-0.01738794,-0.9487356,0.4909348,-0.343071,0.8008029,0.08390891,0.05258572,-0.04161268,-0.1689734,-0.08580795,-0.01626942,-0.9817435,0.173981,-0.328985,0.92817,0.05023188,0.05112171,-0.1651218,0.01028837,0.004894312,0.01651177,0.9997988,0.01012641,-0.02041098,0.9997404
Fixation,7.4794,0.01830453,0.05144584,-0.03824581,-0.1856411,-0.2549689,-0.01738576,-0.9488024,0.4902852,-0.3434078,0.8010565,0.08388641,0.05256879,-0.0416076,-0.1691013,-0.08575762,-0.01624566,-0.9817263,0.1738753,-0.3292361,0.9281008,0.05020956,0.0511086,-0.1651199,0.01041516,0.004849951,0.01647031,0.9997984,0.01004103,-0.02066636,0.999736
Fixation,7.4907,0.01827189,0.05142856,-0.03825313,-0.1856167,-0.2549005,-0.01741953,-0.9488249,0.4901787,-0.3433551,0.8011443,0.08385424,0.05255473,-0.04160483,-0.1690807,-0.08568633,-0.01628194,-0.9817355,0.1737485,-0.3291948,0.9281392,0.050178,0.05109262,-0.1651223,0.01039624,0.004773276,0.01649621,0.9997985,0.009887625,-0.0206308,0.9997383
Fixation,7.5022,0.01824686,0.05143487,-0.03825266,-0.1856382,-0.2548313,-0.01750205,-0.9488378,0.4900852,-0.343361,0.8011989,0.08382963,0.05256903,-0.04159325,-0.1689103,-0.0855573,-0.01635925,-0.9817747,0.1735225,-0.3288643,0.9282985,0.05015416,0.05110323,-0.1651165,0.01043481,0.004689269,0.01655698,0.9997975,0.009722177,-0.02071012,0.9997383
Fixation,7.5131,0.01821175,0.05143392,-0.03826037,-0.1856885,-0.2547085,-0.01748215,-0.9488613,0.4898586,-0.3434796,0.8012867,0.08379472,0.05256355,-0.04159859,-0.1689628,-0.08553324,-0.01632983,-0.9817683,0.1734659,-0.3289711,0.9282713,0.05011926,0.05110061,-0.1651231,0.0104852,0.004670809,0.01652008,0.9997976,0.00968616,-0.02081184,0.9997365
Fixation,7.5240,0.0181979,0.0514183,-0.03828437,-0.1856985,-0.2546235,-0.01749976,-0.9488819,0.4897145,-0.3435001,0.8013659,0.08378147,0.05254781,-0.04161088,-0.1689728,-0.08544531,-0.01634392,-0.981774,0.1732993,-0.3289933,0.9282945,0.05010662,0.051085,-0.1651414,0.01049534,0.004581573,0.01651908,0.999798,0.009508042,-0.02083507,0.9997377
Fixation,7.5352,0.01818489,0.05138648,-0.0382981,-0.1857233,-0.2545719,-0.01761387,-0.9488887,0.4896634,-0.3434934,0.8014001,0.08376873,0.0525285,-0.04161512,-0.1689405,-0.08531609,-0.01645092,-0.9817891,0.1730833,-0.3289208,0.9283605,0.05009466,0.05105984,-0.1651507,0.01054593,0.004510247,0.01661232,0.9997962,0.009369041,-0.02093771,0.9997369
Fixation,7.5462,0.01816757,0.05136573,-0.03829996,-0.1858823,-0.2544583,-0.01773567,-0.9488858,0.4894972,-0.3437361,0.8013975,0.08375156,0.05252147,-0.04160913,-0.1689904,-0.08527461,-0.01656628,-0.9817821,0.1730413,-0.3289981,0.928341,0.05007822,0.05104649,-0.1651488,0.0106051,0.004451512,0.0167153,0.9997941,0.009255726,-0.02105702,0.9997354
Fixation,7.5573,0.01815165,0.05137265,-0.03830038,-0.18587,-0.2544771,-0.01774135,-0.9488831,0.4895333,-0.3437082,0.8013875,0.0837355,0.05252993,-0.04161184,-0.1689161,-0.0852532,-0.01657445,-0.9817966,0.173002,-0.3288565,0.9283985,0.05006206,0.051054,-0.1651503,0.0105953,0.004469115,0.01672715,0.999794,0.009290847,-0.02103673,0.9997355
Fixation,7.5687,0.01812715,0.05133212,-0.03829108,-0.1858051,-0.2544406,-0.01773114,-0.9489057,0.4894694,-0.3436,0.8014728,0.08371127,0.05248892,-0.04159751,-0.168849,-0.08521535,-0.01657502,-0.9818115,0.1729282,-0.3287309,0.9284567,0.05003811,0.05101252,-0.1651385,0.01052694,0.004430614,0.0167269,0.9997949,0.009211577,-0.02090134,0.9997391
Fixation,7.5797,0.01812199,0.05133188,-0.03828484,-0.1857717,-0.2541221,-0.01759197,-0.9490002,0.4888601,-0.3436537,0.8018216,0.08370653,0.05247378,-0.04158789,-0.1686911,-0.0851724,-0.01646299,-0.9818442,0.1728064,-0.3284523,0.928578,0.05003327,0.05100334,-0.1651303,0.01035755,0.004403688,0.01662215,0.9997985,0.009149931,-0.02056452,0.9997467
Fixation,7.5909,0.01812536,0.0513525,-0.0382772,-0.1858907,-0.2541723,-0.01751675,-0.9489648,0.4889136,-0.3439029,0.8016822,0.08370962,0.05248308,-0.04158956,-0.1687978,-0.08522671,-0.0163692,-0.9818227,0.1728812,-0.3286689,0.9284874,0.05003558,0.05101943,-0.1651273,0.01045866,0.004473801,0.01653018,0.9997987,0.009291568,-0.0207652,0.9997412
Fixation,7.6021,0.01813316,0.05134106,-0.03827089,-0.1859663,-0.2542387,-0.01744478,-0.9489336,0.4889995,-0.344069,0.8015585,0.08371703,0.05246222,-0.04159435,-0.1687987,-0.08518069,-0.01628584,-0.9818279,0.1727636,-0.328688,0.9285025,0.05004216,0.05100405,-0.1651265,0.01051845,0.004557612,0.01645493,0.9997989,0.009459552,-0.02088269,0.9997372
Fixation,7.6131,0.01814598,0.05131531,-0.03826255,-0.1860138,-0.2539615,-0.01747786,-0.9489979,0.4885201,-0.3441761,0.8018048,0.08372979,0.05244029,-0.04158601,-0.1688311,-0.08518536,-0.01631573,-0.9818215,0.1727829,-0.3287444,0.928479,0.05005499,0.05098045,-0.1651182,0.01055378,0.004557936,0.01648256,0.9997981,0.009461938,-0.02095304,0.9997357
Fixation,7.6241,0.01813986,0.05130327,-0.03826018,-0.1860435,-0.2539544,-0.01756704,-0.9489923,0.4885379,-0.3441852,0.80179,0.08372363,0.0524385,-0.04158071,-0.1689178,-0.0851605,-0.01639781,-0.9818073,0.1727622,-0.3288966,0.9284289,0.05004921,0.05097401,-0.1651146,0.01060501,0.00453645,0.01655888,0.9997963,0.009422266,-0.02105545,0.9997339
Fixation,7.6354,0.0181364,0.05128884,-0.03826141,-0.1860108,-0.2539367,-0.01762413,-0.9490024,0.4885297,-0.3440985,0.8018323,0.08372024,0.0524317,-0.04157798,-0.1688945,-0.08514083,-0.01645937,-0.981812,0.1727444,-0.3288426,0.9284514,0.05004621,0.05096316,-0.1651138,0.01058611,0.004506886,0.01661814,0.9997957,0.009363774,-0.0210181,0.9997352
Fixation,7.6463,0.01812002,0.05125594,-0.03829008,-0.1857486,-0.2537728,-0.01771713,-0.9490958,0.4882914,-0.3435942,0.8021936,0.08370392,0.05241096,-0.04160133,-0.1688721,-0.08511667,-0.01655623,-0.9818164,0.1727296,-0.3287844,0.9284747,0.05003045,0.05093598,-0.1651399,0.01057095,0.004467298,0.01671133,0.9997945,0.009286068,-0.02098824,0.9997366
Fixation,7.6576,0.01811845,0.0512569,-0.0382965,-0.1857138,-0.2538063,-0.01774992,-0.9490931,0.4883644,-0.3435093,0.8021855,0.08370207,0.05241776,-0.04161119,-0.1688443,-0.0851502,-0.01659515,-0.9818175,0.1728079,-0.3287225,0.9284821,0.05002856,0.05093956,-0.1651479,0.01054644,0.004493979,0.01675716,0.9997939,0.009339562,-0.02093791,0.9997371
Fixation,7.6687,0.01811617,0.05126476,-0.03829964,-0.1856294,-0.2537815,-0.01773346,-0.9491165,0.4883202,-0.3433671,0.8022733,0.08369997,0.05242515,-0.04161088,-0.1686685,-0.08511689,-0.01659369,-0.9818507,0.1727418,-0.3283897,0.9286121,0.05002666,0.05094624,-0.1651492,0.01045781,0.004467585,0.01675784,0.9997949,0.009283838,-0.0207616,0.9997414
Fixation,7.6798,0.01810986,0.05127037,-0.03833683,-0.1854175,-0.2536485,-0.017704,-0.9491941,0.4880885,-0.3430132,0.8025656,0.08369395,0.05242729,-0.04164357,-0.1686176,-0.08507907,-0.01657112,-0.9818631,0.1726604,-0.328299,0.9286593,0.05002082,0.05094957,-0.1651841,0.01040397,0.004433007,0.01673356,0.999796,0.009212395,-0.02065533,0.9997442
Fixation,7.6909,0.01810539,0.05127895,-0.03836538,-0.1853674,-0.253619,-0.01767409,-0.9492123,0.488029,-0.342941,0.8026326,0.08368972,0.05243266,-0.04166859,-0.168562,-0.08504902,-0.01654982,-0.9818756,0.1725944,-0.3281987,0.9287071,0.05001671,0.05095589,-0.1652109,0.01034561,0.004405858,0.01671213,0.9997971,0.009155723,-0.02053976,0.9997471
Fixation,7.7018,0.01810192,0.05129063,-0.038379,-0.1853623,-0.2536092,-0.01764159,-0.9492165,0.4880003,-0.3429498,0.8026464,0.08368635,0.05244005,-0.04168165,-0.1684581,-0.08487444,-0.01651773,-0.981909,0.1722431,-0.3280171,0.9288364,0.05001329,0.05096543,-0.1652242,0.01033201,0.004401295,0.01668067,0.9997978,0.0091455,-0.020513,0.9997478
Fixation,7.7126,0.01810261,0.05130255,-0.03839417,-0.1855615,-0.2535274,-0.01762223,-0.9491999,0.4878364,-0.3433345,0.8025815,0.08368712,0.05245006,-0.04169605,-0.168441,-0.08486614,-0.01650298,-0.981913,0.1722219,-0.3279878,0.9288507,0.05001406,0.05097628,-0.1652389,0.01031344,0.004395153,0.01666615,0.9997982,0.009132304,-0.02047623,0.9997486
Fixation,7.7242,0.0181351,0.05131507,-0.03838566,-0.1855372,-0.2535036,-0.01766729,-0.9492101,0.4878122,-0.3432702,0.8026237,0.08371972,0.0524683,-0.04168311,-0.1684238,-0.08484045,-0.01655112,-0.9819173,0.1721878,-0.327948,0.928871,0.05004703,0.05099142,-0.1652283,0.01029956,0.004361861,0.01671077,0.9997978,0.009066186,-0.02044918,0.9997498
Fixation,7.7353,0.01814952,0.05133379,-0.0383918,-0.1855372,-0.2535459,-0.0176143,-0.9491998,0.4878677,-0.3432918,0.8025808,0.08373389,0.05248141,-0.04169618,-0.1685654,-0.08504559,-0.01650005,-0.9818761,0.1725712,-0.3282142,0.9287059,0.0500607,0.05100727,-0.1652378,0.01028836,0.004414218,0.01666791,0.9997984,0.009169626,-0.02042543,0.9997493
Fixation,7.7463,0.0181664,0.05135858,-0.03839997,-0.1852047,-0.2534984,-0.01761295,-0.9492774,0.4878046,-0.3426916,0.8028755,0.08375075,0.05250752,-0.04170427,-0.1684976,-0.08504748,-0.01650883,-0.9818875,0.1725775,-0.3280833,0.928751,0.05007761,0.05103195,-0.1652458,0.0102205,0.004413785,0.01668215,0.9997988,0.009166794,-0.02028963,0.9997521
Fixation,7.7573,0.01818283,0.05137086,-0.03840245,-0.1851384,-0.2535057,-0.01754772,-0.9492896,0.4877982,-0.3426031,0.8029172,0.08376719,0.0525136,-0.04170888,-0.1684212,-0.08505588,-0.0164562,-0.9819008,0.172576,-0.3279463,0.9287996,0.05009382,0.05104041,-0.1652491,0.01013906,0.004429427,0.01663767,0.9998004,0.009194467,-0.02012668,0.9997551
Fixation,7.7688,0.01821506,0.0513674,-0.03839895,-0.1851113,-0.2535171,-0.01752043,-0.9492924,0.4878102,-0.342566,0.8029258,0.08379935,0.05250764,-0.04170738,-0.1686023,-0.08511374,-0.01643307,-0.981865,0.1726817,-0.3282921,0.9286578,0.05012584,0.0510354,-0.1652465,0.01010602,0.004444521,0.01662041,0.9998009,0.009223205,-0.02006028,0.9997562
Fixation,7.7800,0.0182295,0.05138004,-0.0383986,-0.184846,-0.2533363,-0.01750025,-0.9493927,0.487501,-0.3421159,0.8033054,0.08381346,0.05251849,-0.04171421,-0.168614,-0.0851651,-0.01641087,-0.981859,0.1727744,-0.328315,0.9286325,0.05013951,0.05104733,-0.1652497,0.01011667,0.004499069,0.01660586,0.9998008,0.009332338,-0.02007989,0.9997548
Fixation,7.7908,0.01823727,0.05138683,-0.03839855,-0.1848558,-0.2534047,-0.01741141,-0.9493741,0.487589,-0.3421704,0.8032288,0.08382083,0.05251551,-0.04172549,-0.1686109,-0.08523747,-0.01632285,-0.9818546,0.172886,-0.3283202,0.9286098,0.05014606,0.05104911,-0.1652552,0.01010752,0.004584712,0.01653107,0.9998018,0.009501781,-0.02005945,0.9997537
Fixation,7.8020,0.01825264,0.05137396,-0.03841194,-0.1848709,-0.253391,-0.01739918,-0.9493752,0.4875594,-0.342206,0.8032316,0.08383632,0.05250037,-0.04173744,-0.1689096,-0.0853536,-0.01630698,-0.9817935,0.173108,-0.328885,0.9283686,0.05016156,0.0510354,-0.1652679,0.01011867,0.004573581,0.01651326,0.999802,0.009479536,-0.02008229,0.9997534
Fixation,7.8131,0.01826178,0.05136728,-0.03842507,-0.1845821,-0.2532939,-0.01736542,-0.9494578,0.4873944,-0.3417087,0.8035433,0.08384521,0.05248988,-0.04175649,-0.1689178,-0.08539283,-0.01627054,-0.9817892,0.1731723,-0.3289047,0.9283497,0.05017005,0.05102682,-0.1652839,0.01012458,0.004618349,0.01648305,0.9998022,0.009568641,-0.02009291,0.9997523
Fixation,7.8243,0.01826336,0.05136514,-0.03842479,-0.1845635,-0.2533075,-0.01741354,-0.9494569,0.4874369,-0.3416483,0.8035432,0.08384666,0.05249453,-0.04175674,-0.168908,-0.08540574,-0.01632135,-0.981789,0.1732145,-0.3288761,0.9283519,0.05017162,0.05102801,-0.1652839,0.0101189,0.004622934,0.01653588,0.9998014,0.009578682,-0.02008088,0.9997525
Fixation,7.8357,0.01826668,0.05134845,-0.03842405,-0.1844886,-0.2532437,-0.01739423,-0.9494889,0.4873222,-0.3415298,0.8036632,0.08385044,0.05247581,-0.04174747,-0.1690255,-0.08535087,-0.01631283,-0.9817737,0.1731051,-0.329105,0.9282912,0.05017585,0.05100942,-0.1652788,0.01003706,0.004557752,0.0165245,0.9998027,0.00944542,-0.01991954,0.999757
Fixation,7.8464,0.01822622,0.05132008,-0.03843075,-0.1845903,-0.2532138,-0.01747456,-0.9494756,0.4872918,-0.3416784,0.8036184,0.08381014,0.05245411,-0.0417489,-0.1691387,-0.08531912,-0.01637391,-0.9817559,0.173064,-0.3293118,0.9282255,0.05013594,0.05098546,-0.1652832,0.01015605,0.004518103,0.01657065,0.9998009,0.009370991,-0.02015832,0.9997529
Fixation,7.8574,0.0182124,0.05130696,-0.03842703,-0.184517,-0.2533395,-0.01753544,-0.9494551,0.4875402,-0.3414964,0.8035451,0.08379678,0.05244708,-0.04173382,-0.1691313,-0.085242,-0.0164337,-0.9817629,0.1729338,-0.329292,0.9282568,0.05012334,0.05097532,-0.1652739,0.01015234,0.004432075,0.01661768,0.9998006,0.009199799,-0.02015333,0.9997545
Fixation,7.8680,0.01820026,0.05128956,-0.03843219,-0.1845277,-0.2532969,-0.01753975,-0.9494644,0.4874658,-0.3415195,0.8035804,0.08378494,0.05242884,-0.04173326,-0.1692626,-0.08511306,-0.01643379,-0.9817514,0.172683,-0.3295501,0.9282119,0.05011179,0.05095768,-0.1652763,0.01016194,0.004388346,0.01661152,0.9998007,0.009112555,-0.02017404,0.999755
Fixation,7.8792,0.01818268,0.05127382,-0.03843521,-0.1843599,-0.2532315,-0.01756517,-0.949514,0.4873703,-0.3412084,0.8037705,0.08376686,0.05241811,-0.04174463,-0.1692675,-0.08518176,-0.01645963,-0.9817442,0.1728256,-0.3295507,0.9281852,0.05009335,0.05094445,-0.1652834,0.01017,0.004452354,0.01664759,0.9997998,0.009241538,-0.02018768,0.9997535
Fixation,7.8907,0.01816989,0.05124819,-0.03840703,-0.18447,-0.2530818,-0.01761269,-0.9495316,0.4871164,-0.3414053,0.8038408,0.08375511,0.05239177,-0.04169606,-0.1693798,-0.08502742,-0.016485,-0.9817378,0.1725337,-0.3297698,0.9281616,0.05008266,0.05091953,-0.1652455,0.01028349,0.004296929,0.01663899,0.9997994,0.008934348,-0.02041985,0.9997516
Fixation,7.9017,0.01815514,0.05123007,-0.03840949,-0.184444,-0.2531029,-0.0176781,-0.9495298,0.4871788,-0.3413213,0.8038387,0.08374013,0.05238307,-0.0416996,-0.1696961,-0.08511484,-0.01655247,-0.9816745,0.1727279,-0.3303549,0.9279174,0.05006784,0.05090606,-0.1652485,0.01027508,0.004305817,0.0167115,0.9997983,0.008953322,-0.0204021,0.9997517
Fixation,7.9128,0.01814921,0.05121553,-0.03841857,-0.1845151,-0.2530527,-0.0177202,-0.9495286,0.4871009,-0.3414364,0.803837,0.08373453,0.05237079,-0.04170142,-0.169772,-0.08506285,-0.01658087,-0.9816654,0.1726364,-0.3304977,0.9278836,0.05006266,0.05089343,-0.1652542,0.01035341,0.004250809,0.01672513,0.9997975,0.008846221,-0.02056045,0.9997495
Fixation,7.9238,0.01814766,0.05118263,-0.03844381,-0.1844152,-0.2527823,-0.01774513,-0.9496195,0.4866391,-0.3412772,0.8041843,0.08373333,0.05233908,-0.04171936,-0.1698032,-0.08500938,-0.01659994,-0.9816643,0.1725388,-0.3305571,0.9278806,0.05006187,0.05086136,-0.1652759,0.0103858,0.004195213,0.01673286,0.9997972,0.008736294,-0.020627,0.9997491
Fixation,7.9350,0.01814342,0.05117214,-0.03845768,-0.1844081,-0.2527088,-0.01776565,-0.9496401,0.486517,-0.3412635,0.8042639,0.08372959,0.05232942,-0.04172288,-0.1698799,-0.08510765,-0.0166212,-0.9816421,0.1727377,-0.3306933,0.9277951,0.05005872,0.05085135,-0.1652847,0.01038043,0.004116421,0.016741,0.9997975,0.008578733,-0.02061883,0.9997506
Fixation,7.9460,0.01813493,0.05117762,-0.03847273,-0.1843957,-0.2527111,-0.01778946,-0.9496415,0.4865305,-0.3412285,0.8042706,0.08372105,0.05233836,-0.04173758,-0.1698717,-0.08510944,-0.01664681,-0.981643,0.1727498,-0.3306731,0.9278,0.05005027,0.05085838,-0.1652996,0.01037428,0.004113996,0.01676713,0.9997972,0.008574217,-0.02060639,0.9997509
Fixation,7.9572,0.01812869,0.0511874,-0.0384912,-0.1844366,-0.2525326,-0.01778427,-0.9496811,0.4862111,-0.3413297,0.8044208,0.08371488,0.05234778,-0.04175483,-0.1698579,-0.08510006,-0.01664518,-0.9816462,0.1727309,-0.3306476,0.9278126,0.05004416,0.0508678,-0.1653175,0.01036,0.004104767,0.0167651,0.9997973,0.008555244,-0.02057817,0.9997516
Fixation,7.9685,0.0181559,0.05118394,-0.03852114,-0.1843709,-0.2525265,-0.01783527,-0.9496945,0.4862227,-0.3411843,0.8044754,0.08374207,0.05235231,-0.0417823,-0.1701784,-0.08522917,-0.01670518,-0.9815785,0.1730039,-0.3312393,0.9275506,0.05007168,0.0508678,-0.1653461,0.01030753,0.004086521,0.01682873,0.9997969,0.008518308,-0.02047333,0.9997541
Fixation,7.9794,0.01816645,0.05118418,-0.03854202,-0.1843297,-0.2525197,-0.01780971,-0.9497048,0.4862041,-0.3411231,0.8045127,0.08375268,0.05235016,-0.04180264,-0.1701331,-0.08522238,-0.01668698,-0.9815872,0.1729844,-0.3311568,0.9275837,0.05008229,0.05086637,-0.1653666,0.01026018,0.004082105,0.01681329,0.9997977,0.008507573,-0.02037894,0.9997562
Fixation,7.9904,0.01818265,0.05120194,-0.03855926,-0.1843101,-0.2522201,-0.01779844,-0.9497885,0.4856723,-0.3411329,0.8048297,0.08376889,0.05236506,-0.04182105,-0.1701963,-0.08522689,-0.01666583,-0.9815762,0.1729863,-0.3312805,0.9275392,0.05009834,0.05088329,-0.1653846,0.01032243,0.004090827,0.01678825,0.9997974,0.008526587,-0.02050332,0.9997534
Fixation,8.0023,0.01818213,0.05121303,-0.03857468,-0.1842589,-0.2522427,-0.01778967,-0.9497926,0.4857123,-0.3410408,0.8048446,0.0837682,0.05237699,-0.04183936,-0.1704116,-0.08530725,-0.01666496,-0.9815319,0.1731434,-0.3316855,0.9273651,0.05009754,0.05089426,-0.1654013,0.01027075,0.004112935,0.01679651,0.9997977,0.00856923,-0.02039918,0.9997552
Fixation,8.0135,0.01818469,0.05120778,-0.03860673,-0.1841169,-0.2521883,-0.01783166,-0.9498338,0.4856401,-0.3407671,0.8050041,0.08377108,0.05237937,-0.04186223,-0.1702764,-0.0852495,-0.01672984,-0.9815593,0.1730523,-0.3314204,0.9274769,0.05010112,0.0508914,-0.1654287,0.01013846,0.004043482,0.01686162,0.9997982,0.008427234,-0.02013647,0.9997617
Fixation,8.0240,0.01818708,0.0512327,-0.03862829,-0.1842263,-0.2522433,-0.01782585,-0.949798,0.4857282,-0.3409627,0.804868,0.083773,0.05240333,-0.04189357,-0.1703537,-0.0853208,-0.01671229,-0.98154,0.1731856,-0.331566,0.9274,0.05010247,0.05091667,-0.1654551,0.01021619,0.004117982,0.01684981,0.9997973,0.008578578,-0.02028947,0.9997573
Fixation,8.0351,0.01819994,0.05123162,-0.0386385,-0.1842092,-0.2522213,-0.0177858,-0.9498079,0.4856762,-0.3409549,0.8049028,0.08378606,0.05239701,-0.04190171,-0.1701493,-0.08558375,-0.01667919,-0.9815531,0.1736859,-0.3311663,0.9274492,0.05011553,0.05091274,-0.1654643,0.01018832,0.004101797,0.01681192,0.9997984,0.008544511,-0.02023461,0.9997587
Fixation,8.0460,0.01820545,0.0512253,-0.03864648,-0.1838908,-0.2522293,-0.01785174,-0.9498662,0.4857338,-0.3403378,0.8051291,0.08379118,0.05240262,-0.04191318,-0.1700595,-0.08562595,-0.01676104,-0.9815636,0.1737954,-0.330978,0.927496,0.05012076,0.05091131,-0.1654738,0.0101047,0.004129269,0.01690633,0.9997975,0.008598533,-0.02006569,0.9997617
Fixation,8.0570,0.01823055,0.05119002,-0.0386256,-0.1839234,-0.2522161,-0.01781088,-0.9498642,0.4856938,-0.3404202,0.8051184,0.08381642,0.05236101,-0.04189174,-0.1700846,-0.08561339,-0.01671501,-0.9815611,0.1737555,-0.3310348,0.9274831,0.05014589,0.05087328,-0.1654527,0.01012617,0.004124545,0.01685705,0.9997981,0.008588819,-0.0201092,0.9997609
Fixation,8.0694,0.0182499,0.05118859,-0.03862786,-0.1838981,-0.2522182,-0.01778791,-0.949869,0.4856908,-0.3403854,0.805135,0.08383578,0.05235732,-0.04189466,-0.1703904,-0.08575708,-0.0166956,-0.9814959,0.17403,-0.3316115,0.9272256,0.05016516,0.05087042,-0.1654552,0.01009556,0.004129408,0.01684172,0.9997987,0.008597207,-0.02004795,0.9997621
Fixation,8.0795,0.01826023,0.05118787,-0.03863425,-0.1839952,-0.2520903,-0.01769859,-0.9498858,0.4854268,-0.3406256,0.8051925,0.08384617,0.05234528,-0.0419039,-0.1703929,-0.08576354,-0.01660606,-0.9814964,0.1740123,-0.3316317,0.9272217,0.05017513,0.05086398,-0.165463,0.01009087,0.004150189,0.0167545,0.9998001,0.008636853,-0.02003863,0.9997619
Fixation,8.0903,0.01828027,0.05117714,-0.03863034,-0.1839337,-0.2521038,-0.01765103,-0.949895,0.4854375,-0.3405357,0.8052241,0.08386616,0.05233049,-0.04190253,-0.1703245,-0.08577788,-0.01656992,-0.9815076,0.1740278,-0.331507,0.9272634,0.05019491,0.05085063,-0.1654602,0.01001893,0.004169275,0.01672667,0.9998012,0.008672059,-0.0198944,0.9997645
Fixation,8.1015,0.01830143,0.05117202,-0.03863459,-0.1840046,-0.2520891,-0.01768766,-0.9498845,0.4854203,-0.3406485,0.8051868,0.0838874,0.05232775,-0.0419044,-0.1708236,-0.08581116,-0.01659111,-0.9814176,0.1741015,-0.3324513,0.9269115,0.05021631,0.05084753,-0.1654634,0.0100973,0.00415134,0.01674158,0.9998003,0.008639111,-0.02005156,0.9997616
Fixation,8.1129,0.01831647,0.05115974,-0.03863991,-0.1841252,-0.2519346,-0.01770829,-0.9499018,0.4851474,-0.340879,0.8052537,0.08390227,0.05231869,-0.04191189,-0.1708345,-0.08583138,-0.01661242,-0.9814136,0.1741481,-0.3324668,0.9268971,0.05023114,0.05083692,-0.1654698,0.01011025,0.004168086,0.01676497,0.9997997,0.008673498,-0.02007669,0.9997608
Fixation,8.1243,0.01833647,0.051157,-0.03864406,-0.1841651,-0.2519568,-0.01773059,-0.9498878,0.4851921,-0.3409376,0.805202,0.08392209,0.05231822,-0.04191872,-0.1708783,-0.08585409,-0.01662789,-0.9814037,0.1741977,-0.3325461,0.9268593,0.05025085,0.05083573,-0.1654753,0.01015622,0.004188685,0.0167804,0.9997988,0.008716535,-0.02016777,0.9997586
Fixation,8.1351,0.0183605,0.05116093,-0.03864711,-0.1841981,-0.2519756,-0.01766207,-0.9498776,0.4851986,-0.3410305,0.8051587,0.08394606,0.05231309,-0.04192612,-0.1713898,-0.08614504,-0.01655389,-0.9812903,0.1747409,-0.3335142,0.9264092,0.05027439,0.05083537,-0.1654805,0.01017273,0.004221232,0.01671036,0.9997997,0.008780753,-0.02020031,0.9997574
Fixation,8.1461,0.01837638,0.05116272,-0.03864472,-0.1840442,-0.2518552,-0.01764001,-0.9499398,0.4849876,-0.3407763,0.8053935,0.08396153,0.05231416,-0.04193233,-0.1713668,-0.08620866,-0.01653669,-0.981289,0.1748589,-0.3334695,0.926403,0.05028937,0.05083656,-0.1654823,0.01014899,0.004286719,0.01670563,0.9997998,0.008910813,-0.02015069,0.9997572
Fixation,8.1635,0.01839339,0.05116403,-0.03863946,-0.1841023,-0.251885,-0.01762448,-0.9499209,0.485031,-0.3408865,0.8053206,0.08397835,0.05231273,-0.0419318,-0.1714227,-0.08624,-0.01651192,-0.9812769,0.1749117,-0.3335782,0.9263539,0.05030586,0.05083704,-0.1654794,0.01020393,0.004322516,0.01668193,0.9997994,0.00898374,-0.02025955,0.9997544
Fixation,8.1770,0.01841198,0.05114627,-0.03860488,-0.1841014,-0.2518128,-0.01770192,-0.9499388,0.4849313,-0.3408551,0.805394,0.08399668,0.05230522,-0.0418987,-0.1715185,-0.08648428,-0.01658828,-0.9812374,0.1754136,-0.3337315,0.9262037,0.05031048,0.05083752,-0.1654535,0.01020664,0.004322161,0.01672008,0.9997988,0.008983894,-0.02026463,0.9997543
Fixation,8.1838,0.01841198,0.05114627,-0.03860488,-0.1841014,-0.2518128,-0.01770192,-0.9499388,0.4849313,-0.3408551,0.805394,0.08399668,0.05230522,-0.0418987,-0.1715185,-0.08648428,-0.01658828,-0.9812374,0.1754136,-0.3337315,0.9262037,0.05032434,0.05082476,-0.1654456,0.01023683,0.004334607,0.01675748,0.9997978,0.009010549,-0.02032424,0.9997528
Fixation,8.1906,0.01840633,0.05113709,-0.03860859,-0.1840504,-0.2518544,-0.01777659,-0.9499363,0.4850348,-0.340718,0.8053896,0.08399065,0.05230772,-0.04190582,-0.1714816,-0.08652551,-0.01667109,-0.9812388,0.1755219,-0.3336438,0.9262148,0.0503184,0.05082095,-0.1654509,0.01020688,0.004361557,0.01684857,0.9997965,0.009065282,-0.02026264,0.9997536
Fixation,8.2022,0.01840989,0.05113971,-0.03860751,-0.1841197,-0.2517363,-0.01784525,-0.9499528,0.4848466,-0.3408254,0.8054575,0.08399499,0.05231428,-0.04188779,-0.1717231,-0.08652418,-0.01672525,-0.9811957,0.1755385,-0.3340937,0.9260495,0.05032372,0.05082631,-0.1654417,0.01028675,0.004232706,0.01687597,0.9997957,0.00881088,-0.02042644,0.9997525
Fixation,8.2129,0.01837933,0.05114651,-0.03862472,-0.18407,-0.2516804,-0.01790977,-0.9499761,0.484774,-0.3407092,0.8055504,0.08396477,0.05232906,-0.04189568,-0.1716829,-0.08646521,-0.01679649,-0.9812067,0.1754478,-0.3340083,0.9260975,0.05029418,0.05083668,-0.1654544,0.0102511,0.004162231,0.01693962,0.9997953,0.008670058,-0.020357,0.9997552
Fixation,8.2239,0.01837187,0.05114198,-0.0386362,-0.1843456,-0.251472,-0.01790568,-0.9499779,0.4843873,-0.341243,0.8055571,0.08395813,0.05232131,-0.04189142,-0.1716863,-0.08634301,-0.01679208,-0.981217,0.1752084,-0.3340232,0.9261374,0.05028834,0.05083048,-0.1654582,0.01025235,0.004041959,0.0169151,0.9997962,0.00842911,-0.02036378,0.9997571
Fixation,8.2352,0.01837351,0.0511055,-0.03865292,-0.1843529,-0.2513618,-0.01794441,-0.9500049,0.4842061,-0.3412513,0.8056625,0.08396052,0.05228674,-0.04189257,-0.1718652,-0.0861799,-0.01682589,-0.9811994,0.1749029,-0.334368,0.9260707,0.05029161,0.05079508,-0.1654674,0.01026396,0.003923432,0.01693052,0.9997963,0.008192815,-0.02039088,0.9997585
Fixation,8.2460,0.01836031,0.05106592,-0.03863936,-0.1844678,-0.2512976,-0.01808189,-0.949997,0.484135,-0.3413999,0.8056422,0.08394763,0.05225992,-0.04186787,-0.1719997,-0.0861122,-0.01694099,-0.9811799,0.1748108,-0.3346076,0.9260016,0.05027958,0.05076325,-0.1654486,0.01040852,0.003839631,0.01702196,0.9997936,0.008032024,-0.02068203,0.9997538
Fixation,8.2572,0.01837102,0.05104887,-0.03862494,-0.1845265,-0.2511281,-0.01802128,-0.9500316,0.4838101,-0.3415606,0.8057693,0.08395959,0.05223012,-0.04183274,-0.1720201,-0.08594047,-0.01687305,-0.9811925,0.1744533,-0.3346695,0.9260467,0.05029238,0.05074012,-0.1654242,0.01042112,0.003680818,0.01692551,0.9997957,0.007712897,-0.02071338,0.9997557
Fixation,8.2686,0.01839945,0.05107665,-0.03863237,-0.184524,-0.2511305,-0.01771804,-0.9500371,0.4837054,-0.3417103,0.8057687,0.08398832,0.05221975,-0.0418478,-0.1721199,-0.08601552,-0.0165743,-0.9811735,0.1744978,-0.3349077,0.9259521,0.05031985,0.05074859,-0.1654352,0.01034363,0.003735985,0.01663755,0.9998011,0.007814669,-0.02055883,0.9997581
Fixation,8.2795,0.01841943,0.05110776,-0.03863343,-0.1845615,-0.2511383,-0.01757064,-0.9500305,0.4836639,-0.3418528,0.8057331,0.0840084,0.05223143,-0.0418537,-0.1721329,-0.08602627,-0.0164228,-0.9811728,0.1744671,-0.3349586,0.9259395,0.05033923,0.05077028,-0.1654386,0.01034448,0.003771356,0.0164893,0.9998034,0.007882375,-0.02056052,0.9997575
Fixation,8.2910,0.01843931,0.0511508,-0.03860256,-0.1846405,-0.2511562,-0.01736452,-0.9500142,0.4836162,-0.3420999,0.8056569,0.08402813,0.05224729,-0.04183529,-0.1721892,-0.08608362,-0.01620532,-0.9811615,0.1745046,-0.3351008,0.925881,0.05035767,0.05080044,-0.1654138,0.01038441,0.003864169,0.01628031,0.9998061,0.008064963,-0.02063897,0.9997545
Fixation,8.3018,0.01848843,0.05116284,-0.0385934,-0.1846813,-0.2512878,-0.01726397,-0.9499733,0.48381,-0.3422082,0.8054945,0.08407642,0.05224895,-0.04184639,-0.1721868,-0.08645878,-0.01610342,-0.9811307,0.1752003,-0.3350909,0.9257532,0.05040461,0.0508076,-0.1654146,0.01040599,0.004017646,0.01619805,0.9998066,0.008370852,-0.0206778,0.9997512
Fixation,8.3131,0.01853302,0.05116963,-0.03858937,-0.1847511,-0.2514275,-0.01735079,-0.9499212,0.4840838,-0.3422731,0.8053024,0.08411996,0.05226839,-0.04185933,-0.1722745,-0.08660153,-0.01617902,-0.9811014,0.1755042,-0.3352352,0.9256434,0.05044749,0.05082154,-0.165419,0.01050303,0.00414801,0.0162887,0.9998035,0.008636552,-0.02086679,0.999745
Fixation,8.3241,0.01857099,0.05118346,-0.03859363,-0.1846326,-0.2513674,-0.0174535,-0.9499583,0.4840221,-0.342012,0.8054504,0.08415706,0.05229819,-0.04187535,-0.1722858,-0.0867103,-0.01628343,-0.9810881,0.1757517,-0.3352312,0.9255978,0.05048431,0.05084348,-0.165429,0.01052467,0.004238985,0.01640822,0.999801,0.008821665,-0.02090604,0.9997425
Fixation,8.3349,0.0185868,0.05121112,-0.03860404,-0.1845963,-0.2514549,-0.01754083,-0.9499405,0.4842104,-0.3418896,0.8053892,0.08417217,0.05234003,-0.04189507,-0.172267,-0.08679859,-0.01637678,-0.9810821,0.1759554,-0.3351731,0.9255802,0.05049922,0.05087781,-0.1654439,0.01051461,0.004311039,0.01651593,0.999799,0.008967661,-0.0208826,0.9997417
Fixation,8.3460,0.01860937,0.05123639,-0.0386218,-0.1845437,-0.2514181,-0.01756196,-0.9499601,0.4841563,-0.3417875,0.805465,0.08419415,0.05237103,-0.04192274,-0.1724399,-0.08708326,-0.01640603,-0.9810259,0.17652,-0.3354786,0.925362,0.0505208,0.05090559,-0.1654664,0.0104862,0.00438703,0.01656026,0.9997982,0.009119598,-0.02082288,0.9997416
Fixation,8.3570,0.01861706,0.05125082,-0.03863301,-0.1846433,-0.2514476,-0.01755521,-0.9499331,0.4841998,-0.3419692,0.8053619,0.08420165,0.05238271,-0.04193868,-0.1725383,-0.08711432,-0.01638294,-0.9810063,0.1765728,-0.3356678,0.9252833,0.05052796,0.05091977,-0.1654801,0.01058434,0.004422921,0.01653475,0.9997975,0.00919407,-0.02101812,0.9997368
Fixation,8.3684,0.01857417,0.05123234,-0.03859857,-0.1846426,-0.2514091,-0.01748864,-0.9499446,0.4841078,-0.3420069,0.8054011,0.08415909,0.05235493,-0.04190071,-0.1727089,-0.08731264,-0.01631779,-0.9809597,0.1769368,-0.3359914,0.9250963,0.05048539,0.05089653,-0.1654439,0.01056528,0.004395256,0.01646461,0.999799,0.009136651,-0.02098158,0.9997381
Fixation,8.3795,0.01856981,0.05125439,-0.038608,-0.1847463,-0.2512791,-0.01737027,-0.9499611,0.4838289,-0.342274,0.8054552,0.08415495,0.05236137,-0.04191115,-0.1727053,-0.08729984,-0.01619957,-0.9809635,0.1768714,-0.3360067,0.9251032,0.05048085,0.05091095,-0.1654538,0.01055162,0.004401715,0.01634658,0.999801,0.009146645,-0.02095513,0.9997386
Fixation,8.3906,0.01855614,0.05125952,-0.03862031,-0.1846523,-0.2512343,-0.01738476,-0.9499909,0.4837608,-0.3421007,0.8055698,0.08414157,0.05236971,-0.04191653,-0.1726132,-0.08725286,-0.01622912,-0.9809834,0.1767899,-0.3358293,0.9251832,0.05046794,0.05091655,-0.1654626,0.0104602,0.004349096,0.01637533,0.9998018,0.009039045,-0.02077381,0.9997433
Fixation,8.4017,0.01853262,0.05125725,-0.03862468,-0.184625,-0.251068,-0.01746856,-0.9500386,0.4834988,-0.3420302,0.8057569,0.08411914,0.05237448,-0.04189654,-0.1727882,-0.08731748,-0.01631492,-0.9809454,0.1769454,-0.3361424,0.9250398,0.05044699,0.05091763,-0.1654551,0.01044615,0.004164049,0.01643217,0.9998018,0.008669754,-0.0207513,0.9997471
Fixation,8.4133,0.01849804,0.05123377,-0.03862784,-0.1845886,-0.2510307,-0.01757072,-0.9500537,0.483472,-0.3419166,0.8058213,0.08408473,0.05236399,-0.04189203,-0.1727677,-0.08727712,-0.01642127,-0.9809508,0.1769032,-0.3360868,0.9250681,0.05041329,0.05090034,-0.1654545,0.01043368,0.004106506,0.01653176,0.9998005,0.008556347,-0.02072743,0.9997485
Fixation,8.4241,0.01848999,0.05121422,-0.03863217,-0.1845618,-0.2508179,-0.01767297,-0.9501132,0.4831344,-0.3418439,0.8060546,0.08407734,0.05235326,-0.04187997,-0.1728352,-0.08716565,-0.01651154,-0.9809473,0.1767174,-0.3362059,0.9250603,0.05040697,0.05088592,-0.165451,0.01050788,0.003982401,0.01659681,0.9997991,0.008311997,-0.02087935,0.9997475
Fixation,8.4349,0.01847461,0.05115974,-0.03864696,-0.1845786,-0.2508214,-0.01778712,-0.9501069,0.4831805,-0.3418159,0.8060387,0.08406182,0.05231273,-0.04189257,-0.1732358,-0.08751291,-0.01662189,-0.9808438,0.177432,-0.3369253,0.9246617,0.05039187,0.05083859,-0.1654648,0.01055279,0.003966868,0.01670216,0.999797,0.008284635,-0.02096878,0.9997458
Fixation,8.4459,0.01844067,0.05110312,-0.03862124,-0.1846597,-0.2507454,-0.01787716,-0.9501095,0.4830736,-0.3419287,0.806055,0.08402833,0.0522635,-0.04185508,-0.1733286,-0.08743379,-0.01669608,-0.9808332,0.1773037,-0.3370932,0.9246251,0.05035916,0.05078661,-0.1654335,0.01065168,0.003877745,0.0167546,0.9997954,0.008110833,-0.02116906,0.999743
Fixation,8.4570,0.01844153,0.0510596,-0.03861955,-0.1848177,-0.2508512,-0.0179228,-0.95005,0.4832672,-0.3421803,0.8058322,0.08402914,0.05222213,-0.04185372,-0.1734748,-0.08743793,-0.01671706,-0.9808066,0.1773194,-0.3373671,0.9245222,0.05035996,0.05074573,-0.1654323,0.01080154,0.00388053,0.01676407,0.9997936,0.008121613,-0.02146851,0.9997365
Fixation,8.4687,0.01845196,0.05102098,-0.03861777,-0.1849443,-0.250812,-0.01793796,-0.9500354,0.4831956,-0.3424092,0.8057779,0.08403984,0.05218124,-0.04184718,-0.1738391,-0.08772063,-0.01671168,-0.980717,0.1778685,-0.3380421,0.9241701,0.05037083,0.05070746,-0.1654284,0.01092849,0.00384408,0.01674062,0.9997928,0.008052467,-0.02172375,0.9997316
Fixation,8.4794,0.01846088,0.05100346,-0.03860694,-0.1850082,-0.2508008,-0.01792755,-0.9500261,0.4831681,-0.3425327,0.8057419,0.08404887,0.05216038,-0.04183552,-0.1739003,-0.08770964,-0.01669058,-0.9807075,0.17784,-0.3381628,0.9241314,0.05037982,0.05068898,-0.1654173,0.01098845,0.003837521,0.01671311,0.9997926,0.008040753,-0.02184407,0.999729
Fixation,8.4909,0.01843344,0.05101418,-0.0385443,-0.1849494,-0.250833,-0.01789417,-0.9500297,0.4832166,-0.3424379,0.8057531,0.08402164,0.052163,-0.04177137,-0.1740126,-0.08768671,-0.01663567,-0.9806905,0.1777767,-0.3383875,0.9240613,0.05035246,0.05069685,-0.1653541,0.01109718,0.003825384,0.01664624,0.9997926,0.008018633,-0.02206241,0.9997244
Fixation,8.5018,0.01845449,0.05101478,-0.03854192,-0.1849103,-0.2507513,-0.01784296,-0.9500598,0.4830561,-0.3424034,0.805864,0.08404331,0.05215609,-0.0417591,-0.1742748,-0.08809808,-0.01659341,-0.9806078,0.178563,-0.3388668,0.923734,0.05037452,0.05069327,-0.1653468,0.01104208,0.003749278,0.01659238,0.9997943,0.007863443,-0.0219552,0.999728
Fixation,8.5127,0.01847795,0.0510366,-0.0385467,-0.1848637,-0.2508202,-0.01780922,-0.9500513,0.4831688,-0.3423263,0.8058292,0.08406631,0.05217659,-0.04177359,-0.1742253,-0.08816934,-0.01656874,-0.9806107,0.178693,-0.3387727,0.9237434,0.05039697,0.0507139,-0.1653562,0.01099096,0.003823161,0.01658392,0.9997948,0.0080093,-0.0218506,0.9997292
Fixation,8.5239,0.01849394,0.05105591,-0.03852506,-0.1849211,-0.250843,-0.01783672,-0.9500336,0.4832154,-0.3424141,0.8057639,0.08408245,0.05219853,-0.04174808,-0.1742373,-0.08814392,-0.01659421,-0.9806104,0.1786523,-0.3387924,0.923744,0.05041337,0.05073452,-0.1653327,0.01100483,0.003794009,0.01660379,0.9997944,0.007951902,-0.02187915,0.999729
Fixation,8.5354,0.01851823,0.05107415,-0.03850308,-0.1847744,-0.2508443,-0.01787504,-0.9500611,0.4832405,-0.3421262,0.8058711,0.08410667,0.05222547,-0.0417244,-0.174285,-0.08859079,-0.01665948,-0.9805605,0.1795443,-0.3388423,0.9235528,0.05043792,0.05075562,-0.1653097,0.01086939,0.003781614,0.01667639,0.9997947,0.007924201,-0.02160819,0.9997351
Fixation,8.5464,0.01856156,0.05110168,-0.03849767,-0.1848215,-0.2508866,-0.0177983,-0.9500422,0.4832847,-0.3422458,0.8057939,0.08414979,0.05224311,-0.04172678,-0.1743205,-0.08863574,-0.01657645,-0.9805515,0.1796031,-0.338922,0.9235121,0.05048038,0.05077851,-0.1653081,0.01089897,0.00384022,0.01659928,0.9997954,0.008040699,-0.021666,0.9997329
Fixation,8.5572,0.01859723,0.05112147,-0.03848913,-0.1846204,-0.2510754,-0.0177169,-0.9500329,0.4836016,-0.3418943,0.8057529,0.08418551,0.05225265,-0.04172066,-0.1742979,-0.08864046,-0.01649524,-0.9805565,0.1795841,-0.3388937,0.9235262,0.05051576,0.05079305,-0.1653007,0.01086927,0.003857857,0.0165221,0.999797,0.008073314,-0.02160664,0.9997339
Fixation,8.5686,0.0185847,0.05114782,-0.03845714,-0.1845437,-0.2511399,-0.01752894,-0.9500343,0.4836528,-0.3418412,0.8057448,0.0841727,0.05225885,-0.04170132,-0.1744184,-0.08920758,-0.01632655,-0.9804865,0.180629,-0.3391168,0.9232405,0.05050184,0.05080843,-0.1652746,0.01074998,0.003952531,0.0163732,0.9998003,0.008255506,-0.02136624,0.9997376
Fixation,8.5795,0.01863136,0.05116987,-0.03845546,-0.1847292,-0.2511351,-0.01750255,-0.95,0.4836231,-0.3421944,0.8056126,0.08421944,0.05227268,-0.04170084,-0.1745975,-0.08920407,-0.01626959,-0.9804559,0.1806026,-0.3394678,0.9231167,0.05054829,0.05082822,-0.1652738,0.01092644,0.003961026,0.01630183,0.9997995,0.008276706,-0.02171935,0.9997299
Fixation,8.5908,0.0186566,0.05116594,-0.03845802,-0.1847702,-0.2514296,-0.01744421,-0.9499152,0.48412,-0.34226,0.8052862,0.08424444,0.05225909,-0.0417117,-0.1747035,-0.08925259,-0.01619115,-0.9804339,0.1806698,-0.3396803,0.9230253,0.0505726,0.05082071,-0.1652806,0.01102773,0.004023484,0.01622401,0.9997995,0.008403184,-0.02192049,0.9997244
Fixation,8.6016,0.01864626,0.05115592,-0.0384285,-0.1847745,-0.2513878,-0.01748124,-0.9499248,0.4840592,-0.3422547,0.805325,0.08423436,0.05225265,-0.04167574,-0.174887,-0.08978052,-0.01623074,-0.9803522,0.1817102,-0.3399872,0.922708,0.05056294,0.0508126,-0.165248,0.01103926,0.003974677,0.01625077,0.9997991,0.00830655,-0.0219449,0.9997247
Fixation,8.6128,0.01865432,0.05115008,-0.03841498,-0.1847178,-0.2513993,-0.01754289,-0.9499316,0.4841053,-0.342118,0.8053554,0.08424227,0.05225635,-0.0416619,-0.1748411,-0.08979116,-0.01630107,-0.9803583,0.1817552,-0.3398864,0.9227363,0.0505711,0.05081093,-0.1652342,0.01099904,0.003972996,0.01632548,0.9997984,0.00830352,-0.02186392,0.9997265
Fixation,8.6238,0.01868273,0.05116367,-0.03841649,-0.1845769,-0.2514641,-0.01760199,-0.9499407,0.4842498,-0.3418216,0.8053944,0.08427075,0.0522784,-0.04165911,-0.1747927,-0.08977055,-0.01636762,-0.9803678,0.1817382,-0.3397835,0.9227775,0.05060001,0.0508281,-0.1652336,0.01095542,0.003940948,0.01639149,0.9997979,0.008239454,-0.02177721,0.9997289
Fixation,8.6356,0.01870857,0.05118179,-0.03841802,-0.1844656,-0.2514402,-0.01764773,-0.9499679,0.4842309,-0.341598,0.8055006,0.0842967,0.05230451,-0.04165561,-0.1749249,-0.09030912,-0.01643464,-0.9802936,0.1828086,-0.3399872,0.9224911,0.05062643,0.0508492,-0.1652325,0.0108557,0.003903293,0.01645806,0.999798,0.008162336,-0.02157853,0.9997339
Fixation,8.6466,0.01871204,0.0512116,-0.03843632,-0.1844068,-0.2514697,-0.0175903,-0.9499725,0.4842661,-0.3415159,0.8055143,0.08430001,0.0523293,-0.04167884,-0.1748584,-0.09033994,-0.01638806,-0.9803034,0.1828523,-0.3398676,0.9225265,0.05062938,0.05087578,-0.1652531,0.0107848,0.003940478,0.01642297,0.9997992,0.008233611,-0.02143585,0.9997363
Fixation,8.6572,0.0187313,0.05124772,-0.03843982,-0.1843725,-0.2515484,-0.01746549,-0.9499606,0.4843624,-0.3415065,0.8054603,0.08431959,0.05234897,-0.04168154,-0.1748346,-0.0903122,-0.01626425,-0.9803123,0.1827554,-0.3398472,0.9225532,0.05064865,0.05090356,-0.1652561,0.01074952,0.003932978,0.01629871,0.9998016,0.008214802,-0.02136656,0.999738
Fixation,8.6682,0.01875539,0.05126917,-0.03844595,-0.1843741,-0.2515537,-0.01738302,-0.9499605,0.4843422,-0.3415508,0.8054538,0.08434372,0.05236018,-0.04169039,-0.1748257,-0.09090301,-0.01618809,-0.9802605,0.1838775,-0.3398064,0.9223452,0.05067241,0.05091977,-0.1652635,0.0107309,0.003952849,0.01622068,0.9998031,0.008252265,-0.02132934,0.9997385
Fixation,8.6793,0.01875304,0.0512799,-0.03845169,-0.184384,-0.2515194,-0.01739385,-0.9499674,0.4842848,-0.3415677,0.805481,0.08434161,0.05237103,-0.04169136,-0.1748361,-0.09086761,-0.01619679,-0.9802617,0.1838116,-0.3398269,0.9223508,0.05067056,0.05093062,-0.165267,0.01074167,0.003916521,0.01622248,0.999803,0.008180012,-0.02135204,0.9997386
Fixation,8.6909,0.0187641,0.05128992,-0.03844918,-0.1846277,-0.2516315,-0.017433,-0.9498897,0.4844816,-0.3419785,0.8051884,0.08435273,0.05238533,-0.04168612,-0.1748629,-0.09085252,-0.01623253,-0.9802578,0.1837947,-0.3398719,0.9223376,0.05068192,0.05094314,-0.1652632,0.01077163,0.003896112,0.01625284,0.9998023,0.008140823,-0.02141237,0.9997376
Fixation,8.7018,0.01879645,0.05130589,-0.03843941,-0.1845857,-0.2516564,-0.01737179,-0.9498923,0.4845062,-0.3419297,0.8051943,0.08438496,0.05239522,-0.04168088,-0.1747864,-0.09139989,-0.01618434,-0.9802213,0.1848418,-0.3397001,0.9221916,0.05071377,0.05095541,-0.1652555,0.01071613,0.003930087,0.01620923,0.9998035,0.008206028,-0.02130064,0.9997394
Fixation,8.7126,0.01882718,0.05132353,-0.03842616,-0.1845643,-0.251724,-0.01732443,-0.9498795,0.4846099,-0.3419058,0.805142,0.08441526,0.05240905,-0.04167764,-0.1747597,-0.09147002,-0.01614189,-0.9802203,0.1849634,-0.3396529,0.9221846,0.05074345,0.05097091,-0.1652471,0.01068646,0.004006119,0.01618141,0.999804,0.008356512,-0.02123909,0.9997395
Fixation,8.7239,0.01885998,0.05133808,-0.03839792,-0.1845365,-0.2519468,-0.01731829,-0.9498259,0.4850029,-0.3418285,0.8049382,0.08444776,0.05242336,-0.04165557,-0.1747752,-0.09151568,-0.0161323,-0.9802134,0.1850488,-0.3396812,0.922157,0.0507756,0.05098557,-0.1652219,0.01070202,0.004053158,0.01617823,0.9998037,0.008451004,-0.02126869,0.9997381
Fixation,8.7357,0.01888846,0.05133247,-0.03837954,-0.1845146,-0.2520123,-0.01723165,-0.9498144,0.4850888,-0.341824,0.8048883,0.08447585,0.05240905,-0.04164787,-0.1747415,-0.09158422,-0.01605117,-0.9802143,0.1851539,-0.3396282,0.9221554,0.05080294,0.05097532,-0.1652086,0.01066194,0.004133863,0.01611273,0.9998048,0.008609697,-0.0211865,0.9997385
Fixation,8.7466,0.01891138,0.05133557,-0.03836332,-0.1845565,-0.2520374,-0.01725855,-0.9497991,0.4851402,-0.3418835,0.8048321,0.08449857,0.05241513,-0.04163463,-0.1749366,-0.091802,-0.01607178,-0.9801589,0.1855842,-0.3399805,0.9219391,0.05082555,0.05098033,-0.1651939,0.01071119,0.004156741,0.01613257,0.9998038,0.00865745,-0.02128406,0.999736
Fixation,8.7573,0.0189257,0.05134487,-0.0383583,-0.184681,-0.2522651,-0.01724289,-0.9497147,0.4855287,-0.342089,0.8045105,0.08451238,0.05242193,-0.04164049,-0.1750199,-0.0918794,-0.01604248,-0.9801372,0.1857243,-0.3401391,0.9218524,0.05083869,0.05098939,-0.1651943,0.01079411,0.004239486,0.01610954,0.999803,0.008825078,-0.02144737,0.999731
Fixation,8.7683,0.01890916,0.05132723,-0.03837204,-0.1846289,-0.2522482,-0.01719508,-0.9497302,0.4854849,-0.3420205,0.804566,0.084496,0.05239928,-0.04165279,-0.1749602,-0.09186238,-0.01600375,-0.98015,0.1856779,-0.3400341,0.9219005,0.0508223,0.05096865,-0.1652073,0.01072999,0.004228103,0.01607375,0.9998043,0.008799494,-0.02131986,0.999734
Fixation,8.7794,0.01891092,0.05133939,-0.03835549,-0.1845941,-0.2522439,-0.01721454,-0.9497377,0.4854864,-0.3419475,0.8045961,0.08449776,0.05241466,-0.04163497,-0.174947,-0.0922721,-0.01603232,-0.9801134,0.1864839,-0.3399771,0.9217588,0.05082422,0.050982,-0.1651901,0.01070022,0.004218673,0.01610007,0.9998043,0.008780243,-0.02126041,0.9997354
Fixation,8.7902,0.01891396,0.05134821,-0.03833928,-0.1845394,-0.2522019,-0.0171838,-0.94976,0.4854047,-0.3418687,0.8046788,0.0845012,0.0524174,-0.04161304,-0.1749736,-0.09222107,-0.01599528,-0.9801142,0.1863719,-0.340038,0.921759,0.05082781,0.05098808,-0.1651711,0.01072313,0.004174623,0.01605294,0.9998049,0.008691892,-0.02130804,0.9997352
Fixation,8.8019,0.01890294,0.05135655,-0.03833286,-0.1845719,-0.2522182,-0.01717622,-0.9497496,0.4854288,-0.3419299,0.8046384,0.08449006,0.05242431,-0.0416092,-0.175005,-0.09223809,-0.01598263,-0.9801071,0.1864005,-0.3400989,0.9217308,0.05081651,0.05099607,-0.165166,0.01075408,0.004194045,0.01604064,0.9998047,0.008731456,-0.0213694,0.9997335
Fixation,8.8129,0.01886523,0.05136108,-0.03832272,-0.1845934,-0.2521816,-0.01720308,-0.9497546,0.4853724,-0.3419602,0.8046595,0.0844526,0.05243087,-0.04159368,-0.1750905,-0.09258473,-0.01600834,-0.9800588,0.1870828,-0.3402336,0.9215428,0.05077937,0.05100191,-0.1651533,0.01078024,0.004153186,0.01605445,0.9998044,0.008650889,-0.02142292,0.9997331
Fixation,8.8240,0.01885551,0.05136037,-0.03831349,-0.1847761,-0.2522123,-0.01723638,-0.9497104,0.4854271,-0.3422732,0.8044934,0.08444352,0.05243003,-0.04157147,-0.1751602,-0.09248731,-0.01602905,-0.9800552,0.1869006,-0.3403683,0.92153,0.05077098,0.05100179,-0.1651379,0.01085113,0.00405435,0.01605264,0.9998041,0.008455491,-0.02156783,0.9997317
Fixation,8.8354,0.01883988,0.05135238,-0.03831207,-0.1847834,-0.2522154,-0.01724783,-0.9497079,0.4854362,-0.3422801,0.804485,0.08442786,0.05242348,-0.04157024,-0.1750385,-0.09289175,-0.01604384,-0.9800384,0.1876915,-0.3401083,0.9214653,0.05075533,0.05099463,-0.1651366,0.01086127,0.004055878,0.01606233,0.9998038,0.008459079,-0.02158798,0.9997312
Fixation,8.8459,0.01879173,0.05134344,-0.03832562,-0.1847993,-0.2521877,-0.01726562,-0.9497118,0.4853927,-0.3423037,0.8045012,0.08437988,0.05241561,-0.04157978,-0.1750562,-0.09286309,-0.01605849,-0.9800377,0.1876409,-0.340141,0.9214635,0.0507076,0.05098629,-0.1651482,0.01088007,0.004025356,0.01607044,0.9998035,0.008398825,-0.02162648,0.9997308
Fixation,8.8575,0.01877349,0.05133557,-0.03832315,-0.1847064,-0.2523183,-0.01724121,-0.9496956,0.4856203,-0.3421292,0.8044381,0.08436241,0.0524025,-0.04156372,-0.1750203,-0.09275494,-0.01603606,-0.9800547,0.1874231,-0.3400841,0.9215288,0.05069076,0.05097568,-0.165139,0.01083998,0.003921361,0.01603358,0.999805,0.008188801,-0.02155,0.9997342
Fixation,8.8686,0.01875274,0.05133808,-0.03833207,-0.1847858,-0.2523092,-0.0173002,-0.9496816,0.4856205,-0.3422453,0.8043885,0.08434168,0.05241024,-0.04157053,-0.1749088,-0.09308911,-0.0160857,-0.9800422,0.1880896,-0.3398411,0.9214827,0.05067023,0.05098164,-0.1651471,0.01093261,0.003905672,0.01606867,0.9998035,0.008161155,-0.0217354,0.9997305
Fixation,8.8799,0.01872436,0.05132759,-0.03833229,-0.1848143,-0.2522768,-0.01733065,-0.949684,0.4855723,-0.3422861,0.8044002,0.0843135,0.05240202,-0.04156587,-0.1749409,-0.09305543,-0.01611071,-0.9800392,0.1880328,-0.3398995,0.9214727,0.05064236,0.05097258,-0.165145,0.01096682,0.003868709,0.01608488,0.999803,0.008088695,-0.02180487,0.9997295
Fixation,8.8908,0.018686,0.05130208,-0.03833964,-0.1850303,-0.252693,-0.01738355,-0.9495304,0.4863123,-0.3425984,0.8038201,0.08427531,0.05238008,-0.04156879,-0.1750325,-0.09302614,-0.01614657,-0.9800251,0.1879883,-0.3400683,0.9214196,0.05060445,0.05094981,-0.1651504,0.01106224,0.003835218,0.01610732,0.9998017,0.008025281,-0.02199654,0.9997258
Fixation,8.9023,0.0186564,0.05129194,-0.03834283,-0.1849073,-0.2526922,-0.01741127,-0.949554,0.4863287,-0.3423595,0.8039119,0.08424567,0.05237651,-0.04157039,-0.1751892,-0.09350125,-0.01619676,-0.979951,0.1889283,-0.3403247,0.9211326,0.05057508,0.05094171,-0.1651526,0.01094761,0.003823676,0.01616387,0.9998021,0.00799975,-0.02176728,0.9997311
Fixation,8.9134,0.01864741,0.05131543,-0.03834619,-0.1849809,-0.252652,-0.01745039,-0.9495497,0.4862672,-0.3424794,0.803898,0.08423693,0.05240202,-0.04156793,-0.1752671,-0.09345973,-0.01622286,-0.9799406,0.1888566,-0.3404704,0.9210934,0.05056668,0.0509671,-0.1651533,0.0110282,0.003779453,0.01617583,0.9998012,0.007914183,-0.02192974,0.9997282
Fixation,8.9243,0.01861225,0.05132556,-0.03836446,-0.1850326,-0.2528777,-0.01745575,-0.9494794,0.4866641,-0.3425409,0.8036316,0.08420166,0.0524143,-0.04158778,-0.175227,-0.09347461,-0.01623438,-0.9799461,0.1888896,-0.340391,0.921116,0.05053138,0.05097771,-0.1651722,0.01098885,0.00379169,0.01619312,0.9998013,0.007937761,-0.02185054,0.9997298
Fixation,8.9352,0.01859128,0.05133188,-0.03837388,-0.1849713,-0.2528464,-0.01749339,-0.949499,0.4866264,-0.3424139,0.8037086,0.08418087,0.0524261,-0.04159171,-0.1753609,-0.09364007,-0.01628182,-0.9799057,0.1892273,-0.3406249,0.9209602,0.05051102,0.05098629,-0.1651789,0.01093631,0.003750362,0.01623848,0.9998013,0.00785441,-0.02174648,0.9997327
Fixation,8.9460,0.01857788,0.0513432,-0.03838022,-0.1849577,-0.252843,-0.01745112,-0.9495034,0.4866061,-0.3424112,0.8037221,0.08416753,0.05243242,-0.04159853,-0.1753405,-0.09363704,-0.01624232,-0.9799102,0.1892077,-0.3405941,0.9209756,0.05049755,0.05099487,-0.1651854,0.01091213,0.003753542,0.01620095,0.9998022,0.007859171,-0.02169832,0.9997337
Fixation,8.9574,0.01857318,0.05136263,-0.03838176,-0.1850243,-0.2528561,-0.01750164,-0.949486,0.4866431,-0.3425052,0.8036596,0.08416291,0.05245781,-0.04159649,-0.1753491,-0.09361824,-0.01629206,-0.9799097,0.1891884,-0.340602,0.9209766,0.05049326,0.05101728,-0.1651852,0.01092493,0.003726851,0.01624594,0.9998014,0.007807193,-0.02172442,0.9997335
Fixation,8.9685,0.01855603,0.05138302,-0.03842878,-0.1849973,-0.2529069,-0.01752171,-0.9494774,0.4867416,-0.3424387,0.8036283,0.08414538,0.0524826,-0.04164963,-0.1755738,-0.09372208,-0.01631566,-0.9798591,0.1893981,-0.341017,0.92078,0.0504755,0.0510397,-0.1652352,0.01090566,0.003773757,0.01628079,0.9998009,0.007901117,-0.0216841,0.9997336
Fixation,8.9795,0.01855486,0.05138445,-0.03842544,-0.1849805,-0.2528681,-0.01747303,-0.9494918,0.4866568,-0.3424383,0.8036798,0.08414452,0.05247736,-0.04164219,-0.1755484,-0.09368282,-0.01626998,-0.9798682,0.189306,-0.3409801,0.9208126,0.05047472,0.05103755,-0.1652298,0.01087513,0.003741982,0.01623162,0.9998021,0.007835526,-0.02162448,0.9997355
Fixation,8.9911,0.0185517,0.05139315,-0.03841569,-0.1851961,-0.2528705,-0.01746142,-0.9494494,0.486643,-0.3428378,0.8035178,0.08414174,0.05248201,-0.04162607,-0.1755961,-0.09362947,-0.01625031,-0.9798651,0.1891955,-0.3410779,0.9207991,0.05047219,0.0510447,-0.165217,0.01092079,0.003693137,0.01619925,0.9998024,0.007738631,-0.02171762,0.9997342
Fixation,9.0021,0.01855057,0.05138779,-0.03841784,-0.1852287,-0.2528743,-0.01750931,-0.9494411,0.4866649,-0.3428722,0.8034898,0.08414055,0.05248201,-0.04162778,-0.175663,-0.09416966,-0.01629712,-0.9798005,0.1902606,-0.34116,0.9205492,0.05047113,0.05104244,-0.1652191,0.01096508,0.003690202,0.01623753,0.9998012,0.007735027,-0.02180597,0.9997323
Fixation,9.0129,0.01855233,0.05137992,-0.0384115,-0.1853404,-0.2528092,-0.01751721,-0.9494365,0.4865458,-0.343081,0.8034729,0.08414276,0.05247056,-0.04161331,-0.1757729,-0.09410318,-0.01628598,-0.9797873,0.1901275,-0.3413751,0.9204969,0.05047368,0.05103397,-0.1652089,0.01107429,0.003627923,0.01620586,0.9998007,0.007613336,-0.02202658,0.9997284
Fixation,9.0238,0.01854942,0.05137134,-0.03839494,-0.1853785,-0.2527548,-0.01748176,-0.9494442,0.4864347,-0.3431759,0.8034996,0.08414026,0.05245507,-0.04159062,-0.1758034,-0.09404796,-0.01624423,-0.9797879,0.1900057,-0.3414446,0.9204963,0.05047136,0.05102241,-0.1651894,0.01110045,0.00358059,0.01615299,0.9998015,0.007518371,-0.02208082,0.9997279
Fixation,9.0354,0.01854976,0.05136251,-0.03837537,-0.18556,-0.252871,-0.017419,-0.949379,0.4866054,-0.343524,0.8032475,0.08414085,0.05243528,-0.0415696,-0.1758812,-0.09402172,-0.01616705,-0.9797777,0.1899277,-0.3416089,0.9204514,0.05047178,0.05100882,-0.1651693,0.01117179,0.003568553,0.01606599,0.9998022,0.007494666,-0.0222245,0.9997249
Fixation,9.0466,0.01856058,0.05134702,-0.03835913,-0.1856404,-0.252828,-0.01747601,-0.9493737,0.4865449,-0.3436474,0.8032313,0.08415193,0.05242383,-0.04154677,-0.1758224,-0.09455621,-0.01621624,-0.979736,0.1909826,-0.3414523,0.9202912,0.05048327,0.0509963,-0.16515,0.01126341,0.003518687,0.01609276,0.9998009,0.007398491,-0.02240909,0.9997215
Fixation,9.0577,0.01855914,0.05133307,-0.03834771,-0.1858678,-0.2529348,-0.01747506,-0.9493007,0.4867184,-0.3440487,0.8029543,0.08415021,0.05240858,-0.04154133,-0.1759063,-0.09459849,-0.01620261,-0.9797171,0.1910598,-0.3416114,0.9202161,0.05048118,0.05098271,-0.1651416,0.01134781,0.003564153,0.01607896,0.9998,0.007491802,-0.02257646,0.9997171
Fixation,9.0687,0.01856739,0.05131984,-0.03833712,-0.1859075,-0.252926,-0.01754927,-0.9492939,0.4867273,-0.3440843,0.8029337,0.08415847,0.05240345,-0.04152803,-0.1759571,-0.0945886,-0.01626926,-0.9797078,0.1910638,-0.3416953,0.9201842,0.05048975,0.05097401,-0.1651298,0.01140509,0.003544173,0.01613829,0.9997985,0.007455035,-0.02269119,0.9997147
Fixation,9.0794,0.01857737,0.05132198,-0.03833115,-0.1859216,-0.2529,-0.017589,-0.9492973,0.4866949,-0.3440932,0.8029495,0.08416859,0.05240953,-0.04151772,-0.1760952,-0.09492771,-0.01630871,-0.9796495,0.1917355,-0.341927,0.9199584,0.05050019,0.0509783,-0.1651218,0.01142776,0.003511459,0.01616798,0.9997978,0.007391025,-0.02273735,0.9997141
Fixation,9.0907,0.01858695,0.05133641,-0.03832537,-0.1861125,-0.2530153,-0.01758418,-0.9492293,0.4868843,-0.3444287,0.8026909,0.08417839,0.05242217,-0.04150816,-0.1761125,-0.09489679,-0.01630063,-0.9796496,0.1916727,-0.3419633,0.919958,0.05051015,0.05099201,-0.1651142,0.01144396,0.003482432,0.01615337,0.999798,0.007333174,-0.0227708,0.9997138
Fixation,9.1019,0.01859199,0.05135226,-0.03832194,-0.1861024,-0.2530451,-0.0175153,-0.9492246,0.4869125,-0.3444416,0.8026682,0.08418328,0.05243039,-0.04151031,-0.1760925,-0.09492844,-0.01623465,-0.9796512,0.1917111,-0.3419362,0.9199601,0.05051457,0.05100393,-0.1651134,0.01141819,0.003524352,0.01609561,0.9997991,0.007414854,-0.02271833,0.9997144
Fixation,9.1128,0.01859965,0.05137229,-0.03831611,-0.1860969,-0.2530461,-0.01754471,-0.9492248,0.4869253,-0.3444164,0.8026712,0.08419091,0.05245423,-0.04150386,-0.1760902,-0.09520671,-0.01626731,-0.979624,0.1922626,-0.3419069,0.9198558,0.05052232,0.05102575,-0.1651073,0.01142022,0.003519957,0.01612514,0.9997986,0.007406801,-0.02272231,0.9997144
Fixation,9.1240,0.01861943,0.05138552,-0.03830191,-0.1862863,-0.2530539,-0.01751739,-0.9491861,0.486917,-0.3447751,0.8025223,0.08421113,0.05246019,-0.04148312,-0.1761716,-0.09514743,-0.01622557,-0.9796159,0.1921328,-0.3420733,0.9198211,0.05054272,0.05103636,-0.1650901,0.01149776,0.003469422,0.01606704,0.9997988,0.007306918,-0.02287941,0.9997115
Fixation,9.1353,0.01863348,0.0514034,-0.03830592,-0.1862077,-0.2531263,-0.01757114,-0.9491813,0.4870692,-0.3445944,0.8025075,0.08422463,0.0524888,-0.04149494,-0.1761044,-0.09522066,-0.01629216,-0.9796197,0.1922983,-0.3419281,0.9198405,0.05055604,0.05105877,-0.1650978,0.01143712,0.003529901,0.0161506,0.9997979,0.007427809,-0.02275559,0.9997135
Fixation,9.1495,0.01863995,0.05142164,-0.03829645,-0.1861375,-0.2531041,-0.01754544,-0.9492014,0.4870252,-0.3444822,0.8025823,0.08423126,0.05250502,-0.04148267,-0.1759778,-0.09544308,-0.01628073,-0.9796211,0.1927262,-0.3416754,0.9198449,0.0505628,0.05107522,-0.1650868,0.01136022,0.003508423,0.01613951,0.9997991,0.007382134,-0.02260262,0.9997173
Fixation,9.1660,0.01863739,0.05144274,-0.03829584,-0.1862245,-0.2533296,-0.01748917,-0.9491253,0.4873968,-0.3446398,0.8022891,0.08422865,0.05252004,-0.04148518,-0.1759422,-0.09545858,-0.01622909,-0.9796268,0.1927383,-0.3416169,0.919864,0.05055989,0.05109286,-0.1650876,0.01131964,0.003531704,0.01609456,0.9998001,0.007426365,-0.02252108,0.9997188
Fixation,9.1728,0.01864896,0.05145097,-0.0383056,-0.1861442,-0.2532739,-0.01751603,-0.9491554,0.4873136,-0.3444867,0.8024054,0.08424057,0.05253243,-0.04148633,-0.1759245,-0.09574263,-0.01627097,-0.9796016,0.1933042,-0.3415562,0.9197678,0.0505724,0.0511024,-0.1650931,0.01124435,0.003466445,0.01613002,0.9998007,0.007294253,-0.02237239,0.9997231
Fixation,9.1840,0.01865172,0.0514313,-0.03829909,-0.186148,-0.2532806,-0.01745392,-0.949154,0.4873027,-0.3445247,0.8023957,0.08424333,0.05250502,-0.04148225,-0.1759187,-0.09575053,-0.01620915,-0.9796029,0.193298,-0.3415569,0.9197689,0.05057487,0.05107868,-0.1650877,0.01123288,0.003484373,0.01607116,0.9998017,0.007328414,-0.0223493,0.9997234
Fixation,9.1951,0.01866627,0.05139625,-0.03830089,-0.1862713,-0.2532471,-0.01753312,-0.9491373,0.4872643,-0.3447137,0.8023378,0.08425788,0.05247736,-0.04148171,-0.1760223,-0.09574194,-0.01627264,-0.979584,0.1933032,-0.3417413,0.9196993,0.05058967,0.05104852,-0.1650886,0.01134342,0.003467061,0.01612278,0.9997997,0.007298509,-0.02257051,0.9997186
Fixation,9.2059,0.01868045,0.05135214,-0.03830826,-0.1863342,-0.2532245,-0.01766691,-0.9491285,0.487269,-0.3447629,0.8023139,0.0842721,0.05244792,-0.04148322,-0.1759094,-0.0959769,-0.01639798,-0.9795792,0.1938031,-0.3414868,0.9196886,0.05060451,0.05101264,-0.1650933,0.01143798,0.003423679,0.01623057,0.999797,0.007217257,-0.02276019,0.9997149
Fixation,9.2174,0.0186827,0.05132377,-0.03831762,-0.1864115,-0.2531989,-0.01772254,-0.9491191,0.4872392,-0.3448788,0.8022822,0.08427448,0.05242383,-0.04148833,-0.175994,-0.09595023,-0.01644007,-0.979566,0.1937659,-0.3416406,0.9196393,0.05060719,0.05098712,-0.1651007,0.01152698,0.003391685,0.01625987,0.9997956,0.007156839,-0.02293894,0.9997113
Fixation,9.2286,0.01868384,0.05134583,-0.0382993,-0.186496,-0.2533819,-0.0176135,-0.9490557,0.4875168,-0.3450643,0.8020337,0.08427581,0.05243027,-0.04147159,-0.1760297,-0.09594081,-0.01632244,-0.9795624,0.1937065,-0.3417322,0.9196178,0.05060809,0.05100203,-0.1650832,0.01155208,0.003402304,0.01613958,0.9997972,0.00717612,-0.02298966,0.99971
Fixation,9.2395,0.01869278,0.05139267,-0.03827878,-0.1865467,-0.2532994,-0.01752868,-0.9490693,0.4873372,-0.3452115,0.8020794,0.08428539,0.05246294,-0.04144248,-0.1759675,-0.09627631,-0.01623438,-0.9795421,0.1943268,-0.3416092,0.9195327,0.05061783,0.0510422,-0.1650586,0.01157696,0.00333558,0.01603146,0.9997989,0.00704101,-0.02304232,0.9997097
Fixation,9.2508,0.01870611,0.0514679,-0.03829889,-0.1865716,-0.2532814,-0.01737982,-0.9490719,0.4872497,-0.3453358,0.8020791,0.08429898,0.05251825,-0.04146399,-0.1759682,-0.09626023,-0.01608328,-0.9795461,0.194243,-0.3416415,0.9195383,0.05063092,0.05110753,-0.1650793,0.01156333,0.003344542,0.01588034,0.9998015,0.007055015,-0.02301584,0.9997102
Fixation,9.2616,0.01871436,0.05151749,-0.03829736,-0.1867235,-0.2533014,-0.01734862,-0.9490373,0.4872638,-0.3456264,0.8019454,0.08430763,0.05256176,-0.04145608,-0.1759937,-0.09620416,-0.01604683,-0.9795476,0.1941214,-0.3417009,0.919542,0.05063978,0.05115438,-0.1650747,0.0115849,0.00329539,0.01583293,0.9998021,0.006956322,-0.02306087,0.9997098
Fixation,9.2727,0.01872662,0.05154145,-0.03830037,-0.1868019,-0.2532856,-0.01738801,-0.9490254,0.4872452,-0.3457512,0.8019029,0.08431998,0.05258811,-0.04145656,-0.1761098,-0.09659384,-0.01607675,-0.9794879,0.1948875,-0.341889,0.9193099,0.0506523,0.05118048,-0.1650767,0.01167135,0.003276259,0.01584823,0.9998009,0.006921154,-0.02323421,0.9997061
Fixation,9.2848,0.01873364,0.05155194,-0.03831082,-0.1869925,-0.2533419,-0.01741589,-0.9489723,0.4873423,-0.3460771,0.8017033,0.08432712,0.05260098,-0.04146371,-0.1761432,-0.09657192,-0.01609964,-0.9794837,0.1948529,-0.3419493,0.9192948,0.05065966,0.0511924,-0.1650856,0.01170694,0.00325132,0.01586403,0.9998003,0.006872781,-0.02330605,0.9997048
Fixation,9.2954,0.0187454,0.05157232,-0.03830626,-0.1870301,-0.2532605,-0.0174237,-0.9489865,0.4871991,-0.3461525,0.8017577,0.08433942,0.05261934,-0.04144836,-0.1761792,-0.09648822,-0.01610032,-0.9794855,0.1946907,-0.342023,0.9193018,0.05067251,0.05121219,-0.1650758,0.01174208,0.003168866,0.01584753,0.9998004,0.006708633,-0.02337903,0.9997042
Fixation,9.3062,0.01876158,0.05160189,-0.03830804,-0.187031,-0.2532697,-0.01744039,-0.9489836,0.4872213,-0.3461443,0.8017478,0.08435553,0.05265117,-0.04145096,-0.1762559,-0.09673739,-0.01611876,-0.9794468,0.1951803,-0.3421479,0.9191515,0.05068862,0.05124295,-0.165078,0.01174759,0.003175291,0.01586484,0.9998001,0.006722061,-0.02338973,0.9997038
Fixation,9.3173,0.01878399,0.0516355,-0.0383045,-0.1869463,-0.2533087,-0.0173515,-0.9489915,0.4872631,-0.3460303,0.8017716,0.08437775,0.0526768,-0.04145422,-0.1761592,-0.09677837,-0.01604515,-0.9794613,0.1952343,-0.3419767,0.9192038,0.05071032,0.05127168,-0.1650776,0.01164358,0.003226436,0.01580817,0.9998021,0.006819723,-0.02318054,0.9997081
Fixation,9.3281,0.01878791,0.05165672,-0.03826863,-0.1870177,-0.2534449,-0.01725595,-0.9489427,0.4874637,-0.3461913,0.8015801,0.08438151,0.05268884,-0.04142479,-0.1760719,-0.09681503,-0.01596339,-0.9794747,0.1952772,-0.3418249,0.9192511,0.05071354,0.05128729,-0.1650447,0.01154811,0.003274807,0.01574194,0.9998041,0.00691191,-0.0229886,0.9997118
Fixation,9.3404,0.01880696,0.05166447,-0.03825691,-0.1870678,-0.2534938,-0.01717398,-0.9489213,0.4875169,-0.3463183,0.801493,0.0844003,0.0526861,-0.04142195,-0.1761101,-0.09686702,-0.01587501,-0.9794642,0.195347,-0.3419116,0.919204,0.05073161,0.05129027,-0.1650373,0.01157938,0.003341493,0.01566032,0.9998047,0.007044355,-0.02304958,0.9997095
Fixation,9.3512,0.01883002,0.05165684,-0.03824873,-0.187111,-0.2535633,-0.01708442,-0.9488959,0.4876038,-0.3464337,0.8013902,0.08442295,0.05266774,-0.04142552,-0.1761636,-0.0972263,-0.01578323,-0.9794204,0.1960117,-0.3420074,0.9190269,0.05075338,0.05127764,-0.1650349,0.01160289,0.003430082,0.01557687,0.9998055,0.007220303,-0.0230944,0.9997072
Fixation,9.3620,0.01885177,0.05163741,-0.0382494,-0.1872683,-0.2537519,-0.0171196,-0.9488137,0.4879384,-0.3466772,0.8010812,0.08444428,0.05265284,-0.0414332,-0.1762218,-0.09728405,-0.01581004,-0.9794038,0.1961329,-0.3421084,0.9189634,0.05077442,0.05126107,-0.1650391,0.01166519,0.003483837,0.01560749,0.9998041,0.007330438,-0.02321706,0.9997036
Fixation,9.3730,0.01886062,0.05156541,-0.03826761,-0.1872682,-0.2537828,-0.01720457,-0.948804,0.4880241,-0.3466292,0.8010498,0.08445285,0.0525924,-0.04145345,-0.1762359,-0.09731456,-0.01589426,-0.9793968,0.1962214,-0.3421163,0.9189416,0.05078312,0.05119491,-0.1650583,0.01168791,0.003500441,0.01569397,0.9998024,0.007366358,-0.02326133,0.9997023
Fixation,9.3839,0.01886935,0.05154073,-0.03827013,-0.1872737,-0.2537767,-0.01730102,-0.9488028,0.488048,-0.3465905,0.8010519,0.08446155,0.05257952,-0.04145282,-0.1762981,-0.09770844,-0.01599228,-0.9793449,0.1970194,-0.3421881,0.9187441,0.05079223,0.05117631,-0.1650594,0.01171728,0.003477491,0.0157833,0.9998007,0.007323471,-0.02332012,0.9997012
Fixation,9.3957,0.01888098,0.05152917,-0.03826749,-0.1875131,-0.2538672,-0.01732642,-0.9487308,0.4882011,-0.3470017,0.8007805,0.08447319,0.05256903,-0.0414496,-0.1763788,-0.09770485,-0.01600521,-0.9793305,0.1970166,-0.3423387,0.9186885,0.0508039,0.05116618,-0.1650566,0.01180007,0.003473127,0.01578799,0.9997997,0.007317461,-0.02348575,0.9996974
Fixation,9.4065,0.01886489,0.05153203,-0.03826999,-0.1873915,-0.2537957,-0.01736315,-0.9487733,0.4880966,-0.3467707,0.8009443,0.08445755,0.05257797,-0.04144084,-0.1763069,-0.09787633,-0.01606236,-0.9793254,0.1973694,-0.3421793,0.9186722,0.05078904,0.05117071,-0.1650534,0.01168576,0.003387927,0.0158402,0.9998005,0.007144711,-0.02325952,0.9997039
Fixation,9.4173,0.01885081,0.05154169,-0.03828235,-0.1873897,-0.2538134,-0.01735322,-0.948769,0.4881243,-0.3467702,0.8009276,0.08444336,0.05258691,-0.0414558,-0.1763041,-0.09789473,-0.01605305,-0.9793242,0.1974018,-0.3421747,0.918667,0.0507747,0.05118001,-0.1650671,0.01168238,0.003407652,0.01583438,0.9998006,0.007183912,-0.02325219,0.9997038
Fixation,9.4281,0.01884679,0.05154955,-0.03828163,-0.1876299,-0.2537111,-0.01736625,-0.9487487,0.487933,-0.3472152,0.8008514,0.08443998,0.05259252,-0.04144244,-0.1763617,-0.09779689,-0.01605655,-0.9793235,0.1972131,-0.3422897,0.9186647,0.05077195,0.05118752,-0.1650603,0.01173931,0.003311082,0.01581625,0.9998005,0.006992187,-0.02336921,0.9997025
Fixation,9.4391,0.01883486,0.05156207,-0.03829511,-0.1876831,-0.2536547,-0.01739197,-0.9487528,0.4878395,-0.3473066,0.8008687,0.08442843,0.05260551,-0.04144813,-0.1764167,-0.09773877,-0.01607269,-0.9793192,0.1971059,-0.3423947,0.9186485,0.05076082,0.05120075,-0.1650701,0.01179559,0.003251727,0.01581737,0.9998,0.006875303,-0.0234836,0.9997006
Fixation,9.4508,0.01879121,0.05154729,-0.03830552,-0.187784,-0.2535193,-0.01744127,-0.9487682,0.4876124,-0.3474835,0.8009303,0.08438566,0.05259073,-0.04143997,-0.1763806,-0.09807039,-0.01610919,-0.9792919,0.1977618,-0.3422965,0.9185442,0.05071906,0.05118716,-0.1650716,0.01190106,0.003110114,0.01581487,0.9997993,0.006595407,-0.02369897,0.9996974
Fixation,9.4620,0.01878223,0.05155969,-0.03830895,-0.1878955,-0.2534449,-0.01741277,-0.9487665,0.4874636,-0.3477115,0.800922,0.08437656,0.05260301,-0.04144607,-0.1762763,-0.09809121,-0.01609961,-0.9793087,0.1977991,-0.3420995,0.9186095,0.05070983,0.05119836,-0.1650762,0.01179506,0.003130609,0.01581856,0.9998004,0.00663313,-0.02348636,0.9997022
Fixation,9.4729,0.01878118,0.05156553,-0.03831263,-0.1879447,-0.2533709,-0.01752318,-0.9487745,0.4873705,-0.3477545,0.80096,0.08437592,0.05261958,-0.04143751,-0.1763401,-0.09801359,-0.01619978,-0.9793034,0.1976834,-0.3422053,0.918595,0.05071008,0.05121017,-0.165074,0.01186778,0.003038236,0.01589811,0.9997986,0.0064526,-0.02363419,0.9996998
Fixation,9.4839,0.01878337,0.05156755,-0.03831733,-0.1878397,-0.2533689,-0.01764349,-0.9487936,0.4874179,-0.3475015,0.8010409,0.084378,0.0526396,-0.04143828,-0.1762401,-0.09836279,-0.01633898,-0.979284,0.1984094,-0.3419639,0.9185284,0.05071279,0.05122018,-0.1650767,0.01179421,0.003009905,0.01603827,0.9997973,0.006396908,-0.0234871,0.9997036
Fixation,9.4950,0.01878146,0.0515672,-0.03832479,-0.1878946,-0.2534662,-0.01757514,-0.9487579,0.4875608,-0.3476236,0.8009009,0.08437648,0.05262923,-0.04144104,-0.176227,-0.09831455,-0.01627032,-0.9792924,0.1982919,-0.3419563,0.9185566,0.05071132,0.05121481,-0.1650818,0.01177361,0.002973199,0.01596407,0.9997988,0.006321111,-0.02344755,0.9997051
Fixation,9.5061,0.01878847,0.05158353,-0.03832569,-0.1878566,-0.2534995,-0.01751215,-0.9487578,0.4875988,-0.3475822,0.8008958,0.08438332,0.0526396,-0.04144766,-0.1761806,-0.09834959,-0.01621466,-0.9792982,0.1983406,-0.3418772,0.9185755,0.05071772,0.05122757,-0.1650854,0.01172188,0.003016302,0.01591955,0.9998,0.006404612,-0.02334303,0.999707
Fixation,9.5170,0.01880272,0.05159593,-0.0383211,-0.187791,-0.2535216,-0.01740048,-0.9487669,0.4876012,-0.347517,0.8009226,0.08439751,0.05264008,-0.04144832,-0.1761198,-0.09881116,-0.01611947,-0.9792642,0.1992024,-0.3417501,0.9184363,0.05073139,0.05123329,-0.1650832,0.0116301,0.003055235,0.01583351,0.9998024,0.006477553,-0.02315885,0.9997108
Fixation,9.5284,0.01882208,0.05157757,-0.03832697,-0.1878819,-0.2537163,-0.01729692,-0.9486987,0.4879003,-0.3477097,0.8006568,0.08441639,0.05261016,-0.04146799,-0.1761337,-0.09889844,-0.01601346,-0.9792547,0.1993345,-0.341792,0.9183921,0.05074925,0.05120933,-0.1650958,0.01163535,0.003159427,0.01574266,0.9998034,0.006683955,-0.02316665,0.9997092
Fixation,9.5392,0.01884662,0.05157149,-0.03832797,-0.187795,-0.2538115,-0.01726071,-0.9486911,0.4880605,-0.347557,0.8006254,0.08444031,0.0526042,-0.04148199,-0.1759633,-0.0994804,-0.0159981,-0.9792266,0.2004579,-0.341433,0.9182811,0.05077247,0.0512023,-0.165103,0.01154502,0.003258505,0.01574695,0.9998041,0.006879331,-0.02298289,0.9997122
Fixation,9.5506,0.01885713,0.05158019,-0.03831601,-0.187842,-0.2538261,-0.01726566,-0.9486778,0.4880848,-0.3476382,0.8005754,0.08445072,0.05261254,-0.04147216,-0.1760111,-0.09949555,-0.0159957,-0.9792165,0.2004862,-0.341523,0.9182414,0.05078276,0.05121136,-0.1650921,0.0115934,0.003274724,0.01574264,0.9998035,0.006913182,-0.02307915,0.9997097
Fixation,9.5618,0.0188642,0.05157804,-0.03831121,-0.1879355,-0.2541902,-0.01729247,-0.9485614,0.4887297,-0.3477455,0.8001352,0.08445771,0.05261326,-0.04146796,-0.1760323,-0.09950368,-0.0160174,-0.9792114,0.2005095,-0.3415582,0.9182233,0.05078977,0.05121088,-0.1650877,0.01161709,0.003279569,0.0157633,0.9998029,0.006924093,-0.0231262,0.9997086
Fixation,9.5733,0.01886733,0.05154943,-0.03831681,-0.1879269,-0.2541837,-0.0173813,-0.9485632,0.4887514,-0.3476851,0.8001482,0.08446081,0.05259597,-0.04147046,-0.1760375,-0.09949549,-0.01610635,-0.9792099,0.2005246,-0.3415502,0.9182229,0.05079328,0.05118799,-0.1650918,0.01163069,0.003256883,0.01584878,0.9998015,0.006881138,-0.02315353,0.9997082
Fixation,9.5841,0.01886372,0.05154192,-0.03831467,-0.1879583,-0.2541389,-0.01741862,-0.9485682,0.4886841,-0.347729,0.8001702,0.08445748,0.0525912,-0.04146165,-0.1758163,-0.09978821,-0.01614258,-0.9792193,0.2011053,-0.3411037,0.9182619,0.05079037,0.05118203,-0.1650865,0.01166886,0.003206217,0.01586841,0.9998009,0.006781491,-0.02323132,0.9997071
Fixation,9.5951,0.0188597,0.05154347,-0.03830167,-0.1879056,-0.2540847,-0.0174676,-0.9485923,0.4886102,-0.3476152,0.8002648,0.08445378,0.05259883,-0.04143986,-0.1757701,-0.09973133,-0.01619858,-0.9792324,0.2010148,-0.3410085,0.9183171,0.05078729,0.05118632,-0.1650691,0.01162658,0.003139855,0.0159183,0.9998007,0.006648609,-0.02314856,0.9997099
Fixation,9.6063,0.01884802,0.05154037,-0.03830038,-0.1878761,-0.2544339,-0.01740696,-0.9485057,0.4892047,-0.3475452,0.7999319,0.08444209,0.05258822,-0.04144134,-0.1757577,-0.09974193,-0.01613668,-0.9792346,0.2010138,-0.3409971,0.9183215,0.0507753,0.05117929,-0.1650691,0.01160823,0.003160315,0.01586046,0.9998018,0.006687602,-0.02311162,0.9997105
Fixation,9.6173,0.01884019,0.05153298,-0.03829552,-0.1878644,-0.2543887,-0.0173521,-0.9485211,0.4891058,-0.3475583,0.7999867,0.08443461,0.05257308,-0.04143173,-0.1759403,-0.09986659,-0.01608429,-0.97919,0.2012365,-0.3413455,0.9181433,0.05076792,0.05116773,-0.1650619,0.01158064,0.003123421,0.015803,0.9998032,0.006611629,-0.023058,0.9997123
Fixation,9.6285,0.01883812,0.0515337,-0.03828566,-0.1878422,-0.2543741,-0.01734951,-0.9485295,0.4890806,-0.3475213,0.8000183,0.08443264,0.05257368,-0.04141983,-0.1759176,-0.09985147,-0.01608506,-0.9791956,0.2012075,-0.3413033,0.9181653,0.05076605,0.05116832,-0.165051,0.01155746,0.003107923,0.01580339,0.9998035,0.006579919,-0.02301215,0.9997135
Fixation,9.6394,0.01883934,0.05153811,-0.03827586,-0.1878483,-0.2547153,-0.01737043,-0.9484363,0.4896885,-0.3474753,0.7996662,0.08443365,0.05258036,-0.04141375,-0.1759513,-0.09988189,-0.01609888,-0.9791862,0.2012712,-0.3413622,0.9181295,0.0507669,0.05117404,-0.1650431,0.01159336,0.003136381,0.01581883,0.9998028,0.006638312,-0.02308292,0.9997115
Fixation,9.6509,0.01882238,0.0514735,-0.0382864,-0.1878414,-0.2547025,-0.01737878,-0.9484409,0.4896695,-0.3474601,0.7996845,0.08441676,0.05251658,-0.04142233,-0.1759396,-0.09995057,-0.01610891,-0.9791811,0.2014078,-0.3413332,0.9181103,0.05075016,0.05110979,-0.1650527,0.01158803,0.003121585,0.01582619,0.9998027,0.006608727,-0.02307268,0.9997119
Fixation,9.6618,0.01882779,0.05147338,-0.03828386,-0.1877571,-0.2550759,-0.01733295,-0.9483581,0.4903153,-0.3472795,0.7993671,0.08442169,0.05251205,-0.04143133,-0.175947,-0.1000306,-0.01605987,-0.9791724,0.2015457,-0.3413519,0.9180731,0.05075435,0.05110776,-0.1650558,0.01159212,0.003209064,0.01579065,0.999803,0.006782959,-0.02307832,0.9997107
Fixation,9.6727,0.01883915,0.05149329,-0.03826707,-0.187732,-0.2551495,-0.01732815,-0.9483434,0.4904449,-0.3472264,0.7993108,0.08443256,0.05253386,-0.0414243,-0.1759236,-0.1001063,-0.01606008,-0.9791689,0.2016926,-0.3413024,0.9180592,0.05076471,0.05112827,-0.1650437,0.01156977,0.003283687,0.01580564,0.9998028,0.006931814,-0.02303117,0.9997107
Fixation,9.6839,0.0188846,0.05150759,-0.03826997,-0.1877095,-0.2552037,-0.01730348,-0.9483337,0.4905326,-0.3471907,0.7992724,0.08447765,0.05254698,-0.04143488,-0.1763788,-0.1005166,-0.01604057,-0.9790453,0.202479,-0.342141,0.9175739,0.05080937,0.05114174,-0.1650503,0.01154391,0.003342052,0.01579756,0.999803,0.007047517,-0.02297767,0.9997112
Fixation,9.6952,0.01890637,0.05152142,-0.03826745,-0.1876693,-0.2556823,-0.01729854,-0.9482129,0.4913752,-0.3470551,0.7988136,0.08449887,0.052562,-0.04144334,-0.1763771,-0.1006001,-0.01603405,-0.9790371,0.2026386,-0.3421334,0.9175414,0.05083001,0.05115604,-0.1650531,0.01154298,0.003425913,0.01580524,0.9998026,0.007215353,-0.02297311,0.99971
Fixation,9.7060,0.01892082,0.05152881,-0.03824895,-0.1876528,-0.2556987,-0.01723976,-0.9482128,0.4913838,-0.3470532,0.7988092,0.08451325,0.05256271,-0.04142836,-0.176352,-0.1006179,-0.01597889,-0.9790407,0.2026538,-0.3420961,0.917552,0.05084407,0.05115986,-0.1650363,0.01151255,0.003452186,0.01575643,0.9998036,0.007265809,-0.02291179,0.9997111
Fixation,9.7171,0.01893441,0.05154216,-0.03822779,-0.1877015,-0.2557601,-0.01719568,-0.9481874,0.4914723,-0.3471564,0.7987099,0.08452646,0.05257082,-0.04141681,-0.1763849,-0.1008327,-0.01592991,-0.9790135,0.2030528,-0.3421539,0.9174423,0.05085663,0.05117106,-0.1650198,0.01155248,0.003524871,0.01571342,0.9998036,0.007411416,-0.02298965,0.9997082
Fixation,9.7281,0.01891698,0.05151236,-0.03826541,-0.1876933,-0.2559571,-0.01722384,-0.9481353,0.4918296,-0.3471001,0.7985144,0.0845091,0.05254471,-0.04145183,-0.1763681,-0.1008183,-0.01595942,-0.9790176,0.2030352,-0.3421169,0.91746,0.05083948,0.05114293,-0.1650562,0.01153808,0.003505382,0.01574157,0.9998034,0.00737264,-0.02296126,0.9997092
Fixation,9.7395,0.01891236,0.05150974,-0.03825139,-0.1877167,-0.2559689,-0.01717581,-0.9481283,0.4918312,-0.3471661,0.7984847,0.08450444,0.05253565,-0.04144071,-0.1763842,-0.1008313,-0.01590841,-0.9790141,0.2030425,-0.342157,0.9174433,0.05083453,0.05113733,-0.1650436,0.01154963,0.003526989,0.01569215,0.999804,0.007415073,-0.02298405,0.9997084
Fixation,9.7507,0.01890359,0.05150938,-0.03823379,-0.1877234,-0.2559541,-0.01723602,-0.94813,0.4918268,-0.3471491,0.7984948,0.08449574,0.05254233,-0.04141971,-0.1767118,-0.1007678,-0.01596413,-0.9789606,0.2029374,-0.3427705,0.9172376,0.05082615,0.05114055,-0.1650244,0.01157078,0.003501656,0.01574508,0.9998029,0.007366298,-0.02302673,0.9997077
Fixation,9.7619,0.01890308,0.0514828,-0.03823992,-0.1875781,-0.2559973,-0.01722639,-0.9481472,0.4919088,-0.3468835,0.7985597,0.08449508,0.05251539,-0.04142898,-0.1766943,-0.1007909,-0.01595657,-0.9789616,0.2029797,-0.3427374,0.9172406,0.05082531,0.05111361,-0.165032,0.01155275,0.003525533,0.01574317,0.9998031,0.007413432,-0.02298995,0.9997082
Fixation,9.7727,0.01890924,0.05144632,-0.03824885,-0.1875767,-0.2559721,-0.01726744,-0.9481536,0.4918796,-0.3468631,0.7985865,0.08450137,0.05248356,-0.04143353,-0.1766986,-0.1007643,-0.01599701,-0.9789629,0.2029422,-0.3427388,0.9172484,0.05083195,0.05107951,-0.1650388,0.01156053,0.003492531,0.01577801,0.9998026,0.007348487,-0.02300629,0.9997083
Fixation,9.7838,0.01889313,0.05143225,-0.03823758,-0.1877019,-0.2559437,-0.01731489,-0.9481356,0.4918388,-0.3470705,0.7985216,0.08448543,0.05247128,-0.04141818,-0.1770965,-0.1007939,-0.01602237,-0.9788875,0.2030069,-0.3434853,0.9169548,0.05081624,0.05106771,-0.1650258,0.0116948,0.003461563,0.01578674,0.999801,0.007290995,-0.02327566,0.9997025
Fixation,9.7949,0.01887811,0.05141366,-0.03822389,-0.1877166,-0.2560517,-0.01739218,-0.9481022,0.4920559,-0.3470424,0.7984,0.0844706,0.05246103,-0.04139779,-0.1771189,-0.100755,-0.01609532,-0.9788863,0.2029569,-0.3435151,0.9169547,0.05080195,0.0510534,-0.1650089,0.01172381,0.003411253,0.01584971,0.9997998,0.007192778,-0.02333479,0.9997019
Fixation,9.8063,0.01886255,0.05140746,-0.03823237,-0.1876547,-0.2560912,-0.01735743,-0.9481043,0.4921168,-0.3469422,0.798406,0.08445479,0.05245316,-0.04141198,-0.1770533,-0.1007959,-0.01607139,-0.9788944,0.2030281,-0.3433931,0.9169846,0.05078581,0.05104578,-0.16502,0.01165586,0.003454655,0.01583927,0.9998007,0.007277174,-0.02319764,0.9997044
Fixation,9.8170,0.01885328,0.0513922,-0.03824851,-0.1877253,-0.2559699,-0.01743807,-0.9481216,0.4919283,-0.3470455,0.7984772,0.0844463,0.05244303,-0.04141044,-0.1768435,-0.1009507,-0.0161429,-0.9789151,0.2033538,-0.3429703,0.9170706,0.05077838,0.05103397,-0.1650277,0.01174007,0.003320331,0.01587642,0.9997995,0.007012112,-0.02337,0.9997023
Fixation,9.8284,0.01882887,0.05137253,-0.03824725,-0.1877594,-0.255901,-0.0174776,-0.9481328,0.4918194,-0.3470967,0.7985221,0.08442232,0.05242574,-0.04139925,-0.1768814,-0.1008793,-0.01617564,-0.978915,0.2032269,-0.3430403,0.9170727,0.05075498,0.05101585,-0.1650217,0.0117804,0.003244849,0.01589305,0.9997991,0.006862846,-0.02345292,0.9997014
Fixation,9.8396,0.01880193,0.05134845,-0.03824994,-0.1878034,-0.2559883,-0.01749874,-0.9481001,0.4919777,-0.3471538,0.7983998,0.08439556,0.05240381,-0.04139763,-0.1768751,-0.10085,-0.01619706,-0.9789189,0.2031777,-0.3430258,0.9170889,0.05072851,0.05099273,-0.1650223,0.0117756,0.003212165,0.01590978,0.999799,0.006797732,-0.02344425,0.999702
Fixation,9.8501,0.01880002,0.05130208,-0.03828665,-0.1878926,-0.255926,-0.01757858,-0.9480978,0.4918915,-0.3472834,0.7983965,0.08439402,0.05236351,-0.04142468,-0.1768966,-0.1009097,-0.0162626,-0.9789078,0.2033162,-0.3430489,0.9170496,0.05072761,0.05095053,-0.1650545,0.01188084,0.003139073,0.01595216,0.9997972,0.006655922,-0.02365671,0.999698
Fixation,9.8614,0.0187885,0.05129588,-0.03828555,-0.1878849,-0.2559382,-0.01762559,-0.9480951,0.4919307,-0.3472434,0.7983898,0.08438237,0.05236375,-0.041424,-0.1768967,-0.1009215,-0.01631036,-0.9789057,0.2033558,-0.3430383,0.9170448,0.05071607,0.05094743,-0.1650536,0.0118858,0.003142892,0.01600101,0.9997964,0.006664874,-0.02366618,0.9996977
Fixation,9.8728,0.01877569,0.05128455,-0.03828444,-0.1877751,-0.2560524,-0.01762108,-0.9480861,0.492137,-0.34703,0.7983554,0.08437,0.05235028,-0.04141457,-0.1768849,-0.1008565,-0.01630465,-0.9789147,0.203228,-0.3430215,0.9170794,0.05070411,0.05093491,-0.1650484,0.01187216,0.003079218,0.01598569,0.999797,0.006536755,-0.02364105,0.9996991
Fixation,9.8836,0.0187509,0.05128622,-0.03828598,-0.1877673,-0.2560897,-0.0176932,-0.9480762,0.4922296,-0.3469734,0.7983229,0.08434488,0.0523622,-0.04141926,-0.1768934,-0.1013634,-0.01638229,-0.9788595,0.2042369,-0.3429865,0.9168683,0.05067904,0.05094182,-0.1650515,0.01188465,0.003104217,0.01606296,0.9997956,0.00658897,-0.02366471,0.9996982
Fixation,9.8951,0.01873757,0.0512861,-0.03828731,-0.1878927,-0.2564663,-0.01772754,-0.9479489,0.4928957,-0.3471324,0.7978427,0.08433156,0.05236602,-0.04141911,-0.1768989,-0.1013575,-0.01641395,-0.9788586,0.2042366,-0.3429907,0.9168668,0.05066588,0.05094361,-0.1650521,0.01189321,0.003093268,0.01609253,0.999795,0.006568052,-0.023682,0.999698
Fixation,9.9066,0.0187344,0.05129325,-0.03828883,-0.187875,-0.2565191,-0.01771555,-0.9479384,0.4929853,-0.3470991,0.7978019,0.08432803,0.05237329,-0.04142784,-0.176881,-0.1014119,-0.01640559,-0.9788563,0.2043391,-0.3429548,0.9168574,0.05066197,0.05095065,-0.1650571,0.01187525,0.003148258,0.01609511,0.999795,0.006677493,-0.02364428,0.9996982
Fixation,9.9173,0.01874008,0.05130422,-0.03829242,-0.1878214,-0.2565711,-0.0177393,-0.9479345,0.4930888,-0.346982,0.7977888,0.08433333,0.05239022,-0.0414374,-0.1767108,-0.1016629,-0.01644098,-0.9788604,0.2048382,-0.3426076,0.9168759,0.05066708,0.050964,-0.1650635,0.01183093,0.003194342,0.01614051,0.9997947,0.006769287,-0.02355388,0.9996997
Fixation,9.9285,0.01871365,0.05133033,-0.03825872,-0.1877062,-0.2566272,-0.01768629,-0.9479431,0.4931757,-0.3467921,0.7978176,0.0843068,0.05241179,-0.04140755,-0.1766387,-0.1016863,-0.01639874,-0.9788717,0.2048689,-0.3424782,0.9169173,0.05064026,0.05098712,-0.1650316,0.01175428,0.003223219,0.01610986,0.999796,0.006823842,-0.0233999,0.9997029
Fixation,9.9397,0.01871018,0.05134857,-0.03825212,-0.1876018,-0.2566417,-0.01768807,-0.9479598,0.4932086,-0.3465989,0.7978812,0.08430322,0.05243349,-0.04140212,-0.1765359,-0.1017004,-0.01641735,-0.9788885,0.2049033,-0.3422786,0.9169842,0.05063671,0.05100596,-0.1650254,0.01165236,0.003232429,0.01614035,0.9997966,0.006839689,-0.02319564,0.9997075
Fixation,9.9503,0.01871131,0.05137622,-0.03824987,-0.1876854,-0.2566009,-0.01773907,-0.9479533,0.49315,-0.3467303,0.7978604,0.08430459,0.05246425,-0.04139374,-0.1764076,-0.1019424,-0.01645803,-0.9788857,0.2053865,-0.3420101,0.9169762,0.05063846,0.05103612,-0.1650203,0.01174582,0.003186004,0.01616052,0.9997953,0.006750342,-0.02338387,0.9997038
Fixation,9.9615,0.0187112,0.05136156,-0.03826219,-0.1875635,-0.2568693,-0.01767224,-0.947906,0.4936053,-0.3465063,0.7976761,0.08430432,0.05244267,-0.04141191,-0.1763611,-0.1019773,-0.01639614,-0.9788915,0.2054328,-0.3419327,0.9169948,0.05063773,0.05101752,-0.1650354,0.01169335,0.003230035,0.01611006,0.9997966,0.006835518,-0.02327788,0.9997057
Fixation,9.9724,0.0187133,0.05134261,-0.03827614,-0.1875204,-0.2569107,-0.01770047,-0.9479028,0.4936912,-0.3464073,0.797666,0.0843061,0.05242944,-0.0414304,-0.176324,-0.1020193,-0.01643139,-0.9788932,0.2055264,-0.3418521,0.9170039,0.0506394,0.05100107,-0.1650515,0.01165999,0.003265152,0.01615521,0.9997962,0.006905713,-0.02320973,0.9997067
Fixation,9.9838,0.01872051,0.0513413,-0.0382833,-0.1874979,-0.2568478,-0.01775189,-0.9479234,0.4936009,-0.3463481,0.7977475,0.08431368,0.05243373,-0.04142775,-0.1761985,-0.1023382,-0.01648947,-0.9788816,0.2061649,-0.3415799,0.916962,0.05064765,0.05100238,-0.1650538,0.01164772,0.003190842,0.0161984,0.9997959,0.006757731,-0.02318731,0.9997083
Fixation,9.9950,0.01872266,0.05135024,-0.03829041,-0.1874383,-0.2572408,-0.0177858,-0.9478279,0.4943075,-0.346168,0.7973881,0.08431606,0.05244482,-0.04142947,-0.1762256,-0.1023008,-0.01651512,-0.9788802,0.2061012,-0.3416285,0.9169582,0.05065036,0.05101264,-0.1650584,0.01167708,0.00314997,0.01621472,0.9997954,0.006677332,-0.02324724,0.9997075
Fixation,10.0058,0.01872672,0.05137718,-0.0382969,-0.1874766,-0.2572356,-0.01773356,-0.9478227,0.4942768,-0.3462659,0.7973647,0.0843202,0.05246413,-0.04143681,-0.1762554,-0.1022965,-0.01645736,-0.9788762,0.2060726,-0.3416973,0.916939,0.05065429,0.05103612,-0.1650653,0.01170136,0.003155731,0.01615446,0.9997961,0.006688233,-0.02329598,0.9997063
Fixation,10.0175,0.01873603,0.0513854,-0.03829902,-0.1874539,-0.2572133,-0.01770116,-0.9478339,0.4942273,-0.3462443,0.7974047,0.08432969,0.0524683,-0.04143661,-0.1760952,-0.1025684,-0.01643249,-0.978877,0.206591,-0.3413802,0.9169404,0.05066383,0.05104208,-0.1650663,0.01166953,0.003137604,0.01612536,0.9997969,0.006650285,-0.02323313,0.9997079
Fixation,10.0285,0.01874469,0.05138278,-0.03830101,-0.1875236,-0.2575513,-0.01774122,-0.9477276,0.4948308,-0.346304,0.7970045,0.0843382,0.05246985,-0.04144036,-0.1761421,-0.1025867,-0.01646361,-0.9788662,0.2066372,-0.3414613,0.9168998,0.05067231,0.05104196,-0.1650692,0.01172039,0.0031515,0.01615441,0.9997959,0.006680386,-0.02333417,0.9997054
Fixation,10.0398,0.01876454,0.05137312,-0.0382925,-0.1874738,-0.2575736,-0.01774183,-0.9477313,0.4948734,-0.34621,0.7970188,0.08435789,0.05246222,-0.04143447,-0.1760936,-0.1026094,-0.01647243,-0.9788724,0.2066843,-0.3413658,0.9169247,0.05069191,0.05103278,-0.1650619,0.01167259,0.003171661,0.01617153,0.9997961,0.006719556,-0.02323784,0.9997074
Fixation,10.0502,0.01876592,0.05136228,-0.03827946,-0.1874858,-0.2575309,-0.01773462,-0.9477407,0.494795,-0.3462414,0.7970539,0.08435957,0.05244899,-0.04141599,-0.1758841,-0.1028677,-0.01646722,-0.978883,0.2071835,-0.340952,0.9169661,0.05069385,0.05102086,-0.1650462,0.01168039,0.003129971,0.01615397,0.9997964,0.006636037,-0.0232549,0.9997075
Fixation,10.0614,0.01879062,0.05135918,-0.03826129,-0.1873609,-0.2579074,-0.01767078,-0.9476643,0.4954409,-0.3459957,0.7967593,0.0843842,0.05243969,-0.04140133,-0.1758107,-0.1028861,-0.0164117,-0.9788951,0.2072002,-0.3408234,0.9170101,0.05071817,0.05101395,-0.1650296,0.01160098,0.003156127,0.01610968,0.9997979,0.006684755,-0.02309559,0.9997109
Fixation,10.0731,0.01881683,0.05135357,-0.03824462,-0.1874129,-0.2579386,-0.0175822,-0.9476471,0.4954598,-0.3461322,0.7966882,0.08441029,0.05242217,-0.04139135,-0.1758493,-0.10292,-0.01631638,-0.9788862,0.2072325,-0.3409144,0.9169689,0.05074362,0.05100286,-0.1650162,0.01163109,0.003206105,0.01601802,0.9997989,0.006783534,-0.0231548,0.9997089
Fixation,10.0838,0.01884189,0.05132258,-0.03825017,-0.1874451,-0.2579978,-0.01758015,-0.9476247,0.4955608,-0.346184,0.796603,0.08443494,0.05239165,-0.04140507,-0.1756977,-0.1032481,-0.01631374,-0.978879,0.2078674,-0.3406049,0.9169403,0.05076782,0.05097234,-0.1650258,0.0116653,0.003268406,0.01601861,0.9997983,0.006909217,-0.02322119,0.9997064
Fixation,10.0951,0.01887182,0.05126607,-0.0382478,-0.1874544,-0.2580584,-0.01756337,-0.9476066,0.4956603,-0.3462013,0.7965335,0.08446448,0.05233431,-0.04141126,-0.1757061,-0.1033108,-0.01629648,-0.9788712,0.2079827,-0.34062,0.9169085,0.05079686,0.05091548,-0.1650276,0.01167312,0.003333543,0.01601125,0.9997981,0.007039543,-0.02323478,0.9997053
Fixation,10.1065,0.01890909,0.05118763,-0.03823441,-0.1876732,-0.2584881,-0.01760484,-0.9474453,0.4964146,-0.346519,0.7959253,0.08450145,0.05225813,-0.04140308,-0.1758448,-0.1033515,-0.01631443,-0.9788416,0.2080672,-0.3408762,0.9167941,0.05083357,0.05083966,-0.165017,0.01181591,0.003373437,0.01602211,0.9997962,0.00712413,-0.02351891,0.999698
Fixation,10.1174,0.01892579,0.05114114,-0.03821759,-0.1877468,-0.2584294,-0.01767541,-0.9474455,0.4963325,-0.346624,0.7959308,0.08451851,0.05221713,-0.04137719,-0.1760931,-0.1037029,-0.01637475,-0.9787588,0.2087671,-0.3413091,0.9164739,0.05085121,0.05079675,-0.1649959,0.01190356,0.003304794,0.01606004,0.9997947,0.006990575,-0.02369608,0.9996948
Fixation,10.1281,0.01896074,0.05110741,-0.03827184,-0.1877954,-0.2584439,-0.01768893,-0.9474317,0.4963597,-0.3467034,0.7958793,0.08455336,0.0521841,-0.04143339,-0.1761438,-0.1037179,-0.01638053,-0.978748,0.2087981,-0.3414029,0.9164319,0.05088596,0.05076408,-0.1650512,0.01195567,0.00331968,0.01606325,0.999794,0.007022087,-0.02379976,0.9996921
Fixation,10.1421,0.01899212,0.05111861,-0.03824529,-0.1878742,-0.2586111,-0.01761974,-0.9473718,0.4966223,-0.3468601,0.7956472,0.08458497,0.0521841,-0.04140568,-0.1761918,-0.103694,-0.01630099,-0.9787433,0.2087238,-0.3415125,0.916408,0.05091739,0.05077028,-0.1650242,0.01199578,0.003309845,0.01597653,0.999795,0.007001634,-0.02388089,0.9996903
Fixation,10.1567,0.01899787,0.05116153,-0.03822781,-0.1878568,-0.2586363,-0.01749299,-0.9473706,0.4966213,-0.3468913,0.7956342,0.08459065,0.05221224,-0.04139457,-0.175997,-0.103932,-0.01618214,-0.978755,0.2091439,-0.3411523,0.9164464,0.05092241,0.05080533,-0.1650097,0.01194739,0.003357038,0.01586502,0.9997971,0.007091805,-0.02378342,0.999692
Fixation,10.1704,0.01900695,0.0511955,-0.03822336,-0.1878634,-0.2589146,-0.01735531,-0.9472958,0.4970583,-0.3469374,0.7953411,0.08459999,0.05222654,-0.04139143,-0.176028,-0.1039154,-0.01603487,-0.9787536,0.2090603,-0.3412436,0.9164314,0.05093125,0.05082989,-0.1650059,0.01196362,0.003365308,0.01571472,0.9997993,0.007105275,-0.02381666,0.9996911
Fixation,10.1763,0.01901938,0.05120742,-0.03823698,-0.1879658,-0.2589088,-0.0173277,-0.9472776,0.497031,-0.3471389,0.7952702,0.08461249,0.05223215,-0.04140568,-0.176125,-0.1039105,-0.01599119,-0.9787374,0.2090352,-0.3414369,0.9163651,0.05094355,0.05083978,-0.16502,0.01205717,0.003369374,0.01566155,0.999799,0.00711506,-0.02400396,0.9996865
Fixation,10.1863,0.01902771,0.05121076,-0.03824273,-0.188059,-0.2588931,-0.01739155,-0.9472622,0.4970207,-0.3472772,0.7952163,0.08462088,0.05224049,-0.04140843,-0.176118,-0.1039346,-0.01604021,-0.9787353,0.2090989,-0.3414117,0.9163601,0.05095219,0.05084658,-0.1650245,0.0121647,0.003346845,0.01569583,0.9997972,0.007074203,-0.02421941,0.9996817
Fixation,10.1975,0.01903756,0.0512042,-0.03825292,-0.1879376,-0.2591923,-0.0175094,-0.9472023,0.4975965,-0.3469534,0.7949976,0.08463119,0.05224586,-0.04140524,-0.176149,-0.1038504,-0.01614916,-0.9787369,0.2089738,-0.3414529,0.9163732,0.05096348,0.05084634,-0.1650283,0.01220553,0.003246021,0.01578574,0.9997957,0.006876062,-0.02430359,0.999681
Fixation,10.2087,0.01903985,0.05123305,-0.0382848,-0.1879858,-0.2592119,-0.01758416,-0.947186,0.4976548,-0.346999,0.7949411,0.08463329,0.05228329,-0.04143823,-0.176209,-0.1038696,-0.01621546,-0.978723,0.2090338,-0.3415511,0.9163229,0.05096569,0.05088007,-0.1650608,0.01227322,0.003255252,0.01584811,0.9997938,0.006898175,-0.0244382,0.9996775
Fixation,10.2200,0.0190488,0.0512538,-0.03829053,-0.1879147,-0.2591576,-0.01756056,-0.9472154,0.4975559,-0.3468894,0.7950509,0.08464262,0.05230165,-0.04143679,-0.1758531,-0.1039024,-0.0162055,-0.9787836,0.2090955,-0.3408767,0.9165599,0.05097538,0.05089879,-0.1650629,0.01219429,0.00320041,0.01583391,0.9997951,0.006785674,-0.02428222,0.9996821
Fixation,10.2308,0.01904926,0.05127692,-0.03829318,-0.1876763,-0.2594812,-0.01750191,-0.9471752,0.4981176,-0.3464418,0.7948943,0.08464265,0.05232275,-0.04144897,-0.1756999,-0.1039723,-0.01616951,-0.9788043,0.2092189,-0.3405894,0.9166386,0.05097488,0.05091941,-0.1650699,0.01203702,0.003272886,0.01582518,0.999797,0.006925419,-0.02396556,0.9996888
Fixation,10.2424,0.01905071,0.051296,-0.03828856,-0.1875867,-0.2594829,-0.01739227,-0.9471945,0.4980868,-0.3463361,0.7949597,0.08464417,0.05233049,-0.04144664,-0.175594,-0.1039753,-0.01607571,-0.9788246,0.2091928,-0.3404085,0.9167117,0.05097606,0.05093169,-0.1650662,0.01192053,0.003289435,0.01574403,0.9997996,0.006952906,-0.02373271,0.9996942
Fixation,10.2530,0.0190241,0.05128586,-0.03830183,-0.1875106,-0.2595133,-0.01739715,-0.9472011,0.4981469,-0.3461909,0.7949852,0.08461735,0.05232394,-0.04146331,-0.1754098,-0.1041724,-0.01609548,-0.9788363,0.2095821,-0.3400415,0.9167591,0.05094915,0.05092251,-0.165081,0.01184829,0.003315707,0.01577342,0.9997999,0.007003863,-0.02358724,0.9996973
Fixation,10.2651,0.01901562,0.05125546,-0.03831019,-0.1874366,-0.2598626,-0.01747176,-0.9471186,0.4987911,-0.3459689,0.7946779,0.08460864,0.05230367,-0.04147296,-0.1754048,-0.1041955,-0.01616938,-0.9788335,0.2096525,-0.3400146,0.9167529,0.05094058,0.05089712,-0.16509,0.01185111,0.003326409,0.01585026,0.9997986,0.007027164,-0.02359199,0.999697
Fixation,10.2754,0.01900417,0.05121934,-0.03831737,-0.1874261,-0.2598431,-0.01758133,-0.9471241,0.4987977,-0.3458948,0.794706,0.08459723,0.05228102,-0.04147477,-0.1754109,-0.1041735,-0.01627894,-0.978833,0.2096479,-0.3400042,0.9167578,0.05092975,0.05086768,-0.1650946,0.01186796,0.003286763,0.01595354,0.9997969,0.006950862,-0.02362623,0.9996967
Fixation,10.2864,0.0189788,0.05121529,-0.03831916,-0.1874337,-0.2598453,-0.01773075,-0.9471192,0.4988555,-0.3458296,0.7946981,0.08457171,0.05229568,-0.04147324,-0.1752325,-0.1044334,-0.01642915,-0.9788347,0.2102038,-0.3396158,0.9167745,0.05090481,0.05087316,-0.1650949,0.01191396,0.003263095,0.01609399,0.9997942,0.006908334,-0.02371799,0.9996948
Fixation,10.2975,0.0189539,0.05118704,-0.03832483,-0.1873925,-0.2600676,-0.01780605,-0.9470649,0.4992753,-0.3456843,0.7944977,0.08454682,0.05227721,-0.04147569,-0.1752169,-0.1044225,-0.01650587,-0.9788373,0.2102095,-0.3395706,0.9167899,0.05088031,0.05084968,-0.1650989,0.01190582,0.003239492,0.01616901,0.9997932,0.006862654,-0.02370196,0.9996955
Fixation,10.3087,0.01893384,0.05117953,-0.03832339,-0.1873455,-0.2600194,-0.01783464,-0.9470869,0.4992045,-0.3455901,0.7945831,0.08452705,0.05227327,-0.04146679,-0.1751733,-0.104372,-0.016541,-0.9788499,0.2101242,-0.3394839,0.9168416,0.05086104,0.05084348,-0.1650938,0.0118644,0.003182939,0.01619945,0.9997933,0.006748956,-0.02362076,0.9996982
Fixation,10.3203,0.01890866,0.05118561,-0.03832177,-0.1873674,-0.2600463,-0.01786896,-0.9470745,0.4992625,-0.3456083,0.7945388,0.08450165,0.05228388,-0.04146806,-0.1748669,-0.1045407,-0.01657518,-0.9788862,0.2104638,-0.3388841,0.9169856,0.05083558,0.05085206,-0.1650936,0.01189621,0.003205383,0.01623132,0.9997924,0.006795618,-0.02368343,0.9996964
Fixation,10.3307,0.01888099,0.05118287,-0.03831222,-0.1873789,-0.2602067,-0.01786012,-0.9470283,0.4995395,-0.3456115,0.7943633,0.0844742,0.052279,-0.04145463,-0.1748662,-0.1045088,-0.01656439,-0.9788899,0.2103984,-0.3388873,0.9169994,0.05080829,0.05084836,-0.1650822,0.01189385,0.003175547,0.01621555,0.9997928,0.006735508,-0.02367978,0.9996969
Fixation,10.3419,0.01886373,0.05117047,-0.03831311,-0.1874432,-0.2601348,-0.01792144,-0.9470342,0.4994316,-0.3457063,0.7943899,0.08445738,0.05227077,-0.04144484,-0.1749374,-0.1044341,-0.01661359,-0.9788843,0.2102704,-0.3390169,0.9169809,0.05079214,0.05083871,-0.165078,0.01196949,0.003094615,0.01624449,0.9997916,0.006576817,-0.02383345,0.9996943
Fixation,10.3532,0.01885369,0.05115914,-0.03830855,-0.187571,-0.2600709,-0.01791962,-0.9470265,0.4993104,-0.3459486,0.7943606,0.0844478,0.05225408,-0.04143269,-0.1750619,-0.1043692,-0.01659042,-0.9788693,0.2101363,-0.3392624,0.9169208,0.05078283,0.05082607,-0.16507,0.01209185,0.003036219,0.01619875,0.9997911,0.006462916,-0.02408028,0.9996892
Fixation,10.3647,0.01883829,0.0511539,-0.03831286,-0.1876048,-0.2600979,-0.01789418,-0.9470129,0.4993461,-0.3460198,0.7943071,0.08443224,0.05224526,-0.04144146,-0.1747303,-0.1045671,-0.01656418,-0.9789079,0.2105117,-0.3386256,0.9170701,0.05076694,0.0508194,-0.1650765,0.01211994,0.003069905,0.01617085,0.9997911,0.006530506,-0.02413552,0.9996874
Fixation,10.3755,0.01883711,0.05113697,-0.03831153,-0.1873853,-0.2605114,-0.01794558,-0.9469417,0.5001037,-0.3455358,0.7940411,0.08443123,0.05223405,-0.04143456,-0.1747144,-0.1045332,-0.01661346,-0.9789135,0.2104632,-0.3385872,0.9170954,0.05076637,0.05080509,-0.1650724,0.01210831,0.00302798,0.01621522,0.9997906,0.00644737,-0.02411336,0.9996884
Fixation,10.3861,0.0188476,0.05113208,-0.03830522,-0.1873672,-0.2605469,-0.01799955,-0.9469345,0.5001867,-0.3454694,0.7940177,0.08444143,0.05223739,-0.04143154,-0.1745279,-0.1048049,-0.01667364,-0.9789167,0.2110105,-0.3382016,0.9171119,0.05077656,0.05080426,-0.1650677,0.01210612,0.003053764,0.0162775,0.9997895,0.006500357,-0.02410773,0.9996882
Fixation,10.3973,0.01885496,0.0511266,-0.03830146,-0.1872516,-0.2605931,-0.0179831,-0.946945,0.5002694,-0.3452613,0.7940562,0.08444848,0.05223417,-0.04143356,-0.1744121,-0.104852,-0.01667662,-0.9789323,0.2111033,-0.3379782,0.9171729,0.05078337,0.05079865,-0.1650666,0.01199024,0.003098027,0.01629965,0.9997905,0.006585628,-0.02387445,0.9996933
Fixation,10.4087,0.0188285,0.05112135,-0.03829964,-0.1872683,-0.2609615,-0.01790313,-0.9468417,0.5008838,-0.3452829,0.7936593,0.08442193,0.05221832,-0.04143719,-0.1744281,-0.1048786,-0.01659085,-0.978928,0.211125,-0.338025,0.9171507,0.05075628,0.05078828,-0.1650674,0.01199804,0.003138595,0.01621827,0.9997916,0.006665057,-0.02388927,0.9996924
Fixation,10.4200,0.01883446,0.05112863,-0.03829078,-0.1873079,-0.2610291,-0.01777421,-0.9468177,0.5009524,-0.3454137,0.7935591,0.08442755,0.05221009,-0.0414408,-0.1742751,-0.1052214,-0.01646207,-0.9789207,0.2117447,-0.3377386,0.9171133,0.05076088,0.05078804,-0.1650647,0.01200706,0.003232214,0.01609789,0.9997931,0.006849668,-0.02390508,0.9996908
Fixation,10.4312,0.01885239,0.0511359,-0.03828137,-0.1873147,-0.2610896,-0.01765397,-0.9468019,0.5010139,-0.3454813,0.7934909,0.08444518,0.05220354,-0.04144245,-0.1742649,-0.1052859,-0.01634317,-0.9789176,0.2118285,-0.3377405,0.9170933,0.0507776,0.05078828,-0.1650606,0.01198572,0.003315317,0.01599279,0.9997948,0.007012643,-0.02386048,0.9996907
Fixation,10.4420,0.01883536,0.0511384,-0.03827016,-0.1872185,-0.2615511,-0.01753518,-0.9466957,0.5017845,-0.3453052,0.7930805,0.08442777,0.05219293,-0.04144335,-0.1742274,-0.1053592,-0.01622681,-0.9789183,0.2119305,-0.3376895,0.9170884,0.05075926,0.05078399,-0.1650552,0.01193728,0.003406343,0.01589437,0.9997966,0.007190771,-0.02376142,0.9996918
Fixation,10.4535,0.0188294,0.05113661,-0.03826476,-0.1872057,-0.2615678,-0.01757012,-0.946693,0.5018273,-0.3452612,0.7930726,0.08442166,0.05219638,-0.04143922,-0.1739009,-0.105376,-0.01626558,-0.9789739,0.2119778,-0.3370608,0.9173088,0.0507532,0.05078459,-0.1650504,0.01193459,0.003416546,0.01593381,0.999796,0.007212026,-0.02375543,0.9996918
Fixation,10.4648,0.0188287,0.05112123,-0.03826629,-0.1871743,-0.2615921,-0.01762808,-0.9466914,0.5018931,-0.3451699,0.7930707,0.08442076,0.05218983,-0.04144236,-0.1738795,-0.1053998,-0.01632819,-0.978974,0.2120456,-0.3370051,0.9173136,0.05075239,0.05077338,-0.1650527,0.01191985,0.00342967,0.01600128,0.999795,0.0072394,-0.02372505,0.9996923
Fixation,10.4756,0.0188304,0.05109549,-0.03827097,-0.1871019,-0.2618487,-0.01771603,-0.9466332,0.5023786,-0.3449558,0.7928563,0.08442236,0.05217588,-0.04144472,-0.1738523,-0.1053984,-0.01641949,-0.9789775,0.2120745,-0.3369339,0.9173331,0.05075439,0.05075336,-0.1650562,0.01190166,0.003413032,0.01609338,0.9997938,0.007207733,-0.02368855,0.9996934
Fixation,10.4865,0.01881066,0.05108082,-0.03829487,-0.1870732,-0.2618388,-0.01784519,-0.9466391,0.5024104,-0.3448366,0.7928881,0.08440258,0.05217814,-0.04146395,-0.1737617,-0.1055641,-0.01655374,-0.9789735,0.2124417,-0.3367213,0.9173262,0.05073522,0.05074692,-0.1650778,0.01190645,0.003378928,0.01622161,0.9997919,0.007142734,-0.02369832,0.9996936
Fixation,10.4976,0.01879587,0.05108118,-0.0383056,-0.1870393,-0.2618523,-0.01782793,-0.9466425,0.5024301,-0.3447821,0.7928993,0.0843877,0.05217755,-0.04147666,-0.1737258,-0.1055781,-0.01654237,-0.9789786,0.212465,-0.3366546,0.9173452,0.05072023,0.05074644,-0.1650895,0.01186921,0.003393999,0.01621632,0.9997923,0.007171538,-0.02362341,0.9996952
Fixation,10.5092,0.01878871,0.05109489,-0.03830527,-0.1871484,-0.261944,-0.01779616,-0.9465961,0.5025713,-0.3449847,0.7927216,0.08438085,0.05218852,-0.04147103,-0.1736368,-0.1055358,-0.01652419,-0.9789992,0.2123773,-0.3364927,0.9174249,0.05071362,0.05075788,-0.1650864,0.01177667,0.003353394,0.01620041,0.9997938,0.007086979,-0.02343983,0.9997001
Fixation,10.5197,0.01877989,0.05112267,-0.0383142,-0.187097,-0.2619282,-0.01775346,-0.9466115,0.5025317,-0.3449161,0.7927766,0.08437216,0.052212,-0.04147854,-0.173347,-0.1054631,-0.01649099,-0.979059,0.2122265,-0.3359555,0.9176567,0.05070494,0.0507828,-0.1650945,0.01171413,0.003342135,0.01617016,0.9997951,0.007061739,-0.02331537,0.9997032
Fixation,10.5310,0.01877066,0.05115724,-0.03833136,-0.1871398,-0.2618761,-0.01777298,-0.946617,0.5024449,-0.3449908,0.7927992,0.08436327,0.05224645,-0.04148856,-0.1733909,-0.1054094,-0.01650257,-0.9790568,0.2121264,-0.3360401,0.9176489,0.05069644,0.05081785,-0.1651083,0.01175877,0.003287753,0.01616838,0.9997947,0.006954397,-0.02340639,0.9997019
Fixation,10.5419,0.01876378,0.05115223,-0.03833573,-0.1869352,-0.2622489,-0.01780588,-0.9465536,0.5031224,-0.3445493,0.7925614,0.08435667,0.05224681,-0.0414856,-0.1732927,-0.1053625,-0.01654729,-0.9790785,0.2120515,-0.3358473,0.9177368,0.05069037,0.05081439,-0.1651089,0.01166322,0.003232284,0.01621439,0.9997953,0.006841468,-0.02321685,0.999707
Fixation,10.5535,0.01875393,0.05115688,-0.03834016,-0.1868792,-0.2622336,-0.01781073,-0.9465688,0.5031011,-0.3444468,0.7926195,0.08434691,0.05225337,-0.04148746,-0.1731278,-0.1052798,-0.01656093,-0.9791163,0.2118967,-0.3355374,0.9178859,0.05068082,0.05081952,-0.165112,0.01160844,0.00321288,0.01623061,0.9997957,0.006801272,-0.02310785,0.9997098
Fixation,10.5643,0.01877153,0.05116796,-0.03835395,-0.1869613,-0.2623976,-0.01781592,-0.9465071,0.5033842,-0.3445707,0.7923859,0.08436464,0.05226433,-0.04149847,-0.1731305,-0.1052591,-0.01656453,-0.979118,0.2118578,-0.3355432,0.9178927,0.05069869,0.0508306,-0.1651245,0.01161123,0.003191787,0.01623048,0.9997957,0.006759182,-0.02311411,0.99971
Fixation,10.5759,0.01878691,0.05117524,-0.0383536,-0.1869441,-0.2623928,-0.01782083,-0.9465117,0.5033788,-0.3445375,0.7924038,0.08438005,0.05227268,-0.04149725,-0.1731141,-0.105254,-0.01657209,-0.9791213,0.2118505,-0.3355109,0.9179062,0.05071418,0.05083823,-0.1651237,0.01159534,0.003185197,0.01623869,0.9997959,0.00674568,-0.02308251,0.9997108
Fixation,10.5870,0.01879726,0.05116749,-0.03834222,-0.1869249,-0.2624748,-0.01779442,-0.9464932,0.5035137,-0.3445051,0.7923321,0.08438985,0.05226421,-0.04149733,-0.1728972,-0.1054251,-0.01655243,-0.9791415,0.212176,-0.3350916,0.9179842,0.05072334,0.05082977,-0.1651178,0.01157363,0.003272542,0.01623331,0.9997959,0.006919504,-0.02303628,0.9997107
Fixation,10.5975,0.01882489,0.05115843,-0.03831618,-0.1869544,-0.2624795,-0.01782262,-0.9464856,0.5035301,-0.3445431,0.7923052,0.08441743,0.05225801,-0.04147143,-0.172931,-0.1054296,-0.01657555,-0.9791347,0.2121924,-0.3351504,0.9179589,0.05075096,0.05082262,-0.1650919,0.01161021,0.003273801,0.01625336,0.9997951,0.006923671,-0.02310924,0.999709
Fixation,10.6088,0.01881566,0.05114198,-0.03834137,-0.1872774,-0.262972,-0.01776163,-0.9462862,0.5043462,-0.3450944,0.7915459,0.08440739,0.05223548,-0.04151558,-0.1729801,-0.1055627,-0.01650752,-0.9791129,0.2124266,-0.3352489,0.9178688,0.05073973,0.05080366,-0.1651264,0.01165516,0.003417782,0.01620343,0.999795,0.007211871,-0.02319479,0.999705
Fixation,10.6200,0.01883513,0.05113471,-0.03832304,-0.1873758,-0.2629949,-0.01771768,-0.9462611,0.5043635,-0.3452936,0.7914479,0.08442675,0.05222046,-0.04150209,-0.173111,-0.105502,-0.01644743,-0.9790972,0.2122879,-0.3355145,0.9178039,0.05075864,0.05079329,-0.1651106,0.01174186,0.00345396,0.01614056,0.9997948,0.007285544,-0.0233674,0.9997004
Fixation,10.6309,0.01884946,0.05112255,-0.03830324,-0.1873908,-0.2630466,-0.01768016,-0.9462445,0.5044389,-0.3453336,0.7913824,0.08444075,0.05220449,-0.04149022,-0.1731214,-0.105556,-0.01640877,-0.9790903,0.2123792,-0.3355389,0.9177738,0.05077213,0.05077946,-0.1650946,0.01174943,0.003514014,0.0161104,0.999795,0.007405163,-0.02338081,0.9996992
Fixation,10.6422,0.01884957,0.05112898,-0.03831594,-0.1873134,-0.2632923,-0.01766114,-0.9461918,0.5048665,-0.3451688,0.7911817,0.08444073,0.05220962,-0.04150613,-0.1730893,-0.1055786,-0.01639325,-0.9790937,0.2124177,-0.3354798,0.9177865,0.0507719,0.05078495,-0.1651088,0.01171583,0.003538362,0.01610204,0.9997954,0.007452574,-0.02331292,0.9997004
Fixation,10.6533,0.01885809,0.05112469,-0.03831153,-0.1873533,-0.2633205,-0.01768204,-0.9461758,0.5049206,-0.3452262,0.7911221,0.08444904,0.05220759,-0.04150525,-0.173133,-0.1056075,-0.01640781,-0.9790826,0.2124784,-0.3355575,0.917744,0.05078006,0.0507822,-0.1651062,0.01176196,0.003565468,0.01611671,0.9997946,0.0075086,-0.02340416,0.9996979
Fixation,10.6643,0.01886339,0.05110884,-0.03829281,-0.1873678,-0.2633319,-0.01771498,-0.9461691,0.5049515,-0.3452334,0.7910992,0.08445424,0.05219579,-0.04148735,-0.1734963,-0.1057789,-0.01643753,-0.9789994,0.2128187,-0.3362281,0.9174197,0.05078529,0.05076861,-0.165088,0.01178538,0.003572059,0.01614632,0.9997938,0.007523227,-0.02345055,0.9996967
Fixation,10.6755,0.01886372,0.05107963,-0.03827569,-0.1873512,-0.2635227,-0.01770636,-0.9461194,0.5052826,-0.3451811,0.7909106,0.08445488,0.05216444,-0.04146458,-0.1734848,-0.105734,-0.01642804,-0.9790064,0.2127286,-0.3362114,0.9174467,0.05078619,0.0507381,-0.1650681,0.01177192,0.003528831,0.01613081,0.9997944,0.007435991,-0.02342515,0.9996979
Fixation,10.6865,0.01886961,0.05108738,-0.03826936,-0.187443,-0.2634921,-0.01777652,-0.9461084,0.5052484,-0.3453149,0.790874,0.08446093,0.05217767,-0.04145309,-0.173586,-0.1057018,-0.01648185,-0.978991,0.2126843,-0.336394,0.91739,0.05079263,0.05074978,-0.1650594,0.01187915,0.003489939,0.01616827,0.9997926,0.007362561,-0.02364052,0.9996934
Fixation,10.6977,0.01886043,0.05105495,-0.0382608,-0.1873574,-0.2634971,-0.01779057,-0.9461237,0.5052682,-0.345151,0.7909329,0.08445168,0.05214942,-0.04144425,-0.1736658,-0.1056493,-0.01650811,-0.9789821,0.2125912,-0.3365433,0.9173568,0.05078351,0.05071843,-0.1650506,0.01179872,0.003488226,0.01620454,0.999793,0.007357394,-0.0234795,0.9996973
Fixation,10.7085,0.01884373,0.05104756,-0.03825848,-0.1875297,-0.2637002,-0.01781575,-0.9460325,0.5056199,-0.3454223,0.7905896,0.08443535,0.05214012,-0.04143519,-0.1737993,-0.1055951,-0.01650898,-0.9789643,0.2124861,-0.3368001,0.917287,0.05076746,0.05071163,-0.1650452,0.01193275,0.003436676,0.01618322,0.9997919,0.007258142,-0.0237493,0.9996916
Fixation,10.7202,0.0188506,0.05102909,-0.03830361,-0.1875651,-0.2636416,-0.01785265,-0.9460411,0.5055287,-0.3454753,0.7906249,0.0844426,0.05212367,-0.04147183,-0.1738098,-0.1053191,-0.0165367,-0.9789916,0.2119614,-0.3368334,0.9173961,0.05077522,0.05069458,-0.1650863,0.01197435,0.003372178,0.01619855,0.9997914,0.007130883,-0.02383445,0.9996905
Fixation,10.7314,0.01885658,0.05101335,-0.0383389,-0.1875188,-0.263586,-0.01795651,-0.9460638,0.5054727,-0.3453433,0.7907183,0.08444886,0.05212092,-0.04149681,-0.1737786,-0.1052594,-0.01664589,-0.9790017,0.2118837,-0.3367548,0.9174429,0.05078233,0.05068493,-0.1651165,0.01195296,0.003294761,0.01629904,0.9997903,0.006977784,-0.0237935,0.9996926
Fixation,10.7424,0.01883904,0.05099845,-0.03834622,-0.187788,-0.2635019,-0.0179706,-0.9460335,0.5053127,-0.3458368,0.7906048,0.08443181,0.05210459,-0.0414944,-0.1738328,-0.1051845,-0.01665128,-0.9790001,0.2117403,-0.3368617,0.9174368,0.05076578,0.05066991,-0.1651192,0.01200693,0.003220505,0.01628668,0.9997901,0.006830763,-0.02390392,0.9996909
Fixation,10.7534,0.0188334,0.05099785,-0.03835779,-0.1878065,-0.2634599,-0.01805048,-0.9460401,0.5052672,-0.3458337,0.7906352,0.08442639,0.05211246,-0.04149852,-0.1740048,-0.1051772,-0.01672592,-0.978969,0.2117512,-0.3371723,0.9173202,0.05076094,0.05067384,-0.1651272,0.01204388,0.003164474,0.01635014,0.9997888,0.00672145,-0.0239792,0.9996899
Fixation,10.7645,0.01885874,0.05099726,-0.03839774,-0.187755,-0.2634301,-0.01804505,-0.9460588,0.5052167,-0.3457474,0.7907053,0.08445192,0.05211186,-0.04153426,-0.173952,-0.1051461,-0.01672853,-0.9789817,0.2116922,-0.3370738,0.91737,0.05078672,0.05067265,-0.165165,0.01199025,0.003132321,0.01635286,0.9997895,0.006655474,-0.02387301,0.9996929
Fixation,10.7760,0.01887415,0.05100942,-0.03842414,-0.1875253,-0.263473,-0.01808389,-0.9460915,0.5053214,-0.3453031,0.7908325,0.08446757,0.05212951,-0.04155372,-0.1738925,-0.1051021,-0.01677514,-0.9789963,0.2116233,-0.336954,0.9174299,0.05080289,0.05068696,-0.165188,0.01193406,0.003080007,0.01639731,0.9997896,0.006550091,-0.0237621,0.9996962
Fixation,10.7867,0.01887531,0.0510186,-0.03844983,-0.187494,-0.2635021,-0.01803225,-0.9460906,0.5053556,-0.3452696,0.7908253,0.08446857,0.0521338,-0.04158435,-0.1740509,-0.1053864,-0.01673114,-0.9789383,0.2121578,-0.3372437,0.9172,0.05080353,0.05069327,-0.165216,0.01189119,0.003117208,0.01636162,0.9997906,0.006622229,-0.02367538,0.9996977
Fixation,10.7981,0.0188807,0.05102372,-0.03846084,-0.1874041,-0.263512,-0.01803671,-0.9461057,0.5053806,-0.3451025,0.7908823,0.08447389,0.05214226,-0.04159594,-0.1739628,-0.1053959,-0.01675034,-0.9789526,0.212183,-0.3370719,0.9172573,0.0508089,0.050699,-0.1652271,0.01180432,0.003121902,0.01639079,0.9997911,0.006629463,-0.02350138,0.9997018
Fixation,10.8092,0.01884706,0.05106187,-0.03845274,-0.187549,-0.2636476,-0.01806863,-0.9460385,0.505619,-0.3453297,0.7906306,0.08444001,0.05217934,-0.04159322,-0.1741727,-0.1054328,-0.01674766,-0.9789113,0.2122528,-0.3374678,0.9170956,0.05077464,0.05073893,-0.165222,0.01201679,0.003162736,0.01637331,0.9997888,0.006717646,-0.02392493,0.9996912
Fixation,10.8199,0.01888088,0.05104613,-0.03847154,-0.1873382,-0.2637033,-0.01799829,-0.9460661,0.5057051,-0.3449762,0.7907299,0.08447348,0.05216205,-0.04161971,-0.1739531,-0.105739,-0.01671599,-0.9789179,0.2128351,-0.3370366,0.9171191,0.05080772,0.0507201,-0.1652441,0.01179357,0.003221253,0.01637094,0.9997913,0.006827304,-0.02347675,0.9997011
Fixation,10.8312,0.01890858,0.05106032,-0.03847897,-0.1873332,-0.2637632,-0.017952,-0.9460512,0.5057931,-0.3449835,0.7906705,0.08450082,0.05217206,-0.04163624,-0.1739427,-0.1058015,-0.01667201,-0.9789137,0.2129411,-0.3370219,0.9171,0.05083446,0.05073214,-0.165256,0.01177958,0.003290309,0.01633909,0.9997917,0.006964183,-0.02344674,0.9997008
Fixation,10.8424,0.01891795,0.05106056,-0.03850873,-0.1874669,-0.264126,-0.01796525,-0.9459233,0.5064217,-0.3451684,0.7901872,0.08450992,0.05217445,-0.04167078,-0.1739574,-0.1058398,-0.01668215,-0.9789068,0.2130186,-0.337045,0.9170735,0.05084334,0.05073357,-0.1652881,0.01179622,0.003326876,0.01635385,0.9997911,0.007038189,-0.0234787,0.9996995
Fixation,10.8536,0.01893559,0.05107486,-0.03853341,-0.1875128,-0.2641472,-0.01790753,-0.9459094,0.5064344,-0.3452798,0.7901304,0.08452748,0.05218077,-0.04170003,-0.1739845,-0.1057171,-0.01661663,-0.9789163,0.2127584,-0.3371192,0.9171066,0.05086047,0.0507443,-0.1653151,0.01182741,0.00336096,0.01629104,0.9997917,0.007105881,-0.02354038,0.9996976
Fixation,10.8646,0.0189606,0.05108798,-0.03854878,-0.1873556,-0.2642044,-0.01785788,-0.9459255,0.5065269,-0.3450126,0.7901878,0.08455212,0.0521934,-0.04172314,-0.1738225,-0.1057758,-0.01659419,-0.9789392,0.212865,-0.3368128,0.9171944,0.05088472,0.05075538,-0.1653339,0.01166245,0.003420001,0.01629481,0.9997934,0.007218665,-0.02320863,0.9997046
Fixation,10.8769,0.01898295,0.05111051,-0.03855664,-0.1876554,-0.2644069,-0.01782728,-0.9458101,0.5068482,-0.3455455,0.7897488,0.0845746,0.05221248,-0.0417296,-0.1737942,-0.105761,-0.0165682,-0.9789463,0.2128275,-0.3367658,0.9172204,0.0509072,0.050776,-0.165341,0.01163089,0.003409008,0.0162697,0.9997942,0.007195075,-0.02314607,0.9997062
Fixation,10.8866,0.01897762,0.05113506,-0.03852212,-0.1875955,-0.2643728,-0.01778519,-0.9458323,0.5067775,-0.345464,0.7898299,0.08456953,0.05223262,-0.04169114,-0.1739652,-0.1059008,-0.01653619,-0.9789013,0.2130863,-0.3370871,0.9170423,0.05090227,0.05079758,-0.1653045,0.01155916,0.003378487,0.01623905,0.9997956,0.007131012,-0.02300387,0.99971
Fixation,10.8976,0.01899284,0.05116498,-0.03851686,-0.1875339,-0.2643759,-0.0177334,-0.9458447,0.5067682,-0.3453794,0.7898729,0.08458477,0.05225778,-0.04168713,-0.173896,-0.1059045,-0.01649522,-0.9789139,0.2130797,-0.3369645,0.9170889,0.05091736,0.0508244,-0.1652997,0.01148508,0.003387612,0.01620637,0.999797,0.007146111,-0.0228557,0.9997132
Fixation,10.9092,0.01900674,0.05116105,-0.03851594,-0.1876557,-0.2645118,-0.0176622,-0.9457837,0.5069707,-0.3456197,0.7896377,0.08459868,0.0522449,-0.04168899,-0.1738893,-0.1059136,-0.01642426,-0.9789153,0.213073,-0.3369668,0.9170896,0.05093092,0.05081594,-0.1653001,0.01147126,0.003408087,0.01613889,0.9997981,0.007185064,-0.02282788,0.9997136
Fixation,10.9200,0.01898873,0.05115974,-0.03849663,-0.1876475,-0.2644874,-0.01763217,-0.9457928,0.5069178,-0.3456244,0.7896696,0.08458087,0.05223942,-0.04166709,-0.1738757,-0.105889,-0.01639561,-0.9789208,0.2130154,-0.3369489,0.9171095,0.05091317,0.05081248,-0.1652795,0.0114541,0.00338801,0.01610808,0.9997989,0.007143666,-0.02279445,0.9997147
Fixation,10.9313,0.01897565,0.0511502,-0.03848113,-0.1876872,-0.2644725,-0.01771041,-0.9457877,0.5069177,-0.3456566,0.7896557,0.08456782,0.05223835,-0.04164796,-0.1741628,-0.1061491,-0.0164673,-0.9788404,0.213542,-0.3374591,0.9167994,0.05090049,0.05080771,-0.1652623,0.01151288,0.003361046,0.01616939,0.9997973,0.007093043,-0.0229124,0.9997123
Fixation,10.9422,0.01899118,0.05113554,-0.03848849,-0.1880103,-0.264601,-0.01766373,-0.9456884,0.5071021,-0.3462506,0.7892769,0.08458343,0.05221438,-0.04165681,-0.174274,-0.1061469,-0.01640204,-0.978822,0.2135148,-0.3376843,0.9167228,0.05091579,0.05078959,-0.1652706,0.01161851,0.003371522,0.01609385,0.9997973,0.007115651,-0.02312379,0.9997073
Fixation,10.9531,0.01899099,0.05113602,-0.03848859,-0.1880308,-0.2646039,-0.01773861,-0.9456821,0.5071331,-0.3462473,0.7892584,0.08458316,0.0522238,-0.0416556,-0.1743063,-0.1061487,-0.01647258,-0.9788148,0.2135423,-0.33773,0.9166996,0.05091578,0.05079484,-0.1652701,0.01165845,0.003362326,0.01616012,0.9997958,0.007100083,-0.02320347,0.9997056
Fixation,10.9646,0.01900434,0.05113864,-0.03849053,-0.1879451,-0.2645919,-0.01780623,-0.9457012,0.507143,-0.346057,0.7893355,0.08459652,0.05223691,-0.04165368,-0.1741536,-0.1061697,-0.01655395,-0.9788384,0.2136117,-0.3374215,0.916797,0.0509296,0.05080187,-0.1652701,0.01159113,0.00333382,0.01624428,0.9997953,0.007042854,-0.0230692,0.9997091
Fixation,10.9754,0.01900431,0.05114627,-0.03849903,-0.1880426,-0.2647246,-0.01776984,-0.9456454,0.5073541,-0.3462349,0.7891218,0.08459651,0.05223739,-0.04166424,-0.1742416,-0.1061747,-0.01650176,-0.9788231,0.213603,-0.3375992,0.9167336,0.05092929,0.05080688,-0.1652797,0.0116747,0.003348844,0.01618508,0.9997953,0.007074229,-0.02323622,0.999705
Fixation,10.9866,0.01900709,0.05114746,-0.0384984,-0.1880618,-0.2647119,-0.01776129,-0.9456452,0.5073276,-0.3462762,0.7891207,0.08459939,0.05223656,-0.04166226,-0.1742589,-0.1061619,-0.01648999,-0.9788215,0.2135742,-0.3376356,0.9167269,0.0509322,0.05080724,-0.1652785,0.01169079,0.003338446,0.0161697,0.9997953,0.007053599,-0.02326883,0.9997044
Fixation,10.9975,0.01900542,0.05113387,-0.03849793,-0.1879487,-0.2647144,-0.01775493,-0.9456671,0.5073375,-0.3460738,0.7892032,0.08459769,0.05222547,-0.04166146,-0.1743322,-0.1060484,-0.01649996,-0.9788206,0.2133577,-0.3377804,0.916724,0.0509306,0.05079365,-0.1652776,0.01157783,0.003336226,0.01619337,0.9997963,0.007046062,-0.02304288,0.9997097
Fixation,11.0088,0.01899382,0.05114579,-0.03849266,-0.188003,-0.2648246,-0.01787586,-0.9456232,0.50757,-0.346092,0.7890456,0.08458574,0.05225277,-0.04165816,-0.1743753,-0.1060832,-0.01661569,-0.9788072,0.2134647,-0.3378343,0.9166793,0.05091887,0.05081379,-0.1652734,0.01163385,0.003352623,0.01630834,0.9997937,0.007083321,-0.02315355,0.9997068
Fixation,11.0202,0.0189967,0.05115032,-0.03848812,-0.1879293,-0.2648285,-0.01788692,-0.9456366,0.5075859,-0.3459518,0.7890969,0.08458857,0.05226088,-0.04165335,-0.1743042,-0.1060864,-0.01663872,-0.9788191,0.2134792,-0.3376942,0.9167275,0.05092181,0.05081928,-0.1652686,0.0115644,0.003350825,0.01633859,0.999794,0.007078161,-0.02301455,0.9997101
Fixation,11.0312,0.01899218,0.05115604,-0.03847769,-0.187812,-0.264863,-0.01793807,-0.9456493,0.5076728,-0.3457063,0.7891485,0.08458374,0.05227721,-0.04164546,-0.1741966,-0.1060674,-0.01670838,-0.9788392,0.2134669,-0.3374766,0.9168105,0.05091711,0.05082917,-0.1652593,0.01146406,0.003371045,0.01642373,0.9997937,0.007117264,-0.02281267,0.9997144
Fixation,11.0423,0.01898256,0.05118001,-0.03847271,-0.1878086,-0.264938,-0.01792351,-0.9456292,0.5077986,-0.3456973,0.7890716,0.08457483,0.05229568,-0.04162771,-0.1742242,-0.1059646,-0.01668561,-0.9788458,0.2132601,-0.3375412,0.9168348,0.05090877,0.05085063,-0.1652481,0.01148778,0.003273318,0.01638171,0.9997945,0.006921669,-0.0228636,0.9997146
Fixation,11.0535,0.01897251,0.0511806,-0.03847715,-0.1877291,-0.264948,-0.01791869,-0.9456423,0.5078197,-0.3455541,0.7891207,0.08456472,0.05229819,-0.04163304,-0.174145,-0.1059745,-0.01669404,-0.9788586,0.2132824,-0.3373885,0.9168859,0.05089866,0.05085135,-0.1652528,0.01140876,0.00328028,0.01639953,0.999795,0.006933412,-0.02270526,0.9997182
Fixation,11.0646,0.01897213,0.05115819,-0.03847751,-0.187708,-0.2648891,-0.01789817,-0.9456634,0.5077111,-0.3455351,0.7891989,0.08456476,0.0522722,-0.04162589,-0.1741599,-0.1062115,-0.016679,-0.9788306,0.2137358,-0.3374031,0.9167749,0.05089905,0.05082691,-0.1652495,0.01137959,0.003222694,0.01637487,0.999796,0.006816751,-0.022649,0.9997202
Fixation,11.0755,0.01898409,0.05110776,-0.03847363,-0.188097,-0.2650515,-0.01800611,-0.9455385,0.5080066,-0.3461609,0.7887344,0.08457696,0.05223191,-0.04161338,-0.1742578,-0.1061596,-0.01677169,-0.9788172,0.2136668,-0.3375722,0.9167287,0.05091192,0.05078256,-0.1652416,0.01148716,0.003157794,0.01644743,0.9997938,0.006692155,-0.0228657,0.9997162
Fixation,11.0867,0.01897248,0.0510608,-0.03843402,-0.1882042,-0.2649352,-0.01809174,-0.9455481,0.5078278,-0.3463261,0.788777,0.08456607,0.05218971,-0.04155687,-0.1742555,-0.1061258,-0.01683839,-0.9788201,0.2136245,-0.3375556,0.9167446,0.05090204,0.05073917,-0.165194,0.01160929,0.003029477,0.01647979,0.9997922,0.006440333,-0.0231139,0.9997121
Fixation,11.0975,0.01897747,0.05105877,-0.03841962,-0.1882755,-0.2649148,-0.01805895,-0.9455402,0.5077754,-0.346476,0.7887449,0.08457124,0.05218101,-0.04154105,-0.1743203,-0.1061059,-0.01679406,-0.9788115,0.2135704,-0.3376895,0.9167079,0.05090713,0.05073464,-0.165179,0.01166984,0.003018121,0.01642651,0.9997924,0.006418378,-0.02323569,0.9997094
Fixation,11.1093,0.01899823,0.05108345,-0.03839148,-0.1883541,-0.2650443,-0.01780069,-0.9454932,0.5079009,-0.3467392,0.7885485,0.08459193,0.05217493,-0.04152527,-0.1742593,-0.1061581,-0.0165436,-0.978821,0.2135852,-0.3376249,0.9167283,0.05092648,0.05074346,-0.1651567,0.01158326,0.00310958,0.01619546,0.9997969,0.006593089,-0.0230611,0.9997123
Fixation,11.1199,0.01901919,0.0511086,-0.03836624,-0.1883648,-0.2650744,-0.01761639,-0.9454861,0.5078849,-0.3468533,0.7885085,0.08461285,0.05217743,-0.04150867,-0.174008,-0.1063839,-0.01636382,-0.9788442,0.2139614,-0.3371717,0.9168074,0.05094644,0.05075717,-0.1651356,0.01154692,0.00317341,0.01602332,0.9997999,0.006715591,-0.02298753,0.9997132
Fixation,11.1309,0.01904967,0.05112553,-0.03834995,-0.1884378,-0.2651432,-0.01747151,-0.945455,0.5079466,-0.347054,0.7883805,0.08464299,0.05217576,-0.04150568,-0.1740593,-0.1064583,-0.01621005,-0.9788296,0.214052,-0.3372975,0.9167399,0.05097544,0.05076528,-0.1651259,0.01158424,0.003273114,0.01587949,0.9998015,0.006912831,-0.02305993,0.9997102
Fixation,11.1420,0.01907365,0.05113935,-0.03833546,-0.1886052,-0.2654072,-0.01755082,-0.9453461,0.5084236,-0.3472781,0.7879742,0.08466648,0.0522002,-0.04149797,-0.1741088,-0.1065222,-0.01628291,-0.9788126,0.2142005,-0.3373707,0.9166783,0.05099877,0.05078495,-0.1651148,0.01164287,0.003325603,0.01595651,0.9997994,0.007021429,-0.02317493,0.9997067
Fixation,11.1534,0.01909556,0.05116034,-0.03833388,-0.1886545,-0.2655018,-0.01764015,-0.945308,0.5086177,-0.3473062,0.7878366,0.08468767,0.05223346,-0.04150718,-0.1737546,-0.1066201,-0.01636705,-0.9788635,0.2144207,-0.3366739,0.916883,0.05101961,0.05081272,-0.1651186,0.01171971,0.003408985,0.01604564,0.9997968,0.007192685,-0.02332526,0.999702
Fixation,11.1648,0.0190716,0.05117214,-0.03832389,-0.1886487,-0.2654419,-0.01774779,-0.9453239,0.5085533,-0.3472463,0.7879046,0.08466402,0.05225742,-0.04148649,-0.1737642,-0.1065561,-0.0164732,-0.9788669,0.2143334,-0.3366734,0.9169036,0.05099681,0.05083048,-0.1651034,0.01173927,0.00332847,0.01613835,0.9997953,0.007034482,-0.0233663,0.9997022
Fixation,11.1758,0.01908223,0.0511831,-0.03831988,-0.1885758,-0.2654315,-0.01774237,-0.9453415,0.5085384,-0.3471183,0.7879706,0.08467461,0.05226588,-0.04148417,-0.1738298,-0.106565,-0.01645624,-0.9788546,0.2143444,-0.336801,0.9168542,0.05100723,0.05084109,-0.1651004,0.011804,0.00334119,0.01611655,0.9997948,0.007061488,-0.02349546,0.999699
Fixation,11.1866,0.0190931,0.05119824,-0.03832178,-0.1885704,-0.2654534,-0.01774533,-0.9453363,0.5085779,-0.3471037,0.7879514,0.08468533,0.05228209,-0.0414889,-0.1737011,-0.1065951,-0.01646124,-0.9788741,0.2144051,-0.3365537,0.9169308,0.05101781,0.05085659,-0.1651036,0.01180058,0.003362803,0.01612475,0.9997947,0.007104788,-0.02348786,0.9996989
Fixation,11.1980,0.01910179,0.05121994,-0.0383244,-0.1885725,-0.2655185,-0.01762949,-0.9453198,0.5086488,-0.3471608,0.7878806,0.08469367,0.0522908,-0.0415031,-0.1736868,-0.1066646,-0.01634768,-0.9788709,0.2145005,-0.3365464,0.9169111,0.05102525,0.05087173,-0.1651118,0.01177558,0.003449901,0.01602613,0.9997963,0.00727583,-0.02343578,0.9996989
Fixation,11.2093,0.0191205,0.05123723,-0.03838021,-0.1883461,-0.2653905,-0.01756255,-0.9454021,0.5084173,-0.3468037,0.7881873,0.08471285,0.05229926,-0.04155219,-0.1736347,-0.1066032,-0.01628648,-0.9788879,0.2143609,-0.3364654,0.9169735,0.05104462,0.05088413,-0.1651643,0.01171549,0.00339796,0.01596127,0.9997982,0.007168536,-0.02331778,0.9997024
Fixation,11.2201,0.01912655,0.05125654,-0.03838393,-0.1882535,-0.2653544,-0.01753715,-0.9454312,0.5083516,-0.3466544,0.7882953,0.08471916,0.05231702,-0.04155104,-0.1733617,-0.1065952,-0.0162774,-0.9789373,0.2143438,-0.3359503,0.9171664,0.05105118,0.05090165,-0.1651654,0.01161586,0.003360712,0.01595461,0.9997996,0.00709073,-0.02311983,0.9997076
Fixation,11.2311,0.01911922,0.05125868,-0.03839429,-0.1881631,-0.2653978,-0.01752357,-0.9454373,0.5084286,-0.3464913,0.7883173,0.08471154,0.05232108,-0.04156689,-0.1732712,-0.1066396,-0.01627952,-0.9789485,0.214431,-0.335775,0.9172102,0.05104333,0.05090368,-0.1651783,0.0115254,0.00340282,0.01597307,0.9998002,0.007172473,-0.02293749,0.9997112
Fixation,11.2424,0.01910442,0.05122852,-0.03839521,-0.1880498,-0.2653493,-0.01763508,-0.9454713,0.5083929,-0.3462324,0.7884541,0.08469677,0.05230546,-0.04156224,-0.1732524,-0.1066172,-0.01639483,-0.9789523,0.2144271,-0.3357158,0.9172328,0.05102919,0.05088055,-0.1651765,0.01151796,0.003361505,0.01608444,0.9997987,0.007092177,-0.02292315,0.999712
Fixation,11.2537,0.01908586,0.05118954,-0.03839569,-0.1880172,-0.265399,-0.01783512,-0.9454602,0.508555,-0.3460586,0.7884258,0.08467768,0.05229378,-0.0415642,-0.1732535,-0.1066642,-0.01659826,-0.9789435,0.2145879,-0.3356698,0.917212,0.0510106,0.05085516,-0.1651777,0.01154091,0.003375259,0.01629167,0.999795,0.007125175,-0.02296711,0.9997109
Fixation,11.2676,0.01909372,0.05116379,-0.03839884,-0.1879956,-0.2654297,-0.01785497,-0.9454554,0.5086172,-0.3460044,0.7884095,0.0846853,0.05227196,-0.04157081,-0.1731182,-0.1066724,-0.01662238,-0.9789662,0.2146126,-0.3354074,0.9173022,0.05101813,0.0508312,-0.1651826,0.01152643,0.003402033,0.01632166,0.9997945,0.007178929,-0.02293707,0.9997112
Fixation,11.2831,0.01908165,0.05112541,-0.03838777,-0.1879686,-0.2656021,-0.01789048,-0.9454117,0.5089324,-0.3459119,0.7882466,0.08467332,0.05223584,-0.04155745,-0.1731787,-0.1066577,-0.01664616,-0.9789567,0.214592,-0.335518,0.9172665,0.0510314,0.05081451,-0.1651784,0.01153383,0.003420288,0.01634583,0.999794,0.007216227,-0.02295109,0.9997106
Fixation,11.2906,0.01908165,0.05112541,-0.03838777,-0.1879686,-0.2656021,-0.01789048,-0.9454117,0.5089324,-0.3459119,0.7882466,0.08467332,0.05223584,-0.04155745,-0.172731,-0.1066188,-0.01664859,-0.97904,0.2145196,-0.3346709,0.9175929,0.05100629,0.0507946,-0.1651705,0.01158974,0.003384686,0.01633652,0.9997936,0.007146646,-0.02306411,0.9997084
Fixation,11.2985,0.01907935,0.05111623,-0.03838689,-0.1879861,-0.2655941,-0.01791247,-0.9454101,0.5089253,-0.345933,0.788242,0.08467104,0.05222881,-0.04155506,-0.1727516,-0.1066102,-0.01666728,-0.979037,0.2145092,-0.3347065,0.9175823,0.05100415,0.05078661,-0.1651689,0.01161234,0.003373448,0.01635138,0.9997932,0.007125256,-0.02310956,0.9997075
Fixation,11.3086,0.01908532,0.05110049,-0.038382,-0.1880126,-0.2653959,-0.01790232,-0.9454606,0.5085744,-0.3460146,0.7884325,0.08467732,0.05220926,-0.04154518,-0.1728038,-0.1065675,-0.01664838,-0.9790328,0.2144199,-0.3348129,0.9175644,0.0510106,0.05076957,-0.1651617,0.01166243,0.003335021,0.0163206,0.9997932,0.007049338,-0.02321118,0.9997057
Fixation,11.3201,0.01909035,0.05109775,-0.0383869,-0.1881917,-0.2652593,-0.01791916,-0.9454631,0.5083302,-0.3463502,0.7884428,0.0846833,0.05220008,-0.04153267,-0.1729798,-0.1064276,-0.0166334,-0.9790171,0.2141434,-0.3351599,0.9175023,0.05101736,0.05076551,-0.1651584,0.01183623,0.003201777,0.01626539,0.9997925,0.006787267,-0.02356339,0.9996993
Fixation,11.3312,0.01910201,0.05108035,-0.0384521,-0.1881832,-0.2652637,-0.01789209,-0.945464,0.5083285,-0.3463486,0.7884445,0.08469495,0.05217969,-0.04159907,-0.1727403,-0.1063042,-0.01660826,-0.9790732,0.213897,-0.3347197,0.9177204,0.05102888,0.05074656,-0.1652242,0.01182094,0.003210626,0.01624272,0.9997931,0.006803931,-0.02353269,0.9996999
Fixation,11.3425,0.01910974,0.05109298,-0.03845704,-0.1881748,-0.2654014,-0.01785319,-0.9454277,0.5085548,-0.3463349,0.7883046,0.08470291,0.05218625,-0.04160148,-0.172741,-0.1062775,-0.01656686,-0.9790767,0.2138312,-0.334732,0.9177313,0.05103685,0.0507561,-0.1652279,0.01181689,0.00319084,0.01619767,0.9997939,0.006763177,-0.02352554,0.9997004
Fixation,11.3534,0.01912346,0.05110073,-0.03845946,-0.1881684,-0.2654293,-0.0178983,-0.9454204,0.5086203,-0.3462951,0.7882799,0.08471639,0.05220056,-0.04160647,-0.1727427,-0.1063053,-0.01661286,-0.9790726,0.2139007,-0.3347232,0.9177183,0.05105033,0.05076718,-0.1652316,0.01182386,0.003211016,0.01624717,0.9997929,0.006804911,-0.02353849,0.9996998
Fixation,11.3643,0.01914781,0.05109107,-0.03846724,-0.1882234,-0.2653886,-0.01799798,-0.945419,0.5085821,-0.346347,0.7882817,0.08474094,0.05220091,-0.04160675,-0.1728119,-0.1062617,-0.01670146,-0.9790636,0.2138464,-0.3348382,0.917689,0.05107549,0.05076325,-0.1652358,0.01190214,0.003154741,0.01632009,0.999791,0.006696652,-0.02369633,0.9996968
Fixation,11.3761,0.01917112,0.05107498,-0.03847289,-0.1883844,-0.2654038,-0.01808912,-0.9453809,0.5086309,-0.3465881,0.7881443,0.08476399,0.05219817,-0.04161297,-0.1726586,-0.1062654,-0.01680003,-0.9790886,0.2138879,-0.3345256,0.9177933,0.05109881,0.05075359,-0.1652417,0.01188942,0.003160307,0.01642212,0.9997895,0.006709781,-0.02367003,0.9996973
Fixation,11.3872,0.01919663,0.05108404,-0.03846954,-0.1883701,-0.265447,-0.01810087,-0.9453714,0.5087112,-0.3465498,0.7881092,0.08478919,0.05221021,-0.04161499,-0.1726477,-0.1063095,-0.0168147,-0.9790855,0.2139783,-0.3344985,0.9177821,0.05112378,0.05076396,-0.165241,0.01188066,0.003201506,0.01644479,0.9997891,0.006792412,-0.02365101,0.9996972
Fixation,11.3978,0.01922994,0.05110347,-0.03845582,-0.1883995,-0.2653936,-0.01806861,-0.9453811,0.5086045,-0.3466281,0.7881437,0.08482291,0.05222332,-0.04159515,-0.1728232,-0.1062421,-0.0167761,-0.9790625,0.213834,-0.3348448,0.9176895,0.05115769,0.05078042,-0.1652243,0.01189839,0.003154245,0.0163969,0.9997898,0.006697357,-0.02368833,0.999697
Fixation,11.4089,0.01921523,0.05110049,-0.03843329,-0.18843,-0.2654935,-0.01787428,-0.9453507,0.508705,-0.3467738,0.7880147,0.08480781,0.05219853,-0.04158824,-0.1727806,-0.1063303,-0.01658832,-0.9790636,0.2139406,-0.3347987,0.9176815,0.05114127,0.05076623,-0.1652093,0.01183747,0.00327128,0.01623124,0.9997928,0.006925478,-0.02356385,0.9996983
Fixation,11.4201,0.01925011,0.05111527,-0.03841622,-0.1884315,-0.2654769,-0.01780641,-0.9453563,0.5086511,-0.3468154,0.7880312,0.08484287,0.05220425,-0.04157063,-0.1727707,-0.1063147,-0.01652086,-0.9790682,0.2138873,-0.3347958,0.9176949,0.05117616,0.05077636,-0.1651919,0.01182029,0.003266469,0.01616347,0.9997942,0.006913707,-0.02353012,0.9996992
Fixation,11.4315,0.01927803,0.05109918,-0.03842171,-0.1884999,-0.2655462,-0.01769384,-0.9453253,0.5087258,-0.3469904,0.7879059,0.08487042,0.05217385,-0.04158866,-0.17274,-0.106327,-0.01639966,-0.9790744,0.2138699,-0.3347631,0.9177109,0.0512027,0.05075371,-0.1652036,0.0118616,0.003360691,0.0160515,0.9997951,0.007100798,-0.02361046,0.999696
Fixation,11.4426,0.01928197,0.05108583,-0.03842867,-0.1886729,-0.265525,-0.01771977,-0.9452963,0.5086861,-0.3472936,0.787798,0.08487438,0.05216229,-0.04159439,-0.172795,-0.1063196,-0.01641757,-0.9790651,0.2138614,-0.334864,0.9176761,0.05120676,0.05074191,-0.16521,0.01191889,0.003351463,0.01606235,0.9997944,0.007084439,-0.02372522,0.9996934
Fixation,11.4536,0.01928733,0.0510633,-0.03843994,-0.188693,-0.2654934,-0.01771509,-0.9453012,0.5086278,-0.347337,0.7878165,0.08487996,0.05213773,-0.0416017,-0.1728131,-0.1062873,-0.01640912,-0.9790656,0.2137959,-0.3349026,0.9176773,0.05121251,0.05071867,-0.1652194,0.0119358,0.003321039,0.01604697,0.9997945,0.00702378,-0.02376011,0.999693
Fixation,11.4642,0.0193079,0.05105639,-0.03843439,-0.1885902,-0.2654318,-0.0177709,-0.945338,0.5085483,-0.3471291,0.7879594,0.08490092,0.05213916,-0.0415858,-0.1726604,-0.1062487,-0.0164806,-0.9790955,0.2137463,-0.3345999,0.9177992,0.05123423,0.05071473,-0.1652087,0.01184613,0.003242931,0.01611539,0.9997947,0.006866341,-0.02358287,0.9996983
Fixation,11.4766,0.01931962,0.05108023,-0.03843998,-0.1889424,-0.2651055,-0.01781683,-0.9453584,0.5079721,-0.3477898,0.7880397,0.08491255,0.05216825,-0.04159109,-0.1727107,-0.1062529,-0.01652339,-0.9790855,0.2137689,-0.3346858,0.9177626,0.05124598,0.05074167,-0.1652142,0.01190148,0.003241104,0.01615301,0.9997935,0.006865359,-0.02369335,0.9996957
Fixation,11.4868,0.0193029,0.05108404,-0.03842779,-0.1888914,-0.2651151,-0.01775644,-0.945367,0.5079702,-0.3477284,0.7880681,0.08489581,0.05216622,-0.0415813,-0.1726509,-0.1062637,-0.01647234,-0.9790958,0.2137726,-0.3345826,0.9177994,0.051229,0.05074203,-0.1652031,0.01183594,0.00325898,0.01611068,0.9997948,0.006897992,-0.02356202,0.9996986
Fixation,11.4978,0.01931154,0.0511049,-0.03842657,-0.1888623,-0.2651287,-0.01774462,-0.9453692,0.5079917,-0.34768,0.7880756,0.08490436,0.05218673,-0.041582,-0.1727697,-0.1061288,-0.01646328,-0.9790896,0.2135079,-0.3348195,0.9177747,0.05123745,0.05076241,-0.1652027,0.01180493,0.003273519,0.01610948,0.9997952,0.00692604,-0.02349955,0.9996998
Fixation,11.5088,0.01932035,0.05112362,-0.03842907,-0.1888349,-0.2651186,-0.01770676,-0.9453782,0.507962,-0.347652,0.788107,0.08491328,0.05220127,-0.04158388,-0.1727361,-0.1061189,-0.01643026,-0.9790971,0.2134776,-0.3347637,0.917802,0.05124631,0.05077875,-0.1652049,0.01176743,0.003268464,0.01607884,0.9997962,0.006914009,-0.02342496,0.9997017
Fixation,11.5199,0.01933166,0.05113053,-0.03842788,-0.1887566,-0.2648457,-0.01765758,-0.9454713,0.5074739,-0.3475748,0.7884554,0.08492474,0.05220354,-0.04158131,-0.1726635,-0.1061033,-0.0163939,-0.9791122,0.2134353,-0.334635,0.9178588,0.05125777,0.05078256,-0.1652029,0.01169007,0.003257534,0.01604789,0.9997976,0.00688895,-0.02327086,0.9997054
Fixation,11.5311,0.019345,0.05114996,-0.03844213,-0.1887288,-0.2648189,-0.01767073,-0.9454841,0.507434,-0.3475211,0.7885048,0.08493824,0.05222476,-0.04159146,-0.1724602,-0.1060325,-0.0164116,-0.9791554,0.2133053,-0.3342505,0.9180291,0.05127155,0.05080259,-0.1652151,0.01166479,0.003226402,0.01606268,0.9997978,0.006826234,-0.0232212,0.999707
Fixation,11.5423,0.01936111,0.0511719,-0.03843962,-0.1886632,-0.2648812,-0.01770735,-0.9454791,0.5075607,-0.3473735,0.7884883,0.08495387,0.0522548,-0.0415959,-0.1724029,-0.1060955,-0.01645956,-0.9791579,0.2134438,-0.3341269,0.9180419,0.05128699,0.05082786,-0.1652158,0.01161295,0.003280151,0.01612574,0.9997972,0.006933507,-0.0231154,0.9997088
Fixation,11.5530,0.01937875,0.05118585,-0.03842944,-0.1887527,-0.2647232,-0.0176234,-0.945507,0.5072481,-0.3476033,0.7885882,0.08497167,0.05226171,-0.04158495,-0.172263,-0.1060817,-0.01639978,-0.979185,0.2133974,-0.3338753,0.9181442,0.05130471,0.0508368,-0.165205,0.0114652,0.003273679,0.01607887,0.9997997,0.006914742,-0.02282053,0.9997157
Fixation,11.5642,0.01936631,0.05119181,-0.03840193,-0.1886829,-0.2647687,-0.01758207,-0.9455089,0.5073172,-0.3474923,0.7885926,0.08495894,0.05226552,-0.04156405,-0.1713613,-0.1062179,-0.01637719,-0.9793288,0.2136573,-0.3321591,0.9187061,0.0512916,0.05084097,-0.1651806,0.01138792,0.003323968,0.01606602,0.9998006,0.007012527,-0.0226645,0.9997185
Fixation,11.5752,0.01936871,0.05121434,-0.03838555,-0.1885756,-0.2647145,-0.0174995,-0.945547,0.5072001,-0.3473494,0.7887309,0.08496126,0.0522784,-0.04155276,-0.1713439,-0.1062433,-0.01629685,-0.9793304,0.2136794,-0.3321418,0.9187072,0.05129342,0.0508585,-0.1651667,0.01136254,0.003361818,0.01599303,0.9998019,0.007085747,-0.02261305,0.9997192
Fixation,11.5870,0.01937947,0.05122316,-0.03836941,-0.1885901,-0.2647792,-0.01748592,-0.9455263,0.5073068,-0.3473739,0.7886515,0.08497159,0.05228674,-0.0415457,-0.1713582,-0.1063104,-0.01628229,-0.9793209,0.2138043,-0.3321673,0.9186689,0.05130325,0.05086732,-0.165155,0.01137655,0.003430983,0.01598817,0.9998016,0.007224385,-0.02263888,0.9997176
Fixation,11.5977,0.0193925,0.05122709,-0.03834914,-0.1885597,-0.2647956,-0.01745851,-0.9455283,0.5073274,-0.3473312,0.7886571,0.08498453,0.05228853,-0.04152807,-0.1710102,-0.1066231,-0.01626531,-0.9793481,0.2144052,-0.3314884,0.9187741,0.05131599,0.0508697,-0.1651359,0.01134028,0.003450978,0.01597298,0.9998022,0.007262866,-0.02256583,0.999719
Fixation,11.6086,0.06862083,0.1038868,-0.09741165,-0.1952766,-0.2708812,-0.03497648,-0.9419486,0.5239726,-0.3489321,0.7769808,0.08493678,0.05226958,-0.04153478,-0.1712216,-0.1066903,-0.0162985,-0.9793032,0.2145456,-0.331878,0.9186007,0.05126782,0.05085087,-0.1651386,0.01155845,0.003516127,0.01599514,0.9997991,0.007400599,-0.02299976,0.9997081
Fixation,11.6201,0.1157276,0.1594198,-0.1555437,-0.2019095,-0.2768779,-0.05245835,-0.9379869,0.5405992,-0.3497279,0.7651424,0.08496092,0.05225039,-0.04151274,-0.1712123,-0.1067112,-0.01627853,-0.9793029,0.2145793,-0.3318631,0.9185982,0.05129175,0.05083263,-0.165115,0.0115473,0.003539884,0.01597985,0.9997994,0.007447395,-0.02297683,0.9997082
Fixation,11.6309,0.160598,0.217774,-0.2126437,-0.208546,-0.2827613,-0.06993394,-0.9336295,0.5571574,-0.3498601,0.7531093,0.1341121,0.1070633,-0.1009452,-0.180925,-0.112706,-0.03255025,-0.9764753,0.2318875,-0.3460005,0.909127,0.05128253,0.05082512,-0.1651,0.01163466,0.003544685,0.01597089,0.9997985,0.007459573,-0.02315141,0.9997041
Fixation,11.6423,0.203154,0.27881,-0.2686745,-0.215098,-0.2885208,-0.08735408,-0.9289014,0.5735942,-0.3492027,0.7409772,0.1810345,0.1647549,-0.1594176,-0.1905596,-0.1186456,-0.04878167,-0.9732577,0.2495372,-0.3593518,0.8992205,0.05126184,0.05080605,-0.1651083,0.01162612,0.003539473,0.01594307,0.999799,0.007448235,-0.02313471,0.9997046
Fixation,11.6531,0.2433069,0.3425064,-0.3234909,-0.2216265,-0.2941158,-0.1048175,-0.9237915,0.5898641,-0.3478164,0.7287551,0.2256385,0.2252852,-0.2168049,-0.2001942,-0.1244892,-0.06505775,-0.9696351,0.2674665,-0.3720327,0.8888494,0.05123565,0.0507915,-0.1651226,0.01171328,0.003485506,0.01598798,0.9997975,0.007344144,-0.02331037,0.9997013
Fixation,11.6642,0.2809992,0.4087067,-0.3770297,-0.2280353,-0.2995598,-0.1222607,-0.9183226,0.6059445,-0.3455711,0.7165277,0.2678577,0.288528,-0.2730139,-0.2097219,-0.130247,-0.08133347,-0.965628,0.2856551,-0.3838398,0.8781049,0.05121656,0.05078483,-0.1651006,0.01169214,0.003443426,0.01600878,0.9997976,0.007259811,-0.0232693,0.9997029
Fixation,11.6760,0.3161169,0.4773688,-0.4291803,-0.2344097,-0.3048881,-0.1396869,-0.9124599,0.6218843,-0.3426011,0.7041907,0.3075816,0.3544285,-0.3279491,-0.2192282,-0.1359611,-0.09759834,-0.9612118,0.3041675,-0.3949104,0.8669071,0.05118822,0.05078316,-0.1650886,0.01175942,0.003454943,0.01602519,0.9997965,0.007285375,-0.02340333,0.9996995
Fixation,11.6870,0.3486384,0.5483599,-0.4798491,-0.2406671,-0.3100324,-0.1571143,-0.906242,0.6375532,-0.3387842,0.6919186,0.3447701,0.4228723,-0.3814985,-0.2286343,-0.1415556,-0.1138821,-0.9564096,0.322845,-0.4050948,0.8553767,0.05116066,0.05078912,-0.1650648,0.01176195,0.003378592,0.0160684,0.999796,0.007133797,-0.02341053,0.9997005
Fixation,11.6981,0.3784943,0.6215366,-0.5289695,-0.2468679,-0.3150355,-0.1744713,-0.8996492,0.6529856,-0.3342597,0.6796177,0.3793457,0.493714,-0.4335987,-0.2379873,-0.1470796,-0.1301053,-0.951211,0.3417342,-0.4144807,0.8434592,0.05112223,0.05077338,-0.1650481,0.0118013,0.003375011,0.01604706,0.9997959,0.007127398,-0.02348947,0.9996987
Fixation,11.7088,0.4055558,0.6968458,-0.5764562,-0.2530065,-0.3199164,-0.1918055,-0.8926656,0.6682128,-0.3289769,0.6672825,0.4111889,0.566902,-0.4841641,-0.2472904,-0.1525525,-0.1463167,-0.9456038,0.3608739,-0.4230355,0.8311504,0.05109291,0.0507654,-0.1650386,0.01185589,0.00338289,0.0160842,0.9997947,0.007145775,-0.02359809,0.999696
Fixation,11.7195,0.4297859,0.7741816,-0.6221848,-0.2590456,-0.3246202,-0.2091516,-0.8853093,0.6831383,-0.3228814,0.6550341,0.4402514,0.6423389,-0.5330619,-0.2565131,-0.1579158,-0.1625548,-0.9395955,0.3801488,-0.4306971,0.8185273,0.05105986,0.0507561,-0.1650262,0.01189923,0.003322034,0.01615327,0.9997932,0.007027117,-0.02368622,0.9996948
Fixation,11.7311,0.451137,0.8533461,-0.6661562,-0.264988,-0.3291689,-0.2264553,-0.8775803,0.6977602,-0.3160124,0.6428583,0.4664752,0.7198331,-0.5802844,-0.2656481,-0.1631929,-0.1787666,-0.933189,0.3995577,-0.4374529,0.8055983,0.0510258,0.05071676,-0.1650486,0.0119288,0.003296396,0.016185,0.9997925,0.006977559,-0.02374595,0.9996937
Fixation,11.7422,0.4695997,0.934238,-0.7082576,-0.2708563,-0.3335578,-0.2436831,-0.8694795,0.7120497,-0.3084432,0.630752,0.4898366,0.7992841,-0.6257178,-0.2747118,-0.1683805,-0.1949149,-0.9263853,0.4190613,-0.4433382,0.7923628,0.05099211,0.05071247,-0.1650472,0.0119735,0.003281865,0.01618462,0.999792,0.006949937,-0.02383578,0.9996917
Fixation,11.7535,0.4850364,1.016717,-0.7485015,-0.2765686,-0.3377971,-0.260875,-0.8610153,0.7259966,-0.300014,0.6188058,0.5102053,0.8805666,-0.6693525,-0.2836304,-0.1734849,-0.2110537,-0.9191916,0.4386542,-0.4481922,0.7789136,0.05095874,0.05071962,-0.1650443,0.0119608,0.003244733,0.01625342,0.9997911,0.006876919,-0.02381112,0.9996928
Fixation,11.7645,0.4975076,1.100287,-0.7872052,-0.2819914,-0.3419122,-0.2779139,-0.8522564,0.7395322,-0.2906136,0.6071539,0.5276171,0.9632123,-0.7114509,-0.2922491,-0.1785217,-0.2270918,-0.9116742,0.458242,-0.4517903,0.7654409,0.05090588,0.05068648,-0.1650512,0.01177367,0.003204078,0.01626201,0.9997933,0.006789758,-0.02343827,0.9997022
Fixation,11.7756,0.5067679,1.185333,-0.8238011,-0.2873433,-0.3458851,-0.2949423,-0.8430934,0.7527263,-0.2804821,0.5955947,0.5418463,1.047567,-0.7515169,-0.3008122,-0.1834899,-0.2431311,-0.9037316,0.4779248,-0.4544829,0.7516869,0.05087506,0.0506959,-0.1650589,0.01186314,0.003204397,0.01634956,0.9997908,0.006795367,-0.02361653,0.999698
Fixation,11.7860,0.5130193,1.271407,-0.8585038,-0.2925464,-0.3497209,-0.3118247,-0.833593,0.7654961,-0.269626,0.5842239,0.5530595,1.1332,-0.7897242,-0.3092168,-0.1883865,-0.2590516,-0.8954261,0.4975785,-0.4561579,0.7377911,0.05086357,0.05069911,-0.1650543,0.01182455,0.003203536,0.01633798,0.9997914,0.006792114,-0.0235395,0.9996998
Fixation,11.7976,0.5161405,1.35841,-0.8912771,-0.2976047,-0.353436,-0.328576,-0.8237428,0.7778523,-0.2580383,0.5730288,0.08450861,0.0521481,-0.04143421,-0.171524,-0.1063627,-0.01672062,-0.9792788,0.2140535,-0.3323827,0.918533,0.05084282,0.05070734,-0.1650588,0.01179806,0.003218542,0.01635317,0.9997915,0.006821612,-0.02348594,0.9997009
Fixation,11.8088,0.5162069,1.446244,-0.9219617,-0.3025794,-0.3570076,-0.3451827,-0.8135357,0.7897672,-0.2458526,0.5619825,0.08451835,0.05213261,-0.04146873,-0.1715582,-0.1063833,-0.01670536,-0.9792709,0.2140879,-0.3324495,0.9185008,0.05085234,0.05069315,-0.1650918,0.01183136,0.003241969,0.01633807,0.9997913,0.006869187,-0.02355185,0.999699
Fixation,11.8197,0.5131094,1.534792,-0.9504942,-0.3074301,-0.3604252,-0.3616793,-0.8029748,0.801207,-0.2330005,0.5511608,0.08450201,0.05213118,-0.04148059,-0.1715748,-0.1063797,-0.01673857,-0.9792677,0.2140923,-0.332474,0.9184909,0.05083615,0.05068982,-0.1651043,0.01185151,0.003233478,0.01636844,0.9997906,0.006853583,-0.0235922,0.9996982
Fixation,11.8308,0.5067757,1.623878,-0.9768943,-0.3121725,-0.3637269,-0.3780286,-0.7920514,0.8122011,-0.219515,0.5405021,0.08448508,0.05213118,-0.04148583,-0.1712181,-0.1063453,-0.01675008,-0.9793338,0.2140309,-0.3317969,0.91875,0.05081894,0.05068874,-0.1651066,0.01186472,0.003277222,0.01638453,0.99979,0.006941863,-0.02361708,0.999697
Fixation,11.8421,0.01888246,0.05100524,-0.03832885,-0.1890399,-0.2643307,-0.01801486,-0.9455521,0.506688,-0.3479704,0.7887864,0.08447476,0.05212343,-0.0414826,-0.1712201,-0.1063322,-0.01675132,-0.9793348,0.2140059,-0.3318012,0.9187543,0.05080871,0.05068099,-0.1651043,0.01186665,0.00326405,0.01638344,0.99979,0.006915562,-0.02362136,0.999697
Fixation,11.8539,0.01894186,0.05097628,-0.03838404,-0.1890064,-0.2643379,-0.01802111,-0.9455566,0.5067051,-0.3479051,0.7888041,0.08453409,0.05209625,-0.04153837,-0.1711881,-0.1063391,-0.01676309,-0.9793395,0.2140235,-0.3317374,0.9187732,0.05086807,0.05065262,-0.1651597,0.01183561,0.003268515,0.01639934,0.9997901,0.006923851,-0.02355905,0.9996985
Fixation,11.8642,0.0189364,0.05097222,-0.0383849,-0.1890424,-0.2643479,-0.01799693,-0.9455472,0.5067111,-0.3479821,0.7887664,0.0845286,0.05208838,-0.04154141,-0.1709546,-0.106129,-0.01673296,-0.9794035,0.2136075,-0.3313153,0.9190223,0.05086236,0.05064702,-0.1651617,0.01186527,0.003284813,0.0163689,0.9997903,0.006956691,-0.02361802,0.9996969
Fixation,11.8753,0.01893508,0.05096853,-0.03837788,-0.1890039,-0.2643321,-0.01800496,-0.9455591,0.5066893,-0.3479102,0.788812,0.08452737,0.05208647,-0.04153182,-0.1709172,-0.1061124,-0.01674685,-0.9794115,0.21358,-0.3312425,0.9190549,0.05086132,0.0506438,-0.1651534,0.0118287,0.003265422,0.0163836,0.9997905,0.006917069,-0.02354546,0.9996988
Fixation,11.8861,0.01894366,0.05095661,-0.03838608,-0.1889776,-0.2638902,-0.01800987,-0.9456876,0.5059224,-0.3479223,0.7892988,0.08453562,0.05207682,-0.04154608,-0.1709209,-0.1061605,-0.01675578,-0.9794056,0.2136762,-0.3312442,0.919032,0.05086929,0.05063307,-0.1651645,0.01183416,0.00331185,0.01639975,0.99979,0.007010463,-0.02355472,0.999698
Fixation,11.8976,0.01896226,0.05094302,-0.03838758,-0.1890124,-0.2638431,-0.01801359,-0.9456937,0.5058392,-0.3479902,0.7893223,0.08455455,0.05206144,-0.04154144,-0.1706548,-0.1060146,-0.01675371,-0.9794678,0.2133939,-0.3307495,0.9192757,0.0508885,0.05061901,-0.1651631,0.01186701,0.003264896,0.01638573,0.99979,0.006917321,-0.02362204,0.999697
Fixation,11.9087,0.01895927,0.05093229,-0.03838423,-0.1890951,-0.2639069,-0.01798977,-0.9456599,0.5059358,-0.348144,0.7891924,0.08455116,0.05204701,-0.04154778,-0.170735,-0.1060815,-0.01671803,-0.9794472,0.2135112,-0.3309049,0.9191926,0.05088448,0.0506072,-0.1651646,0.01194548,0.003338411,0.0163534,0.9997894,0.007066115,-0.02377675,0.9996923
Fixation,11.9197,0.01896292,0.05092931,-0.03837417,-0.188991,-0.263496,-0.01805378,-0.945794,0.5052499,-0.347979,0.7897045,0.08455491,0.05205011,-0.04153335,-0.1707993,-0.1060563,-0.01677358,-0.9794378,0.2134809,-0.3310166,0.9191594,0.05088859,0.05060792,-0.1651525,0.01201563,0.003305655,0.01639745,0.9997879,0.00700396,-0.02391776,0.9996894
Fixation,11.9314,0.01894494,0.05089653,-0.03836496,-0.1890076,-0.2635053,-0.01805829,-0.945788,0.5052666,-0.3480053,0.7896822,0.08453687,0.05201781,-0.04152539,-0.1706575,-0.1058816,-0.01677461,-0.9794814,0.2131435,-0.3307595,0.9193302,0.05087047,0.05057561,-0.165144,0.01203358,0.00331524,0.01639917,0.9997876,0.007023753,-0.02395332,0.9996884
Fixation,11.9420,0.01894591,0.05088651,-0.03835371,-0.1889857,-0.2634647,-0.01806725,-0.9458036,0.5052006,-0.3479665,0.7897415,0.0845381,0.05200851,-0.04150834,-0.170636,-0.1058393,-0.01678621,-0.9794895,0.2130657,-0.330719,0.9193628,0.05087205,0.05056572,-0.1651298,0.01201226,0.003271064,0.01640593,0.9997879,0.006934885,-0.0239121,0.99969
Fixation,11.9530,0.01894813,0.05088246,-0.03834752,-0.1889015,-0.2631222,-0.01797614,-0.9459174,0.5045753,-0.3479106,0.7901658,0.08454044,0.0519917,-0.04150392,-0.1706662,-0.1058359,-0.01669058,-0.9794862,0.2130267,-0.3307976,0.9193436,0.05087402,0.05055571,-0.1651245,0.01203297,0.003283408,0.01630845,0.9997892,0.00695791,-0.02395378,0.9996889
Fixation,11.9646,0.01895029,0.05086839,-0.03834216,-0.1888427,-0.2630929,-0.01798038,-0.9459373,0.5045297,-0.3478057,0.7902411,0.0845428,0.05197906,-0.04149412,-0.1705698,-0.1057492,-0.01670338,-0.9795122,0.2128635,-0.3306176,0.9194461,0.05087666,0.05054176,-0.1651169,0.01197465,0.003249701,0.01632226,0.9997898,0.006888943,-0.02383819,0.9996921
Fixation,11.9757,0.01894803,0.05085754,-0.03834233,-0.1888382,-0.2630804,-0.01796551,-0.9459419,0.5045028,-0.3478071,0.7902576,0.08454064,0.05196619,-0.04149296,-0.1705625,-0.1057367,-0.0166892,-0.979515,0.2128345,-0.3306078,0.9194564,0.05087453,0.05052984,-0.1651164,0.01196564,0.003239372,0.01630706,0.9997902,0.006867633,-0.02382061,0.9996927
Fixation,11.9863,0.01895294,0.05085444,-0.03833708,-0.1886334,-0.2627971,-0.01795675,-0.9460617,0.5040191,-0.3474797,0.7907103,0.08454573,0.0519619,-0.04148418,-0.1705417,-0.105709,-0.01668379,-0.9795218,0.2127791,-0.3305713,0.9194823,0.05087981,0.0505259,-0.1651094,0.01194354,0.003212349,0.01629938,0.9997907,0.006812697,-0.02377735,0.999694
Fixation,11.9975,0.01895772,0.05086195,-0.03833672,-0.188629,-0.2628358,-0.01794174,-0.9460521,0.5040814,-0.3474743,0.7906728,0.08455026,0.05196857,-0.04148933,-0.1705552,-0.1053642,-0.0166664,-0.9795568,0.2121055,-0.3306249,0.9196187,0.05088402,0.05053294,-0.1651117,0.01193732,0.003254265,0.01629326,0.9997907,0.006896164,-0.0237636,0.9996938
Fixation,12.0087,0.01895847,0.05086529,-0.03835065,-0.1886449,-0.2628398,-0.01796023,-0.9460475,0.504094,-0.3474928,0.7906567,0.08455098,0.05197394,-0.04150344,-0.170574,-0.105368,-0.01668214,-0.9795529,0.2121181,-0.3306569,0.9196042,0.05088475,0.05053735,-0.1651258,0.01195799,0.00325584,0.01630745,0.9997903,0.006900324,-0.02380478,0.9996928
Fixation,12.0201,0.01896627,0.05086744,-0.03836029,-0.1886452,-0.2627758,-0.01795581,-0.9460652,0.5039807,-0.3475047,0.7907237,0.08455849,0.05197644,-0.04151888,-0.1705869,-0.1054115,-0.0166773,-0.9795461,0.2122007,-0.3306796,0.919577,0.05089195,0.05053985,-0.1651383,0.01197132,0.003300065,0.0163084,0.9997899,0.006989209,-0.02382997,0.9996916
Fixation,12.0307,0.01896724,0.0508616,-0.03836897,-0.1887051,-0.2627862,-0.0179081,-0.9460514,0.5039772,-0.3476374,0.7906676,0.08455944,0.05196309,-0.04153055,-0.1706391,-0.1054238,-0.01662072,-0.9795366,0.2122052,-0.33079,0.9195362,0.05089257,0.05053079,-0.1651485,0.01201841,0.003322147,0.01624962,0.9997903,0.007033489,-0.02392381,0.999689
Fixation,12.0421,0.01897508,0.05087662,-0.03837738,-0.1886645,-0.2628036,-0.01797155,-0.9460534,0.5040336,-0.3475273,0.79068,0.0845671,0.05198777,-0.04153943,-0.1702485,-0.1051834,-0.01668985,-0.9796292,0.2117644,-0.3300498,0.9199038,0.05090041,0.05055046,-0.1651571,0.01199575,0.003326621,0.01632345,0.9997893,0.007043464,-0.02387783,0.9996901
Fixation,12.0533,0.01897214,0.05087554,-0.03838958,-0.1886723,-0.262555,-0.01796478,-0.946121,0.5035965,-0.3475803,0.7909352,0.08456424,0.05198801,-0.04154954,-0.1701662,-0.1051703,-0.01669851,-0.9796448,0.2117422,-0.3298925,0.9199653,0.05089772,0.05054903,-0.1651681,0.01191336,0.00331082,0.01633803,0.9997901,0.007009531,-0.02371353,0.9996942
Fixation,12.0643,0.01896607,0.05089188,-0.03839926,-0.1886588,-0.2625774,-0.01800596,-0.9461167,0.5036517,-0.3475306,0.7909219,0.08455797,0.05201054,-0.0415611,-0.17016,-0.1051923,-0.01674178,-0.9796427,0.2117994,-0.3298698,0.9199603,0.05089148,0.05056846,-0.1651787,0.01191188,0.0033257,0.01638466,0.9997893,0.007040342,-0.02370975,0.9996941
Fixation,12.0766,0.01896578,0.05089581,-0.03840137,-0.1884899,-0.2625007,-0.01805373,-0.9461707,0.5035469,-0.347209,0.7911298,0.08455814,0.05202317,-0.0415506,-0.169773,-0.1048841,-0.01681387,-0.9797417,0.2112278,-0.3291403,0.9203529,0.05089258,0.0505749,-0.1651744,0.01175398,0.00323038,0.01645941,0.9997903,0.006846332,-0.0233967,0.9997028
Fixation,12.0868,0.01895906,0.05088341,-0.03842016,-0.1884068,-0.2623965,-0.01807773,-0.9462157,0.5033793,-0.3470599,0.7913019,0.08455157,0.05201614,-0.04156449,-0.1696714,-0.1048552,-0.01685482,-0.9797617,0.2111858,-0.3289404,0.920434,0.05088641,0.05056417,-0.1651907,0.01165511,0.003193479,0.01650506,0.9997908,0.006770358,-0.02319993,0.9997079
Fixation,12.0976,0.01895253,0.05087352,-0.03843304,-0.1883705,-0.2623288,-0.0180801,-0.9462417,0.5032644,-0.3470021,0.7914003,0.08454549,0.05200577,-0.041568,-0.1696337,-0.104785,-0.0168617,-0.9797756,0.2110523,-0.3288721,0.920489,0.05088086,0.05055356,-0.1651989,0.01161649,0.003122058,0.01650434,0.9997914,0.006626259,-0.02312509,0.9997106
Fixation,12.1087,0.01895683,0.0508647,-0.03844265,-0.1883319,-0.2622507,-0.01806857,-0.9462712,0.5031264,-0.3469492,0.7915113,0.08455032,0.05199456,-0.04156721,-0.1692866,-0.1046266,-0.01685604,-0.9798527,0.2107443,-0.3282247,0.9207907,0.05088624,0.05054319,-0.1652034,0.01157156,0.003042496,0.01648911,0.9997925,0.006465338,-0.02303798,0.9997137
Fixation,12.1199,0.01896628,0.05083442,-0.03845319,-0.1885052,-0.2620083,-0.01813661,-0.9463026,0.5027159,-0.3472621,0.7916349,0.08456012,0.05196953,-0.04156857,-0.1693677,-0.1045642,-0.01691207,-0.9798443,0.2106419,-0.3283711,0.9207618,0.05089663,0.05051637,-0.1652096,0.01165808,0.002973062,0.01652616,0.9997911,0.006330208,-0.02321302,0.9997105
Fixation,12.1309,0.01898961,0.05077302,-0.03847982,-0.1886257,-0.2619527,-0.01825212,-0.9462917,0.5026529,-0.3474275,0.7916023,0.08458371,0.05191791,-0.04158577,-0.1695038,-0.1045051,-0.01700533,-0.9798255,0.2105585,-0.328614,0.9206943,0.05092093,0.05046129,-0.1652319,0.011804,0.002902079,0.01659486,0.9997884,0.006194702,-0.02350669,0.9997045
Fixation,12.1422,0.01901775,0.05075407,-0.03848196,-0.1887295,-0.2618895,-0.0181357,-0.9462907,0.5024927,-0.3476869,0.7915901,0.08461243,0.05187976,-0.04158307,-0.1693539,-0.1043469,-0.01687268,-0.9798706,0.2102078,-0.3283686,0.920862,0.05094947,0.05043364,-0.1652318,0.01187298,0.002863532,0.01644623,0.9997902,0.006116394,-0.02364679,0.9997017
Fixation,12.1530,0.01905334,0.05076861,-0.03847683,-0.1889191,-0.2618685,-0.01788663,-0.9462635,0.5023515,-0.3481666,0.7914689,0.08464801,0.05186164,-0.04158948,-0.1694022,-0.1043907,-0.01661464,-0.979862,0.2102061,-0.3285127,0.9208109,0.0509837,0.05043244,-0.1652323,0.01189624,0.002948523,0.01619498,0.9997938,0.006281149,-0.02369207,0.9996996
Fixation,12.1642,0.01908227,0.05078733,-0.03846443,-0.1891194,-0.2618775,-0.01765619,-0.9462253,0.5022686,-0.3486516,0.791308,0.08467712,0.05184615,-0.04158541,-0.1692047,-0.1041887,-0.01635484,-0.9799219,0.2097283,-0.3282069,0.9210289,0.05101155,0.05043602,-0.1652242,0.01203432,0.003008766,0.01592654,0.9997962,0.006399636,-0.02396789,0.9996923
Fixation,12.1754,0.01912272,0.05078721,-0.03845329,-0.1891661,-0.2620032,-0.01744113,-0.9461852,0.5024055,-0.3488331,0.791141,0.0847169,0.05182076,-0.04159669,-0.1692208,-0.104324,-0.01613781,-0.9799083,0.2099175,-0.3282747,0.9209617,0.05104956,0.0504235,-0.165224,0.01203086,0.003177437,0.01573325,0.9997988,0.006732164,-0.02395689,0.9996904
Fixation,12.1865,0.01917545,0.05079281,-0.03844774,-0.1890754,-0.2619733,-0.01744007,-0.9462116,0.5023592,-0.3486729,0.791241,0.08476871,0.05182946,-0.04160936,-0.16924,-0.1044637,-0.01613776,-0.9798902,0.2101882,-0.3283015,0.9208903,0.05110043,0.05043077,-0.1652273,0.01205254,0.003316531,0.01575354,0.9997978,0.007011461,-0.02399572,0.9996875
Fixation,12.1980,0.01921633,0.05079067,-0.03844149,-0.18906,-0.2620596,-0.0174912,-0.9461898,0.50253,-0.3486058,0.7911621,0.08480895,0.05183637,-0.04161327,-0.1684935,-0.1040697,-0.01619206,-0.9800599,0.2094455,-0.3268972,0.9215589,0.05114029,0.05043316,-0.165226,0.01205502,0.003394806,0.01582169,0.9997964,0.007169691,-0.02399771,0.9996863
Fixation,12.2089,0.01922393,0.05079007,-0.03843218,-0.1890219,-0.2621551,-0.01758924,-0.9461692,0.5027356,-0.3484712,0.7910908,0.08481582,0.05185151,-0.04161402,-0.1684741,-0.1041652,-0.01629708,-0.9800513,0.2096658,-0.3268314,0.9215322,0.05114695,0.05044019,-0.1652216,0.01204765,0.003472918,0.0159419,0.9997943,0.007328533,-0.02397961,0.9996856
Fixation,12.2201,0.01924538,0.05079448,-0.03843864,-0.1891235,-0.2622384,-0.01767287,-0.9461243,0.5029048,-0.3485996,0.7909267,0.084837,0.05186856,-0.04162153,-0.1684407,-0.1041895,-0.0163885,-0.9800529,0.2097434,-0.3267465,0.9215446,0.05116836,0.05045044,-0.1652285,0.0120235,0.003482102,0.01603884,0.9997931,0.007348449,-0.02393033,0.9996866
Fixation,12.2310,0.01925912,0.05080235,-0.03844989,-0.1891047,-0.2623196,-0.01762345,-0.9461064,0.5030298,-0.3485804,0.7908557,0.08485022,0.05187285,-0.04164473,-0.168053,-0.1038109,-0.01634214,-0.9801605,0.2089953,-0.3260448,0.921963,0.05118085,0.05045629,-0.1652455,0.01199628,0.003572796,0.01601151,0.9997935,0.007528274,-0.0238732,0.9996867
Fixation,12.2422,0.01926681,0.05081999,-0.03846337,-0.1890457,-0.2623294,-0.01753344,-0.9461172,0.5030179,-0.3485197,0.79089,0.08485791,0.05188107,-0.04166133,-0.1679804,-0.1038228,-0.01626323,-0.9801729,0.2089924,-0.3259226,0.9220068,0.05118819,0.05046856,-0.1652604,0.01191525,0.00359576,0.01594294,0.9997954,0.007569978,-0.02371097,0.9996902
Fixation,12.2533,0.019243,0.05084777,-0.03848876,-0.1888716,-0.2620437,-0.01740117,-0.9462335,0.5024824,-0.3483136,0.7913212,0.08483411,0.05189323,-0.04169148,-0.1679376,-0.103839,-0.01613791,-0.9801806,0.2089823,-0.325867,0.9220288,0.05116381,0.05048811,-0.165288,0.01185979,0.003630711,0.01582654,0.9997978,0.007635352,-0.02359986,0.9996923
Fixation,12.2642,0.0192326,0.05087709,-0.03850623,-0.1887472,-0.2619661,-0.01728582,-0.9462819,0.5023128,-0.3481596,0.7914965,0.08482434,0.05190945,-0.04170055,-0.16752,-0.1033743,-0.01604051,-0.9803028,0.2080504,-0.3251243,0.9225016,0.05115425,0.05050945,-0.1653011,0.0117034,0.003565555,0.01573472,0.9998013,0.007497992,-0.02328994,0.9997006
Fixation,12.2754,0.01920983,0.05090082,-0.03853077,-0.1886381,-0.2619134,-0.01730553,-0.946318,0.5022357,-0.3479581,0.7916341,0.0848019,0.05193746,-0.0417168,-0.1674132,-0.1033184,-0.01607658,-0.9803264,0.2079544,-0.3249171,0.9225963,0.05113239,0.05053413,-0.1653215,0.01159822,0.003502732,0.01577178,0.9998022,0.007369927,-0.02308137,0.9997064
Fixation,12.2893,0.01921187,0.05090392,-0.03858273,-0.1899011,-0.2589251,-0.01730829,-0.9468874,0.4969196,-0.3506669,0.7937907,0.08480456,0.05194557,-0.04175454,-0.1672944,-0.1032197,-0.01612641,-0.9803562,0.2077798,-0.3246871,0.9227166,0.05113596,0.05053854,-0.1653663,0.0114817,0.003394907,0.01581675,0.9998032,0.007151685,-0.02285149,0.9997133
Fixation,12.3021,0.01921145,0.05088794,-0.0386192,-0.1898166,-0.2588861,-0.01741321,-0.9469131,0.496896,-0.3504635,0.7938953,0.08480431,0.05194414,-0.0417826,-0.1672257,-0.1031759,-0.01624255,-0.9803706,0.2077336,-0.3245347,0.9227806,0.0511365,0.05052888,-0.1653986,0.01142319,0.003332167,0.01593067,0.9998023,0.007026975,-0.0227357,0.9997168
Fixation,12.3132,0.01918767,0.05086935,-0.03863528,-0.189823,-0.25885,-0.01754639,-0.9469193,0.4968815,-0.3504104,0.7939278,0.08478066,0.05194128,-0.0417906,-0.1626786,-0.09558333,-0.01632507,-0.9819028,0.1930186,-0.3163483,0.928799,0.05111364,0.05051839,-0.1654108,0.01146187,0.003271931,0.01604896,0.9998001,0.006910456,-0.02281413,0.9997159
Fixation,12.3242,0.01916237,0.05085099,-0.03864448,-0.1949575,-0.2495334,-0.01748865,-0.948377,0.4801225,-0.3610583,0.7994493,0.08475529,0.05192816,-0.04179946,-0.1626942,-0.09558717,-0.01636569,-0.9818991,0.1930391,-0.31637,0.9287874,0.05108839,0.05050278,-0.1654198,0.0114815,0.003269821,0.01608811,0.9997993,0.006907761,-0.02285318,0.999715
Fixation,12.3354,0.01914789,0.05083191,-0.03864818,-0.1949994,-0.2495278,-0.01756989,-0.9483683,0.4801408,-0.3610942,0.7994221,0.08474079,0.05191791,-0.04180065,-0.1541716,-0.08211371,-0.01635348,-0.9844903,0.1667228,-0.3008751,0.9389769,0.0510742,0.05048871,-0.1654224,0.01154283,0.003251337,0.01615415,0.9997976,0.006874287,-0.02297594,0.9997124
Fixation,12.3466,0.01913355,0.05079865,-0.03864753,-0.195078,-0.2494787,-0.01754264,-0.9483656,0.4800383,-0.3612575,0.7994099,0.08472681,0.05187798,-0.04179469,-0.1542435,-0.08206552,-0.01631107,-0.9844837,0.1666161,-0.3010233,0.9389484,0.05106035,0.05045295,-0.1654193,0.01161148,0.003210387,0.01609986,0.9997978,0.006793363,-0.02311489,0.9997097
Fixation,12.3575,0.01911556,0.05076909,-0.03865543,-0.1962429,-0.2433786,-0.01754414,-0.9497094,0.4691637,-0.3642077,0.8045111,0.08470882,0.0518539,-0.04180072,-0.1543001,-0.08205737,-0.01635609,-0.9844748,0.1666143,-0.3011249,0.9389161,0.05104256,0.0504266,-0.1654264,0.0116721,0.003196548,0.01613876,0.9997965,0.00676854,-0.02323627,0.9997071
Fixation,12.3695,0.01908474,0.05077636,-0.03864587,-0.1963529,-0.243284,-0.01758781,-0.9497101,0.4690054,-0.364399,0.8045169,0.08467862,0.05186141,-0.04177822,-0.1513729,-0.07829124,-0.01635537,-0.9852356,0.1592222,-0.295715,0.9419134,0.05101306,0.0504353,-0.1654108,0.01178715,0.003097978,0.01613638,0.9997955,0.006575092,-0.02346951,0.9997029
Fixation,12.3805,0.01906468,0.05076122,-0.03864446,-0.1964287,-0.2432545,-0.0176148,-0.9497015,0.4689584,-0.3645274,0.804486,0.08465874,0.05184698,-0.04177272,-0.1514518,-0.07826071,-0.01636775,-0.9852257,0.1591668,-0.2958666,0.9418752,0.0509934,0.05042136,-0.1654075,0.01186736,0.003066812,0.01613855,0.9997947,0.006515409,-0.02363086,0.9996995
Fixation,12.3907,0.01905319,0.05074477,-0.03864957,-0.1939014,-0.2399679,-0.01762117,-0.9510558,0.4632794,-0.3603652,0.8096352,0.08464718,0.05183434,-0.04177803,-0.1513916,-0.07826707,-0.01639457,-0.985234,0.1591868,-0.295746,0.9419097,0.05098193,0.0504061,-0.1654126,0.0118087,0.003068715,0.01617032,0.9997948,0.006518071,-0.0235133,0.9997023
Fixation,12.4019,0.01903446,0.05074012,-0.03862205,-0.1939195,-0.239898,-0.01760333,-0.9510701,0.463147,-0.3604161,0.8096883,0.08462895,0.05182517,-0.04174181,-0.1506515,-0.07529394,-0.01634435,-0.98558,0.153341,-0.2944969,0.9432699,0.05096407,0.0503993,-0.1653809,0.01181905,0.003001954,0.01613604,0.9997954,0.006384104,-0.02353637,0.9997026
Fixation,12.4134,0.0190211,0.05073416,-0.03858658,-0.1939596,-0.2399234,-0.01768304,-0.9510541,0.4632198,-0.360447,0.8096329,0.08461534,0.05182886,-0.04170794,-0.1507054,-0.07531673,-0.01641723,-0.9855688,0.153408,-0.2945881,0.9432306,0.05095058,0.05039883,-0.1653463,0.01187898,0.003015041,0.01620743,0.9997935,0.006413891,-0.02365532,0.9996996
Fixation,12.4245,0.0190197,0.0507102,-0.03857758,-0.1937758,-0.2392751,-0.0177644,-0.9512532,0.462107,-0.3601585,0.8103968,0.08461371,0.05181766,-0.04169949,-0.1506673,-0.07533573,-0.01651166,-0.9855716,0.153473,-0.294499,0.9432478,0.0509492,0.05038071,-0.1653375,0.01184759,0.003020377,0.01630602,0.9997923,0.006425874,-0.02359175,0.999701
Fixation,12.4353,0.01902184,0.05071473,-0.03856171,-0.1936635,-0.2392807,-0.01773817,-0.9512753,0.4621141,-0.3599659,0.8104784,0.08461582,0.05182183,-0.04168428,-0.149065,-0.07368229,-0.01649565,-0.9859404,0.1502105,-0.2915076,0.9447011,0.05095129,0.05038381,-0.1653218,0.01173025,0.003025431,0.01630821,0.9997936,0.006432213,-0.02335699,0.9997065
Fixation,12.4463,0.019029,0.05073869,-0.03855053,-0.1938169,-0.2392821,-0.01762123,-0.9512458,0.4620627,-0.3603022,0.8103582,0.0846231,0.05182719,-0.04167726,-0.1491983,-0.07369158,-0.01635466,-0.9859219,0.1501885,-0.2917853,0.9446188,0.0509579,0.0503999,-0.1653128,0.01185482,0.003055431,0.01616107,0.9997944,0.006492779,-0.02360601,0.9997002
Fixation,12.4581,0.0189998,0.05073881,-0.03853852,-0.1929879,-0.2393812,-0.017627,-0.9513893,0.462293,-0.3587742,0.8109046,0.08459383,0.05182731,-0.04166643,-0.1492065,-0.07370039,-0.01635345,-0.98592,0.1502055,-0.2918009,0.9446114,0.05092857,0.05040014,-0.1653014,0.01186312,0.003064418,0.01616054,0.9997944,0.006511004,-0.02362231,0.9996998
Fixation,12.4689,0.01900394,0.05070484,-0.0385327,-0.1930373,-0.239411,-0.0176226,-0.9513719,0.4623414,-0.3588625,0.8108379,0.08459778,0.05179238,-0.041665,-0.1481546,-0.07277063,-0.01633793,-0.9861479,0.1483663,-0.2898269,0.9455093,0.05093224,0.05036628,-0.1652978,0.01191244,0.003097745,0.01615034,0.9997938,0.006578992,-0.0237199,0.999697
Fixation,12.4800,0.01900858,0.05066752,-0.03852017,-0.193252,-0.2394137,-0.01761534,-0.9513277,0.4623302,-0.3592573,0.8106694,0.08460243,0.05174887,-0.04165442,-0.1483671,-0.07277687,-0.01629434,-0.9861163,0.148368,-0.2902428,0.9453815,0.05093659,0.05032814,-0.1652866,0.01212386,0.00311204,0.01609378,0.9997922,0.006613024,-0.02414251,0.9996867
Fixation,12.4913,0.01899771,0.05064225,-0.03850267,-0.1930215,-0.2391396,-0.01768115,-0.9514422,0.4618807,-0.3588411,0.8111099,0.08459169,0.05173075,-0.04163149,-0.148397,-0.07274381,-0.01635472,-0.9861132,0.1483212,-0.2902932,0.9453733,0.05092631,0.0503068,-0.1652665,0.01215791,0.003071273,0.01614689,0.999791,0.006533886,-0.02421156,0.9996855
Fixation,12.5019,0.01898635,0.05063033,-0.03849372,-0.1930194,-0.2391251,-0.01773661,-0.9514453,0.461876,-0.3588122,0.8111254,0.08458039,0.05172551,-0.0416192,-0.1472174,-0.07196401,-0.01640713,-0.9863463,0.1467937,-0.2880532,0.9462965,0.05091533,0.05029821,-0.1652559,0.01216826,0.003046511,0.01619766,0.9997901,0.006485937,-0.02423272,0.9996853
Fixation,12.5135,0.01897092,0.05062664,-0.03848203,-0.192949,-0.2390413,-0.01780348,-0.9514794,0.4617561,-0.3586625,0.8112598,0.08456545,0.0517298,-0.04159424,-0.1471559,-0.07187366,-0.01648091,-0.9863608,0.1466372,-0.2879286,0.9463586,0.05090132,0.05029774,-0.1652377,0.0121104,0.002946179,0.01626238,0.9997901,0.006285009,-0.0241199,0.9996893
Fixation,12.5246,0.01895894,0.05062044,-0.03850054,-0.193228,-0.2382172,-0.01784799,-0.9516286,0.4602861,-0.3592591,0.811831,0.08455342,0.05173147,-0.04161108,-0.1471183,-0.07187004,-0.01654114,-0.9863657,0.1466473,-0.2878473,0.9463818,0.05088956,0.05029511,-0.1652553,0.0120766,0.002934066,0.01632393,0.9997895,0.006261172,-0.02405233,0.9996911
Fixation,12.5357,0.01895186,0.05061305,-0.03851143,-0.1932746,-0.2382299,-0.01783245,-0.9516163,0.4603,-0.35935,0.811783,0.08454627,0.05172122,-0.04162434,-0.1489054,-0.07160342,-0.01650606,-0.9861175,0.1461345,-0.2913127,0.9454002,0.05088221,0.05028677,-0.1652674,0.01211976,0.002951916,0.01630061,0.9997894,0.006297707,-0.02413818,0.9996888
Fixation,12.5466,0.01895244,0.05061209,-0.03852064,-0.193259,-0.2382406,-0.01783459,-0.9516166,0.4603209,-0.3593192,0.8117847,0.08454677,0.05172122,-0.04163483,-0.1488907,-0.07161414,-0.01651131,-0.9861188,0.1461568,-0.291283,0.945406,0.05088267,0.05028617,-0.1652773,0.01210537,0.002961705,0.01630826,0.9997894,0.006316997,-0.02410905,0.9996894
Fixation,12.5580,0.01895519,0.05062151,-0.03852554,-0.1929853,-0.2389165,-0.01780648,-0.9515033,0.4615325,-0.3587438,0.8113512,0.08454971,0.05172467,-0.04163809,-0.1489214,-0.0715948,-0.01646883,-0.9861163,0.1461067,-0.2913495,0.9453932,0.05088555,0.05029297,-0.1652814,0.01213325,0.002948629,0.01626157,0.9997898,0.00629063,-0.02416549,0.9996882
Fixation,12.5693,0.0189415,0.05061948,-0.03856568,-0.1928797,-0.2389254,-0.01778008,-0.9515229,0.4615448,-0.3585628,0.8114241,0.08453597,0.05172229,-0.04167938,-0.1488123,-0.07160375,-0.01646132,-0.9861323,0.1461208,-0.2911398,0.9454556,0.05087177,0.05028951,-0.1653219,0.01202266,0.002957423,0.01626264,0.9997911,0.006304651,-0.02394411,0.9996934
Fixation,12.5796,0.01895275,0.05064452,-0.03856892,-0.192986,-0.2389324,-0.0177475,-0.9515002,0.4615386,-0.3587716,0.8113353,0.08454722,0.05174065,-0.04168507,-0.1483551,-0.07100041,-0.01640771,-0.9862457,0.144916,-0.2902991,0.9458994,0.05088271,0.05031228,-0.1653265,0.01212076,0.002975487,0.01620806,0.9997907,0.006342636,-0.02413999,0.9996884
Fixation,12.5918,0.01896328,0.05065668,-0.03856891,-0.1930687,-0.2387855,-0.01775937,-0.9515202,0.461276,-0.3589362,0.811412,0.08455775,0.05175555,-0.04168413,-0.148315,-0.07099675,-0.01642849,-0.9862517,0.1449145,-0.290219,0.9459243,0.05089336,0.05032551,-0.165326,0.01208172,0.002968624,0.01623073,0.9997908,0.006328197,-0.02406201,0.9996904
Fixation,12.6025,0.01896727,0.05065989,-0.03855579,-0.1930322,-0.2388486,-0.01769975,-0.9515128,0.4613683,-0.3588902,0.8113798,0.08456136,0.05175376,-0.04168066,-0.1482708,-0.07106397,-0.01637904,-0.9862543,0.1450314,-0.2901374,0.9459314,0.05089634,0.05032563,-0.1653175,0.01203438,0.003041686,0.01619401,0.9997918,0.006471876,-0.02396525,0.9996918
Fixation,12.6132,0.01897257,0.05065799,-0.03852843,-0.1930342,-0.2388275,-0.01766262,-0.9515184,0.4613165,-0.3589145,0.8113985,0.08456683,0.05174661,-0.04165144,-0.147938,-0.07073834,-0.01633964,-0.9863283,0.1443769,-0.2895191,0.9462209,0.0509018,0.0503211,-0.1652892,0.01202656,0.003027071,0.01615419,0.9997926,0.006441446,-0.02395033,0.9996924
Fixation,12.6248,0.01898748,0.05065417,-0.03851857,-0.1936403,-0.2385888,-0.01757074,-0.9514569,0.4608186,-0.3600964,0.8111577,0.08458111,0.0517354,-0.04165763,-0.147904,-0.07085089,-0.0162649,-0.9863265,0.1445755,-0.2894586,0.9462091,0.05091504,0.05031323,-0.1652871,0.01198841,0.003148694,0.01609798,0.9997936,0.006682066,-0.02387049,0.9996927
Fixation,12.6355,0.01901331,0.05064714,-0.03850345,-0.1936269,-0.2386356,-0.01757906,-0.9514477,0.4609062,-0.3600618,0.8111233,0.0846066,0.05173087,-0.04164843,-0.1478938,-0.0708984,-0.01627761,-0.9863244,0.1446724,-0.2894343,0.9462017,0.05094027,0.05030727,-0.1652748,0.01197935,0.003194039,0.01611773,0.9997932,0.006772916,-0.02385079,0.9996926
Fixation,12.6470,0.01899153,0.05066419,-0.03845933,-0.1935654,-0.2386905,-0.01756254,-0.9514467,0.4610015,-0.3599504,0.8111185,0.08458446,0.05174875,-0.0416116,-0.147591,-0.07090223,-0.01627533,-0.9863696,0.1446758,-0.2888506,0.9463795,0.05091775,0.0503242,-0.1652341,0.01191696,0.003249702,0.01612647,0.9997936,0.006882419,-0.0237242,0.9996948
Fixation,12.6581,0.01899307,0.05066288,-0.03843213,-0.1947659,-0.2342717,-0.01753649,-0.9523001,0.453025,-0.3627346,0.814366,0.08458609,0.05174756,-0.04158246,-0.1476621,-0.07088712,-0.01627897,-0.98636,0.144648,-0.2889881,0.9463418,0.05091947,0.05032372,-0.1652061,0.01198881,0.003234901,0.01612334,0.9997929,0.006855062,-0.02386835,0.9996916
Fixation,12.6687,0.01899441,0.05065,-0.03841955,-0.1947892,-0.2342985,-0.01750627,-0.9522893,0.45306,-0.362788,0.8143227,0.08458728,0.05173099,-0.04157436,-0.1444481,-0.06784759,-0.01623156,-0.9870502,0.1386272,-0.2829525,0.9490629,0.05092033,0.0503093,-0.1651957,0.01200617,0.003268652,0.01609418,0.9997931,0.00692241,-0.02390216,0.9996904
Fixation,12.6801,0.01899301,0.05064499,-0.03840946,-0.1947746,-0.2342854,-0.01752895,-0.9522951,0.4530461,-0.3627523,0.8143464,0.08458594,0.05172884,-0.04156185,-0.1444369,-0.06783269,-0.01625566,-0.9870524,0.1386047,-0.2829283,0.9490734,0.05091919,0.05030537,-0.1651845,0.01199635,0.00325055,0.01611672,0.9997929,0.006886437,-0.02388295,0.9996911
Fixation,12.6912,0.01899207,0.05066979,-0.03839695,-0.1906036,-0.2038457,-0.01730086,-0.9601135,0.3980252,-0.3589488,0.8442345,0.0845852,0.05175257,-0.04154561,-0.1444379,-0.06780333,-0.01625128,-0.9870544,0.1385458,-0.2829324,0.9490808,0.05091864,0.05032969,-0.1651701,0.01199681,0.00322197,0.01610841,0.9997931,0.006829105,-0.02388485,0.9996914
Fixation,12.7023,0.01899001,0.05067337,-0.03838617,-0.1905934,-0.2038144,-0.01730456,-0.9601221,0.3979697,-0.358932,0.8442677,0.08458335,0.05175602,-0.04153057,-0.1147897,-0.03417837,-0.01603712,-0.9926721,0.07153762,-0.2268009,0.9713103,0.05091702,0.05033326,-0.1651573,0.01198614,0.003189499,0.0161083,0.9997934,0.006763832,-0.02386457,0.9996923
Fixation,12.7133,0.0189836,0.05067503,-0.03837923,-0.1907137,-0.2037847,-0.017309,-0.9601044,0.3979114,-0.3591555,0.8442001,0.08457714,0.05175495,-0.04152026,-0.1149097,-0.03415002,-0.01601852,-0.9926596,0.07148005,-0.2270383,0.9712591,0.05091091,0.05033469,-0.1651489,0.01210613,0.003163603,0.01608336,0.9997923,0.006715306,-0.02410547,0.9996868
Fixation,12.7253,0.01897646,0.05066049,-0.03837265,-0.1658142,-0.1077705,-0.01651186,-0.9801115,0.2167301,-0.3214738,0.9217823,0.08457038,0.05173504,-0.04150793,-0.1148672,-0.03410199,-0.01598351,-0.9926667,0.07137579,-0.2269595,0.9712852,0.05090435,0.05031717,-0.1651394,0.0120621,0.003119265,0.01604483,0.9997936,0.006624312,-0.02401913,0.9996896
Fixation,12.7356,0.01897612,0.05066216,-0.03836752,-0.1658899,-0.1077065,-0.01651566,-0.9801057,0.2166071,-0.3216215,0.9217597,0.08457045,0.05173528,-0.04149457,-0.04636066,0.04406807,-0.01532274,-0.9978346,-0.08652455,-0.09387103,0.9918174,0.05090483,0.05031884,-0.1651305,0.01213776,0.00305635,0.01603086,0.9997932,0.006500594,-0.0241725,0.9996867
Fixation,12.7467,0.01897098,0.05066359,-0.03836839,-0.1659315,-0.1076847,-0.01659056,-0.9800998,0.2165893,-0.3216857,0.9217415,0.08456537,0.05174565,-0.04149107,-0.04641314,0.04409819,-0.01538731,-0.9978299,-0.08657663,-0.09398194,0.9918023,0.05090018,0.05032527,-0.1651293,0.01218723,0.003023898,0.01609682,0.9997916,0.006438887,-0.02427202,0.9996846
Fixation,12.7578,0.01896754,0.05066633,-0.03837273,-0.114838,0.01748093,-0.01536183,-0.9931116,-0.03119279,-0.228631,0.9730133,0.08456186,0.05174029,-0.04149959,-0.04644983,0.0440692,-0.01532132,-0.9978305,-0.08652385,-0.09404851,0.9918007,0.05089625,0.05032444,-0.1651357,0.01222698,0.003055067,0.01603366,0.999792,0.006500949,-0.02435091,0.9996823
Fixation,12.7689,0.01897184,0.05068326,-0.03839374,-0.1147809,0.01752279,-0.01538885,-0.9931171,-0.03127167,-0.228521,0.9730366,0.0845664,0.05175972,-0.04151477,0.02731831,0.1277788,-0.01444594,-0.9913211,-0.2541289,0.05047067,0.9658526,0.05090119,0.05034196,-0.1651538,0.01216904,0.003010798,0.01605497,0.9997925,0.006411093,-0.02423635,0.9996857
Fixation,12.7805,0.01897367,0.05069554,-0.03840504,-0.1147684,0.01750391,-0.01541081,-0.9931185,-0.03122956,-0.2284968,0.9730436,0.08456808,0.05177498,-0.04152821,0.02732815,0.1277633,-0.01447161,-0.9913225,-0.2541003,0.05048413,0.9658594,0.05090281,0.05035567,-0.1651661,0.01215601,0.003027355,0.01607848,0.9997923,0.006444352,-0.02420963,0.9996861
Fixation,12.7913,0.01898262,0.05070066,-0.03841443,-0.05462503,0.1213877,-0.01427438,-0.9909982,-0.2390305,-0.1117321,0.9645623,0.08457702,0.05177701,-0.04153894,0.02734895,0.1277525,-0.01445137,-0.9913236,-0.2540787,0.05053093,0.9658626,0.05091161,0.05035901,-0.1651761,0.01213808,0.003037363,0.01605527,0.9997928,0.006463228,-0.0241736,0.9996869
Fixation,12.8023,0.01898057,0.05070972,-0.03842247,-0.05464504,0.121403,-0.01437307,-0.9909938,-0.2390484,-0.1117956,0.9645505,0.08457488,0.05179918,-0.04154424,0.02732832,0.127776,-0.01454833,-0.9913197,-0.2541289,0.05046435,0.9658529,0.05090991,0.05037463,-0.1651828,0.01214574,0.00301764,0.01615499,0.9997912,0.006426449,-0.0241889,0.9996868
Fixation,12.8135,0.0189644,0.05073225,-0.03840283,-0.05465588,0.121393,-0.01434812,-0.9909948,-0.2390313,-0.1118109,0.9645529,0.08455869,0.05181885,-0.04152607,0.08712374,0.1769523,-0.01392862,-0.9802568,-0.3493444,0.1658779,0.9221947,0.05089357,0.05039585,-0.1651639,0.01215958,0.003028635,0.01613201,0.9997913,0.006448324,-0.02421636,0.9996859
Fixation,12.8247,0.0189673,0.05074608,-0.03840881,-0.02352278,0.172751,-0.01371107,-0.9845892,-0.3395326,-0.05105776,0.9392075,0.08456145,0.05183148,-0.0415352,0.08714765,0.1769282,-0.01392842,-0.980259,-0.3492986,0.1659259,0.9222034,0.05089614,0.05040884,-0.1651714,0.01213644,0.003052548,0.01612511,0.9997917,0.006495228,-0.02416937,0.9996868
Fixation,12.8355,0.01897455,0.05076694,-0.03842124,-0.02351282,0.1726686,-0.01366764,-0.9846045,-0.3393778,-0.0510216,0.9392654,0.08456826,0.05184674,-0.04155876,0.08715776,0.1768414,-0.01389457,-0.9802743,-0.3491282,0.1659628,0.9222613,0.05090221,0.05042684,-0.1651893,0.01213414,0.003136824,0.01608132,0.9997922,0.00666261,-0.02416235,0.9996858
Fixation,12.8466,0.01897698,0.05077457,-0.0384183,-0.02347891,0.172745,-0.01370899,-0.9845913,-0.3395227,-0.05097057,0.9392158,0.08457112,0.05185854,-0.04154555,0.1128011,0.1962578,-0.01366995,-0.9739466,-0.3853732,0.2143588,0.8975176,0.05090573,0.05043626,-0.1651812,0.01209359,0.003058888,0.01611538,0.9997923,0.006506292,-0.02408357,0.9996888
Fixation,12.8582,0.01898362,0.05078793,-0.03842902,-0.01798945,0.176927,-0.01362417,-0.9839653,-0.34769,-0.04022296,0.9367464,0.0845778,0.0518651,-0.04155781,0.1128568,0.1962409,-0.01363222,-0.9739441,-0.3853322,0.2144821,0.8975057,0.0509122,0.0504458,-0.1651926,0.01204653,0.003070027,0.01606555,0.9997936,0.006525856,-0.02398945,0.9996909
Fixation,12.8691,0.01899324,0.05080366,-0.03844104,-0.01793573,0.176935,-0.01363179,-0.9839647,-0.3477065,-0.04012012,0.9367446,0.08458748,0.05188024,-0.0415688,0.1129101,0.1962484,-0.01363975,-0.9739363,-0.385347,0.2145809,0.8974758,0.05092193,0.05046058,-0.1652041,0.01199231,0.003062121,0.01606334,0.9997944,0.006508256,-0.02388132,0.9996936
Fixation,12.8800,0.01900373,0.05082071,-0.03844911,-0.01789519,0.176958,-0.01364676,-0.9839611,-0.3477511,-0.04004615,0.9367313,0.0845981,0.05189788,-0.04157379,0.1135527,0.1960406,-0.01365653,-0.9739032,-0.3849507,0.2158243,0.8973477,0.05093275,0.0504775,-0.1652106,0.01194975,0.003038746,0.0160707,0.9997948,0.006460328,-0.02379694,0.999696
Fixation,12.8915,0.01902365,0.05083847,-0.03846195,-0.01495365,0.1806844,-0.01360905,-0.9833333,-0.3549389,-0.03432672,0.9342591,0.08461807,0.0519166,-0.04158537,0.1135542,0.1960507,-0.01366312,-0.9739009,-0.384971,0.2158238,0.8973391,0.05095281,0.05049562,-0.1652228,0.01194672,0.003029301,0.01607811,0.9997948,0.006441519,-0.02379112,0.9996962
Fixation,12.9022,0.019042,0.0508517,-0.03846353,-0.01490998,0.1807417,-0.01355481,-0.9833242,-0.3550512,-0.03422253,0.9342203,0.08463691,0.05192149,-0.04157945,0.1135985,0.1960996,-0.01360253,-0.9738867,-0.385048,0.2159293,0.8972806,0.05097189,0.05050445,-0.1652206,0.01191376,0.002971274,0.01601676,0.9997963,0.006322977,-0.02372749,0.9996985
Fixation,12.9133,0.01905158,0.05086112,-0.03846205,-0.01486247,0.180758,-0.01355629,-0.9833219,-0.3550836,-0.03413001,0.9342113,0.08464661,0.05192959,-0.04157582,0.1130121,0.1964333,-0.0135971,-0.9738877,-0.3856813,0.2147804,0.8972844,0.0509817,0.05051279,-0.165218,0.01186679,0.002954858,0.01600948,0.999797,0.006288478,-0.02363416,0.9997009
Fixation,12.9250,0.01905403,0.05087173,-0.03845586,-0.01166666,0.1843071,-0.01347229,-0.9827071,-0.3619254,-0.0278959,0.9317896,0.08464919,0.05193424,-0.04156904,0.1130408,0.1964326,-0.01355569,-0.9738851,-0.3856702,0.2148519,0.8972721,0.05098418,0.0505203,-0.1652115,0.01184681,0.002949781,0.01596349,0.9997981,0.006276602,-0.02359465,0.9997019
Fixation,12.9363,0.01906796,0.05088377,-0.03844833,-0.0116562,0.1843142,-0.0134746,-0.9827059,-0.3619393,-0.02787635,0.9317848,0.08466318,0.05194616,-0.04156055,0.1172685,0.2012731,-0.01348867,-0.9723967,-0.3945982,0.2226332,0.8914745,0.05099822,0.05053222,-0.1652035,0.01183609,0.002942504,0.01596382,0.9997982,0.006261718,-0.02357346,0.9997025
Fixation,12.9468,0.01908967,0.05088806,-0.0384396,-0.01164931,0.184299,-0.01344478,-0.9827092,-0.3619114,-0.02785149,0.9317963,0.08468485,0.0519464,-0.0415539,0.1172759,0.2012541,-0.01346122,-0.9724001,-0.3945564,0.2226599,0.8914863,0.05101969,0.05053449,-0.1651958,0.01183492,0.002957971,0.01593319,0.9997987,0.006291887,-0.02357082,0.9997024
Fixation,12.9583,0.01912561,0.0508945,-0.03842505,-0.007875913,0.1907189,-0.01333289,-0.9815226,-0.3741799,-0.02054644,0.9271285,0.08472091,0.05195189,-0.04153695,0.1171913,0.2012704,-0.0134296,-0.9724074,-0.3945812,0.2225094,0.8915129,0.05105585,0.0505414,-0.1651802,0.01192437,0.002939507,0.01592174,0.9997978,0.006257539,-0.02375031,0.9996983
Fixation,12.9690,0.01915013,0.05088174,-0.03844383,-0.007809836,0.1906336,-0.01332993,-0.9815397,-0.3740208,-0.02041359,0.9271957,0.08474493,0.05193663,-0.04156717,0.1197843,0.2053692,-0.01337743,-0.9712344,-0.402128,0.2271827,0.8869504,0.0510792,0.05052674,-0.1652045,0.01186023,0.003026503,0.01590546,0.9997986,0.006429072,-0.02361942,0.9997004
Fixation,12.9804,0.01918222,0.05087948,-0.03843305,-0.007826547,0.190582,-0.01322037,-0.9815511,-0.3739251,-0.02040344,0.9272345,0.08477691,0.05192101,-0.04156338,0.1197695,0.2053049,-0.01327528,-0.9712512,-0.4019851,0.2272016,0.8870103,0.05111049,0.05051839,-0.1651971,0.01189791,0.003078539,0.01580086,0.9997996,0.006531838,-0.02369376,0.9996979
Fixation,12.9917,0.01921488,0.05086935,-0.03840994,-0.002455112,0.1980356,-0.01306483,-0.9801047,-0.388127,-0.009987134,0.9215518,0.08480936,0.0519042,-0.04154668,0.1197398,0.205251,-0.01322161,-0.971267,-0.4018734,0.2271711,0.8870689,0.05114244,0.0505054,-0.1651772,0.01193991,0.003126797,0.01574772,0.9997998,0.006628395,-0.02377656,0.9996953
Fixation,13.0020,0.01924109,0.05086207,-0.03840875,-0.002508366,0.1979926,-0.01306584,-0.9801132,-0.3880448,-0.01009084,0.9215853,0.08483527,0.05189884,-0.04155122,0.1221896,0.2081561,-0.01318539,-0.9703437,-0.4071881,0.2316426,0.8834815,0.05116805,0.05049956,-0.1651789,0.01199198,0.00317059,0.01575888,0.9997989,0.006717865,-0.0238792,0.9996923
Fixation,13.0131,0.01927155,0.05085409,-0.03840967,-0.002617736,0.197975,-0.0130268,-0.980117,-0.388009,-0.01028934,0.9215981,0.08486563,0.05188942,-0.04155447,0.1220815,0.2081365,-0.0131478,-0.970362,-0.4071457,0.2314535,0.8835506,0.05119823,0.05049217,-0.1651812,0.012107,0.0031882,0.0157424,0.9997977,0.006756296,-0.02410872,0.9996865
Fixation,13.0255,0.01929306,0.05084157,-0.03839625,1.477916E-05,0.2021836,-0.01294852,-0.9792621,-0.3959819,-0.005207012,0.9182435,0.08488698,0.05187535,-0.04154497,0.1220411,0.2081059,-0.01312945,-0.9703739,-0.4070857,0.2313864,0.8835958,0.05121933,0.05047941,-0.1651697,0.01215162,0.003217817,0.01572889,0.9997973,0.006816592,-0.02419708,0.999684
Fixation,13.0352,0.01931096,0.05083144,-0.03838845,-0.0001030862,0.2021823,-0.01297148,-0.979262,-0.3959762,-0.005447105,0.9182447,0.08490477,0.05187201,-0.0415373,0.1230241,0.2101695,-0.01312079,-0.969805,-0.4108753,0.2331037,0.8813877,0.05123721,0.05047357,-0.1651622,0.01226225,0.00321948,0.01577552,0.9997952,0.006824528,-0.0244179,0.9996786
Fixation,13.0465,0.01932659,0.05083728,-0.03838178,-0.0001696749,0.2021617,-0.01294,-0.9792667,-0.3959361,-0.00556426,0.9182612,0.0849203,0.05187607,-0.04153337,0.1229584,0.210147,-0.01309161,-0.9698187,-0.4108284,0.2329923,0.881439,0.05125254,0.05047941,-0.165157,0.01233395,0.003240116,0.01575806,0.9997945,0.006867619,-0.02456071,0.9996747
Fixation,13.0578,0.01933403,0.05082667,-0.03837899,0.0005945471,0.2041183,-0.01292468,-0.9788607,-0.3996222,-0.004112369,0.9166707,0.08492789,0.05186713,-0.04152701,0.1229532,0.210175,-0.01310045,-0.9698131,-0.4108824,0.2329765,0.881418,0.05126036,0.05046964,-0.1651525,0.0123363,0.003213081,0.01577157,0.9997944,0.006813965,-0.02456617,0.999675
Fixation,13.0688,0.01933821,0.05083668,-0.03838842,0.0005995538,0.2041008,-0.0129282,-0.9788643,-0.3995894,-0.004103549,0.916685,0.08493195,0.0518775,-0.0415388,0.1229582,0.2101579,-0.01310618,-0.9698161,-0.410852,0.2329849,0.8814299,0.0512643,0.05047977,-0.165163,0.01233073,0.003231067,0.0157737,0.9997944,0.006849806,-0.02455445,0.999675
Fixation,13.0799,0.01933612,0.05085468,-0.0383935,0.0005752007,0.2041731,-0.01293486,-0.9788492,-0.3997241,-0.004155829,0.916626,0.08493029,0.05189717,-0.04153418,0.124001,0.2115632,-0.01308377,-0.9693779,-0.4134142,0.2348715,0.8797296,0.0512632,0.05049872,-0.1651634,0.01235293,0.003157299,0.01578641,0.9997941,0.006703314,-0.02460109,0.9996749
Fixation,13.0914,0.01931402,0.05088782,-0.03846341,0.001381645,0.2060405,-0.01290367,-0.9784575,-0.4032394,-0.002613595,0.9150908,0.08490887,0.05192554,-0.04159147,0.1241252,0.2116528,-0.01306714,-0.9693427,-0.4135722,0.2351083,0.8795921,0.05124241,0.05052841,-0.165227,0.01223142,0.0030608,0.01575641,0.9997964,0.006505801,-0.02436141,0.9996821
Fixation,13.1023,0.01930197,0.05090225,-0.03848637,0.001610428,0.2061097,-0.01297433,-0.9784415,-0.4033744,-0.002196854,0.9150324,0.08489724,0.05194139,-0.04160525,0.1243517,0.211724,-0.01312987,-0.9692973,-0.4137125,0.2355077,0.8794191,0.05123137,0.05054092,-0.1652451,0.01199269,0.002990993,0.01577889,0.9997991,0.006359247,-0.02388618,0.9996945
Fixation,13.1133,0.01928908,0.05095387,-0.03849426,0.001649476,0.2061787,-0.01307657,-0.9784256,-0.4035042,-0.002164441,0.9149752,0.08488459,0.05200469,-0.04160392,0.1244543,0.2135909,-0.01319536,-0.9688736,-0.4171696,0.2355242,0.8777801,0.05121951,0.05059767,-0.1652484,0.0119329,0.002921932,0.01587185,0.9997985,0.006221481,-0.02376824,0.9996982
Fixation,13.1246,0.01927381,0.0509634,-0.0385071,0.002798193,0.2075308,-0.01305056,-0.9781374,-0.4060604,5.724793E-05,0.9138463,0.08486945,0.05200934,-0.04161568,0.1245686,0.2135952,-0.01318666,-0.9688581,-0.417172,0.2357455,0.8777195,0.05120435,0.05060363,-0.1652605,0.01182209,0.002913263,0.01583955,0.9998004,0.006199876,-0.02354716,0.9997035
Fixation,13.1352,0.0192906,0.0510006,-0.03849527,0.002846606,0.2076515,-0.01309023,-0.9781111,-0.4062869,0.0001321859,0.9137455,0.08488695,0.05204999,-0.0415877,0.1246164,0.2137182,-0.01321129,-0.9688244,-0.4174036,0.2358159,0.8775905,0.05122284,0.05064201,-0.1652407,0.01176596,0.002790527,0.01587028,0.9998009,0.005953401,-0.02343867,0.9997076
Fixation,13.1471,0.0192886,0.05100405,-0.03850766,0.002895946,0.2076802,-0.01305772,-0.9781054,-0.4063419,0.0002414207,0.9137211,0.08488522,0.05204785,-0.04159622,0.1247375,0.215058,-0.01315576,-0.9685131,-0.4198551,0.2359613,0.8763812,0.05122122,0.05064225,-0.1652511,0.01172446,0.002760567,0.01582864,0.9998022,0.005891207,-0.02335689,0.9997098
Fixation,13.1581,0.01929349,0.05096698,-0.0385197,0.003681344,0.2091192,-0.01301827,-0.9777966,-0.4090479,0.001754472,0.9125112,0.08489032,0.05201077,-0.0416038,0.1246623,0.2150903,-0.0131308,-0.968516,-0.4199107,0.2358262,0.8763909,0.05122654,0.05060601,-0.1652611,0.01180296,0.002726508,0.01582525,0.9998014,0.005825502,-0.02351494,0.9997065
Fixation,13.1690,0.019326,0.05091381,-0.03857102,0.003507424,0.2091096,-0.01300612,-0.9777995,-0.4090258,0.001419703,0.9125217,0.08492271,0.05196166,-0.04165636,0.1244898,0.2150839,-0.01311887,-0.9685397,-0.4199009,0.2355033,0.8764824,0.05125891,0.05055666,-0.1653134,0.01197554,0.0027362,0.01584999,0.999799,0.005850925,-0.02385952,0.9996982
Fixation,13.1802,0.01935589,0.05086577,-0.03857822,0.003293067,0.2091312,-0.01297919,-0.977796,-0.4090607,0.001011188,0.9125066,0.08495267,0.05191755,-0.04166059,0.1247382,0.2159792,-0.01307477,-0.968309,-0.4215311,0.2359225,0.8755867,0.05128907,0.05051267,-0.1653195,0.01219064,0.002713894,0.01586942,0.9997961,0.005813599,-0.02429017,0.999688
Fixation,13.1910,0.01937898,0.05086243,-0.03856891,0.003540879,0.2092782,-0.0128568,-0.9777653,-0.409341,0.001543003,0.9123802,0.08497538,0.05190194,-0.04166351,0.124648,0.2158764,-0.01296687,-0.968345,-0.4213183,0.2358061,0.8757205,0.05131081,0.05050468,-0.1653163,0.01230614,0.0028059,0.01577029,0.999796,0.005998798,-0.02451875,0.9996814
Fixation,13.2024,0.01937817,0.05089676,-0.03854427,0.003592306,0.2091763,-0.0127156,-0.9777887,-0.4091518,0.001705426,0.9124647,0.08497425,0.0519166,-0.04165249,0.1247002,0.2157574,-0.01283976,-0.9683666,-0.4210666,0.2359705,0.8757973,0.05130851,0.05052912,-0.1652983,0.01228623,0.002907781,0.01561951,0.9997983,0.006198199,-0.02447666,0.9996812
Fixation,13.2132,0.0193773,0.0509553,-0.0385098,0.003582757,0.209104,-0.01252314,-0.9778067,-0.4090164,0.001769211,0.9125254,0.08497329,0.05195093,-0.0416276,0.1244518,0.2161382,-0.01264994,-0.9683161,-0.4217289,0.235549,0.8755921,0.05130649,0.05057645,-0.1652686,0.01233666,0.002978562,0.0154321,0.9998004,0.006336696,-0.02457646,0.9996779
Fixation,13.2254,0.01938812,0.05099761,-0.03849828,0.004886746,0.2123664,-0.01240921,-0.9770991,-0.4151273,0.004279073,0.9097533,0.08498356,0.05198693,-0.04162982,0.1243917,0.2160303,-0.01259758,-0.9683486,-0.4215193,0.2354662,0.8757153,0.05131584,0.05061638,-0.1652639,0.01241053,0.003082599,0.01537944,0.9998,0.006545699,-0.02472128,0.9996729
Fixation,13.2358,0.019402,0.0510112,-0.03850149,0.004823526,0.2123705,-0.0125092,-0.9770973,-0.415134,0.004112936,0.909751,0.08499722,0.0520153,-0.04163253,0.1265919,0.2184101,-0.01266088,-0.9675285,-0.4258416,0.2394321,0.872543,0.05132984,0.05063772,-0.1652669,0.01245071,0.003080206,0.01549076,0.9997978,0.006544908,-0.02480096,0.999671
Fixation,13.2463,0.01940256,0.05099714,-0.03851653,0.004836128,0.2124075,-0.01258082,-0.9770883,-0.4152035,0.004106127,0.9097193,0.08499789,0.05200994,-0.04164266,0.1266039,0.218455,-0.0127274,-0.9675159,-0.42594,0.2394218,0.8724977,0.05133097,0.05062747,-0.1652795,0.01242282,0.003043609,0.01555872,0.9997972,0.006472549,-0.02474589,0.9996728
Fixation,13.2578,0.01935469,0.05098665,-0.0385355,0.006477475,0.214454,-0.01252233,-0.9766324,-0.4190477,0.007281297,0.9079351,0.08495013,0.05200112,-0.04165864,0.1264417,0.2184772,-0.01269248,-0.9675326,-0.4259773,0.2391269,0.8725604,0.05128337,0.05061972,-0.1652973,0.01258935,0.003020819,0.01556372,0.9997951,0.006432274,-0.0250795,0.9996648
Fixation,13.2692,0.01934162,0.05099905,-0.03856037,0.00640435,0.2144859,-0.01249331,-0.9766262,-0.4191052,0.007150033,0.9079095,0.08493729,0.05201232,-0.04167918,0.1286031,0.2211492,-0.01261873,-0.9666411,-0.4307895,0.2430449,0.8691086,0.05127072,0.05063224,-0.1653202,0.01266687,0.002987653,0.01555198,0.9997944,0.006368067,-0.02523561,0.9996613
Fixation,13.2845,0.01935081,0.05102921,-0.03857908,0.006441567,0.2144818,-0.01246355,-0.9766272,-0.4190982,0.007235609,0.9079121,0.08494653,0.05203748,-0.04169843,0.1286403,0.2211406,-0.01258999,-0.9666386,-0.4307652,0.243129,0.8690971,0.05127984,0.05065966,-0.1653391,0.01263704,0.002991243,0.01551477,0.9997953,0.006373383,-0.02517608,0.9996627
Fixation,13.2990,0.01936273,0.05109704,-0.03863445,0.008353939,0.2173364,-0.01232803,-0.9759831,-0.4244394,0.01094795,0.9053901,0.08495863,0.05208385,-0.04175674,0.1289122,0.2210998,-0.0125006,-0.9666128,-0.4306588,0.2436885,0.868993,0.05128783,0.05068922,-0.1653736,0.01252242,0.002982165,0.01547228,0.9997974,0.006350622,-0.02494748,0.9996686
Fixation,13.3056,0.01936273,0.05109704,-0.03863445,0.008353939,0.2173364,-0.01232803,-0.9759831,-0.4244394,0.01094795,0.9053901,0.08495863,0.05208385,-0.04175674,0.1289122,0.2210998,-0.0125006,-0.9666128,-0.4306588,0.2436885,0.868993,0.05129139,0.05071449,-0.1653955,0.01239097,0.003011945,0.01536238,0.9998007,0.0064034,-0.02468446,0.9996748
Fixation,13.3133,0.01935937,0.05110133,-0.03864782,0.008364039,0.2173505,-0.01229945,-0.9759803,-0.4244653,0.01097969,0.9053776,0.08495542,0.05208421,-0.04176819,0.1298413,0.2223881,-0.01245108,-0.9661934,-0.4329732,0.2453656,0.8673695,0.05128821,0.05071664,-0.1654079,0.01238734,0.002996964,0.01533262,0.9998012,0.006372597,-0.02467786,0.9996752
Fixation,13.3246,0.01935698,0.05108202,-0.03867097,0.008415353,0.2173773,-0.01238521,-0.9759728,-0.4245171,0.01104178,0.9053526,0.08495307,0.05207396,-0.04178785,0.1298915,0.2224235,-0.01253311,-0.9661775,-0.4330571,0.2454212,0.8673119,0.05128625,0.05070114,-0.1654292,0.01231825,0.0029712,0.01540561,0.999801,0.006320758,-0.02454006,0.9996789
Fixation,13.3359,0.01931235,0.05102026,-0.03868944,0.008320324,0.2188829,-0.01249921,-0.9756356,-0.4273078,0.01076348,0.9040421,0.08490836,0.05203211,-0.0418016,0.1298213,0.2224777,-0.01266448,-0.9661728,-0.433192,0.2452246,0.8673002,0.05124221,0.05064952,-0.1654455,0.01235594,0.002937046,0.01555576,0.9997984,0.00625732,-0.02461553,0.9996774
Fixation,13.3466,0.01930103,0.05098808,-0.03871611,0.008280084,0.2188907,-0.01254369,-0.9756337,-0.4273219,0.01066526,0.9040366,0.08489697,0.05200696,-0.04182727,0.1307861,0.2242117,-0.01268081,-0.9656414,-0.4363332,0.2468987,0.8652481,0.05123102,0.05062103,-0.1654717,0.01238528,0.002930092,0.01560822,0.9997972,0.006245621,-0.02467406,0.999676
Fixation,13.3579,0.01929446,0.0509721,-0.03873759,0.008764112,0.2204359,-0.01255458,-0.9752814,-0.430194,0.01155999,0.9026625,0.08489062,0.05199492,-0.04184302,0.1308001,0.2242578,-0.0127087,-0.9656284,-0.436424,0.2469086,0.8651995,0.05122507,0.05060673,-0.1654904,0.01236363,0.002886874,0.01563869,0.9997971,0.006159279,-0.02463195,0.9996776
Fixation,13.3693,0.01927597,0.0509603,-0.03875285,0.008789663,0.2204897,-0.0125244,-0.9752693,-0.4302938,0.01162158,0.9026141,0.08487254,0.05197847,-0.04185102,0.1308257,0.2243069,-0.01267212,-0.9656141,-0.4365035,0.2469693,0.8651421,0.05120731,0.05059254,-0.1655021,0.01234517,0.002831019,0.01560489,0.999798,0.006046183,-0.024597,0.9996791
Fixation,13.3801,0.01926411,0.05096459,-0.03876125,0.008852205,0.2205289,-0.01252588,-0.9752599,-0.4303677,0.01174176,0.9025773,0.08486096,0.05198073,-0.04185414,0.1314594,0.2259084,-0.01264442,-0.9651548,-0.4393976,0.2480443,0.8633677,0.05119599,0.05059516,-0.1655078,0.01228366,0.00279072,0.01559334,0.9997991,0.005963405,-0.02447535,0.9996827
Fixation,13.3914,0.01925826,0.05097699,-0.03877172,0.01008768,0.2221104,-0.01246286,-0.9748898,-0.4333177,0.01413248,0.9011304,0.08485529,0.05198789,-0.04186264,0.1314617,0.2259175,-0.0126015,-0.965153,-0.4394031,0.2480676,0.8633582,0.05119031,0.05060506,-0.1655173,0.0122908,0.0027752,0.01555282,0.9997997,0.005931601,-0.02449035,0.9996825
Fixation,13.4021,0.01925024,0.05098891,-0.03878927,0.01014847,0.2221618,-0.01244563,-0.9748776,-0.4334136,0.01425715,0.9010823,0.08484766,0.05199552,-0.04187326,0.1315221,0.2259648,-0.01257825,-0.965134,-0.4394812,0.2481884,0.8632837,0.051183,0.05061436,-0.1655314,0.01223513,0.002721975,0.0155237,0.9998009,0.005822735,-0.02438089,0.9996858
Fixation,13.4130,0.01921074,0.05100834,-0.03873076,0.01008813,0.2222198,-0.01246027,-0.9748648,-0.43352,0.01413128,0.9010332,0.08480847,0.05201912,-0.04180695,0.1319144,0.22701,-0.01256985,-0.9648353,-0.4413707,0.2488443,0.8621302,0.05114431,0.05063641,-0.1654692,0.01229031,0.00266293,0.01555299,0.9998,0.005707097,-0.02449286,0.9996837
Fixation,13.4251,0.01920037,0.05102634,-0.03874244,0.0111435,0.2230819,-0.01242711,-0.9746568,-0.4351335,0.01617764,0.9002206,0.08479843,0.05203533,-0.04181221,0.1318863,0.227055,-0.01254106,-0.9648289,-0.4414465,0.2488003,0.8621041,0.05113458,0.05065393,-0.1654778,0.01232294,0.00261381,0.01553832,0.9997999,0.00560953,-0.02455973,0.9996826
Fixation,13.4353,0.01920019,0.05103528,-0.03875272,0.01112608,0.2231024,-0.01242802,-0.9746523,-0.4351711,0.01614267,0.900203,0.08479837,0.05204499,-0.04181973,0.131869,0.227076,-0.01253935,-0.9648263,-0.441485,0.2487666,0.8620941,0.05113468,0.05066335,-0.1654868,0.01233959,0.002592798,0.01554368,0.9997997,0.005568162,-0.02459363,0.999682
Fixation,13.4462,0.0192004,0.05104196,-0.03876226,0.0110227,0.223137,-0.01242218,-0.9746456,-0.4352329,0.01594275,0.9001767,0.08479874,0.05205452,-0.0418246,0.1320236,0.2277754,-0.01251824,-0.9646406,-0.4427483,0.2490079,0.8613762,0.05113536,0.05067253,-0.1654942,0.01244141,0.002557434,0.01556219,0.9997982,0.005501068,-0.02479821,0.9996774
Fixation,13.4581,0.01919967,0.05104542,-0.03876858,0.01121793,0.2244586,-0.01249779,-0.9743389,-0.4376779,0.01624966,0.898985,0.08479805,0.05207264,-0.0418251,0.1319558,0.2278325,-0.0126072,-0.9646353,-0.4428777,0.2488337,0.8613601,0.05113529,0.0506835,-0.1654978,0.01248559,0.002514426,0.01567168,0.9997961,0.005419168,-0.02488727,0.9996756
Fixation,13.4690,0.01920909,0.05104887,-0.03877285,0.01123453,0.2245001,-0.01242655,-0.9743301,-0.4377537,0.01631275,0.8989469,0.0848079,0.05206656,-0.04182367,0.1319726,0.2278648,-0.01253141,-0.9646263,-0.4429164,0.2488975,0.8613217,0.05114526,0.05068243,-0.1654993,0.01248532,0.002470048,0.01559968,0.9997973,0.005328629,-0.02488852,0.999676
Fixation,13.4799,0.01922693,0.05105329,-0.03877334,0.01127919,0.2245283,-0.01237079,-0.9743238,-0.4378056,0.01642398,0.8989196,0.08482605,0.05206239,-0.04182028,0.1326914,0.228389,-0.01246484,-0.9644046,-0.4438267,0.2502427,0.860463,0.05116345,0.05068231,-0.1654978,0.0124543,0.002439726,0.01553603,0.9997988,0.005265451,-0.02482778,0.9996779
Fixation,13.4908,0.01922538,0.05103433,-0.03877502,0.01133469,0.2244653,-0.01229825,-0.9743386,-0.4376892,0.01656659,0.8989737,0.08482428,0.05203211,-0.04183033,0.1327468,0.2283164,-0.01240094,-0.964415,-0.4436759,0.2503834,0.8604998,0.05116098,0.05065739,-0.1655035,0.0124171,0.002502447,0.01545113,0.9998004,0.005387612,-0.02475192,0.9996791
Fixation,13.5026,0.01923585,0.05103564,-0.03877509,0.01194313,0.2253472,-0.01224175,-0.9741284,-0.4393266,0.01775099,0.8981521,0.0848343,0.05202854,-0.04184149,0.132729,0.2282296,-0.01236898,-0.9644383,-0.4435103,0.250372,0.8605884,0.05117028,0.05065656,-0.165509,0.01244501,0.002586517,0.01541158,0.9998004,0.005555597,-0.02480533,0.9996769
Fixation,13.5133,0.01925712,0.0510298,-0.0387731,0.01197091,0.2253679,-0.01212827,-0.9741247,-0.4393633,0.01785566,0.898132,0.08485594,0.05200744,-0.04183652,0.1334223,0.2284426,-0.01225086,-0.9642937,-0.4438406,0.2517193,0.8600249,0.05119177,0.05064332,-0.1655056,0.01244369,0.002562323,0.01529538,0.9998023,0.005504295,-0.02480407,0.9996772
Fixation,13.5246,0.01925011,0.05099785,-0.03878137,0.01251372,0.2255164,-0.01218673,-0.9740828,-0.4396483,0.01888219,0.8979715,0.08484839,0.05198777,-0.04185253,0.1332885,0.2283971,-0.01231714,-0.9643221,-0.4437803,0.2514396,0.8601379,0.05118401,0.05061865,-0.1655178,0.0125615,0.002622396,0.01538298,0.9997994,0.005630205,-0.02503727,0.9996707
Fixation,13.5355,0.01923823,0.05097473,-0.03878946,0.01243354,0.2255652,-0.01224389,-0.9740718,-0.4397378,0.01869872,0.8979315,0.08483666,0.05197489,-0.04185416,0.1332087,0.2284545,-0.01236756,-0.964319,-0.4439009,0.2512606,0.860128,0.05117284,0.05060112,-0.1655229,0.01262622,0.002574045,0.01545825,0.9997975,0.005537405,-0.02516775,0.9996679
Fixation,13.5466,0.01923444,0.05095899,-0.03880636,0.01237923,0.2256048,-0.01237185,-0.9740617,-0.4398122,0.01853396,0.8978985,0.08483283,0.05197728,-0.04186594,0.1330218,0.2290952,-0.01247983,-0.9641913,-0.4451034,0.2507987,0.8596412,0.05116967,0.05059445,-0.1655373,0.01264967,0.002536836,0.01559628,0.9997951,0.005467208,-0.02521502,0.9996671
Fixation,13.5578,0.01924027,0.05096984,-0.03880857,0.01231868,0.2256506,-0.01234808,-0.9740522,-0.4398951,0.01842537,0.8978602,0.08483896,0.05198729,-0.04186194,0.1329619,0.2291395,-0.01245033,-0.9641894,-0.4451786,0.2506952,0.8596324,0.05117612,0.05060554,-0.1655366,0.01271374,0.002489417,0.01558821,0.9997945,0.005374179,-0.02534464,0.9996643
Fixation,13.5684,0.01921238,0.05098844,-0.03878065,0.0126314,0.2256744,-0.01235692,-0.9740425,-0.4399452,0.01902977,0.897823,0.084811,0.05200338,-0.04183634,0.1330645,0.2291207,-0.0124618,-0.9641796,-0.4451435,0.2508856,0.8595951,0.051148,0.05062199,-0.1655097,0.01261098,0.002506904,0.01557294,0.9997961,0.005405565,-0.02513874,0.9996694
Fixation,13.5808,0.01921165,0.05101514,-0.03877663,0.01263661,0.2256842,-0.01231878,-0.9740407,-0.4399624,0.01905685,0.897814,0.08481041,0.0520252,-0.04183095,0.1333868,0.2289101,-0.01242639,-0.9641855,-0.4447387,0.2515302,0.8596162,0.05114737,0.05064631,-0.165505,0.01261454,0.002495906,0.01553491,0.9997966,0.005382729,-0.02514641,0.9996693
Fixation,13.5914,0.01921277,0.05102992,-0.03878303,0.01266234,0.2256885,-0.01229503,-0.9740396,-0.4399705,0.01911755,0.8978087,0.08481161,0.05203593,-0.04183671,0.1334125,0.228911,-0.01240238,-0.9641821,-0.4447331,0.2515897,0.8596017,0.05114854,0.05065894,-0.165511,0.01259487,0.002490729,0.01550607,0.9997973,0.005371042,-0.0251074,0.9996703
Fixation,13.6019,0.01922334,0.05103302,-0.0387862,0.01267498,0.2257279,-0.01227605,-0.9740306,-0.4400429,0.01914955,0.8977726,0.0848223,0.05203593,-0.04183839,0.1334359,0.2289189,-0.01238276,-0.9641772,-0.4447414,0.2516425,0.8595819,0.05115925,0.05066037,-0.1655135,0.01257604,0.002479095,0.015483,0.999798,0.005346617,-0.02507023,0.9996714
Fixation,13.6132,0.01922765,0.05101919,-0.038793,0.01273111,0.2257075,-0.01226726,-0.9740347,-0.4400063,0.01926347,0.897788,0.08482654,0.052019,-0.04184791,0.1340011,0.2289815,-0.01237555,-0.964084,-0.4448315,0.2527091,0.8592224,0.05116329,0.0506444,-0.1655215,0.01252353,0.002499524,0.01546107,0.999799,0.005385298,-0.02496473,0.9996738
Fixation,13.6247,0.01923905,0.05104196,-0.03879672,0.01263987,0.2256824,-0.01223453,-0.9740421,-0.4399576,0.0191013,0.8978153,0.08483779,0.05204082,-0.04185496,0.1339108,0.2289553,-0.01234588,-0.9641032,-0.4447795,0.2525544,0.8592948,0.05117432,0.05066776,-0.165527,0.01261999,0.002524747,0.01544929,0.9997978,0.005438412,-0.02515687,0.9996687
Fixation,13.6362,0.01925112,0.0510484,-0.03880287,0.01282883,0.226177,-0.01224272,-0.9739248,-0.4408729,0.01945058,0.8973588,0.08484954,0.05204833,-0.04186771,0.1339378,0.228908,-0.01236854,-0.9641104,-0.4446985,0.2525991,0.8593236,0.05118572,0.05067432,-0.1655363,0.01258997,0.002575201,0.01545784,0.9997979,0.005538588,-0.02509524,0.9996697
Fixation,13.6463,0.01922261,0.05107033,-0.03872768,0.01284917,0.2261178,-0.01221086,-0.9739387,-0.4407636,0.01950642,0.8974112,0.08482073,0.05206525,-0.04180044,0.1340387,0.2289087,-0.01234336,-0.9640965,-0.4446891,0.2528014,0.8592689,0.05115637,0.05069363,-0.1654649,0.01257784,0.002635053,0.0154205,0.9997985,0.005656958,-0.02506934,0.9996697
Fixation,13.6575,0.01922762,0.0510819,-0.03871431,0.0128118,0.2260884,-0.01219724,-0.9739462,-0.4407084,0.0194407,0.8974398,0.08482556,0.05207646,-0.04179101,0.1340017,0.228879,-0.01233339,-0.9641089,-0.4446339,0.2527388,0.8593159,0.05116096,0.05070555,-0.1654536,0.01261753,0.002664977,0.01541493,0.999798,0.005717874,-0.02514781,0.9996674
Fixation,13.6723,0.01923827,0.05108702,-0.03871007,0.01339796,0.2262081,-0.01223773,-0.97391,-0.4409406,0.02056026,0.8973008,0.08483578,0.05208611,-0.04179452,0.134017,0.2288269,-0.01238212,-0.9641185,-0.4445514,0.2527497,0.8593554,0.05117085,0.05071259,-0.165453,0.01259312,0.00272453,0.01545052,0.9997976,0.005837097,-0.02509696,0.999668
Fixation,13.6835,0.01924697,0.05109477,-0.03870739,0.01338654,0.2261629,-0.01222019,-0.9739209,-0.4408568,0.02054736,0.8973423,0.08484423,0.05209196,-0.04179789,0.1340314,0.228853,-0.01236912,-0.9641105,-0.4445948,0.2527808,0.8593238,0.05117891,0.05071962,-0.1654533,0.01260855,0.002770452,0.01543474,0.9997975,0.005929002,-0.02512648,0.9996667
Fixation,13.6947,0.01924521,0.05109024,-0.03872145,0.01339303,0.2263977,-0.01222835,-0.9738661,-0.4412897,0.0205491,0.8971294,0.08484221,0.05208778,-0.04181732,0.134063,0.2288142,-0.01238671,-0.964115,-0.4445277,0.2528358,0.8593423,0.05117661,0.05071485,-0.16547,0.01257483,0.002811392,0.01543861,0.9997978,0.006009922,-0.02505777,0.9996679
Fixation,13.7060,0.0192408,0.05109155,-0.03872273,0.01342672,0.2263525,-0.01219016,-0.9738767,-0.4412062,0.02063339,0.8971685,0.0848376,0.05208302,-0.04182461,0.1340966,0.228764,-0.01235451,-0.9641227,-0.4444265,0.2529186,0.8593703,0.05117154,0.05071294,-0.1654741,0.01255109,0.00285668,0.01539243,0.9997987,0.006098593,-0.02500919,0.9996686
Fixation,13.7168,0.01923531,0.05109918,-0.03872176,0.01342449,0.2263298,-0.01219566,-0.9738818,-0.4411644,0.02062725,0.8971892,0.08483197,0.05209136,-0.04182671,0.1341563,0.2287494,-0.01236271,-0.9641178,-0.4443998,0.253029,0.8593516,0.05116575,0.05072093,-0.1654747,0.01255216,0.002880153,0.01539762,0.9997985,0.006145693,-0.02501057,0.9996683
Fixation,13.7277,0.0192192,0.05106497,-0.03872573,0.01404953,0.2265905,-0.01219564,-0.9738124,-0.4416559,0.02183637,0.8969187,0.08481607,0.05205715,-0.04182601,0.1341653,0.2287838,-0.01236042,-0.9641083,-0.4444614,0.2530441,0.8593153,0.05115012,0.0506866,-0.1654763,0.01254256,0.002844597,0.01539849,0.9997987,0.006074321,-0.02499247,0.9996692
Fixation,13.7388,0.01920466,0.05104387,-0.03873053,0.01411873,0.2265946,-0.01224119,-0.9738099,-0.4416657,0.02195035,0.8969111,0.0848015,0.05203938,-0.04183035,0.1344943,0.2289297,-0.01240323,-0.9640273,-0.4447252,0.2536335,0.859005,0.05113567,0.05066633,-0.1654808,0.01246472,0.00284137,0.01542709,0.9997993,0.006066188,-0.02483677,0.9996731
Fixation,13.7499,0.01918764,0.05104816,-0.03874485,0.01402847,0.2266252,-0.01223941,-0.9738041,-0.4417206,0.02177445,0.8968884,0.08478463,0.05204678,-0.04184054,0.1344049,0.2289623,-0.01239743,-0.9640321,-0.4447866,0.2534642,0.8590232,0.05111907,0.05067313,-0.1654932,0.01255278,0.002810165,0.01544693,0.9997979,0.006006998,-0.02501367,0.9996691
Fixation,13.7612,0.01916324,0.05102909,-0.03873891,0.01410189,0.2264985,-0.0122656,-0.9738322,-0.441489,0.02190946,0.8969991,0.0847602,0.05203021,-0.04183429,0.1344177,0.2289674,-0.01242091,-0.9640288,-0.4448015,0.2534771,0.8590117,0.05109472,0.05065501,-0.1654871,0.01253459,0.002808074,0.01546734,0.9997979,0.006002766,-0.02497724,0.99967
Fixation,13.7723,0.01913802,0.05102348,-0.03873428,0.01408762,0.2265319,-0.01228906,-0.9738243,-0.4415509,0.02187,0.8969696,0.08473514,0.05202818,-0.04182521,0.1344035,0.2290037,-0.01244002,-0.9640219,-0.4448731,0.2534382,0.858986,0.05106998,0.05065119,-0.1654803,0.01254286,0.002774426,0.01549442,0.9997975,0.005936417,-0.02499466,0.99967
Fixation,13.7835,0.01911618,0.0510335,-0.03875053,0.01414798,0.2265414,-0.01230328,-0.9738211,-0.4415697,0.02198079,0.8969576,0.08471337,0.05203784,-0.0418402,0.1344387,0.2290526,-0.01245246,-0.9640052,-0.4449639,0.2534947,0.8589223,0.05104828,0.05066049,-0.1654959,0.01248079,0.002764902,0.01549472,0.9997982,0.005915461,-0.02487085,0.9996732
Fixation,13.7947,0.01908931,0.05104792,-0.03876954,0.01463646,0.2265145,-0.01235044,-0.9738196,-0.44153,0.02291143,0.8969539,0.08468674,0.05205584,-0.04185292,0.1344994,0.2291031,-0.01249136,-0.9639843,-0.4450637,0.2535871,0.8588434,0.05102209,0.05067587,-0.1655117,0.0124103,0.002717398,0.01552577,0.9997988,0.005819062,-0.02473122,0.9996772
Fixation,13.8057,0.01908619,0.05103755,-0.03877824,0.01465748,0.2265454,-0.01234904,-0.973812,-0.4415874,0.02295203,0.8969246,0.08468383,0.05204463,-0.04185745,0.1345203,0.2291331,-0.01248622,-0.9639744,-0.4451161,0.2536262,0.8588046,0.0510194,0.0506649,-0.1655183,0.01238993,0.0026855,0.01552053,0.9997992,0.005754518,-0.02469153,0.9996786
Fixation,13.8167,0.0190617,0.05103981,-0.03879636,0.01462988,0.2265719,-0.0123841,-0.9738058,-0.4416364,0.02288155,0.8969023,0.08465941,0.05205226,-0.04187208,0.1345655,0.2293471,-0.01251476,-0.9639167,-0.4455111,0.2536794,0.858584,0.05099529,0.05067003,-0.1655348,0.01240858,0.002659434,0.01556176,0.9997984,0.005703995,-0.02472939,0.9996779
Fixation,13.8279,0.01904017,0.05104423,-0.03882222,0.01488171,0.2265748,-0.01240405,-0.9738011,-0.4416468,0.02336276,0.8968848,0.08463804,0.05205977,-0.04189357,0.1345489,0.2293822,-0.01252936,-0.9639105,-0.4455796,0.2536381,0.8585608,0.05097423,0.05067599,-0.1655585,0.01242028,0.002626405,0.01558489,0.9997979,0.005638887,-0.02475367,0.9996777
Fixation,13.8396,0.01900633,0.0510534,-0.03884701,0.01491608,0.2265929,-0.01240146,-0.9737964,-0.4416807,0.02343029,0.8968663,0.08460434,0.05206752,-0.04191591,0.1345829,0.229399,-0.01252466,-0.9639018,-0.4456074,0.2537032,0.8585271,0.05094064,0.05068409,-0.1655821,0.01238728,0.002607617,0.01557506,0.9997986,0.005600048,-0.02468835,0.9996795
Fixation,13.8502,0.0190132,0.05103886,-0.0388644,0.01501127,0.2266108,-0.01246301,-0.97379,-0.4417169,0.02358714,0.8968444,0.08461125,0.05205739,-0.041931,0.1347339,0.2295985,-0.01258102,-0.9638325,-0.4459793,0.2539447,0.8582625,0.0509478,0.05067062,-0.1655982,0.01228039,0.002590586,0.01561372,0.9997993,0.005563617,-0.02447495,0.999685
Fixation,13.8614,0.01899566,0.05105937,-0.03889377,0.01501758,0.2266326,-0.01254229,-0.9737838,-0.441759,0.02356278,0.8968242,0.08459368,0.05208778,-0.04195761,0.1347398,0.2296292,-0.01265704,-0.9638234,-0.4460548,0.2539178,0.8582312,0.0509306,0.05069578,-0.1656261,0.01225592,0.002570402,0.01569009,0.9997985,0.005524361,-0.02442625,0.9996864
Fixation,13.8724,0.01896335,0.05107689,-0.03892906,0.01525958,0.2264154,-0.01252812,-0.9738307,-0.4413629,0.02404737,0.8970064,0.08456139,0.05210221,-0.04199352,0.1347618,0.2296216,-0.01263981,-0.9638224,-0.4460356,0.253968,0.8582264,0.05089821,0.05071151,-0.1656617,0.01223863,0.002574926,0.01566732,0.9997991,0.00553231,-0.02439166,0.9996872
Fixation,13.8833,0.01897579,0.05107844,-0.03887456,0.01533462,0.226429,-0.0125837,-0.9738257,-0.4413906,0.02416788,0.8969895,0.08457385,0.05210817,-0.04193731,0.1347535,0.2296759,-0.01269295,-0.9638098,-0.4461486,0.2539231,0.8581809,0.05091088,0.05071437,-0.1656062,0.01215275,0.002562287,0.01570468,0.9997995,0.005505258,-0.02422014,0.9996915
Fixation,13.8948,0.01896821,0.05108476,-0.03887129,0.01538015,0.226388,-0.0125532,-0.9738349,-0.4413152,0.02427167,0.8970239,0.0845661,0.05210876,-0.04193949,0.1347988,0.2296304,-0.01266788,-0.9638147,-0.4460575,0.2540243,0.8581983,0.05090271,0.05071747,-0.1656055,0.0121157,0.002603378,0.01566334,0.9998005,0.005585262,-0.02414501,0.9996929
Fixation,13.9058,0.01896524,0.05110359,-0.03888477,0.01578451,0.2262033,-0.01260319,-0.9738707,-0.4409834,0.02504238,0.8971658,0.08456297,0.05213356,-0.04195438,0.1347979,0.2296261,-0.01271501,-0.9638152,-0.4460621,0.2540011,0.8582028,0.05089964,0.05073917,-0.1656197,0.01210584,0.002614705,0.01570822,0.9997999,0.005608686,-0.02412469,0.9996932
Fixation,13.9167,0.01896392,0.05111265,-0.03889119,0.01582975,0.2261595,-0.01254982,-0.9738808,-0.4409022,0.02515606,0.8972026,0.08456151,0.05213404,-0.04196658,0.1347802,0.2295915,-0.01266728,-0.9638265,-0.4459874,0.2539929,0.8582441,0.05089768,0.05074358,-0.1656289,0.01207431,0.00265795,0.0156446,0.9998012,0.005692639,-0.02406065,0.9996943
Fixation,13.9280,0.01895814,0.0511061,-0.03888047,0.01585896,0.2260973,-0.01249471,-0.9738955,-0.4407865,0.0252399,0.897257,0.08455548,0.05211937,-0.04196412,0.1348095,0.2295226,-0.0126203,-0.9638395,-0.4458485,0.2540761,0.8582916,0.05089101,0.05073297,-0.1656221,0.01205892,0.00272015,0.01558236,0.9998022,0.005815037,-0.0240283,0.9996943
Fixation,13.9388,0.01895097,0.05112278,-0.03889,0.01615786,0.225779,-0.0124114,-0.9739655,-0.4402029,0.02586992,0.8975255,0.08454819,0.05212629,-0.04197936,0.1347717,0.22947,-0.0125377,-0.9638584,-0.4457326,0.2540477,0.8583602,0.05088318,0.05074549,-0.1656345,0.01211702,0.002762674,0.01550371,0.9998026,0.005899976,-0.0241436,0.9996911
Fixation,13.9498,0.018952,0.05111742,-0.0388834,0.01620101,0.2257589,-0.01234892,-0.9739702,-0.440165,0.02598284,0.8975409,0.08454923,0.05211127,-0.04197532,0.1348977,0.2293376,-0.01247999,-0.963873,-0.4454718,0.2543242,0.8584138,0.0508839,0.05073512,-0.1656291,0.01208943,0.002781352,0.01543244,0.999804,0.005934751,-0.02408828,0.9996922
Fixation,13.9616,0.0189467,0.05112875,-0.03888623,0.01652323,0.2255556,-0.01229603,-0.9740126,-0.4397943,0.02664079,0.8977033,0.08454359,0.05211413,-0.04198847,0.1349358,0.2292531,-0.01243444,-0.9638883,-0.4453045,0.2544248,0.8584707,0.0508775,0.05074203,-0.165637,0.01206552,0.002859261,0.01536719,0.999805,0.006088233,-0.02403845,0.9996925
Fixation,13.9725,0.0189671,0.05112541,-0.03885564,0.01650278,0.2255735,-0.01228785,-0.9740089,-0.4398267,0.02660408,0.8976885,0.0845641,0.05211043,-0.04195546,0.1349156,0.2292705,-0.01242405,-0.9638872,-0.4453343,0.2543899,0.8584656,0.05089813,0.05073869,-0.1656052,0.01208717,0.002840716,0.01536445,0.9998049,0.006051749,-0.02408233,0.9996917
Fixation,13.9833,0.01896294,0.05114877,-0.03885105,0.01646838,0.2255637,-0.01229679,-0.9740116,-0.4398084,0.02653336,0.8976996,0.08455984,0.05213606,-0.0419522,0.1348259,0.2291575,-0.01243559,-0.9639264,-0.4451353,0.2542252,0.8586175,0.05089385,0.05076361,-0.1656013,0.01211869,0.0028511,0.01538068,0.9998042,0.00607387,-0.02414494,0.99969
Fixation,13.9947,0.01895522,0.05117011,-0.03884754,0.01688192,0.2256433,-0.01217501,-0.9739876,-0.4399587,0.02739114,0.8976002,0.08455183,0.05214238,-0.04195977,0.1348177,0.2290603,-0.01232637,-0.9639521,-0.44493,0.2542687,0.8587111,0.05088489,0.05077803,-0.1656033,0.01215553,0.002934081,0.01526295,0.9998053,0.006238077,-0.02421677,0.9996873
Fixation,14.0055,0.01895541,0.0511564,-0.03876747,0.01681671,0.2256253,-0.01199893,-0.9739951,-0.4399195,0.02734426,0.8976208,0.0845522,0.05210865,-0.04188173,0.1347541,0.229024,-0.01215352,-0.9639719,-0.4448209,0.2542314,0.8587787,0.05088471,0.05075562,-0.1655244,0.01225939,0.002947618,0.01510589,0.9998064,0.006264473,-0.02442498,0.999682
Fixation,14.0169,0.01895904,0.05118215,-0.03875293,0.01676922,0.2255888,-0.01177501,-0.9740071,-0.4398452,0.02735406,0.897657,0.08455601,0.05210781,-0.04187161,0.1346014,0.2290023,-0.01193477,-0.9640011,-0.4447297,0.2540455,0.8588809,0.05088771,0.05076945,-0.1655121,0.01235706,0.002978661,0.01489764,0.9998083,0.006324361,-0.02462063,0.9996769
Fixation,14.0277,0.01896458,0.05122733,-0.03874593,0.01717782,0.2254637,-0.01160795,-0.974031,-0.4396161,0.02822911,0.897742,0.08456154,0.05212688,-0.0418724,0.1347286,0.2289189,-0.01177503,-0.9640051,-0.4445309,0.254367,0.8588886,0.0508923,0.05080104,-0.1655088,0.01227199,0.003035719,0.01470231,0.999812,0.00643115,-0.02445011,0.9996803
Fixation,14.0389,0.01895442,0.05130398,-0.03868853,0.01720326,0.2254545,-0.01136789,-0.9740355,-0.4395926,0.02838729,0.8977486,0.08455177,0.0521723,-0.04181568,0.1347551,0.2288816,-0.01153792,-0.964013,-0.4443993,0.2545298,0.8589085,0.05088186,0.05086279,-0.1654518,0.01230212,0.003037912,0.01446261,0.9998151,0.006430542,-0.02451181,0.9996789
Fixation,14.0504,0.01894722,0.05139661,-0.03865712,0.01737394,0.2254246,-0.01114151,-0.974042,-0.4395332,0.02882276,0.8977638,0.08454487,0.05223012,-0.04178772,0.1349047,0.2287183,-0.01131903,-0.9640335,-0.4440382,0.2549276,0.8589773,0.05087409,0.05093718,-0.1654218,0.01218784,0.003061177,0.01420242,0.9998202,0.006467446,-0.02428435,0.9996842
Fixation,14.0610,0.01895393,0.05148554,-0.03865854,0.01785097,0.2254161,-0.01089763,-0.9740381,-0.4395168,0.02986205,0.8977379,0.08455232,0.05228281,-0.04178296,0.1350549,0.228727,-0.01107085,-0.9640133,-0.4439822,0.255325,0.8588882,0.05088119,0.05100763,-0.1654201,0.01209736,0.003010936,0.01393058,0.9998252,0.006357867,-0.02410661,0.9996892
Fixation,14.0722,0.0189551,0.05158639,-0.03867759,0.01809429,0.2254747,-0.01071821,-0.974022,-0.4396226,0.0304151,0.8976675,0.08455426,0.05235243,-0.04179358,0.135297,0.2287582,-0.01088656,-0.963974,-0.4439798,0.2558648,0.8587288,0.05088305,0.05109119,-0.1654347,0.01190095,0.002944323,0.01370244,0.999831,0.006213795,-0.0237172,0.9996994
Fixation,14.0832,0.01898877,0.05162358,-0.03871176,0.0179445,0.2256362,-0.01055932,-0.9739891,-0.4399133,0.03019036,0.8975326,0.08458914,0.05237532,-0.04180571,0.1350155,0.2287398,-0.01071121,-0.9640199,-0.4439118,0.2554151,0.8588979,0.05091883,0.05112338,-0.1654585,0.01208185,0.002774552,0.01358727,0.9998309,0.005876484,-0.02408423,0.9996927
Fixation,14.0944,0.0189999,0.0516504,-0.03875647,0.01809013,0.2256008,-0.0103815,-0.9739966,-0.4398445,0.0305553,0.897554,0.08460128,0.05237877,-0.04183456,0.1350394,0.2288321,-0.01051842,-0.9639967,-0.4440277,0.2555411,0.8588005,0.05093142,0.051139,-0.1654955,0.01209963,0.002651532,0.0134102,0.9998334,0.005626698,-0.02412412,0.9996932
Fixation,14.1054,0.01901611,0.05167556,-0.03882856,0.01807449,0.2257812,-0.01010553,-0.973958,-0.4401682,0.03064432,0.8973923,0.08461902,0.05237007,-0.04188171,0.1350254,0.2289801,-0.01022268,-0.9639667,-0.4442189,0.2556383,0.8586726,0.05094991,0.05114841,-0.1655556,0.01217644,0.002458077,0.01315114,0.9998364,0.005235619,-0.02428425,0.9996914
Fixation,14.1174,0.01904122,0.05169868,-0.03889085,0.01812141,0.2258692,-0.009869916,-0.9739391,-0.4403234,0.03083968,0.8973095,0.08464503,0.05236208,-0.04193157,0.1350815,0.2290417,-0.009978319,-0.9639468,-0.4442638,0.2558518,0.8585858,0.05097602,0.05115652,-0.1656118,0.01218383,0.002360456,0.01291406,0.9998396,0.00503484,-0.02430279,0.999692
Fixation,14.1278,0.01908869,0.05174625,-0.03895223,0.01824177,0.2259566,-0.009682275,-0.9739184,-0.4404798,0.03115644,0.8972217,0.08469334,0.05238175,-0.04198067,0.1352017,0.2291038,-0.009781959,-0.9639172,-0.4443192,0.2561643,0.8584639,0.05102453,0.05118978,-0.1656671,0.01210876,0.002264533,0.01270692,0.9998434,0.004836088,-0.02415618,0.9996965
Fixation,14.1390,0.01910618,0.0518117,-0.03900948,0.01856355,0.2258795,-0.009640537,-0.9739307,-0.4403398,0.03180401,0.8972677,0.08471158,0.05243731,-0.04202378,0.1353298,0.2291981,-0.009725482,-0.9638774,-0.44447,0.2564245,0.8583082,0.05104341,0.05124927,-0.1657173,0.01199259,0.002156257,0.01263735,0.9998459,0.004614959,-0.02392698,0.999703
Fixation,14.1498,0.01911357,0.05187428,-0.03906711,0.01868402,0.2259751,-0.009627585,-0.9739063,-0.440517,0.03204178,0.8971723,0.08471961,0.05249429,-0.04206841,0.1353688,0.2293212,-0.009701087,-0.9638428,-0.4446856,0.2564992,0.8581742,0.05105209,0.0513078,-0.1657684,0.01187748,0.002057169,0.01260049,0.9998479,0.004413037,-0.02369951,0.9997094
Fixation,14.1611,0.01911521,0.05190611,-0.03911549,0.01876933,0.2261103,-0.009637356,-0.9738732,-0.4407672,0.03219969,0.8970437,0.0847221,0.05252469,-0.04209856,0.1354533,0.2294541,-0.009694911,-0.9637994,-0.4449219,0.2566506,0.8580064,0.0510556,0.05133808,-0.1658077,0.01179114,0.001918452,0.01259506,0.9998493,0.004133345,-0.0235304,0.9997146
Fixation,14.1724,0.01910815,0.05185807,-0.03914613,0.01896078,0.2263763,-0.009734296,-0.9738067,-0.4412627,0.03252104,0.8967885,0.08471549,0.05248928,-0.04211677,0.1354551,0.2295586,-0.009782095,-0.9637734,-0.4451351,0.2566049,0.8579095,0.05104993,0.051296,-0.1658323,0.01176552,0.001824969,0.01269416,0.9998486,0.003948092,-0.02348114,0.9997165
Fixation,14.1834,0.01909752,0.05182314,-0.0392166,0.01883198,0.2264613,-0.009900402,-0.9737878,-0.4414234,0.03219258,0.8967213,0.0847051,0.05248022,-0.04217629,0.1350669,0.2296789,-0.009936174,-0.9637977,-0.445412,0.2557901,0.8580091,0.05104062,0.05127454,-0.1658976,0.0118524,0.001743499,0.01288797,0.9998452,0.003791965,-0.02365618,0.9997129
Fixation,14.1949,0.01908118,0.05176747,-0.03927147,0.01874868,0.2265138,-0.01009371,-0.9737752,-0.4415255,0.03194128,0.89668,0.08468877,0.05245209,-0.04222462,0.1349833,0.2297551,-0.01012152,-0.9637892,-0.4456034,0.25554,0.8579842,0.05102516,0.05123258,-0.1659493,0.01188901,0.001696001,0.0130968,0.9998422,0.003702883,-0.02372984,0.9997116
Fixation,14.2059,0.01906785,0.05173242,-0.03933964,0.01896605,0.2263075,-0.01028554,-0.9738169,-0.4411543,0.03228354,0.8968504,0.0846753,0.05244219,-0.04229009,0.134946,0.2298008,-0.01030526,-0.9637816,-0.4457368,0.2553807,0.8579624,0.05101231,0.05120981,-0.1660162,0.01188156,0.00167774,0.0132889,0.9998397,0.003670727,-0.02371472,0.999712
Fixation,14.2166,0.01905075,0.05169761,-0.03936666,0.01904306,0.2263318,-0.01058249,-0.9738066,-0.4412098,0.0322982,0.8968226,0.08465792,0.05244231,-0.04231454,0.1347211,0.2298632,-0.01059749,-0.963795,-0.4459375,0.2548152,0.8580262,0.05099577,0.0511905,-0.1660417,0.01173871,0.001661729,0.01356118,0.9998378,0.003641301,-0.02342854,0.9997189
Fixation,14.2280,0.0190278,0.05167472,-0.03940468,0.01908336,0.2262813,-0.01082383,-0.973815,-0.4411253,0.03226886,0.8968652,0.0846343,0.05244839,-0.04235995,0.1347597,0.2298393,-0.0108433,-0.9637926,-0.4459573,0.2547764,0.8580275,0.05097231,0.05118072,-0.1660831,0.01164486,0.001720872,0.01378519,0.9998357,0.003762232,-0.02323844,0.9997229
Fixation,14.2392,0.01901674,0.05165541,-0.03938491,0.01944894,0.2261147,-0.01107893,-0.9738435,-0.4408317,0.03287023,0.8969877,0.08462229,0.05245578,-0.04235402,0.1348997,0.2297665,-0.01110756,-0.9637874,-0.4458888,0.2549249,0.8580189,0.05096008,0.05117238,-0.1660698,0.01144881,0.001829144,0.01399637,0.9998348,0.003978168,-0.02284264,0.9997312
Fixation,14.2503,0.01898875,0.05159509,-0.03935891,0.01942827,0.2259709,-0.0113141,-0.9738746,-0.4405742,0.03272808,0.8971194,0.08459304,0.0524255,-0.042348,0.1347138,0.2295532,-0.01135951,-0.9638613,-0.4455754,0.2544757,0.8583151,0.05093028,0.05112636,-0.1660534,0.01141649,0.001984157,0.01422508,0.9998317,0.004292446,-0.02277269,0.9997315
Fixation,14.2611,0.01897392,0.05153799,-0.03935717,0.0192737,0.2258631,-0.01156373,-0.9738998,-0.4403818,0.03231766,0.8972288,0.08457703,0.05240512,-0.04236149,0.1345592,0.2294783,-0.01161957,-0.9638976,-0.4455143,0.2540697,0.858467,0.05091413,0.05108809,-0.1660593,0.01151098,0.002103232,0.01449953,0.9998264,0.004539541,-0.02295697,0.9997262
Fixation,14.2721,0.01896483,0.0514679,-0.03935852,0.01897931,0.2257928,-0.01189282,-0.9739179,-0.4402587,0.03159795,0.8973148,0.08456631,0.05238318,-0.04238413,0.1343677,0.2293705,-0.01196493,-0.9639457,-0.4454168,0.2535576,0.858669,0.05090316,0.05104244,-0.1660712,0.0116231,0.002269475,0.01485958,0.9998195,0.004883559,-0.02317456,0.9997195
Fixation,14.2834,0.01898123,0.05141652,-0.03936733,0.01877921,0.2257395,-0.01218603,-0.9739305,-0.4401669,0.03107755,0.897378,0.08458172,0.05237579,-0.04240092,0.1338912,0.2293046,-0.01226235,-0.964024,-0.4453939,0.2525251,0.8589851,0.05091899,0.05101395,-0.1660841,0.01175154,0.002334008,0.01518867,0.9998128,0.005024124,-0.02342778,0.9997129
Fixation,14.2945,0.01896652,0.05137229,-0.03937317,0.01864712,0.2257328,-0.0124475,-0.9739313,-0.4401608,0.03070241,0.8973939,0.08456636,0.05236936,-0.04240835,0.1337588,0.2293308,-0.01252228,-0.9640328,-0.4455147,0.2521522,0.859032,0.05090432,0.05098879,-0.1660908,0.01182062,0.002349482,0.01547296,0.9998077,0.005063861,-0.02356398,0.9997095
Fixation,14.3055,0.01894577,0.05133903,-0.03937063,0.01850647,0.2257653,-0.01276925,-0.9739223,-0.4402283,0.03028201,0.8973751,0.08454537,0.05238068,-0.0423961,0.1336515,0.2294473,-0.01283146,-0.9640159,-0.4458116,0.2517961,0.8589824,0.05088481,0.05097759,-0.1660836,0.01185041,0.002279502,0.0158123,0.9998022,0.004932866,-0.02362404,0.9997088
Fixation,14.3166,0.01893319,0.05134237,-0.03936235,0.01856305,0.2258596,-0.01282352,-0.9738986,-0.4404048,0.03036442,0.8972857,0.08453329,0.05238914,-0.04237524,0.1334505,0.2294703,-0.01287557,-0.9640377,-0.4458724,0.2513935,0.8590688,0.05087357,0.05098271,-0.1660691,0.0117822,0.002184134,0.01585541,0.9998025,0.004741029,-0.02349049,0.9997128
Fixation,14.3278,0.01894954,0.05134571,-0.03935528,0.01859512,0.2260391,-0.01300296,-0.9738539,-0.4407418,0.0303395,0.8971211,0.08455037,0.05241454,-0.04234444,0.1334812,0.2296677,-0.01303267,-0.9639843,-0.4462713,0.2513613,0.858871,0.05089247,0.05099607,-0.1660504,0.01170867,0.002005321,0.01602879,0.999801,0.004385194,-0.02334839,0.9997178
Fixation,14.3430,0.0189367,0.05134165,-0.03933584,0.01884835,0.2263351,-0.0131563,-0.9737782,-0.4412964,0.03075277,0.8968343,0.08453852,0.05242753,-0.04229707,0.1335655,0.2298914,-0.01316147,-0.9639176,-0.4467085,0.2514409,0.8586204,0.05088261,0.05099916,-0.1660171,0.01158816,0.001793953,0.01616659,0.9998006,0.003961873,-0.02311369,0.999725
Fixation,14.3532,0.01893295,0.05136168,-0.03931127,0.018922,0.2265452,-0.01310539,-0.9737287,-0.4416831,0.03091186,0.8966385,0.08453618,0.05243921,-0.04224406,0.1332869,0.2300765,-0.01308687,-0.963913,-0.4470361,0.2509319,0.8585988,0.05088172,0.05101442,-0.1659786,0.01152639,0.001576506,0.01610738,0.9998026,0.003523709,-0.02299745,0.9997293
Fixation,14.3656,0.01892987,0.05135715,-0.03929099,0.01945994,0.2269047,-0.01303088,-0.9736354,-0.442352,0.03198023,0.8962712,0.08453433,0.05242229,-0.04220064,0.1333928,0.2302346,-0.01299563,-0.9638618,-0.4472958,0.2511604,0.8583968,0.05088095,0.05100298,-0.1659469,0.01143782,0.001399149,0.01601874,0.9998053,0.003164192,-0.02282636,0.9997345
Fixation,14.3761,0.01893638,0.05133545,-0.0392382,0.01948172,0.2270986,-0.01298318,-0.9735903,-0.442708,0.0320375,0.8960933,0.0845421,0.05239439,-0.04212158,0.1334147,0.2304213,-0.01292561,-0.963815,-0.4476159,0.2512174,0.8582131,0.05089009,0.05097818,-0.1658813,0.01142594,0.001198476,0.01597401,0.9998064,0.002761525,-0.02280918,0.999736
Fixation,14.3860,0.01896052,0.05128002,-0.03919076,0.01938727,0.2272579,-0.01297774,-0.9735551,-0.4429994,0.03185058,0.895956,0.08456713,0.05234206,-0.0420527,0.133217,0.2306469,-0.01290032,-0.9637888,-0.4480268,0.2508352,0.8581105,0.05091638,0.05092525,-0.1658236,0.01151788,0.001035326,0.01599567,0.9998052,0.002438721,-0.02299816,0.9997326
Fixation,14.3977,0.01899319,0.05119693,-0.03911973,0.01926031,0.2273483,-0.01292284,-0.9735373,-0.443162,0.03162529,0.8958836,0.08460037,0.0522567,-0.04196937,0.1330914,0.2307339,-0.01283476,-0.9637862,-0.4481726,0.2506206,0.8580971,0.05095025,0.0508424,-0.1657468,0.01165333,0.0009413562,0.01597427,0.9998041,0.00225465,-0.02327202,0.9997267
Fixation,14.4142,0.0190852,0.05107188,-0.03902248,0.01889273,0.2272238,-0.01260354,-0.9735777,-0.4429163,0.03105944,0.8960248,0.08469215,0.052104,-0.04188765,0.1327272,0.230588,-0.01253044,-0.9638754,-0.4478425,0.2500862,0.8584253,0.05099208,0.05078745,-0.1657304,0.01185142,0.0009779455,0.01583815,0.9998038,0.002330916,-0.02366721,0.9997172
Fixation,14.4213,0.0190852,0.05107188,-0.03902248,0.01889273,0.2272238,-0.01260354,-0.9735777,-0.4429163,0.03105944,0.8960248,0.08469215,0.052104,-0.04188765,0.132445,0.2305164,-0.01253189,-0.9639313,-0.4477236,0.2495581,0.858641,0.05104044,0.05070853,-0.1656578,0.01208674,0.001057035,0.01574345,0.9998025,0.002494226,-0.02413543,0.9997056
Fixation,14.4280,0.01912098,0.0510093,-0.03893909,0.01872444,0.2270597,-0.01245434,-0.9736212,-0.4426067,0.03080527,0.8961866,0.08472718,0.05202806,-0.04182603,0.132279,0.2303414,-0.0124023,-0.9639976,-0.4473783,0.2493197,0.8588902,0.05107389,0.05064142,-0.1655854,0.01228598,0.001221508,0.01563098,0.9998016,0.002826615,-0.0245289,0.9996951
Fixation,14.4389,0.01914301,0.0509733,-0.03887793,0.01874829,0.2270095,-0.01239665,-0.9736332,-0.4425127,0.0308796,0.8962304,0.08474858,0.05198789,-0.04178052,0.1321861,0.2302213,-0.01235929,-0.9640396,-0.4471524,0.2491746,0.8590499,0.05109429,0.05060446,-0.1655321,0.01239137,0.001340318,0.01559316,0.9998007,0.003066542,-0.024736,0.9996893
Fixation,14.4499,0.01918646,0.05105615,-0.03887833,0.01868295,0.2270207,-0.01238298,-0.973632,-0.4425319,0.03075826,0.8962251,0.08479209,0.05207133,-0.04177939,0.1321214,0.2302327,-0.01234418,-0.9640459,-0.4471715,0.2490582,0.8590737,0.05113788,0.05068839,-0.1655318,0.01245802,0.001328652,0.01559512,0.9997999,0.00304534,-0.02486962,0.9996861
Fixation,14.4613,0.01918158,0.05096114,-0.03879253,0.01858651,0.2269906,-0.01236803,-0.973641,-0.4424745,0.03057834,0.8962596,0.08478701,0.05197775,-0.04169763,0.1321586,0.2301317,-0.01233358,-0.964065,-0.4469839,0.2491422,0.859147,0.05113258,0.05059505,-0.1654482,0.01255558,0.001359467,0.0156015,0.9997985,0.003110158,-0.02506369,0.999681
Fixation,14.4727,0.01916659,0.0509361,-0.038769,0.0186806,0.2271931,-0.01239013,-0.9735917,-0.4428495,0.03074465,0.8960687,0.08477242,0.05196035,-0.04166245,0.1320366,0.230224,-0.01234661,-0.9640596,-0.4471596,0.2488973,0.8591266,0.05111878,0.0505749,-0.1654192,0.01266916,0.001271417,0.01565563,0.9997964,0.002939004,-0.02529336,0.9996758
Fixation,14.4838,0.01914544,0.0509094,-0.03874762,0.01848213,0.2273456,-0.01248003,-0.9735588,-0.44313,0.03031233,0.8959448,0.08475187,0.05195248,-0.04162079,0.1318393,0.2303904,-0.01241747,-0.9640459,-0.4474881,0.2484766,0.8590773,0.05109975,0.05055916,-0.1653882,0.01284065,0.001118593,0.01579363,0.9997922,0.002642321,-0.02564063,0.9996677
Fixation,14.4949,0.01912126,0.05092752,-0.03881023,0.01861142,0.2274769,-0.01262028,-0.9735238,-0.4433781,0.03049567,0.8958157,0.08472823,0.05198407,-0.04166604,0.132034,0.2304532,-0.01254312,-0.9640027,-0.4476272,0.2487811,0.8589167,0.05107743,0.05058229,-0.1654421,0.01268167,0.0009877168,0.01590518,0.9997926,0.002378432,-0.02532666,0.9996764
Fixation,14.5059,0.01909656,0.05097079,-0.0388159,0.01893396,0.2273919,-0.01274043,-0.9735359,-0.4432307,0.03107164,0.8958689,0.08470348,0.05203795,-0.04166891,0.1321566,0.2304857,-0.01265829,-0.9639766,-0.4477115,0.2489565,0.8588219,0.05105311,0.05062926,-0.1654461,0.01253355,0.0009674189,0.01599273,0.9997931,0.002335329,-0.02503098,0.999684
Fixation,14.5172,0.01907999,0.05104363,-0.03882672,0.01910812,0.227439,-0.01285757,-0.97352,-0.4433241,0.03135564,0.8958128,0.08468703,0.05211961,-0.04167365,0.1323957,0.2304853,-0.01277052,-0.9639424,-0.4477306,0.2493569,0.8586958,0.05103725,0.05070424,-0.1654536,0.01233684,0.0009220182,0.01606868,0.9997944,0.002240131,-0.02463898,0.9996939
Fixation,14.5282,0.01907084,0.05107915,-0.03892975,0.01922287,0.2274895,-0.01289161,-0.9735055,-0.4434201,0.03156173,0.895758,0.08467816,0.05215561,-0.04176994,0.1325093,0.2305362,-0.01279881,-0.9639142,-0.4478261,0.2495541,0.8585887,0.05102881,0.05073881,-0.1655532,0.01221692,0.000870775,0.01607742,0.9997957,0.002134027,-0.02440085,0.9997
Fixation,14.5394,0.01906339,0.051126,-0.03897077,0.01948954,0.2273857,-0.01283478,-0.9735252,-0.4432317,0.03211023,0.8958318,0.08467075,0.05219221,-0.04181384,0.1325861,0.2305054,-0.01274385,-0.9639118,-0.447753,0.2497275,0.8585764,0.05102103,0.05077994,-0.1655955,0.01215529,0.0008917406,0.0160024,0.9997976,0.002172148,-0.02427713,0.9997029
Fixation,14.5506,0.01906336,0.05118084,-0.03902279,0.01950145,0.2273854,-0.01273298,-0.9735264,-0.4432279,0.03217977,0.8958312,0.08467095,0.05223382,-0.04186564,0.1325185,0.230293,-0.01264613,-0.9639731,-0.4473442,0.2496639,0.8588079,0.05102095,0.05082858,-0.1656474,0.01216692,0.0008887984,0.01590062,0.9997991,0.002164163,-0.0243007,0.9997023
Fixation,14.5615,0.01907716,0.05124271,-0.03908519,0.0195972,0.2273719,-0.01255337,-0.9735299,-0.4431987,0.03244834,0.8958359,0.0846851,0.05226946,-0.04192935,0.1326143,0.2302574,-0.01246959,-0.9639707,-0.4472301,0.2499302,0.8587899,0.05103448,0.05087698,-0.1657104,0.01211479,0.0008963976,0.01570356,0.9998029,0.002172932,-0.02419665,0.9997048
Fixation,14.5721,0.01912027,0.05129027,-0.03916711,0.02008233,0.2274136,-0.01245091,-0.9735116,-0.4432795,0.03343776,0.8957595,0.08472842,0.05229902,-0.04201287,0.1327565,0.2302284,-0.01237057,-0.9639593,-0.4471462,0.2502477,0.8587412,0.05107736,0.05091465,-0.1657929,0.01199894,0.0009070518,0.01557146,0.9998063,0.002187434,-0.02396498,0.9997104
Fixation,14.5837,0.01915001,0.05134714,-0.03920756,0.02029569,0.2273147,-0.01233534,-0.9735317,-0.4430968,0.03390898,0.8958322,0.08475795,0.05233347,-0.04206627,0.1329202,0.2300463,-0.01226896,-0.9639816,-0.4467824,0.2506203,0.8588219,0.05110571,0.05095875,-0.1658393,0.01181837,0.001003802,0.01540692,0.999811,0.002371394,-0.02360135,0.9997187
Fixation,14.5954,0.01918754,0.05139601,-0.03925514,0.02059408,0.2271293,-0.01228178,-0.9735694,-0.4427582,0.03452043,0.8959763,0.08479466,0.05236447,-0.04213857,0.1332162,0.2298488,-0.01223809,-0.9639882,-0.4464036,0.2512119,0.8588459,0.05114069,0.05099595,-0.1658985,0.01154154,0.001190797,0.01528028,0.9998159,0.002733871,-0.02304244,0.9997308
Fixation,14.6062,0.01921192,0.05140257,-0.03930601,0.02094211,0.2270916,-0.01216555,-0.9735722,-0.4426897,0.03525192,0.8959816,0.0848183,0.05235195,-0.04221239,0.1333325,0.2296614,-0.0121448,-0.9640179,-0.4460341,0.2514914,0.8589562,0.05116265,0.05099225,-0.1659604,0.01145546,0.00136407,0.01513623,0.9998189,0.003074432,-0.02286548,0.9997338
Fixation,14.6168,0.01926007,0.05142605,-0.03933164,0.02112338,0.2268925,-0.01211111,-0.9736154,-0.4423238,0.03563626,0.8961471,0.08486547,0.05236137,-0.0422646,0.1335385,0.229369,-0.01211548,-0.9640594,-0.4454865,0.2519203,0.8591146,0.05120805,0.05100703,-0.1659986,0.01129302,0.00156569,0.01503487,0.999822,0.0034704,-0.02253494,0.99974
Fixation,14.6283,0.01931354,0.05144548,-0.03933836,0.02128496,0.2266018,-0.01204554,-0.9736804,-0.4417882,0.03599041,0.8963972,0.08491741,0.0523659,-0.04231024,0.133699,0.229069,-0.0120844,-0.9641089,-0.4449263,0.2522645,0.859304,0.05125749,0.05101776,-0.1660241,0.01115306,0.001861124,0.01492391,0.9998247,0.00405449,-0.02224666,0.9997443
Fixation,14.6390,0.01934405,0.05145657,-0.03935027,0.02158799,0.2263945,-0.01203243,-0.9737221,-0.4414103,0.03659325,0.8965589,0.08494626,0.05237055,-0.04236031,0.1338105,0.2287827,-0.01210528,-0.9641612,-0.4444065,0.2524908,0.8595064,0.05128409,0.05102456,-0.1660544,0.01104871,0.002151591,0.01487617,0.999826,0.004631159,-0.02202957,0.9997466
Fixation,14.6504,0.01928374,0.0513593,-0.03936679,0.02162464,0.2260991,-0.01201557,-0.9737902,-0.4408659,0.03668231,0.8968231,0.08488417,0.05226886,-0.04241655,0.1338469,0.2284866,-0.01212273,-0.9642261,-0.4438707,0.2525775,0.8597577,0.05121969,0.0509249,-0.1660901,0.01101933,0.002453932,0.01484085,0.9998261,0.005234083,-0.02196199,0.9997451
Fixation,14.6621,0.01931932,0.05136526,-0.03934862,0.02163566,0.2259041,-0.0120332,-0.9738349,-0.4405073,0.03670243,0.8969985,0.08491851,0.05227602,-0.04242469,0.1338248,0.2283122,-0.01216251,-0.96427,-0.4435644,0.2525328,0.859929,0.05125258,0.05093122,-0.1660848,0.01100619,0.00265457,0.01484852,0.9998257,0.005635066,-0.02192971,0.9997436
Fixation,14.6727,0.01932402,0.05134368,-0.03933081,0.02171958,0.2259006,-0.01204144,-0.9738338,-0.4405024,0.03686218,0.8969944,0.08492257,0.05225885,-0.04241921,0.1337259,0.2282253,-0.01218177,-0.964304,-0.4434153,0.2523445,0.8600612,0.05125603,0.05091274,-0.1660731,0.01110196,0.002748794,0.01487683,0.9998239,0.005826944,-0.02211823,0.9997384
Fixation,14.6832,0.0193218,0.05129766,-0.0393615,0.02171975,0.2257935,-0.01214233,-0.9738573,-0.4403088,0.03682055,0.8970911,0.08491948,0.05222535,-0.04246462,0.1337256,0.22813,-0.01229432,-0.9643252,-0.4432711,0.2523005,0.8601484,0.05125238,0.05087256,-0.1661109,0.01107964,0.002862001,0.01497111,0.9998224,0.006054733,-0.02206965,0.9997381
Fixation,14.6948,0.01929453,0.05127871,-0.03936777,0.02165527,0.2257481,-0.01220816,-0.9738685,-0.4402266,0.03666684,0.8971377,0.08489177,0.05221677,-0.04247724,0.1335285,0.2280797,-0.01236489,-0.9643635,-0.4432057,0.2518996,0.8602996,0.05122452,0.05085909,-0.1661204,0.01112776,0.002911141,0.01504823,0.9998206,0.006156143,-0.0221639,0.9997354
Fixation,14.7063,0.01923864,0.0512656,-0.039366,0.02172142,0.2257178,-0.01224436,-0.9738736,-0.4401731,0.03678031,0.8971593,0.08483581,0.05221128,-0.04247444,0.1334398,0.2280944,-0.01239867,-0.9643719,-0.4432446,0.2517151,0.8603335,0.05116876,0.05085063,-0.1661182,0.01120653,0.002903919,0.01510317,0.9998189,0.006145295,-0.02232128,0.999732
Fixation,14.7174,0.01918692,0.05126083,-0.03935542,0.02155646,0.2258587,-0.01223712,-0.9738447,-0.4404303,0.03645757,0.8970463,0.08478491,0.052212,-0.04244493,0.1332764,0.2282378,-0.01237487,-0.9643608,-0.4435057,0.2514042,0.8602899,0.05111898,0.05085027,-0.1660987,0.01136764,0.002759922,0.01513883,0.999817,0.00586302,-0.02264756,0.9997263
Fixation,14.7279,0.01909792,0.05123627,-0.03936489,0.02150716,0.2259255,-0.01233117,-0.9738291,-0.4405561,0.03631675,0.8969902,0.08469611,0.05220127,-0.0424457,0.1330895,0.2282568,-0.01246129,-0.964381,-0.44357,0.2510093,0.860372,0.05103095,0.05083263,-0.166104,0.0113936,0.002694773,0.01524399,0.9998153,0.005735918,-0.02270083,0.9997258
Fixation,14.7389,0.01900953,0.05122125,-0.03936504,0.02154775,0.2260276,-0.01240645,-0.9738036,-0.4407476,0.03635815,0.8968945,0.08460848,0.05219984,-0.04242558,0.132987,0.2284188,-0.01251726,-0.9643561,-0.4438835,0.2507753,0.8602785,0.05094471,0.05082524,-0.1660945,0.01147575,0.002541412,0.01534519,0.9998132,0.005434069,-0.02286921,0.9997237
Fixation,14.7502,0.01893112,0.05122089,-0.03936116,0.02144035,0.2262268,-0.01245473,-0.9737591,-0.4411149,0.03612027,0.8967234,0.08453114,0.05220997,-0.04239505,0.1328804,0.2286246,-0.01254213,-0.9643217,-0.4442686,0.250544,0.8601472,0.05086907,0.05083096,-0.1660778,0.01156763,0.002339187,0.01542387,0.9998114,0.005034328,-0.02305874,0.9997214
Fixation,14.7615,0.01882357,0.0512079,-0.03934455,0.02135873,0.2263926,-0.0125515,-0.973721,-0.4414227,0.03591175,0.8965804,0.08442438,0.05221272,-0.04235642,0.1326856,0.2287781,-0.01261941,-0.9643111,-0.4445754,0.2501264,0.8601102,0.05076385,0.05082619,-0.1660505,0.01162361,0.002172688,0.01554264,0.9998093,0.00470587,-0.02317524,0.9997203
Fixation,14.7726,0.01873323,0.05118918,-0.03933529,0.02147405,0.2264994,-0.01262008,-0.9736928,-0.4416237,0.03610137,0.8964738,0.08433482,0.05220425,-0.04232634,0.132651,0.2289414,-0.01266858,-0.9642764,-0.4448866,0.2500238,0.859979,0.05067569,0.0508126,-0.1660312,0.01164055,0.002014911,0.01562194,0.9998082,0.004392745,-0.02321369,0.9997209
Fixation,14.7838,0.01866554,0.05117142,-0.03933852,0.02142184,0.2267056,-0.01268633,-0.9736451,-0.4420052,0.03596242,0.8962913,0.08426821,0.05219734,-0.042302,0.132599,0.2291547,-0.01271067,-0.9642324,-0.4452876,0.249887,0.8598113,0.05061087,0.05080056,-0.166021,0.01167452,0.00180581,0.0157058,0.9998069,0.003977637,-0.02328781,0.9997209
Fixation,14.7945,0.01859695,0.05115879,-0.03933823,0.02148817,0.226828,-0.01279782,-0.9736137,-0.4422356,0.03603655,0.8961747,0.08420016,0.05219686,-0.04228554,0.1327098,0.2292925,-0.01280749,-0.9641831,-0.4455592,0.2500397,0.8596262,0.05054401,0.05079293,-0.1660127,0.01158343,0.001683649,0.01580361,0.9998066,0.003732767,-0.02310917,0.999726
Fixation,14.8055,0.01854116,0.05114317,-0.0393456,0.02164075,0.226774,-0.01290006,-0.9736215,-0.4421425,0.03628901,0.8962104,0.08414498,0.05219221,-0.04227549,0.1327661,0.2294322,-0.01289127,-0.9641411,-0.445833,0.2500951,0.8594681,0.05049007,0.05078185,-0.1660115,0.01150387,0.001551899,0.01589196,0.9998063,0.003468835,-0.02295395,0.9997305
Fixation,14.8170,0.01852153,0.05113196,-0.03934717,0.02164966,0.2268609,-0.01291753,-0.9736009,-0.4423032,0.03629529,0.8961309,0.08412583,0.05218315,-0.0422654,0.1327748,0.2295201,-0.01289873,-0.9641188,-0.4459945,0.2501004,0.8593827,0.05047164,0.05077159,-0.1660073,0.01149047,0.001463344,0.0159101,0.9998063,0.00329175,-0.02292992,0.9997317
Fixation,14.8283,0.01848581,0.05110788,-0.0393445,0.02172306,0.2269414,-0.01297052,-0.9735797,-0.4424547,0.03641117,0.8960514,0.08409052,0.05216348,-0.04225201,0.1329299,0.229192,-0.01294855,-0.9641748,-0.4454048,0.2504,0.8596013,0.05043705,0.05074883,-0.1659993,0.0114062,0.001382072,0.01594788,0.9998068,0.003127418,-0.02276391,0.999736
Fixation,14.8392,0.01847018,0.05108738,-0.03933478,0.02200378,0.2267416,-0.01307018,-0.9736187,-0.4420949,0.03691948,0.8962082,0.0840749,0.05215418,-0.04223797,0.1329563,0.2292356,-0.01303996,-0.9641595,-0.4455068,0.2504037,0.8595474,0.05042194,0.05073321,-0.1659874,0.01135773,0.001350159,0.01603626,0.999806,0.003064066,-0.02266775,0.9997383
Fixation,14.8501,0.0184956,0.05106485,-0.03931975,0.02201356,0.2267957,-0.01318711,-0.9736043,-0.4421992,0.03688344,0.8961582,0.0841004,0.05214632,-0.042216,0.1328859,0.2289397,-0.01315554,-0.964238,-0.4450011,0.2502435,0.8598559,0.05044816,0.05071747,-0.1659689,0.01132108,0.001298489,0.01614981,0.9998047,0.002962138,-0.0225958,0.9997403
Fixation,14.8615,0.01850082,0.05106115,-0.03930831,0.02198904,0.2267513,-0.01325164,-0.9736143,-0.4421195,0.03680803,0.8962006,0.08410518,0.05215144,-0.04221074,0.1328613,0.2289032,-0.01322466,-0.9642491,-0.4449535,0.2501684,0.8599024,0.05045278,0.05071807,-0.1659605,0.01133063,0.001346349,0.01621655,0.9998034,0.003059656,-0.02261315,0.9997396
Fixation,14.8728,0.01851093,0.05105031,-0.03928936,0.02233055,0.226345,-0.01332555,-0.9737,-0.4413795,0.03745417,0.8965386,0.08411533,0.05214477,-0.04218934,0.1329893,0.2289264,-0.01328962,-0.9642251,-0.445008,0.2503786,0.859813,0.0504632,0.05070794,-0.1659401,0.011189,0.001328087,0.01625332,0.9998044,0.003019371,-0.02233045,0.9997461
Fixation,14.8835,0.01852576,0.05103517,-0.03923705,0.0223408,0.2264422,-0.01336661,-0.9736767,-0.4415602,0.0374519,0.8964496,0.08413066,0.05213463,-0.04212408,0.1330269,0.2286922,-0.0133244,-0.964275,-0.4445893,0.2504547,0.8600075,0.05047938,0.05069494,-0.1658815,0.01116884,0.001229767,0.01629454,0.9998041,0.002823035,-0.02229322,0.9997475
Fixation,14.8947,0.01854925,0.05102837,-0.03920516,0.02227236,0.2264625,-0.01341902,-0.9736727,-0.4415984,0.03729416,0.8964373,0.0841541,0.05213702,-0.04208963,0.1329588,0.2287197,-0.013374,-0.9642771,-0.4446547,0.2503005,0.8600186,0.05050316,0.05069315,-0.1658484,0.0112234,0.001211072,0.01636184,0.9998024,0.002788937,-0.02240274,0.9997451
Fixation,14.9058,0.01859214,0.05101168,-0.03917629,0.02249264,0.2260721,-0.01334829,-0.9737594,-0.4408801,0.03776949,0.896771,0.08419742,0.05210972,-0.0420552,0.1329855,0.2287499,-0.01329273,-0.9642674,-0.4446877,0.2503858,0.8599766,0.05054656,0.05067134,-0.1658168,0.01121473,0.001167769,0.01628199,0.9998038,0.002700275,-0.02238703,0.9997457
Fixation,14.9166,0.01862894,0.05101335,-0.03915257,0.02246439,0.2260248,-0.01330026,-0.9737717,-0.4407907,0.037738,0.8968163,0.08423403,0.05210614,-0.0420377,0.1327518,0.2282541,-0.01325723,-0.9644176,-0.4437844,0.2500043,0.860554,0.05058269,0.05067086,-0.1657962,0.01125357,0.001214762,0.01623989,0.9998041,0.002794562,-0.02246328,0.9997438
Fixation,14.9284,0.01869831,0.05098951,-0.03914659,0.02240472,0.22608,-0.01318802,-0.9737617,-0.440887,0.03767062,0.8967717,0.08430393,0.0520705,-0.04202397,0.1326931,0.2282983,-0.01313932,-0.9644168,-0.4438365,0.2499436,0.8605448,0.05065276,0.05064201,-0.1657866,0.01133672,0.001154638,0.01614623,0.9998047,0.002674916,-0.02263172,0.9997403
Fixation,14.9391,0.01875163,0.051,-0.03913099,0.02248012,0.2256345,-0.01313122,-0.9738642,-0.440065,0.03785945,0.8971674,0.08435713,0.05207169,-0.04201481,0.132726,0.2282417,-0.01308261,-0.9644265,-0.4437174,0.250037,0.8605791,0.05070538,0.05064785,-0.1657741,0.01131933,0.00120302,0.01607582,0.999806,0.002769507,-0.0225956,0.9997408
Fixation,14.9503,0.01881817,0.05103064,-0.03910873,0.02250229,0.2256523,-0.01306355,-0.9738604,-0.4400957,0.03793253,0.8971493,0.08442393,0.05209303,-0.04198994,0.1328112,0.2278604,-0.01301925,-0.9645057,-0.4430036,0.2502611,0.8608816,0.05077214,0.05067384,-0.1657506,0.01131293,0.001182246,0.01600559,0.9998072,0.002726176,-0.02258365,0.9997413
Fixation,14.9612,0.01887075,0.05105352,-0.03909472,0.02246111,0.2256509,-0.01301214,-0.9738623,-0.4400904,0.03787565,0.8971543,0.08447659,0.05211091,-0.04197599,0.1327706,0.2278545,-0.01296825,-0.9645134,-0.442981,0.2502083,0.8609086,0.05082468,0.05069494,-0.1657367,0.01136471,0.001182197,0.01596482,0.9998072,0.002726809,-0.0226873,0.9997389
Fixation,14.9727,0.0189224,0.0510478,-0.03911732,0.02252645,0.2250004,-0.01291266,-0.9740127,-0.4388882,0.03807139,0.8977348,0.08452858,0.05209303,-0.04199537,0.1327229,0.2278652,-0.01285667,-0.964519,-0.4429735,0.2501684,0.8609241,0.05087657,0.05068398,-0.1657578,0.0114367,0.00115662,0.0158698,0.999808,0.002675792,-0.02283229,0.9997357
Fixation,14.9840,0.01897682,0.05106068,-0.03911589,0.02254379,0.2249343,-0.01289227,-0.9740278,-0.4387659,0.03811673,0.8977926,0.08458266,0.05210245,-0.04200276,0.1327402,0.2277971,-0.01284395,-0.9645329,-0.4428453,0.250213,0.8609771,0.05093008,0.05069494,-0.1657607,0.01142498,0.001223562,0.01584358,0.9998084,0.00280868,-0.02280681,0.999736
Fixation,14.9952,0.01904145,0.05107224,-0.03911547,0.0225762,0.2249167,-0.01291471,-0.9740308,-0.4387347,0.03817035,0.8978056,0.08464716,0.05211568,-0.04200477,0.1327104,0.2274892,-0.01287282,-0.9646092,-0.4422931,0.2501706,0.8612732,0.05099448,0.0507071,-0.1657614,0.01138848,0.001242256,0.01585745,0.9998086,0.002845221,-0.0227332,0.9997375
Fixation,15.0058,0.01907517,0.05109465,-0.03910148,0.02281323,0.2243024,-0.01292622,-0.9741668,-0.4376056,0.03864901,0.898336,0.08468068,0.05213583,-0.04199594,0.1327794,0.2274496,-0.01288007,-0.964609,-0.4422203,0.2503014,0.8612726,0.05102767,0.05072761,-0.1657498,0.01132035,0.001281353,0.01584299,0.9998096,0.002920915,-0.02259578,0.9997404
Fixation,15.0171,0.01912557,0.05112278,-0.0390925,0.0229834,0.2242943,-0.01293321,-0.9741646,-0.4375935,0.03897754,0.8983277,0.08473112,0.05215895,-0.041988,0.1329481,0.2274381,-0.01288847,-0.9645883,-0.4421953,0.2506178,0.8611934,0.05107799,0.05075157,-0.165741,0.011153,0.001289004,0.0158112,0.9998119,0.002930209,-0.02226105,0.9997479
Fixation,15.0286,0.01917375,0.05114555,-0.0390849,0.02307928,0.2242777,-0.01289842,-0.9741666,-0.4375631,0.03918047,0.8983337,0.08477933,0.05217385,-0.04198248,0.1330943,0.227001,-0.01286216,-0.9646715,-0.4413866,0.2509452,0.8615128,0.05112593,0.05076969,-0.1657343,0.01106755,0.001304236,0.01575513,0.9998138,0.002956727,-0.02208987,0.9997516
Fixation,15.0393,0.01922262,0.05115211,-0.03907655,0.02317038,0.2237612,-0.01289279,-0.9742833,-0.4366111,0.03937921,0.8987881,0.08482814,0.05217624,-0.04197709,0.133163,0.2269757,-0.0128521,-0.9646681,-0.4413353,0.251082,0.8614993,0.0511745,0.0507735,-0.1657273,0.01100317,0.001326375,0.01572618,0.9998149,0.002998335,-0.02196054,0.9997544
Fixation,15.0502,0.01925225,0.0511235,-0.03908145,0.02314942,0.2237688,-0.01281288,-0.9742831,-0.4366215,0.03937394,0.8987833,0.08485797,0.05213833,-0.04198072,0.1331427,0.2269752,-0.01277177,-0.9646721,-0.4413141,0.2510803,0.8615106,0.05120419,0.05074072,-0.1657316,0.0110415,0.001315962,0.01565336,0.9998156,0.002977113,-0.02203774,0.9997527
Fixation,15.0613,0.01930492,0.05108213,-0.03907937,0.02310278,0.2238122,-0.01272808,-0.9742753,-0.4366976,0.03931955,0.8987487,0.08491104,0.05208802,-0.04197255,0.1329583,0.2266689,-0.01268761,-0.9647707,-0.4407408,0.2507969,0.8618866,0.05125741,0.05069566,-0.1657267,0.01110567,0.001268707,0.01558288,0.9998161,0.002883065,-0.02216771,0.9997501
Fixation,15.0726,0.01933887,0.05104148,-0.03907815,0.02305427,0.2235864,-0.0126249,-0.9743297,-0.4362758,0.03927941,0.8989553,0.08494514,0.05203462,-0.04197255,0.1329367,0.2266466,-0.01258321,-0.9647802,-0.4406739,0.2508056,0.8619183,0.05129115,0.05064929,-0.1657261,0.01115141,0.001276894,0.01548394,0.9998171,0.002898657,-0.02225921,0.9997481
Fixation,15.0840,0.01936097,0.05104053,-0.0390677,0.02305061,0.2236134,-0.01256643,-0.9743243,-0.4363233,0.0392975,0.8989314,0.08496752,0.05202651,-0.04195827,0.1329334,0.2266674,-0.01252205,-0.9647766,-0.4406959,0.2508254,0.8619012,0.05131359,0.05064499,-0.1657138,0.01116789,0.00124713,0.01542883,0.9998178,0.002838421,-0.02229323,0.9997475
Fixation,15.0955,0.01937364,0.05104673,-0.03906045,0.02312689,0.223612,-0.01237515,-0.9743253,-0.436314,0.03953176,0.8989257,0.0849806,0.05200589,-0.0419506,0.1327695,0.2263529,-0.01233688,-0.9648754,-0.4400806,0.250627,0.8622733,0.05132614,0.05063772,-0.1657063,0.01113655,0.001241637,0.0152254,0.9998213,0.002821948,-0.02223131,0.9997489
Fixation,15.1058,0.01938931,0.05106735,-0.03904644,0.02313235,0.2233853,-0.01216348,-0.9743798,-0.435887,0.0396451,0.8991278,0.08499686,0.05199921,-0.04193197,0.1327717,0.226359,-0.01211952,-0.9648764,-0.4400351,0.2507299,0.8622666,0.0513421,0.05064571,-0.1656902,0.01118351,0.001204122,0.01501643,0.999824,0.002743693,-0.02232692,0.999747
Fixation,15.1168,0.01939233,0.05107129,-0.03904865,0.02303892,0.2233694,-0.01197641,-0.974388,-0.4358487,0.03954737,0.8991507,0.0850001,0.05198264,-0.0419358,0.13268,0.2263254,-0.01193515,-0.9648992,-0.4399295,0.2506433,0.8623456,0.05134479,0.05064094,-0.1656934,0.01131671,0.001214472,0.0148546,0.9998249,0.002764728,-0.02259338,0.9997409
Fixation,15.1277,0.01940079,0.05103564,-0.03909845,0.02299493,0.2233445,-0.01185497,-0.9743962,-0.4357973,0.03951686,0.899177,0.08500862,0.05193305,-0.0419886,0.1326809,0.2260149,-0.01182119,-0.9649732,-0.4393335,0.2507234,0.8626261,0.05135284,0.05059922,-0.1657448,0.01138707,0.001235996,0.01474526,0.9998257,0.002807372,-0.02273371,0.9997376
Fixation,15.1393,0.01939557,0.05102682,-0.03912237,0.02292126,0.2231028,-0.01192619,-0.9744524,-0.4353529,0.03934983,0.8993995,0.08500348,0.0519371,-0.04200691,0.1325626,0.2260683,-0.01188244,-0.9649763,-0.4394514,0.2504669,0.8626406,0.05134826,0.05059779,-0.1657661,0.01148768,0.001194234,0.01483873,0.9998232,0.00272897,-0.02293585,0.9997332
Fixation,15.1501,0.01937569,0.05102718,-0.03914046,0.02284768,0.2231369,-0.01196843,-0.9744458,-0.4354165,0.03918645,0.8993758,0.08498368,0.05194545,-0.04202057,0.1324894,0.2261085,-0.01192034,-0.9649764,-0.4395373,0.2503077,0.8626431,0.05132885,0.05060267,-0.1657822,0.01154964,0.001161156,0.01489761,0.9998217,0.002666022,-0.02306057,0.9997305
Fixation,15.1618,0.0193441,0.05103302,-0.03916832,0.02282953,0.2231239,-0.01211953,-0.9744474,-0.4353984,0.03908403,0.8993891,0.08495171,0.05197108,-0.04205066,0.1324673,0.2257626,-0.01207716,-0.9650584,-0.4389478,0.2502243,0.8629673,0.05129717,0.05061805,-0.1658111,0.01153357,0.001179816,0.01504835,0.9998196,0.002706328,-0.02302747,0.9997312
Fixation,15.1729,0.01931137,0.05102849,-0.03918925,0.02275674,0.2227415,-0.01219529,-0.9745356,-0.4346941,0.03892173,0.8997367,0.08491888,0.05197811,-0.04207009,0.1323883,0.2257849,-0.01214483,-0.9650633,-0.439009,0.250042,0.8629891,0.05126465,0.05061972,-0.1658314,0.0115952,0.001169389,0.01513458,0.9998176,0.002689328,-0.02315077,0.9997284
Fixation,15.1842,0.01928369,0.05104089,-0.03921039,0.02266863,0.2227244,-0.01225291,-0.9745409,-0.4346636,0.03872496,0.8997599,0.08489094,0.05200076,-0.04209374,0.1321842,0.2254472,-0.01220885,-0.9651693,-0.438417,0.2496554,0.8634018,0.05123677,0.05063796,-0.1658539,0.01166836,0.001189356,0.01520974,0.9998155,0.002733219,-0.02329624,0.9997249
Fixation,15.1946,0.01923769,0.05106294,-0.03923305,0.02274517,0.2226655,-0.01221889,-0.974553,-0.4345545,0.0388913,0.8998055,0.08484469,0.05201566,-0.0421242,0.1322603,0.2253831,-0.01218189,-0.9651743,-0.4382904,0.2498173,0.8634193,0.05118995,0.05065584,-0.1658802,0.01160185,0.001248172,0.0151573,0.999817,0.002847593,-0.02316162,0.9997277
Fixation,15.2056,0.01918457,0.05110896,-0.03924541,0.02286633,0.2221729,-0.0122155,-0.9746626,-0.4336458,0.039146,0.9002327,0.08479194,0.05205762,-0.04212946,0.1323386,0.2254318,-0.01216472,-0.9651524,-0.4383718,0.2499692,0.863334,0.05113754,0.050699,-0.165889,0.01152707,0.001193858,0.01513035,0.9998184,0.0027361,-0.02301383,0.9997314
Fixation,15.2170,0.0191281,0.051139,-0.0392623,0.02299416,0.2221768,-0.01232024,-0.9746574,-0.4336591,0.03934831,0.9002175,0.08473536,0.05209649,-0.0421461,0.1324648,0.2254437,-0.01226879,-0.9651309,-0.4384158,0.2501599,0.8632565,0.05108118,0.0507319,-0.1659055,0.01137901,0.00119284,0.01520404,0.999819,0.002731262,-0.02271763,0.9997382
Fixation,15.2284,0.01908259,0.05114913,-0.03928107,0.02299885,0.2221902,-0.01242261,-0.9746529,-0.433688,0.03931143,0.9002051,0.08468972,0.05211949,-0.04216336,0.1324468,0.2251804,-0.01237333,-0.9651936,-0.437963,0.2501012,0.8635032,0.05103591,0.05074799,-0.1659235,0.01135146,0.001182574,0.01530323,0.9998178,0.002712146,-0.02266259,0.9997395
Fixation,15.2390,0.01903418,0.05113935,-0.0392997,0.02310071,0.221708,-0.01254912,-0.9747587,-0.4328034,0.03947076,0.9006239,0.0846411,0.05212426,-0.04218208,0.1324648,0.2251947,-0.01249167,-0.9651862,-0.438019,0.2500802,0.8634809,0.05098759,0.05074477,-0.1659421,0.01130661,0.001184543,0.01541532,0.9998165,0.00271724,-0.02257254,0.9997415
Fixation,15.2498,0.01899468,0.05111647,-0.03936416,0.02312494,0.2217692,-0.01268165,-0.9747425,-0.4329222,0.03945692,0.9005674,0.0846017,0.05211747,-0.0422387,0.132488,0.225269,-0.01261656,-0.9651641,-0.4381863,0.2500612,0.8634015,0.05094899,0.05072916,-0.1660026,0.01125293,0.001126275,0.01554135,0.9998153,0.002601905,-0.0224667,0.9997442
Fixation,15.2614,0.0189524,0.05111182,-0.03937727,0.02312461,0.2218095,-0.01277646,-0.974732,-0.4330006,0.03941272,0.9005316,0.08455946,0.05212498,-0.04224669,0.1323941,0.2250868,-0.0127098,-0.9652182,-0.4378811,0.2498568,0.8636155,0.05090731,0.05073023,-0.1660132,0.01123178,0.001088244,0.01563531,0.9998141,0.002527309,-0.02242535,0.9997453
Fixation,15.2726,0.01891294,0.05110252,-0.03938341,0.02319001,0.2218053,-0.01287906,-0.9747301,-0.4329979,0.03949472,0.9005293,0.0845198,0.05212641,-0.0422537,0.1324584,0.2250919,-0.01281244,-0.9652069,-0.4379148,0.2499316,0.8635768,0.05086785,0.05072522,-0.1660196,0.01114518,0.001095788,0.01572057,0.9998137,0.002541585,-0.02225175,0.9997492
Fixation,15.2839,0.01889129,0.05109668,-0.03940998,0.02320111,0.2212704,-0.01284045,-0.974852,-0.4320076,0.03955288,0.9010022,0.08449826,0.05211556,-0.04227933,0.1324344,0.2250935,-0.01276537,-0.9652104,-0.4379063,0.2499074,0.8635881,0.05084625,0.05071723,-0.1660458,0.01117935,0.001088204,0.01568081,0.999814,0.002526606,-0.02232042,0.9997477
Fixation,15.3003,0.0188652,0.05107343,-0.03943312,0.02314998,0.22127,-0.01274322,-0.9748545,-0.4320022,0.03949633,0.9010073,0.08447234,0.0520817,-0.04230224,0.1323304,0.2247821,-0.01267316,-0.9652985,-0.4373178,0.2497793,0.8639233,0.0508201,0.05068958,-0.166069,0.01125084,0.001085496,0.0155974,0.9998145,0.002521557,-0.02246364,0.9997445
Fixation,15.3113,0.01883419,0.05105984,-0.03942563,0.02312894,0.2211182,-0.01275443,-0.9748893,-0.4317216,0.03945584,0.9011436,0.0844416,0.05207062,-0.04228778,0.1322943,0.2248356,-0.01267532,-0.9652909,-0.4374172,0.2497053,0.8638943,0.05078981,0.05067766,-0.1660581,0.01128403,0.001032629,0.01561539,0.9998139,0.002417283,-0.02253162,0.9997432
Fixation,15.3181,0.01880504,0.05105031,-0.03941792,0.02305204,0.2211908,-0.01276076,-0.9748746,-0.4318549,0.03930058,0.9010865,0.08441281,0.05206478,-0.04227035,0.132218,0.2249102,-0.01267317,-0.965284,-0.4375556,0.2495553,0.8638676,0.05076164,0.05067062,-0.1660458,0.01135701,0.0009589084,0.01564132,0.9998127,0.002272735,-0.02267976,0.9997402
Fixation,15.3278,0.01880687,0.05105734,-0.03944613,0.02302602,0.2211589,-0.01272435,-0.9748829,-0.431794,0.03926714,0.9011171,0.08441453,0.052068,-0.04230276,0.1322572,0.2247786,-0.01264185,-0.9653097,-0.4373059,0.249655,0.8639652,0.05076302,0.05067623,-0.1660761,0.01139074,0.0009904345,0.01561042,0.9998128,0.002336127,-0.0227463,0.9997385
Fixation,15.3390,0.01878308,0.05104768,-0.03944515,0.02303539,0.2211534,-0.01277447,-0.9748833,-0.4317861,0.03926339,0.9011211,0.0843906,0.05206442,-0.04230267,0.1322662,0.2247783,-0.01269229,-0.9653079,-0.4373181,0.2496492,0.8639607,0.05073918,0.05066931,-0.1660756,0.01137052,0.0009977239,0.01565697,0.9998123,0.002351129,-0.02270553,0.9997394
Fixation,15.3497,0.01877383,0.05103326,-0.03942795,0.02329516,0.2212757,-0.01281899,-0.9748487,-0.432018,0.03974545,0.9009888,0.08438163,0.05205607,-0.04227687,0.1322616,0.2248477,-0.01272994,-0.9652919,-0.4374547,0.2496174,0.8639008,0.05073082,0.05065787,-0.1660542,0.01136418,0.0009327966,0.01570445,0.9998116,0.002222178,-0.02269479,0.9997399
Fixation,15.3611,0.0187598,0.0510242,-0.03940857,0.0233138,0.2212735,-0.01291722,-0.9748475,-0.4320182,0.03973832,0.900989,0.08436739,0.0520587,-0.04225809,0.1323014,0.2248961,-0.01282723,-0.9652739,-0.4375668,0.2496446,0.8638362,0.05071682,0.05065393,-0.166035,0.0113242,0.0009384103,0.01579595,0.9998107,0.002234218,-0.02261446,0.9997418
Fixation,15.3723,0.01876847,0.05104268,-0.03940387,0.02360758,0.2212631,-0.0129455,-0.9748424,-0.4320045,0.04029862,0.9009706,0.08437616,0.05207765,-0.04225105,0.1323933,0.2249145,-0.01285315,-0.9652566,-0.4376038,0.2498053,0.863771,0.05072575,0.05067158,-0.166029,0.01122735,0.0009206557,0.01580309,0.9998116,0.002195819,-0.02242138,0.9997462
Fixation,15.3833,0.01877541,0.05105925,-0.03937031,0.02366839,0.221182,-0.01294889,-0.9748594,-0.4318557,0.04041857,0.9010366,0.08438265,0.05209219,-0.04222838,0.1324536,0.2248329,-0.01286581,-0.9652672,-0.4374559,0.2499208,0.8638124,0.05073159,0.0506866,-0.1660006,0.011168,0.001003488,0.01578984,0.9998125,0.002359282,-0.02230011,0.9997485
Fixation,15.3949,0.01878314,0.05106926,-0.03934354,0.02371502,0.2210862,-0.01281492,-0.9748817,-0.4316736,0.04057226,0.901117,0.08439013,0.05208337,-0.04221406,0.1325811,0.2245678,-0.01274577,-0.965313,-0.4369362,0.2502399,0.8639831,0.05073796,0.05068731,-0.1659799,0.0111531,0.001096756,0.01564532,0.9998148,0.002542093,-0.02226775,0.9997488
Fixation,15.4057,0.01880837,0.05106771,-0.03933931,0.02368494,0.2210255,-0.01268916,-0.9748978,-0.4315557,0.04057154,0.9011735,0.08441526,0.05206668,-0.04221761,0.1325519,0.2244949,-0.01262748,-0.9653355,-0.4367735,0.2502446,0.864064,0.0507623,0.05067897,-0.1659796,0.01121089,0.001154661,0.01552713,0.9998159,0.002657042,-0.02238179,0.999746
Fixation,15.4169,0.01885398,0.05106628,-0.03934026,0.02354687,0.2209715,-0.01262888,-0.9749142,-0.4314513,0.04033111,0.9012343,0.08446081,0.05206287,-0.04222079,0.1323962,0.2244748,-0.01256844,-0.9653623,-0.436727,0.2499781,0.8641647,0.05080763,0.05067813,-0.1659819,0.01137807,0.001171406,0.01550206,0.9998144,0.002695145,-0.0227156,0.9997383
Fixation,15.4277,0.01885089,0.05103278,-0.03931131,0.02359489,0.2209505,-0.01264911,-0.9749175,-0.4314139,0.04041649,0.9012483,0.08445758,0.05203021,-0.04219471,0.1324987,0.2244131,-0.01259164,-0.9653623,-0.4366166,0.2501671,0.8641657,0.05080427,0.0506444,-0.1659542,0.01132692,0.001193361,0.01551034,0.9998148,0.002737649,-0.02261263,0.9997405
Fixation,15.4387,0.01885687,0.05102694,-0.03929122,0.02372499,0.2209904,-0.01269219,-0.9749048,-0.4314914,0.04064951,0.9012007,0.08446345,0.05203331,-0.04217366,0.1324011,0.2244285,-0.01263343,-0.9653715,-0.4366591,0.249962,0.8642036,0.05081037,0.05064392,-0.1659338,0.01141299,0.00118672,0.01557467,0.9998129,0.002728503,-0.02278474,0.9997367
Fixation,15.4501,0.01887401,0.05100763,-0.03927527,0.02373303,0.2210674,-0.01273066,-0.9748867,-0.4316356,0.04064537,0.9011319,0.08448097,0.05201876,-0.04214747,0.1324089,0.2245088,-0.0126631,-0.9653515,-0.4368133,0.2499563,0.8641273,0.05082858,0.05062675,-0.1659129,0.01139593,0.001109163,0.01561333,0.9998125,0.002573766,-0.02275295,0.9997378
Fixation,15.4616,0.01887709,0.05100393,-0.0392551,0.02374126,0.2210829,-0.01281072,-0.9748819,-0.4316678,0.04062538,0.9011174,0.08448398,0.05202508,-0.04212546,0.1324964,0.2243582,-0.01274347,-0.9653733,-0.4365558,0.2500988,0.8642162,0.05083191,0.05062771,-0.1658918,0.01136999,0.001096028,0.0156901,0.9998116,0.002548436,-0.02270131,0.9997391
Fixation,15.4722,0.01888612,0.05100715,-0.03923956,0.02374909,0.221104,-0.01284164,-0.9748765,-0.4317081,0.04062618,0.901098,0.08449307,0.05203211,-0.04210719,0.132504,0.2243822,-0.01277188,-0.9653664,-0.4366067,0.2500982,0.8641906,0.05084125,0.05063272,-0.1658749,0.01135531,0.001075537,0.0157193,0.9998114,0.002507663,-0.02267252,0.9997398
Fixation,15.4839,0.01890329,0.05100858,-0.0392445,0.02386825,0.2212666,-0.01280127,-0.9748372,-0.4320089,0.04087032,0.9009428,0.08451043,0.05202818,-0.04210955,0.1325184,0.2243959,-0.01273184,-0.9653617,-0.4366209,0.2501425,0.8641707,0.05085864,0.05063128,-0.1658785,0.01134965,0.001055403,0.01567952,0.9998121,0.002466324,-0.02266193,0.9997401
Fixation,15.4949,0.01892953,0.05101585,-0.03924427,0.02376375,0.2212861,-0.01277782,-0.9748356,-0.4320425,0.04067639,0.9009355,0.08453678,0.05203605,-0.04210666,0.132462,0.224299,-0.01270773,-0.9653923,-0.4364397,0.2500549,0.8642876,0.05088513,0.05064011,-0.1658772,0.0114566,0.001035126,0.01568059,0.9998109,0.002429154,-0.0228764,0.9997354
Fixation,15.5055,0.01894544,0.05100703,-0.03924011,0.0237084,0.2212846,-0.0127272,-0.974838,-0.4320368,0.04059104,0.9009421,0.08455276,0.05202281,-0.04210257,0.1324074,0.2242935,-0.01265743,-0.9654018,-0.4364185,0.2499747,0.8643215,0.050901,0.05062973,-0.1658732,0.01152184,0.001035187,0.01564347,0.9998107,0.002430465,-0.02300694,0.9997324
Fixation,15.5169,0.01896147,0.05100584,-0.03923055,0.02379107,0.2211909,-0.01272749,-0.9748572,-0.4318646,0.04075538,0.9010172,0.08456893,0.05202258,-0.0420894,0.1323752,0.2243207,-0.01265274,-0.9653999,-0.4364682,0.2499135,0.864314,0.05091738,0.05062938,-0.1658619,0.01155361,0.001007813,0.01565013,0.9998103,0.002376876,-0.02307128,0.999731
Fixation,15.5278,0.01899182,0.05101836,-0.0392579,0.02380084,0.2211854,-0.0126881,-0.9748588,-0.431853,0.04079208,0.9010211,0.08459933,0.05202985,-0.04211736,0.1323851,0.2243108,-0.01261424,-0.9654014,-0.4364398,0.2499506,0.8643177,0.05094764,0.05063927,-0.1658896,0.01155287,0.001012005,0.01560938,0.9998109,0.002384293,-0.02306977,0.999731
Fixation,15.5393,0.01902088,0.05104315,-0.03927054,0.02385284,0.221232,-0.01268883,-0.9748469,-0.4319399,0.04089138,0.9009749,0.08462869,0.05205309,-0.04212372,0.1325547,0.2241355,-0.01261313,-0.9654189,-0.4361131,0.2502875,0.8643851,0.05097734,0.05066288,-0.1658991,0.01150159,0.0009640295,0.01560036,0.9998117,0.002286554,-0.02296877,0.9997336
Fixation,15.5500,0.01904499,0.05106235,-0.03927654,0.02404082,0.2212832,-0.0126959,-0.9748306,-0.4320376,0.04125267,0.9009116,0.08465275,0.0520699,-0.04213179,0.1326494,0.2241187,-0.01262309,-0.9654096,-0.4360815,0.2504639,0.8643499,0.05100125,0.05067992,-0.1659059,0.01140675,0.000979604,0.0155864,0.999813,0.002314422,-0.0227787,0.9997379
Fixation,15.5611,0.01907561,0.05107915,-0.03927847,0.02411282,0.2213157,-0.01267137,-0.9748217,-0.4320978,0.04140265,0.9008759,0.08468364,0.05208135,-0.04212922,0.1327209,0.2241467,-0.01259529,-0.9653936,-0.436123,0.2506095,0.8642868,0.05103231,0.05069339,-0.1659055,0.01134169,0.00094493,0.01554779,0.9998143,0.002242185,-0.02264979,0.999741
Fixation,15.5722,0.01910436,0.05107999,-0.03927245,0.02416763,0.2212409,-0.01266474,-0.9748374,-0.43196,0.04151511,0.9009367,0.08471201,0.0520792,-0.04213321,0.1329204,0.2239135,-0.01259937,-0.9654202,-0.4356907,0.2510058,0.8643898,0.05106005,0.05069232,-0.1659043,0.01129036,0.00102102,0.01552629,0.9998152,0.002392257,-0.02254484,0.999743
Fixation,15.5836,0.01913809,0.05109155,-0.03927866,0.02461541,0.2214053,-0.01262488,-0.9747894,-0.4322687,0.04239924,0.9007475,0.08474565,0.05208457,-0.04214366,0.1329577,0.2238764,-0.01256612,-0.9654241,-0.4356128,0.2510947,0.8644032,0.05109332,0.05070055,-0.1659125,0.01126236,0.001052756,0.01548047,0.9998162,0.002453818,-0.02248799,0.9997441
Fixation,15.5946,0.01916384,0.05110872,-0.03928648,0.02463143,0.2213948,-0.01266461,-0.9747909,-0.4322512,0.04241323,0.9007552,0.08477126,0.05210614,-0.04215301,0.1331538,0.2237493,-0.0126084,-0.965426,-0.4353845,0.251458,0.8644126,0.05111894,0.0507195,-0.165921,0.01123799,0.001064844,0.0155152,0.9998159,0.002478016,-0.0224388,0.9997451
Fixation,15.6055,0.01917275,0.05112398,-0.03928655,0.02474005,0.2212579,-0.01262828,-0.9748197,-0.431998,0.04264596,0.9008657,0.08477952,0.05211258,-0.04217132,0.1332616,0.2236069,-0.01258783,-0.9654444,-0.4351149,0.2516839,0.8644826,0.05112598,0.05072939,-0.1659298,0.01114135,0.00120323,0.01545037,0.9998178,0.002750298,-0.02224145,0.9997488
Fixation,15.6164,0.01918591,0.05114663,-0.03928503,0.02514507,0.2214317,-0.01255749,-0.9747708,-0.4323218,0.04346011,0.9006714,0.08479357,0.05212486,-0.04215271,0.1333144,0.2237225,-0.01250411,-0.9654114,-0.4353024,0.2518116,0.864351,0.05114081,0.05074668,-0.1659199,0.01110426,0.001072135,0.015375,0.9998196,0.002485339,-0.02217154,0.9997511
Fixation,15.6285,0.01919896,0.05117643,-0.03929272,0.02523083,0.2214225,-0.01261331,-0.9747699,-0.4323085,0.04360276,0.9006709,0.0848065,0.05215871,-0.04216179,0.1336823,0.2234595,-0.01256427,-0.9654207,-0.434824,0.252504,0.8643898,0.05115377,0.05077755,-0.1659281,0.01100828,0.00108311,0.01540999,0.9998201,0.002505105,-0.02197922,0.9997553
Fixation,15.6398,0.01921126,0.05119264,-0.03930152,0.02570956,0.2216148,-0.01264645,-0.9747133,-0.4326721,0.04451362,0.9004518,0.0848192,0.05217731,-0.04216075,0.1337514,0.2235347,-0.01259059,-0.9653934,-0.4349659,0.2526165,0.8642856,0.05116709,0.05079401,-0.165932,0.01093179,0.001008368,0.01543111,0.9998206,0.002353753,-0.02182854,0.999759
Fixation,15.6501,0.01921789,0.0512054,-0.0393555,0.02571359,0.2216108,-0.01264978,-0.974714,-0.4326649,0.04452014,0.9004549,0.0848258,0.05219018,-0.04221527,0.1337554,0.223531,-0.01259435,-0.9653936,-0.4349599,0.2526227,0.8642868,0.05117367,0.05080676,-0.1659862,0.01092715,0.001012566,0.0154333,0.9998207,0.002362053,-0.02181914,0.9997591
Fixation,15.6612,0.01921644,0.05120671,-0.03937178,0.02574634,0.2216446,-0.01263567,-0.9747057,-0.4327271,0.04458896,0.9004216,0.08482459,0.05218875,-0.04222695,0.133723,0.2235016,-0.01257758,-0.9654051,-0.434903,0.2525716,0.8643304,0.05117268,0.0508064,-0.1660002,0.01089805,0.0009772698,0.01541362,0.9998213,0.002290147,-0.02176208,0.9997606
Fixation,15.6776,0.0192199,0.05120122,-0.0393894,0.02569899,0.2216425,-0.01255893,-0.9747084,-0.4327191,0.04453085,0.9004283,0.08482817,0.05217516,-0.04224461,0.1336764,0.2234926,-0.01250147,-0.9654146,-0.4348684,0.2525183,0.8643634,0.05117607,0.0507977,-0.166018,0.01096133,0.0009768148,0.01534929,0.9998216,0.002289778,-0.02188876,0.9997578
Fixation,15.6883,0.01675301,0.04393828,-0.03744202,0.02588937,0.2217811,-0.01261946,-0.9746711,-0.4329807,0.04486973,0.9002857,0.08481386,0.05215132,-0.04227406,0.1336439,0.2235488,-0.01255726,-0.9654054,-0.4349869,0.2524269,0.8643304,0.05116232,0.05076933,-0.1660507,0.01097881,0.0009287889,0.01541858,0.9998204,0.002195799,-0.02192504,0.9997572
Fixation,15.7002,0.01675281,0.04392779,-0.03745829,0.025909,0.2218034,-0.01263032,-0.9746653,-0.4330226,0.04490231,0.900264,0.08481377,0.05214155,-0.04228756,0.1337163,0.223447,-0.01256737,-0.9654188,-0.4348008,0.2525682,0.8643827,0.05116243,0.05075896,-0.1660657,0.01095705,0.0009062747,0.01542569,0.9998206,0.002150264,-0.0218822,0.9997582
Fixation,15.7109,0.01675433,0.04393137,-0.03746413,0.02611768,0.2219459,-0.01264916,-0.9746271,-0.4332897,0.04529513,0.9001158,0.08481513,0.05215001,-0.04228748,0.1336627,0.2234884,-0.01258316,-0.9654165,-0.4348826,0.252456,0.8643745,0.05116415,0.05076563,-0.1660683,0.01100487,0.0008682129,0.01545893,0.9998196,0.00207636,-0.02197894,0.9997563
Fixation,15.7219,0.01675744,0.04393625,-0.03747864,0.02606545,0.2219401,-0.01266208,-0.9746296,-0.4332788,0.04518787,0.9001264,0.08481777,0.05215859,-0.04230218,0.1335589,0.2235053,-0.01259634,-0.9654267,-0.4349207,0.2522519,0.8644148,0.05116681,0.05077302,-0.1660827,0.01105298,0.0008749872,0.01548288,0.9998187,0.002091921,-0.02207486,0.9997541
Fixation,15.7327,0.01675358,0.04395306,-0.03750407,0.02603751,0.2219517,-0.01266265,-0.9746277,-0.4332999,0.04513276,0.900119,0.0848139,0.05217671,-0.04232562,0.1335312,0.2235176,-0.01259558,-0.9654278,-0.4349439,0.2521988,0.8644186,0.05116304,0.05079079,-0.1661069,0.01108,0.0008632794,0.01549012,0.9998183,0.002069506,-0.02212923,0.999753
Fixation,15.7443,0.01674973,0.04394484,-0.03750996,0.02611387,0.2220054,-0.01265753,-0.9746135,-0.4334,0.04528179,0.9000633,0.08480997,0.05217063,-0.04232875,0.1334612,0.2235314,-0.0125895,-0.9654343,-0.4349702,0.2520677,0.8644437,0.05115924,0.05078447,-0.1661111,0.01114978,0.0008504753,0.01550185,0.9998173,0.002046324,-0.02226912,0.9997499
Fixation,15.7553,0.01674769,0.04392803,-0.03750607,0.02608087,0.222041,-0.01258225,-0.9746073,-0.4334618,0.04524967,0.9000351,0.08480938,0.05214548,-0.04231892,0.1334793,0.2236748,-0.01250894,-0.9653996,-0.4352106,0.2521258,0.8643057,0.05115874,0.05076408,-0.1661039,0.0111984,0.0008113571,0.0154373,0.9998178,0.001968164,-0.02236768,0.9997479
Fixation,15.7665,0.01674465,0.0439086,-0.03752673,0.02602491,0.2220431,-0.01256144,-0.9746086,-0.4334641,0.04514984,0.9000391,0.08480647,0.05212557,-0.04233839,0.1334238,0.2236761,-0.01248793,-0.9654073,-0.4352094,0.2520302,0.8643342,0.05115584,0.05074501,-0.1661236,0.0112576,0.0008087444,0.01542954,0.9998173,0.001964592,-0.02248612,0.9997452
Fixation,15.7775,0.01673487,0.04390311,-0.0375363,0.02600939,0.2220236,-0.01250266,-0.9746142,-0.433425,0.04514647,0.9000581,0.0847974,0.05211294,-0.04235008,0.1334087,0.2236508,-0.01243164,-0.9654159,-0.4351491,0.252029,0.8643649,0.05114647,0.05073631,-0.1661341,0.01128601,0.0008266782,0.01537495,0.9998178,0.002000099,-0.02254249,0.9997439
Fixation,15.7883,0.016732,0.04391503,-0.03753381,0.02631657,0.222118,-0.01247993,-0.9745847,-0.4336024,0.04575142,0.8999421,0.08479512,0.05212116,-0.04234575,0.1334326,0.2236624,-0.01240856,-0.9654102,-0.4351633,0.2520838,0.8643417,0.05114423,0.0507462,-0.1661308,0.01126722,0.0008109027,0.01534908,0.9998184,0.001967394,-0.02250546,0.9997448
Fixation,15.8000,0.01672831,0.04392505,-0.03753226,0.02646725,0.2220638,-0.01249181,-0.9745928,-0.4335048,0.04604163,0.8999743,0.0847913,0.05212653,-0.04235389,0.1337817,0.2236205,-0.01242611,-0.9653714,-0.4350784,0.2527407,0.8641927,0.05113994,0.05075204,-0.166135,0.01111814,0.0008660394,0.01532495,0.9998204,0.002072537,-0.02220573,0.9997513
Fixation,15.8110,0.01671426,0.04393077,-0.03752722,0.02661383,0.2219446,-0.01255073,-0.9746152,-0.4332892,0.04630535,0.9000646,0.08477627,0.05213797,-0.04235291,0.1338229,0.2236034,-0.01248575,-0.9653689,-0.4350612,0.2527933,0.8641859,0.05112486,0.05076003,-0.1661323,0.01106482,0.0008907782,0.01537073,0.9998202,0.002121385,-0.02209828,0.9997535
Fixation,15.8217,0.01670773,0.04394615,-0.03751957,0.02661412,0.2219272,-0.01255339,-0.9746192,-0.4332572,0.0463054,0.90008,0.08476953,0.05215371,-0.04234771,0.1338232,0.2235864,-0.01249029,-0.9653727,-0.4350314,0.2527933,0.8642009,0.05111799,0.05077541,-0.1661259,0.0110641,0.000908668,0.01537254,0.9998202,0.002157176,-0.02209629,0.9997535
Fixation,15.8327,0.01670393,0.04396534,-0.03752221,0.02668137,0.2218741,-0.01257197,-0.9746292,-0.4331608,0.0464301,0.90012,0.08476518,0.05217242,-0.0423588,0.1339891,0.2235695,-0.01251409,-0.9653533,-0.4350007,0.2530982,0.8641272,0.05111325,0.05079353,-0.1661331,0.01099488,0.0009633722,0.01537353,0.9998209,0.00226446,-0.0219562,0.9997564
Fixation,15.8443,0.01670683,0.04398978,-0.03752888,0.02705582,0.221697,-0.01261171,-0.9746586,-0.4328403,0.04714841,0.9002368,0.08476762,0.05219805,-0.04236979,0.1340787,0.2235511,-0.01255359,-0.9653447,-0.434974,0.2532515,0.8640957,0.05111559,0.05081749,-0.1661425,0.01089853,0.000985095,0.01538896,0.9998217,0.002305273,-0.02176285,0.9997605
Fixation,15.8552,0.01671365,0.04401493,-0.03754394,0.02709446,0.2216775,-0.01262795,-0.9746618,-0.4328054,0.0472172,0.90025,0.08477415,0.05222368,-0.04238822,0.1341169,0.2235323,-0.01257197,-0.9653434,-0.4349432,0.2533173,0.8640919,0.05112198,0.05084229,-0.1661595,0.01085741,0.001005582,0.0153954,0.999822,0.002345114,-0.02167999,0.9997622
Fixation,15.8663,0.01670935,0.04403114,-0.03753111,0.02720145,0.221651,-0.01263453,-0.9746647,-0.4327582,0.04742367,0.9002618,0.0847699,0.05223644,-0.04238056,0.1342605,0.2234997,-0.01258163,-0.9653309,-0.4348807,0.2535877,0.864044,0.05111749,0.0508554,-0.1661499,0.01075185,0.001032275,0.01537696,0.9998235,0.002394846,-0.02146815,0.9997666
Fixation,15.8777,0.0167046,0.044047,-0.03751843,0.02727112,0.22163,-0.01260771,-0.9746679,-0.432719,0.04757207,0.9002728,0.08476565,0.05224597,-0.04237156,0.1343297,0.2234744,-0.01255741,-0.9653275,-0.4348256,0.2537318,0.8640295,0.05111298,0.05086744,-0.1661394,0.01069006,0.001052293,0.0153345,0.9998247,0.00243207,-0.02134411,0.9997692
Fixation,15.8882,0.01671398,0.04407203,-0.0375111,0.02758578,0.2215147,-0.01264658,-0.9746848,-0.4325118,0.04817207,0.9003405,0.08477417,0.05227172,-0.04237507,0.1344269,0.2234102,-0.01260267,-0.9653282,-0.4347167,0.253901,0.8640345,0.05112102,0.05089152,-0.1661381,0.01058647,0.001120992,0.01534702,0.9998255,0.002566533,-0.02113483,0.9997733
Fixation,15.8993,0.01670979,0.04408753,-0.03749269,0.02762419,0.2214914,-0.01264374,-0.974689,-0.432469,0.04824903,0.9003569,0.08476995,0.05228531,-0.04236041,0.134511,0.2234902,-0.01260098,-0.965298,-0.4348592,0.2540539,0.8639179,0.0511166,0.05090559,-0.1661218,0.01054985,0.001144569,0.01533476,0.9998261,0.002612299,-0.02106094,0.9997748
Fixation,15.9108,0.01669693,0.04409719,-0.03747229,0.02762098,0.221436,-0.01266944,-0.9747013,-0.4323678,0.04823347,0.9004064,0.08475612,0.05229819,-0.04234787,0.1345077,0.223438,-0.01263259,-0.9653101,-0.4347722,0.2540381,0.8639663,0.05110241,0.05091679,-0.1661053,0.01054779,0.001202301,0.01535822,0.9998257,0.002728173,-0.02105496,0.9997746
Fixation,15.9223,0.01668051,0.04409432,-0.03745406,0.02760006,0.2212224,-0.01272096,-0.9747498,-0.4319752,0.04817799,0.9005978,0.0847383,0.05230355,-0.0423355,0.1344573,0.2234003,-0.01268618,-0.9653252,-0.4347193,0.2539218,0.8640271,0.05108438,0.05091858,-0.1660899,0.01058664,0.001249893,0.01541548,0.9998243,0.002825743,-0.02113103,0.9997727
Fixation,15.9329,0.01666094,0.04405248,-0.03747229,0.0275446,0.2212071,-0.01275826,-0.9747543,-0.4319479,0.048054,0.9006175,0.08471777,0.05226874,-0.04235539,0.1344827,0.2235235,-0.01272284,-0.9652926,-0.4349532,0.2539426,0.8639033,0.05106385,0.05088091,-0.1661087,0.01063258,0.001267368,0.01546348,0.9998231,0.002863122,-0.02122221,0.9997707
Fixation,15.9444,0.01664298,0.044029,-0.0374473,0.02744994,0.2211684,-0.0127948,-0.9747653,-0.4318769,0.0478549,0.9006621,0.08469848,0.0522536,-0.04233479,0.1343887,0.2234911,-0.0127632,-0.9653127,-0.434908,0.2537494,0.8639828,0.0510444,0.05086267,-0.1660855,0.01071715,0.001309072,0.01551847,0.9998213,0.002950303,-0.02138984,0.9997669
Fixation,15.9549,0.01662586,0.04400909,-0.03741966,0.02737588,0.2210128,-0.01278508,-0.9748028,-0.4315878,0.04772084,0.9008078,0.08468084,0.05223548,-0.04231123,0.1343021,0.223454,-0.01275587,-0.9653335,-0.4348415,0.2535919,0.8640625,0.05102648,0.05084467,-0.1660594,0.01080533,0.001348368,0.01552518,0.9998202,0.003031761,-0.02156491,0.9997628
Fixation,15.9662,0.01660398,0.04398632,-0.03739844,0.0272748,0.2210467,-0.01281721,-0.9747975,-0.4316506,0.04750841,0.9007889,0.08465838,0.05222094,-0.04228414,0.1341988,0.2235252,-0.01278337,-0.9653309,-0.4349826,0.2533777,0.8640543,0.05100441,0.05082726,-0.1660347,0.01089647,0.001315544,0.01558029,0.9998184,0.00297015,-0.02174799,0.9997591
Fixation,15.9774,0.01657883,0.04395056,-0.0373687,0.02720924,0.2210061,-0.0128308,-0.9748084,-0.4315754,0.04737623,0.9008319,0.08463237,0.05218947,-0.04225929,0.1341338,0.2234878,-0.01280118,-0.9653484,-0.4349214,0.2532498,0.8641226,0.05097815,0.05079436,-0.1660072,0.01095777,0.001358093,0.01560638,0.9998173,0.003057711,-0.02186915,0.9997562
Fixation,15.9887,0.01655435,0.04391432,-0.03733918,0.02713355,0.22088,-0.01289829,-0.9748382,-0.4313444,0.04720369,0.9009516,0.0846069,0.05216491,-0.04222408,0.134059,0.2235329,-0.01286167,-0.9653475,-0.4350223,0.253077,0.8641225,0.05095316,0.0507648,-0.1659744,0.01101627,0.001323438,0.01568801,0.9998154,0.002992034,-0.02198694,0.9997538
Fixation,15.9993,0.0165333,0.04387844,-0.03731924,0.02709153,0.2209429,-0.01299234,-0.9748238,-0.4314648,0.0470778,0.9009005,0.08458474,0.0521431,-0.04219544,0.1340403,0.2235304,-0.01294922,-0.9653495,-0.4350414,0.2530023,0.8641347,0.05093176,0.05073631,-0.16595,0.01103577,0.001262829,0.01579155,0.9998136,0.002873732,-0.02202754,0.9997532
Fixation,16.0111,0.0165377,0.04389036,-0.03732405,0.02712738,0.2208479,-0.01305444,-0.9748436,-0.4312927,0.04712381,0.9009806,0.08458842,0.05216813,-0.04218829,0.1339172,0.2236156,-0.01299957,-0.9653462,-0.4352147,0.2527392,0.8641245,0.05093625,0.0507561,-0.1659482,0.01114264,0.001187444,0.01588007,0.9998111,0.002728331,-0.02224335,0.9997489
Fixation,16.0221,0.01650506,0.04388475,-0.03730863,0.02698456,0.220906,-0.0130762,-0.9748341,-0.4313992,0.04683373,0.9009447,0.08455542,0.05217123,-0.04216298,0.1337755,0.223679,-0.01301443,-0.965351,-0.4353395,0.2524586,0.8641436,0.05090382,0.05075657,-0.165927,0.01127657,0.00112964,0.0159353,0.9998088,0.00261824,-0.02251283,0.9997431
Fixation,16.0329,0.01649125,0.04389012,-0.03730227,0.02710261,0.2210237,-0.01303825,-0.9748046,-0.4316166,0.04707597,0.9008279,0.0845438,0.05216742,-0.04214153,0.1338334,0.2238979,-0.01296258,-0.9652929,-0.4357237,0.2525722,0.8639168,0.05089297,0.05075598,-0.1659136,0.01116874,0.001006877,0.01587708,0.9998111,0.002368028,-0.02230128,0.9997485
Fixation,16.0439,0.01648086,0.04387307,-0.03731687,0.02706635,0.2210925,-0.01307352,-0.9747896,-0.431745,0.04698707,0.900771,0.08453335,0.05215669,-0.04214629,0.1337972,0.2239708,-0.01298999,-0.9652806,-0.4358653,0.252485,0.8638708,0.05088316,0.05074239,-0.1659231,0.01119563,0.0009380048,0.01592233,0.9998101,0.002232174,-0.02235714,0.9997476
Fixation,16.0548,0.01647885,0.04382539,-0.03732802,0.02708019,0.2211244,-0.0130998,-0.9747816,-0.4318055,0.04700117,0.9007413,0.08453141,0.05211747,-0.04214177,0.1336767,0.2240772,-0.01300353,-0.9652724,-0.4360676,0.2522414,0.8638399,0.05088214,0.05070043,-0.1659257,0.01130754,0.000835639,0.01597797,0.9998081,0.0020323,-0.02258404,0.9997429
Fixation,16.0661,0.01648154,0.04379988,-0.0373177,0.02696313,0.221216,-0.01303565,-0.9747649,-0.4319702,0.04679804,0.9006729,0.08453556,0.05208862,-0.04211663,0.1334647,0.2241476,-0.01292979,-0.9652864,-0.4361846,0.251867,0.8638901,0.0508869,0.05067492,-0.1659072,0.01143509,0.0007400418,0.01594518,0.9998072,0.001844467,-0.02284217,0.9997374
Fixation,16.0779,0.01650267,0.04382682,-0.03730866,0.02709419,0.2211711,-0.01287688,-0.9747736,-0.4318813,0.04712541,0.9006985,0.08455937,0.05208945,-0.04211453,0.1335955,0.2240833,-0.01277727,-0.9652853,-0.4360226,0.2521891,0.8638778,0.0509099,0.05068743,-0.1659022,0.0113429,0.0007791246,0.01575962,0.9998112,0.001915475,-0.02265697,0.9997414
Fixation,16.0885,0.01651605,0.04383731,-0.03730959,0.02725641,0.2209796,-0.01272886,-0.9748144,-0.4315221,0.04751425,0.9008502,0.0845744,0.05208039,-0.04212563,0.1335882,0.2239875,-0.01263727,-0.9653104,-0.4358113,0.252247,0.8639676,0.0509239,0.05068862,-0.165908,0.01138476,0.000856353,0.01561213,0.999813,0.002067866,-0.02273852,0.9997393
Fixation,16.0995,0.01655173,0.04386055,-0.03729143,0.02732025,0.2208817,-0.01242201,-0.9748388,-0.4313268,0.04777809,0.9009298,0.0846144,0.0520606,-0.04211986,0.1335197,0.2237831,-0.01234442,-0.9653711,-0.4353639,0.2522672,0.8641872,0.05096234,0.05069005,-0.1658961,0.01139145,0.0009443272,0.01529495,0.9998177,0.002236773,-0.02274986,0.9997387
Fixation,16.1112,0.01658937,0.04389441,-0.03728812,0.02732359,0.2207041,-0.0124564,-0.9748784,-0.431,0.04777599,0.9010863,0.08464982,0.05209816,-0.04214164,0.1335229,0.2236101,-0.012398,-0.96541,-0.4350618,0.252264,0.8643403,0.05099645,0.05072582,-0.1659055,0.01138225,0.00112759,0.01532029,0.9998172,0.002603526,-0.0227258,0.9997383
Fixation,16.1216,0.01659565,0.04389822,-0.03729587,0.02715089,0.2207391,-0.01248067,-0.9748751,-0.4310638,0.04742751,0.9010742,0.08465469,0.05210602,-0.04216233,0.1334981,0.2235203,-0.01243431,-0.9654338,-0.434908,0.2522085,0.8644339,0.05100067,0.05073178,-0.1659197,0.01140156,0.001224839,0.0153475,0.9998165,0.0027992,-0.02276134,0.999737
Fixation,16.1327,0.0166294,0.04391003,-0.03730388,0.02719217,0.2206438,-0.01256608,-0.9748944,-0.4308923,0.04747374,0.9011538,0.08468631,0.05212688,-0.04218478,0.1335485,0.2235561,-0.0125279,-0.9654173,-0.4349959,0.2522587,0.864375,0.05103174,0.05074739,-0.1659354,0.01134324,0.001325476,0.01541761,0.9998159,0.003000235,-0.02264143,0.9997392
Fixation,16.1447,0.01664903,0.04394484,-0.03733608,0.02707623,0.2206228,-0.01258515,-0.9749021,-0.4308529,0.0472402,0.9011849,0.08470498,0.05216873,-0.04221848,0.1334334,0.2235399,-0.0125488,-0.9654367,-0.4349761,0.2520328,0.8644509,0.05105036,0.05078721,-0.1659677,0.01145231,0.001348416,0.01546098,0.999814,0.003050458,-0.02285866,0.999734
Fixation,16.1552,0.01667299,0.04397988,-0.03735979,0.02711889,0.2204544,-0.01261504,-0.9749386,-0.4305432,0.04731641,0.9013289,0.08472832,0.05220783,-0.04224404,0.1334183,0.2235299,-0.01257758,-0.9654407,-0.4349658,0.251992,0.8644679,0.05107366,0.0508244,-0.1659923,0.01146109,0.001363266,0.01549058,0.9998134,0.003081101,-0.02287566,0.9997336
Fixation,16.1662,0.01669389,0.04400945,-0.03741317,0.027197,0.2204332,-0.01259566,-0.9749415,-0.4305041,0.04747796,0.9013391,0.08474962,0.05223167,-0.0423013,0.1334958,0.223505,-0.01256086,-0.965436,-0.4349132,0.2521485,0.8644487,0.05109472,0.05085003,-0.1660481,0.01138939,0.001383705,0.01545353,0.9998147,0.003118911,-0.0227318,0.9997367
Fixation,16.1777,0.0167015,0.0440526,-0.03746301,0.02728294,0.2203855,-0.01245742,-0.9749517,-0.4304101,0.04770822,0.9013718,0.08475935,0.05225325,-0.042358,0.1337665,0.2235241,-0.01242757,-0.9653958,-0.4349032,0.2527196,0.864287,0.0511037,0.05088174,-0.1661017,0.01133666,0.001426733,0.01529785,0.9998177,0.003199799,-0.02262553,0.9997389
Fixation,16.1884,0.01670803,0.04410005,-0.03748914,0.02742647,0.2203683,-0.01239061,-0.9749524,-0.4303769,0.04801801,0.9013712,0.08476778,0.05228615,-0.04238203,0.1339142,0.2235394,-0.01235816,-0.9653727,-0.4349076,0.2530292,0.8641942,0.05111209,0.05092013,-0.1661274,0.01120637,0.001396519,0.01520034,0.9998207,0.00313322,-0.02236627,0.999745
Fixation,16.1996,0.01670901,0.04413307,-0.03751294,0.02759728,0.2204359,-0.01233537,-0.974933,-0.4305013,0.04837269,0.9012928,0.08477096,0.05230546,-0.0423983,0.1341841,0.2235665,-0.01229677,-0.9653297,-0.4349308,0.2535656,0.8640253,0.05111558,0.05094445,-0.1661482,0.01105135,0.001324058,0.01511157,0.9998239,0.002981655,-0.02205879,0.9997522
Fixation,16.2106,0.01670457,0.04414725,-0.03753155,0.0276934,0.2204902,-0.01235499,-0.9749177,-0.430604,0.04854927,0.9012343,0.08476707,0.05231869,-0.04241075,0.1342793,0.2236203,-0.01231062,-0.9653039,-0.4350292,0.2537349,0.8639261,0.05111212,0.05095685,-0.1661643,0.01095272,0.001268559,0.0151117,0.999825,0.002867703,-0.02186327,0.9997569
Fixation,16.2229,0.0167065,0.0441581,-0.03755533,0.02779077,0.2205847,-0.01246667,-0.9748921,-0.4307854,0.04868609,0.9011402,0.08476742,0.05234396,-0.04243253,0.134289,0.2236526,-0.01242035,-0.9652936,-0.4351167,0.2537009,0.863892,0.0511129,0.05097461,-0.1661872,0.01091746,0.001251384,0.01522006,0.9998238,0.002834656,-0.02179298,0.9997585
Fixation,16.2329,0.01671155,0.04415369,-0.03756716,0.02785195,0.2206667,-0.01255827,-0.9748706,-0.4309426,0.04876171,0.9010609,0.08477199,0.05234945,-0.04243437,0.1344389,0.2236416,-0.01250397,-0.9652742,-0.4351129,0.253948,0.8638213,0.05111831,0.05097425,-0.1661944,0.01083669,0.001170509,0.01529921,0.9998236,0.00267219,-0.02163374,0.9997624
Fixation,16.2443,0.01670704,0.0441252,-0.03758918,0.02779909,0.220681,-0.01256551,-0.9748688,-0.4309686,0.04865499,0.9010542,0.0847673,0.05232394,-0.04245374,0.1343865,0.2236577,-0.01250944,-0.9652777,-0.4351459,0.2538449,0.863835,0.05111377,0.05094779,-0.1662148,0.01088652,0.001156542,0.01531855,0.9998227,0.002646205,-0.02173375,0.9997603
Fixation,16.2549,0.01670948,0.04408312,-0.03760287,0.02797107,0.2207052,-0.0126401,-0.9748574,-0.4310194,0.04895614,0.9010136,0.08476859,0.05229366,-0.04246363,0.1343382,0.2236927,-0.01258038,-0.9652754,-0.4352303,0.2537185,0.8638296,0.05111548,0.05091214,-0.1662264,0.01091692,0.001132801,0.01540284,0.9998211,0.0026015,-0.02179505,0.9997591
Fixation,16.2661,0.01671133,0.0440619,-0.03760517,0.02789097,0.2206859,-0.01259167,-0.9748648,-0.4309801,0.04882223,0.9010397,0.08477074,0.05226922,-0.04246722,0.1343969,0.2236537,-0.01253422,-0.9652768,-0.4351447,0.2538538,0.863833,0.05111739,0.05089033,-0.1662289,0.011006,0.001151273,0.01537256,0.9998206,0.002640513,-0.02197265,0.9997551
Fixation,16.2776,0.01671646,0.04403543,-0.03760442,0.02777043,0.2206885,-0.01258677,-0.9748677,-0.4309832,0.04858948,0.9010508,0.08477552,0.05224693,-0.04246445,0.1342774,0.2236587,-0.0125287,-0.9652924,-0.4351567,0.2536297,0.8638927,0.05112224,0.05086744,-0.1662265,0.01112464,0.001149169,0.01539456,0.999819,0.002640441,-0.02220987,0.9997498
Fixation,16.2885,0.01674496,0.04401922,-0.03760968,0.02766787,0.2208385,-0.0125345,-0.9748373,-0.4312567,0.04840714,0.9009297,0.08480483,0.05222726,-0.04246397,0.1342015,0.2236862,-0.01247485,-0.9652973,-0.4351957,0.2535078,0.8639088,0.05115171,0.05085051,-0.1662284,0.01121052,0.001115712,0.01536366,0.9998185,0.002575489,-0.02238269,0.9997461
Fixation,16.3000,0.01675926,0.04401529,-0.03760738,0.02754375,0.2208977,-0.01246471,-0.9748283,-0.4313613,0.04819401,0.9008911,0.08482036,0.05221927,-0.04245124,0.1342152,0.2236491,-0.01239986,-0.9653049,-0.4351076,0.2535708,0.8639347,0.05116757,0.05084622,-0.1662201,0.01134651,0.001053058,0.01532562,0.9998176,0.002453516,-0.02265661,0.9997403
Fixation,16.3139,0.01675686,0.04402077,-0.03760478,0.0274218,0.2210115,-0.012397,-0.9748068,-0.431567,0.04798215,0.9008039,0.08481909,0.05221689,-0.04244611,0.1341991,0.2236557,-0.01233262,-0.9653065,-0.4351026,0.25357,0.8639375,0.05116626,0.05084813,-0.1662161,0.01137727,0.001037088,0.0152654,0.9998182,0.002421155,-0.02271874,0.999739
Fixation,16.3273,0.01676614,0.04403174,-0.03759297,0.02740883,0.221129,-0.01232572,-0.9747814,-0.4317805,0.04798408,0.9007015,0.08483059,0.05221951,-0.04241723,0.1344499,0.2237524,-0.01224872,-0.9652503,-0.4352479,0.2540742,0.8637161,0.0511785,0.05085528,-0.1661955,0.01140462,0.0009140426,0.01520375,0.999819,0.00217454,-0.02277732,0.9997382
Fixation,16.3341,0.01679369,0.04401565,-0.03760941,0.02740106,0.2211373,-0.01235441,-0.9747794,-0.4317971,0.04795593,0.900695,0.08485773,0.05220759,-0.04243261,0.1344421,0.2237638,-0.01227631,-0.9652484,-0.4352762,0.254046,0.8637102,0.05120578,0.05084133,-0.1662114,0.01140576,0.0009067584,0.01523377,0.9998185,0.002160693,-0.02277975,0.9997382
Fixation,16.3444,0.01680854,0.0440166,-0.03760425,0.02731229,0.221165,-0.01238449,-0.9747753,-0.4318488,0.04776866,0.9006802,0.08487201,0.05221605,-0.0424226,0.1343539,0.2237966,-0.01230291,-0.9652527,-0.4353464,0.2538643,0.8637282,0.05122038,0.05084705,-0.1662033,0.01148541,0.0008800775,0.01528389,0.9998168,0.002110916,-0.0229397,0.9997346
Fixation,16.3554,0.01682083,0.04403079,-0.03758702,0.02740416,0.2211465,-0.01244934,-0.974776,-0.4318189,0.04791959,0.9006865,0.08488359,0.05223739,-0.04240315,0.134385,0.2238246,-0.01236439,-0.9652411,-0.4354126,0.253893,0.8636864,0.05123229,0.05086434,-0.1661852,0.01144,0.0008596829,0.01534036,0.9998165,0.002070038,-0.02284943,0.9997368
Fixation,16.3664,0.01682758,0.04403734,-0.03754985,0.02746526,0.2211843,-0.01241864,-0.9747661,-0.431888,0.04805079,0.9006464,0.08489142,0.05223775,-0.04236132,0.134686,0.2237561,-0.01233108,-0.9652155,-0.4352674,0.2544836,0.8635858,0.05124031,0.0508672,-0.166146,0.01138686,0.0008193963,0.01529851,0.9998178,0.001986898,-0.0227445,0.9997393
Fixation,16.3780,0.01683113,0.04405117,-0.03752766,0.0274453,0.2211287,-0.01235296,-0.9747801,-0.4317818,0.04804308,0.9006977,0.08489544,0.05224359,-0.04234615,0.1346665,0.2236945,-0.01227188,-0.9652333,-0.43514,0.2544788,0.8636514,0.05124374,0.05087721,-0.1661271,0.01142143,0.0008738602,0.0152366,0.9998183,0.00209545,-0.02281208,0.9997376
Fixation,16.3886,0.0168453,0.04404747,-0.03750642,0.02742267,0.2211383,-0.01225773,-0.9747798,-0.4317946,0.04804081,0.9006917,0.08491043,0.05222702,-0.04233514,0.1346738,0.2236077,-0.01218706,-0.9652534,-0.4349588,0.2545385,0.8637251,0.05125789,0.0508672,-0.166111,0.01143622,0.0009492755,0.01514031,0.9998195,0.002244504,-0.02283956,0.9997366
Fixation,16.4003,0.01686319,0.04404044,-0.0374881,0.0272817,0.2211114,-0.01216903,-0.9747909,-0.4317388,0.04780648,0.9007309,0.08492896,0.05221391,-0.04231806,0.1347025,0.2234942,-0.01210254,-0.9652767,-0.434728,0.2546407,0.8638111,0.05127606,0.05085909,-0.1660925,0.01159367,0.00097425,0.01508399,0.9998186,0.002297904,-0.02315374,0.9997293
Fixation,16.4113,0.0168548,0.04396725,-0.03747624,0.02726578,0.2210665,-0.01222479,-0.9748009,-0.4316582,0.04775244,0.9007724,0.0849192,0.05214834,-0.04231264,0.1346865,0.2234558,-0.01216287,-0.9652871,-0.4346743,0.2545865,0.8638541,0.05126609,0.05078971,-0.1660838,0.01159724,0.001022578,0.01513995,0.9998176,0.002395946,-0.02315929,0.9997289
Fixation,16.4220,0.01687107,0.04397559,-0.0374688,0.02733746,0.2212034,-0.01222933,-0.9747678,-0.4319126,0.04788501,0.9006434,0.08493513,0.05216229,-0.04230022,0.1345656,0.2234834,-0.012166,-0.9652976,-0.4347303,0.2543539,0.8638945,0.05128229,0.05080235,-0.1660733,0.01171456,0.0009987293,0.01517395,0.9998158,0.002352603,-0.02339449,0.9997236
Fixation,16.4339,0.01686789,0.04398286,-0.03745777,0.02728033,0.221241,-0.01225982,-0.9747605,-0.4319828,0.04775883,0.9006164,0.08493158,0.05217612,-0.04228339,0.1345088,0.2235253,-0.01219204,-0.9652954,-0.4348157,0.2542311,0.8638877,0.05127914,0.05081356,-0.166059,0.01176314,0.0009618452,0.01521789,0.9998146,0.002281354,-0.02349265,0.9997214
Fixation,16.4441,0.0168655,0.04397666,-0.03747554,0.02729067,0.2212647,-0.01229804,-0.9747543,-0.4320288,0.04776115,0.9005942,0.08492884,0.05217457,-0.04229826,0.1347189,0.2234553,-0.01222868,-0.9652818,-0.4346895,0.2546183,0.8638371,0.05127667,0.05080938,-0.1660754,0.01174435,0.0009389272,0.01525383,0.9998142,0.002235798,-0.02345569,0.9997224
Fixation,16.4550,0.01685767,0.04397726,-0.03748471,0.02718154,0.2212459,-0.01229871,-0.9747616,-0.4319925,0.04754897,0.9006228,0.08492126,0.05217552,-0.04230307,0.1347106,0.2234856,-0.01222527,-0.9652761,-0.4347444,0.2546014,0.8638145,0.05126933,0.05081034,-0.1660824,0.01175231,0.0009078686,0.01525695,0.9998142,0.002174009,-0.02347256,0.9997221
Fixation,16.4664,0.01685546,0.04399514,-0.03747642,0.02718093,0.2212695,-0.01234908,-0.9747556,-0.4320387,0.04752459,0.900602,0.08491845,0.0522002,-0.04229182,0.1347097,0.2235144,-0.01227272,-0.9652689,-0.4348095,0.2545759,0.8637892,0.05126683,0.05083156,-0.1660726,0.01174149,0.0008856131,0.01530716,0.9998135,0.002130354,-0.0234515,0.9997227
Fixation,16.4773,0.01685162,0.04400861,-0.03747084,0.02723514,0.221266,-0.01227729,-0.9747558,-0.4320293,0.04766214,0.9005992,0.08491596,0.05220211,-0.04228697,0.1348438,0.2233529,-0.01220406,-0.9652884,-0.4344912,0.2548746,0.8638613,0.0512641,0.05083871,-0.1660676,0.01170459,0.0008861055,0.01522506,0.9998152,0.00212829,-0.02337787,0.9997244
Fixation,16.4887,0.01684841,0.04397595,-0.03750508,0.0271344,0.2212148,-0.01225095,-0.9747706,-0.4319322,0.04747945,0.9006555,0.08491294,0.05216563,-0.042325,0.13485,0.2233222,-0.01218068,-0.965295,-0.4344288,0.2548996,0.8638853,0.0512608,0.05080414,-0.1661038,0.01170475,0.0009135814,0.01519657,0.9998156,0.00218257,-0.02337741,0.9997243
Fixation,16.4999,0.01685067,0.04397476,-0.037505,0.02721146,0.2211756,-0.012228,-0.9747776,-0.4318595,0.04764118,0.9006818,0.0849155,0.05215824,-0.04233127,0.1349265,0.223279,-0.01216237,-0.9652944,-0.434342,0.2550564,0.8638827,0.05126296,0.05079901,-0.1661073,0.01163505,0.000952361,0.01515549,0.999817,0.002257043,-0.02323697,0.9997274
Fixation,16.5113,0.01686605,0.04399025,-0.03749935,0.02719397,0.2212144,-0.01225525,-0.9747689,-0.4319324,0.04759359,0.9006493,0.08493074,0.05217814,-0.04232014,0.1349657,0.2232284,-0.01218645,-0.9653004,-0.4342544,0.2551241,0.8639067,0.05127858,0.05081677,-0.1660988,0.01164569,0.0009137204,0.01518755,0.9998164,0.002180844,-0.02325936,0.9997271
Fixation,16.5216,0.01686995,0.04401588,-0.03750498,0.02709429,0.2211237,-0.01229031,-0.9747919,-0.4317651,0.04738723,0.9007404,0.08493261,0.05221081,-0.04234226,0.134891,0.2231112,-0.01223533,-0.9653373,-0.434056,0.2549709,0.8640516,0.05127961,0.05084682,-0.1661124,0.01171234,0.00104216,0.01523368,0.9998148,0.002440778,-0.02338859,0.9997235
Fixation,16.5332,0.01688499,0.04398704,-0.03753506,0.02723235,0.2211315,-0.01226896,-0.9747866,-0.4317802,0.04766535,0.9007185,0.08494858,0.05217373,-0.04237296,0.1352009,0.2230536,-0.01221424,-0.9653075,-0.4339335,0.2555721,0.8639356,0.05129553,0.05081224,-0.1661435,0.01158234,0.001032448,0.01518262,0.9998171,0.002416219,-0.02312909,0.9997296
Fixation,16.5447,0.01689727,0.04401529,-0.03752211,0.02729564,0.2210855,-0.01226944,-0.9747952,-0.4316961,0.04779013,0.9007522,0.08496067,0.05219948,-0.04236727,0.1352636,0.2230065,-0.01221995,-0.9653096,-0.4338464,0.2556923,0.8639437,0.05130723,0.05083847,-0.1661346,0.01152093,0.001079161,0.01516715,0.999818,0.002507408,-0.02300493,0.9997322
Fixation,16.5556,0.01689851,0.04403782,-0.037519,0.02732625,0.2210882,-0.01220896,-0.9747944,-0.4316984,0.04787645,0.9007465,0.08496138,0.05221415,-0.04238471,0.1352526,0.2228505,-0.01217883,-0.9653476,-0.4335509,0.2557034,0.8640888,0.05130662,0.05085731,-0.1661417,0.01154642,0.001231719,0.01510663,0.9998184,0.002811845,-0.02305144,0.9997303
Fixation,16.5661,0.0168895,0.04402876,-0.0375211,0.02740354,0.2211557,-0.0122377,-0.9747766,-0.4318255,0.04801178,0.9006785,0.08495283,0.05220616,-0.04237863,0.1353476,0.2230415,-0.0121982,-0.96529,-0.4339015,0.2558581,0.863867,0.05129863,0.05084777,-0.1661401,0.01146401,0.001163249,0.01512033,0.9998193,0.002672757,-0.0228887,0.9997345
Fixation,16.5776,0.01688524,0.04403257,-0.0375216,0.02738843,0.2211021,-0.01224163,-0.9747892,-0.4317264,0.0479826,0.9007275,0.08494796,0.05221081,-0.04238643,0.1353327,0.222989,-0.01220803,-0.9653041,-0.4338087,0.2558298,0.8639219,0.05129335,0.05085206,-0.1661442,0.01147838,0.001218449,0.01512526,0.999819,0.002783683,-0.02291575,0.9997335
Fixation,16.5887,0.01688546,0.04403389,-0.03751457,0.02720287,0.2210438,-0.01224293,-0.9748076,-0.4316164,0.04762268,0.9007993,0.08494854,0.05221355,-0.04237178,0.1353017,0.2230411,-0.01220201,-0.9652965,-0.4339034,0.2557694,0.8638923,0.05129435,0.05085456,-0.1661332,0.01150839,0.001165724,0.01513413,0.9998186,0.002679365,-0.02297733,0.9997324
Fixation,16.6000,0.01687938,0.04403305,-0.03751442,0.02715548,0.221038,-0.01226246,-0.9748099,-0.4316061,0.04752193,0.9008095,0.08494192,0.05221713,-0.04237193,0.1353718,0.2227362,-0.0122264,-0.9653568,-0.43335,0.2559176,0.8641261,0.05128775,0.05085647,-0.166133,0.01155034,0.001172701,0.01516341,0.9998176,0.002695259,-0.0230609,0.9997304
Fixation,16.6110,0.01690571,0.04403496,-0.03755581,0.02714214,0.2210314,-0.01225878,-0.9748119,-0.4315936,0.04749782,0.9008168,0.08496819,0.05221903,-0.04241403,0.1353585,0.2227295,-0.01222345,-0.9653602,-0.4333375,0.2558944,0.8641393,0.05131397,0.05085862,-0.1661746,0.01156423,0.001179414,0.0151625,0.9998175,0.002709082,-0.02308846,0.9997298
Fixation,16.6221,0.01690676,0.04402637,-0.0375602,0.02708065,0.2209499,-0.01224747,-0.9748322,-0.4314414,0.04738604,0.9008956,0.0849694,0.05221021,-0.04241645,0.1353237,0.2227391,-0.01220967,-0.965363,-0.4333527,0.2558339,0.8641496,0.05131525,0.05085039,-0.1661778,0.01160128,0.001168748,0.01515838,0.9998171,0.002688781,-0.02316288,0.9997281
Fixation,16.6331,0.01690247,0.04401493,-0.03756212,0.02699872,0.2210179,-0.01222817,-0.9748193,-0.4315653,0.04723246,0.9008443,0.08496575,0.05219972,-0.04240765,0.1353695,0.22246,-0.01218791,-0.9654212,-0.432835,0.2559545,0.8643733,0.05131212,0.05084038,-0.1661739,0.01168484,0.001098842,0.01516057,0.9998162,0.002551577,-0.02333206,0.9997245
Fixation,16.6439,0.01691586,0.04400444,-0.03756564,0.02698886,0.2210345,-0.01219075,-0.9748163,-0.4315941,0.0472292,0.9008307,0.08497988,0.05218494,-0.04240844,0.1353598,0.2224729,-0.01214886,-0.9654201,-0.4328485,0.2559527,0.8643671,0.05132629,0.05082798,-0.1661759,0.01170261,0.001080384,0.01512699,0.9998165,0.002514421,-0.02336824,0.9997238
Fixation,16.6552,0.01693264,0.04399776,-0.03757539,0.02702556,0.2207964,-0.01216711,-0.9748695,-0.4311529,0.04731989,0.9010372,0.08499721,0.05217791,-0.04241106,0.1352816,0.2225136,-0.01211624,-0.9654221,-0.4329173,0.2558157,0.8643731,0.05134392,0.05082202,-0.1661816,0.01178548,0.001036648,0.01511898,0.9998157,0.002429283,-0.02353526,0.99972
Fixation,16.6666,0.0169326,0.04398835,-0.03758068,0.0269234,0.2208591,-0.01220421,-0.9748577,-0.4312695,0.04710214,0.9009928,0.08499677,0.05217755,-0.04240647,0.1351802,0.2225823,-0.01214596,-0.9654201,-0.4330546,0.2556045,0.8643669,0.05134411,0.05081844,-0.1661814,0.01187631,0.0009744733,0.01518036,0.9998138,0.002309157,-0.02371862,0.999716
Fixation,16.6783,0.01693063,0.04398346,-0.03758657,0.026863,0.2208547,-0.01217627,-0.9748607,-0.4312594,0.04699698,0.9010031,0.08499499,0.05217135,-0.04241195,0.1350624,0.2224522,-0.01212055,-0.9654669,-0.4328144,0.2554041,0.8645464,0.05134224,0.05081367,-0.1661867,0.01194147,0.0009781955,0.01516631,0.9998132,0.002318242,-0.02384882,0.9997129
Fixation,16.6888,0.01694727,0.04395032,-0.03761638,0.02666548,0.2204748,-0.01215714,-0.9749523,-0.4305532,0.04663446,0.9013596,0.08501206,0.05213773,-0.04243656,0.1349958,0.2224805,-0.01209193,-0.96547,-0.4328612,0.2552885,0.8645571,0.05135952,0.05078113,-0.1662135,0.01201241,0.0009472994,0.0151577,0.9998125,0.002258405,-0.02399159,0.9997096
Fixation,16.6998,0.01695243,0.0439291,-0.03762554,0.02668636,0.2205208,-0.0121959,-0.9749409,-0.4306405,0.04665636,0.9013168,0.0850171,0.0521208,-0.04243983,0.1350164,0.2225298,-0.01212536,-0.9654554,-0.4329595,0.2553081,0.8645021,0.05136501,0.05076182,-0.1662199,0.01198302,0.0009014948,0.01519278,0.9998124,0.002166762,-0.02393414,0.9997112
Fixation,16.7112,0.01696071,0.04393256,-0.03763759,0.02653849,0.2205187,-0.01218916,-0.9749454,-0.4306344,0.04637128,0.9013344,0.08502491,0.05212927,-0.04245013,0.1349427,0.2222643,-0.01212267,-0.9655269,-0.432476,0.2551927,0.8647781,0.05137285,0.05076945,-0.1662303,0.01212879,0.0009042741,0.01521878,0.9998102,0.002177376,-0.02422545,0.9997041
Fixation,16.7219,0.01697046,0.04391611,-0.03765136,0.0264077,0.2203839,-0.01220747,-0.9749793,-0.4303843,0.04611327,0.9014671,0.0850344,0.05211496,-0.042464,0.1349424,0.2222661,-0.01213882,-0.9655263,-0.4324836,0.2551848,0.8647767,0.05138238,0.05075419,-0.1662441,0.01212541,0.0009048504,0.01523468,0.99981,0.002178811,-0.02421864,0.9997043
Fixation,16.7331,0.01697042,0.04390812,-0.03766166,0.02643166,0.220323,-0.0122174,-0.9749923,-0.4302723,0.04615778,0.9015183,0.08503371,0.0521071,-0.0424832,0.1349661,0.222206,-0.01215554,-0.9655366,-0.4323772,0.2552274,0.8648173,0.05138123,0.05074584,-0.1662591,0.01210041,0.0009675006,0.01523654,0.9998102,0.002303371,-0.02416675,0.9997053
Fixation,16.7445,0.01698432,0.04391634,-0.03767763,0.02648996,0.2203737,-0.01220338,-0.9749794,-0.4303662,0.04627572,0.9014674,0.08504854,0.05211151,-0.04249278,0.1348473,0.2221734,-0.01213752,-0.9655609,-0.4323174,0.2550133,0.8649104,0.05139639,0.05075157,-0.1662721,0.01204616,0.0009146779,0.01521212,0.9998113,0.002195506,-0.02405996,0.9997081
Fixation,16.7555,0.01699716,0.04393244,-0.03769517,0.02675168,0.2199772,-0.01227513,-0.9750609,-0.4296391,0.04676854,0.9017888,0.08506034,0.05213356,-0.0425147,0.1349084,0.2221569,-0.01220557,-0.9655554,-0.4323029,0.2551,0.8648921,0.05140816,0.05076969,-0.1662922,0.01197146,0.00093955,0.01526174,0.9998114,0.002244156,-0.02390973,0.9997116
Fixation,16.7664,0.01700459,0.04391873,-0.0377088,0.02683462,0.2200424,-0.0122621,-0.9750441,-0.4297602,0.04693351,0.9017224,0.08506891,0.05211508,-0.04252025,0.1349907,0.2222184,-0.01218556,-0.96553,-0.432407,0.2552594,0.864793,0.05141716,0.05075264,-0.1663022,0.0118928,0.0008717094,0.0152335,0.9998128,0.002105431,-0.02375459,0.9997156
Fixation,16.7777,0.01702242,0.04394233,-0.03772984,0.02683732,0.2200632,-0.01223683,-0.9750396,-0.4297975,0.04694914,0.9017039,0.08508736,0.05213547,-0.04253826,0.134951,0.2220486,-0.01216108,-0.9655749,-0.4320914,0.2552098,0.8649653,0.05143571,0.05077457,-0.1663217,0.01189555,0.0008494265,0.01520915,0.9998132,0.002060378,-0.02376082,0.9997156
Fixation,16.7887,0.0170384,0.04397213,-0.03775624,0.02680279,0.2197563,-0.01231994,-0.9751087,-0.429233,0.04685651,0.9019775,0.08510187,0.05217552,-0.04256773,0.1349488,0.2220388,-0.01224133,-0.9655764,-0.4320948,0.2551707,0.8649752,0.05145028,0.05080938,-0.1663497,0.01188017,0.0008712456,0.01528549,0.9998122,0.002105352,-0.02372924,0.9997162
Fixation,16.7998,0.01706981,0.04400146,-0.03777082,0.02689158,0.2197757,-0.01229518,-0.9751022,-0.4292688,0.04703971,0.901951,0.08513419,0.05219817,-0.04258064,0.1350369,0.2220533,-0.01221478,-0.9655611,-0.432111,0.2553481,0.8649147,0.05148265,0.05083442,-0.1663639,0.01179882,0.0008499133,0.01524264,0.9998139,0.0020592,-0.02356733,0.9997202
Fixation,16.8112,0.01705966,0.04398656,-0.03774277,0.02696216,0.219729,-0.01223417,-0.9751116,-0.4291803,0.04720583,0.9019845,0.08512487,0.0521723,-0.04255963,0.1351077,0.2217765,-0.01216289,-0.9656155,-0.4315882,0.2555293,0.8651222,0.05147278,0.0508132,-0.1663397,0.01174384,0.0008949516,0.0151657,0.9998156,0.00214578,-0.0234562,0.9997225
Fixation,16.8219,0.01708313,0.04401386,-0.03775193,0.02709178,0.2195614,-0.01221041,-0.975146,-0.4288705,0.04747502,0.9021176,0.08514938,0.05219257,-0.04256611,0.1352019,0.2217983,-0.01213353,-0.9655977,-0.4316167,0.2557188,0.865052,0.05149739,0.05083585,-0.166348,0.01165688,0.0008656324,0.01511992,0.9998174,0.002083451,-0.02328333,0.9997267
Fixation,16.8329,0.01710807,0.04403198,-0.03776515,0.02711224,0.2195801,-0.0121377,-0.9751422,-0.4289018,0.04754619,0.902099,0.08517575,0.05220056,-0.04257651,0.1352225,0.2218086,-0.01205925,-0.9655933,-0.4316152,0.2557901,0.8650317,0.05152372,0.05084884,-0.1663598,0.01165276,0.0008436021,0.01504533,0.9998186,0.002037538,-0.02327591,0.999727
Fixation,16.8443,0.01713326,0.04405415,-0.0377767,0.02706482,0.2195625,-0.01202877,-0.9751488,-0.4288634,0.04750233,0.9021196,0.08520236,0.05221021,-0.04258912,0.1352357,0.2215309,-0.01195655,-0.9656565,-0.4310795,0.2558851,0.8652707,0.05154994,0.05086565,-0.1663715,0.0117232,0.0008575885,0.01494886,0.9998192,0.002065364,-0.02341652,0.9997237
Fixation,16.8558,0.01712291,0.04401731,-0.03776661,0.02711077,0.2194627,-0.01211104,-0.9751689,-0.4286832,0.04755932,0.9022022,0.08519085,0.0521816,-0.04258146,0.1352943,0.2215304,-0.01203792,-0.9656474,-0.4310979,0.2559596,0.8652394,0.05153855,0.05083203,-0.166363,0.01164749,0.0008682981,0.01501432,0.999819,0.00208604,-0.02326469,0.9997272
Fixation,16.8667,0.017155,0.04401743,-0.03776276,0.02708582,0.2194565,-0.01209709,-0.9751713,-0.4286707,0.04751705,0.9022104,0.08522301,0.05218089,-0.04257804,0.1352696,0.2215234,-0.01202469,-0.9656526,-0.4310825,0.2559194,0.865259,0.05157064,0.05083203,-0.1663593,0.01167497,0.0008742245,0.01500595,0.9998189,0.00209852,-0.02331947,0.9997259
Fixation,16.8777,0.01718113,0.04402232,-0.037766,0.02707102,0.2194481,-0.01214658,-0.9751729,-0.4286574,0.04746675,0.9022194,0.08524821,0.05219281,-0.04258259,0.1353257,0.2212989,-0.01207804,-0.9656956,-0.4306836,0.2560211,0.8654275,0.0515959,0.0508405,-0.1663631,0.01167859,0.0008848459,0.01505708,0.999818,0.002121061,-0.02332629,0.9997256
Fixation,16.8886,0.01718188,0.04401898,-0.03772863,0.02699645,0.2193421,-0.01209791,-0.9751995,-0.4284578,0.04734668,0.9023204,0.08525003,0.05218446,-0.04253844,0.1352866,0.2213365,-0.01202269,-0.9656931,-0.4307392,0.2559686,0.8654154,0.05159795,0.05083525,-0.1663221,0.01172804,0.000839807,0.01501795,0.9998181,0.002031571,-0.02342659,0.9997235
Fixation,16.8997,0.01720497,0.04402924,-0.03773298,0.02683374,0.2192633,-0.01209339,-0.9752217,-0.4283098,0.04703441,0.9024071,0.08527185,0.05220008,-0.04255156,0.1350031,0.2212262,-0.01202731,-0.965758,-0.4305495,0.2554393,0.8656662,0.05161921,0.05085015,-0.16633,0.01188856,0.000921301,0.01504598,0.9998157,0.002200013,-0.02374502,0.9997156
Fixation,16.9106,0.01722249,0.04402339,-0.03772709,0.02686809,0.2192761,-0.01204329,-0.9752185,-0.4283315,0.0471229,0.9023921,0.08529042,0.05218649,-0.042544,0.1350374,0.2212328,-0.01197616,-0.9657523,-0.4305467,0.2555263,0.8656419,0.05163774,0.05084014,-0.1663234,0.01186595,0.0009060324,0.01499014,0.9998168,0.002167477,-0.02370039,0.9997168
Fixation,16.9220,0.0172446,0.04402113,-0.03773089,0.02683711,0.2192458,-0.01204683,-0.9752261,-0.428275,0.04706206,0.9024221,0.08531208,0.05218577,-0.04255166,0.1350067,0.2212038,-0.01198299,-0.9657632,-0.4304966,0.2554676,0.8656842,0.05165918,0.05083895,-0.166329,0.01189569,0.0009374496,0.01499912,0.9998163,0.002231404,-0.02375888,0.9997152
Fixation,16.9333,0.01724072,0.0440048,-0.03768086,0.02686424,0.2190293,-0.01207125,-0.9752737,-0.4278756,0.04711206,0.9026089,0.08530793,0.05216992,-0.04250456,0.1350643,0.2211904,-0.01200594,-0.965758,-0.4304759,0.2555676,0.8656649,0.05165495,0.05082214,-0.1662808,0.01183431,0.000952685,0.01500656,0.9998169,0.002260206,-0.0236357,0.9997181
Fixation,16.9446,0.01726673,0.04402149,-0.03767165,0.02688497,0.2190685,-0.01210345,-0.9752639,-0.4279501,0.0471369,0.9025723,0.08533387,0.05219018,-0.04249038,0.1351252,0.2210456,-0.01203643,-0.9657822,-0.4302167,0.2556818,0.86576,0.05168127,0.05084038,-0.1662692,0.01180664,0.0009136316,0.01503504,0.9998168,0.002181955,-0.02358148,0.9997196
Fixation,16.9557,0.01728357,0.0440321,-0.03766536,0.02704415,0.2190661,-0.0120313,-0.975261,-0.427944,0.04747891,0.9025573,0.08535245,0.05218506,-0.04248608,0.1352833,0.2210317,-0.01196532,-0.9657641,-0.4301665,0.256014,0.8656868,0.05169958,0.05084121,-0.1662647,0.01166719,0.0009124011,0.01492969,0.9998201,0.002172849,-0.02330293,0.9997261
Fixation,16.9666,0.01728905,0.04404593,-0.0376546,0.02713153,0.2189096,-0.01198944,-0.9752942,-0.4276531,0.04767323,0.9026849,0.08535912,0.05219173,-0.04247086,0.135323,0.2210594,-0.01191723,-0.9657528,-0.4302028,0.2561084,0.8656408,0.05170638,0.05085111,-0.1662518,0.0116377,0.0008760376,0.01487873,0.9998212,0.00209807,-0.02324518,0.9997276
Fixation,16.9782,0.01730091,0.04404247,-0.03765056,0.02713903,0.2188814,-0.01200292,-0.9753002,-0.4276016,0.04768297,0.9027088,0.08537053,0.05218959,-0.04247095,0.1354941,0.2207887,-0.01193725,-0.9657905,-0.429706,0.2564465,0.8657874,0.05171759,0.05084825,-0.1662499,0.01162769,0.00090542,0.01488904,0.9998211,0.002156767,-0.02322425,0.999728
Fixation,16.9884,0.01732263,0.04401433,-0.03764556,0.02728283,0.2187387,-0.01202459,-0.9753278,-0.4273399,0.04795891,0.9028181,0.08539219,0.05216348,-0.04246309,0.1355062,0.2208129,-0.01195378,-0.9657831,-0.4297543,0.2564601,0.8657595,0.05173948,0.05082095,-0.1662435,0.01161123,0.0008829518,0.01490593,0.9998211,0.00211174,-0.02319197,0.9997288
Fixation,16.9994,0.01734429,0.04397035,-0.03765416,0.02717544,0.2186944,-0.01210105,-0.9753398,-0.4272604,0.04771772,0.9028685,0.0854118,0.05213344,-0.04247697,0.1353995,0.2207795,-0.01203446,-0.9658047,-0.4297186,0.256225,0.8658468,0.05175897,0.05078506,-0.1662543,0.01169966,0.0009319548,0.01500214,0.9998186,0.002214611,-0.02336711,0.9997245
Fixation,17.0112,0.01735062,0.04395008,-0.03764188,0.02707035,0.2187241,-0.01208703,-0.9753363,-0.4273134,0.04751794,0.902854,0.08541824,0.05211568,-0.04245904,0.1352504,0.2207084,-0.0120186,-0.965842,-0.42959,0.2559558,0.8659903,0.05176566,0.0507673,-0.1662386,0.01180503,0.000901659,0.01501273,0.9998172,0.00215744,-0.02357868,0.9997197
Fixation,17.0219,0.01736385,0.04391563,-0.03763881,0.02696227,0.2185043,-0.01203379,-0.9753892,-0.4269024,0.04733854,0.9030578,0.08543222,0.05207598,-0.04245401,0.135194,0.2207094,-0.01196155,-0.9658504,-0.4295788,0.2558743,0.8660198,0.05177958,0.05073106,-0.1662342,0.01187313,0.0008939686,0.01497024,0.9998171,0.002143097,-0.02371514,0.9997165
Fixation,17.0329,0.01737335,0.04392111,-0.03762972,0.02684602,0.2185193,-0.01194651,-0.9753901,-0.4269246,0.04714961,0.9030572,0.08544284,0.05207479,-0.04244065,0.1350792,0.2207179,-0.01187288,-0.9658656,-0.4295752,0.2556955,0.8660744,0.05179015,0.05073488,-0.1662222,0.01200558,0.0008758607,0.01491122,0.9998164,0.002109435,-0.02398064,0.9997102
Fixation,17.0439,0.01737027,0.04399908,-0.0376351,0.02684416,0.2185786,-0.01187097,-0.9753779,-0.4270308,0.04717692,0.9030055,0.08544153,0.05214322,-0.04243723,0.1352637,0.2206078,-0.01179346,-0.9658659,-0.4293456,0.2560898,0.8660718,0.05178912,0.05080819,-0.1662231,0.01202341,0.0008122084,0.01484046,0.9998173,0.001980986,-0.02401832,0.9997095
Fixation,17.0552,0.01736357,0.04406214,-0.03763415,0.02698166,0.2184278,-0.01179027,-0.9754088,-0.426749,0.04748565,0.9031226,0.08543676,0.05219352,-0.04243042,0.135314,0.2206402,-0.01170564,-0.9658525,-0.4293796,0.2562213,0.8660161,0.05178447,0.05086434,-0.1662193,0.01199217,0.0007649424,0.01474962,0.999819,0.001883368,-0.02395743,0.9997112
Fixation,17.0663,0.0173638,0.04411936,-0.03763769,0.02698865,0.2184371,-0.01165472,-0.9754081,-0.4267597,0.04755825,0.9031137,0.08543928,0.05223274,-0.04243182,0.1353215,0.2206349,-0.01156991,-0.9658543,-0.4293337,0.2562963,0.8660166,0.05178673,0.05091286,-0.1662217,0.01201496,0.000750036,0.01461634,0.9998207,0.001851032,-0.02400368,0.9997101
Fixation,17.0773,0.01737593,0.0441426,-0.0376467,0.02696532,0.2184696,-0.01170258,-0.9754009,-0.426822,0.04749068,0.9030878,0.08545087,0.05226326,-0.04243631,0.1353672,0.2207091,-0.01161315,-0.9658304,-0.4294793,0.2563572,0.8659264,0.05179869,0.0509398,-0.1662283,0.01202694,0.0007187472,0.01466946,0.9998198,0.001790093,-0.02402846,0.9997097
Fixation,17.0883,0.01737358,0.04414678,-0.03765634,0.0270526,0.2184712,-0.01165824,-0.9753987,-0.4268239,0.04768016,0.9030769,0.08544947,0.05226564,-0.04243544,0.1352691,0.2207698,-0.01156078,-0.9658309,-0.4295803,0.2561897,0.8659259,0.05179773,0.05094457,-0.1662321,0.01213302,0.000652517,0.01464959,0.9998189,0.001660285,-0.02424252,0.9997047
Fixation,17.0995,0.01737572,0.04415715,-0.03768024,0.02704464,0.2184524,-0.01169824,-0.9754027,-0.4267909,0.0476478,0.9030943,0.08545075,0.0522815,-0.04246213,0.1352611,0.2207555,-0.01160261,-0.9658348,-0.4295655,0.256157,0.8659429,0.05179897,0.05095768,-0.1662574,0.01213221,0.0006734315,0.01468953,0.9998183,0.001703051,-0.02424023,0.9997047
Fixation,17.1111,0.01739468,0.04417157,-0.03769105,0.02708241,0.2184834,-0.01176844,-0.9753938,-0.4268522,0.04768962,0.9030631,0.08546902,0.05230367,-0.04246961,0.1354125,0.2206773,-0.01167064,-0.9658306,-0.4294345,0.2564201,0.86593,0.05181763,0.05097532,-0.1662668,0.01207966,0.000644214,0.01475102,0.999818,0.001644568,-0.02413593,0.9997073
Fixation,17.1223,0.01740801,0.04420543,-0.03769583,0.02724819,0.2183278,-0.01173789,-0.9754244,-0.4265642,0.04803168,0.903181,0.08548274,0.05233133,-0.04247952,0.1354622,0.2206394,-0.01164224,-0.9658327,-0.4293557,0.2565301,0.8659365,0.05183098,0.05100548,-0.1662744,0.01203828,0.0006769454,0.01470705,0.9998192,0.001707741,-0.0240523,0.9997092
Fixation,17.1331,0.01741567,0.04423046,-0.03771633,0.02741888,0.2182876,-0.01173458,-0.9754286,-0.4264915,0.0483673,0.9031974,0.08549072,0.05234909,-0.04250789,0.1356314,0.2205951,-0.01164382,-0.965819,-0.4292684,0.2568535,0.8658839,0.05183857,0.05102479,-0.1662998,0.01187277,0.0007169148,0.01466484,0.9998217,0.001781799,-0.02372028,0.9997171
Fixation,17.1440,0.01742595,0.04425204,-0.03771714,0.02753057,0.2182116,-0.01168916,-0.9754431,-0.4263496,0.04860758,0.9032515,0.08550142,0.05236006,-0.0425205,0.1355297,0.2205367,-0.0116073,-0.9658471,-0.4291557,0.2566822,0.8659906,0.05184852,0.05103981,-0.1663071,0.01177442,0.0007922722,0.01459297,0.9998239,0.001927913,-0.02352156,0.9997215
Fixation,17.1554,0.01744375,0.04424369,-0.03771598,0.02788107,0.218144,-0.0116069,-0.9754492,-0.426224,0.04932919,0.9032717,0.08552019,0.05234098,-0.04252375,0.1355224,0.2204918,-0.01152897,-0.9658593,-0.429053,0.2567071,0.8660341,0.0518668,0.05102623,-0.166308,0.01180041,0.0008264159,0.01451231,0.9998247,0.001995045,-0.0235727,0.9997202
Fixation,17.1665,0.0174581,0.04421401,-0.03774156,0.0278392,0.2180471,-0.01161743,-0.9754719,-0.4260445,0.04924643,0.9033609,0.08553331,0.05231392,-0.04256236,0.1354809,0.2203977,-0.01155004,-0.9658864,-0.4288878,0.2566271,0.8661396,0.05187921,0.05099845,-0.16634,0.0118399,0.0009262764,0.01452759,0.9998239,0.002196237,-0.02364872,0.9997179
Fixation,17.1772,0.01746553,0.04417467,-0.03775954,0.02774412,0.2179932,-0.01168716,-0.9754859,-0.425947,0.04903255,0.9034185,0.08553876,0.05228722,-0.04258708,0.135554,0.2203351,-0.01162517,-0.9658895,-0.4287904,0.2567374,0.8661551,0.05188444,0.0509665,-0.1663609,0.01191797,0.0009848552,0.01461404,0.9998217,0.002317699,-0.02380291,0.999714
Fixation,17.1883,0.01747501,0.04413223,-0.03775662,0.02782727,0.2177639,-0.01177674,-0.9755337,-0.4255275,0.04916378,0.9036091,0.08554682,0.05225706,-0.0425834,0.135526,0.2203518,-0.01170972,-0.9658886,-0.4288445,0.2566455,0.8661556,0.05189278,0.05093026,-0.1663576,0.01192629,0.0009812695,0.01470419,0.9998203,0.002312919,-0.02381943,0.9997136
Fixation,17.1993,0.01747659,0.04411066,-0.03775166,0.02778873,0.2177348,-0.01179774,-0.9755409,-0.4254742,0.04908053,0.9036387,0.08554765,0.05223966,-0.04258212,0.1354877,0.2203261,-0.0117337,-0.9658995,-0.4288053,0.2565645,0.866199,0.05189345,0.05091131,-0.1663543,0.01195959,0.001012069,0.01473183,0.9998195,0.002376146,-0.02388505,0.9997119
Fixation,17.2104,0.01743553,0.04411006,-0.03772876,0.0277801,0.2177663,-0.0118409,-0.9755337,-0.4255347,0.04904375,0.9036122,0.08550616,0.05224514,-0.04255502,0.1356186,0.2203474,-0.01177317,-0.9658758,-0.4288498,0.2567931,0.8661093,0.0518523,0.05091381,-0.1663293,0.01195828,0.0009816472,0.01477714,0.9998188,0.002316357,-0.02388321,0.999712
Fixation,17.2215,0.01741575,0.0440985,-0.03772694,0.0278057,0.2177683,-0.01186451,-0.9755322,-0.4255398,0.04908328,0.9036077,0.08548611,0.05223572,-0.04255343,0.1356439,0.2203512,-0.01179648,-0.9658711,-0.428862,0.2568302,0.8660921,0.05183232,0.05090284,-0.1663278,0.01192812,0.0009804177,0.01479465,0.9998189,0.002313425,-0.0238229,0.9997135
Fixation,17.2331,0.01741101,0.04409325,-0.03772811,0.02793161,0.2176659,-0.01188649,-0.9755512,-0.4253525,0.04932287,0.9036828,0.08548132,0.05223584,-0.04254615,0.1355765,0.2204096,-0.01180956,-0.9658671,-0.4289749,0.256692,0.8660772,0.05182804,0.05090117,-0.1663243,0.01198955,0.0009252767,0.01483079,0.9998177,0.002205845,-0.02394729,0.9997108
Fixation,17.2445,0.01738938,0.04408908,-0.03773599,0.0278864,0.2177378,-0.01184651,-0.9755369,-0.4254832,0.04924956,0.9036252,0.08546084,0.05222857,-0.04254311,0.1357216,0.2203891,-0.01176288,-0.9658519,-0.4289194,0.2569892,0.8660166,0.05180804,0.05089605,-0.1663264,0.01204174,0.0008503584,0.01480474,0.9998176,0.002056956,-0.02405391,0.9997085
Fixation,17.2554,0.01734562,0.04410756,-0.03772556,0.02786747,0.2178165,-0.01183186,-0.9755201,-0.4256282,0.0492162,0.9035587,0.08541798,0.05224621,-0.04252134,0.1357029,0.2204662,-0.01173955,-0.9658372,-0.4290552,0.2569575,0.8659587,0.05176577,0.05091441,-0.1663101,0.01206267,0.0007692667,0.01479796,0.9998174,0.001895258,-0.02409817,0.9997078
Fixation,17.2735,0.01731518,0.04412806,-0.03773096,0.02819672,0.2177052,-0.0118126,-0.9755357,-0.4254246,0.04987048,0.9036188,0.08538841,0.0522604,-0.04252512,0.1359765,0.2203524,-0.01171819,-0.965825,-0.4288305,0.2574947,0.8659105,0.05173625,0.05093062,-0.1663151,0.01197834,0.0007481272,0.01475816,0.999819,0.00184954,-0.02393026,0.9997119
Fixation,17.2797,0.01730986,0.04412854,-0.03773636,0.0281901,0.2178007,-0.01191317,-0.9755133,-0.4256066,0.04981025,0.9035364,0.08538231,0.0522747,-0.04251781,0.1359694,0.220458,-0.01180756,-0.9658009,-0.4290479,0.2574326,0.8658212,0.05173117,0.05093789,-0.1663142,0.01196192,0.0006545083,0.01486178,0.9998178,0.001664329,-0.02390003,0.9997129
Fixation,17.2886,0.01730561,0.04409957,-0.03774877,0.02841033,0.2175108,-0.0119916,-0.9755707,-0.4250756,0.05021596,0.9037638,0.08537657,0.05225432,-0.04253687,0.1359931,0.2204241,-0.01188635,-0.9658043,-0.429006,0.2574454,0.8658382,0.05172526,0.05091286,-0.1663302,0.01192238,0.0006998217,0.01492744,0.9998173,0.001755329,-0.0238195,0.9997147
Fixation,17.2998,0.01729549,0.04407632,-0.03778538,0.02840319,0.2176146,-0.01200798,-0.9755476,-0.4252689,0.0501911,0.9036743,0.08536713,0.05223405,-0.04255901,0.1359859,0.2205291,-0.01189113,-0.9657812,-0.4291998,0.2574206,0.8657495,0.05171668,0.05089104,-0.1663595,0.01192477,0.0005942446,0.01494946,0.999817,0.001544809,-0.02382741,0.9997149
Fixation,17.3106,0.01729259,0.04408288,-0.03778771,0.02844271,0.2176194,-0.0119603,-0.9755458,-0.4252758,0.05028876,0.9036656,0.08536519,0.05223286,-0.04256086,0.1362828,0.2205476,-0.01184264,-0.9657358,-0.4292094,0.2580026,0.8655715,0.05171464,0.05089343,-0.1663617,0.01189654,0.0005871088,0.01489458,0.9998181,0.001528392,-0.02377125,0.9997163
Fixation,17.3219,0.01729499,0.04408574,-0.03778916,0.02866263,0.2175358,-0.0119103,-0.9755588,-0.4251207,0.05074232,0.9037132,0.08536839,0.05222774,-0.0425643,0.136312,0.2205275,-0.01179352,-0.9657368,-0.4291583,0.2580814,0.8655733,0.0517176,0.050892,-0.1663643,0.01187933,0.000599289,0.0148378,0.9998192,0.001550887,-0.02373658,0.9997171
Fixation,17.3327,0.01729789,0.04408312,-0.03776692,0.02866929,0.2174495,-0.01182342,-0.9755788,-0.4249562,0.0507963,0.9037876,0.08537191,0.05221319,-0.04255358,0.136319,0.2204325,-0.01171674,-0.9657585,-0.4289635,0.258137,0.8656533,0.05172023,0.05088353,-0.1663478,0.0118926,0.0006840428,0.01474789,0.9998203,0.001718621,-0.02376076,0.9997162
Fixation,17.3440,0.01730492,0.04407692,-0.03774993,0.02871018,0.2173983,-0.01185293,-0.9755887,-0.4248633,0.05086505,0.9038274,0.08537814,0.05220902,-0.0425445,0.1364585,0.2203497,-0.01175223,-0.9657573,-0.428816,0.2583924,0.8656502,0.05172611,0.05087781,-0.166335,0.01184674,0.0007374282,0.01476553,0.9998205,0.001824439,-0.02366746,0.9997182
Fixation,17.3554,0.01731355,0.04405785,-0.03774309,0.02898454,0.217211,-0.01183809,-0.9756224,-0.4245182,0.05141321,0.9039585,0.08538608,0.05218804,-0.04255084,0.136443,0.2202521,-0.01174668,-0.9657817,-0.4286364,0.2583738,0.8657447,0.05173326,0.05085802,-0.1663347,0.01186662,0.0008359998,0.01474884,0.9998205,0.002021737,-0.02370431,0.999717
Fixation,17.3660,0.01729063,0.04405737,-0.03771116,0.0289223,0.2171686,-0.01193723,-0.9756325,-0.424444,0.0512503,0.9040026,0.08536093,0.0522027,-0.04252471,0.1363808,0.2202218,-0.01184971,-0.9657962,-0.4286109,0.2582129,0.8658053,0.05170804,0.05086553,-0.1663055,0.01190619,0.0008839156,0.01485718,0.9998184,0.002121295,-0.02378179,0.9997149
Fixation,17.3775,0.01727551,0.04403615,-0.03769659,0.02885342,0.2171995,-0.0119863,-0.9756271,-0.4245031,0.05109353,0.9039837,0.08534505,0.05219078,-0.04250524,0.1364833,0.2203054,-0.01189392,-0.9657621,-0.4287719,0.2583803,0.8656756,0.05169255,0.05084991,-0.1662882,0.01196245,0.0008547272,0.01492135,0.9998167,0.002066133,-0.02389501,0.9997123
Fixation,17.3883,0.01726246,0.04401278,-0.0376889,0.02905639,0.2171227,-0.01205211,-0.9756373,-0.4243664,0.05146343,0.9040269,0.08533132,0.05217886,-0.04248768,0.1364101,0.2203803,-0.01194941,-0.9657547,-0.4289267,0.2582105,0.8656496,0.05167953,0.05083299,-0.1662752,0.0120198,0.0007893083,0.01500221,0.9998149,0.001938971,-0.02401146,0.9997098
Fixation,17.3997,0.01724566,0.04399097,-0.03767907,0.02897627,0.2171729,-0.01207813,-0.9756283,-0.42446,0.05129406,0.9039926,0.08531427,0.05216372,-0.04246996,0.1363305,0.2204348,-0.01196947,-0.9657532,-0.4290348,0.2580463,0.865645,0.05166297,0.05081534,-0.166261,0.01209187,0.0007395412,0.0150472,0.9998134,0.001842704,-0.02415697,0.9997065
Fixation,17.4110,0.0172382,0.04398763,-0.03765231,0.02896937,0.2172578,-0.01206397,-0.9756097,-0.4246167,0.05128361,0.9039196,0.08530779,0.05215919,-0.04243116,0.1364988,0.2205174,-0.01194576,-0.9657109,-0.4291734,0.2583683,0.8654802,0.05165714,0.05081165,-0.1662281,0.01210086,0.0006520915,0.01503863,0.9998135,0.001667901,-0.0241776,0.9997063
Fixation,17.4219,0.0172285,0.04398346,-0.03763925,0.02886332,0.217263,-0.01201702,-0.9756123,-0.4246226,0.0510971,0.9039274,0.08529851,0.05215311,-0.04241563,0.136394,0.2205201,-0.01189817,-0.9657257,-0.4291696,0.2581908,0.8655351,0.05164783,0.05080783,-0.1662132,0.01221459,0.0006455258,0.01501612,0.9998124,0.001657641,-0.02440521,0.9997008
Fixation,17.4327,0.01722447,0.04397058,-0.03763289,0.02902093,0.2171309,-0.01192917,-0.9756382,-0.4243747,0.05144746,0.9040239,0.08529621,0.05212796,-0.04240552,0.1364072,0.2205336,-0.01180588,-0.9657219,-0.4291691,0.2582556,0.865516,0.05164549,0.05078888,-0.1662049,0.01222151,0.0006177024,0.01492633,0.9998137,0.001600019,-0.02442003,0.9997005
Fixation,17.4439,0.01722391,0.04396594,-0.0376173,0.02903838,0.2171486,-0.01200888,-0.9756327,-0.4244119,0.05144616,0.9040065,0.0852946,0.05213308,-0.04238827,0.136667,0.220661,-0.01188126,-0.9656551,-0.4294125,0.2587028,0.8652617,0.0516442,0.05078876,-0.1661886,0.01218694,0.0006027942,0.01500105,0.999813,0.001570997,-0.02435123,0.9997022
Fixation,17.4551,0.01720433,0.04395401,-0.03758718,0.02927683,0.2169283,-0.01201917,-0.9756744,-0.4240065,0.0519147,0.90417,0.08527476,0.05212128,-0.0423618,0.1366863,0.2206376,-0.01189113,-0.9656576,-0.4293714,0.2587371,0.8652719,0.05162418,0.0507766,-0.1661605,0.01216651,0.0006274817,0.01500277,0.9998133,0.001619791,-0.02430964,0.9997032
Fixation,17.4661,0.01721153,0.04395914,-0.03757954,0.02928264,0.2169308,-0.01198863,-0.9756741,-0.4240096,0.05193922,0.9041671,0.08528249,0.05212212,-0.04235368,0.1366923,0.2206367,-0.01186054,-0.9656574,-0.4293614,0.2587621,0.8652694,0.05163185,0.05077958,-0.1661526,0.01216745,0.0006236498,0.01497183,0.9998137,0.001611405,-0.02431168,0.9997031
Fixation,17.4775,0.01722704,0.04396152,-0.03757727,0.02926897,0.2169313,-0.01201616,-0.975674,-0.4240118,0.05190058,0.9041683,0.0852975,0.05212879,-0.04235135,0.1370569,0.2206873,-0.01188648,-0.9655937,-0.4294468,0.2594362,0.865025,0.05164694,0.05078423,-0.1661502,0.01217481,0.0006243504,0.01500167,0.9998131,0.001613752,-0.02432634,0.9997028
Fixation,17.4884,0.01724053,0.04393923,-0.03761251,0.02928332,0.2168321,-0.01200387,-0.9756958,-0.4238273,0.05193758,0.9042527,0.08531033,0.05210376,-0.04240053,0.1370712,0.2205872,-0.01188531,-0.9656146,-0.4292627,0.2594724,0.8651056,0.05165895,0.05076039,-0.1661926,0.01216445,0.0007252788,0.01498216,0.9998135,0.001814787,-0.02430263,0.999703
Fixation,17.4994,0.0172557,0.04394591,-0.03761494,0.02946544,0.2166769,-0.01198403,-0.9757251,-0.4235404,0.05230701,0.9043658,0.08532535,0.05210686,-0.04241119,0.1370865,0.2205263,-0.0118706,-0.9656265,-0.4291467,0.2595132,0.8651509,0.05167346,0.05076516,-0.1661992,0.01215473,0.0007843207,0.01495538,0.999814,0.001931907,-0.02428148,0.9997033
Fixation,17.5107,0.01727276,0.04396057,-0.03760759,0.02950148,0.2166012,-0.01198191,-0.9757408,-0.4234003,0.052381,0.9044272,0.08534189,0.05211949,-0.04241487,0.1371222,0.22045,-0.011877,-0.9656388,-0.4290074,0.2595845,0.8651986,0.05168937,0.05077827,-0.1661976,0.01212075,0.0008614656,0.01494212,0.9998145,0.002084831,-0.02421126,0.9997047
Fixation,17.5216,0.01727968,0.04396951,-0.03761083,0.02963103,0.2165459,-0.01198664,-0.9757491,-0.4232993,0.05263359,0.9044597,0.0853487,0.05212379,-0.0424276,0.137358,0.2204397,-0.01188747,-0.9656075,-0.4289821,0.2600268,0.8650783,0.0516957,0.0507834,-0.1662064,0.01199375,0.0009174274,0.01491618,0.9998164,0.00219232,-0.02395572,0.9997106
Fixation,17.5328,0.01730162,0.04396617,-0.03764399,0.02974713,0.2165938,-0.01200359,-0.9757347,-0.4233902,0.0528508,0.9044045,0.08537009,0.05212092,-0.04246725,0.1373996,0.2203993,-0.01191041,-0.9656105,-0.4289128,0.260099,0.865091,0.05171681,0.0507797,-0.1662431,0.01194904,0.000960496,0.01492301,0.9998168,0.002277271,-0.02386503,0.9997126
Fixation,17.5439,0.01731225,0.04396296,-0.03764351,0.02983028,0.2165824,-0.01208474,-0.9757337,-0.4233745,0.05297814,0.9044044,0.08537962,0.0521251,-0.04247005,0.1374816,0.2203947,-0.01199264,-0.9655989,-0.4289233,0.2602178,0.86505,0.0517264,0.05077899,-0.1662448,0.0118503,0.0009749333,0.01498361,0.999817,0.00230463,-0.02366705,0.9997172
Fixation,17.5554,0.01731886,0.0439508,-0.03763943,0.02980743,0.2165661,-0.01208396,-0.975738,-0.4233439,0.05293453,0.9044213,0.08538599,0.05211365,-0.04246794,0.1374471,0.2203829,-0.01199354,-0.9656065,-0.4289033,0.2601532,0.8650793,0.05173266,0.05076754,-0.1662416,0.01187295,0.0009917628,0.01498708,0.9998167,0.002339044,-0.02371182,0.9997161
Fixation,17.5662,0.01731662,0.04394114,-0.03761145,0.02987273,0.2165437,-0.0120822,-0.975741,-0.4233029,0.05306346,0.9044329,0.0853838,0.05210459,-0.04243833,0.1374238,0.2203925,-0.01199014,-0.9656076,-0.4289208,0.2601099,0.8650837,0.05173054,0.05075848,-0.1662126,0.01189628,0.0009822758,0.01499035,0.9998164,0.00232085,-0.02375874,0.999715
Fixation,17.5775,0.01731002,0.04392672,-0.0376008,0.02988152,0.2164859,-0.01212456,-0.9757531,-0.4231983,0.05306438,0.9044819,0.085376,0.05209517,-0.04243615,0.1376174,0.2202305,-0.01204011,-0.9656164,-0.4286303,0.2604681,0.8651199,0.05172239,0.05074632,-0.1662064,0.01187907,0.001043063,0.01502717,0.999816,0.002442759,-0.02372241,0.9997156
Fixation,17.5891,0.01731059,0.04391348,-0.03759272,0.02983956,0.2165097,-0.01209199,-0.9757495,-0.4232401,0.05299581,0.9044663,0.08537716,0.05207944,-0.04242397,0.1375761,0.2202517,-0.01200496,-0.9656179,-0.4286611,0.2604036,0.865124,0.05172368,0.05073237,-0.166196,0.01192688,0.001017684,0.01500558,0.9998158,0.002392932,-0.02381883,0.9997134
Fixation,17.5997,0.0173128,0.04389262,-0.03758981,0.02992162,0.2164375,-0.01209981,-0.9757628,-0.4231074,0.05315511,0.904519,0.08537945,0.05206084,-0.04241623,0.1375426,0.2202846,-0.01200745,-0.9656151,-0.4287234,0.2603364,0.8651134,0.05172624,0.05071306,-0.1661904,0.01195812,0.000985693,0.01502032,0.9998152,0.002330251,-0.02388222,0.999712
Fixation,17.6103,0.01728917,0.04386246,-0.03757835,0.02986102,0.2164424,-0.01207179,-0.9757639,-0.4231144,0.05304892,0.904522,0.08535609,0.05202937,-0.04240306,0.1372826,0.2202066,-0.01198031,-0.9656702,-0.4285832,0.2598632,0.8653251,0.05170288,0.05068302,-0.1661777,0.01202334,0.0009798778,0.01500635,0.9998146,0.002320245,-0.02401281,0.999709
Fixation,17.6216,0.01727379,0.04384923,-0.03757747,0.02977694,0.216447,-0.01210197,-0.9757652,-0.4231235,0.05287173,0.9045281,0.08533996,0.05202329,-0.04240064,0.1371991,0.2202162,-0.01200948,-0.9656796,-0.4286119,0.2596914,0.8653625,0.05168689,0.05067432,-0.1661757,0.01209885,0.0009771046,0.01505421,0.999813,0.002318121,-0.02416375,0.9997053
Fixation,17.6330,0.01726527,0.04382443,-0.03758015,0.02998318,0.2164537,-0.01207437,-0.9757577,-0.4231368,0.05328556,0.9044976,0.08533315,0.05199242,-0.04238961,0.1372725,0.2203147,-0.01196932,-0.9656472,-0.4287786,0.2598396,0.8652354,0.0516808,0.05064571,-0.1661718,0.01203204,0.0008689817,0.01501444,0.9998145,0.00209895,-0.02403352,0.999709
Fixation,17.6485,0.0172495,0.04381812,-0.03757772,0.02990377,0.2165239,-0.01212927,-0.9757439,-0.4232692,0.05310429,0.9044463,0.08531685,0.05199659,-0.04237671,0.1370778,0.2202361,-0.01201842,-0.9656922,-0.4286555,0.2594561,0.8654115,0.05166522,0.05064559,-0.1661637,0.01209697,0.0007999853,0.01508834,0.9998127,0.001964717,-0.02416526,0.999706
Fixation,17.6591,0.01723694,0.04380798,-0.03757947,0.03003234,0.2166328,-0.01213452,-0.9757157,-0.4234729,0.05334859,0.9043366,0.08530487,0.05198812,-0.04236727,0.137062,0.2203155,-0.0120153,-0.9656763,-0.4288006,0.2594208,0.8653501,0.05165388,0.05063641,-0.1661597,0.01211041,0.0007194896,0.01510086,0.9998124,0.001804464,-0.02419454,0.9997056
Fixation,17.6710,0.01722516,0.04379201,-0.03758724,0.03002372,0.2166715,-0.01220926,-0.9757065,-0.4235487,0.05329789,0.9043041,0.08529221,0.05198252,-0.04237008,0.1370531,0.220362,-0.0120853,-0.9656661,-0.4289048,0.2593687,0.8653141,0.05164171,0.05062556,-0.166165,0.0121022,0.0006831381,0.01517736,0.9998114,0.001733378,-0.0241791,0.9997061
Fixation,17.6820,0.01722307,0.04377997,-0.03759352,0.02998737,0.2166788,-0.01217708,-0.9757063,-0.42356,0.05324071,0.9043021,0.08529057,0.05196774,-0.04237462,0.1369951,0.2204895,-0.0120505,-0.9656457,-0.4291312,0.2592634,0.8652334,0.05164006,0.05061269,-0.1661702,0.01214462,0.0006745581,0.01515418,0.9998112,0.001716945,-0.02426421,0.9997041
Fixation,17.6930,0.01721972,0.04377437,-0.03759603,0.03005199,0.2164708,-0.01216008,-0.9757507,-0.423174,0.0533819,0.9044746,0.08528749,0.05195904,-0.04237846,0.1370041,0.2204775,-0.01203164,-0.9656473,-0.4291039,0.2592899,0.865239,0.05163685,0.05060542,-0.1661734,0.01214032,0.0006836306,0.01513221,0.9998116,0.001734423,-0.02425537,0.9997043
Fixation,17.7039,0.01722104,0.0437808,-0.03759766,0.03007239,0.2164733,-0.01218729,-0.9757492,-0.4231803,0.05340978,0.9044699,0.08528847,0.05196834,-0.04238022,0.1370242,0.2204824,-0.0120585,-0.965643,-0.4291191,0.2593155,0.8652238,0.0516379,0.05061293,-0.1661752,0.01211446,0.0006820922,0.01515445,0.9998115,0.001731103,-0.02420368,0.9997056
Fixation,17.7153,0.01722446,0.04378712,-0.03760859,0.03012585,0.2164824,-0.01219121,-0.9757455,-0.423198,0.05351195,0.9044556,0.08529211,0.0519731,-0.04239063,0.1369534,0.2205448,-0.01206095,-0.9656388,-0.4292368,0.2591751,0.8652076,0.05164161,0.05061793,-0.1661862,0.01206131,0.0006725686,0.01514711,0.9998123,0.001710273,-0.02409773,0.9997081
Fixation,17.7260,0.01722985,0.04379177,-0.03762038,0.03017199,0.2164524,-0.01220375,-0.9757506,-0.4231436,0.05359761,0.904476,0.08529719,0.05197752,-0.04240731,0.1369991,0.2205152,-0.01207689,-0.9656389,-0.4291852,0.259257,0.8652086,0.05164646,0.05062187,-0.1662007,0.01201382,0.0007034872,0.01514799,0.9998128,0.001770682,-0.02400184,0.9997103
Fixation,17.7374,0.01723773,0.04378808,-0.03762988,0.03012904,0.2165896,-0.01223696,-0.975721,-0.4233994,0.05349427,0.9043624,0.08530451,0.05197692,-0.04241919,0.1370336,0.2205063,-0.01211365,-0.9656356,-0.4291775,0.2593067,0.8651975,0.05165377,0.05061924,-0.1662116,0.01197203,0.0007169135,0.01517451,0.9998129,0.001796898,-0.02391783,0.9997123
Fixation,17.7484,0.01724377,0.04378283,-0.03763305,0.03010489,0.2165949,-0.01232368,-0.9757195,-0.4234138,0.05340935,0.9043607,0.0853091,0.05198407,-0.04242192,0.1369451,0.2206768,-0.01219684,-0.9656082,-0.4295153,0.2590874,0.8650956,0.05165861,0.05062032,-0.1662146,0.01197672,0.0007152538,0.01526455,0.9998115,0.001795877,-0.0239271,0.9997121
Fixation,17.7596,0.01724795,0.04378164,-0.03763533,0.02978645,0.2168692,-0.01237061,-0.9756678,-0.4239216,0.05275775,0.904161,0.08531269,0.05199146,-0.04241788,0.1369009,0.2207266,-0.01224209,-0.9656025,-0.4296201,0.2589794,0.8650758,0.0516627,0.05062377,-0.1662135,0.01200854,0.0006729247,0.0153254,0.9998102,0.001713665,-0.02399189,0.9997107
Fixation,17.7708,0.01723662,0.04380465,-0.03770595,0.02981186,0.2168475,-0.01236778,-0.9756718,-0.4238813,0.05280935,0.9041768,0.08530131,0.05201292,-0.04249185,0.1370479,0.2209035,-0.0122385,-0.9655412,-0.4299373,0.2592437,0.8648391,0.05165112,0.05064571,-0.1662859,0.01198455,0.0006949024,0.01531615,0.9998106,0.001756656,-0.02394328,0.9997118
Fixation,17.7816,0.01723257,0.0438205,-0.03772852,0.02985471,0.2168698,-0.01239094,-0.9756653,-0.4239245,0.05288196,0.9041524,0.08529724,0.05203032,-0.04251204,0.1370902,0.2209271,-0.01225924,-0.9655296,-0.4299846,0.2593125,0.864795,0.05164727,0.0506618,-0.1663075,0.01193746,0.0006727272,0.01533046,0.999811,0.001711213,-0.02384977,0.9997141
Fixation,17.7930,0.01723829,0.04382491,-0.03773877,0.02987578,0.2169047,-0.01237013,-0.9756571,-0.4239884,0.05293075,0.9041196,0.08530371,0.05203128,-0.04251756,0.1371112,0.2209591,-0.01223479,-0.9655195,-0.4300356,0.2593603,0.8647552,0.05165395,0.05066431,-0.1663155,0.01192105,0.0006359653,0.01530715,0.9998116,0.001636646,-0.02381814,0.999715
Fixation,17.8039,0.01724286,0.04383922,-0.03775282,0.03011962,0.2171401,-0.01232378,-0.9755979,-0.4244252,0.0534173,0.903886,0.08530916,0.05204308,-0.04252354,0.1370383,0.2210044,-0.01218591,-0.9655201,-0.4301082,0.2592402,0.8647552,0.0516597,0.05067837,-0.166325,0.01200212,0.000585049,0.01528291,0.999811,0.001536731,-0.02398182,0.9997112
Fixation,17.8156,0.01722723,0.04380667,-0.03775059,0.03018061,0.2171161,-0.01236408,-0.9756008,-0.4243835,0.05351956,0.9038995,0.08529288,0.05201316,-0.04252577,0.1370093,0.2212648,-0.01222464,-0.9654641,-0.4305962,0.2591454,0.8645407,0.0516433,0.05064619,-0.1663254,0.01193403,0.0006109056,0.01530788,0.9998114,0.001586951,-0.02384486,0.9997144
Fixation,17.8261,0.01723637,0.04380357,-0.03775531,0.03021664,0.217106,-0.01239614,-0.9756016,-0.4243671,0.05357626,0.9039038,0.08530153,0.05201292,-0.04253261,0.1370448,0.2212573,-0.01225775,-0.9654604,-0.4305901,0.2591985,0.8645278,0.05165195,0.05064404,-0.1663314,0.01189197,0.0006223081,0.01533086,0.9998116,0.00160901,-0.02376038,0.9997164
Fixation,17.8375,0.01725308,0.04381835,-0.03775522,0.0301521,0.2169943,-0.01247998,-0.9756273,-0.4241638,0.05341826,0.9040086,0.08531692,0.05203748,-0.04253458,0.1370676,0.2212572,-0.01234052,-0.9654561,-0.4306113,0.2592047,0.8645154,0.05166746,0.05066323,-0.1663326,0.01185115,0.0006340037,0.01540561,0.9998109,0.001632916,-0.02367829,0.9997183
Fixation,17.8483,0.01728382,0.04382575,-0.03776795,0.03025873,0.2169502,-0.0124043,-0.9756348,-0.424079,0.05366071,0.9040341,0.08534887,0.05203056,-0.04255434,0.1370874,0.2212383,-0.0122702,-0.9654585,-0.4305569,0.2592752,0.8645213,0.05169884,0.05066228,-0.1663494,0.01176393,0.0006752711,0.01530669,0.9998134,0.001710424,-0.02350281,0.9997223
Fixation,17.8595,0.01730762,0.04382694,-0.03777118,0.03023941,0.2169216,-0.01233751,-0.9756426,-0.4240221,0.05365317,0.9040612,0.08537344,0.05202377,-0.04256082,0.1370687,0.2212034,-0.01220686,-0.96547,-0.4304768,0.2592711,0.8645625,0.05172302,0.05065989,-0.166354,0.01179762,0.0007017831,0.01524447,0.999814,0.001763002,-0.02356945,0.9997206
Fixation,17.8704,0.01733417,0.04381025,-0.03776767,0.03024558,0.2170004,-0.01232865,-0.9756249,-0.4241677,0.05366603,0.9039921,0.0854,0.05200636,-0.04255816,0.137059,0.2211954,-0.01220014,-0.9654732,-0.4304607,0.2592564,0.8645748,0.05174951,0.05064297,-0.1663509,0.01180896,0.0007091974,0.0152389,0.9998139,0.001778042,-0.0235919,0.9997201
Fixation,17.8816,0.01736248,0.04375613,-0.03776761,0.03021606,0.216969,-0.01236034,-0.9756325,-0.4241109,0.05359592,0.9040229,0.08542739,0.05195749,-0.04256231,0.1369818,0.2213031,-0.01223296,-0.9654592,-0.4306697,0.2590862,0.8645219,0.05177674,0.05059183,-0.1663529,0.0118312,0.0007428892,0.01527479,0.9998131,0.001846939,-0.02363528,0.999719
Fixation,17.8926,0.01738388,0.04371393,-0.03775417,0.030081,0.2169497,-0.0123694,-0.9756408,-0.4240741,0.05332943,0.904056,0.08544797,0.05192161,-0.04254982,0.1368479,0.2212881,-0.01224349,-0.9654815,-0.43065,0.2588294,0.8646085,0.05179724,0.05055439,-0.1663392,0.01196131,0.0007639158,0.01531207,0.9998109,0.001893848,-0.0238947,0.9997127
Fixation,17.9044,0.01741234,0.04366541,-0.03773855,0.03007594,0.2170985,-0.01235266,-0.9756081,-0.4243492,0.05332116,0.9039273,0.08547676,0.05187392,-0.04252788,0.1367794,0.2213257,-0.01222407,-0.9654828,-0.4307163,0.2587053,0.8646127,0.05182633,0.05050719,-0.16632,0.01203175,0.0007249815,0.01531412,0.9998101,0.001818199,-0.02403673,0.9997094
Fixation,17.9154,0.01743472,0.04362369,-0.0377166,0.03018383,0.2170499,-0.01230808,-0.9756162,-0.4242577,0.05355274,0.9039566,0.08549982,0.05182195,-0.04251384,0.1368389,0.2213427,-0.01218451,-0.9654709,-0.4307344,0.258834,0.8645651,0.05184885,0.05045903,-0.1663026,0.01193658,0.0007721971,0.01524502,0.9998122,0.001908051,-0.02384514,0.9997138
Fixation,17.9263,0.01743813,0.04365528,-0.03768739,0.03012678,0.2170469,-0.01225359,-0.9756193,-0.4242485,0.05346532,0.9039661,0.08550388,0.05184865,-0.04248388,0.1367827,0.2213353,-0.01213042,-0.9654813,-0.4307087,0.2587524,0.8646023,0.05185277,0.05048895,-0.1662726,0.0120042,0.0007733142,0.01520415,0.9998121,0.001911365,-0.02398036,0.9997106
Fixation,17.9374,0.01745329,0.04368389,-0.03765253,0.03036014,0.2172621,-0.01209235,-0.9755661,-0.4246413,0.05398223,0.9037509,0.08552099,0.05185544,-0.04245837,0.1368069,0.221246,-0.01198258,-0.9655002,-0.4305046,0.258872,0.8646682,0.05186893,0.05050683,-0.1662424,0.01201622,0.000841168,0.01504279,0.9998143,0.002043539,-0.02400268,0.9997098
Fixation,17.9486,0.01746606,0.04372907,-0.03763732,0.03038715,0.2172347,-0.01198715,-0.9755727,-0.424585,0.0540817,0.9037714,0.08553531,0.05188572,-0.04244657,0.1368343,0.2212072,-0.01188112,-0.9655064,-0.4304054,0.2589725,0.8646875,0.05188276,0.05054426,-0.166229,0.01201306,0.0008645541,0.0149331,0.9998159,0.002087574,-0.02399587,0.9997099
Fixation,17.9591,0.0174875,0.04375994,-0.03762469,0.03033098,0.2171853,-0.01188303,-0.9755867,-0.4244871,0.05401936,0.9038212,0.08555777,0.05190492,-0.04243931,0.1367658,0.2211807,-0.01178231,-0.9655234,-0.4303332,0.2588891,0.8647484,0.05190461,0.05057025,-0.1662186,0.01209111,0.0009110167,0.01484155,0.9998164,0.0021806,-0.02415073,0.999706
Fixation,17.9710,0.01748816,0.04375958,-0.03762504,0.03012617,0.2171087,-0.01183202,-0.9756107,-0.42434,0.05364516,0.9039124,0.08555843,0.05190432,-0.04243994,0.1365978,0.2211584,-0.01173236,-0.9655529,-0.4302855,0.2585954,0.86486,0.05190506,0.05057204,-0.1662182,0.01226847,0.0009314092,0.01482698,0.9998144,0.002226281,-0.02450477,0.9996972
Fixation,17.9820,0.01750422,0.04375017,-0.03763362,0.03008912,0.2171243,-0.01187861,-0.9756078,-0.4243712,0.05355209,0.9039034,0.08557375,0.05190253,-0.04244619,0.1364086,0.2212811,-0.01177539,-0.965551,-0.430529,0.2582076,0.8648547,0.05192063,0.05056679,-0.1662254,0.01229434,0.0009176666,0.01488116,0.9998133,0.002200898,-0.02455678,0.999696
Fixation,17.9929,0.01751964,0.04374146,-0.0376458,0.0297306,0.2174178,-0.01195401,-0.9755526,-0.4249157,0.0528095,0.9036912,0.08558809,0.0519079,-0.04244974,0.1363204,0.2213485,-0.01184748,-0.9655471,-0.4306749,0.2580026,0.8648432,0.05193565,0.05056596,-0.1662329,0.01236293,0.0008628217,0.01498025,0.999811,0.002095717,-0.02469534,0.9996928
Fixation,18.0036,0.01751151,0.0437479,-0.03764517,0.02982676,0.2173749,-0.01194223,-0.9755593,-0.4248366,0.05300366,0.903717,0.08558011,0.05190885,-0.04245629,0.1364157,0.2213025,-0.01184085,-0.9655443,-0.4305852,0.25819,0.8648319,0.05192726,0.05056846,-0.1662364,0.01227205,0.0009055417,0.0149459,0.9998126,0.002177578,-0.02451243,0.9996971
Fixation,18.0149,0.01750352,0.04376662,-0.03763599,0.02993873,0.2173668,-0.01201939,-0.9755567,-0.4248269,0.05318863,0.9037107,0.08557121,0.05193317,-0.04245031,0.1365464,0.221583,-0.01191445,-0.9654605,-0.4311131,0.2583803,0.8645121,0.05191844,0.05058849,-0.1662295,0.01214596,0.0009163818,0.0149964,0.9998134,0.002196713,-0.02425991,0.9997033
Fixation,18.0266,0.01751053,0.04379737,-0.03763036,0.03003098,0.2172957,-0.01200652,-0.9755699,-0.4246955,0.0533767,0.9037614,0.08557811,0.05195844,-0.04245573,0.1366379,0.221509,-0.01190984,-0.9654647,-0.4309729,0.2585619,0.8645277,0.05192471,0.05061543,-0.1662299,0.01205942,0.0009879585,0.01496058,0.9998149,0.002336383,-0.02408482,0.9997072
Fixation,18.0375,0.01751076,0.04380322,-0.03762933,0.03027595,0.2174389,-0.01192332,-0.9755314,-0.4249589,0.0538851,0.9036074,0.08557986,0.05194831,-0.04246014,0.1367715,0.2214674,-0.0118336,-0.9654562,-0.4308711,0.2588522,0.8644915,0.05192596,0.05061185,-0.1662322,0.01194628,0.001014628,0.0148514,0.9998178,0.002383725,-0.02385807,0.9997125
Fixation,18.0487,0.01748572,0.04376912,-0.03766522,0.03025246,0.217383,-0.01194853,-0.9755443,-0.4248564,0.05383042,0.9036589,0.0855538,0.05191827,-0.04250369,0.136748,0.221415,-0.01186468,-0.9654712,-0.4307846,0.2587985,0.8645507,0.05189954,0.05058002,-0.1662719,0.01196427,0.001073097,0.01487858,0.9998171,0.002501824,-0.02389224,0.9997114
Fixation,18.0595,0.01748013,0.04373026,-0.03767928,0.03022776,0.2174217,-0.01201414,-0.9755357,-0.4249316,0.05375225,0.9036282,0.08554742,0.05188906,-0.04251251,0.1365674,0.221598,-0.01192362,-0.9654541,-0.4311422,0.2584145,0.8644873,0.05189364,0.05054605,-0.1662833,0.01197368,0.001036451,0.01494967,0.999816,0.002430526,-0.02391196,0.9997111
Fixation,18.0706,0.01747815,0.04369414,-0.03769534,0.02980174,0.2175226,-0.01203446,-0.975526,-0.4251151,0.05290921,0.9035916,0.08554482,0.05186081,-0.04252405,0.1364413,0.2216244,-0.01194232,-0.9654656,-0.4312003,0.2581654,0.8645328,0.05189131,0.05051541,-0.1662964,0.01209275,0.001016405,0.01499947,0.9998139,0.002395201,-0.02415051,0.9997055
Fixation,18.0819,0.01745981,0.0436542,-0.037706,0.02980901,0.2176068,-0.0121852,-0.9755051,-0.4252796,0.05285452,0.9035174,0.08552486,0.05184066,-0.04252415,0.1364476,0.2217236,-0.01208296,-0.9654402,-0.4314192,0.2581058,0.8644414,0.05187237,0.05048501,-0.1663019,0.01205188,0.000936479,0.01514863,0.9998122,0.002237745,-0.02407086,0.9997078
Fixation,18.0931,0.01741894,0.04365396,-0.03771231,0.0298314,0.2175924,-0.01218611,-0.9755077,-0.4252533,0.05289831,0.9035272,0.08548392,0.05183971,-0.04253276,0.1365094,0.2215189,-0.01208843,-0.9654784,-0.4310437,0.2582382,0.8645891,0.05183131,0.05048418,-0.1663095,0.01202996,0.0009510549,0.01514399,0.9998125,0.002266116,-0.02402661,0.9997088
Fixation,18.1043,0.01738646,0.04363823,-0.03772036,0.02979611,0.2176536,-0.01218604,-0.9754951,-0.4253662,0.05282725,0.9034782,0.08545163,0.05182385,-0.04253814,0.1365163,0.2215385,-0.01208687,-0.9654729,-0.4310789,0.2582501,0.864568,0.05179918,0.05046833,-0.1663163,0.0120229,0.0009307285,0.01514395,0.9998126,0.002225257,-0.0240131,0.9997092
Fixation,18.1152,0.01737894,0.04363716,-0.03771793,0.02981636,0.217702,-0.01224486,-0.9754829,-0.4254594,0.05283924,0.9034336,0.08544369,0.05182993,-0.04252965,0.136536,0.2215923,-0.01214009,-0.9654571,-0.4311908,0.2582589,0.8645096,0.05179174,0.05047035,-0.1663109,0.01198979,0.0008834613,0.01519905,0.9998122,0.002131058,-0.02394822,0.9997109
Fixation,18.1263,0.01733596,0.04361856,-0.03770917,0.02973797,0.2177406,-0.01226832,-0.9754764,-0.4255312,0.05267475,0.9034094,0.08540039,0.05181754,-0.04251464,0.1364167,0.2216892,-0.01215809,-0.9654515,-0.4313775,0.2580167,0.8644888,0.05174883,0.05045593,-0.1662986,0.01206082,0.0008455507,0.01524074,0.9998108,0.002058413,-0.02409129,0.9997076
Fixation,18.1373,0.01730355,0.04360378,-0.03770784,0.02961884,0.2177904,-0.01230484,-0.9754685,-0.4256243,0.05242474,0.9033801,0.08536762,0.05180991,-0.04250641,0.1363633,0.2217402,-0.01218919,-0.965447,-0.4314811,0.2578975,0.8644727,0.05171654,0.0504452,-0.1662936,0.01210467,0.0008001418,0.01529017,0.9998095,0.001970144,-0.02418026,0.9997057
Fixation,18.1486,0.01725702,0.04358435,-0.03772326,0.02955354,0.2178248,-0.01232844,-0.9754625,-0.4256885,0.05228586,0.9033579,0.08532078,0.0517962,-0.04251633,0.1363278,0.2218841,-0.01220691,-0.9654187,-0.4317503,0.2578097,0.8643644,0.05167007,0.05042946,-0.1663059,0.01216292,0.0007664004,0.01532895,0.9998083,0.001905396,-0.02429769,0.9997029
Fixation,18.1600,0.01724913,0.04359865,-0.03773554,0.02953449,0.2178871,-0.01228916,-0.9754496,-0.4258017,0.05226352,0.9033059,0.08531403,0.05180633,-0.04251938,0.1363091,0.2219423,-0.01216096,-0.9654085,-0.4318452,0.2577899,0.8643229,0.05166371,0.05044186,-0.1663134,0.01218948,0.0007011069,0.01529759,0.9998084,0.001774885,-0.02435284,0.9997019
Fixation,18.1709,0.01722012,0.04360008,-0.03774939,0.02937633,0.2182115,-0.01237771,-0.9753807,-0.4264059,0.05190429,0.9030415,0.08528339,0.05181992,-0.0425356,0.1363107,0.2219402,-0.01225554,-0.9654076,-0.4318666,0.2577507,0.8643239,0.05163321,0.05044925,-0.1663285,0.01216696,0.0007171876,0.01538807,0.9998073,0.001808551,-0.02430716,0.9997029
Fixation,18.1824,0.01721703,0.04358089,-0.03775357,0.02933614,0.2183043,-0.01246733,-0.97536,-0.426582,0.05178325,0.9029652,0.08527955,0.05181444,-0.04252694,0.136301,0.2221631,-0.01233234,-0.9653567,-0.4322951,0.2576785,0.8641312,0.05163034,0.05043733,-0.1663261,0.01218565,0.0006262698,0.01548835,0.9998056,0.001629767,-0.02434717,0.9997022
Fixation,18.1930,0.01720816,0.04356873,-0.0377597,0.0293569,0.2182913,-0.01245389,-0.9753625,-0.4265576,0.05183008,0.9029741,0.08527086,0.05179965,-0.04253506,0.1363216,0.2221483,-0.01232048,-0.9653573,-0.4322641,0.2577242,0.8641331,0.05162151,0.05042362,-0.1663333,0.01216846,0.0006388274,0.01547014,0.9998061,0.001653903,-0.02431244,0.999703
Fixation,18.2041,0.01717748,0.04355669,-0.03775314,0.02905108,0.2186275,-0.01241096,-0.9752969,-0.4271744,0.05124012,0.9027162,0.08524127,0.05178154,-0.04252327,0.1363536,0.2221819,-0.01227836,-0.9653456,-0.432313,0.2578006,0.8640859,0.05159212,0.05040824,-0.1663243,0.01214517,0.000597537,0.01542758,0.9998071,0.001569584,-0.02426722,0.9997043
Fixation,18.2183,0.01716542,0.04355645,-0.0377447,0.02914091,0.2185772,-0.01236086,-0.9753062,-0.4270798,0.05143901,0.9027497,0.0852299,0.05177104,-0.04252269,0.1362963,0.2225652,-0.01222778,-0.965266,-0.4330025,0.2576815,0.863776,0.05158019,0.05040181,-0.1663202,0.01206896,0.0006463443,0.01535689,0.999809,0.001663125,-0.02411346,0.9997078
Fixation,18.2343,0.01718855,0.04355431,-0.03773655,0.02923024,0.2186176,-0.01223179,-0.975296,-0.4271488,0.05166811,0.9027039,0.08525389,0.05174959,-0.04253546,0.1363536,0.2224008,-0.01211926,-0.9652973,-0.4326708,0.2578529,0.8638912,0.0515887,0.0504024,-0.1663192,0.01205482,0.0007033251,0.01526318,0.9998106,0.001774374,-0.02408361,0.9997084
Fixation,18.2406,0.01718855,0.04355431,-0.03773655,0.02923024,0.2186176,-0.01223179,-0.975296,-0.4271488,0.05166811,0.9027039,0.08525389,0.05174959,-0.04253546,0.1363536,0.2224008,-0.01211926,-0.9652973,-0.4326708,0.2578529,0.8638912,0.05160265,0.05038953,-0.1663228,0.01204248,0.0007952077,0.0152148,0.9998114,0.001956563,-0.02405621,0.9997087
Fixation,18.2486,0.01721872,0.04352415,-0.03777129,0.02924107,0.2185811,-0.01224547,-0.9753037,-0.4270821,0.0516846,0.9027345,0.08528355,0.05172062,-0.04257554,0.1361824,0.2226296,-0.01213306,-0.9652685,-0.4330993,0.2575029,0.8637808,0.05163205,0.05035985,-0.1663603,0.01202926,0.0008330694,0.01522415,0.9998114,0.002032095,-0.02402862,0.9997092
Fixation,18.2602,0.01723981,0.04349387,-0.03779547,0.02909453,0.2185279,-0.01224274,-0.9753201,-0.4269816,0.05140219,0.9027982,0.08530363,0.05169535,-0.04260516,0.1360372,0.2225799,-0.01213559,-0.9653004,-0.4330147,0.2572313,0.8639042,0.05165177,0.05033374,-0.1663865,0.01217344,0.0008884352,0.01525119,0.9998092,0.00214785,-0.02431513,0.999702
Fixation,18.2711,0.0172498,0.04346085,-0.03780376,0.02922167,0.2188633,-0.01231046,-0.9752402,-0.427608,0.05160767,0.90249,0.08531218,0.05167377,-0.04261452,0.135989,0.2225801,-0.01220892,-0.9653062,-0.4330365,0.2571071,0.8639302,0.05166046,0.05030704,-0.1663951,0.01220454,0.0009005692,0.01533253,0.9998075,0.002175045,-0.02437678,0.9997005
Fixation,18.2820,0.01725806,0.04344618,-0.03780976,0.02914121,0.2188591,-0.01237551,-0.9752427,-0.4276028,0.05142251,0.902503,0.08531903,0.05167079,-0.04262048,0.135951,0.222836,-0.01226969,-0.9652517,-0.4335218,0.2569856,0.8637229,0.05166748,0.05029893,-0.1664008,0.01226883,0.0009080552,0.01541338,0.9998055,0.002193965,-0.02450489,0.9996973
Fixation,18.2934,0.01723836,0.04346156,-0.03779744,0.02915906,0.2188671,-0.01246395,-0.9752393,-0.4276224,0.05141822,0.9024939,0.08529803,0.05169702,-0.04260793,0.1359682,0.2228528,-0.01235679,-0.9652444,-0.433575,0.2569775,0.8636986,0.05164675,0.05031931,-0.1663885,0.0122319,0.0009034494,0.01549602,0.9998047,0.002185638,-0.02443103,0.9996991
Fixation,18.3043,0.01723586,0.04346895,-0.03780237,0.02896111,0.2191587,-0.01241308,-0.9751803,-0.4281575,0.05104375,0.9022614,0.08529676,0.05169642,-0.0426091,0.1360195,0.222876,-0.01230738,-0.9652324,-0.4336023,0.2570948,0.86365,0.05164558,0.05032229,-0.1663918,0.01219155,0.0008709769,0.01544056,0.9998061,0.002118105,-0.02435149,0.9997012
Fixation,18.3154,0.01723095,0.04347944,-0.03780998,0.02901921,0.2191843,-0.01242886,-0.9751726,-0.4282065,0.05114906,0.9022322,0.08529205,0.05170679,-0.04261404,0.136077,0.2229016,-0.01232048,-0.9652182,-0.4336505,0.2571954,0.8635958,0.05164107,0.05033195,-0.1663983,0.01213113,0.0008450512,0.01544433,0.9998068,0.00206449,-0.02423146,0.9997042
Fixation,18.3261,0.01721847,0.04349089,-0.03782924,0.02899907,0.2192301,-0.01241371,-0.9751632,-0.4282903,0.05111472,0.9021944,0.08528017,0.05171728,-0.04262652,0.1360669,0.2231823,-0.01229657,-0.9651551,-0.4341573,0.2571625,0.863351,0.05162952,0.05034328,-0.1664141,0.01215367,0.0007976412,0.01543601,0.9998067,0.001970182,-0.02427801,0.9997033
Fixation,18.3379,0.01721329,0.04349983,-0.03784731,0.02910875,0.2197713,-0.01245508,-0.9750375,-0.4292956,0.05128971,0.9017065,0.08527479,0.05172992,-0.04264099,0.1361379,0.2232208,-0.0123419,-0.9651356,-0.4342371,0.2572732,0.8632779,0.05162451,0.05035305,-0.1664307,0.01207219,0.0007630449,0.01546975,0.9998072,0.001899303,-0.02411611,0.9997073
Fixation,18.3486,0.01721243,0.04351461,-0.03786341,0.02915205,0.2198229,-0.0124509,-0.9750246,-0.4293915,0.05137395,0.9016561,0.08527465,0.05174267,-0.04265043,0.1361809,0.2232707,-0.01233222,-0.9651181,-0.434324,0.2573544,0.86321,0.05162474,0.05036628,-0.1664437,0.01203033,0.0007096657,0.01545845,0.9998079,0.001790999,-0.0240341,0.9997095
Fixation,18.3596,0.01721637,0.04353762,-0.03787215,0.02915196,0.2198855,-0.01244034,-0.9750107,-0.4295068,0.05137605,0.9016011,0.08527933,0.05176473,-0.04265036,0.1361929,0.2235861,-0.01231084,-0.9650437,-0.4348941,0.2573592,0.8629215,0.05162989,0.05038881,-0.166448,0.01203213,0.0006451735,0.01545094,0.999808,0.001661915,-0.0240397,0.9997096
Fixation,18.3706,0.01722004,0.04359186,-0.03786549,0.02927032,0.2200558,-0.01237015,-0.9749696,-0.4298195,0.0516311,0.9014374,0.08528496,0.05180383,-0.04264188,0.136353,0.2236001,-0.01224116,-0.9650187,-0.4348948,0.2576921,0.8628217,0.05163547,0.05043364,-0.1664411,0.01188964,0.0006156141,0.01535041,0.9998113,0.001596018,-0.0237559,0.9997165
Fixation,18.3818,0.01723723,0.04359698,-0.03787113,0.02926863,0.2199718,-0.01237843,-0.9749885,-0.4296646,0.05162735,0.9015115,0.08530123,0.05180967,-0.04265927,0.1363513,0.2235177,-0.01225861,-0.9650378,-0.434749,0.2576882,0.8628963,0.05165111,0.05043912,-0.1664527,0.0118903,0.0007018932,0.01535514,0.9998112,0.001768676,-0.02375455,0.9997163
Fixation,18.3932,0.01725826,0.04360485,-0.03787566,0.0292588,0.2199282,-0.01238508,-0.9749985,-0.429584,0.05160693,0.9015511,0.0853217,0.05181873,-0.04266981,0.136377,0.2237913,-0.01226506,-0.9649706,-0.4352494,0.25771,0.8626376,0.05167126,0.0504477,-0.1664603,0.01189886,0.0007469633,0.01536184,0.9998109,0.001859221,-0.02377027,0.9997157
Fixation,18.4042,0.01729285,0.04359913,-0.03787007,0.0294742,0.2201896,-0.01241502,-0.9749327,-0.4300719,0.0520034,0.9012956,0.08535616,0.05181146,-0.04266863,0.1365248,0.223776,-0.01230127,-0.9649528,-0.4352253,0.2579745,0.8625706,0.05170561,0.05043936,-0.1664577,0.01174574,0.0007632233,0.01536157,0.9998127,0.001887027,-0.02346364,0.9997229
Fixation,18.4154,0.01722532,0.04360342,-0.03782986,0.02931576,0.2200505,-0.01237235,-0.9749694,-0.4298105,0.05171885,0.9014367,0.08528743,0.05181575,-0.04264539,0.1363681,0.2236371,-0.01227358,-0.9650075,-0.4349705,0.2577027,0.8627804,0.05163576,0.05044568,-0.1664252,0.01191116,0.0009049213,0.01534873,0.9998109,0.002175143,-0.02379004,0.9997146
Fixation,18.4261,0.01724371,0.04359686,-0.03782073,0.02935561,0.2199458,-0.01235077,-0.9749921,-0.429616,0.05180997,0.9015241,0.08530535,0.0518043,-0.04265125,0.1364001,0.2238326,-0.01225914,-0.9649579,-0.4353224,0.2577528,0.8625879,0.05165279,0.05043626,-0.1664239,0.01187809,0.001010966,0.01531429,0.9998116,0.00238536,-0.02372074,0.9997158
Fixation,18.4377,0.01726894,0.04358578,-0.03780616,0.02937556,0.2199628,-0.01238212,-0.9749873,-0.4296493,0.05183439,0.9015069,0.08533029,0.05179667,-0.04263481,0.1364197,0.2238522,-0.01228851,-0.9649502,-0.4353653,0.2577748,0.8625597,0.05167794,0.05042648,-0.1664085,0.01185152,0.0009948101,0.01534118,0.9998116,0.002352878,-0.02366806,0.9997171
Fixation,18.4487,0.01728352,0.04355013,-0.03778248,0.02933318,0.2200328,-0.01239031,-0.9749727,-0.4297788,0.05174556,0.9014503,0.08534382,0.05176139,-0.04262531,0.1364306,0.2240459,-0.0123058,-0.9649035,-0.4357231,0.2577707,0.8623803,0.0516907,0.05039084,-0.1663921,0.01183644,0.001097232,0.01534422,0.9998116,0.002557293,-0.02363475,0.9997174
Fixation,18.4603,0.01729212,0.04353142,-0.03777301,0.02921047,0.2200436,-0.01233299,-0.9749746,-0.4297944,0.05153133,0.9014551,0.08535299,0.05174017,-0.04261227,0.1363094,0.2240536,-0.01224713,-0.9649196,-0.4357261,0.2575671,0.8624395,0.05169986,0.05037248,-0.1663801,0.01196874,0.001084564,0.0153159,0.9998105,0.002535341,-0.02389971,0.9997112
Fixation,18.4713,0.01729023,0.04351282,-0.03776781,0.02905249,0.2200963,-0.01234351,-0.9749673,-0.4298906,0.05121693,0.9014271,0.08535057,0.05172384,-0.04261073,0.1362886,0.2240278,-0.01226188,-0.9649283,-0.4356838,0.2575234,0.862474,0.05169727,0.0503552,-0.1663766,0.01198679,0.001113561,0.01533083,0.99981,0.002594234,-0.02393488,0.9997101
Fixation,18.4821,0.01728154,0.04349768,-0.03775929,0.02902214,0.2201576,-0.01232798,-0.9749545,-0.4300028,0.05116234,0.9013767,0.08534259,0.05170798,-0.04259314,0.1362691,0.2243116,-0.01223607,-0.9648655,-0.4361958,0.2574733,0.8622301,0.05168974,0.05034018,-0.1663633,0.01201922,0.001050331,0.0153251,0.9998097,0.002468654,-0.02400168,0.9997089
Fixation,18.4931,0.0172535,0.04350781,-0.03773283,0.02897272,0.2202378,-0.01235366,-0.9749376,-0.4301521,0.05105171,0.9013118,0.08531469,0.05172384,-0.042555,0.1362199,0.2243951,-0.01225253,-0.9648528,-0.4363545,0.2573656,0.862182,0.05166256,0.05035365,-0.1663307,0.01206097,0.0009695431,0.01536456,0.9998087,0.002309338,-0.02408753,0.9997072
Fixation,18.5043,0.0172345,0.04349339,-0.03773697,0.02872936,0.2204872,-0.01231536,-0.9748889,-0.4306087,0.05058511,0.90112,0.08529659,0.05170643,-0.0425515,0.136184,0.2244413,-0.01221205,-0.9648476,-0.4364295,0.2573119,0.86216,0.05164478,0.05033839,-0.1663308,0.01210379,0.0009177233,0.01534059,0.9998087,0.002206454,-0.0241748,0.9997053
Fixation,18.5153,0.01722443,0.04347944,-0.03774183,0.02874343,0.2205325,-0.01237164,-0.9748776,-0.4306956,0.05058596,0.9010785,0.08528608,0.05169952,-0.04255064,0.136217,0.2245702,-0.01226179,-0.9648123,-0.4366768,0.2573405,0.8620263,0.05163476,0.05032766,-0.1663329,0.01207716,0.000873559,0.0153943,0.9998082,0.002118622,-0.0241228,0.9997067
Fixation,18.5264,0.01722082,0.04347634,-0.03772369,0.02867454,0.2205992,-0.01240749,-0.974864,-0.43082,0.0504334,0.9010275,0.08528225,0.05170417,-0.0425225,0.1361485,0.2246419,-0.01228976,-0.9648049,-0.4368178,0.2571919,0.8619992,0.05163157,0.05032909,-0.1663094,0.01213578,0.0008071102,0.01544737,0.9998067,0.00198884,-0.02424193,0.9997041
Fixation,18.5374,0.01721394,0.0434829,-0.03771542,0.02861857,0.2206538,-0.01240783,-0.9748533,-0.4309203,0.05032215,0.9009858,0.08527497,0.05171204,-0.04251733,0.1361145,0.2246176,-0.01229403,-0.9648153,-0.4367759,0.2571279,0.8620395,0.05162411,0.05033672,-0.1663025,0.01216911,0.0008334911,0.01545539,0.9998062,0.002042816,-0.02430774,0.9997025
Fixation,18.5491,0.01720497,0.04346776,-0.03772704,0.02866158,0.2207243,-0.01246792,-0.9748353,-0.4310544,0.0503767,0.9009186,0.08526585,0.05170333,-0.04252011,0.1362958,0.2248918,-0.01234281,-0.9647253,-0.4372821,0.2574244,0.8616942,0.05161566,0.0503242,-0.1663099,0.01211314,0.0007634139,0.01550753,0.9998061,0.001902222,-0.02419791,0.9997054
Fixation,18.5599,0.01720215,0.04347718,-0.03774132,0.02866255,0.2207584,-0.0124874,-0.9748273,-0.4311186,0.05036868,0.9008883,0.08526303,0.05171549,-0.04252978,0.1362967,0.2249277,-0.01235839,-0.9647166,-0.4373519,0.2574158,0.8616615,0.05161317,0.05033493,-0.1663219,0.01210754,0.0007292422,0.0155278,0.9998059,0.001834208,-0.02418773,0.9997057
Fixation,18.5709,0.01715649,0.04348803,-0.03772034,0.02862856,0.2209033,-0.01245712,-0.9747959,-0.4313846,0.05031036,0.9007642,0.08521728,0.05172503,-0.04251235,0.1362376,0.2248939,-0.01233441,-0.9647331,-0.437286,0.257318,0.8617241,0.05156713,0.05034602,-0.1663024,0.01217226,0.0007618745,0.01551277,0.9998053,0.001901103,-0.02431614,0.9997025
Fixation,18.5821,0.01716045,0.04348242,-0.03773472,0.0287097,0.2209354,-0.01248999,-0.9747858,-0.4314465,0.05045266,0.9007266,0.08522131,0.05172062,-0.04252359,0.1362421,0.2251638,-0.01236025,-0.9646692,-0.4377852,0.257291,0.8614787,0.05157145,0.05033982,-0.1663156,0.01208549,0.0007298668,0.01552827,0.9998062,0.001834784,-0.02414364,0.9997068
Fixation,18.5929,0.01715777,0.04349196,-0.03775007,0.02874675,0.2209584,-0.01249739,-0.9747794,-0.4314899,0.05052068,0.900702,0.08521888,0.05172968,-0.04253627,0.1362788,0.2251866,-0.01236522,-0.9646586,-0.4378266,0.2573561,0.8614382,0.05156919,0.05034864,-0.1663298,0.01204748,0.0007063503,0.01552829,0.9998066,0.001786581,-0.02406836,0.9997087
Fixation,18.6044,0.01716334,0.0435251,-0.0377604,0.02859469,0.2210457,-0.01249466,-0.9747641,-0.4316495,0.05022237,0.9006423,0.08522436,0.0517658,-0.04254265,0.1362012,0.2252088,-0.01236094,-0.9646645,-0.437869,0.2572094,0.8614604,0.05157487,0.05038428,-0.1663378,0.01212403,0.0006856227,0.01554488,0.9998055,0.001747912,-0.02422202,0.9997051
Fixation,18.6153,0.01717234,0.04353654,-0.0377594,0.02869576,0.2210596,-0.01253937,-0.9747574,-0.4316787,0.05039892,0.9006184,0.08523315,0.05177927,-0.0425414,0.1363011,0.2252249,-0.01240427,-0.964646,-0.4379061,0.2573771,0.8613915,0.05158384,0.05039537,-0.1663372,0.01201538,0.0006725661,0.0155667,0.9998064,0.001718951,-0.02400516,0.9997104
Fixation,18.6261,0.01717585,0.04354072,-0.03776807,0.02873192,0.2210098,-0.01249595,-0.9747682,-0.4315847,0.05049047,0.9006582,0.08523704,0.05177617,-0.04255719,0.1363125,0.225345,-0.01236408,-0.9646168,-0.438114,0.2574063,0.861277,0.05158722,0.05039561,-0.1663496,0.01199023,0.0007215879,0.01551422,0.9998075,0.001814936,-0.02395345,0.9997115
Fixation,18.6375,0.01718544,0.0435617,-0.03777859,0.02872711,0.2211873,-0.01254903,-0.9747274,-0.4319156,0.05045083,0.9005019,0.08524499,0.05180335,-0.04258021,0.1363323,0.2252666,-0.01243031,-0.9646315,-0.4379879,0.2574206,0.8613369,0.05159463,0.05041933,-0.1663667,0.01195853,0.0008103641,0.01556169,0.9998071,0.001992605,-0.02388723,0.9997126
Fixation,18.6488,0.01719394,0.04356718,-0.03777336,0.02872744,0.2212209,-0.01254379,-0.9747199,-0.4319774,0.05045252,0.9004722,0.08525388,0.05180836,-0.04257026,0.1363327,0.2252994,-0.0124214,-0.9646239,-0.4380453,0.2574225,0.8613071,0.05160378,0.05042458,-0.166359,0.01195904,0.0007757568,0.01555798,0.9998072,0.001923332,-0.02388933,0.9997128
Fixation,18.6599,0.01719734,0.04356635,-0.0377722,0.02872012,0.2211903,-0.0125534,-0.9747269,-0.4319212,0.05043516,0.9005001,0.08525683,0.05180883,-0.04257333,0.1364928,0.2252273,-0.01243473,-0.964618,-0.437911,0.2577256,0.8612848,0.0516065,0.05042446,-0.16636,0.01196435,0.0008075031,0.01556762,0.9998069,0.001987207,-0.02389893,0.9997124
Fixation,18.6712,0.01721036,0.04356337,-0.03777016,0.02896294,0.2215004,-0.01255184,-0.9746493,-0.4324974,0.05089695,0.9001974,0.08526956,0.05180895,-0.04256998,0.1364246,0.225232,-0.01243723,-0.9646265,-0.437923,0.257595,0.8613178,0.0516193,0.05042386,-0.1663569,0.01203077,0.0008051698,0.01558602,0.9998059,0.001985051,-0.02403177,0.9997092
Fixation,18.6823,0.01721631,0.04354966,-0.03777011,0.02905324,0.2214223,-0.01254842,-0.9746644,-0.4323539,0.05107731,0.9002562,0.08527517,0.05179095,-0.04258203,0.1365141,0.2251519,-0.01244281,-0.9646325,-0.4377749,0.2577688,0.861341,0.05162425,0.05040693,-0.1663635,0.01194424,0.0008844649,0.01555923,0.9998072,0.002140275,-0.02385635,0.9997131
Fixation,18.6932,0.01721103,0.0435499,-0.03774501,0.02902804,0.221422,-0.01252705,-0.9746655,-0.432352,0.05103772,0.9002594,0.08527015,0.05178928,-0.04255648,0.136329,0.2253528,-0.01241855,-0.964612,-0.438142,0.2574121,0.861261,0.05161918,0.05040646,-0.166338,0.01197357,0.0008840282,0.01554398,0.9998071,0.002139949,-0.02391503,0.9997117
Fixation,18.7038,0.01722462,0.04354739,-0.03772619,0.02906726,0.221614,-0.0124982,-0.974621,-0.432706,0.05111957,0.9000846,0.08528478,0.05178392,-0.04252771,0.1363216,0.2254187,-0.0123841,-0.9645981,-0.4382534,0.2574078,0.8612056,0.05163429,0.05040288,-0.1663141,0.01198636,0.000812201,0.01552247,0.9998074,0.001996205,-0.02394289,0.9997113
Fixation,18.7152,0.01723326,0.04353535,-0.03772169,0.02905608,0.2215634,-0.01247686,-0.9746332,-0.4326111,0.05110921,0.9001308,0.08529326,0.05176938,-0.04252999,0.1363107,0.2253664,-0.01236844,-0.9646121,-0.4381543,0.2573989,0.8612587,0.05164233,0.05038965,-0.1663129,0.01200252,0.0008632936,0.01550192,0.9998074,0.002098379,-0.02397364,0.9997104
Fixation,18.7267,0.01724124,0.04352844,-0.03772857,0.0290557,0.2215541,-0.01245179,-0.9746356,-0.4325927,0.05111995,0.9001391,0.08530156,0.05175924,-0.04253797,0.1362804,0.2256163,-0.0123405,-0.9645583,-0.4386037,0.2573324,0.8610498,0.05165049,0.05038118,-0.1663203,0.01200856,0.0008717528,0.01547718,0.9998077,0.002114888,-0.02398551,0.9997101
Fixation,18.7378,0.01725403,0.04351747,-0.0377329,0.02893413,0.221613,-0.01246002,-0.9746257,-0.4327005,0.05087728,0.900101,0.08531387,0.05174959,-0.0425468,0.1362733,0.2255853,-0.01235368,-0.9645663,-0.4385508,0.2573156,0.8610818,0.05166257,0.05037093,-0.1663269,0.01201371,0.0009054637,0.01548679,0.9998075,0.002182686,-0.02399476,0.9997097
Fixation,18.7486,0.01726535,0.0435214,-0.03772195,0.02892042,0.221609,-0.01242873,-0.9746274,-0.4326912,0.05086463,0.9001061,0.08532561,0.05174994,-0.04253601,0.1362599,0.2255783,-0.01232297,-0.9645703,-0.4385305,0.2573049,0.8610954,0.05167421,0.05037332,-0.1663159,0.01203409,0.000908383,0.01545917,0.9998077,0.00218849,-0.02403546,0.9997087
Fixation,18.7595,0.01727896,0.04351687,-0.0377121,0.02890739,0.2215853,-0.01242419,-0.9746333,-0.4326472,0.05084217,0.9001286,0.08533901,0.05174518,-0.04252925,0.1361064,0.225634,-0.01231995,-0.964579,-0.4386372,0.2570112,0.8611287,0.05168743,0.05036891,-0.1663075,0.01204804,0.0009325311,0.01545659,0.9998075,0.002237147,-0.02406262,0.9997079
Fixation,18.7707,0.01726939,0.04351735,-0.03769409,0.02885588,0.2218803,-0.01248623,-0.9745669,-0.4331949,0.05070307,0.899873,0.0853281,0.05175591,-0.04251275,0.1360678,0.2256309,-0.01238743,-0.9645843,-0.4386511,0.2569078,0.8611525,0.05167662,0.05037475,-0.1662902,0.01207088,0.0009468697,0.01552974,0.9998061,0.002268288,-0.02410767,0.9997068
Fixation,18.7820,0.01726924,0.04352081,-0.03768109,0.02887762,0.2218157,-0.01249876,-0.9745808,-0.4330764,0.05074231,0.8999278,0.08532722,0.05175984,-0.04250915,0.1360893,0.2255675,-0.01240708,-0.9645958,-0.4385399,0.2569451,0.861198,0.05167525,0.0503782,-0.1662821,0.01204754,0.001013452,0.01553427,0.9998062,0.00240081,-0.02405892,0.9997076
Fixation,18.7933,0.01727563,0.04351878,-0.03767117,0.02888501,0.2218285,-0.01249013,-0.9745778,-0.4330998,0.05076003,0.8999155,0.08533391,0.05175638,-0.04249748,0.1358917,0.2259368,-0.01239176,-0.9645374,-0.4392168,0.2565458,0.860972,0.05168201,0.05037534,-0.1662713,0.01204212,0.0009998824,0.01552479,0.9998065,0.00237328,-0.02404854,0.999708
Fixation,18.8043,0.01727391,0.04352319,-0.03766692,0.02911533,0.2220274,-0.01248671,-0.9745257,-0.43347,0.0512025,0.8997123,0.0853317,0.05176127,-0.04249943,0.135878,0.2258918,-0.01239698,-0.9645499,-0.4391367,0.2565214,0.8610201,0.05167945,0.05038023,-0.1662701,0.01205604,0.001046801,0.0155261,0.9998062,0.002467563,-0.0240749,0.9997071
Fixation,18.8153,0.01725508,0.04351199,-0.03766615,0.02920071,0.2220018,-0.01254101,-0.9745283,-0.4334265,0.05134559,0.899725,0.08531208,0.05175364,-0.04250377,0.1359623,0.22587,-0.01245409,-0.9645424,-0.4391089,0.2566567,0.860994,0.05165973,0.05036962,-0.1662724,0.01196092,0.001074699,0.01555886,0.9998068,0.00252118,-0.02388379,0.9997116
Fixation,18.8266,0.01724741,0.04351902,-0.03765915,0.02926752,0.2220638,-0.01264198,-0.9745108,-0.4335472,0.05142837,0.8996621,0.08530359,0.05177152,-0.04248974,0.1359644,0.2259537,-0.01254778,-0.9645212,-0.4392864,0.2566106,0.8609172,0.05165194,0.05038095,-0.1662623,0.01187263,0.001014901,0.0156451,0.9998066,0.002400907,-0.02370891,0.999716
Fixation,18.8421,0.01723702,0.04353356,-0.03765611,0.02933281,0.2223886,-0.01263455,-0.9744349,-0.4341476,0.05154626,0.8993658,0.0852939,0.05178297,-0.04248212,0.1360372,0.2259912,-0.01254068,-0.9645023,-0.43935,0.2567483,0.8608437,0.05164253,0.0503931,-0.1662574,0.01180124,0.0009735011,0.01562755,0.9998078,0.002315477,-0.02356751,0.9997196
Fixation,18.8529,0.01722474,0.04353929,-0.03765375,0.02933977,0.2224457,-0.01262375,-0.9744218,-0.4342526,0.05156243,0.8993142,0.08528237,0.05178726,-0.0424718,0.1361201,0.2260856,-0.01252299,-0.9644687,-0.4395142,0.2569046,0.8607132,0.05163141,0.05039799,-0.166251,0.01179629,0.0009145297,0.015618,0.999808,0.002197177,-0.02355948,0.99972
Fixation,18.8635,0.01721842,0.04353809,-0.03764831,0.02943385,0.2225034,-0.0126559,-0.9744053,-0.4343621,0.05172903,0.8992518,0.08527642,0.05178678,-0.0424598,0.1362132,0.2261441,-0.01254896,-0.9644415,-0.4396241,0.2570635,0.8606097,0.05162594,0.05039597,-0.1662428,0.01169677,0.0008560267,0.01563093,0.9998091,0.00207739,-0.02336232,0.9997249
Fixation,18.8746,0.01721083,0.04351914,-0.03764515,0.02938437,0.2227337,-0.01261796,-0.9743547,-0.4347848,0.0516407,0.8990526,0.0852696,0.05176246,-0.04245503,0.1362349,0.2261516,-0.01251338,-0.9644371,-0.4396276,0.2571201,0.860591,0.05161912,0.05037427,-0.1662389,0.0116832,0.000842413,0.01559294,0.9998098,0.002048856,-0.02333568,0.9997256
Fixation,18.8862,0.01721316,0.04348409,-0.03764083,0.02923839,0.2227886,-0.01264831,-0.9743462,-0.434886,0.05134083,0.8990207,0.08527137,0.05173731,-0.0424413,0.13609,0.2262128,-0.012537,-0.9644429,-0.439751,0.2568301,0.8606145,0.05162147,0.05034578,-0.1662291,0.01181821,0.000788382,0.01565745,0.9998073,0.001946546,-0.02360717,0.9997194
Fixation,18.8973,0.0172184,0.04341245,-0.03762691,0.02909948,0.2228137,-0.01266326,-0.9743443,-0.4349315,0.05106273,0.8990145,0.08527607,0.05167329,-0.04242211,0.1359669,0.2263317,-0.0125472,-0.9644323,-0.4399753,0.256582,0.8605739,0.05162647,0.05027962,-0.1662118,0.01195007,0.0007641081,0.0157041,0.999805,0.001903248,-0.02387148,0.9997132
Fixation,18.9084,0.01723096,0.04336977,-0.03759864,0.02896275,0.223148,-0.012593,-0.9742728,-0.4355435,0.05081504,0.8987322,0.08529036,0.05162299,-0.04238243,0.1359508,0.2264013,-0.0124729,-0.9644192,-0.4400829,0.2565794,0.8605197,0.05164121,0.05023348,-0.1661776,0.01198026,0.0006830145,0.01564668,0.9998056,0.001740666,-0.02393448,0.999712
Fixation,18.9189,0.01723616,0.04340446,-0.03757354,0.02898392,0.223019,-0.01246951,-0.9743034,-0.4352991,0.05091638,0.898845,0.08529645,0.05164015,-0.04237475,0.1359725,0.2262596,-0.01236443,-0.9644507,-0.439795,0.2566823,0.8606361,0.05164596,0.05025935,-0.1661612,0.01198855,0.0008100639,0.01551601,0.9998074,0.001991845,-0.02394735,0.9997112
Fixation,18.9308,0.01722644,0.04344201,-0.03754479,0.02902522,0.2229326,-0.01229193,-0.9743242,-0.4351308,0.05107941,0.8989172,0.08528898,0.05165255,-0.04235734,0.1357398,0.2263863,-0.0121943,-0.964456,-0.4399898,0.2563088,0.8606479,0.05163735,0.05028415,-0.1661382,0.01198888,0.0008909639,0.01533006,0.9998102,0.00214917,-0.02394589,0.9997109
Fixation,18.9411,0.01724876,0.04346299,-0.03751533,0.02918148,0.2231617,-0.01219213,-0.9742683,-0.4355503,0.05141956,0.8986946,0.08531219,0.05166125,-0.04233613,0.1357272,0.2263118,-0.01210669,-0.9644763,-0.4398312,0.2563315,0.8607222,0.05165982,0.05029953,-0.1661128,0.01202375,0.0009540676,0.01523731,0.9998112,0.002274194,-0.02401389,0.999709
Fixation,18.9526,0.01727442,0.04346073,-0.03749277,0.0291035,0.2230868,-0.01220012,-0.9742876,-0.4354116,0.05126698,0.8987705,0.08533671,0.05166292,-0.04232304,0.1356499,0.2262402,-0.01212257,-0.9645038,-0.4397079,0.2561844,0.860829,0.05168381,0.0503,-0.1660946,0.01209876,0.001031626,0.0152592,0.9998099,0.002432094,-0.02416144,0.9997051
Fixation,18.9636,0.01728672,0.04345036,-0.03749907,0.02892468,0.223063,-0.01227109,-0.9742976,-0.4353694,0.05088803,0.8988125,0.08534695,0.05166876,-0.04233078,0.1355305,0.2263543,-0.01219308,-0.9644929,-0.4399394,0.2559164,0.8607904,0.05169412,0.05029988,-0.1661008,0.01225747,0.001060178,0.01536721,0.9998062,0.00249667,-0.0244776,0.9996973
Fixation,18.9746,0.01729021,0.04344976,-0.03750865,0.02886406,0.2233647,-0.01229086,-0.97423,-0.4359267,0.05074979,0.8985502,0.08534986,0.0516746,-0.04233749,0.1354497,0.2263726,-0.01221546,-0.9644997,-0.4399818,0.2557518,0.8608177,0.05169724,0.05030346,-0.1661085,0.01233121,0.001047469,0.01540969,0.9998047,0.00247457,-0.02462533,0.9996937
Fixation,18.9858,0.0172965,0.04345703,-0.03750645,0.02884817,0.2233249,-0.01229873,-0.9742395,-0.4358534,0.05071682,0.8985876,0.08535559,0.05168331,-0.0423407,0.1354339,0.2263343,-0.0122276,-0.9645107,-0.4399157,0.2557198,0.8608609,0.05170269,0.05031157,-0.166109,0.01234534,0.001088698,0.01541915,0.9998043,0.002557678,-0.02465227,0.9996928
Fixation,18.9967,0.01730368,0.04346633,-0.03749814,0.02889681,0.2232939,-0.01227565,-0.9742455,-0.4357956,0.05082301,0.8986096,0.08536304,0.0516876,-0.04233719,0.1353514,0.2266244,-0.01220317,-0.9644545,-0.4404413,0.2555495,0.8606428,0.05170981,0.05031776,-0.1661033,0.01230342,0.001119158,0.01538442,0.9998053,0.002616441,-0.02456761,0.9996948
Fixation,19.0080,0.01729316,0.04348719,-0.03750095,0.0289444,0.2233917,-0.01222258,-0.9742223,-0.4359739,0.05093571,0.8985168,0.08535336,0.05169976,-0.04234289,0.1353977,0.2265993,-0.01215447,-0.9644545,-0.4403807,0.2556615,0.8606405,0.05169983,0.05033386,-0.1661077,0.01226983,0.001136002,0.01532331,0.9998066,0.002647593,-0.02450011,0.9996963
Fixation,19.0196,0.01729064,0.0435009,-0.03749697,0.02907093,0.2233755,-0.01221355,-0.9742224,-0.4359449,0.0511867,0.8985165,0.08535132,0.05170727,-0.04234281,0.1355232,0.2265792,-0.01214768,-0.9644417,-0.4403374,0.2559036,0.8605907,0.05169759,0.05034292,-0.1661064,0.01214866,0.001151426,0.01528547,0.9998087,0.002673807,-0.02425748,0.9997022
Fixation,19.0307,0.01728247,0.04350495,-0.0374896,0.02911907,0.2233661,-0.01222445,-0.9742229,-0.4359287,0.05127587,0.8985193,0.08534308,0.05171084,-0.04233748,0.135546,0.2267385,-0.01215708,-0.9644009,-0.4406292,0.2559283,0.8604339,0.05168927,0.05034626,-0.1661003,0.01209938,0.001161108,0.0152849,0.9998093,0.002691648,-0.02415865,0.9997045
Fixation,19.0414,0.01727044,0.04349542,-0.03750778,0.02927652,0.2235881,-0.01229353,-0.9741665,-0.4363438,0.05154304,0.8983025,0.08533055,0.05170941,-0.04234874,0.1355823,0.2268014,-0.01222214,-0.9643803,-0.4407599,0.2559617,0.8603571,0.05167736,0.05034018,-0.1661153,0.01204665,0.001105659,0.01534881,0.999809,0.0025807,-0.02405476,0.9997073
Fixation,19.0523,0.01725653,0.04347456,-0.03753075,0.02924692,0.2236021,-0.01235686,-0.9741633,-0.4363728,0.05145652,0.8982934,0.08531563,0.05169797,-0.04236981,0.1353592,0.2271549,-0.01227845,-0.9643277,-0.4414275,0.255483,0.8601571,0.05166271,0.05032408,-0.1661372,0.01206114,0.001094092,0.01541772,0.9998078,0.002559674,-0.02408392,0.9997067
Fixation,19.0637,0.01724142,0.04345226,-0.03753269,0.02921078,0.2236342,-0.01245773,-0.9741557,-0.4364369,0.05133975,0.8982689,0.08529904,0.05169046,-0.04236751,0.1353228,0.2271981,-0.01237508,-0.9643213,-0.4415332,0.2553661,0.8601375,0.05164664,0.05030954,-0.1661369,0.0120734,0.001065631,0.01552545,0.999806,0.002505738,-0.02410903,0.9997062
Fixation,19.0749,0.01722507,0.043432,-0.03753707,0.02919766,0.2236518,-0.01250717,-0.9741514,-0.4364718,0.05129137,0.8982547,0.0852818,0.05167794,-0.04237106,0.1352891,0.2272093,-0.0124237,-0.9643228,-0.4415679,0.2552792,0.8601455,0.05162958,0.05029345,-0.1661408,0.01209501,0.001062462,0.01558154,0.9998049,0.002501426,-0.02415218,0.9997051
Fixation,19.0859,0.01719151,0.04342628,-0.03754289,0.02918613,0.2237099,-0.01251275,-0.9741384,-0.4365792,0.0512642,0.8982041,0.08524865,0.05167377,-0.04236866,0.1350721,0.2275515,-0.01241864,-0.9642726,-0.4421982,0.2548408,0.8599517,0.05159691,0.05028856,-0.1661424,0.0121044,0.001003293,0.01559214,0.9998047,0.00238366,-0.02417278,0.999705
Fixation,19.0966,0.01716681,0.04341817,-0.03754523,0.0291815,0.2237538,-0.01253271,-0.9741281,-0.4366612,0.05124456,0.8981653,0.08522402,0.05166864,-0.04236495,0.1350673,0.2275973,-0.01243368,-0.9642622,-0.4422858,0.2548209,0.8599126,0.05157267,0.050282,-0.1661417,0.01210397,0.0009591224,0.01561456,0.9998044,0.002295866,-0.02417326,0.9997051
Fixation,19.1077,0.01715283,0.04340792,-0.0375478,0.02914108,0.2239711,-0.01246361,-0.9740804,-0.437058,0.05118853,0.8979755,0.08521117,0.05165148,-0.04236337,0.1350269,0.2276136,-0.01236545,-0.964265,-0.442299,0.2547744,0.8599195,0.05155985,0.05026889,-0.1661418,0.01215869,0.0009338044,0.01556048,0.9998046,0.002245634,-0.02428357,0.9997026
Fixation,19.1199,0.01714401,0.04340029,-0.03754474,0.02913082,0.2240843,-0.01247364,-0.9740545,-0.4372675,0.05115971,0.8978752,0.08520319,0.05164599,-0.04234441,0.1348678,0.2280828,-0.01235761,-0.9641765,-0.4431574,0.2544356,0.8595779,0.05155279,0.05026245,-0.1661307,0.01216528,0.000818143,0.01557758,0.9998043,0.002014977,-0.02430031,0.9997027
Fixation,19.1304,0.01714874,0.04340982,-0.03756338,0.02912172,0.2240403,-0.01245487,-0.9740651,-0.4371851,0.05115212,0.8979158,0.08520778,0.05165327,-0.04236895,0.1348589,0.2280373,-0.0123437,-0.9641886,-0.4430712,0.2544292,0.8596241,0.05155699,0.05027103,-0.1661523,0.01217881,0.0008625796,0.01555939,0.9998044,0.002103812,-0.02432602,0.9997019
Fixation,19.1412,0.01714951,0.04341829,-0.03756447,0.02880268,0.224441,-0.01243349,-0.9739826,-0.4379195,0.05052546,0.8975933,0.08520865,0.05166173,-0.04236893,0.1348137,0.2280396,-0.01232832,-0.9641946,-0.4430731,0.2543506,0.8596464,0.05155787,0.05028009,-0.1661525,0.01222666,0.0008593982,0.01555516,0.9998039,0.002098835,-0.02442179,0.9996995
Fixation,19.1525,0.01715404,0.04343629,-0.03756388,0.02882216,0.2243883,-0.01240004,-0.9739946,-0.4378208,0.05058041,0.8976383,0.0852133,0.05167437,-0.0423757,0.1349525,0.2282331,-0.01229676,-0.9641298,-0.4434117,0.2546104,0.8593949,0.05156202,0.05029523,-0.1661557,0.01221574,0.0009118162,0.0155159,0.9998046,0.002202353,-0.02439842,0.9996999
Fixation,19.1635,0.01716724,0.04343224,-0.03759227,0.0288433,0.2243809,-0.01243739,-0.9739952,-0.4378092,0.05060504,0.8976426,0.08522592,0.05167425,-0.04240569,0.1349732,0.2282291,-0.01233479,-0.9641274,-0.4434135,0.2546325,0.8593874,0.05157466,0.05029297,-0.1661851,0.0121868,0.0009208954,0.01554719,0.9998044,0.002220372,-0.0243402,0.9997013
Fixation,19.1751,0.01717835,0.04342556,-0.03759956,0.02848477,0.224892,-0.01245396,-0.9738876,-0.4387486,0.04988034,0.8972244,0.08523647,0.05167091,-0.0424151,0.1349721,0.2282178,-0.01236119,-0.9641299,-0.4434001,0.2546191,0.8593983,0.05158518,0.05028772,-0.1661935,0.01218232,0.0009362423,0.01557116,0.9998041,0.002251504,-0.02433071,0.9997014
Fixation,19.1859,0.01718538,0.04342818,-0.03760158,0.02852402,0.2248549,-0.0124773,-0.9738948,-0.4386819,0.04994763,0.8972533,0.08524294,0.05167484,-0.04242301,0.1350108,0.2281824,-0.01238859,-0.9641324,-0.4433414,0.254683,0.8594097,0.05159138,0.05029047,-0.1661987,0.01213918,0.0009750031,0.01558341,0.9998044,0.002327964,-0.02424322,0.9997034
Fixation,19.2045,0.01719584,0.04344106,-0.03759421,0.02861916,0.2248684,-0.01255968,-0.9738878,-0.4387121,0.05009515,0.8972303,0.08525255,0.05169463,-0.04241563,0.1351426,0.2284307,-0.01246567,-0.9640542,-0.4438084,0.2548746,0.8591118,0.05160126,0.0503056,-0.1661919,0.01202773,0.0009639519,0.01564276,0.9998049,0.002303821,-0.0240206,0.9997088
Fixation,19.2111,0.01722238,0.04346454,-0.03761474,0.02828272,0.225296,-0.01244943,-0.9738002,-0.4394908,0.04947383,0.8968836,0.08528121,0.05170143,-0.04243462,0.1352221,0.2284312,-0.01236153,-0.9640443,-0.4437787,0.2550727,0.8590683,0.05162972,0.05031991,-0.166212,0.0119734,0.0009455119,0.0155246,0.9998074,0.002262424,-0.02391283,0.9997115
Fixation,19.2190,0.01723038,0.04345858,-0.0376085,0.02828231,0.2252712,-0.0123423,-0.9738073,-0.4394397,0.0495223,0.896906,0.08529072,0.0516814,-0.04243107,0.1352223,0.2283955,-0.01225777,-0.964054,-0.4436862,0.2551239,0.8591009,0.05163877,0.05030704,-0.166207,0.01199829,0.0009665526,0.01541934,0.9998087,0.002302747,-0.02396218,0.9997102
Fixation,19.2315,0.01725083,0.0434345,-0.03759057,0.0282208,0.2252403,-0.01218227,-0.9738182,-0.4393739,0.04947598,0.8969408,0.08531324,0.05163884,-0.04241548,0.1352314,0.228508,-0.01209935,-0.9640281,-0.4438487,0.2552042,0.8589931,0.05166068,0.05027497,-0.1661897,0.01209472,0.0009921414,0.01527613,0.9998097,0.002353426,-0.02415453,0.9997055
Fixation,19.2418,0.017256,0.04339266,-0.0375888,0.02781717,0.2254673,-0.0121659,-0.9737776,-0.4397869,0.04868945,0.8967814,0.08531778,0.05159736,-0.04242202,0.1351772,0.2284433,-0.01209485,-0.9640511,-0.4437319,0.2551095,0.8590816,0.05166471,0.05023396,-0.1661918,0.01215137,0.001058959,0.01527439,0.999809,0.002488722,-0.02426574,0.9997025
Fixation,19.2523,0.01725568,0.04335654,-0.03761613,0.0277127,0.2254862,-0.01219634,-0.9737758,-0.439822,0.04847171,0.8967759,0.08531673,0.05156958,-0.04244552,0.1350735,0.2284678,-0.01212269,-0.9640595,-0.4437881,0.2548985,0.8591152,0.05166393,0.0502032,-0.1662167,0.01224608,0.001041468,0.01532842,0.999807,0.00245796,-0.0244555,0.9996979
Fixation,19.2635,0.01725167,0.04331994,-0.03760506,0.02764625,0.2255417,-0.01223003,-0.9737644,-0.4399251,0.04832511,0.8967333,0.08531243,0.05154026,-0.04242604,0.1349426,0.2287002,-0.01214717,-0.9640225,-0.4442226,0.2546192,0.8589734,0.05166019,0.0501709,-0.1662011,0.01230265,0.0009863748,0.01537861,0.9998056,0.002350761,-0.02457017,0.9996954
Fixation,19.2746,0.01724681,0.0433017,-0.03758959,0.02721699,0.2261224,-0.01234171,-0.9736404,-0.4409957,0.04741765,0.8962558,0.08530574,0.05154061,-0.04240482,0.1348751,0.2287549,-0.01226219,-0.9640175,-0.4443552,0.2544339,0.8589598,0.05165414,0.05016267,-0.1661825,0.01234063,0.0009498844,0.01551283,0.9998031,0.002282271,-0.02464692,0.9996936
Fixation,19.2861,0.01725641,0.0433085,-0.03759597,0.02715107,0.2261749,-0.01248699,-0.9736282,-0.4410986,0.0472216,0.8962154,0.0853132,0.0515691,-0.04240399,0.1348091,0.2288239,-0.01240058,-0.9640085,-0.4445199,0.2542391,0.8589323,0.05166242,0.05018079,-0.1661851,0.01237136,0.0009022334,0.01567137,0.9998003,0.002191859,-0.02470951,0.9996923
Fixation,19.2975,0.01725567,0.04332089,-0.0376035,0.02709213,0.2261254,-0.01248699,-0.9736413,-0.4410066,0.04710879,0.8962666,0.08531177,0.05158377,-0.04241765,0.1347732,0.2289073,-0.01240376,-0.9639937,-0.4446737,0.2541625,0.8588753,0.05166062,0.0501951,-0.1661954,0.01242927,0.0009534065,0.0156826,0.9997993,0.002296277,-0.02482365,0.9996892
Fixation,19.3080,0.01724699,0.04334414,-0.03759071,0.02644678,0.2264249,-0.01241402,-0.9735904,-0.4415469,0.04587498,0.8960646,0.08530428,0.05159795,-0.04240339,0.1347764,0.2289074,-0.01233543,-0.9639941,-0.4446557,0.2542,0.8588735,0.05165302,0.05021381,-0.1661818,0.01244182,0.0009431667,0.01561615,0.9998002,0.002274543,-0.02484921,0.9996886
Fixation,19.3193,0.01724569,0.04335153,-0.03758604,0.02649442,0.226479,-0.01246503,-0.9735759,-0.4416495,0.04594252,0.8960106,0.08530284,0.05161035,-0.04239217,0.1348419,0.2290944,-0.01237813,-0.96394,-0.4450048,0.2542875,0.8586668,0.05165211,0.05022299,-0.1661741,0.01238329,0.0008894513,0.01565726,0.9998003,0.002166324,-0.02473378,0.9996917
Fixation,19.3302,0.01724637,0.04335356,-0.03762231,0.02648096,0.2265244,-0.01250678,-0.9735652,-0.4417349,0.0458957,0.8959709,0.08530321,0.05161858,-0.0424222,0.1348283,0.2291443,-0.01241451,-0.9639295,-0.4451056,0.2542406,0.8586284,0.05165295,0.05022824,-0.1662072,0.01238647,0.000844573,0.01570285,0.9997996,0.002077813,-0.02474144,0.9996917
Fixation,19.3413,0.01724628,0.04334641,-0.03763266,0.02619313,0.2266937,-0.01249009,-0.9735337,-0.4420422,0.04533694,0.8958478,0.08530316,0.05160725,-0.04243924,0.1348848,0.2290988,-0.0124064,-0.9639326,-0.4450185,0.2543552,0.8586397,0.05165249,0.05021834,-0.1662212,0.01233444,0.0008877802,0.01567535,0.9998007,0.0021619,-0.02463612,0.9996942
Fixation,19.3526,0.01725909,0.04335356,-0.03762723,0.02619589,0.2267239,-0.01251828,-0.9735263,-0.4420992,0.04532839,0.8958201,0.08531579,0.05161798,-0.04242982,0.1348846,0.2293158,-0.01242809,-0.9638807,-0.4454189,0.2543253,0.8584408,0.05166544,0.05022717,-0.1662138,0.01232504,0.0008579092,0.01570341,0.9998004,0.002102566,-0.02461821,0.9996947
Fixation,19.3637,0.01726787,0.04337442,-0.03762071,0.02623686,0.2266387,-0.01256654,-0.9735444,-0.4419451,0.04538937,0.895893,0.08532315,0.05164313,-0.04243609,0.1349249,0.2292354,-0.01248569,-0.9638935,-0.4452862,0.2543823,0.8584928,0.05167223,0.05024958,-0.166214,0.01227498,0.0009469131,0.01573752,0.9998004,0.002279804,-0.02451525,0.9996969
Fixation,19.3745,0.01727518,0.04340291,-0.03761113,0.02586533,0.2268232,-0.01256357,-0.9735114,-0.4422799,0.04466097,0.8957645,0.0853301,0.05167019,-0.04243416,0.1349583,0.2291836,-0.01249253,-0.963901,-0.4451925,0.2544467,0.8585223,0.05167875,0.05027688,-0.1662085,0.01224248,0.000999447,0.01572873,0.9998009,0.002383613,-0.02444865,0.9996982
Fixation,19.3857,0.01728353,0.04342091,-0.0376047,0.02589922,0.2267602,-0.01254268,-0.9735254,-0.4421634,0.04473873,0.8958181,0.08533832,0.05168402,-0.04243685,0.134992,0.229118,-0.01247892,-0.963912,-0.4450683,0.2545225,0.8585642,0.05168643,0.05029249,-0.1662068,0.01221484,0.001063022,0.0156981,0.9998016,0.002509122,-0.02439146,0.9996994
Fixation,19.3968,0.01729947,0.04343772,-0.03759289,0.02595979,0.2267513,-0.01252149,-0.9735262,-0.4421467,0.04486654,0.8958199,0.08535477,0.05169547,-0.04242697,0.1350735,0.2292244,-0.01245711,-0.9638757,-0.4452528,0.2546771,0.8584227,0.05170272,0.05030596,-0.1661963,0.01216075,0.001071044,0.01566335,0.9998028,0.002522622,-0.02428316,0.9997019
Fixation,19.4078,0.017288,0.0434351,-0.03762832,0.02591364,0.2267368,-0.01249153,-0.9735312,-0.442118,0.04479089,0.8958378,0.08534347,0.05169082,-0.0424636,0.1350279,0.2292079,-0.01242885,-0.9638863,-0.4452171,0.2546055,0.8584625,0.05169124,0.05030286,-0.166232,0.01221267,0.001085064,0.01564408,0.9998025,0.002551812,-0.02438656,0.9996994
Fixation,19.4190,0.01728811,0.043432,-0.03763076,0.02544845,0.2270802,-0.01248711,-0.9734635,-0.4427441,0.04387513,0.8955739,0.08534379,0.05168736,-0.0424636,0.1350416,0.2292263,-0.0124278,-0.96388,-0.4452499,0.2546302,0.8584381,0.05169171,0.05029953,-0.1662333,0.01219877,0.001065704,0.01564273,0.9998026,0.002512632,-0.02435938,0.9997001
Fixation,19.4303,0.01728075,0.04342008,-0.0376259,0.02547722,0.2271008,-0.01251669,-0.9734575,-0.4427837,0.04391687,0.8955523,0.08533625,0.05167818,-0.04245645,0.1351585,0.2293476,-0.01245327,-0.9638345,-0.4454725,0.2548286,0.8582637,0.0516844,0.05028856,-0.1662275,0.01216381,0.001045525,0.01566581,0.9998028,0.00247175,-0.02429006,0.9997019
Fixation,19.4411,0.01728047,0.04341757,-0.03762185,0.02549419,0.227098,-0.01254465,-0.9734574,-0.44278,0.04393728,0.8955531,0.08533555,0.05167866,-0.04245322,0.1351752,0.2293473,-0.01248141,-0.9638318,-0.4454788,0.2548472,0.858255,0.05168374,0.05028725,-0.166224,0.01214093,0.001049385,0.01568903,0.9998026,0.002479314,-0.02424414,0.999703
Fixation,19.4532,0.01726988,0.04340374,-0.03762389,0.02543904,0.2273197,-0.01253537,-0.9734072,-0.443187,0.04382603,0.8953573,0.08532549,0.05166221,-0.04245236,0.1352228,0.2293704,-0.01247261,-0.9638197,-0.4455165,0.2549391,0.8582081,0.05167383,0.05027151,-0.1662248,0.01209538,0.001023154,0.01567319,0.9998035,0.002425053,-0.02415394,0.9997053
Fixation,19.4639,0.01726023,0.04339302,-0.03761695,0.02542574,0.227295,-0.01256541,-0.9734129,-0.4431427,0.04378738,0.895381,0.08531507,0.05165589,-0.0424489,0.1303009,0.223317,-0.0126059,-0.9659153,-0.4346958,0.246089,0.8663024,0.0516633,0.05026305,-0.1662196,0.01210172,0.001049709,0.01570444,0.9998029,0.002479105,-0.0241657,0.9997049
Fixation,19.4747,0.01725137,0.04337287,-0.03761799,0.02531429,0.2273387,-0.01256733,-0.9734056,-0.4432219,0.04356806,0.8953526,0.08530615,0.05164063,-0.04244231,0.1301903,0.2233635,-0.01260354,-0.9659195,-0.434784,0.2458764,0.8663185,0.05165479,0.05024672,-0.1662162,0.01220941,0.001005534,0.01573347,0.9998012,0.00239486,-0.02438232,0.9996998
Fixation,19.4857,0.01723484,0.0433718,-0.03762421,0.01984008,0.222678,-0.01265578,-0.974608,-0.4345497,0.03303628,0.9000418,0.08528896,0.05164456,-0.04244918,0.1301245,0.2233568,-0.01262279,-0.9659296,-0.434779,0.2457434,0.8663587,0.0516376,0.05024898,-0.1662224,0.0122701,0.001017031,0.01576567,0.9997999,0.002420548,-0.02450322,0.9996968
Fixation,19.4976,0.01722215,0.04336596,-0.03762508,0.0197124,0.2226705,-0.01264189,-0.9746125,-0.4345334,0.03279396,0.9000585,0.08527594,0.05164194,-0.04244926,0.1131669,0.1803807,-0.01329937,-0.9769745,-0.3554648,0.2163244,0.9093121,0.05162454,0.05024624,-0.1662222,0.01239773,0.001024901,0.01578037,0.9997981,0.00244067,-0.02475812,0.9996905
Fixation,19.5078,0.01721891,0.04335916,-0.03761685,0.01961771,0.2226901,-0.01267515,-0.9746095,-0.4345691,0.03259396,0.9000486,0.08527198,0.05164325,-0.04243718,0.1130743,0.1804054,-0.01333468,-0.9769802,-0.3555206,0.2161313,0.9093362,0.05162087,0.05024457,-0.1662116,0.01248245,0.001006324,0.01583459,0.9997962,0.002407546,-0.02492794,0.9996864
Fixation,19.5190,0.01720867,0.04335093,-0.03761382,0.0112521,0.2110529,-0.0128815,-0.977325,-0.4128244,0.01655656,0.9106601,0.08526099,0.05163813,-0.04243933,0.1130843,0.1803726,-0.01336494,-0.9769847,-0.3554652,0.2161419,0.9093553,0.05160967,0.05023777,-0.1662112,0.01246781,0.001043044,0.01585809,0.999796,0.002481094,-0.02489745,0.999687
Fixation,19.5302,0.01718814,0.04332292,-0.03763568,0.01125282,0.2110758,-0.01283291,-0.9773207,-0.4128663,0.01657779,0.9106408,0.08524148,0.05160379,-0.04245779,0.05302587,0.09083819,-0.01464523,-0.9943451,-0.1822022,0.1027913,0.9778734,0.05159022,0.05020678,-0.1662313,0.01247728,0.001018459,0.01581107,0.9997966,0.002431063,-0.02491727,0.9996865
Fixation,19.5414,0.01717858,0.04330933,-0.0376386,0.01119017,0.2110912,-0.01283426,-0.9773181,-0.4128937,0.01645432,0.9106306,0.08523182,0.05159271,-0.04245768,0.05296399,0.09085458,-0.01465357,-0.9943468,-0.1822341,0.1026665,0.9778805,0.0515807,0.0501951,-0.1662324,0.01253812,0.001002886,0.01582607,0.9997957,0.00240222,-0.02503938,0.9996836
Fixation,19.5525,0.06724147,0.09531808,-0.09780066,-0.004428552,0.2103861,-0.02570954,-0.9772703,-0.4109804,-0.01947364,0.9114361,0.0852249,0.05158138,-0.04246416,0.05296078,0.09083714,-0.01470162,-0.9943479,-0.1822046,0.102652,0.9778876,0.05157376,0.05018055,-0.1662375,0.01253702,0.001023528,0.01587294,0.9997949,0.002444634,-0.0250364,0.9996836
Fixation,19.5635,0.1154864,0.1503791,-0.1567269,-0.02001904,0.2096269,-0.03855537,-0.9768159,-0.4079901,-0.05527431,0.9113116,0.08521634,0.05158591,-0.0424683,-0.07652549,0.007253963,-0.01563669,-0.9969187,-0.01207001,-0.1528062,0.9881825,0.05156538,0.05018663,-0.1662438,0.01251603,0.0009903021,0.0158489,0.9997956,0.00237693,-0.02499555,0.9996848
Fixation,19.5749,0.1618245,0.2083975,-0.2143476,-0.03557948,0.2087795,-0.05136045,-0.9759648,-0.4038681,-0.09089465,0.9102905,0.0852093,0.05159533,-0.04247911,-0.07650902,0.00725319,-0.0156077,-0.9969203,-0.01207345,-0.1527732,0.9881876,0.05155824,0.05019784,-0.1662544,0.01249977,0.0009929411,0.01581987,0.9997963,0.002380967,-0.02496302,0.9996855
Fixation,19.5862,0.2061356,0.269297,-0.2705976,-0.05113777,0.2077968,-0.06414104,-0.9747263,-0.39853,-0.1263473,0.9084108,0.08520079,0.05161369,-0.04249623,-0.07651886,0.00720142,-0.01560466,-0.99692,-0.01197038,-0.1527911,0.988186,0.05154934,0.0502162,-0.1662681,0.01250962,0.001044796,0.01582023,0.9997961,0.002484976,-0.02498107,0.9996848
Fixation,19.5970,0.2483865,0.3329241,-0.3254036,-0.06662466,0.2067429,-0.07687426,-0.9730924,-0.3921165,-0.1614503,0.905637,0.08520103,0.05161822,-0.04250052,-0.1030613,-0.05250308,-0.01623179,-0.9931558,0.1076332,-0.2030074,0.9732436,0.05154959,0.05022252,-0.1662732,0.01246551,0.00102998,0.01578823,0.9997971,0.002453158,-0.02489344,0.9996871
Fixation,19.6079,0.2884595,0.3992121,-0.3787276,-0.08205534,0.2055873,-0.08963631,-0.9710645,-0.3845667,-0.1962182,0.9020016,0.08522968,0.05163801,-0.04251985,-0.1030166,-0.05251916,-0.01628186,-0.9931588,0.1076743,-0.2029134,0.9732586,0.05157833,0.05023849,-0.1662918,0.01242328,0.001041246,0.01584174,0.9997968,0.002475682,-0.02480852,0.9996892
Fixation,19.6189,0.3262674,0.4680421,-0.4304855,-0.09744681,0.2043244,-0.1023623,-0.9686474,-0.3758868,-0.2306134,0.8975113,0.08523385,0.05164671,-0.04253301,-0.1030083,-0.05254263,-0.01627993,-0.9931584,0.1077203,-0.2028963,0.9732571,0.05158233,0.05024707,-0.1663033,0.01241495,0.001064786,0.01584237,0.9997969,0.002522504,-0.02479112,0.9996895
Fixation,19.6303,0.3617164,0.5392904,-0.4806533,-0.1127749,0.202928,-0.1150338,-0.9658516,-0.3660508,-0.2645348,0.8922041,0.08523443,0.05167067,-0.04254913,-0.1358804,-0.0985217,-0.01667381,-0.9856734,0.1987517,-0.264582,0.94366,0.05158249,0.05027163,-0.166316,0.01238791,0.001115585,0.0158283,0.9997973,0.002622878,-0.02473549,0.9996906
Fixation,19.6413,0.3947887,0.6127985,-0.5291613,-0.1279658,0.2014767,-0.1277108,-0.9626639,-0.3552235,-0.2978377,0.8860638,0.08524843,0.05169904,-0.04252838,-0.1357833,-0.098483,-0.01669849,-0.9856902,0.1986822,-0.2643915,0.943728,0.05159691,0.0502975,-0.166298,0.01229223,0.001072678,0.01585711,0.9997981,0.002534762,-0.02454548,0.9996955
Fixation,19.6525,0.4254944,0.688427,-0.5759339,-0.1430609,0.1999478,-0.1402783,-0.9591019,-0.343404,-0.3305167,0.8791088,0.08526655,0.05171835,-0.04251689,-0.135758,-0.09847578,-0.01662921,-0.9856956,0.1986494,-0.2643571,0.9437445,0.05161483,0.05032098,-0.1662863,0.01226,0.00107369,0.01579019,0.9997996,0.002534125,-0.02448119,0.9996971
Fixation,19.6636,0.4536976,0.7660551,-0.6209668,-0.1580453,0.1983366,-0.1527924,-0.9551643,-0.3305919,-0.362527,0.8713686,0.0852656,0.05173147,-0.04252115,-0.1623635,-0.124977,-0.01679936,-0.9786403,0.2500702,-0.3135918,0.9160377,0.05161389,0.05033433,-0.1662907,0.01220663,0.001069718,0.01578123,0.9998004,0.002524281,-0.02437462,0.9996997
Fixation,19.6745,0.4793685,0.8455076,-0.6642492,-0.1729094,0.1966225,-0.1652097,-0.9508669,-0.3167911,-0.3937956,0.8628838,0.08526709,0.05173266,-0.04252652,-0.1623158,-0.1249937,-0.01674499,-0.9786469,0.2500853,-0.3135136,0.9160603,0.05161507,0.05033815,-0.1662944,0.01215221,0.00109354,0.01573623,0.9998018,0.002569107,-0.02426518,0.9997023
Fixation,19.6860,0.5024138,0.9267654,-0.7055827,-0.1877179,0.1948427,-0.1775816,-0.9461835,-0.3020434,-0.4244322,0.8535966,0.08528008,0.05170858,-0.04251133,-0.1623248,-0.1249823,-0.01676925,-0.9786465,0.2500712,-0.3135255,0.9160601,0.05162823,0.05031276,-0.1662802,0.0121641,0.001078779,0.0157572,0.9998013,0.002540473,-0.02428936,0.9997017
Fixation,19.6971,0.522807,1.009622,-0.745042,-0.2024139,0.1929714,-0.1898751,-0.9411367,-0.2863582,-0.4542792,0.8435813,0.08528945,0.05170882,-0.04250332,-0.1802019,-0.1453289,-0.01688195,-0.972688,0.2888037,-0.3456536,0.8928136,0.05163749,0.05031359,-0.1662714,0.0121248,0.001089281,0.01574278,0.999802,0.002559886,-0.0242105,0.9997036
Fixation,19.7078,0.01723953,0.04345512,-0.03765444,-0.1137615,-0.07266504,-0.0163942,-0.9907116,0.1477102,-0.2230271,0.9635562,0.08529311,0.05172813,-0.0424867,-0.1802657,-0.1453077,-0.01692507,-0.9726785,0.2887775,-0.3457624,0.8927799,0.05164143,0.05033147,-0.1662567,0.01219469,0.001062644,0.01577219,0.9998007,0.002509538,-0.024351,0.9997003
Fixation,19.7190,0.01725279,0.04343343,-0.03765788,-0.1137841,-0.07272463,-0.01641521,-0.9907042,0.1478328,-0.2230652,0.9635286,0.08530539,0.05171013,-0.04249758,-0.180286,-0.145368,-0.01694351,-0.9726654,0.2888982,-0.3457898,0.8927302,0.05165335,0.05031192,-0.1662638,0.01221933,0.001120131,0.01579758,0.9997999,0.002625886,-0.02439839,0.9996989
Fixation,19.7300,0.0172689,0.04340148,-0.03765426,-0.1138426,-0.07270551,-0.01641159,-0.990699,0.1477952,-0.2231811,0.9635075,0.08532183,0.05167747,-0.04249065,-0.1792385,-0.1418953,-0.01691556,-0.973372,0.2822978,-0.344131,0.8954785,0.0516699,0.05028033,-0.1662582,0.01227769,0.001101893,0.01578792,0.9997994,0.002591023,-0.02451567,0.9996961
Fixation,19.7414,0.01727324,0.04338479,-0.03763549,-0.1139124,-0.07271304,-0.01639323,-0.9906907,0.147807,-0.2233198,0.9634736,0.08532643,0.05165839,-0.04247229,-0.1793086,-0.1419012,-0.01690159,-0.9733586,0.2823026,-0.3442664,0.895425,0.05167434,0.05026329,-0.1662393,0.01234643,0.00111183,0.0157656,0.9997989,0.00261251,-0.02465284,0.9996927
Fixation,19.7524,0.01727303,0.04336703,-0.03761493,-0.1513605,-0.1785447,-0.01730847,-0.972066,0.3523541,-0.2880841,0.8904236,0.08532667,0.051633,-0.04245825,-0.1793713,-0.1419428,-0.01684184,-0.973342,0.2823596,-0.3443982,0.8953564,0.051674,0.0502423,-0.1662217,0.01240224,0.00116484,0.01570567,0.9997991,0.002718782,-0.0247629,0.9996896
Fixation,19.7638,0.01726455,0.04335332,-0.03759092,-0.1514249,-0.1784897,-0.01735593,-0.9720652,0.3522635,-0.2881941,0.8904238,0.08531833,0.05162358,-0.04242497,-0.1705935,-0.1303727,-0.01680477,-0.9765339,0.2603603,-0.3287989,0.9078016,0.05166619,0.0502317,-0.1661926,0.01247339,0.001104666,0.01573282,0.9997978,0.002601369,-0.02490699,0.9996864
Fixation,19.7745,0.01725696,0.04333401,-0.03756358,-0.1514367,-0.1784714,-0.0173781,-0.9720663,0.3522354,-0.2882101,0.8904297,0.08531067,0.05160677,-0.04239449,-0.1706062,-0.1303546,-0.01682667,-0.9765337,0.2603327,-0.3288185,0.9078025,0.05165872,0.05021381,-0.1661636,0.01248865,0.00108347,0.01574974,0.9997974,0.002559887,-0.0249381,0.9996857
Fixation,19.7857,0.01725299,0.04330766,-0.03753509,-0.157259,-0.1938057,-0.01750168,-0.9681956,0.3807883,-0.297731,0.8754179,0.08530736,0.05157864,-0.04235984,-0.1706499,-0.130312,-0.01682309,-0.9765319,0.2602494,-0.3289056,0.9077948,0.05165568,0.05018711,-0.1661318,0.01253128,0.001042646,0.01573387,0.9997972,0.002479199,-0.02502466,0.9996837
Fixation,19.7974,0.01724046,0.04329598,-0.03751167,-0.1573279,-0.1938318,-0.01746595,-0.9681798,0.3808239,-0.2978725,0.8753543,0.08529522,0.05156159,-0.04234018,-0.1638402,-0.1246188,-0.01674814,-0.9784406,0.2493522,-0.3164415,0.9152531,0.05164314,0.0501734,-0.1661099,0.01259371,0.001076263,0.01568993,0.999797,0.002547278,-0.02514854,0.9996805
Fixation,19.8080,0.01725519,0.04330313,-0.0375066,-0.1574028,-0.1937533,-0.01751236,-0.9681826,0.3806901,-0.2980031,0.8753681,0.08531043,0.05157197,-0.04232252,-0.1639172,-0.1245396,-0.01678957,-0.9784371,0.2492125,-0.3165834,0.9152421,0.05165904,0.0501833,-0.166098,0.01267479,0.000992637,0.01570907,0.9997958,0.002383087,-0.02531322,0.9996767
Fixation,19.8199,0.01724683,0.04329383,-0.03748654,-0.1601727,-0.2007551,-0.01760314,-0.9662982,0.3936177,-0.3024814,0.8680842,0.08530189,0.05156648,-0.04229861,-0.1639381,-0.1245187,-0.01682216,-0.9784357,0.2491827,-0.3166164,0.9152388,0.05165076,0.05017614,-0.1660759,0.01269944,0.0009673602,0.0157353,0.9997951,0.002333983,-0.02536323,0.9996756
Fixation,19.8307,0.01723682,0.04329431,-0.03747303,-0.1601925,-0.2007708,-0.0176048,-0.9662917,0.3936467,-0.3025163,0.8680589,0.08529171,0.05156708,-0.04228702,-0.1599954,-0.1200528,-0.01678824,-0.9796464,0.2405907,-0.3094469,0.9199775,0.05164046,0.0501771,-0.1660632,0.01271992,0.0009836267,0.01573538,0.9997948,0.002367155,-0.02540366,0.9996745
Fixation,19.8414,0.01721649,0.04329371,-0.03742988,-0.1602404,-0.2007176,-0.01763666,-0.9662942,0.3935567,-0.3025987,0.868071,0.08527172,0.05156875,-0.04223533,-0.1600451,-0.1199988,-0.01681596,-0.9796444,0.240495,-0.3095387,0.9199717,0.05162092,0.05017817,-0.1660155,0.01277223,0.0009267133,0.01574874,0.9997939,0.002255338,-0.02551001,0.999672
Fixation,19.8521,0.01719951,0.04328239,-0.03741881,-0.1617967,-0.2059155,-0.01764202,-0.9649401,0.4031011,-0.3049828,0.8628412,0.08525486,0.05155277,-0.04223025,-0.1600647,-0.1200379,-0.01677626,-0.9796371,0.2405578,-0.3095831,0.9199404,0.05160363,0.0501647,-0.1660074,0.012788,0.0009718631,0.01571329,0.9997943,0.00234521,-0.0255402,0.999671
Fixation,19.8636,0.01719396,0.0432694,-0.03740232,-0.1618532,-0.205869,-0.01765078,-0.9649404,0.4030163,-0.3050899,0.862843,0.08524995,0.05153883,-0.04220665,-0.1569998,-0.115667,-0.01674334,-0.9806589,0.2321171,-0.3040532,0.9239445,0.05159901,0.05015194,-0.165987,0.01284433,0.0009254971,0.01570324,0.9997938,0.002254007,-0.02565429,0.9996684
Fixation,19.8746,0.01718844,0.0432632,-0.0373908,-0.1618918,-0.2058936,-0.01767264,-0.9649283,0.4030673,-0.3051506,0.8627977,0.08524391,0.05153549,-0.0421976,-0.1570406,-0.1156919,-0.01676167,-0.9806492,0.2321709,-0.304125,0.9239073,0.05159285,0.05014777,-0.1659765,0.01288795,0.0009484591,0.01572031,0.9997929,0.002301731,-0.02574075,0.999666
Fixation,19.8861,0.01721692,0.0432446,-0.03738695,-0.1621992,-0.2085798,-0.01766567,-0.9642997,0.4079975,-0.3054479,0.8603718,0.08527231,0.0515132,-0.0422011,-0.1570726,-0.1157433,-0.01672782,-0.9806386,0.2322598,-0.3041905,0.9238634,0.05162074,0.05012763,-0.1659762,0.01291712,0.001005129,0.01569096,0.9997929,0.002415207,-0.02579735,0.9996642
Fixation,19.8969,0.01720884,0.0432452,-0.03737717,-0.1622026,-0.2086329,-0.01764217,-0.9642881,0.4080876,-0.3054586,0.8603253,0.08526391,0.05151188,-0.04219916,-0.1560519,-0.1129496,-0.01667651,-0.981128,0.2268409,-0.3024466,0.9257804,0.05161187,0.05012727,-0.1659704,0.01291738,0.001062432,0.01567567,0.9997931,0.002529401,-0.02579611,0.999664
Fixation,19.9082,0.01720099,0.04325628,-0.03736367,-0.162082,-0.2086183,-0.01769641,-0.9643105,0.4080822,-0.3052112,0.8604156,0.08525512,0.05153215,-0.04218343,-0.1559367,-0.112934,-0.01674219,-0.981147,0.2268312,-0.3022121,0.9258593,0.0516035,0.05014157,-0.1659563,0.01280851,0.001035484,0.01575063,0.9997934,0.002474025,-0.02557911,0.9996697
Fixation,19.9190,0.01718792,0.04326499,-0.03735609,-0.1672307,-0.2155053,-0.01777921,-0.9619123,0.4205408,-0.3140595,0.8511828,0.08524098,0.05154693,-0.04218023,-0.1559272,-0.1129723,-0.01678202,-0.9811434,0.2269176,-0.302182,0.9258479,0.05158925,0.05015326,-0.165951,0.01280403,0.001067735,0.01579639,0.9997927,0.002539541,-0.02556901,0.9996698
Fixation,19.9303,0.01719092,0.0432384,-0.03734683,-0.1671272,-0.2155146,-0.01783391,-0.9619272,0.4205797,-0.3138414,0.8512439,0.08524276,0.05153,-0.04217175,-0.1564044,-0.1106217,-0.01681962,-0.9813346,0.2223751,-0.3032488,0.9266011,0.05159129,0.05013061,-0.1659426,0.01271343,0.001064921,0.01587258,0.9997926,0.00253299,-0.02538779,0.9996744
Fixation,19.9417,0.01716769,0.043244,-0.03733792,-0.1670583,-0.2154752,-0.01790216,-0.9619467,0.4205327,-0.3136875,0.8513239,0.08521884,0.05154514,-0.04215629,-0.1563422,-0.1105803,-0.01689438,-0.9813479,0.2223182,-0.3031159,0.9266582,0.05156799,0.05014026,-0.1659307,0.01265841,0.001011968,0.01594675,0.9997922,0.002427237,-0.02527929,0.9996775
Fixation,19.9528,0.01714443,0.04325771,-0.03733483,-0.168172,-0.2206229,-0.01800972,-0.9605829,0.4299106,-0.3151395,0.8460875,0.08519541,0.0515666,-0.04214206,-0.1563023,-0.1105061,-0.01696296,-0.9813615,0.2221955,-0.3030291,0.926716,0.05154538,0.05015743,-0.1659222,0.01262451,0.0009274565,0.01600766,0.9997917,0.002258705,-0.02521406,0.9996795
Fixation,19.9637,0.01714199,0.04324508,-0.03734117,-0.1680271,-0.2205653,-0.01804438,-0.9606208,0.4298232,-0.3148607,0.8462357,0.08519274,0.05156016,-0.04214086,-0.1561607,-0.1104462,-0.01701297,-0.9813898,0.2220951,-0.3027509,0.9268309,0.05154341,0.05014622,-0.1659254,0.01248646,0.0008582848,0.01606333,0.9997926,0.002117362,-0.02494016,0.9996867
Fixation,19.9754,0.01712426,0.04323971,-0.03735049,-0.168056,-0.2204532,-0.01799545,-0.9606423,0.4296019,-0.3149492,0.8463151,0.08517721,0.05154502,-0.04213582,-0.1554115,-0.1088032,-0.01694576,-0.9816934,0.2188898,-0.3014454,0.9280183,0.05152846,0.05013621,-0.1659274,0.01250027,0.0007534465,0.01599205,0.9997937,0.001906392,-0.02497128,0.9996864
Fixation,19.9863,0.01711752,0.04320168,-0.03734654,-0.1724625,-0.2234833,-0.01806258,-0.9591589,0.4349422,-0.3227645,0.8406238,0.08517125,0.05151045,-0.04211488,-0.1554771,-0.1086911,-0.01699119,-0.9816947,0.2186863,-0.3015684,0.9280263,0.05152344,0.0501008,-0.1659145,0.01256935,0.0006364464,0.01601357,0.9997926,0.001675189,-0.02511311,0.9996832
Fixation,19.9972,0.0171232,0.04316247,-0.03733526,-0.1725467,-0.2234213,-0.01814346,-0.9591566,0.4348532,-0.3228913,0.8406212,0.08517683,0.05147862,-0.04209221,-0.1555691,-0.1086267,-0.01706042,-0.9816861,0.2185828,-0.3017335,0.927997,0.05152968,0.05006659,-0.1658969,0.01266845,0.0005640248,0.01606263,0.9997905,0.00153479,-0.02531347,0.9996784
Fixation,20.0084,0.01717837,0.04312062,-0.03736061,-0.172524,-0.2234403,-0.01806875,-0.9591577,0.4348635,-0.3228808,0.8406199,0.08523275,0.05142784,-0.04212235,-0.1560123,-0.1082832,-0.01698383,-0.981655,0.2178928,-0.3026224,0.9278698,0.05158521,0.05001974,-0.1659249,0.01263003,0.0005943003,0.0159989,0.9997921,0.001592487,-0.02523579,0.9996803
Fixation,20.0193,0.01719286,0.0431608,-0.03733113,-0.1745502,-0.2264464,-0.01785054,-0.9580896,0.4401436,-0.326385,0.8365085,0.08525041,0.05143476,-0.04210536,-0.1561283,-0.1083432,-0.01673149,-0.9816343,0.2179314,-0.3028963,0.9277714,0.05160139,0.05004418,-0.1659012,0.01272052,0.0006922519,0.01574716,0.9997948,0.001784844,-0.02541402,0.9996754
Fixation,20.0305,0.0172094,0.04319692,-0.03730265,-0.1746089,-0.226525,-0.01760289,-0.9580649,0.4401985,-0.3265983,0.8363963,0.08526967,0.05143869,-0.04209387,-0.156159,-0.1084291,-0.01648022,-0.9816241,0.2180203,-0.303005,0.927715,0.05161904,0.05006397,-0.1658813,0.01272571,0.0008143034,0.01550921,0.9997984,0.00202301,-0.02542103,0.9996748
Fixation,20.0415,0.01724458,0.04318023,-0.0372855,-0.174711,-0.2266467,-0.01742888,-0.9580207,0.4403545,-0.3268532,0.8362147,0.08530608,0.05139983,-0.04209727,-0.1563936,-0.1075832,-0.01628629,-0.9816831,0.2163194,-0.3035536,0.9279338,0.05165379,0.05003691,-0.1658742,0.01279236,0.0009699525,0.01533946,0.9998001,0.002331973,-0.02554984,0.9996708
Fixation,20.0527,0.01726922,0.0431639,-0.0372776,-0.1758042,-0.2292534,-0.01743938,-0.9571999,0.4450144,-0.3285635,0.8330716,0.08532988,0.05138266,-0.04210271,-0.1564945,-0.1076876,-0.01626735,-0.9816559,0.2165158,-0.3037438,0.9278257,0.05167672,0.05002141,-0.1658725,0.01289357,0.001078208,0.01532546,0.9997988,0.002551181,-0.0257489,0.9996652
Fixation,20.0638,0.01730282,0.04315388,-0.0372595,-0.1758207,-0.2293895,-0.01752563,-0.9571627,0.4452889,-0.3285377,0.832935,0.08536057,0.05138707,-0.04210082,-0.1565244,-0.1078248,-0.01635368,-0.9816346,0.2168086,-0.3037728,0.9277478,0.05170677,0.05001915,-0.1658624,0.01293513,0.001202877,0.01542723,0.9997966,0.002804372,-0.02582788,0.9996625
Fixation,20.0750,0.01732749,0.04314935,-0.03725047,-0.1758624,-0.2294221,-0.01762135,-0.9571455,0.4453785,-0.3285664,0.8328758,0.08538361,0.0513953,-0.04209334,-0.1559959,-0.1071552,-0.01643833,-0.9817907,0.2155365,-0.3027878,0.9283661,0.0517299,0.05002177,-0.1658538,0.01299964,0.001222082,0.01551513,0.9997944,0.002847044,-0.025956,0.9996591
Fixation,20.0862,0.0173429,0.04311848,-0.03726999,-0.1771008,-0.2312465,-0.01772754,-0.9564759,0.4486425,-0.3305864,0.8303208,0.08539697,0.05137861,-0.04211731,-0.1559906,-0.1072041,-0.01653589,-0.9817845,0.2156616,-0.3027529,0.9283484,0.0517433,0.04999828,-0.1658755,0.01300542,0.00125675,0.01561877,0.9997926,0.002919235,-0.02596619,0.9996586
Fixation,20.0972,0.01735513,0.04310751,-0.03727579,-0.1770637,-0.2312937,-0.01777326,-0.9564705,0.4487452,-0.3304907,0.8303034,0.08540784,0.05137563,-0.04212865,-0.1559604,-0.107251,-0.01658702,-0.9817833,0.2157683,-0.3026807,0.9283472,0.05175405,0.04999101,-0.1658843,0.01298115,0.001295598,0.015679,0.999792,0.002997721,-0.02591628,0.9996596
Fixation,20.1079,0.01735401,0.04311693,-0.03726995,-0.1771118,-0.2313269,-0.01768265,-0.9564552,0.4487712,-0.3306181,0.8302386,0.08540772,0.05137289,-0.04212946,-0.1554994,-0.1060578,-0.0164798,-0.9819878,0.2134202,-0.3019014,0.9291434,0.05175329,0.04999459,-0.1658816,0.01300929,0.001346112,0.01558672,0.999793,0.003097211,-0.02597124,0.9996579
Fixation,20.1192,0.01735461,0.04313576,-0.03726249,-0.1782305,-0.232901,-0.0175803,-0.9558671,0.4515116,-0.3325405,0.8279819,0.08540963,0.05137765,-0.04212759,-0.155473,-0.1060785,-0.01637096,-0.9819916,0.213427,-0.3018731,0.929151,0.05175465,0.05000591,-0.1658772,0.01297155,0.001381832,0.0154853,0.999795,0.003164835,-0.02589498,0.9996597
Fixation,20.1301,0.0173432,0.0431267,-0.03729341,-0.178199,-0.2328659,-0.01747254,-0.9558836,0.4514124,-0.3325374,0.8280373,0.08540009,0.05135405,-0.0421569,-0.154965,-0.1052937,-0.01626069,-0.9821582,0.2118699,-0.3009759,0.9297982,0.05174496,0.04998875,-0.1659076,0.01291384,0.001362599,0.01538327,0.9997973,0.00312196,-0.02578052,0.9996628
Fixation,20.1414,0.01732325,0.04314244,-0.03730059,-0.1780492,-0.2328606,-0.01743485,-0.9559134,0.4513977,-0.3322794,0.8281488,0.08538026,0.05136788,-0.0421656,-0.1548107,-0.1052882,-0.01624281,-0.9821835,0.2118537,-0.3006847,0.9298961,0.05172519,0.05000162,-0.1659164,0.01275654,0.001357142,0.01538057,0.9997994,0.003106145,-0.02546621,0.9996709
Fixation,20.1524,0.01729331,0.04315412,-0.0373063,-0.1797063,-0.2335988,-0.01747923,-0.9554223,0.4526532,-0.3352245,0.8262745,0.0853515,0.05138171,-0.04215138,-0.1548261,-0.1051484,-0.01628056,-0.9821953,0.2115939,-0.3007152,0.9299453,0.05169754,0.05001462,-0.165912,0.01277382,0.00121296,0.01539606,0.9997991,0.002818766,-0.02550516,0.9996707
Fixation,20.1673,0.01728025,0.04315197,-0.03732702,-0.1796239,-0.2335466,-0.01760115,-0.9554483,0.4526066,-0.3350213,0.8263825,0.08533713,0.05139613,-0.0421622,-0.1546258,-0.104217,-0.01640163,-0.9823242,0.2098219,-0.3003666,0.9304594,0.05168412,0.0500201,-0.165928,0.01271846,0.001136137,0.01552289,0.999798,0.00266667,-0.02539651,0.9996739
Fixation,20.1792,0.01727233,0.04313374,-0.0373439,-0.1806012,-0.2340181,-0.01775214,-0.9551458,0.453455,-0.3366924,0.8252374,0.085328,0.05139732,-0.04216284,-0.154557,-0.104117,-0.01655943,-0.982343,0.209676,-0.3002077,0.9305435,0.05167634,0.05001104,-0.1659369,0.01266399,0.001013174,0.01567081,0.9997965,0.002422846,-0.02529107,0.9996772
Fixation,20.1869,0.01724999,0.04310358,-0.03733876,-0.1805454,-0.2339414,-0.01780125,-0.9551743,0.4533375,-0.3365758,0.8253496,0.08530578,0.05137289,-0.04214621,-0.154506,-0.1040366,-0.01661335,-0.9823586,0.2095361,-0.3001037,0.9306086,0.05165492,0.04998326,-0.1659262,0.01261696,0.0009246407,0.01571749,0.9997965,0.002245519,-0.02519971,0.9996799
Fixation,20.1975,0.01722716,0.04307377,-0.03733125,-0.1805555,-0.2339184,-0.01784671,-0.9551771,0.4533117,-0.3365756,0.8253638,0.08528262,0.05134833,-0.04213421,-0.1537684,-0.1034212,-0.01665246,-0.9825386,0.208352,-0.2987223,0.9313187,0.05163211,0.04995632,-0.1659163,0.01263659,0.0008942088,0.01575477,0.9997956,0.002186225,-0.02523983,0.999679
Fixation,20.2084,0.01722812,0.04302227,-0.03735997,-0.180585,-0.2339101,-0.01791701,-0.9551724,0.45332,-0.3365976,0.8253503,0.0852828,0.05130517,-0.04215958,-0.1538068,-0.1034108,-0.0167179,-0.9825326,0.2083517,-0.2987827,0.9312993,0.05163259,0.04990959,-0.1659431,0.01268185,0.0008751889,0.01581386,0.9997942,0.002151115,-0.0253308,0.9996768
Fixation,20.2198,0.01720631,0.04298472,-0.03735691,-0.1812131,-0.2342164,-0.01790754,-0.9549785,0.4538333,-0.3377206,0.824609,0.08526154,0.05126464,-0.04215406,-0.153864,-0.1033947,-0.01669948,-0.9825256,0.2083147,-0.2988973,0.9312708,0.05161133,0.04987133,-0.1659385,0.01273728,0.0008626109,0.01578767,0.9997939,0.00212705,-0.02544207,0.999674
Fixation,20.2303,0.01719107,0.04296196,-0.03733867,-0.1812483,-0.2342129,-0.01796423,-0.9549716,0.4538452,-0.337759,0.8245868,0.08524565,0.05124843,-0.04213347,-0.1539065,-0.1033897,-0.01675079,-0.9825186,0.2083207,-0.2989683,0.9312468,0.05159566,0.04985249,-0.1659188,0.0127853,0.0008510692,0.01583321,0.9997926,0.00210665,-0.02553833,0.9996716
Fixation,20.2414,0.01718498,0.04294682,-0.03733639,-0.1813735,-0.2341809,-0.01796925,-0.9549556,0.4537829,-0.3379911,0.824526,0.0852403,0.05123043,-0.04212567,-0.1536558,-0.1022,-0.01672624,-0.9826827,0.2060006,-0.298571,0.9318901,0.05159043,0.04983735,-0.1659131,0.01290909,0.000823229,0.01580361,0.9997914,0.002054135,-0.02578677,0.9996654
Fixation,20.2526,0.01722454,0.04293096,-0.03742677,-0.1819899,-0.2351554,-0.01801201,-0.9545979,0.4555137,-0.3389832,0.8231633,0.08527994,0.0512166,-0.0422115,-0.1537612,-0.1021794,-0.01674722,-0.982668,0.2059671,-0.2987701,0.9318337,0.05163024,0.04982388,-0.1660006,0.01301709,0.000801412,0.01581089,0.99979,0.002014111,-0.02600337,0.9996598
Fixation,20.2641,0.01721883,0.04292846,-0.03741689,-0.1819905,-0.2351642,-0.0179957,-0.954596,0.4555238,-0.3389909,0.8231545,0.08527435,0.05121207,-0.04220329,-0.1533864,-0.101717,-0.01672712,-0.9827749,0.2050613,-0.2980858,0.9322525,0.05162452,0.0498203,-0.1659916,0.01301419,0.0008131933,0.01579668,0.9997902,0.002037207,-0.02599722,0.99966
Fixation,20.2754,0.01722063,0.04292548,-0.03740603,-0.181996,-0.2351753,-0.01798687,-0.9545923,0.4555401,-0.3390039,0.8231401,0.08527615,0.05120814,-0.04219415,-0.153391,-0.1017287,-0.01671796,-0.9827731,0.2050812,-0.2980958,0.932245,0.0516262,0.04981685,-0.1659815,0.01301805,0.000826125,0.01578886,0.9997903,0.002062984,-0.02600456,0.9996597
Fixation,20.2861,0.01723293,0.04290712,-0.03742371,-0.1826443,-0.2356097,-0.01799192,-0.9543613,0.4562859,-0.3401392,0.8222582,0.08528784,0.05119181,-0.04221703,-0.1533707,-0.1017665,-0.01672609,-0.9827722,0.2051573,-0.2980525,0.932242,0.05163766,0.0497992,-0.166002,0.01299892,0.0008623387,0.01580426,0.9997903,0.002135192,-0.02596513,0.9996606
Fixation,20.2970,0.01724264,0.04289925,-0.03741313,-0.1826232,-0.2355392,-0.01807576,-0.9543811,0.4561903,-0.3400692,0.8223401,0.0852972,0.05119359,-0.04219454,-0.1533592,-0.1016913,-0.01680977,-0.9827804,0.2050364,-0.2980181,0.9322796,0.05164789,0.04979622,-0.1659854,0.01299473,0.0007755831,0.01587712,0.9997892,0.001963477,-0.02595936,0.9996611
Fixation,20.3080,0.01725398,0.04290032,-0.03738759,-0.1825524,-0.2355298,-0.0180388,-0.9543977,0.4561643,-0.3399579,0.8224006,0.08530895,0.05119121,-0.04216933,-0.1527845,-0.1012948,-0.01677985,-0.9829113,0.2042551,-0.2969479,0.9327925,0.05165964,0.04979455,-0.1659604,0.01291551,0.0007692367,0.01585655,0.9997905,0.001947742,-0.02580121,0.9996652
Fixation,20.3201,0.01725158,0.04287791,-0.03737631,-0.1829598,-0.2356839,-0.01795006,-0.9542833,0.4563867,-0.3407299,0.8219576,0.08530752,0.05115736,-0.04216423,-0.1527947,-0.1013268,-0.01669028,-0.982908,0.2042902,-0.296984,0.9327733,0.05165762,0.04976642,-0.1659523,0.01291726,0.0008137247,0.01577185,0.9997919,0.002034569,-0.02580347,0.999665
Fixation,20.3307,0.01727063,0.0428499,-0.0373752,-0.1831088,-0.2356931,-0.01793753,-0.9542527,0.4563906,-0.3410087,0.8218399,0.0853271,0.05112457,-0.04216357,-0.1529419,-0.1013381,-0.01665766,-0.9828845,0.2043026,-0.2972722,0.9326788,0.05167693,0.04973781,-0.1659506,0.01306227,0.0008318004,0.01572686,0.9997907,0.002074109,-0.0260929,0.9996574
Fixation,20.3415,0.01727877,0.04282653,-0.03736249,-0.1832615,-0.2356669,-0.01791498,-0.9542302,0.4563273,-0.3413034,0.8217527,0.08533639,0.05109417,-0.04214672,-0.1527318,-0.1008492,-0.01660926,-0.9829683,0.2033367,-0.2969111,0.9330049,0.05168614,0.04971266,-0.165935,0.01320704,0.0008159176,0.01566527,0.9997898,0.002045276,-0.02638296,0.9996498
Fixation,20.3527,0.01728023,0.04280138,-0.03735738,-0.1834071,-0.2356866,-0.01788148,-0.9541981,0.4563425,-0.3415845,0.8216274,0.08533855,0.05106187,-0.04214413,-0.1528729,-0.1008719,-0.01655664,-0.9829449,0.2033652,-0.297191,0.9329095,0.05168786,0.0496856,-0.1659304,0.01334413,0.0008480359,0.01560284,0.9997889,0.002112126,-0.02665617,0.9996424
Fixation,20.3639,0.01725762,0.04280365,-0.0373538,-0.1837495,-0.235996,-0.0179833,-0.9540538,0.4569145,-0.3421258,0.821084,0.08531532,0.05107486,-0.04213044,-0.1529322,-0.1008175,-0.01664697,-0.9829397,0.2032867,-0.2972897,0.9328951,0.05166534,0.04969406,-0.1659214,0.01341216,0.0007820993,0.01567832,0.9997869,0.001984426,-0.02679408,0.999639
Fixation,20.3754,0.01724104,0.04279983,-0.03734782,-0.1836796,-0.2359873,-0.01813005,-0.9540666,0.4569554,-0.3419282,0.8211436,0.08529657,0.05109191,-0.04211964,-0.1535854,-0.1006089,-0.01679706,-0.9828567,0.2029278,-0.2985251,0.9325787,0.05164731,0.04970038,-0.1659131,0.01337715,0.0007451625,0.01583347,0.9997849,0.001913618,-0.02672496,0.999641
Fixation,20.3861,0.01724486,0.04280198,-0.03734173,-0.1836706,-0.235969,-0.01812463,-0.954073,0.4569212,-0.3419167,0.8211675,0.08530067,0.05109298,-0.04211126,-0.1535753,-0.1005903,-0.01679234,-0.9828603,0.2028901,-0.2985079,0.9325925,0.05165153,0.04970193,-0.165906,0.01336623,0.0007271324,0.01582716,0.9997851,0.001877051,-0.02670369,0.9996417
Fixation,20.3968,0.01724841,0.04280746,-0.0373343,-0.1840065,-0.2361865,-0.01814525,-0.953954,0.4572998,-0.3424961,0.8207151,0.08530378,0.05110204,-0.04210374,-0.1535356,-0.1005902,-0.01681809,-0.982866,0.2028978,-0.2984265,0.9326168,0.05165476,0.04970884,-0.1658987,0.0133288,0.0007228755,0.0158564,0.9997852,0.001868134,-0.02662896,0.9996436
Fixation,20.4080,0.01728242,0.04281521,-0.03736124,-0.1839299,-0.2362079,-0.01811604,-0.9539641,0.4573319,-0.3423667,0.8207512,0.08533768,0.05110824,-0.04213504,-0.1541918,-0.1005257,-0.01679715,-0.9827703,0.2027673,-0.2996932,0.9322389,0.05168848,0.04971468,-0.1659283,0.01324698,0.0007460907,0.01585003,0.9997864,0.001911793,-0.02646464,0.9996479
Fixation,20.4191,0.01729967,0.04282582,-0.03736363,-0.1838504,-0.2362475,-0.01806653,-0.9539706,0.4573894,-0.3422394,0.8207723,0.08535486,0.05111504,-0.04214489,-0.1541068,-0.1005671,-0.01676047,-0.98278,0.2028365,-0.2995351,0.9322747,0.05170528,0.04972219,-0.1659349,0.01315827,0.0007911721,0.01582811,0.9997878,0.00199855,-0.0262859,0.9996524
Fixation,20.4308,0.01732363,0.04283965,-0.03736131,-0.1842624,-0.2366149,-0.01797951,-0.9538016,0.4579932,-0.3429911,0.8201215,0.085379,0.05111921,-0.04215693,-0.1541123,-0.1006595,-0.01667396,-0.9827712,0.2029898,-0.2995574,0.9322342,0.05172842,0.04973114,-0.1659399,0.0131565,0.000895325,0.01575554,0.9997889,0.002204848,-0.02627923,0.9996522
Fixation,20.4416,0.01734832,0.04284787,-0.03736969,-0.1843364,-0.2366053,-0.01794389,-0.9537904,0.4579591,-0.3431453,0.8200761,0.08540455,0.05112088,-0.04216444,-0.1537541,-0.1002699,-0.01662509,-0.9828679,0.2022166,-0.298906,0.9326112,0.05175381,0.04973686,-0.1659475,0.01322094,0.0008950171,0.01570254,0.9997889,0.002204861,-0.02640819,0.9996488
Fixation,20.4525,0.01737138,0.04284787,-0.03740443,-0.1842936,-0.2367126,-0.01781788,-0.9537744,0.4581084,-0.3431136,0.820006,0.08542787,0.05110788,-0.04221784,-0.1536969,-0.1003837,-0.01650988,-0.9828671,0.2024027,-0.2988127,0.9326007,0.0517759,0.04972947,-0.165992,0.01315348,0.001023558,0.01561081,0.9997911,0.002457362,-0.02626951,0.9996518
Fixation,20.4640,0.01738347,0.04286718,-0.03739855,-0.1846535,-0.2369393,-0.01788436,-0.9536473,0.4585178,-0.3437136,0.8195258,0.08543944,0.05113447,-0.04220699,-0.1537472,-0.1003611,-0.01656814,-0.9828606,0.2023766,-0.2988986,0.9325789,0.05178783,0.04975307,-0.1659833,0.01320962,0.0009936343,0.01566009,0.9997896,0.002400578,-0.02638256,0.999649
Fixation,20.4748,0.01740073,0.0428921,-0.03740001,-0.1846334,-0.2369606,-0.01784203,-0.9536467,0.4585418,-0.3436943,0.8195204,0.08545695,0.05115473,-0.04221274,-0.1532615,-0.1001248,-0.01652836,-0.9829612,0.201904,-0.2979905,0.9329718,0.05180505,0.04977524,-0.1659871,0.01318063,0.001021603,0.01562804,0.9997905,0.002454753,-0.0263238,0.9996505
Fixation,20.4862,0.01739807,0.04290521,-0.03742509,-0.1845308,-0.2369516,-0.01779868,-0.9536695,0.4585159,-0.343528,0.8196046,0.08545467,0.05116415,-0.04223861,-0.1531531,-0.1001161,-0.01649955,-0.9829795,0.2018781,-0.2977889,0.9330418,0.05180278,0.04978526,-0.1660132,0.0130684,0.001015325,0.01560893,0.9997923,0.002438196,-0.02609968,0.9996564
Fixation,20.4974,0.01740198,0.04293036,-0.0374494,-0.1848625,-0.2370141,-0.01777272,-0.9535902,0.4585997,-0.3441413,0.8193004,0.08545839,0.05118775,-0.04226857,-0.1531185,-0.1001517,-0.01648072,-0.9829816,0.2019415,-0.2977242,0.9330487,0.05180619,0.04980922,-0.1660406,0.01303229,0.001052824,0.01559877,0.9997929,0.002511786,-0.02602633,0.9996581
Fixation,20.5085,0.01740999,0.04294455,-0.03745217,-0.1847922,-0.2370027,-0.01772071,-0.9536077,0.4585646,-0.3440388,0.8193631,0.08546706,0.05119634,-0.0422718,-0.1537916,-0.1000811,-0.01643543,-0.9828845,0.2017916,-0.2990291,0.9326638,0.05181479,0.04981947,-0.166044,0.0129499,0.001047062,0.01556341,0.9997945,0.002496782,-0.02586189,0.9996624
Fixation,20.5193,0.0174097,0.04294705,-0.03744982,-0.1847758,-0.2369708,-0.01770179,-0.9536191,0.4585014,-0.3440219,0.8194055,0.08546738,0.05119574,-0.04226572,-0.1537719,-0.1000488,-0.01641795,-0.9828911,0.2017234,-0.2989968,0.9326889,0.0518153,0.04982018,-0.1660399,0.01292781,0.00101711,0.01554351,0.9997951,0.002435689,-0.02581869,0.9996637
Fixation,20.5304,0.01740311,0.04294467,-0.03743823,-0.1845462,-0.2372227,-0.01765659,-0.9536018,0.458949,-0.3435901,0.8193362,0.08546094,0.05118835,-0.04226053,-0.1537452,-0.1000866,-0.01637457,-0.9828922,0.2017837,-0.2989522,0.9326901,0.05180843,0.04981482,-0.1660317,0.01289721,0.001060394,0.01550875,0.999796,0.002520395,-0.02575626,0.9996651
Fixation,20.5415,0.01740112,0.04294789,-0.03743038,-0.1845772,-0.2371901,-0.01765787,-0.9536039,0.4588893,-0.3436505,0.8193442,0.08545945,0.05119026,-0.04224793,-0.1537755,-0.1000535,-0.01637041,-0.9828908,0.201718,-0.2990132,0.9326848,0.05180715,0.0498178,-0.1660213,0.01292678,0.001028492,0.015497,0.9997959,0.002457217,-0.0258164,0.9996637
Fixation,20.5525,0.01740058,0.04295313,-0.03742129,-0.1845456,-0.2371757,-0.01773276,-0.9536122,0.4588923,-0.3435583,0.8193812,0.08545795,0.05120575,-0.04223496,-0.1544212,-0.0999257,-0.01644493,-0.9828014,0.2014931,-0.3002442,0.9323379,0.05180608,0.04982805,-0.1660103,0.01291261,0.0009996144,0.01557345,0.9997948,0.002401006,-0.02578879,0.9996645
Fixation,20.5641,0.01739223,0.04295814,-0.03741429,-0.1847204,-0.2374794,-0.01774489,-0.9535025,0.4594301,-0.3438345,0.8189639,0.08544944,0.05121171,-0.04222872,-0.1544527,-0.09993508,-0.01645095,-0.9827954,0.2015133,-0.3003027,0.9323147,0.05179751,0.04983389,-0.1660035,0.01294504,0.001008558,0.01557768,0.9997944,0.002420008,-0.02585334,0.9996628
Fixation,20.5750,0.01737467,0.04295945,-0.03740612,-0.1847112,-0.2374655,-0.01777715,-0.9535072,0.4594173,-0.3438041,0.8189838,0.08543157,0.05121708,-0.04221778,-0.1544477,-0.09991961,-0.01648369,-0.9827972,0.2014932,-0.3002874,0.932324,0.05177988,0.04983735,-0.165994,0.01294303,0.000988452,0.01560821,0.9997939,0.002380532,-0.02584987,0.999663
Fixation,20.5861,0.01736483,0.04295266,-0.03739996,-0.1847505,-0.2374437,-0.01782373,-0.9535041,0.4593931,-0.3438565,0.8189754,0.08542149,0.05121493,-0.042207,-0.1550734,-0.09978013,-0.01652023,-0.9827122,0.201234,-0.3014883,0.9319924,0.05177009,0.04983342,-0.1659852,0.01299205,0.0009601942,0.01563974,0.9997928,0.002326375,-0.02594868,0.9996606
Fixation,20.5969,0.01736009,0.04293871,-0.03739502,-0.1847604,-0.2375247,-0.01785931,-0.9534814,0.4595501,-0.3438471,0.8188912,0.08541711,0.05120301,-0.04219365,-0.1551335,-0.09972733,-0.01654441,-0.9827077,0.2011388,-0.3016019,0.9319761,0.05176616,0.04982126,-0.1659757,0.01305421,0.0009051558,0.01565016,0.9997919,0.002218536,-0.02607465,0.9996575
Fixation,20.6084,0.0173493,0.0429256,-0.03738835,-0.1848489,-0.2375159,-0.01785628,-0.9534665,0.4595283,-0.3440121,0.8188342,0.08540677,0.05118716,-0.04218518,-0.155221,-0.09971934,-0.01652863,-0.9826949,0.2011186,-0.3017734,0.931925,0.05175577,0.04980779,-0.1659676,0.01314074,0.000900784,0.01562501,0.9997911,0.00221184,-0.02624784,0.999653
Fixation,20.6198,0.0173371,0.04290807,-0.03737874,-0.1848866,-0.237473,-0.01785566,-0.9534698,0.4594492,-0.3440871,0.8188471,0.08539524,0.05116773,-0.04216941,-0.1557293,-0.09964014,-0.01651936,-0.9826227,0.2009624,-0.3027543,0.9316404,0.0517445,0.04978979,-0.1659547,0.01317609,0.0008590831,0.01560804,0.999791,0.002129113,-0.02631985,0.9996513
Fixation,20.6308,0.0173258,0.04289186,-0.03737438,-0.1849753,-0.2377633,-0.01786215,-0.9533802,0.4599658,-0.3442096,0.8185055,0.08538365,0.05115271,-0.04216725,-0.1557233,-0.09965678,-0.01652514,-0.9826218,0.2009966,-0.3027405,0.9316376,0.05173281,0.04977405,-0.1659515,0.01317088,0.0008747334,0.01561672,0.999791,0.002160473,-0.02630892,0.9996516
Fixation,20.6413,0.01732421,0.04287934,-0.03737238,-0.1850472,-0.2377356,-0.01787769,-0.9533728,0.4599178,-0.3443376,0.8184786,0.08538243,0.05113983,-0.04216044,-0.1550034,-0.09961933,-0.01653197,-0.9827394,0.2009247,-0.3013621,0.9320999,0.05173178,0.04976237,-0.1659466,0.01324461,0.0008472005,0.01560983,0.9997901,0.002107538,-0.02645721,0.9996477
Fixation,20.6525,0.017319,0.04286695,-0.03737736,-0.1851001,-0.2377561,-0.01788703,-0.9533573,0.4599548,-0.3444276,0.81842,0.08537701,0.05112803,-0.04216756,-0.155058,-0.0996405,-0.01653438,-0.9827285,0.2009667,-0.3014648,0.9320576,0.05172618,0.04975092,-0.1659524,0.01330011,0.0008687691,0.01560998,0.9997893,0.002152401,-0.02656749,0.9996447
Fixation,20.6637,0.01731818,0.04286444,-0.03737866,-0.1852083,-0.2377992,-0.01790791,-0.9533252,0.4600332,-0.3446105,0.8182989,0.08537576,0.05112731,-0.04217177,-0.1551387,-0.09967112,-0.01654503,-0.9827126,0.2010297,-0.3016154,0.9319953,0.05172472,0.04975033,-0.1659547,0.01338299,0.0008989385,0.01561706,0.9997881,0.002215502,-0.02673224,0.9996402
Fixation,20.6748,0.0173162,0.04286134,-0.03738518,-0.1852014,-0.2378084,-0.01790866,-0.9533241,0.4600504,-0.3445963,0.8182952,0.08537363,0.05112469,-0.04217958,-0.1556173,-0.0999348,-0.0165484,-0.98261,0.2015443,-0.3025147,0.9315926,0.05172253,0.04974735,-0.1659619,0.01337677,0.0009078353,0.01562101,0.9997881,0.002233203,-0.02671951,0.9996405
Fixation,20.6863,0.01731133,0.04287708,-0.03740559,-0.1852289,-0.2378658,-0.01787163,-0.9533052,0.4601381,-0.3446572,0.8182203,0.08536863,0.05113637,-0.04220873,-0.155641,-0.09999515,-0.0165097,-0.9826008,0.2016498,-0.3025641,0.9315537,0.05171695,0.0497613,-0.1659867,0.01339768,0.0009737324,0.0155893,0.9997883,0.002364773,-0.02675932,0.9996391
Fixation,20.6974,0.01731567,0.04289401,-0.03742031,-0.1849705,-0.2378473,-0.01790206,-0.9533594,0.4601306,-0.3441708,0.8184291,0.0853736,0.05115592,-0.04221006,-0.155586,-0.09989666,-0.01654335,-0.982619,0.2014685,-0.3024582,0.9316273,0.05172276,0.04977894,-0.1659949,0.01334415,0.0008701516,0.01561358,0.9997887,0.002156636,-0.02665549,0.9996424
Fixation,20.7079,0.01731071,0.04291654,-0.03743005,-0.1849779,-0.2377832,-0.0178429,-0.953375,0.4599942,-0.3442211,0.8184847,0.0853703,0.0511688,-0.04221262,-0.1555835,-0.09983305,-0.01648177,-0.9826269,0.2013258,-0.3024701,0.9316543,0.05171969,0.04979646,-0.1660011,0.01333459,0.0008155903,0.01554401,0.99979,0.002045384,-0.02663823,0.999643
Fixation,20.7194,0.0173023,0.04292345,-0.03743694,-0.1848639,-0.2377919,-0.01786344,-0.9533947,0.4600236,-0.3440009,0.8185607,0.08536112,0.0511812,-0.04222099,-0.1559009,-0.09970325,-0.01651548,-0.9825892,0.2010842,-0.3030798,0.9315084,0.05171066,0.04980481,-0.1660093,0.01322698,0.0008156829,0.01559189,0.9997906,0.002043491,-0.02642298,0.9996487
Fixation,20.7303,0.01734729,0.04294753,-0.03746606,-0.184934,-0.2379156,-0.01785715,-0.9533502,0.4602386,-0.3441168,0.8183911,0.08540758,0.05120087,-0.04223689,-0.1559351,-0.09960576,-0.01649901,-0.9825938,0.2008896,-0.3031549,0.9315259,0.05175774,0.0498271,-0.1660315,0.01325836,0.0007215998,0.01555828,0.9997908,0.001855452,-0.02648873,0.9996474
Fixation,20.7416,0.0173506,0.04295683,-0.03747313,-0.184813,-0.2379692,-0.01787852,-0.95336,0.4603489,-0.3438776,0.8184297,0.08540951,0.05121708,-0.04225163,-0.155789,-0.09989619,-0.01654182,-0.9825869,0.2014674,-0.3028475,0.9315011,0.05175949,0.04983842,-0.1660431,0.01314592,0.0007667635,0.01561652,0.9997914,0.001943794,-0.02626241,0.9996532
Fixation,20.7528,0.01736529,0.0429765,-0.03747407,-0.184775,-0.2379849,-0.01787084,-0.9533635,0.4603765,-0.3438096,0.8184427,0.08542398,0.05123711,-0.04225525,-0.1557505,-0.09991223,-0.01654008,-0.9825913,0.201498,-0.3027731,0.9315186,0.05177386,0.04985785,-0.1660456,0.01310723,0.0007823764,0.01562086,0.9997918,0.00197392,-0.02618456,0.9996552
Fixation,20.7637,0.01737791,0.04297996,-0.03747284,-0.1856377,-0.2393949,-0.01776061,-0.9528449,0.4628065,-0.3452642,0.8164575,0.085438,0.05122519,-0.04226048,-0.155736,-0.09993895,-0.01642215,-0.9825929,0.2015136,-0.3027678,0.931517,0.05178725,0.04985321,-0.1660478,0.01308127,0.0008255813,0.01550999,0.9997938,0.002056603,-0.02613155,0.9996564
Fixation,20.7746,0.01739117,0.04298413,-0.03748739,-0.1856517,-0.2394191,-0.017812,-0.9528351,0.4628675,-0.3452618,0.8164239,0.08545028,0.05123651,-0.04227678,-0.1557578,-0.09996217,-0.01647175,-0.9825863,0.2015741,-0.3027979,0.9314941,0.05179954,0.04986131,-0.1660631,0.01310853,0.0008419122,0.01556007,0.9997926,0.002091414,-0.02618542,0.9996549
Fixation,20.7855,0.01740238,0.04299569,-0.03748498,-0.1856751,-0.2394429,-0.01780947,-0.9528247,0.4629078,-0.3453029,0.8163837,0.08546129,0.05124784,-0.04227754,-0.1558976,-0.09992318,-0.01646554,-0.9825682,0.2014966,-0.3030695,0.9314226,0.05181034,0.04987299,-0.1660621,0.01313213,0.0008676237,0.01555635,0.9997924,0.002143463,-0.02623182,0.9996536
Fixation,20.7967,0.01741689,0.0430038,-0.03748642,-0.1861062,-0.2412463,-0.01778416,-0.9522859,0.4660904,-0.3458719,0.8143294,0.0854765,0.05124998,-0.04227921,-0.1559135,-0.09991905,-0.01642227,-0.9825668,0.2014752,-0.303109,0.9314144,0.05182542,0.04987824,-0.1660636,0.01314382,0.000869945,0.0155116,0.9997929,0.002147293,-0.0262552,0.999653
Fixation,20.8081,0.01744439,0.04302835,-0.03746112,-0.1861008,-0.2412247,-0.01780015,-0.9522921,0.4660581,-0.3458569,0.8143543,0.08550404,0.05127621,-0.04225052,-0.1559098,-0.09989636,-0.01643817,-0.9825695,0.201436,-0.3031002,0.9314257,0.05185318,0.04990363,-0.1660366,0.01314135,0.0008450533,0.01552435,0.9997928,0.002097778,-0.02625103,0.9996532
Fixation,20.8192,0.01747387,0.04303682,-0.03744768,-0.1860861,-0.2412034,-0.01778503,-0.9523007,0.4660154,-0.3458402,0.8143858,0.08553396,0.05128241,-0.0422347,-0.1559198,-0.09982315,-0.01642398,-0.9825755,0.2012892,-0.303127,0.9314487,0.0518832,0.04991078,-0.1660221,0.01312222,0.0008253403,0.01550961,0.9997933,0.002057381,-0.02621341,0.9996542
Fixation,20.8302,0.01749812,0.04304171,-0.03743655,-0.1867325,-0.2420459,-0.01779649,-0.9519601,0.4674825,-0.3469086,0.8130895,0.08555792,0.0512886,-0.04222577,-0.1559251,-0.09984094,-0.01643027,-0.9825727,0.2013257,-0.3031348,0.9314383,0.05190706,0.04991639,-0.166012,0.01312843,0.0008422249,0.01551787,0.9997931,0.002091552,-0.02622529,0.9996539
Fixation,20.8412,0.01751476,0.04302621,-0.03743642,-0.1867553,-0.2420935,-0.01775323,-0.9519444,0.4675502,-0.3469655,0.8130263,0.08557463,0.0512681,-0.04223325,-0.155943,-0.09989146,-0.01638572,-0.9825656,0.2014103,-0.3031748,0.931407,0.05192322,0.04989851,-0.1660157,0.01314277,0.0008991097,0.01547957,0.9997934,0.002204737,-0.02625228,0.9996529
Fixation,20.8526,0.01753253,0.04300785,-0.03742787,-0.1868015,-0.242116,-0.01767492,-0.951931,0.4675588,-0.3470855,0.8129701,0.08559334,0.05123889,-0.04222972,-0.1561007,-0.09999969,-0.01630285,-0.9825309,0.2015953,-0.303487,0.9312652,0.05194141,0.04987502,-0.1660095,0.01317052,0.0009376754,0.0153978,0.9997942,0.002280559,-0.02630673,0.9996513
Fixation,20.8636,0.01757149,0.04299653,-0.03741956,-0.1884094,-0.2426764,-0.01768653,-0.9514711,0.4684637,-0.3499481,0.8112201,0.08563113,0.05123138,-0.04223153,-0.1561069,-0.1000778,-0.01631853,-0.9825217,0.2017521,-0.3034906,0.9312301,0.05197871,0.04986572,-0.1660063,0.01317945,0.001013237,0.01542395,0.9997937,0.002432614,-0.0263222,0.9996505
Fixation,20.8748,0.01760592,0.04301071,-0.03740041,-0.1885111,-0.2426696,-0.01755309,-0.9514552,0.4683965,-0.3502006,0.81115,0.08566784,0.05122542,-0.04221459,-0.1561889,-0.1000769,-0.01617151,-0.9825112,0.2017049,-0.3036779,0.9311793,0.05201482,0.04987049,-0.1659879,0.01324745,0.001034581,0.01527109,0.9997951,0.002473343,-0.02645788,0.9996468
Fixation,20.8858,0.01759599,0.04302394,-0.03737518,-0.188501,-0.2427134,-0.01754531,-0.9514462,0.4684721,-0.3501802,0.8111151,0.08565742,0.05123901,-0.04219568,-0.155932,-0.09988293,-0.01616487,-0.9825718,0.2013256,-0.3031995,0.9314172,0.05200407,0.04988384,-0.1659659,0.01323757,0.001079861,0.01527394,0.9997951,0.002563659,-0.02643673,0.9996472
Fixation,20.8969,0.01761891,0.04301786,-0.03736136,-0.189329,-0.2435733,-0.01750617,-0.9510627,0.4699357,-0.3515993,0.8096532,0.08568148,0.0512253,-0.04217888,-0.1559701,-0.09985577,-0.01611345,-0.9825693,0.2012569,-0.3032849,0.9314043,0.0520281,0.04987431,-0.1659504,0.01327056,0.001060778,0.01521569,0.9997956,0.002524965,-0.02650342,0.9996455
Fixation,20.9080,0.01763761,0.04302251,-0.03734929,-0.1894045,-0.2435918,-0.01756372,-0.9510418,0.4699852,-0.3517065,0.8095779,0.08569938,0.05123627,-0.04216713,-0.1560543,-0.09987348,-0.01615985,-0.9825534,0.2013057,-0.3034355,0.9313447,0.05204601,0.04988325,-0.165938,0.01336021,0.001073069,0.0152558,0.9997938,0.002553337,-0.02668218,0.9996407
Fixation,20.9194,0.01764856,0.04300809,-0.03733999,-0.1893693,-0.2436083,-0.01748857,-0.951046,0.469989,-0.3516772,0.8095885,0.08571105,0.05121315,-0.04216255,-0.1554998,-0.09972501,-0.01609116,-0.9826576,0.2009954,-0.3023966,0.9317495,0.0520573,0.04986382,-0.1659314,0.01330788,0.001101384,0.01519553,0.9997954,0.002606757,-0.02657685,0.9996434
Fixation,20.9304,0.01763298,0.04301107,-0.03732927,-0.1888082,-0.2446703,-0.0175245,-0.9508842,0.4719237,-0.3504941,0.8089758,0.08569565,0.05121791,-0.04214614,-0.1555189,-0.09968787,-0.01611035,-0.982658,0.2009291,-0.3024318,0.9317524,0.05204224,0.04986787,-0.1659177,0.01332852,0.001061996,0.01520724,0.999795,0.002528937,-0.02661928,0.9996424
Fixation,20.9412,0.01764212,0.04302859,-0.03732378,-0.1889155,-0.2446889,-0.01757388,-0.9508573,0.4719684,-0.350663,0.8088766,0.08570424,0.05123997,-0.042141,-0.1555013,-0.0995538,-0.0161425,-0.9826738,0.2006782,-0.3023999,0.9318168,0.05205076,0.04988909,-0.1659117,0.01344755,0.001077357,0.01523184,0.999793,0.002563931,-0.02685671,0.999636
Fixation,20.9524,0.01764263,0.04301727,-0.0373259,-0.1888026,-0.2446887,-0.01759176,-0.9508794,0.4719816,-0.3504479,0.8089621,0.08570412,0.05123353,-0.04214339,-0.1553914,-0.09955165,-0.01617697,-0.9826909,0.2006845,-0.3021825,0.931886,0.05205085,0.04987907,-0.1659146,0.0133402,0.001068638,0.01527606,0.9997938,0.002544406,-0.02664224,0.9996418
Fixation,20.9633,0.01764592,0.04301047,-0.03735702,-0.188878,-0.2459167,-0.01758423,-0.9505477,0.4741536,-0.3504266,0.8077002,0.08570784,0.0512228,-0.04217513,-0.1554552,-0.09955716,-0.01614832,-0.9826807,0.2006865,-0.3023102,0.9318441,0.05205439,0.04987097,-0.1659456,0.01340173,0.001079162,0.0152425,0.9997935,0.002566429,-0.02676502,0.9996384
Fixation,20.9751,0.01765005,0.04302025,-0.03737212,-0.1889707,-0.2458297,-0.01761376,-0.9505513,0.4740044,-0.3505926,0.8077157,0.085713,0.0512321,-0.04217673,-0.1554045,-0.0991504,-0.01615718,-0.9827297,0.1998979,-0.3022373,0.9320372,0.05206018,0.0498817,-0.1659534,0.01349655,0.0009900328,0.01523256,0.9997924,0.002390828,-0.02695733,0.9996337
Fixation,20.9857,0.01764511,0.04303253,-0.03738474,-0.1889103,-0.2458347,-0.01759678,-0.9505622,0.4740108,-0.3504902,0.8077564,0.08570802,0.05124354,-0.04219097,-0.1553421,-0.09915553,-0.01614967,-0.9827392,0.1999055,-0.3021188,0.9320741,0.05205517,0.04989278,-0.1659672,0.01343296,0.0009952564,0.0152319,0.9997933,0.00239932,-0.02683004,0.9996371
Fixation,20.9970,0.01763573,0.04305887,-0.03738918,-0.1887758,-0.2465443,-0.0176518,-0.9504042,0.4752979,-0.3501227,0.8071592,0.08569834,0.05127561,-0.04219004,-0.1553368,-0.09912324,-0.0161973,-0.9827425,0.1998573,-0.302101,0.9320902,0.05204589,0.04992199,-0.1659689,0.01343182,0.0009562835,0.01527469,0.9997926,0.002322504,-0.02682885,0.9996374
Fixation,21.0081,0.01763772,0.04311121,-0.03737184,-0.188682,-0.2464799,-0.01770099,-0.9504386,0.4752077,-0.3499354,0.8072935,0.08570017,0.0513351,-0.04216308,-0.1549773,-0.09895538,-0.01625751,-0.9828151,0.1995488,-0.3014105,0.9323798,0.05204849,0.04997683,-0.1659472,0.01334817,0.0008776782,0.01533279,0.999793,0.002164322,-0.02666389,0.9996421
Fixation,21.0192,0.01762821,0.04314172,-0.03737134,-0.1885973,-0.2464463,-0.01773476,-0.9504635,0.4751658,-0.3497683,0.8073906,0.08569033,0.0513711,-0.04215758,-0.1548969,-0.09891863,-0.01630249,-0.9828308,0.1994909,-0.3012497,0.9324441,0.05203912,0.05000925,-0.1659445,0.01327111,0.000833533,0.01537953,0.9997933,0.002074928,-0.02651109,0.9996464
Fixation,21.0305,0.01761649,0.04314601,-0.0373702,-0.1884392,-0.2465484,-0.01766075,-0.9504697,0.4753296,-0.3495031,0.807409,0.08568011,0.05136681,-0.04214981,-0.1547443,-0.09884646,-0.01624638,-0.982863,0.1993331,-0.300973,0.9325672,0.05202928,0.05000722,-0.1659409,0.0131107,0.0007673918,0.01532856,0.9997963,0.001936407,-0.02619254,0.9996551
Fixation,21.0414,0.01761552,0.04314196,-0.03738301,-0.1885429,-0.2465105,-0.01767465,-0.9504588,0.4752609,-0.3496905,0.8073683,0.08567978,0.05136108,-0.04215625,-0.1548485,-0.09880817,-0.01624305,-0.9828505,0.1992577,-0.3011759,0.9325178,0.05202916,0.05000365,-0.1659499,0.01321484,0.0007313508,0.01530979,0.9997952,0.001867035,-0.02640187,0.9996496
Fixation,21.0526,0.01762045,0.04309905,-0.03739879,-0.1884379,-0.2464187,-0.01767655,-0.9505033,0.4751056,-0.34951,0.8075379,0.08568551,0.05131853,-0.04216011,-0.1550044,-0.09869501,-0.01625654,-0.9828371,0.1990419,-0.3014792,0.9324659,0.05203567,0.04995966,-0.1659603,0.01310718,0.0006327336,0.01532064,0.9997965,0.00166683,-0.02618963,0.9996556
Fixation,21.0636,0.01762743,0.04307175,-0.03740852,-0.1885112,-0.2464892,-0.01763758,-0.9504712,0.4752114,-0.349654,0.8074133,0.08569238,0.05128622,-0.04218014,-0.1550736,-0.09876961,-0.01620946,-0.9828194,0.1991727,-0.3016166,0.9323935,0.05204179,0.04993057,-0.1659749,0.01317335,0.0007146573,0.01527834,0.9997963,0.001831557,-0.0263195,0.9996519
Fixation,21.0746,0.01764573,0.04303443,-0.0374076,-0.1891048,-0.2466421,-0.01773899,-0.9503117,0.4754829,-0.3506666,0.8068141,0.08570977,0.05125976,-0.04217348,-0.1551784,-0.09875106,-0.01629565,-0.9828033,0.1991632,-0.3018013,0.9323358,0.05205959,0.04990029,-0.1659704,0.0132872,0.0006855683,0.01535053,0.9997936,0.001778785,-0.02654786,0.9996459
Fixation,21.0859,0.0176165,0.0430429,-0.03736219,-0.1891169,-0.2467674,-0.01770652,-0.9502774,0.4756922,-0.3506883,0.8066812,0.08567941,0.05126703,-0.04214617,-0.1548836,-0.09879972,-0.01626629,-0.9828454,0.1992485,-0.3012391,0.9324993,0.0520282,0.04990804,-0.1659341,0.01329708,0.0008192054,0.01533921,0.9997936,0.002046006,-0.02656354,0.9996451
Fixation,21.0972,0.0176444,0.04305744,-0.0373417,-0.1894985,-0.2469548,-0.01765138,-0.9501538,0.4759798,-0.3513872,0.8062074,0.08570844,0.05127251,-0.04212518,-0.1549321,-0.09878977,-0.01620207,-0.9828399,0.1992095,-0.3013456,0.9324732,0.05205702,0.04991865,-0.1659131,0.01333943,0.0008191381,0.01526988,0.9997941,0.002045322,-0.02664834,0.9996428
Fixation,21.1077,0.01765637,0.04309368,-0.03731713,-0.1896024,-0.2470304,-0.01751164,-0.9501159,0.4760556,-0.3516368,0.8060538,0.08572172,0.05128992,-0.04211438,-0.1550169,-0.0988741,-0.01605104,-0.9828205,0.1993273,-0.3015336,0.9323873,0.05206908,0.04994619,-0.1658951,0.01341133,0.000925703,0.01512506,0.9997953,0.002256721,-0.02678917,0.9996386
Fixation,21.1197,0.01767159,0.04313719,-0.0372886,-0.1896298,-0.247012,-0.01746872,-0.950116,0.4760052,-0.3517107,0.8060513,0.08573785,0.05132663,-0.04208437,-0.154762,-0.09872057,-0.01600309,-0.9828768,0.1990137,-0.3010643,0.9326059,0.05208515,0.04998648,-0.1658658,0.01342692,0.000915796,0.01507416,0.9997958,0.002236017,-0.02682074,0.9996378
Fixation,21.1302,0.01764826,0.04317474,-0.03732564,-0.1897527,-0.2470663,-0.01737243,-0.9500792,0.4760579,-0.3519759,0.8059044,0.08571556,0.05135,-0.04213084,-0.1548716,-0.09878153,-0.01589132,-0.9828553,0.1990981,-0.3012931,0.932514,0.05206195,0.05001807,-0.1659071,0.01352721,0.000993902,0.01496229,0.9997961,0.002392195,-0.02701917,0.9996321
Fixation,21.1413,0.01765509,0.04318559,-0.03733379,-0.1898237,-0.2472319,-0.01740734,-0.9500213,0.4763599,-0.3520658,0.8056867,0.08572221,0.05136347,-0.04213721,-0.154949,-0.09877893,-0.01591302,-0.982843,0.1990998,-0.3014374,0.932467,0.05206865,0.05003119,-0.1659139,0.01360736,0.0009894024,0.01497588,0.9997948,0.002385963,-0.0271795,0.9996277
Fixation,21.1523,0.01765986,0.04320097,-0.03734545,-0.1900291,-0.247161,-0.01754126,-0.9499962,0.4762707,-0.3523827,0.8056008,0.08572674,0.05138969,-0.04213372,-0.154744,-0.09853964,-0.01601074,-0.9828977,0.1986639,-0.3010398,0.9326884,0.05207398,0.05005491,-0.1659166,0.01384019,0.0009037265,0.01504066,0.9997907,0.002223406,-0.0276474,0.9996153
Fixation,21.1638,0.01765322,0.04318058,-0.03737936,-0.1899674,-0.2471166,-0.01751952,-0.9500205,0.4761879,-0.3522871,0.8056915,0.08572076,0.05136669,-0.0421626,-0.1546781,-0.09849413,-0.01599701,-0.9829129,0.1985711,-0.300919,0.9327472,0.05206832,0.05003238,-0.1659483,0.01377177,0.0008594035,0.01502694,0.9997919,0.002132344,-0.02751197,0.9996192
Fixation,21.1839,0.01766842,0.04320729,-0.03741295,-0.1900628,-0.247236,-0.01753733,-0.94997,0.4763999,-0.3524363,0.805501,0.08573618,0.05139637,-0.04218818,-0.1548685,-0.09834806,-0.016024,-0.982897,0.1982953,-0.3012876,0.9326869,0.05208433,0.05005956,-0.1659784,0.0136787,0.0007913128,0.01505545,0.9997928,0.001994176,-0.02732791,0.9996246
Fixation,21.1902,0.01766842,0.04320729,-0.03741295,-0.1900628,-0.247236,-0.01753733,-0.94997,0.4763999,-0.3524363,0.805501,0.08573618,0.05139637,-0.04218818,-0.1548685,-0.09834806,-0.016024,-0.982897,0.1982953,-0.3012876,0.9326869,0.05208433,0.05005956,-0.1659784,0.0136787,0.0007913128,0.01505545,0.9997928,0.001994176,-0.02732791,0.9996246
Fixation,21.1972,0.01768004,0.04324615,-0.03742107,-0.1900636,-0.2475528,-0.01746221,-0.9498887,0.476933,-0.3524328,0.805187,0.08574781,0.05142832,-0.04220776,-0.154788,-0.0984151,-0.01596088,-0.9829041,0.1984063,-0.3011419,0.9327103,0.05209529,0.05009389,-0.1659928,0.01359239,0.0008657032,0.01501052,0.9997945,0.002139108,-0.02715321,0.999629
Fixation,21.2079,0.01770173,0.04328287,-0.03743324,-0.1899992,-0.2475248,-0.01731106,-0.9499117,0.4768316,-0.352395,0.8052635,0.08577172,0.05144596,-0.04222098,-0.1547003,-0.09839157,-0.01582044,-0.9829225,0.1983174,-0.3010037,0.9327738,0.05211888,0.05011964,-0.166006,0.01349001,0.0008608242,0.01487717,0.9997979,0.002122687,-0.02694895,0.9996346
Fixation,21.2195,0.01771428,0.04328477,-0.03744284,-0.1899841,-0.2475653,-0.01726784,-0.9499049,0.4768881,-0.3523838,0.805235,0.08578429,0.05144358,-0.04223752,-0.1550007,-0.0981541,-0.01577719,-0.9828996,0.1978422,-0.3016031,0.9326811,0.05213101,0.05011916,-0.1660193,0.01346633,0.0009088296,0.01484699,0.9997987,0.002217162,-0.02690026,0.9996356
Fixation,21.2303,0.01772425,0.04326522,-0.03745864,-0.1899912,-0.2475781,-0.01731705,-0.9498993,0.4769287,-0.3523704,0.8052168,0.08579345,0.0514307,-0.04225359,-0.1550156,-0.09816545,-0.01582516,-0.9828954,0.197879,-0.3016212,0.9326674,0.05214026,0.05010307,-0.1660351,0.01348613,0.0009135459,0.01489446,0.9997977,0.00222846,-0.02693959,0.9996346
Fixation,21.2414,0.01772839,0.04324591,-0.03746149,-0.1901098,-0.2480095,-0.01734969,-0.9497623,0.4776968,-0.3525125,0.8046991,0.08579692,0.05141616,-0.04225773,-0.1549983,-0.09817887,-0.01585793,-0.9828963,0.1979152,-0.3015806,0.9326729,0.05214377,0.05008602,-0.1660387,0.01347208,0.0009219948,0.01493031,0.9997973,0.002245901,-0.02691116,0.9996353
Fixation,21.2523,0.01773928,0.04324651,-0.03749363,-0.1900581,-0.2480428,-0.01741043,-0.9497629,0.4777817,-0.3523832,0.8047053,0.08580637,0.05142689,-0.04229304,-0.1553421,-0.09802567,-0.01592362,-0.9828562,0.1976375,-0.3022361,0.9325196,0.05215328,0.05009139,-0.1660726,0.01343761,0.0009426617,0.01500686,0.9997967,0.002288253,-0.02684146,0.9996371
Fixation,21.2635,0.01774817,0.04323781,-0.03750169,-0.1900946,-0.2483332,-0.01746468,-0.9496787,0.4783134,-0.3523835,0.8043893,0.08581552,0.05142295,-0.04228937,-0.1553456,-0.09794714,-0.01597147,-0.9828627,0.1974994,-0.3022381,0.9325482,0.05216317,0.05008507,-0.1660747,0.01344464,0.0008578029,0.01504239,0.9997961,0.002119735,-0.02685799,0.999637
Fixation,21.2744,0.01775619,0.04322362,-0.03750297,-0.1900595,-0.2483233,-0.01747521,-0.9496881,0.4783021,-0.3523156,0.8044258,0.0858234,0.05141068,-0.04228922,-0.155312,-0.09793615,-0.0159869,-0.9828689,0.1974827,-0.3021713,0.9325734,0.0521712,0.0500716,-0.1660754,0.01341213,0.0008441863,0.01505921,0.9997963,0.002091981,-0.02679338,0.9996388
Fixation,21.2859,0.01776442,0.04322875,-0.03750632,-0.1900819,-0.2483008,-0.01748106,-0.9496894,0.478263,-0.3523564,0.8044312,0.08583191,0.05141544,-0.04228914,-0.1556407,-0.09787631,-0.01598698,-0.9828228,0.1973666,-0.302805,0.9323924,0.05217987,0.05007672,-0.1660769,0.01343461,0.0008213338,0.01505523,0.9997961,0.002046855,-0.026839,0.9996377
Fixation,21.2970,0.0177692,0.04323661,-0.03751572,-0.1900956,-0.2483121,-0.01748344,-0.9496837,0.4782829,-0.3523787,0.8044096,0.08583656,0.05142367,-0.04229992,-0.1556551,-0.09788797,-0.01598763,-0.9828194,0.1973895,-0.3028317,0.9323789,0.05218444,0.05008507,-0.1660869,0.0134493,0.0008330555,0.01505618,0.9997959,0.002070761,-0.02686803,0.9996368
Fixation,21.3078,0.01776502,0.04323959,-0.03752208,-0.1903058,-0.2486465,-0.0174527,-0.9495546,0.4788495,-0.3527324,0.8039172,0.08583377,0.05141842,-0.0423005,-0.1557519,-0.09784535,-0.01593648,-0.9828091,0.1972909,-0.3030301,0.9323353,0.0521817,0.05008495,-0.1660899,0.01354126,0.0007994034,0.01499048,0.9997956,0.00200446,-0.02705302,0.999632
Fixation,21.3188,0.01776304,0.04324853,-0.03751976,-0.1903569,-0.2486164,-0.01743967,-0.9495525,0.4787882,-0.3528362,0.8039083,0.08583254,0.05142367,-0.04229406,-0.1557999,-0.09781556,-0.0159146,-0.9828048,0.1972262,-0.3031284,0.932317,0.05218057,0.05009258,-0.1660852,0.01358712,0.0007736103,0.01496009,0.9997955,0.001953433,-0.02714553,0.9996296
Fixation,21.3301,0.01774035,0.04325414,-0.03751509,-0.1903853,-0.2485689,-0.01752673,-0.9495577,0.4787347,-0.3528504,0.8039339,0.08580935,0.05143881,-0.04228011,-0.156025,-0.09756378,-0.01599141,-0.9827929,0.1967601,-0.3035602,0.932275,0.05215804,0.05010355,-0.1660756,0.01363456,0.0007113782,0.01502744,0.9997939,0.001832249,-0.02724212,0.9996272
Fixation,21.3411,0.0177389,0.04325986,-0.03751797,-0.1906307,-0.2489364,-0.01757027,-0.9494114,0.479385,-0.3532261,0.8033812,0.08580724,0.05144906,-0.04228438,-0.156088,-0.09758524,-0.0160238,-0.9827802,0.1968119,-0.3036731,0.9322273,0.05215587,0.05011237,-0.1660788,0.01370155,0.000729044,0.01505647,0.9997925,0.00187038,-0.02737546,0.9996235
Fixation,21.3521,0.01774218,0.04324949,-0.03751729,-0.1906871,-0.2488803,-0.01757006,-0.9494147,0.4792821,-0.3533365,0.8033941,0.08581144,0.05143583,-0.0422756,-0.1564168,-0.09737433,-0.01601006,-0.9827491,0.1963976,-0.304319,0.9321041,0.0521604,0.05010128,-0.1660737,0.01375456,0.0006748731,0.01503227,0.9997922,0.00176299,-0.02748312,0.9996207
Fixation,21.3637,0.01774946,0.04326093,-0.03752651,-0.1907415,-0.2488381,-0.01765311,-0.9494134,0.4792347,-0.3533995,0.8033946,0.08581831,0.05145574,-0.04227617,-0.1564824,-0.09732838,-0.01608203,-0.982742,0.1963305,-0.3044332,0.9320809,0.05216783,0.05011797,-0.1660782,0.01382702,0.0006198928,0.01509033,0.9997903,0.001656834,-0.02762953,0.9996169
Fixation,21.3750,0.01775416,0.04328084,-0.03753071,-0.1908772,-0.2491304,-0.01764838,-0.9493095,0.4797411,-0.3536095,0.8029999,0.08582281,0.051476,-0.04228269,-0.1564485,-0.09734222,-0.01608096,-0.9827461,0.196357,-0.3043675,0.9320967,0.05217225,0.05013752,-0.1660838,0.01379291,0.0006332942,0.01509448,0.9997907,0.001682717,-0.02756093,0.9996187
Fixation,21.3859,0.01776785,0.04329133,-0.03753144,-0.1908638,-0.2491122,-0.01761586,-0.9493176,0.4796976,-0.3536041,0.8030282,0.08583714,0.05148208,-0.04228196,-0.1560994,-0.09703001,-0.01604765,-0.982833,0.1957386,-0.3037252,0.9324363,0.0521866,0.05014563,-0.1660839,0.01377074,0.0006198356,0.01506348,0.9997915,0.001654283,-0.02751707,0.99962
Fixation,21.3971,0.01777595,0.04330432,-0.0375209,-0.1907988,-0.2491458,-0.01750622,-0.9493238,0.4797204,-0.3535365,0.8030444,0.08584609,0.05148304,-0.04227972,-0.1560189,-0.097068,-0.01595083,-0.9828436,0.1957826,-0.3035878,0.9324718,0.05219496,0.05015135,-0.166078,0.01368075,0.0006701967,0.01498117,0.9997939,0.001750025,-0.02733579,0.9996248
Fixation,21.4086,0.01779865,0.0433116,-0.03753407,-0.1907744,-0.2493289,-0.01743954,-0.9492819,0.4800208,-0.3535009,0.8028805,0.08587004,0.05148089,-0.04229115,-0.1559901,-0.09704144,-0.01588467,-0.9828519,0.1957104,-0.3035475,0.9325001,0.05221887,0.05015337,-0.1660905,0.01364498,0.0006527771,0.01491487,0.9997954,0.001712314,-0.02726491,0.9996268
Fixation,21.4190,0.01781573,0.04330337,-0.03753962,-0.1908074,-0.249397,-0.01738398,-0.9492584,0.4801183,-0.3535801,0.8027874,0.08588712,0.05146646,-0.04230748,-0.1561464,-0.09716209,-0.01582736,-0.982816,0.1959277,-0.3038508,0.9323556,0.05223519,0.05014229,-0.1661014,0.01366702,0.0007334526,0.01486619,0.9997958,0.001872959,-0.02730666,0.9996253
Fixation,21.4298,0.01783383,0.04328728,-0.03753928,-0.1908957,-0.249349,-0.01740077,-0.949253,0.480034,-0.3537389,0.8027678,0.08590591,0.05144918,-0.04229944,-0.1562355,-0.09711329,-0.01582837,-0.9828067,0.1958331,-0.3040243,0.9323189,0.05225429,0.05012667,-0.1660967,0.01375624,0.000686111,0.01485175,0.9997948,0.001780549,-0.02748646,0.9996206
Fixation,21.4412,0.01783666,0.04326665,-0.03754333,-0.1908558,-0.2495486,-0.01747001,-0.9492072,0.4804153,-0.3536042,0.8025991,0.08590645,0.05144012,-0.04231632,-0.1562613,-0.09722228,-0.0158977,-0.9827907,0.1960667,-0.304053,0.9322605,0.0522543,0.05011237,-0.166107,0.01379046,0.0007849977,0.01493333,0.9997931,0.001981545,-0.02755177,0.9996184
Fixation,21.4523,0.01782683,0.0432651,-0.0375355,-0.1909273,-0.2495008,-0.01764396,-0.9492022,0.4803909,-0.3536528,0.8025922,0.08589508,0.05145848,-0.04229629,-0.1560277,-0.0967195,-0.01605191,-0.9828749,0.1951354,-0.3036064,0.9326014,0.05224387,0.05012226,-0.1660924,0.01390225,0.0007091741,0.01507268,0.9997895,0.001837138,-0.02777727,0.9996125
Fixation,21.4636,0.01782706,0.04325974,-0.03753472,-0.1908813,-0.2494961,-0.01769855,-0.9492117,0.4804059,-0.3535421,0.802632,0.08589447,0.05146122,-0.04229358,-0.1559902,-0.09671195,-0.01611282,-0.9828806,0.1951395,-0.3035229,0.9326277,0.05224357,0.05012059,-0.1660908,0.01387018,0.0006924515,0.01513512,0.999789,0.001804465,-0.02771355,0.9996143
Fixation,21.4749,0.01782562,0.04326153,-0.03753458,-0.1910066,-0.2496267,-0.01772676,-0.9491516,0.480639,-0.3537383,0.802406,0.08589298,0.05146611,-0.04228874,-0.1559846,-0.0966813,-0.01613994,-0.982884,0.1950882,-0.3035086,0.9326431,0.05224241,0.05012381,-0.1660883,0.01386666,0.0006580504,0.01515797,0.9997888,0.001736204,-0.02770752,0.9996145
Fixation,21.4860,0.01782639,0.04326868,-0.03756296,-0.1909389,-0.2496206,-0.01767617,-0.9491678,0.4806138,-0.3536415,0.8024638,0.0858943,0.05146801,-0.04231825,-0.1560899,-0.09653998,-0.01609819,-0.9828819,0.1948003,-0.3037276,0.932632,0.05224365,0.05012751,-0.1661177,0.01378683,0.000657436,0.01512537,0.9997904,0.001731658,-0.02754799,0.999619
Fixation,21.4967,0.01782745,0.04327476,-0.03757402,-0.1908946,-0.249608,-0.01761772,-0.9491811,0.4805726,-0.353592,0.8025103,0.08589619,0.05146706,-0.04232962,-0.1560363,-0.09652875,-0.01604702,-0.9828923,0.1947626,-0.3036358,0.9326697,0.05224545,0.05012929,-0.1661292,0.01372777,0.0006527643,0.01507836,0.9997919,0.001719241,-0.02743014,0.9996222
Fixation,21.5080,0.01783295,0.04328787,-0.03757506,-0.1908061,-0.2499415,-0.0175487,-0.9491124,0.481142,-0.3534206,0.8022445,0.0859038,0.0514673,-0.04232253,-0.1560776,-0.09645837,-0.01596318,-0.9828941,0.1945997,-0.303736,0.9326711,0.05225322,0.05013621,-0.166126,0.01376035,0.000595348,0.01498176,0.9997929,0.001602758,-0.02749716,0.9996206
Fixation,21.5190,0.01783996,0.04329681,-0.03758229,-0.1907623,-0.2499384,-0.01756367,-0.9491218,0.4811449,-0.3533337,0.8022811,0.0859105,0.05147922,-0.04232921,-0.1557491,-0.09621696,-0.01598268,-0.9829695,0.1941353,-0.3031176,0.932969,0.05226005,0.05014622,-0.1661332,0.01372063,0.0005873643,0.01500626,0.9997931,0.001586276,-0.02741795,0.9996228
Fixation,21.5305,0.01781969,0.04332125,-0.03756328,-0.1908417,-0.2499668,-0.01755594,-0.9490984,0.481187,-0.3534784,0.802192,0.08589023,0.05150151,-0.04231378,-0.1558278,-0.09624746,-0.01596358,-0.9829544,0.1941889,-0.3032704,0.9329082,0.05223947,0.05017042,-0.1661155,0.01379858,0.000621572,0.01498446,0.9997923,0.001656414,-0.0275728,0.9996184
Fixation,21.5419,0.017838,0.04332089,-0.03756312,-0.1909057,-0.2502834,-0.0175278,-0.9490026,0.4817315,-0.3535663,0.8018264,0.08590934,0.05149615,-0.04231078,-0.155826,-0.09622084,-0.01593107,-0.9829578,0.194127,-0.3032749,0.9329196,0.05225864,0.05016744,-0.166114,0.01379325,0.0005996953,0.01494878,0.9997929,0.001611527,-0.02756285,0.9996188
Fixation,21.5528,0.01786055,0.04332674,-0.03756196,-0.1908742,-0.2503623,-0.01753528,-0.9489881,0.4818758,-0.3534943,0.8017715,0.08593066,0.0515058,-0.04232048,-0.1555006,-0.09591652,-0.01594254,-0.9830389,0.1935375,-0.302668,0.9332392,0.05227946,0.05017507,-0.1661184,0.01376773,0.0006770726,0.01497801,0.9997928,0.001766291,-0.02750948,0.99962
Fixation,21.5633,0.01787493,0.04334831,-0.03755117,-0.1908799,-0.2504319,-0.01749972,-0.9489692,0.4819851,-0.3535133,0.8016974,0.08594465,0.0515244,-0.04232028,-0.1555029,-0.09598953,-0.01590917,-0.983032,0.1936694,-0.3026743,0.9332097,0.0522928,0.0501951,-0.166113,0.0137678,0.0007544277,0.01495539,0.9997931,0.001920349,-0.02750735,0.9996198
Fixation,21.5746,0.01789068,0.0433681,-0.03753948,-0.19081,-0.2503462,-0.01742566,-0.9490072,0.4818107,-0.3534352,0.8018366,0.08596037,0.05153835,-0.0423196,-0.1554158,-0.09605359,-0.01585215,-0.9830404,0.1937765,-0.3025147,0.9332393,0.05230789,0.05021083,-0.1661074,0.01367554,0.0008249333,0.0149165,0.9997949,0.002057511,-0.02732087,0.9996246
Fixation,21.5862,0.01791258,0.04338253,-0.03753071,-0.1907216,-0.2503766,-0.01738022,-0.9490178,0.4818533,-0.3532932,0.8018736,0.0859822,0.05154967,-0.04231696,-0.1554922,-0.09603816,-0.01582134,-0.9830303,0.193737,-0.3026681,0.9331977,0.05232942,0.0502224,-0.1661023,0.01357825,0.0008594879,0.01490059,0.9997965,0.002123274,-0.02712536,0.9996298
Fixation,21.5968,0.01792748,0.0433892,-0.03752162,-0.1906339,-0.2504505,-0.01738837,-0.9490158,0.4819926,-0.3531194,0.8018665,0.08599573,0.05156147,-0.0423184,-0.1554084,-0.09611265,-0.01584603,-0.9830359,0.1938896,-0.302498,0.9332212,0.05234256,0.05023062,-0.1660989,0.01349718,0.000928822,0.01494341,0.9997968,0.002260654,-0.02696112,0.9996339
Fixation,21.6078,0.01791164,0.04341817,-0.03748935,-0.1905773,-0.2506272,-0.01738768,-0.9489805,0.4823081,-0.3529927,0.8017325,0.08597976,0.05159068,-0.04228776,-0.1553987,-0.09612371,-0.01584553,-0.9830363,0.1939109,-0.3024789,0.9332229,0.05232652,0.05025959,-0.1660675,0.01348758,0.0009397579,0.0149454,0.9997969,0.002282288,-0.02694159,0.9996344
Fixation,21.6190,0.01791196,0.04341412,-0.03747649,-0.1905435,-0.2506725,-0.01737531,-0.9489756,0.4823856,-0.3529312,0.801713,0.08597955,0.0515871,-0.04228173,-0.1553644,-0.09617033,-0.01584038,-0.9830373,0.1940001,-0.3024113,0.9332263,0.05232597,0.05025542,-0.1660583,0.01345317,0.0009863325,0.01495021,0.9997973,0.002374521,-0.02687139,0.9996361
Fixation,21.6308,0.01791211,0.04340994,-0.03746608,-0.1905213,-0.250707,-0.01735863,-0.9489712,0.4824419,-0.3528947,0.8016952,0.08597939,0.05158222,-0.04227673,-0.1555838,-0.09591646,-0.01582443,-0.9830276,0.1935011,-0.3028507,0.9331874,0.05232553,0.05025053,-0.1660508,0.01342878,0.001023337,0.01494607,0.9997976,0.002447675,-0.02682154,0.9996372
Fixation,21.6412,0.01791931,0.04340637,-0.03745489,-0.1906979,-0.2508083,-0.01740925,-0.948908,0.4826279,-0.3531768,0.801459,0.08598669,0.05158305,-0.04225663,-0.1556143,-0.09586053,-0.01586768,-0.9830276,0.1934056,-0.3029041,0.9331899,0.05233337,0.05024958,-0.1660349,0.01346285,0.0009620154,0.01497781,0.9997967,0.002326928,-0.02689142,0.9996356
Fixation,21.6523,0.01790761,0.04338634,-0.03744859,-0.190729,-0.2508141,-0.01743008,-0.9488999,0.4826437,-0.353222,0.8014295,0.08597473,0.05156517,-0.04225028,-0.1556486,-0.09586596,-0.0158835,-0.9830214,0.1934211,-0.3029665,0.9331664,0.05232141,0.05023122,-0.1660284,0.01349905,0.0009656706,0.01499099,0.999796,0.002335676,-0.02696365,0.9996337
Fixation,21.6634,0.01790154,0.04336691,-0.03744367,-0.1908192,-0.250796,-0.01745248,-0.9488861,0.4826142,-0.3533775,0.8013788,0.0859689,0.0515461,-0.04224159,-0.156012,-0.09579757,-0.01588907,-0.9829704,0.1932901,-0.303666,0.9329662,0.05231569,0.05021298,-0.166021,0.013593,0.0009477852,0.01498671,0.9997948,0.00230261,-0.02715201,0.9996287
Fixation,21.6746,0.01789882,0.04334974,-0.0374383,-0.1908413,-0.251166,-0.01747343,-0.9487834,0.4832736,-0.3533567,0.8009905,0.08596684,0.05152857,-0.04222738,-0.1560548,-0.09573732,-0.0158967,-0.9829693,0.1931752,-0.3037502,0.9329625,0.05231407,0.05019617,-0.166011,0.01363602,0.0008874149,0.01498159,0.9997944,0.002183043,-0.02723984,0.9996265
Fixation,21.6858,0.01788,0.0433507,-0.03741452,-0.1908753,-0.2511545,-0.0174781,-0.9487795,0.4832528,-0.3534178,0.800976,0.08594821,0.05152893,-0.04220166,-0.1563731,-0.09546301,-0.01589134,-0.9829454,0.1926398,-0.3043784,0.9328685,0.05229551,0.05019736,-0.165986,0.01367023,0.0008766286,0.01497554,0.9997941,0.002162335,-0.02730857,0.9996247
Fixation,21.6970,0.0178642,0.04335034,-0.03740212,-0.1909123,-0.2511444,-0.01747736,-0.9487748,0.4832322,-0.3534868,0.800958,0.08593269,0.05152726,-0.04218762,-0.1564094,-0.09545308,-0.01588433,-0.9829408,0.1926184,-0.30445,0.9328496,0.05228001,0.05019677,-0.1659726,0.01370604,0.0008682969,0.01496385,0.9997937,0.002146426,-0.02738044,0.9996228
Fixation,21.7082,0.01785825,0.04334021,-0.03739548,-0.1907609,-0.2515309,-0.01753018,-0.9487019,0.4839439,-0.3531317,0.8006849,0.08592658,0.05152273,-0.04217386,-0.1564025,-0.09540775,-0.01593239,-0.9829455,0.192545,-0.3044301,0.9328713,0.05227439,0.0501895,-0.1659624,0.01370294,0.0008162634,0.0150053,0.9997932,0.002043423,-0.02737571,0.9996231
Fixation,21.7193,0.0178458,0.04333305,-0.0373934,-0.1907915,-0.2515408,-0.01754508,-0.9486929,0.4839647,-0.3531785,0.8006517,0.0859139,0.05151701,-0.04217248,-0.1564356,-0.09541768,-0.01594253,-0.9829391,0.1925675,-0.3044909,0.9328468,0.05226168,0.05018342,-0.1659605,0.0137374,0.0008251623,0.01501366,0.9997926,0.00206248,-0.02744433,0.9996212
Fixation,21.7304,0.01781196,0.04330754,-0.03738457,-0.1907621,-0.2515204,-0.01758242,-0.9487035,0.4839447,-0.3531086,0.8006946,0.08699579,0.045169,-0.03746655,-0.1566489,-0.09540046,-0.01598265,-0.9829062,0.1925467,-0.3048929,0.9327197,0.05222781,0.05016017,-0.1659499,0.01371671,0.0007963739,0.01505281,0.9997923,0.002005367,-0.02740374,0.9996225
Fixation,21.7415,0.01779942,0.04330111,-0.03738097,-0.1908243,-0.2518198,-0.01765166,-0.9486102,0.4844944,-0.3531456,0.8003458,0.08698305,0.04516971,-0.03745712,-0.1566829,-0.09536745,-0.01604289,-0.9829029,0.1925012,-0.3049482,0.932711,0.05221527,0.05015802,-0.1659429,0.01375621,0.0007554256,0.01510424,0.999791,0.00192609,-0.02748386,0.9996204
Fixation,21.7525,0.0177818,0.04329395,-0.03738708,-0.1908218,-0.2517925,-0.01766473,-0.9486177,0.4844513,-0.3531383,0.8003751,0.08696542,0.04516363,-0.03745903,-0.1569248,-0.09540098,-0.01605519,-0.9828609,0.1925707,-0.3054071,0.9325466,0.05219807,0.05015135,-0.1659469,0.01375578,0.0007252364,0.01511233,0.9997909,0.001865933,-0.02748389,0.9996205
Fixation,21.7633,0.01776377,0.04328382,-0.03739308,-0.1907942,-0.2517547,-0.01769218,-0.9486328,0.4843967,-0.3530791,0.8004343,0.0869473,0.04515696,-0.03745883,-0.1569004,-0.09536073,-0.01608534,-0.9828682,0.1925016,-0.3053571,0.9325772,0.05218047,0.05014253,-0.1659501,0.01373354,0.0006805575,0.01513846,0.9997908,0.00177664,-0.02744074,0.9996219
Fixation,21.7746,0.01773599,0.04326653,-0.0374032,-0.1909091,-0.2519876,-0.0176673,-0.9485483,0.4847905,-0.3532692,0.8001119,0.08691954,0.04513896,-0.0374709,-0.1568278,-0.09537287,-0.01607091,-0.9828789,0.1925207,-0.3052199,0.9326181,0.05215256,0.05012369,-0.1659621,0.01365908,0.0006936145,0.01513272,0.999792,0.001800338,-0.02729148,0.9996259
Fixation,21.7861,0.01771358,0.04326761,-0.03741167,-0.1908936,-0.2519736,-0.01772078,-0.9485542,0.4847868,-0.3532155,0.8001379,0.08689693,0.0451473,-0.03747589,-0.1570476,-0.09512736,-0.01612216,-0.9828667,0.1920589,-0.3056464,0.9325737,0.05212986,0.05012834,-0.1659688,0.01365648,0.0006691385,0.01518495,0.9997912,0.001752744,-0.02728694,0.9996261
Fixation,21.7975,0.01769676,0.04326475,-0.03741919,-0.1908351,-0.2519432,-0.01782291,-0.9485721,0.484775,-0.353061,0.8002132,0.08687972,0.04515898,-0.03747607,-0.1570047,-0.09509148,-0.0162312,-0.9828752,0.1920229,-0.3055452,0.9326143,0.05211252,0.05013216,-0.1659731,0.013623,0.000617173,0.01529112,0.9997901,0.001650709,-0.02722141,0.9996281
Fixation,21.8083,0.01765988,0.04324865,-0.03744413,-0.1906672,-0.2520308,-0.01783577,-0.9485823,0.4849453,-0.3527367,0.800253,0.08684273,0.04514718,-0.03749674,-0.1569065,-0.09506498,-0.01625779,-0.982893,0.1919793,-0.3053536,0.932686,0.05207579,0.05011654,-0.165997,0.01352616,0.0005855742,0.01532253,0.999791,0.001585414,-0.02702872,0.9996334
Fixation,21.8189,0.01764636,0.04324138,-0.03745414,-0.1906888,-0.2520068,-0.01783038,-0.9485845,0.4848997,-0.3527821,0.8002607,0.08682927,0.04513776,-0.03750365,-0.1572065,-0.09484486,-0.01624493,-0.9828666,0.1915473,-0.3059445,0.9325811,0.05206285,0.05010855,-0.1660053,0.01354499,0.0005632077,0.01530768,0.9997909,0.001540865,-0.02706708,0.9996324
Fixation,21.8302,0.01764368,0.04323745,-0.03745912,-0.1906549,-0.251954,-0.01788767,-0.9486043,0.48483,-0.3526984,0.8003398,0.0868264,0.0451411,-0.03749948,-0.1571803,-0.0947879,-0.01630501,-0.9828753,0.191455,-0.3058862,0.9326192,0.05206059,0.05010796,-0.1660059,0.01352344,0.0004975681,0.01536099,0.9997904,0.001410394,-0.02702592,0.9996337
Fixation,21.8414,0.0176334,0.04324174,-0.03746836,-0.1907483,-0.2519909,-0.01787391,-0.9485759,0.4848838,-0.3528703,0.8002314,0.08681616,0.0451436,-0.03751557,-0.1572168,-0.09483486,-0.01628726,-0.9828652,0.191541,-0.3059566,0.9325784,0.05204963,0.05011177,-0.1660182,0.01355921,0.0005473396,0.01534697,0.9997901,0.001510635,-0.02709594,0.9996317
Fixation,21.8527,0.01764235,0.04322684,-0.03751157,-0.1907894,-0.2519457,-0.0178669,-0.9485798,0.4847988,-0.3529549,0.8002456,0.08682521,0.04512513,-0.03755287,-0.1575985,-0.09464887,-0.01626939,-0.9828223,0.1911741,-0.3067029,0.9324086,0.05205964,0.0500958,-0.166058,0.01359586,0.0005046995,0.01532187,0.9997901,0.001425815,-0.02717055,0.9996298
Fixation,21.8639,0.01764473,0.04322231,-0.03750886,-0.1906974,-0.2520081,-0.01788932,-0.9485813,0.4849232,-0.3527674,0.8002529,0.08682737,0.04512835,-0.0375578,-0.1575125,-0.09471105,-0.01630856,-0.9828295,0.1913072,-0.3065267,0.9324393,0.05206035,0.05009365,-0.1660601,0.01351365,0.000559588,0.01537742,0.9997903,0.001534551,-0.02700442,0.9996341
Fixation,21.8748,0.01765689,0.04322445,-0.03750897,-0.1908963,-0.2522539,-0.0179422,-0.9484749,0.4853632,-0.3530687,0.7998531,0.08683938,0.04513633,-0.03755444,-0.1575321,-0.09469346,-0.01635645,-0.9828272,0.1912879,-0.3065559,0.9324336,0.05207234,0.05009913,-0.1660582,0.01353766,0.0005354907,0.01542024,0.9997893,0.001488264,-0.0270531,0.9996329
Fixation,21.8859,0.01766665,0.04321897,-0.03753147,-0.1908973,-0.2523215,-0.01782393,-0.948459,0.4854383,-0.3531218,0.7997842,0.0868495,0.04511714,-0.0375896,-0.1575164,-0.09476744,-0.01624206,-0.9828245,0.1913963,-0.3065435,0.9324154,0.05208191,0.05008638,-0.1660873,0.01351208,0.0006252751,0.01531977,0.9997911,0.001664293,-0.02699935,0.9996341
Fixation,21.8970,0.01768395,0.04322135,-0.03753357,-0.1908894,-0.2523142,-0.01777462,-0.9484635,0.4854075,-0.3531337,0.7997975,0.08686697,0.04511321,-0.03759194,-0.1578747,-0.09452415,-0.01619044,-0.9827913,0.1909071,-0.307255,0.9322816,0.05209982,0.05008531,-0.1660898,0.01349151,0.0006261728,0.0152735,0.9997922,0.00166421,-0.02695828,0.9996352
Fixation,21.9085,0.01769636,0.04322565,-0.03753022,-0.1909928,-0.252492,-0.01778623,-0.9483951,0.4857184,-0.3532915,0.7995391,0.08687933,0.04511964,-0.03759139,-0.1578688,-0.09454652,-0.01620299,-0.9827899,0.1909546,-0.3072398,0.9322768,0.05211167,0.05009055,-0.1660879,0.01348703,0.0006465029,0.01528966,0.9997919,0.001705161,-0.02694867,0.9996353
Fixation,21.9195,0.01770727,0.04322076,-0.03752599,-0.1910328,-0.2525312,-0.01776948,-0.948377,0.4857787,-0.3533675,0.7994689,0.0868903,0.04511225,-0.03759333,-0.1579071,-0.09458794,-0.01618136,-0.98278,0.1910286,-0.3073148,0.932237,0.05212204,0.05008507,-0.1660863,0.0135242,0.0006913676,0.0152709,0.9997917,0.001795501,-0.02702165,0.9996333
Fixation,21.9306,0.0177216,0.0432303,-0.03749698,-0.1910561,-0.2525363,-0.01776607,-0.9483709,0.4857848,-0.353411,0.7994459,0.08690466,0.04512072,-0.03756528,-0.1582944,-0.09442089,-0.01617116,-0.982734,0.1907008,-0.3080689,0.9320551,0.05213636,0.05009449,-0.1660575,0.01354667,0.0006983893,0.01526278,0.9997915,0.001810007,-0.02706636,0.999632
Fixation,21.9417,0.01773524,0.04322696,-0.03748009,-0.191107,-0.2527096,-0.0177819,-0.9483142,0.4860927,-0.3534717,0.7992319,0.08691822,0.04512012,-0.03754888,-0.1582786,-0.09442732,-0.01618872,-0.9827356,0.1907188,-0.3080347,0.9320627,0.05214967,0.0500921,-0.166041,0.01353242,0.0007020183,0.01528247,0.9997914,0.001817361,-0.02703773,0.9996328
Fixation,21.9526,0.01774368,0.04322755,-0.0374737,-0.1911264,-0.2527731,-0.01776704,-0.9482937,0.4861978,-0.3535059,0.7991529,0.08692668,0.04511976,-0.03755192,-0.1582975,-0.09449349,-0.01617313,-0.9827265,0.1908429,-0.3080697,0.9320258,0.05215703,0.05009258,-0.1660391,0.01355092,0.0007702966,0.01527507,0.9997912,0.001954254,-0.02707264,0.9996316
Fixation,21.9637,0.01774435,0.04323554,-0.03747361,-0.1911417,-0.2527478,-0.01779718,-0.9482968,0.4861634,-0.3535218,0.7991668,0.08692728,0.04513049,-0.03754756,-0.158581,-0.09431569,-0.0161968,-0.9826975,0.1905046,-0.3086191,0.9319133,0.05215795,0.05010235,-0.1660366,0.01357243,0.0007399711,0.0152953,0.9997906,0.001894821,-0.02711655,0.9996305
Fixation,21.9748,0.0177474,0.04324877,-0.03747847,-0.1912477,-0.252733,-0.01778908,-0.9482795,0.4861273,-0.3537207,0.7991007,0.08693035,0.04514289,-0.03755327,-0.1585807,-0.09432063,-0.01618942,-0.9826971,0.1905119,-0.3086196,0.9319115,0.05216098,0.05011511,-0.1660419,0.01357152,0.0007459491,0.01528879,0.9997907,0.00190657,-0.02711456,0.9996305
Fixation,21.9862,0.01774785,0.04325128,-0.03748282,-0.1912418,-0.2526999,-0.01782415,-0.9482889,0.4860825,-0.3536966,0.7991387,0.0869307,0.04514921,-0.03755199,-0.1585794,-0.09428528,-0.01622381,-0.9827002,0.1904539,-0.3086127,0.9319257,0.05216173,0.05011964,-0.1660434,0.01357296,0.0007057905,0.01531759,0.9997903,0.001827095,-0.0271186,0.9996306
Fixation,21.9970,0.01774976,0.0432508,-0.03748323,-0.1911926,-0.2526865,-0.01777095,-0.9483033,0.4860423,-0.3536362,0.7991898,0.08693277,0.04514313,-0.03755166,-0.1587429,-0.093905,-0.01617376,-0.9827111,0.1896979,-0.3089592,0.9319651,0.05216433,0.05011535,-0.1660442,0.01351028,0.0006991174,0.01527681,0.9997918,0.001810731,-0.02699357,0.999634
Fixation,22.0082,0.01773604,0.04327881,-0.03748139,-0.1911161,-0.2525619,-0.01779423,-0.9483515,0.4858364,-0.3535023,0.7993742,0.08691893,0.04517579,-0.03754672,-0.158693,-0.09388775,-0.01620586,-0.9827203,0.1896743,-0.3088585,0.9320033,0.05215056,0.05014479,-0.1660414,0.01346266,0.000676557,0.01531043,0.9997919,0.00176507,-0.026899,0.9996366
Fixation,22.0195,0.01773361,0.04329216,-0.0374773,-0.1910207,-0.2525926,-0.01777331,-0.9483629,0.485889,-0.353335,0.7994162,0.08691645,0.04519045,-0.03754695,-0.1590192,-0.09382207,-0.01619934,-0.9826739,0.189545,-0.3094884,0.9318206,0.05214751,0.05015707,-0.1660406,0.01336457,0.0007067567,0.01531992,0.9997931,0.001822709,-0.02670196,0.9996418
Fixation,22.0300,0.01774139,0.04331267,-0.03745176,-0.190925,-0.2525494,-0.01774262,-0.9483942,0.4858078,-0.3531826,0.7995329,0.08692428,0.04520917,-0.03751563,-0.1589179,-0.09377763,-0.01618321,-0.9826947,0.1894532,-0.3093002,0.9319018,0.05215623,0.05017507,-0.1660134,0.0132602,0.0006634667,0.0153067,0.9997947,0.001732601,-0.02649464,0.9996474
Fixation,22.0482,0.01772854,0.04329717,-0.03749875,-0.1909334,-0.2527065,-0.01769546,-0.9483516,0.4860666,-0.3532005,0.7993677,0.08691157,0.0451889,-0.03756573,-0.1588763,-0.09379378,-0.01614171,-0.9827006,0.1894715,-0.3092277,0.9319221,0.0521435,0.05015624,-0.1660625,0.01321463,0.0006849535,0.01527198,0.9997958,0.001773254,-0.02640294,0.9996498
Fixation,22.0592,0.01773648,0.04327881,-0.03749672,-0.1910427,-0.2527457,-0.01769292,-0.9483192,0.4861274,-0.3533954,0.7992445,0.08691959,0.04516745,-0.0375699,-0.1594117,-0.09355916,-0.01611806,-0.9826367,0.1890081,-0.3102715,0.9316692,0.05215092,0.05013824,-0.1660623,0.01332385,0.0007307977,0.01524946,0.9997947,0.001867658,-0.02661994,0.9996439
Fixation,22.0703,0.01774969,0.04322886,-0.03749239,-0.1913243,-0.2530279,-0.01768898,-0.9481872,0.4866043,-0.3538709,0.7987437,0.08693279,0.04511702,-0.03757475,-0.1594583,-0.09362414,-0.01610767,-0.9826231,0.1891315,-0.3103588,0.9316151,0.05216302,0.05008888,-0.166062,0.01337088,0.0007975645,0.01524459,0.9997941,0.002002468,-0.02671194,0.9996412
Fixation,22.0813,0.01776491,0.04318976,-0.03748613,-0.19132,-0.252988,-0.01777413,-0.9481972,0.4865662,-0.3538249,0.7987874,0.08694775,0.04508817,-0.03756057,-0.1594664,-0.09357997,-0.01619096,-0.9826247,0.1890718,-0.310361,0.9316265,0.0521782,0.05005515,-0.1660516,0.01338618,0.0007416215,0.01531937,0.9997928,0.001893072,-0.0267441,0.9996405
Fixation,22.0925,0.01776031,0.04317129,-0.03748999,-0.1913877,-0.2530412,-0.01777452,-0.9481693,0.4866555,-0.3539405,0.7986818,0.08694315,0.04506874,-0.03757228,-0.1597797,-0.09325333,-0.01617668,-0.982605,0.1884318,-0.3109835,0.9315485,0.05217267,0.05003738,-0.1660585,0.01345575,0.0007990782,0.01531256,0.9997919,0.002009908,-0.02688144,0.9996366
Fixation,22.1037,0.01776412,0.0431608,-0.03747068,-0.1915238,-0.253092,-0.01777234,-0.9481283,0.486735,-0.3541822,0.7985262,0.08694708,0.04505396,-0.03755247,-0.1598872,-0.0932459,-0.01615593,-0.9825886,0.188411,-0.3111936,0.9314826,0.05217693,0.05002654,-0.1660377,0.0135622,0.0007963094,0.01528132,0.999791,0.002006782,-0.02709439,0.9996309
Fixation,22.1149,0.01777031,0.0431807,-0.03745102,-0.1915653,-0.2531069,-0.01776446,-0.9481161,0.4867555,-0.3542597,0.7984793,0.08695333,0.04507172,-0.03753535,-0.1599276,-0.09326198,-0.01614185,-0.9825807,0.1884379,-0.3112727,0.9314507,0.05218298,0.05004597,-0.1660188,0.01360189,0.0008149449,0.01526619,0.9997906,0.002044846,-0.02717319,0.9996287
Fixation,22.1259,0.0177582,0.04321921,-0.03742278,-0.1916006,-0.2531098,-0.01768503,-0.9481096,0.4867286,-0.3543642,0.7984493,0.08694154,0.04509878,-0.03750985,-0.160284,-0.09287871,-0.01605201,-0.9825604,0.1876636,-0.3119957,0.9313651,0.05217168,0.05007911,-0.1659918,0.01361679,0.0008337958,0.01518237,0.9997917,0.002080715,-0.0272026,0.9996278
Fixation,22.1369,0.01774891,0.04326069,-0.03739069,-0.1915442,-0.2531259,-0.01752924,-0.9481196,0.4867026,-0.3543395,0.7984762,0.08693273,0.04512215,-0.03748388,-0.1602034,-0.09290025,-0.01590826,-0.9825739,0.1876598,-0.3118676,0.9314088,0.05216347,0.05010998,-0.1659639,0.01352249,0.0008750974,0.01505123,0.9997949,0.002156896,-0.02701309,0.9996328
Fixation,22.1487,0.01775717,0.04329288,-0.03739791,-0.1918447,-0.2529957,-0.01757712,-0.9480928,0.486471,-0.3548792,0.7983776,0.08694099,0.04515469,-0.03748132,-0.1603335,-0.09283257,-0.015934,-0.9825586,0.1875364,-0.3121157,0.9313506,0.05217284,0.05014467,-0.1659646,0.01365518,0.0008060042,0.01505486,0.9997931,0.002022828,-0.02728045,0.9996258
Fixation,22.1594,0.01776079,0.04330373,-0.03740544,-0.1918902,-0.2529619,-0.01761919,-0.9480918,0.4864242,-0.3549451,0.7983769,0.08694454,0.04516864,-0.03748324,-0.1609058,-0.0927016,-0.01596399,-0.9824769,0.1872918,-0.3132126,0.9310315,0.05217683,0.0501579,-0.1659687,0.01370914,0.0007664164,0.01507733,0.999792,0.001945909,-0.02738947,0.9996229
Fixation,22.1737,0.01774896,0.04331255,-0.03741503,-0.1920463,-0.2529043,-0.0176992,-0.948074,0.4863421,-0.3551959,0.7983152,0.08693241,0.04518878,-0.0374912,-0.160906,-0.09270322,-0.01604639,-0.9824754,0.1873212,-0.3131973,0.9310308,0.05216409,0.05017245,-0.1659774,0.01371703,0.0007558923,0.0151587,0.9997907,0.001927333,-0.02740541,0.9996225
Fixation,22.1875,0.0177466,0.04332507,-0.03742456,-0.1920373,-0.2528951,-0.01770653,-0.9480782,0.4863293,-0.3551769,0.7983315,0.08693001,0.04520226,-0.03749919,-0.1608979,-0.0926934,-0.01605481,-0.9824775,0.1873047,-0.3131808,0.9310396,0.05216182,0.05018544,-0.1659863,0.01370948,0.000744784,0.01516625,0.9997907,0.001905099,-0.02739062,0.999623
Fixation,22.1939,0.01775219,0.04335082,-0.03742023,-0.1919631,-0.2528661,-0.01773579,-0.9481004,0.4862942,-0.355031,0.7984177,0.08693545,0.04523361,-0.03748957,-0.161297,-0.09234285,-0.01608949,-0.9824445,0.1866338,-0.3139592,0.9309121,0.05216753,0.05021274,-0.1659801,0.0136422,0.0007063519,0.01520727,0.9997911,0.00182733,-0.02725723,0.9996268
Fixation,22.2036,0.0177515,0.04336774,-0.03743914,-0.1917948,-0.2529092,-0.01767829,-0.948124,0.4863599,-0.3547486,0.7985033,0.08693478,0.04524994,-0.0375151,-0.1611219,-0.09238727,-0.01606196,-0.9824696,0.1867112,-0.3136268,0.9310087,0.05216617,0.05022645,-0.1660044,0.01346352,0.0007519657,0.01520245,0.9997935,0.001912978,-0.02689861,0.9996364
Fixation,22.2148,0.01774765,0.04340947,-0.03745337,-0.1918007,-0.2531314,-0.01755584,-0.9480658,0.486705,-0.3547916,0.7982739,0.08693129,0.04527748,-0.0375422,-0.1610975,-0.09246171,-0.01594318,-0.9824684,0.1868182,-0.3135982,0.9309968,0.05216214,0.05026042,-0.1660255,0.01342913,0.0008430982,0.01509876,0.9997954,0.002091378,-0.02682731,0.9996379
Fixation,22.2257,0.01775915,0.04340243,-0.03744841,-0.1916958,-0.2531582,-0.01752403,-0.9480805,0.4867472,-0.3546134,0.7983273,0.08694278,0.04527056,-0.03754123,-0.1612925,-0.09204236,-0.01592368,-0.9824762,0.1859956,-0.3140008,0.9310259,0.05217318,0.05025148,-0.1660238,0.01331874,0.0008706682,0.01509959,0.9997969,0.002143198,-0.02660578,0.9996437
Fixation,22.2369,0.01776281,0.04339814,-0.03745584,-0.1916944,-0.2531791,-0.01746055,-0.9480763,0.4867604,-0.3546405,0.7983072,0.08694665,0.04525864,-0.0375533,-0.1612814,-0.09206612,-0.01586202,-0.9824767,0.1860221,-0.3139898,0.9310243,0.05217704,0.05024326,-0.1660338,0.01330229,0.0009032308,0.01504341,0.9997979,0.00220632,-0.02657203,0.9996445
Fixation,22.2482,0.0177594,0.04336405,-0.03748643,-0.191743,-0.2533942,-0.01751995,-0.9480079,0.487158,-0.3546689,0.798052,0.086943,0.04523301,-0.03758643,-0.1612883,-0.09209418,-0.01592059,-0.9824721,0.1860955,-0.31399,0.9310095,0.05217247,0.05021346,-0.1660655,0.01331491,0.0009225231,0.01510467,0.9997969,0.002246906,-0.02659655,0.9996437
Fixation,22.2594,0.01774987,0.04333627,-0.03750202,-0.1917204,-0.2534659,-0.01756187,-0.9479926,0.4873015,-0.3545964,0.7979966,0.08693324,0.04521346,-0.03761083,-0.1615491,-0.09197482,-0.01596474,-0.9824396,0.1858776,-0.3144877,0.9308851,0.05216103,0.05018973,-0.1660855,0.01330669,0.0009868932,0.01516331,0.999796,0.002376931,-0.02657802,0.9996439
Fixation,22.2706,0.01774424,0.04331625,-0.03750302,-0.191694,-0.2534046,-0.01766405,-0.9480125,0.4872335,-0.3545043,0.7980791,0.08692728,0.04520607,-0.03760032,-0.1615375,-0.09190783,-0.01606787,-0.9824462,0.1857801,-0.3144502,0.9309172,0.05215558,0.05017591,-0.1660808,0.01330345,0.0009049046,0.01525585,0.9997947,0.002215349,-0.02657383,0.9996444
Fixation,22.2812,0.01772159,0.04330432,-0.03750691,-0.1917067,-0.2536845,-0.01769496,-0.9479344,0.487737,-0.3544728,0.7977855,0.08690454,0.04519749,-0.03760117,-0.1615408,-0.09189019,-0.0160953,-0.9824468,0.1857546,-0.3144524,0.9309216,0.05213297,0.05016565,-0.1660832,0.01330903,0.0008833648,0.01527993,0.9997943,0.002173088,-0.02658559,0.9996442
Fixation,22.2921,0.01768877,0.04328489,-0.03751321,-0.1917157,-0.2536286,-0.017743,-0.9479467,0.4876559,-0.3544722,0.7978353,0.08687161,0.04518247,-0.03759839,-0.1618472,-0.09168661,-0.01613666,-0.9824147,0.1853719,-0.3150432,0.9307981,0.05210083,0.05014884,-0.1660847,0.01332737,0.0008183676,0.01531312,0.9997936,0.002044565,-0.02662418,0.9996434
Fixation,22.3037,0.01767251,0.04327035,-0.03750981,-0.1917267,-0.2536194,-0.01778014,-0.9479463,0.4876529,-0.3544744,0.7978362,0.08685523,0.04517221,-0.03759276,-0.1618639,-0.09167598,-0.01617114,-0.9824124,0.1853623,-0.3150692,0.9307912,0.05208441,0.0501368,-0.16608,0.01334721,0.0008029242,0.015344,0.9997929,0.002015115,-0.02666424,0.9996424
Fixation,22.3148,0.01765783,0.04326022,-0.03750746,-0.1917283,-0.2538265,-0.01781046,-0.9478899,0.4880287,-0.354433,0.7976247,0.08684057,0.04516196,-0.03758223,-0.161929,-0.09161858,-0.01618619,-0.9824068,0.1852555,-0.3151943,0.9307701,0.05207071,0.05012774,-0.1660727,0.01341344,0.000744642,0.01534444,0.999792,0.001900618,-0.02679844,0.999639
Fixation,22.3263,0.01764147,0.04330242,-0.03745681,-0.1917859,-0.2538188,-0.01787979,-0.947879,0.4880371,-0.3545032,0.7975884,0.08682402,0.04521108,-0.03752896,-0.1623045,-0.09129718,-0.01623989,-0.9823738,0.1846475,-0.315922,0.9306442,0.05205397,0.05017471,-0.1660199,0.01348761,0.0007272997,0.0153945,0.9997903,0.001869564,-0.02694717,0.9996351
Fixation,22.3369,0.01762881,0.04331982,-0.03745529,-0.1919024,-0.2539458,-0.01788123,-0.9478214,0.4882534,-0.3546966,0.7973701,0.08681142,0.04522657,-0.03752268,-0.1623349,-0.09126133,-0.01623373,-0.9823723,0.1845758,-0.3159836,0.9306375,0.05204209,0.05019152,-0.1660157,0.01351727,0.0006930597,0.01538034,0.9997901,0.001801629,-0.02700755,0.9996336
Fixation,22.3480,0.01762003,0.04333627,-0.03745712,-0.1918572,-0.2539045,-0.01784607,-0.9478422,0.4881707,-0.3546384,0.7974466,0.08680276,0.04523873,-0.0375194,-0.162283,-0.09121954,-0.01620533,-0.9823852,0.1844851,-0.3158924,0.9306864,0.05203437,0.05020499,-0.1660156,0.01346176,0.0006550484,0.01535068,0.9997913,0.001723118,-0.02689779,0.9996367
Fixation,22.3589,0.01761823,0.04333758,-0.03746102,-0.1918715,-0.2538865,-0.01791554,-0.9478428,0.4881639,-0.3546311,0.7974539,0.08680074,0.04524827,-0.03751899,-0.1626334,-0.09077343,-0.01626466,-0.9823676,0.1836361,-0.3165789,0.9306211,0.05203228,0.05021095,-0.166017,0.01349266,0.0006250481,0.01540984,0.99979,0.001665673,-0.02696038,0.9996351
Fixation,22.3701,0.01762022,0.04332399,-0.03747712,-0.1918504,-0.2538574,-0.01795925,-0.947854,0.4881306,-0.3545743,0.7974997,0.08680258,0.04524028,-0.03752971,-0.1626187,-0.09074179,-0.01631036,-0.9823722,0.1835892,-0.3165442,0.9306421,0.05203438,0.05019987,-0.1660305,0.01348148,0.0005866055,0.01545136,0.9997896,0.001589579,-0.02693917,0.9996358
Fixation,22.3812,0.01762221,0.04332817,-0.03747744,-0.1918082,-0.2539918,-0.01792152,-0.9478273,0.4883558,-0.3544984,0.7973955,0.08680465,0.04524148,-0.03753056,-0.1625487,-0.09074137,-0.01628274,-0.9823843,0.1835793,-0.3164155,0.9306878,0.05203663,0.05020142,-0.166032,0.01340823,0.000589285,0.01543026,0.9997909,0.001592109,-0.02679267,0.9996397
Fixation,22.3925,0.01763227,0.0433352,-0.03746964,-0.1917586,-0.253964,-0.01790057,-0.9478452,0.4883023,-0.3544227,0.7974619,0.08681476,0.04524684,-0.03751912,-0.1626148,-0.09044868,-0.01626604,-0.9824006,0.1830039,-0.3165633,0.9307509,0.05204734,0.05020666,-0.166023,0.01335248,0.0005621727,0.0154177,0.9997919,0.001535841,-0.02668207,0.9996428
Fixation,22.4035,0.01763446,0.04334784,-0.03747637,-0.1917907,-0.2540287,-0.01771641,-0.9478248,0.4883451,-0.354567,0.7973715,0.08681758,0.04523587,-0.03754006,-0.1626185,-0.09052181,-0.0160812,-0.9823963,0.1830868,-0.3166003,0.9307221,0.05205011,0.05020726,-0.166037,0.0133406,0.0006624388,0.0152464,0.9997945,0.001731398,-0.02665553,0.9996432
Fixation,22.4145,0.01765162,0.04335845,-0.03747192,-0.1918747,-0.2542911,-0.01760159,-0.9477396,0.4887581,-0.3547426,0.7970403,0.08683513,0.04523218,-0.03754584,-0.1626133,-0.0905773,-0.01596588,-0.9823939,0.1831577,-0.3166083,0.9307054,0.05206744,0.05021048,-0.1660378,0.01332569,0.0007346843,0.01514168,0.9997963,0.001872616,-0.02662371,0.9996437
Fixation,22.4256,0.01767024,0.04335713,-0.0374587,-0.1918597,-0.254381,-0.0175439,-0.9477196,0.4888956,-0.3547327,0.7969604,0.08685386,0.04522634,-0.0375467,-0.1625917,-0.09067158,-0.01591435,-0.9823896,0.1833247,-0.3165709,0.9306852,0.05208478,0.05020654,-0.1660319,0.01330063,0.000835674,0.01510705,0.999797,0.002072875,-0.02657061,0.9996448
Fixation,22.4371,0.01769165,0.04334879,-0.03744508,-0.1918705,-0.2544309,-0.01757694,-0.9477034,0.488995,-0.3547284,0.7969013,0.08687512,0.04522324,-0.03753926,-0.1630176,-0.09056646,-0.01594339,-0.9823282,0.1831301,-0.3173857,0.930446,0.05210489,0.05020118,-0.1660211,0.01332219,0.0008811339,0.01514487,0.9997962,0.002165434,-0.02661225,0.9996435
Fixation,22.4483,0.01767608,0.04332721,-0.03745605,-0.1920771,-0.2544099,-0.01763318,-0.9476661,0.4889651,-0.3550779,0.796764,0.08685932,0.04521,-0.03755407,-0.1630352,-0.09060381,-0.01600011,-0.982321,0.1832212,-0.3174064,0.930421,0.052088,0.05018413,-0.1660337,0.01334555,0.0009099718,0.01520484,0.9997949,0.002225404,-0.02665795,0.9996421
Fixation,22.4597,0.01768477,0.04331636,-0.03745005,-0.1921306,-0.2544334,-0.01772248,-0.9476473,0.4890364,-0.3551257,0.7966989,0.0868677,0.04520965,-0.03754929,-0.1631037,-0.09062565,-0.01607982,-0.9823064,0.1832897,-0.3175211,0.9303684,0.05209547,0.05017972,-0.1660274,0.0134222,0.0009206905,0.01528063,0.9997928,0.002251199,-0.02681071,0.999638
Fixation,22.4704,0.01768231,0.0433023,-0.03744482,-0.1920644,-0.2545433,-0.01777856,-0.9476302,0.4892552,-0.3549612,0.7966379,0.08686488,0.04520822,-0.03755761,-0.1631821,-0.09044537,-0.01614563,-0.9823089,0.1829599,-0.3176698,0.9303825,0.05209009,0.05017126,-0.1660295,0.01337652,0.001019228,0.01537067,0.9997919,0.002449244,-0.02671614,0.99964
Fixation,22.4811,0.01766631,0.04328918,-0.03746109,-0.1922463,-0.2544978,-0.01782147,-0.9476047,0.4891788,-0.3552759,0.7965445,0.08684881,0.04519832,-0.03756459,-0.1632155,-0.09038348,-0.01618182,-0.9823084,0.1828512,-0.3177307,0.9303831,0.05207492,0.05016029,-0.1660407,0.01341261,0.0009528592,0.01539403,0.9997911,0.002318268,-0.02679028,0.9996384
Fixation,22.4927,0.01764605,0.04328811,-0.03747017,-0.1922718,-0.2544517,-0.0178214,-0.9476119,0.4890961,-0.3553287,0.7965717,0.08682863,0.04519498,-0.03756734,-0.1634141,-0.09013257,-0.01617296,-0.9822986,0.18236,-0.3181274,0.9303439,0.05205565,0.0501585,-0.1660464,0.01343556,0.0009072762,0.0153791,0.999791,0.002227427,-0.02683759,0.9996373
Fixation,22.5038,0.01763077,0.04329479,-0.03746732,-0.1922498,-0.2543659,-0.01785489,-0.9476388,0.4889591,-0.3552835,0.796676,0.08681329,0.0452044,-0.03755141,-0.1633951,-0.09004278,-0.01620704,-0.9823093,0.182196,-0.3180903,0.9303887,0.05204172,0.05016625,-0.1660372,0.01341815,0.0008127674,0.01540069,0.999791,0.002038493,-0.02680567,0.9996386
Fixation,22.5145,0.01760924,0.04330862,-0.0374694,-0.1922234,-0.2543361,-0.01787103,-0.9476519,0.4889146,-0.3552312,0.7967266,0.08679175,0.04521883,-0.0375454,-0.1633973,-0.08998601,-0.01622069,-0.982314,0.1820899,-0.3180957,0.9304076,0.05202113,0.05018044,-0.1660352,0.0134209,0.0007544,0.01540533,0.999791,0.001921991,-0.02681294,0.9996386
Fixation,22.5255,0.01759244,0.04329205,-0.03748069,-0.1921973,-0.2542959,-0.01787224,-0.9476679,0.4888462,-0.3551887,0.7967876,0.08677495,0.04520226,-0.03755086,-0.1636565,-0.08982553,-0.0162227,-0.9822855,0.1817785,-0.3186003,0.9302959,0.05200507,0.05016339,-0.1660439,0.01339346,0.0007119816,0.01540566,0.9997914,0.001836336,-0.02675939,0.9996402
Fixation,22.5369,0.01758154,0.04330432,-0.03748107,-0.1921507,-0.2542369,-0.01791895,-0.9476923,0.4887629,-0.3550882,0.7968835,0.08676389,0.04522073,-0.03754142,-0.1636161,-0.08976266,-0.01627479,-0.9822971,0.1816728,-0.3185175,0.9303449,0.0519948,0.05017817,-0.1660398,0.01335646,0.0006411631,0.01545091,0.9997912,0.001694798,-0.02668753,0.9996424
Fixation,22.5480,0.0175736,0.04332507,-0.0374806,-0.1921544,-0.2543272,-0.01788931,-0.9476679,0.4889104,-0.3550977,0.7967887,0.08675604,0.04523838,-0.03753847,-0.1635644,-0.08974092,-0.01625193,-0.9823081,0.181623,-0.3184243,0.9303865,0.05198749,0.05019653,-0.1660388,0.01330191,0.0006222862,0.01542959,0.9997923,0.0016548,-0.0265791,0.9996454
Fixation,22.5594,0.01755812,0.04332995,-0.0374843,-0.192124,-0.2543553,-0.0179049,-0.9476662,0.4889678,-0.3550304,0.7967835,0.08674045,0.0452472,-0.03754552,-0.163728,-0.08965556,-0.01627133,-0.9822883,0.1814634,-0.3187386,0.93031,0.05197121,0.05020285,-0.1660444,0.01327719,0.0006465997,0.01545722,0.9997922,0.001703387,-0.02652887,0.9996466
Fixation,22.5699,0.01754828,0.04331386,-0.03748161,-0.1921271,-0.2543543,-0.01786557,-0.9476666,0.488951,-0.3550565,0.7967822,0.08673075,0.04522574,-0.03754376,-0.1637245,-0.08965579,-0.01623204,-0.9822896,0.1814511,-0.3187392,0.9303122,0.05196179,0.05018389,-0.1660423,0.01327017,0.0006527034,0.01541887,0.9997929,0.001714359,-0.02651472,0.999647
Fixation,22.5813,0.01755053,0.04331839,-0.03747727,-0.1920752,-0.2546085,-0.01784767,-0.9476092,0.489395,-0.3549362,0.7965632,0.08673304,0.04522848,-0.03754914,-0.16375,-0.0897229,-0.01620979,-0.9822795,0.1815746,-0.3187877,0.9302715,0.051963,0.05018806,-0.1660425,0.01329478,0.0007230129,0.01540495,0.9997927,0.001855337,-0.02656177,0.9996455
Fixation,22.5926,0.01756758,0.04331315,-0.03746266,-0.192058,-0.2546311,-0.01782559,-0.947607,0.4894275,-0.354913,0.7965535,0.08675013,0.04522157,-0.03753819,-0.1641256,-0.08970448,-0.01618982,-0.9822189,0.1815332,-0.3195099,0.9300318,0.05197978,0.05018163,-0.16603,0.01327322,0.0007490807,0.01539245,0.9997932,0.001906466,-0.0265179,0.9996465
Fixation,22.6035,0.01759343,0.04330277,-0.0374474,-0.1920493,-0.2546852,-0.01777011,-0.9475953,0.4895024,-0.3549184,0.7965051,0.08677613,0.04520571,-0.03753196,-0.1641095,-0.08976182,-0.01613825,-0.9822172,0.1816281,-0.3194851,0.9300218,0.05200507,0.05016816,-0.1660195,0.01325315,0.0008135486,0.01535181,0.999794,0.002033682,-0.02647586,0.9996474
Fixation,22.6147,0.01760986,0.04330003,-0.03743086,-0.1919914,-0.254991,-0.01777644,-0.9475247,0.4900464,-0.3547675,0.7962378,0.08679245,0.04520619,-0.03752544,-0.1640924,-0.08983662,-0.01614784,-0.982213,0.1817769,-0.319446,0.9300061,0.05201995,0.05016673,-0.1660081,0.01323779,0.0008860888,0.01537414,0.9997938,0.002178851,-0.02644288,0.999648
Fixation,22.6255,0.01762567,0.04329515,-0.03740666,-0.1919447,-0.2550334,-0.01773947,-0.9475234,0.4901102,-0.3546959,0.7962304,0.08680832,0.04519928,-0.03750792,-0.1641602,-0.08982062,-0.01611948,-0.9822036,0.1817366,-0.3195817,0.9299674,0.05203516,0.05015981,-0.1659879,0.01318441,0.0009334444,0.0153585,0.9997947,0.002271491,-0.02633473,0.9996506
Fixation,22.6366,0.01762657,0.04328275,-0.03739652,-0.1919517,-0.2550977,-0.01772949,-0.9475049,0.490219,-0.3547048,0.7961595,0.0868092,0.045187,-0.03750712,-0.1641674,-0.08988722,-0.01611036,-0.9821965,0.1818634,-0.3195931,0.9299387,0.05203488,0.05014765,-0.1659823,0.01319188,0.001001028,0.01535905,0.9997945,0.002406875,-0.0263476,0.9996499
Fixation,22.6482,0.01760662,0.04327035,-0.03739876,-0.1918849,-0.2554542,-0.01773951,-0.9474221,0.4908538,-0.3545288,0.7958466,0.08678924,0.04517484,-0.03750909,-0.1641841,-0.08988582,-0.016114,-0.9821938,0.1818619,-0.3196243,0.9299282,0.05201493,0.05013573,-0.1659842,0.01320898,0.0009993378,0.01536098,0.9997942,0.00240407,-0.02638183,0.999649
Fixation,22.6592,0.01760324,0.04326189,-0.03739683,-0.1919101,-0.2554653,-0.01776059,-0.9474137,0.4908796,-0.3545621,0.7958159,0.08678579,0.04516852,-0.0375083,-0.1647652,-0.08981141,-0.0161278,-0.982103,0.1817227,-0.3207359,0.9295726,0.05201117,0.0501287,-0.1659825,0.01323975,0.001008137,0.0153767,0.9997936,0.002423025,-0.02644303,0.9996474
Fixation,22.6698,0.01760129,0.04324305,-0.03739173,-0.191863,-0.255411,-0.01778601,-0.9474373,0.4907968,-0.3544709,0.7959076,0.08678376,0.04515326,-0.03749461,-0.164721,-0.08975416,-0.01615929,-0.9821151,0.1816214,-0.3206493,0.9296224,0.05200996,0.05011094,-0.1659736,0.01319707,0.0009459094,0.01540275,0.9997938,0.002297971,-0.02635957,0.9996499
Fixation,22.6815,0.01759466,0.04324985,-0.03742512,-0.1917748,-0.2556419,-0.0178174,-0.9473923,0.4912202,-0.3542622,0.7957394,0.08677711,0.04516101,-0.03752385,-0.1647864,-0.08972639,-0.01617599,-0.9821064,0.1815729,-0.3207727,0.9295893,0.05200373,0.0501194,-0.1660041,0.0132642,0.000916762,0.01540928,0.9997929,0.002241928,-0.02649465,0.9996464
Fixation,22.6923,0.01758832,0.04324734,-0.03744434,-0.1917642,-0.2555911,-0.01779255,-0.9474086,0.4911224,-0.3542629,0.7957993,0.08677091,0.04515421,-0.03753654,-0.1647702,-0.08967481,-0.01615186,-0.9821143,0.1814645,-0.3207495,0.9296184,0.05199863,0.05011451,-0.1660203,0.01324494,0.0008689982,0.01537904,0.9997936,0.002145027,-0.02645769,0.9996476
Fixation,22.7033,0.01757427,0.04325473,-0.03746924,-0.1917644,-0.2555816,-0.01783533,-0.9474104,0.4911217,-0.3542425,0.7958089,0.08675671,0.04516685,-0.03755895,-0.1651552,-0.0897223,-0.01619308,-0.9820445,0.1815713,-0.3214739,0.9293473,0.05198435,0.05012465,-0.1660438,0.01325556,0.0008516395,0.01541789,0.9997929,0.002111672,-0.02647938,0.9996471
Fixation,22.7148,0.01756253,0.04325521,-0.0374857,-0.1916625,-0.2557797,-0.0178316,-0.9473776,0.4914752,-0.3540316,0.7956845,0.08674504,0.04516518,-0.03756978,-0.1651611,-0.08967967,-0.01618424,-0.9820476,0.1814854,-0.3214893,0.9293588,0.05197354,0.05012417,-0.1660575,0.01326005,0.0008107683,0.01540215,0.9997931,0.002029668,-0.02648964,0.999647
Fixation,22.7255,0.01753029,0.04324293,-0.03747815,-0.1915655,-0.2557789,-0.0178539,-0.947397,0.4914887,-0.3538439,0.7957596,0.08671263,0.04515898,-0.03756095,-0.1650685,-0.08967711,-0.01622274,-0.9820628,0.1814928,-0.3213056,0.9294208,0.05194087,0.05011332,-0.1660503,0.01316994,0.000801035,0.01544766,0.9997936,0.002008629,-0.02630969,0.9996518
Fixation,22.7369,0.01753066,0.04326427,-0.03749012,-0.1916166,-0.2557329,-0.01789949,-0.9473982,0.4914214,-0.3539194,0.7957676,0.08671293,0.04518342,-0.03756552,-0.1652383,-0.08979067,-0.01625917,-0.9820232,0.1817263,-0.3216159,0.9292679,0.05194184,0.05013728,-0.1660579,0.01322971,0.0007486125,0.01546969,0.9997926,0.001906233,-0.02643077,0.9996488
Fixation,22.7481,0.01752625,0.04327726,-0.03751042,-0.1915198,-0.2557315,-0.01790104,-0.9474182,0.4914262,-0.353743,0.7958431,0.08670849,0.04519713,-0.03758302,-0.1652076,-0.08977133,-0.01626498,-0.98203,0.1816905,-0.3215574,0.9292951,0.05193771,0.05015016,-0.1660772,0.01319893,0.0007280911,0.0154751,0.9997929,0.00186439,-0.02636986,0.9996505
Fixation,22.7591,0.01751623,0.04330456,-0.03753357,-0.1914986,-0.2557028,-0.0179044,-0.9474302,0.4913784,-0.3537067,0.7958888,0.08669847,0.04522479,-0.03760191,-0.1651862,-0.08974136,-0.01627111,-0.9820363,0.1816341,-0.3215172,0.92932,0.0519282,0.05017722,-0.1660984,0.0131774,0.0006971104,0.01547839,0.9997931,0.001801862,-0.02632776,0.9996517
Fixation,22.7701,0.01750267,0.0433352,-0.03756147,-0.1914127,-0.2556691,-0.01794134,-0.9474559,0.4913387,-0.3535361,0.795989,0.08668472,0.04526234,-0.03762359,-0.1652653,-0.08977838,-0.01632154,-0.9820188,0.1817229,-0.3216566,0.9292545,0.05191475,0.05021012,-0.1661242,0.01310039,0.0006518621,0.015529,0.9997934,0.001710327,-0.02617512,0.9996559
Fixation,22.7814,0.01750707,0.0433532,-0.03758267,-0.1912343,-0.2560073,-0.01789495,-0.9474015,0.4919277,-0.3531889,0.7957793,0.08668923,0.04527617,-0.03764818,-0.1652052,-0.08979665,-0.01628205,-0.9820279,0.1817454,-0.321548,0.9292876,0.05191918,0.05022478,-0.1661478,0.0130364,0.0006751332,0.01549815,0.9997947,0.001754069,-0.02604651,0.9996592
Fixation,22.7922,0.01749647,0.04338324,-0.03761494,-0.1911623,-0.2560362,-0.01782716,-0.9474095,0.4919579,-0.3530891,0.7958049,0.08667878,0.0453006,-0.03768589,-0.1651233,-0.08982767,-0.01622839,-0.9820397,0.181788,-0.3213998,0.9293306,0.0519085,0.05025053,-0.1661838,0.01294934,0.0007128968,0.01545721,0.9997965,0.001825825,-0.02587138,0.9996636
Fixation,22.8033,0.01750686,0.04338169,-0.03762092,-0.1911361,-0.2560081,-0.01782824,-0.9474223,0.4919109,-0.3530448,0.7958537,0.08668917,0.04529929,-0.03768776,-0.1652126,-0.08991385,-0.0162341,-0.9820166,0.1819579,-0.3215638,0.9292406,0.05191939,0.05024862,-0.1661881,0.01292234,0.0006828309,0.01545974,0.9997967,0.001764936,-0.02581831,0.9996651
Fixation,22.8146,0.0175216,0.04339695,-0.03764013,-0.1910422,-0.256309,-0.01781057,-0.9473603,0.4924391,-0.3528415,0.7956172,0.08670391,0.04531431,-0.03771289,-0.1651731,-0.08995516,-0.01622181,-0.9820198,0.1820343,-0.321488,0.9292518,0.05193344,0.05026317,-0.1662107,0.01288184,0.0007251198,0.01545743,0.9997973,0.001848186,-0.02573604,0.999667
Fixation,22.8257,0.01753377,0.04341865,-0.0376623,-0.1910766,-0.2563916,-0.01779906,-0.9473312,0.4925774,-0.3528985,0.7955062,0.08671609,0.04533553,-0.03774717,-0.1654355,-0.08998764,-0.01620547,-0.9819729,0.1820928,-0.3219898,0.9290666,0.05194414,0.05028522,-0.1662385,0.01291693,0.0008130044,0.01545289,0.9997969,0.002024886,-0.02580348,0.999665
Fixation,22.8365,0.01755174,0.04340887,-0.03765201,-0.1910015,-0.2564051,-0.01774565,-0.9473436,0.4925865,-0.352788,0.7955496,0.08673416,0.0453217,-0.03773978,-0.1653526,-0.09000251,-0.01616608,-0.9819862,0.1821086,-0.3218379,0.9291161,0.05196219,0.05027187,-0.1662307,0.01282981,0.0008325436,0.0154236,0.9997984,0.002060515,-0.02562876,0.9996694
Fixation,22.8478,0.01757023,0.04340446,-0.03763507,-0.1908412,-0.2566547,-0.01774461,-0.9473084,0.4930352,-0.3524624,0.795416,0.08675262,0.04531777,-0.03772793,-0.1653528,-0.0900392,-0.01616363,-0.9819828,0.1821793,-0.3218364,0.9291028,0.05198,0.0502677,-0.1662163,0.01283033,0.000869323,0.01542683,0.9997983,0.002134158,-0.02562866,0.9996693
Fixation,22.8588,0.01758872,0.04340959,-0.03764014,-0.1909022,-0.2567074,-0.0177393,-0.9472819,0.4931215,-0.3525687,0.7953153,0.08677115,0.04532146,-0.0377409,-0.1655157,-0.09013275,-0.01614947,-0.981947,0.1823571,-0.3221441,0.9289613,0.05199761,0.05027318,-0.1662246,0.01289176,0.0009270211,0.01541597,0.9997976,0.002251145,-0.02574972,0.9996659
Fixation,22.8703,0.01759289,0.0433917,-0.03763225,-0.1909436,-0.2567175,-0.01776728,-0.9472703,0.4931468,-0.3526281,0.7952733,0.08677524,0.04530621,-0.03773393,-0.1655618,-0.09014275,-0.0161702,-0.9819379,0.1823835,-0.3222276,0.9289272,0.05200141,0.05025733,-0.1662166,0.01294034,0.0009344495,0.01543391,0.9997967,0.002267959,-0.02584657,0.9996634
Fixation,22.8812,0.01759189,0.04336441,-0.03761289,-0.1908373,-0.256881,-0.01778044,-0.9472471,0.4934459,-0.3524053,0.7951866,0.08677429,0.0452776,-0.03770991,-0.1656135,-0.09010871,-0.01617113,-0.9819323,0.1823176,-0.3223283,0.9289051,0.05200109,0.05023026,-0.1661943,0.01299222,0.0009013073,0.01542508,0.9997962,0.002203059,-0.02595134,0.9996608
Fixation,22.8923,0.01759714,0.04333568,-0.03759486,-0.1908942,-0.2568316,-0.01782848,-0.9472482,0.4933733,-0.3524906,0.7951939,0.08677947,0.04525185,-0.03768398,-0.1657442,-0.09023807,-0.01620923,-0.9818978,0.1825823,-0.3225624,0.9287719,0.05200699,0.05020416,-0.1661715,0.01305826,0.0008453872,0.0154473,0.9997951,0.002093858,-0.02608505,0.9996575
Fixation,22.9032,0.01761293,0.04331338,-0.03758218,-0.1910407,-0.2568157,-0.01781232,-0.9472233,0.4933294,-0.3527674,0.7950983,0.08679546,0.04522181,-0.03767036,-0.1658863,-0.09022369,-0.01616782,-0.9818758,0.182541,-0.322842,0.9286829,0.05202359,0.05018055,-0.1661567,0.01319786,0.0008395431,0.01539196,0.9997941,0.002085022,-0.02636445,0.9996502
Fixation,22.9145,0.01761677,0.04330194,-0.03757254,-0.1909257,-0.2569071,-0.01787843,-0.9472204,0.4935223,-0.3525113,0.7950922,0.08679905,0.04522026,-0.03765646,-0.165847,-0.09020488,-0.01623987,-0.9818829,0.1825279,-0.3227548,0.9287157,0.052027,0.0501734,-0.1661453,0.01316433,0.0008092835,0.01546339,0.9997935,0.002025363,-0.02629819,0.9996521
Fixation,22.9258,0.01763715,0.04329181,-0.03757764,-0.1909078,-0.2568808,-0.01784421,-0.9472318,0.4934646,-0.3525002,0.7951329,0.08681955,0.04520559,-0.03765867,-0.1658226,-0.09017862,-0.01620853,-0.98189,0.1824664,-0.3227158,0.9287413,0.0520482,0.05016053,-0.1661493,0.01313658,0.0007876616,0.01543062,0.9997944,0.00198041,-0.02624344,0.9996536
Fixation,22.9366,0.01763971,0.04329765,-0.03756643,-0.1909502,-0.2568245,-0.01780193,-0.9472393,0.493347,-0.3526071,0.7951584,0.08682236,0.04520285,-0.03764091,-0.1659587,-0.09028378,-0.01615969,-0.9818582,0.1826554,-0.3229779,0.9286131,0.05205241,0.05016267,-0.1661345,0.01316471,0.0007399064,0.01536944,0.999795,0.001884178,-0.02630128,0.9996523
Fixation,22.9476,0.01764198,0.04329777,-0.03755369,-0.1906766,-0.256978,-0.01779233,-0.947253,0.4936315,-0.3520935,0.7952095,0.08682462,0.04520333,-0.03762853,-0.1659056,-0.09028607,-0.01615696,-0.981867,0.1826589,-0.322877,0.9286475,0.05205463,0.05016196,-0.1661226,0.01311089,0.0007418041,0.01537174,0.9997956,0.001886379,-0.02619362,0.9996551
Fixation,22.9587,0.01764541,0.04329312,-0.03754396,-0.1906984,-0.2569869,-0.01774554,-0.9472471,0.4936283,-0.3521563,0.7951837,0.08682822,0.045192,-0.03762143,-0.1659198,-0.09029688,-0.01610739,-0.9818645,0.1826636,-0.3229125,0.9286342,0.05205839,0.05015409,-0.1661141,0.01312086,0.0007603251,0.01532338,0.9997962,0.001922452,-0.02621308,0.9996545
Fixation,22.9705,0.01763423,0.04326761,-0.03752612,-0.1906757,-0.2569649,-0.01781396,-0.9472563,0.4936166,-0.3520824,0.7952236,0.0868168,0.04517567,-0.03759855,-0.1659358,-0.09031788,-0.01617852,-0.9818586,0.182728,-0.3229285,0.928616,0.05204693,0.05013311,-0.1660938,0.01311496,0.0007246697,0.01539013,0.9997953,0.001852725,-0.02620224,0.9996549
Fixation,22.9810,0.01762795,0.04325998,-0.03752246,-0.190503,-0.2570827,-0.01779497,-0.9472595,0.4938281,-0.351762,0.7952342,0.08681059,0.04516518,-0.0375959,-0.1659362,-0.09032172,-0.01615756,-0.9818585,0.1827285,-0.3229331,0.9286143,0.0520408,0.05012405,-0.1660906,0.01311362,0.0007316882,0.01537006,0.9997956,0.001866191,-0.02619938,0.999655
Fixation,22.9921,0.01764719,0.04325807,-0.03750842,-0.1905223,-0.2571368,-0.01785388,-0.9472398,0.4939435,-0.3517589,0.7951638,0.08682959,0.04517186,-0.037588,-0.165967,-0.09037596,-0.01621367,-0.9818474,0.1828527,-0.322978,0.9285743,0.05205841,0.05012703,-0.1660792,0.01315054,0.0007773764,0.01543097,0.9997942,0.001960284,-0.02627167,0.9996529
Fixation,23.0032,0.01765854,0.04324138,-0.03750055,-0.1905127,-0.2571682,-0.01787247,-0.9472328,0.4940062,-0.3517273,0.7951388,0.08684083,0.04515886,-0.03758399,-0.1660518,-0.09044914,-0.01623462,-0.981826,0.1830022,-0.3231311,0.9284915,0.05206892,0.05011225,-0.1660733,0.01314738,0.0008056262,0.01545679,0.9997938,0.002017352,-0.02626443,0.999653
Fixation,23.0142,0.01765472,0.04321694,-0.03750492,-0.190463,-0.2573063,-0.01784471,-0.9472058,0.4942417,-0.3516321,0.7950346,0.08683718,0.04512823,-0.03759122,-0.1661225,-0.09046268,-0.01619296,-0.9818135,0.183015,-0.3232729,0.9284397,0.05206533,0.0500859,-0.1660783,0.0132153,0.0008264777,0.01541171,0.9997936,0.002059955,-0.02639966,0.9996493
Fixation,23.0260,0.01766249,0.04321837,-0.03750069,-0.1904357,-0.25739,-0.01783905,-0.9471887,0.4943882,-0.3515739,0.7949693,0.08684487,0.04513204,-0.03759875,-0.1660972,-0.09054879,-0.01619423,-0.9818098,0.183183,-0.3232189,0.9284253,0.05207141,0.05008805,-0.1660802,0.01319106,0.0009113467,0.01542847,0.9997935,0.002229353,-0.02634856,0.9996504
Fixation,23.0367,0.01766049,0.04322338,-0.03750219,-0.1903811,-0.2574126,-0.01783407,-0.9471937,0.4944297,-0.3514742,0.7949876,0.08684282,0.04513896,-0.03760324,-0.1660125,-0.09037714,-0.01619709,-0.9818399,0.1828496,-0.3230676,0.9285437,0.05206888,0.05009294,-0.1660839,0.01313708,0.0009324653,0.01544169,0.9997941,0.002270264,-0.02623995,0.9996531
Fixation,23.0479,0.01763806,0.04322648,-0.03747829,-0.1903377,-0.2574506,-0.01780871,-0.9471925,0.4944899,-0.3514032,0.7949815,0.08682036,0.04514313,-0.03757986,-0.1658877,-0.09038068,-0.01619313,-0.9818607,0.182855,-0.3228302,0.9286252,0.05204634,0.05009449,-0.1660617,0.01301078,0.0009347542,0.01544919,0.9997956,0.002271138,-0.02598735,0.9996597
Fixation,23.0591,0.01761942,0.04325902,-0.03746867,-0.190236,-0.2574279,-0.01789475,-0.9472175,0.4944889,-0.3511765,0.7950823,0.08680134,0.04518986,-0.03756417,-0.1658006,-0.0903538,-0.01629473,-0.9818763,0.1828359,-0.3226467,0.9286928,0.05202708,0.05013275,-0.16605,0.01293144,0.0008912497,0.01555263,0.999795,0.00218437,-0.02582985,0.9996639
Fixation,23.0699,0.01760601,0.04327083,-0.03746544,-0.1901423,-0.2573784,-0.01786498,-0.9472504,0.4943973,-0.3510286,0.7952045,0.08678798,0.04519975,-0.03755422,-0.165626,-0.09036072,-0.01628113,-0.9819053,0.1828445,-0.3223157,0.9288059,0.05201474,0.05014181,-0.1660446,0.01282891,0.0008412864,0.01553911,0.9997966,0.00208093,-0.02562645,0.9996694
Fixation,23.0815,0.01757576,0.04327989,-0.0374813,-0.1901033,-0.2574309,-0.01789126,-0.9472434,0.4945019,-0.3509367,0.7951801,0.08675759,0.04521406,-0.03756608,-0.165558,-0.090338,-0.01631839,-0.9819182,0.1828123,-0.3221805,0.9288592,0.05198449,0.05015242,-0.1660593,0.01276326,0.0008120433,0.01557819,0.9997969,0.002021414,-0.02549603,0.9996729
Fixation,23.0922,0.01754766,0.04327655,-0.03749833,-0.1900255,-0.2573718,-0.01788061,-0.9472752,0.4943995,-0.350809,0.7953001,0.0867295,0.04521048,-0.03757463,-0.1654771,-0.09027666,-0.01631973,-0.9819375,0.1826932,-0.3220298,0.9289349,0.0519575,0.05014753,-0.1660731,0.01268083,0.0007497991,0.01557709,0.999798,0.001894356,-0.02533318,0.9996772
Fixation,23.1032,0.01753656,0.04327738,-0.03750922,-0.1899908,-0.257295,-0.01792901,-0.9473022,0.4942849,-0.3507313,0.7954056,0.08671827,0.0452168,-0.03757322,-0.165531,-0.09009867,-0.01636999,-0.9819439,0.1823632,-0.3221345,0.9289634,0.0519474,0.05015063,-0.1660781,0.01265521,0.0006611021,0.0156179,0.9997977,0.001717232,-0.02528464,0.9996788
Fixation,23.1142,0.01753752,0.04324257,-0.03751839,-0.1900234,-0.2574508,-0.01795679,-0.9472528,0.4945663,-0.3507544,0.7952204,0.08671917,0.04518425,-0.0375756,-0.1655355,-0.09005315,-0.01639442,-0.9819469,0.1822825,-0.3221414,0.9289768,0.05194897,0.05011714,-0.1660838,0.0126613,0.0006122755,0.01563452,0.9997974,0.001620209,-0.02529832,0.9996786
Fixation,23.1252,0.01756005,0.0432061,-0.03754347,-0.190036,-0.2573904,-0.01802768,-0.9472653,0.4944858,-0.3507487,0.7952731,0.08674151,0.04515505,-0.03759037,-0.1655579,-0.08998898,-0.01646049,-0.9819479,0.1821793,-0.322176,0.9289851,0.05197205,0.05008483,-0.1661034,0.01268896,0.0005388146,0.01568767,0.9997963,0.00147553,-0.02535585,0.9996774
Fixation,23.1367,0.0175803,0.04318154,-0.03754576,-0.1900591,-0.2573626,-0.01794969,-0.9472697,0.4944066,-0.3508353,0.795284,0.08676209,0.04511857,-0.03759097,-0.1655921,-0.0898824,-0.016378,-0.9819533,0.1819448,-0.3222632,0.9290009,0.05199368,0.05005431,-0.1661049,0.01269035,0.0005255064,0.01560264,0.9997976,0.001446806,-0.02535916,0.9996774
Fixation,23.1480,0.01759647,0.04318655,-0.03753483,-0.1900544,-0.2576419,-0.0179168,-0.9471954,0.4948847,-0.3508051,0.795,0.08677833,0.04512084,-0.03759146,-0.1655969,-0.08996016,-0.01634437,-0.9819459,0.1820852,-0.3222736,0.9289697,0.05200872,0.05005801,-0.1660996,0.01269326,0.0006078764,0.01558115,0.9997979,0.001611058,-0.02536245,0.999677
Fixation,23.1666,0.0176225,0.04320443,-0.03750872,-0.190122,-0.2577257,-0.01766971,-0.9471636,0.4949357,-0.3510454,0.7948622,0.08680524,0.04510617,-0.03758413,-0.1657732,-0.09003127,-0.01609086,-0.9819139,0.1821408,-0.3226527,0.9288272,0.05203564,0.0500598,-0.1660828,0.0127004,0.0007406009,0.01534453,0.9998013,0.001870671,-0.02537303,0.9996763
Fixation,23.1730,0.01765724,0.04320872,-0.03751953,-0.1902411,-0.2578085,-0.01747915,-0.9471207,0.4950021,-0.35135,0.7946862,0.0868407,0.04508352,-0.03761235,-0.1658619,-0.09012332,-0.01588485,-0.9818938,0.1822524,-0.3228543,0.9287353,0.05207086,0.05005193,-0.1661014,0.01277287,0.0008647888,0.01514831,0.9998033,0.002116212,-0.02551451,0.9996722
Fixation,23.1810,0.01769682,0.04320848,-0.03750493,-0.1904143,-0.258064,-0.01739295,-0.9470179,0.4954062,-0.3516745,0.7942907,0.08688046,0.04507494,-0.03762349,-0.1658948,-0.09029615,-0.01579666,-0.9818738,0.18256,-0.3229228,0.928651,0.05210806,0.05004787,-0.1660993,0.01280069,0.001050262,0.01508538,0.9998037,0.002486318,-0.02556466,0.9996701
Fixation,23.1968,0.0177218,0.04320014,-0.03750165,-0.1905652,-0.2580858,-0.01755092,-0.9469787,0.4954927,-0.3518631,0.7941532,0.086905,0.04508257,-0.03761994,-0.1660718,-0.09031556,-0.01592673,-0.98184,0.1826408,-0.3232349,0.9285265,0.0521314,0.05005074,-0.1660936,0.01299135,0.001052183,0.015201,0.9997995,0.002498907,-0.02594551,0.9996603
Fixation,23.2071,0.017724,0.04318106,-0.03752405,-0.1906378,-0.2581547,-0.01762579,-0.9469439,0.4956364,-0.3519462,0.7940267,0.08690694,0.04507267,-0.03765047,-0.1683762,-0.08732526,-0.01594567,-0.9817176,0.1768272,-0.3278109,0.9280475,0.05213164,0.05003786,-0.166119,0.01308564,0.001112871,0.01526621,0.9997972,0.002624827,-0.026132,0.9996551
Fixation,23.2182,0.01773471,0.04317284,-0.03752732,-0.1937932,-0.2558392,-0.01766035,-0.9469312,0.4913691,-0.3579811,0.793981,0.08691743,0.04507232,-0.03765611,-0.1684427,-0.08735237,-0.01600449,-0.9817029,0.1768998,-0.3279253,0.9279932,0.05214124,0.05003476,-0.1661226,0.0131583,0.00113156,0.01532277,0.9997954,0.0026659,-0.02627654,0.9996511
Fixation,23.2298,0.01774503,0.04317176,-0.0375309,-0.1938253,-0.2558415,-0.01762866,-0.9469246,0.491359,-0.3580557,0.7939537,0.08692789,0.045066,-0.03766107,-0.1684693,-0.08735609,-0.01596778,-0.9816986,0.1768949,-0.3279824,0.927974,0.0521519,0.05003154,-0.1661266,0.0131821,0.001141333,0.015285,0.9997956,0.002685177,-0.02632392,0.9996499
Fixation,23.2407,0.01774127,0.04318178,-0.03753966,-0.1937652,-0.2558489,-0.01760344,-0.9469354,0.4913667,-0.3579587,0.7939927,0.08692416,0.04507506,-0.03767119,-0.1878648,-0.06681215,-0.01563231,-0.9797952,0.136798,-0.3660492,0.9204859,0.0521481,0.05003989,-0.1661368,0.01311666,0.001150339,0.01527756,0.9997966,0.002700991,-0.02619283,0.9996533
Fixation,23.2528,0.01773172,0.04319441,-0.03756278,-0.2123592,-0.2469631,-0.01729969,-0.9453114,0.4742616,-0.3929464,0.7878256,0.08691511,0.04506886,-0.03770203,-0.1878729,-0.06684116,-0.01548847,-0.979794,0.1368009,-0.3660829,0.9204721,0.05213946,0.05004323,-0.1661638,0.01311577,0.001204241,0.01514086,0.9997987,0.002805165,-0.02618978,0.999653
Fixation,23.2631,0.01772171,0.04320765,-0.03756713,-0.2122522,-0.2469219,-0.01728045,-0.9453465,0.4741891,-0.3927698,0.7879572,0.08690511,0.04508185,-0.03770052,-0.1877619,-0.06679819,-0.01548838,-0.9798182,0.1367164,-0.3658758,0.920567,0.05213025,0.05005431,-0.1661665,0.01300243,0.001160511,0.0151402,0.9998002,0.002714276,-0.02596453,0.9996592
Fixation,23.2740,0.01771199,0.04321098,-0.03757926,-0.2121929,-0.2469142,-0.01726636,-0.9453621,0.4741743,-0.3926717,0.7880151,0.08689539,0.04508507,-0.03771161,-0.1917112,-0.05875815,-0.01537282,-0.9795703,0.1210098,-0.3737827,0.9195886,0.05212069,0.05005658,-0.1661789,0.01293963,0.001152285,0.01513966,0.999801,0.002695916,-0.02583922,0.9996625
Fixation,23.2858,0.01769691,0.04319763,-0.03757884,-0.2238401,-0.2411204,-0.01717735,-0.9441724,0.4630084,-0.4144037,0.7835131,0.08688031,0.04507256,-0.03770176,-0.1916965,-0.05869221,-0.01539019,-0.9795769,0.1208875,-0.3737563,0.9196154,0.05210672,0.05004346,-0.1661739,0.01292494,0.001084035,0.01514566,0.9998012,0.002559152,-0.0258119,0.9996635
Fixation,23.2959,0.01768059,0.04317939,-0.03758202,-0.2237787,-0.2411247,-0.01728768,-0.9441839,0.4630694,-0.4142395,0.783564,0.08686356,0.04507077,-0.03770169,-0.1916557,-0.05869178,-0.01551018,-0.979583,0.1209322,-0.3736647,0.9196467,0.05208918,0.05003273,-0.1661759,0.01289042,0.001061698,0.01526567,0.9997998,0.002516533,-0.02574326,0.9996654
Fixation,23.3072,0.01766435,0.04315877,-0.0375969,-0.2236371,-0.2411639,-0.01740092,-0.9442053,0.4631995,-0.4139257,0.7836528,0.08684674,0.04507077,-0.03771756,-0.1890713,-0.05477715,-0.01561234,-0.9803101,0.1133009,-0.3689866,0.9225031,0.05207082,0.05002046,-0.1661926,0.01277846,0.001069353,0.01541494,0.999799,0.002532233,-0.02551882,0.9996712
Fixation,23.3185,0.01765737,0.04314053,-0.03760142,-0.2263738,-0.2387016,-0.01741097,-0.9441787,0.4586368,-0.4191625,0.7835529,0.08683975,0.04505348,-0.03771579,-0.1891891,-0.05473519,-0.01563265,-0.9802893,0.1132277,-0.3692088,0.9224231,0.05206448,0.05000472,-0.1661925,0.01289891,0.001025571,0.01542145,0.9997973,0.002448566,-0.02576097,0.9996651
Fixation,23.3292,0.01765321,0.04313302,-0.03759164,-0.2263924,-0.2386702,-0.0174626,-0.9441812,0.4586025,-0.4191753,0.7835661,0.08683546,0.0450511,-0.03770013,-0.1894455,-0.05251064,-0.0156512,-0.9803612,0.1088889,-0.3698063,0.9227061,0.05206052,0.05000031,-0.1661795,0.01292815,0.0009839059,0.01545914,0.9997965,0.002367127,-0.02582061,0.9996638
Fixation,23.3408,0.01764401,0.04311275,-0.03759308,-0.2264406,-0.2386575,-0.01748622,-0.9441724,0.4585868,-0.4192515,0.7835345,0.08682622,0.04503202,-0.03769937,-0.1894971,-0.05249721,-0.01566466,-0.9803517,0.1088683,-0.3699029,0.9226698,0.05205146,0.04998147,-0.1661792,0.01298122,0.0009687927,0.01546747,0.9997956,0.002338762,-0.02592715,0.9996611
Fixation,23.3525,0.01763738,0.04310274,-0.03759299,-0.2291968,-0.2379981,-0.01746006,-0.9436742,0.4571889,-0.4242632,0.7816515,0.08681965,0.04502034,-0.03769712,-0.1894972,-0.05247967,-0.01565628,-0.9803528,0.1088308,-0.3699049,0.9226734,0.05204526,0.04997075,-0.166178,0.01298069,0.0009529861,0.01545612,0.9997959,0.002306845,-0.02592661,0.9996612
Fixation,23.3632,0.01762535,0.04309702,-0.03757162,-0.2292175,-0.2379651,-0.01749629,-0.9436768,0.4571452,-0.4242875,0.7816639,0.08680753,0.0450176,-0.03767015,-0.1897097,-0.0528547,-0.01569076,-0.980291,0.1095793,-0.3702828,0.9224332,0.05203361,0.04996693,-0.1661536,0.01300822,0.0009131168,0.01547829,0.9997952,0.002228549,-0.02598284,0.9996599
Fixation,23.3745,0.01761667,0.04310834,-0.03754481,-0.2292207,-0.237949,-0.01754937,-0.943679,0.4571404,-0.4242699,0.7816762,0.0867987,0.04503524,-0.03763943,-0.189722,-0.05283589,-0.01574156,-0.9802889,0.1095619,-0.3703013,0.9224278,0.05202479,0.04998171,-0.1661246,0.01302319,0.0008857076,0.01552427,0.9997943,0.002175402,-0.02601353,0.9996592
Fixation,23.3853,0.0176082,0.0431205,-0.03753611,-0.2306357,-0.2383525,-0.01751573,-0.943233,0.4577233,-0.4267366,0.7799906,0.08679036,0.04504228,-0.03762991,-0.189738,-0.0528231,-0.01570633,-0.980287,0.1095238,-0.370336,0.9224185,0.05201693,0.04999149,-0.1661153,0.01303746,0.0008794976,0.01548659,0.9997947,0.002162446,-0.02604233,0.9996585
Fixation,23.3967,0.0176081,0.04312301,-0.03753557,-0.230611,-0.2383364,-0.01748173,-0.9432437,0.4576815,-0.4267116,0.7800287,0.08679038,0.04504049,-0.03762807,-0.1891495,-0.05253259,-0.01567584,-0.9804168,0.1089378,-0.3692437,0.9229256,0.05201742,0.04999125,-0.1661146,0.01300369,0.0008692704,0.01545663,0.9997956,0.002140172,-0.02597519,0.9996603
Fixation,23.4074,0.01761668,0.04312778,-0.03753472,-0.2306634,-0.2383417,-0.01759771,-0.9432275,0.4577392,-0.4267476,0.7799752,0.08679858,0.04505897,-0.03762458,-0.1892233,-0.05253341,-0.01577976,-0.9804009,0.1089794,-0.3693714,0.9228696,0.05202493,0.05000424,-0.1661114,0.01308413,0.0008524467,0.01555531,0.9997931,0.002111596,-0.02613633,0.9996561
Fixation,23.4192,0.01762468,0.04313314,-0.03752592,-0.2300705,-0.2386964,-0.01773861,-0.9432799,0.4584772,-0.4255736,0.7801832,0.08680624,0.04507756,-0.03760282,-0.1893083,-0.05246089,-0.01589625,-0.9803864,0.1088825,-0.3695228,0.9228204,0.05203317,0.05001783,-0.1660951,0.01317597,0.0007612306,0.01565281,0.9997904,0.001934624,-0.02632258,0.9996516
Fixation,23.4298,0.01763075,0.04313338,-0.03751872,-0.2299498,-0.238677,-0.01761556,-0.9433166,0.4583973,-0.4254221,0.7803128,0.08681266,0.04506505,-0.03759609,-0.1888118,-0.05240207,-0.01579872,-0.9804869,0.1087251,-0.3685993,0.9232082,0.05204053,0.05000913,-0.1660899,0.0130247,0.0007615076,0.01556035,0.9997938,0.001928039,-0.02602032,0.9996595
Fixation,23.4406,0.01763585,0.04315436,-0.03750703,-0.2298838,-0.2386421,-0.01756006,-0.9433425,0.4583159,-0.4253373,0.7804068,0.08681794,0.04507971,-0.0375809,-0.1887345,-0.05236785,-0.01575546,-0.9805043,0.108641,-0.3684599,0.9232738,0.05204672,0.05002558,-0.1660774,0.01294351,0.0007346618,0.01551556,0.9997956,0.001870675,-0.02585893,0.9996638
Fixation,23.4517,0.01763362,0.04317665,-0.0374955,-0.2311525,-0.2384318,-0.01743874,-0.9430879,0.4577862,-0.4276783,0.7794377,0.08681607,0.04508829,-0.03757579,-0.1887018,-0.05239418,-0.01564757,-0.980511,0.1086516,-0.3684087,0.9232929,0.05204507,0.05004036,-0.1660696,0.01290492,0.0007793002,0.01541575,0.9997976,0.001956163,-0.02578059,0.9996657
Fixation,23.4625,0.01765693,0.04318762,-0.03747715,-0.2311519,-0.2384838,-0.01733446,-0.9430768,0.4578309,-0.42772,0.7793885,0.08683971,0.04508734,-0.03756803,-0.1886842,-0.05245266,-0.01554772,-0.9805128,0.1087282,-0.3683834,0.923294,0.05206826,0.05004501,-0.1660568,0.01288234,0.0008543517,0.0153288,0.9997992,0.002103302,-0.0257333,0.9996666
Fixation,23.4740,0.0176788,0.04318488,-0.03746647,-0.2312365,-0.2385235,-0.01727342,-0.9430472,0.4578663,-0.4278937,0.7792724,0.08686183,0.04507518,-0.03756538,-0.1885767,-0.0519452,-0.01546737,-0.9805617,0.1077045,-0.3682152,0.9234811,0.05209004,0.05003881,-0.1660492,0.01295479,0.0009124426,0.01526002,0.9997992,0.0022199,-0.02587652,0.9996627
Fixation,23.4852,0.01768492,0.04314768,-0.03745741,-0.2319769,-0.2390978,-0.01718841,-0.9427214,0.4587799,-0.4291597,0.778038,0.08686821,0.04502738,-0.03756755,-0.1886024,-0.05201051,-0.01537768,-0.9805548,0.1077988,-0.3682703,0.9234481,0.05209581,0.04999673,-0.1660455,0.01297696,0.00099282,0.01518213,0.9998,0.002379279,-0.02591858,0.9996612
Fixation,23.4963,0.01767907,0.04313254,-0.03746171,-0.2319813,-0.2391265,-0.01729946,-0.942711,0.4588806,-0.4291092,0.7780064,0.08686195,0.04502761,-0.03757226,-0.1886287,-0.05203458,-0.01548695,-0.9805467,0.1078872,-0.3683068,0.9234232,0.05208838,0.04998982,-0.1660496,0.01300958,0.0009975674,0.01529254,0.9997979,0.002392631,-0.0259834,0.9996595
Fixation,23.5070,0.01769716,0.04313278,-0.03745487,-0.2319841,-0.2390795,-0.0174259,-0.9427199,0.458855,-0.4290597,0.7780488,0.08687964,0.04504263,-0.03755482,-0.1885095,-0.0510183,-0.01559706,-0.9806213,0.1059396,-0.3681214,0.9237226,0.0521063,0.04999781,-0.1660371,0.01303995,0.0009227738,0.015401,0.9997959,0.002246828,-0.02604615,0.9996582
Fixation,23.5192,0.01770651,0.04313409,-0.037446,-0.2326679,-0.239311,-0.01748742,-0.9424915,0.4592347,-0.4302051,0.7771918,0.08688879,0.04505146,-0.0375431,-0.1885348,-0.0510087,-0.01565531,-0.980616,0.105943,-0.3681633,0.9237055,0.05211524,0.05000353,-0.1660265,0.01306847,0.0009033117,0.01545539,0.9997948,0.002210209,-0.02610365,0.9996568
Fixation,23.5301,0.01770423,0.04312265,-0.03744928,-0.2326498,-0.2393083,-0.01756595,-0.9424952,0.4592673,-0.4301353,0.7772112,0.08688621,0.04505074,-0.03754334,-0.1885314,-0.05100176,-0.01573565,-0.9806157,0.1059596,-0.3681487,0.9237095,0.05211227,0.04999733,-0.1660283,0.01306906,0.0008823272,0.01553331,0.9997935,0.002170302,-0.02610531,0.9996569
Fixation,23.5404,0.01771381,0.04313195,-0.03743537,-0.232678,-0.239352,-0.01755498,-0.9424773,0.4593369,-0.4301839,0.7771431,0.08689581,0.0450592,-0.03753603,-0.1885791,-0.05057772,-0.01571556,-0.9806288,0.1051232,-0.3682625,0.9237596,0.05212111,0.05000675,-0.1660173,0.01309713,0.0009302638,0.01552608,0.9997932,0.002266837,-0.02615996,0.9996552
Fixation,23.5521,0.01772706,0.04313684,-0.03742091,-0.2331651,-0.2395854,-0.01752213,-0.9422982,0.4596928,-0.431026,0.7764658,0.08690917,0.04505992,-0.03752553,-0.1885921,-0.05060013,-0.01568101,-0.9806257,0.1051542,-0.3682895,0.9237453,0.05213428,0.05000973,-0.1660047,0.01310879,0.0009585452,0.01549545,0.9997935,0.002322948,-0.02618247,0.9996545
Fixation,23.5629,0.01770609,0.0431627,-0.03738074,-0.2332019,-0.2395838,-0.01749898,-0.9422899,0.4596764,-0.4311027,0.7764329,0.08688833,0.0450815,-0.03748613,-0.1886242,-0.05060018,-0.01565109,-0.98062,0.1051435,-0.3683535,0.923721,0.05211363,0.05003393,-0.1659645,0.01314003,0.0009641402,0.01546453,0.9997936,0.002334291,-0.02624482,0.9996528
Fixation,23.5738,0.01770958,0.04317689,-0.03736458,-0.233236,-0.2395716,-0.01748951,-0.9422848,0.4596478,-0.4311696,0.7764127,0.08689189,0.04509294,-0.03746883,-0.1887616,-0.05014215,-0.01562867,-0.9806175,0.1042407,-0.3686386,0.9237096,0.05211751,0.0500474,-0.1659474,0.01317123,0.0009560378,0.01544483,0.9997935,0.002318536,-0.02630749,0.9996512
Fixation,23.5853,0.01772182,0.04318833,-0.03735401,-0.2334737,-0.2396229,-0.01750593,-0.9422125,0.4597257,-0.4315741,0.7761418,0.08690408,0.04510629,-0.0374532,-0.1887394,-0.05010872,-0.01564851,-0.9806231,0.1041825,-0.3685961,0.9237331,0.0521302,0.05005932,-0.1659346,0.01314926,0.0009194046,0.01545947,0.9997936,0.002244991,-0.02626466,0.9996525
Fixation,23.5962,0.01773483,0.04320312,-0.03734595,-0.2334771,-0.2396119,-0.01745782,-0.9422154,0.4596841,-0.4316052,0.7761492,0.08691728,0.0451144,-0.03744521,-0.1886081,-0.04963094,-0.0155949,-0.9806736,0.1032261,-0.3683779,0.9239275,0.05214387,0.05007076,-0.1659267,0.0131405,0.00091917,0.01541072,0.9997945,0.002242971,-0.02624727,0.999653
Fixation,23.6070,0.01772849,0.04317713,-0.03735967,-0.2334539,-0.2396185,-0.01745865,-0.9422194,0.459698,-0.4315628,0.7761645,0.0869109,0.04508948,-0.03745966,-0.1885855,-0.04963729,-0.01560056,-0.9806775,0.1032404,-0.3683343,0.9239433,0.05213734,0.05004478,-0.165941,0.01311784,0.0009242319,0.01541844,0.9997947,0.002252598,-0.0262018,0.9996541
Fixation,23.6185,0.01774132,0.04319096,-0.0373487,-0.2325359,-0.2411857,-0.01742871,-0.9420471,0.4625222,-0.4297124,0.7755131,0.08692388,0.04509795,-0.03744843,-0.1885343,-0.0496276,-0.01556069,-0.9806885,0.1032059,-0.3682424,0.9239838,0.05215076,0.05005515,-0.1659306,0.01306378,0.0009212348,0.01537988,0.999796,0.002243933,-0.02609389,0.999657
Fixation,23.6297,0.01775294,0.04321039,-0.03733478,-0.2324595,-0.2412114,-0.01735661,-0.9420608,0.462541,-0.4296086,0.7755593,0.08693567,0.04511142,-0.0374399,-0.1884459,-0.04965642,-0.0155063,-0.9807049,0.1032408,-0.3680796,0.9240448,0.05216236,0.05006993,-0.1659204,0.0129714,0.0009584156,0.01533557,0.9997978,0.002314291,-0.02590816,0.9996616
Fixation,23.6409,0.01775504,0.04320848,-0.03735742,-0.2324509,-0.2412153,-0.01733268,-0.9420623,0.4625377,-0.4296047,0.7755635,0.08693784,0.04510677,-0.0374638,-0.1880581,-0.04994217,-0.01548961,-0.980765,0.103789,-0.3673345,0.9242799,0.05216458,0.05006635,-0.1659439,0.01295735,0.0009671147,0.01531584,0.9997983,0.002330745,-0.02587985,0.9996623
Fixation,23.6525,0.01775578,0.04319978,-0.03737859,-0.2309488,-0.2436519,-0.0173362,-0.9418046,0.4669525,-0.4265694,0.7745928,0.08693857,0.04509723,-0.03749647,-0.1880559,-0.05002273,-0.01546887,-0.9807617,0.1039388,-0.3673284,0.9242654,0.05216395,0.05005717,-0.1659708,0.01295478,0.001050132,0.01530973,0.9997983,0.002496508,-0.02587217,0.9996622
Fixation,23.6629,0.01776858,0.04319596,-0.03736246,-0.2309026,-0.243656,-0.01736534,-0.9418143,0.4669769,-0.4264724,0.7746315,0.08695123,0.04509902,-0.03747965,-0.1878788,-0.05017118,-0.01550912,-0.9807874,0.1042422,-0.3669821,0.9243688,0.05217632,0.05005562,-0.1659548,0.0129159,0.00104525,0.01534926,0.9997982,0.002486577,-0.0257945,0.9996642
Fixation,23.6740,0.01777401,0.0431931,-0.03734647,-0.2308955,-0.2437108,-0.01732474,-0.9418026,0.4670554,-0.4264716,0.7745846,0.08695674,0.04509282,-0.03747254,-0.1878664,-0.05022943,-0.0154732,-0.9807874,0.1043426,-0.3669597,0.9243664,0.05218098,0.05005074,-0.1659434,0.01290209,0.001108845,0.01532477,0.9997987,0.002612686,-0.02576499,0.9996646
Fixation,23.6858,0.01775381,0.04318166,-0.037357,-0.2308976,-0.2437641,-0.01735204,-0.9417878,0.4671612,-0.4264535,0.7745308,0.08693637,0.0450865,-0.03748959,-0.1878761,-0.05028294,-0.01550187,-0.9807823,0.1044581,-0.3669722,0.9243484,0.05215944,0.05004215,-0.165957,0.01291385,0.001156655,0.01536192,0.9997979,0.002709605,-0.02578695,0.9996638
Fixation,23.6966,0.01774168,0.04317927,-0.03735057,-0.2306364,-0.2449174,-0.017387,-0.9415519,0.469225,-0.4257956,0.7736446,0.08692411,0.04508889,-0.03748727,-0.1878677,-0.05031838,-0.01552966,-0.9807817,0.1045377,-0.3669516,0.9243476,0.05214633,0.05004191,-0.1659527,0.01290696,0.001186636,0.01539587,0.9997975,0.002770219,-0.02577215,0.999664
Fixation,23.7075,0.01773012,0.04317904,-0.03733557,-0.2306894,-0.2448973,-0.01743202,-0.9415433,0.4692056,-0.42587,0.7736155,0.08691247,0.04509223,-0.03746838,-0.1878214,-0.04965819,-0.01555491,-0.9808238,0.103255,-0.3668945,0.9245144,0.05213489,0.05004454,-0.1659351,0.01296972,0.001159687,0.01542122,0.9997963,0.00271892,-0.02589839,0.9996609
Fixation,23.7188,0.0177057,0.04317999,-0.03732302,-0.2308072,-0.2449321,-0.01743105,-0.9415054,0.4692563,-0.4260737,0.7734725,0.0868881,0.04509032,-0.03746153,-0.1879397,-0.04969592,-0.0155318,-0.9807996,0.1033216,-0.3671187,0.924418,0.05210999,0.05004621,-0.1659239,0.01308929,0.001201962,0.01539971,0.999795,0.002806574,-0.02613619,0.9996545
Fixation,23.7299,0.0176725,0.0431627,-0.037376,-0.230124,-0.2453737,-0.01750724,-0.9415563,0.4701239,-0.4247578,0.7736694,0.08685467,0.04508221,-0.03750399,-0.1878873,-0.04963332,-0.01560929,-0.9808115,0.1032274,-0.3670146,0.9244698,0.05207721,0.0500325,-0.1659723,0.01303922,0.001126226,0.0154673,0.9997947,0.002655353,-0.02603825,0.9996574
Fixation,23.7412,0.01764206,0.04315495,-0.03736905,-0.2301749,-0.2453383,-0.01752394,-0.9415528,0.470065,-0.4248451,0.7736573,0.08682426,0.04507375,-0.03749193,-0.1881916,-0.04942296,-0.01561067,-0.9807638,0.1028201,-0.3676001,0.9242826,0.05204745,0.05002534,-0.1659621,0.01309212,0.001089913,0.01546296,0.9997941,0.002584263,-0.02614515,0.9996548
Fixation,23.7521,0.01761112,0.04314232,-0.0373653,-0.2300134,-0.2465411,-0.01763678,-0.9412759,0.4722399,-0.4243157,0.7726226,0.08679307,0.04507124,-0.0374742,-0.1882233,-0.04933795,-0.01570234,-0.9807606,0.1026885,-0.3676545,0.9242755,0.05201723,0.05001843,-0.165951,0.013128,0.0009903284,0.01553669,0.9997926,0.002388177,-0.02621979,0.9996533
Fixation,23.7632,0.01758388,0.04308987,-0.03738069,-0.2301057,-0.2464537,-0.01767405,-0.9412755,0.4720955,-0.4244741,0.7726238,0.08676588,0.04501772,-0.03747687,-0.1883181,-0.04924749,-0.01571631,-0.9807467,0.102518,-0.3678368,0.9242219,0.05199163,0.04996705,-0.1659589,0.01322435,0.000899549,0.01553017,0.9997916,0.002209476,-0.02641524,0.9996486
Fixation,23.7741,0.01755974,0.04305768,-0.03737993,-0.2301424,-0.2464176,-0.01777392,-0.9412742,0.472074,-0.4244946,0.7726257,0.08674145,0.04499614,-0.03746813,-0.1882365,-0.04935094,-0.01580734,-0.9807557,0.1027535,-0.3676678,0.924263,0.05196739,0.04994118,-0.1659535,0.01328349,0.0008436255,0.01560762,0.9997896,0.002101544,-0.02653507,0.9996457
Fixation,23.7860,0.01753472,0.04303896,-0.03737703,-0.2298855,-0.2468305,-0.01780283,-0.9412282,0.4728329,-0.4239609,0.7724546,0.08671638,0.04497862,-0.03746692,-0.1883092,-0.04936548,-0.01581734,-0.9807408,0.1027866,-0.3678033,0.9242054,0.051942,0.04992425,-0.1659505,0.01335805,0.0008568463,0.01561669,0.9997885,0.002130547,-0.02668368,0.9996417
Fixation,23.7962,0.01751018,0.04302609,-0.03737066,-0.2299228,-0.2468369,-0.01782832,-0.9412169,0.4728524,-0.4240131,0.7724141,0.08669179,0.04496801,-0.03746088,-0.1883514,-0.04937142,-0.01583497,-0.9807321,0.1028053,-0.367881,0.9241724,0.05191717,0.04991341,-0.1659438,0.01340194,0.0008599772,0.01563313,0.9997876,0.002138618,-0.0267713,0.9996393
Fixation,23.8078,0.01752679,0.0430156,-0.03742082,-0.2299497,-0.2468126,-0.01784327,-0.9412164,0.4728143,-0.4240569,0.7724134,0.0867084,0.04495788,-0.03750737,-0.1884261,-0.04935215,-0.01584301,-0.9807186,0.1027716,-0.3680222,0.9241199,0.05193419,0.04990351,-0.1659918,0.01343104,0.0008338363,0.01563537,0.9997872,0.002087316,-0.02683029,0.9996378
Fixation,23.8189,0.01750365,0.04301953,-0.03742317,-0.2296693,-0.2470181,-0.01784204,-0.941231,0.4731978,-0.4235291,0.7724681,0.08668517,0.04496455,-0.03751126,-0.1883407,-0.04936599,-0.0158573,-0.9807341,0.102803,-0.3678586,0.9241816,0.05191062,0.04990745,-0.1659959,0.01334498,0.0008442132,0.01565577,0.999788,0.00210592,-0.02665786,0.9996424
Fixation,23.8296,0.01749082,0.0430423,-0.03742706,-0.2297239,-0.2469799,-0.01787558,-0.9412271,0.4731413,-0.423615,0.7724557,0.08667232,0.04498863,-0.03750914,-0.1883997,-0.04932582,-0.01587736,-0.9807245,0.1027327,-0.3679701,0.924145,0.05189838,0.04993176,-0.1659961,0.01340563,0.0008016286,0.01566572,0.9997871,0.002022934,-0.02678044,0.9996393
Fixation,23.8409,0.01747274,0.04304242,-0.0374864,-0.2296496,-0.246972,-0.01784236,-0.9412479,0.4731188,-0.4235012,0.7725318,0.08665429,0.04498672,-0.03756794,-0.1884273,-0.04929269,-0.01585893,-0.9807211,0.1026613,-0.3680258,0.9241307,0.05188061,0.0499295,-0.1660561,0.01332271,0.0007964704,0.01565067,0.9997885,0.002009623,-0.02661486,0.9996437
Fixation,23.8520,0.01746058,0.04304934,-0.03750676,-0.2293188,-0.2474624,-0.01790405,-0.9411986,0.474034,-0.4228078,0.7723505,0.08664191,0.04500186,-0.03758351,-0.1883895,-0.04926967,-0.01592247,-0.9807285,0.1026396,-0.3679488,0.9241638,0.05186824,0.04993999,-0.1660745,0.01328711,0.0007623061,0.01571082,0.999788,0.001941792,-0.02654463,0.9996458
Fixation,23.8634,0.01745073,0.04306102,-0.03751816,-0.2292494,-0.247461,-0.01788809,-0.9412162,0.4740302,-0.4226933,0.7724155,0.08663206,0.04501367,-0.03759474,-0.1883176,-0.04926785,-0.01592094,-0.9807425,0.1026345,-0.3678132,0.9242184,0.05185844,0.04995036,-0.1660867,0.01321386,0.0007601507,0.01571229,0.9997889,0.001935221,-0.02639826,0.9996496
Fixation,23.8739,0.01744401,0.04307663,-0.03752221,-0.2291852,-0.2474792,-0.0178598,-0.9412276,0.474055,-0.4225909,0.7724563,0.08662535,0.04502845,-0.0376018,-0.1884912,-0.04943267,-0.01590803,-0.980701,0.1029544,-0.3681343,0.924055,0.05185146,0.04996443,-0.1660931,0.01314379,0.0007809191,0.01570525,0.99979,0.001974363,-0.02625754,0.9996533
Fixation,23.8853,0.01741984,0.04307055,-0.03754036,-0.2283535,-0.2476157,-0.0178326,-0.9413943,0.4743522,-0.42111,0.7730824,0.08660121,0.0450213,-0.03762179,-0.1884018,-0.0494433,-0.01589458,-0.9807178,0.102969,-0.3679662,0.9241202,0.05182721,0.0499562,-0.1661132,0.01305227,0.0007929782,0.015698,0.9997913,0.001995414,-0.0260742,0.999658
Fixation,23.8964,0.01740674,0.04308116,-0.03754981,-0.2282983,-0.2476265,-0.01780642,-0.9414054,0.4743641,-0.4210239,0.773122,0.08658814,0.04503071,-0.0376332,-0.1883425,-0.04945488,-0.01588066,-0.9807289,0.1029857,-0.3678551,0.9241626,0.051814,0.04996514,-0.1661244,0.01299139,0.0008063,0.01568908,0.9997922,0.002019911,-0.02595208,0.9996611
Fixation,23.9074,0.0173972,0.04309881,-0.03755809,-0.2282227,-0.2476886,-0.01778654,-0.9414077,0.4744704,-0.4208901,0.7731296,0.08657853,0.04505038,-0.03765023,-0.1880533,-0.04974121,-0.01588272,-0.9807699,0.103543,-0.367294,0.9243235,0.05180322,0.04998255,-0.1661379,0.01291455,0.0008687344,0.01570237,0.9997929,0.002142687,-0.02579647,0.9996649
Fixation,23.9188,0.01740694,0.04309678,-0.03755557,-0.2276851,-0.2478361,-0.01782118,-0.9414984,0.4747898,-0.4198969,0.7734735,0.08658825,0.04504943,-0.03764006,-0.1880924,-0.04968905,-0.01590298,-0.9807647,0.103449,-0.3673684,0.9243045,0.05181378,0.04998183,-0.1661311,0.01295482,0.0008141145,0.0157113,0.9997923,0.002034965,-0.02587868,0.999663
Fixation,23.9298,0.01743833,0.04306018,-0.03759728,-0.2277008,-0.2478613,-0.01782098,-0.941488,0.4748325,-0.4199208,0.7734343,0.08661963,0.04501307,-0.03768539,-0.188109,-0.04971521,-0.01590061,-0.9807602,0.1034995,-0.3673987,0.9242868,0.05184469,0.04994559,-0.1661744,0.01297185,0.0008404632,0.01571282,0.999792,0.002088225,-0.02591189,0.999662
Fixation,23.9410,0.01745129,0.04305148,-0.03760143,-0.2277657,-0.247911,-0.01781888,-0.9414592,0.4749132,-0.4200293,0.7733259,0.08663261,0.04500353,-0.03769697,-0.1882307,-0.04993425,-0.01588915,-0.9807259,0.1039253,-0.3676186,0.9241515,0.05185679,0.04993749,-0.1661815,0.01303902,0.0008948796,0.0157059,0.9997913,0.002198965,-0.02604448,0.9996583
Fixation,23.9527,0.01746127,0.04305136,-0.03759545,-0.2277883,-0.2479496,-0.01781544,-0.9414436,0.4749775,-0.420065,0.773267,0.08664258,0.04500341,-0.03769663,-0.1882541,-0.04997457,-0.01588276,-0.9807194,0.1040021,-0.3676615,0.9241259,0.05186605,0.04993784,-0.166178,0.01306291,0.0009359565,0.01570563,0.9997909,0.002281844,-0.02609095,0.999657
Fixation,23.9632,0.01748424,0.04303741,-0.03759095,-0.2272137,-0.2481907,-0.01775359,-0.9415202,0.4754209,-0.4190399,0.7735506,0.08666582,0.04497898,-0.03769822,-0.1883176,-0.05000414,-0.01580279,-0.980707,0.1040307,-0.3677885,0.9240721,0.05188928,0.04991972,-0.1661759,0.01312383,0.0009796887,0.01562927,0.9997913,0.0023692,-0.02621155,0.9996536
Fixation,23.9746,0.01750765,0.04302454,-0.03758357,-0.2272248,-0.2481941,-0.01774289,-0.9415168,0.4754211,-0.4190646,0.7735371,0.08668929,0.04496455,-0.03769172,-0.1884727,-0.04985199,-0.01578766,-0.9806853,0.1037293,-0.3680907,0.9239857,0.05191275,0.04990613,-0.1661688,0.01313253,0.0009860285,0.01561717,0.9997913,0.002381831,-0.02622878,0.9996531
Fixation,23.9856,0.01751895,0.04301512,-0.03757059,-0.2272677,-0.2481944,-0.01769323,-0.9415073,0.4753959,-0.4191656,0.7734979,0.0867008,0.04494715,-0.03768066,-0.1885054,-0.04985514,-0.01573035,-0.9806798,0.1037144,-0.3681583,0.9239604,0.05192457,0.04989338,-0.1661564,0.01316295,0.0009994821,0.01555986,0.9997918,0.002408176,-0.02628932,0.9996515
Fixation,23.9968,0.01753104,0.04301071,-0.03755926,-0.227084,-0.2482202,-0.0176919,-0.9415448,0.4754559,-0.4188366,0.7736392,0.08671296,0.04494071,-0.03767122,-0.1885659,-0.04986633,-0.01571565,-0.9806678,0.1037315,-0.3682737,0.9239125,0.05193662,0.04988885,-0.1661453,0.01322397,0.001013634,0.01554459,0.9997912,0.002437966,-0.02641091,0.9996482
Fixation,24.0079,0.01754955,0.04299164,-0.03755681,-0.2271026,-0.2482095,-0.01768282,-0.9415433,0.4754315,-0.4188758,0.7736329,0.08673152,0.04491937,-0.03766769,-0.1885295,-0.04989143,-0.0157032,-0.9806737,0.1037755,-0.368205,0.9239349,0.05195545,0.04986906,-0.1661422,0.01323964,0.001005887,0.01552914,0.9997913,0.002422555,-0.02644252,0.9996474
Fixation,24.0189,0.01755823,0.04298592,-0.03755476,-0.2271072,-0.2482364,-0.01767038,-0.9415354,0.4754729,-0.4188859,0.773602,0.08674023,0.04491293,-0.03766981,-0.1885328,-0.04991982,-0.01569118,-0.9806718,0.1038265,-0.3682111,0.9239268,0.05196371,0.04986298,-0.1661422,0.01324264,0.001036005,0.01552217,0.9997913,0.002482686,-0.02644758,0.9996471
Fixation,24.0297,0.01756383,0.04299128,-0.03755464,-0.2269431,-0.2482042,-0.01770268,-0.9415828,0.4754446,-0.4185837,0.773783,0.08674575,0.04492044,-0.03766663,-0.188574,-0.04990187,-0.01571396,-0.9806645,0.1038005,-0.3682873,0.9238993,0.05196943,0.04987025,-0.16614,0.01328549,0.001014681,0.01553951,0.9997905,0.002441836,-0.02653388,0.9996449
Fixation,24.0408,0.01757677,0.04298341,-0.03756404,-0.2270191,-0.2482523,-0.01768921,-0.941552,0.4755165,-0.4187179,0.7736662,0.08675876,0.04490983,-0.03768368,-0.1888791,-0.05015624,-0.01568877,-0.9805931,0.1042923,-0.3688532,0.9236181,0.05198167,0.04986215,-0.1661523,0.01336078,0.001070596,0.01551873,0.9997897,0.002555427,-0.02668271,0.9996407
Fixation,24.0522,0.01758643,0.04297447,-0.0375756,-0.2270369,-0.2482157,-0.01769607,-0.9415573,0.4754539,-0.4187515,0.7736865,0.08676846,0.04490018,-0.03769006,-0.1888963,-0.05011848,-0.01569044,-0.9805918,0.1042193,-0.3688875,0.9236127,0.05199206,0.04985321,-0.1661611,0.01337806,0.001033241,0.0155129,0.9997897,0.002481113,-0.02671842,0.9996399
Fixation,24.0637,0.01758835,0.04298496,-0.03758897,-0.2268411,-0.2483823,-0.0177006,-0.9415604,0.4757642,-0.4183762,0.7736987,0.0867704,0.04490936,-0.03770857,-0.1889736,-0.05015415,-0.01567817,-0.9805753,0.1042854,-0.3690329,0.9235471,0.05199341,0.04986429,-0.1661761,0.01345638,0.001071245,0.01550355,0.9997887,0.00255928,-0.02687385,0.9996356
Fixation,24.0743,0.01757869,0.04299653,-0.03759121,-0.2267807,-0.2483237,-0.0177041,-0.9415904,0.4756684,-0.4182764,0.7738116,0.08676074,0.04492152,-0.03770213,-0.1886591,-0.0502274,-0.01569436,-0.9806318,0.1044309,-0.3684337,0.9237699,0.05198481,0.04987514,-0.1661748,0.01339365,0.001007864,0.01550884,0.9997895,0.002430744,-0.02675041,0.9996392
Fixation,24.0854,0.01756616,0.04299593,-0.03763304,-0.2267125,-0.2483332,-0.01770491,-0.9416043,0.4756911,-0.4181535,0.7738641,0.08674814,0.04492366,-0.0377448,-0.1885922,-0.05023619,-0.01570942,-0.980644,0.104453,-0.3683052,0.9238186,0.05197193,0.04987478,-0.1662178,0.01332635,0.001013281,0.01552832,0.9997901,0.002440009,-0.02661565,0.9996428
Fixation,24.0963,0.01755561,0.04300261,-0.03765251,-0.2265483,-0.2482622,-0.01775152,-0.9416617,0.4756011,-0.4178497,0.7740835,0.08673733,0.04493964,-0.03776004,-0.1884942,-0.05021777,-0.01577664,-0.9806626,0.104441,-0.3681139,0.9238963,0.05196103,0.04988444,-0.1662363,0.01322984,0.0009824525,0.01559573,0.9997904,0.002377151,-0.02642348,0.999648
Fixation,24.1074,0.01754403,0.04300869,-0.03766712,-0.2264762,-0.2482834,-0.01777053,-0.941673,0.4756528,-0.4177089,0.7741277,0.08672559,0.0449512,-0.03777651,-0.1884363,-0.05044072,-0.01581324,-0.9806617,0.1048901,-0.3679893,0.923895,0.05194869,0.04989207,-0.1662526,0.01316388,0.000995617,0.01563591,0.9997906,0.002402476,-0.02629112,0.9996514
Fixation,24.1189,0.01753207,0.04302108,-0.03767627,-0.2264346,-0.24828,-0.01780061,-0.9416834,0.4756637,-0.4176204,0.7741688,0.08671348,0.04496884,-0.03778395,-0.1884009,-0.05043526,-0.015851,-0.9806682,0.1048932,-0.3679186,0.9239228,0.05193644,0.04990661,-0.1662613,0.01312965,0.0009832855,0.01567374,0.9997905,0.00237774,-0.02622298,0.9996533
Fixation,24.1300,0.01754314,0.0430274,-0.03769657,-0.2266631,-0.2482414,-0.01786704,-0.9416373,0.4756064,-0.4179981,0.774,0.08672434,0.04498339,-0.03779588,-0.188388,-0.05038708,-0.01592039,-0.9806721,0.1048248,-0.3678894,0.9239422,0.05194773,0.04991686,-0.1662776,0.01311959,0.000923505,0.01573407,0.9997897,0.002259471,-0.0262046,0.9996541
Fixation,24.1409,0.01752654,0.04304683,-0.03771136,-0.2266295,-0.248197,-0.0178919,-0.9416566,0.4755423,-0.417933,0.7740747,0.08670767,0.0450058,-0.03780346,-0.1882794,-0.05046544,-0.01595165,-0.9806883,0.1049885,-0.3676768,0.9240083,0.05193176,0.04993725,-0.1662891,0.0130897,0.0008713263,0.01575604,0.9997898,0.00215477,-0.02614644,0.9996558
Fixation,24.1519,0.01750756,0.04304552,-0.03773203,-0.2265862,-0.2481257,-0.01788122,-0.941686,0.4754164,-0.4178726,0.7741846,0.08668876,0.04500222,-0.03781426,-0.1882312,-0.05039191,-0.0159472,-0.9807015,0.1048424,-0.36759,0.9240593,0.05191424,0.04993391,-0.1663055,0.0130398,0.0007991966,0.01574098,0.9997907,0.002008577,-0.02604899,0.9996586
Fixation,24.1634,0.01751432,0.04300046,-0.03772116,-0.2263727,-0.2485339,-0.01798932,-0.9416277,0.4761975,-0.4173757,0.7739726,0.08669537,0.044963,-0.0377818,-0.1883375,-0.05024802,-0.01602246,-0.9806872,0.1045904,-0.3677901,0.9240083,0.05192304,0.04989374,-0.1662825,0.01315032,0.0006451259,0.01578465,0.9997888,0.001705125,-0.02627471,0.9996533
Fixation,24.1775,0.01750541,0.0429467,-0.037746,-0.2264487,-0.2485184,-0.01806213,-0.9416121,0.4761962,-0.4174761,0.7739192,0.0866863,0.04491568,-0.0378027,-0.1885398,-0.05071283,-0.01608316,-0.9806234,0.105525,-0.3681419,0.9237619,0.05191394,0.04984474,-0.1663043,0.01324331,0.0006183801,0.01583147,0.9997868,0.001655819,-0.02646139,0.9996485
Fixation,24.1934,0.01753655,0.04298174,-0.03775085,-0.2263378,-0.2490454,-0.01774684,-0.9415056,0.4769888,-0.417357,0.7734952,0.08671877,0.04490328,-0.03781123,-0.188585,-0.05067474,-0.01574375,-0.9806222,0.1053236,-0.3682656,0.9237356,0.05193302,0.04984379,-0.1663013,0.01329351,0.0005732361,0.01569691,0.9997883,0.001563564,-0.02656339,0.9996459
Fixation,24.2013,0.01753655,0.04298174,-0.03775085,-0.2263378,-0.2490454,-0.01774684,-0.9415056,0.4769888,-0.417357,0.7734952,0.08671877,0.04490328,-0.03781123,-0.1885116,-0.05102259,-0.01574835,-0.9806182,0.1060049,-0.3681089,0.9237201,0.05194933,0.04985666,-0.1663106,0.01327184,0.000640839,0.01548892,0.9997917,0.001692544,-0.0265183,0.9996469
Fixation,24.2089,0.01756489,0.04300201,-0.03771023,-0.2264011,-0.2491045,-0.01747253,-0.9414798,0.4769654,-0.4175992,0.7733789,0.08674807,0.04488766,-0.03778796,-0.188523,-0.05109648,-0.01546938,-0.9806167,0.1060448,-0.3681568,0.9236965,0.05197909,0.04985905,-0.1662787,0.01327003,0.0007627288,0.01522711,0.9997957,0.001929275,-0.02651142,0.9996467
Fixation,24.2191,0.01759127,0.04302824,-0.03770221,-0.2264729,-0.249209,-0.01735336,-0.9414371,0.4770893,-0.4177707,0.7732098,0.08677483,0.04489923,-0.03779875,-0.1885754,-0.05121043,-0.01534222,-0.9806026,0.1062205,-0.3682637,0.9236336,0.05200456,0.04987884,-0.1662795,0.01331794,0.0008978478,0.01511967,0.9997966,0.002198056,-0.0266033,0.9996436
Fixation,24.2296,0.01761879,0.0430373,-0.03770231,-0.2258225,-0.2498988,-0.01734035,-0.9414108,0.4783465,-0.4165168,0.7731096,0.08680227,0.0449096,-0.03781765,-0.1885765,-0.05134555,-0.0153266,-0.9805956,0.1064789,-0.3682607,0.9236051,0.05202961,0.04988849,-0.1662889,0.01331952,0.001033778,0.01512808,0.9997963,0.002470132,-0.02660234,0.999643
Fixation,24.2407,0.01764187,0.0430367,-0.03767684,-0.2258331,-0.2500265,-0.0174625,-0.941372,0.4786231,-0.4164538,0.7729723,0.0868248,0.04492879,-0.03780619,-0.188617,-0.05147208,-0.01544877,-0.9805793,0.1067727,-0.3683175,0.9235485,0.05204898,0.04989851,-0.1662699,0.01336803,0.00113743,0.01526856,0.9997934,0.002682611,-0.02669581,0.99964
Fixation,24.2521,0.01765889,0.04304886,-0.03767165,-0.2259039,-0.2501327,-0.01757554,-0.9413247,0.4788529,-0.4165054,0.7728022,0.08684136,0.04495656,-0.0378127,-0.1889905,-0.05189988,-0.01555185,-0.9804832,0.1076522,-0.3689896,0.923178,0.05206294,0.0499202,-0.1662693,0.01347288,0.001224821,0.01538102,0.9997902,0.002863581,-0.02690242,0.999634
Fixation,24.2636,0.01766045,0.04306221,-0.03768453,-0.2252952,-0.2506569,-0.01769506,-0.9413289,0.4798744,-0.415283,0.7728264,0.0868425,0.04498541,-0.03782301,-0.1889926,-0.05190288,-0.0156657,-0.9804808,0.1077009,-0.3689809,0.9231758,0.05206328,0.04994142,-0.1662808,0.01348083,0.001207792,0.01549338,0.9997883,0.002832799,-0.02691852,0.9996336
Fixation,24.2741,0.01764664,0.04307902,-0.03770148,-0.2253451,-0.2507073,-0.01768727,-0.9413037,0.4799549,-0.4153676,0.7727309,0.08682871,0.04500115,-0.03784757,-0.1890427,-0.05195591,-0.01564975,-0.9804686,0.1077992,-0.3690746,0.9231269,0.05204861,0.04995859,-0.1663009,0.01353148,0.001263324,0.01548465,0.9997877,0.002945172,-0.0270181,0.9996306
Fixation,24.2856,0.017646,0.04309368,-0.03768781,-0.2253861,-0.2505305,-0.01763632,-0.9413419,0.4796196,-0.415494,0.7728711,0.08682849,0.04500222,-0.03781117,-0.189333,-0.05211974,-0.01558821,-0.9804049,0.1080996,-0.369621,0.9228731,0.05205214,0.04996681,-0.1662757,0.0135495,0.001097947,0.01538814,0.9997892,0.002612434,-0.02705949,0.9996304
Fixation,24.2963,0.01761888,0.04312694,-0.03770474,-0.2248266,-0.251003,-0.01747961,-0.9413528,0.4804245,-0.4145075,0.772901,0.08680186,0.04501712,-0.03783785,-0.1892485,-0.05216271,-0.01544095,-0.9804212,0.1081272,-0.3694757,0.9229281,0.05202567,0.04998934,-0.1662986,0.01345647,0.001165431,0.01525505,0.9997924,0.002740936,-0.0268718,0.9996351
Fixation,24.3076,0.01757935,0.04316175,-0.03771915,-0.2247761,-0.2508992,-0.01734982,-0.9413949,0.4801901,-0.4145,0.7730506,0.08676285,0.04503345,-0.03784152,-0.1891706,-0.05243425,-0.01532525,-0.9804235,0.1086137,-0.3693275,0.9229302,0.05198934,0.05001342,-0.1663087,0.0133676,0.001085056,0.0151225,0.9997957,0.002573972,-0.02669691,0.9996403
Fixation,24.3191,0.01755139,0.04318237,-0.03772857,-0.2246168,-0.2507864,-0.01736139,-0.9414628,0.4800114,-0.4142287,0.773307,0.08673482,0.04505742,-0.03783375,-0.1890101,-0.05231525,-0.01536501,-0.9804602,0.1083943,-0.3690262,0.9230766,0.05196326,0.05003297,-0.1663115,0.01320533,0.0009592586,0.01514837,0.9997976,0.002318207,-0.02637625,0.9996494
Fixation,24.3302,0.01755805,0.0431782,-0.03770168,-0.2242893,-0.25111,-0.01743908,-0.9414532,0.4806394,-0.4135574,0.7732762,0.08674115,0.04506576,-0.03780521,-0.1889484,-0.05231996,-0.01545323,-0.9804705,0.1084361,-0.3688997,0.9231222,0.05196891,0.05003405,-0.1662845,0.01314714,0.0009477938,0.01523893,0.999797,0.002295899,-0.02626005,0.9996525
Fixation,24.3414,0.0175195,0.0431639,-0.03772815,-0.2242855,-0.2510664,-0.01750685,-0.9414644,0.4805933,-0.4135228,0.7733234,0.08670239,0.04505897,-0.03782345,-0.1890105,-0.05247517,-0.01552103,-0.9804491,0.1087657,-0.3690015,0.9230427,0.05193062,0.05002356,-0.1663067,0.01315788,0.0008892394,0.0152945,0.999796,0.002180602,-0.02628319,0.9996521
Fixation,24.3522,0.0175022,0.04314792,-0.03772847,-0.2242626,-0.2509713,-0.01764812,-0.9414926,0.480491,-0.4134248,0.7734393,0.08668467,0.04505932,-0.03780592,-0.1890115,-0.05237091,-0.01566047,-0.9804523,0.1086144,-0.3689932,0.9230639,0.05191392,0.05001605,-0.166298,0.0131651,0.0007619364,0.01541308,0.9997942,0.001929389,-0.0263013,0.9996522
Fixation,24.3631,0.01750228,0.04310179,-0.03771541,-0.2239579,-0.2515897,-0.01773324,-0.9413985,0.4816353,-0.4127442,0.773091,0.0866844,0.04502523,-0.03780758,-0.1890903,-0.0524926,-0.01573008,-0.9804295,0.1088794,-0.369128,0.9229788,0.05191094,0.04997718,-0.1662913,0.01325,0.0008703582,0.01549918,0.9997917,0.002151082,-0.0264675,0.9996474
Fixation,24.3746,0.01749522,0.04307187,-0.03770828,-0.2240172,-0.251598,-0.01774599,-0.9413819,0.4816504,-0.4128418,0.7730294,0.08667734,0.04499519,-0.03780161,-0.1892094,-0.05277488,-0.01573388,-0.9803913,0.1094341,-0.3693379,0.9228292,0.05190372,0.04994833,-0.166284,0.0133128,0.0008795796,0.01549833,0.9997909,0.002171444,-0.02659277,0.999644
Fixation,24.3859,0.01748245,0.04304087,-0.03770108,-0.2240373,-0.2516314,-0.01775687,-0.941368,0.4817119,-0.4128667,0.7729778,0.08666451,0.04496598,-0.03779887,-0.189233,-0.05280918,-0.01574159,-0.9803848,0.1095043,-0.3693797,0.9228041,0.05189021,0.04991865,-0.1662787,0.0133375,0.0009122511,0.01551082,0.9997904,0.002237871,-0.02664111,0.9996426
Fixation,24.3962,0.01746811,0.04303002,-0.03769518,-0.2236131,-0.2520625,-0.01775293,-0.9413536,0.4824995,-0.4120483,0.7729234,0.08665036,0.04494882,-0.03779216,-0.189362,-0.05279621,-0.01570337,-0.9803612,0.109466,-0.3696282,0.9227092,0.05187654,0.04990685,-0.1662709,0.01346663,0.0009074216,0.01546462,0.9997893,0.002230973,-0.02689953,0.9996356
Fixation,24.4077,0.01748367,0.04301131,-0.03766837,-0.2237647,-0.2519946,-0.01777423,-0.9413353,0.4823774,-0.4123173,0.7728561,0.08666605,0.04492545,-0.03775628,-0.1896743,-0.05300847,-0.01569369,-0.9802895,0.1098807,-0.3702076,0.9224275,0.0518936,0.04988837,-0.1662378,0.01361907,0.0008432894,0.01543256,0.9997878,0.002106575,-0.02720634,0.9996276
Fixation,24.4186,0.01746959,0.04299903,-0.03765718,-0.2238087,-0.2519394,-0.01774938,-0.9413401,0.4822663,-0.4124167,0.7728724,0.08665216,0.04490674,-0.03773847,-0.1897104,-0.05295307,-0.01565845,-0.9802861,0.1097595,-0.3702826,0.9224119,0.05188097,0.04987347,-0.1662229,0.01365338,0.0007952441,0.01538633,0.9997881,0.002010302,-0.02727651,0.9996259
Fixation,24.4298,0.01745598,0.04299045,-0.03764869,-0.2234897,-0.2522239,-0.01778034,-0.9413391,0.482804,-0.4117899,0.7728709,0.08663838,0.04490447,-0.03772857,-0.1896367,-0.05295092,-0.01570145,-0.9802998,0.1097707,-0.3701388,0.9224682,0.05186695,0.04986703,-0.1662146,0.01358066,0.0007848318,0.01543186,0.9997884,0.001988481,-0.02713134,0.9996299
Fixation,24.4408,0.01745289,0.04301369,-0.03762969,-0.2235664,-0.2521492,-0.01778527,-0.9413408,0.4826691,-0.4119353,0.7728776,0.08663543,0.04492331,-0.03769954,-0.1897168,-0.05320074,-0.01569208,-0.9802709,0.1102564,-0.3702781,0.9223545,0.0518655,0.04988933,-0.1661897,0.01365404,0.0007127666,0.01540142,0.9997879,0.001845814,-0.02728034,0.9996261
Fixation,24.4521,0.01747714,0.04300165,-0.03759729,-0.2235721,-0.2521866,-0.0177888,-0.9413294,0.4827354,-0.4119377,0.772835,0.08665962,0.0449127,-0.03767227,-0.1897247,-0.05323917,-0.01569567,-0.9802672,0.1103329,-0.3702906,0.9223402,0.05188896,0.049878,-0.1661597,0.01366268,0.0007500924,0.01541137,0.9997876,0.001920987,-0.02729644,0.9996256
Fixation,24.4628,0.01748648,0.04298496,-0.03757975,-0.2233657,-0.2522615,-0.01786603,-0.9413568,0.4829175,-0.4115199,0.7729438,0.08666873,0.04490435,-0.03765386,-0.1897899,-0.05324522,-0.01575943,-0.9802532,0.1103696,-0.3704062,0.9222894,0.05189755,0.04986656,-0.1661409,0.01373242,0.0007454429,0.01547187,0.9997857,0.001915499,-0.02743589,0.9996217
Fixation,24.4744,0.01748838,0.04298341,-0.0375573,-0.2233888,-0.2522528,-0.01793026,-0.9413525,0.4829284,-0.4115293,0.772932,0.08667043,0.04491007,-0.03762833,-0.1898251,-0.05323392,-0.01581723,-0.9802461,0.1103697,-0.3704665,0.9222652,0.05189909,0.04986942,-0.1661165,0.0137711,0.0007244526,0.01552493,0.9997844,0.001876183,-0.02751376,0.9996197
Fixation,24.4857,0.01751427,0.04297566,-0.0375477,-0.2233835,-0.2522413,-0.0178628,-0.9413581,0.4828793,-0.4115562,0.7729483,0.08669657,0.0448935,-0.03761921,-0.1898831,-0.05363724,-0.01575697,-0.9802139,0.1111359,-0.3705617,0.9221349,0.05192582,0.0498569,-0.1661074,0.01374817,0.0007267227,0.01546006,0.9997857,0.001878229,-0.02746798,0.9996209
Fixation,24.4967,0.01751752,0.0429765,-0.03753818,-0.223159,-0.2526186,-0.01779309,-0.9413115,0.483527,-0.4111346,0.7727678,0.08670002,0.04488659,-0.03761917,-0.1898602,-0.05369365,-0.01568877,-0.9802163,0.1112201,-0.3705233,0.9221402,0.05192867,0.04985332,-0.1661029,0.01372182,0.0007941328,0.01540418,0.9997869,0.002010674,-0.02741332,0.9996222
Fixation,24.5075,0.01752029,0.04297042,-0.03752163,-0.2232576,-0.2526229,-0.01765332,-0.9412896,0.4834651,-0.4113809,0.7726754,0.08670337,0.04485905,-0.03760827,-0.1899303,-0.05370489,-0.01553198,-0.9802046,0.1111835,-0.3706728,0.9220846,0.05193284,0.04983771,-0.1660884,0.01378494,0.000833544,0.01524854,0.9997883,0.002087135,-0.02753862,0.9996186
Fixation,24.5186,0.01752596,0.04296386,-0.03750532,-0.2233376,-0.2525657,-0.01767285,-0.9412856,0.4833668,-0.4115218,0.7726619,0.08670911,0.04485059,-0.03758392,-0.1902166,-0.05404049,-0.01553713,-0.9801306,0.1118443,-0.371195,0.9217945,0.05193967,0.04983163,-0.1660672,0.01386613,0.000776245,0.01523486,0.9997875,0.001974657,-0.02770271,0.9996142
Fixation,24.5296,0.01758665,0.04296196,-0.0375376,-0.2229963,-0.2527429,-0.01764674,-0.9413195,0.483694,-0.4109013,0.7727873,0.08676995,0.0448426,-0.03762389,-0.1903183,-0.05408764,-0.01548798,-0.980109,0.1119189,-0.37139,0.9217069,0.05199997,0.04982829,-0.1661021,0.01396745,0.0008324052,0.01518977,0.9997867,0.00208878,-0.02790366,0.9996085
Fixation,24.5412,0.01757359,0.04295456,-0.03752145,-0.2229369,-0.2527234,-0.01774095,-0.941337,0.483706,-0.4107503,0.7728601,0.08675653,0.04484892,-0.03760167,-0.1902773,-0.05406311,-0.01559166,-0.9801167,0.1119098,-0.3713021,0.9217435,0.05198632,0.04982722,-0.1660833,0.01393101,0.0007895119,0.01528939,0.9997858,0.002004679,-0.02783191,0.9996106
Fixation,24.5523,0.0175649,0.04295552,-0.0375185,-0.2228979,-0.2527864,-0.01784254,-0.9413274,0.4838636,-0.410619,0.7728312,0.08674738,0.04486644,-0.03760406,-0.1903481,-0.05440747,-0.01570451,-0.980082,0.1126262,-0.3714046,0.9216148,0.05197532,0.04983628,-0.1660832,0.01392149,0.0008296537,0.01540851,0.999784,0.002087968,-0.02781141,0.999611
Fixation,24.5630,0.01759157,0.0429821,-0.0375338,-0.2226826,-0.2529705,-0.01791641,-0.9413275,0.4842354,-0.4101699,0.7728368,0.08677385,0.04490054,-0.03761131,-0.1903687,-0.05436118,-0.01577045,-0.9800795,0.112561,-0.3714384,0.9216092,0.05200223,0.04986691,-0.1660942,0.01394556,0.0007725888,0.01546406,0.9997829,0.001976152,-0.02786117,0.9996098
Fixation,24.5744,0.01760471,0.04301143,-0.03754485,-0.2227199,-0.2529528,-0.01798374,-0.9413221,0.4842309,-0.4102042,0.7728214,0.08678681,0.04493678,-0.03761808,-0.1904181,-0.05434093,-0.01582813,-0.9800702,0.1125438,-0.371526,0.921576,0.05201518,0.04990065,-0.1661024,0.01399867,0.0007429205,0.01551463,0.9997814,0.001919885,-0.02796817,0.999607
Fixation,24.5849,0.01760596,0.04303277,-0.03755181,-0.2227346,-0.2529386,-0.01793011,-0.9413235,0.4841815,-0.4102602,0.7728227,0.08678827,0.04495013,-0.03762482,-0.1902205,-0.05469078,-0.01577769,-0.9800899,0.1132062,-0.3711406,0.9216502,0.05201724,0.04991794,-0.1661093,0.01399895,0.0007405948,0.01545727,0.9997823,0.001913638,-0.0279689,0.999607
Fixation,24.5962,0.01760179,0.04305005,-0.03755437,-0.2221804,-0.252912,-0.01792856,-0.9414617,0.4841806,-0.40928,0.7733428,0.08678402,0.04497063,-0.03762467,-0.1901031,-0.0546746,-0.01579791,-0.9801133,0.1131811,-0.3709176,0.921743,0.05201315,0.04993486,-0.1661119,0.01388044,0.0007198972,0.01548029,0.9997836,0.001869229,-0.02773258,0.9996136
Fixation,24.6074,0.01764149,0.04309523,-0.03762191,-0.2222797,-0.2528355,-0.01782001,-0.9414608,0.4839915,-0.4095242,0.7733319,0.08682427,0.04499578,-0.03768561,-0.1901765,-0.05460115,-0.0156689,-0.9801052,0.1129895,-0.371075,0.9217032,0.05205562,0.04997134,-0.1661754,0.01394745,0.0006710039,0.01533671,0.9997849,0.001769535,-0.02786832,0.9996101
Fixation,24.6187,0.01764932,0.0431118,-0.03764812,-0.2222448,-0.2527885,-0.01779549,-0.9414821,0.4839016,-0.4094821,0.7734104,0.08683221,0.04500902,-0.03770578,-0.1901702,-0.05497918,-0.01565592,-0.9800855,0.1137232,-0.3710446,0.9216252,0.05206457,0.04998553,-0.1661991,0.01390384,0.0006264551,0.01531222,0.9997859,0.001678439,-0.02778255,0.9996126
Fixation,24.6298,0.01765318,0.04313016,-0.03766477,-0.2222282,-0.2527551,-0.01778575,-0.9414952,0.4838405,-0.4094626,0.773459,0.08683611,0.04502547,-0.03771796,-0.1901503,-0.05494498,-0.01564869,-0.9800913,0.1136534,-0.3710097,0.9216478,0.05206916,0.05000257,-0.1662137,0.0138829,0.0005938197,0.01530007,0.9997864,0.001612204,-0.0277417,0.9996138
Fixation,24.6407,0.01766103,0.04312873,-0.03766873,-0.221896,-0.2527753,-0.01772342,-0.9415693,0.4838764,-0.4089007,0.7737337,0.08684415,0.04501772,-0.03771056,-0.1899884,-0.05536259,-0.01561751,-0.9800998,0.114456,-0.3706859,0.9216788,0.05207913,0.04999518,-0.1662139,0.01372498,0.0005091261,0.01525466,0.9997894,0.001436778,-0.02742865,0.9996227
Fixation,24.6518,0.01775236,0.04316282,-0.03768068,-0.2218931,-0.2528717,-0.01772667,-0.9415441,0.4840465,-0.4088792,0.7736387,0.08693537,0.04505527,-0.03773583,-0.1899905,-0.05546186,-0.01562441,-0.9800937,0.1146526,-0.3706838,0.9216552,0.05216845,0.05003107,-0.1662325,0.0137285,0.000605783,0.01527894,0.9997888,0.001630824,-0.0274327,0.9996223
Fixation,24.6632,0.0177418,0.04317296,-0.03768384,-0.2216671,-0.2529328,-0.01770929,-0.9415812,0.4841647,-0.4084766,0.7737774,0.08692493,0.04506147,-0.03774383,-0.1900547,-0.05549147,-0.01559302,-0.98008,0.1146992,-0.3708071,0.9215998,0.05215766,0.05004036,-0.1662373,0.01379242,0.0006411535,0.01524999,0.9997884,0.001702704,-0.02755945,0.9996187
Fixation,24.6742,0.01776528,0.04318321,-0.03768254,-0.2216292,-0.2529594,-0.01765155,-0.9415841,0.4841892,-0.4084347,0.7737842,0.08694854,0.04506636,-0.03774777,-0.1899671,-0.05591605,-0.01555032,-0.9800735,0.1155118,-0.3706244,0.9215718,0.05218105,0.05004716,-0.1662392,0.01374159,0.0006778199,0.01521053,0.9997897,0.001773389,-0.02745678,0.9996214
Fixation,24.6852,0.01780753,0.04322207,-0.03771266,-0.2216506,-0.2530385,-0.0176516,-0.9415578,0.4843257,-0.4084607,0.773685,0.08699073,0.04510701,-0.03778908,-0.1899918,-0.05599794,-0.01554858,-0.9800641,0.1156713,-0.3706669,0.9215347,0.05222173,0.05008721,-0.1662746,0.01376747,0.0007590995,0.01522204,0.9997891,0.001937017,-0.02750601,0.9996198
Fixation,24.6960,0.01783723,0.04324317,-0.0377278,-0.2213661,-0.2531559,-0.01761838,-0.9415938,0.4845402,-0.4079535,0.7738183,0.08702056,0.04512298,-0.03781353,-0.1900527,-0.05605756,-0.01550237,-0.9800496,0.1157709,-0.370784,0.9214751,0.05225075,0.05010676,-0.1662937,0.01382742,0.0008266506,0.01518399,0.9997888,0.002072863,-0.0276239,0.9996163
Fixation,24.7077,0.01785592,0.0432471,-0.03773544,-0.2213526,-0.2532316,-0.01758922,-0.9415771,0.484661,-0.4079328,0.7737535,0.08703926,0.04512596,-0.03783254,-0.1901129,-0.05663819,-0.01548518,-0.9800048,0.1168993,-0.370869,0.9212984,0.05226814,0.05010998,-0.1663072,0.013811,0.0009085251,0.01517585,0.9997891,0.002235854,-0.02758859,0.9996169
Fixation,24.7193,0.01786407,0.04324591,-0.03773617,-0.221402,-0.2532575,-0.01756776,-0.941559,0.4846928,-0.4080277,0.7736836,0.0870475,0.04512107,-0.03783789,-0.1901586,-0.05666633,-0.01545501,-0.9799948,0.1169432,-0.3709574,0.9212573,0.05227606,0.0501076,-0.1663097,0.01385612,0.0009420579,0.01514877,0.9997888,0.002303524,-0.02767785,0.9996142
Fixation,24.7299,0.01788006,0.04323769,-0.03774774,-0.2213087,-0.2534693,-0.01756822,-0.9415238,0.4850709,-0.4078289,0.7735515,0.08706354,0.04511154,-0.03784683,-0.1901688,-0.05664596,-0.01544978,-0.9799941,0.1169015,-0.3709783,0.9212541,0.05229251,0.05009902,-0.1663198,0.01386599,0.0009230134,0.01513948,0.9997888,0.002265485,-0.02769818,0.9996138
Fixation,24.7407,0.01788529,0.04322946,-0.03775255,-0.2213209,-0.2534383,-0.01758994,-0.941529,0.485025,-0.4078442,0.7735722,0.08706874,0.04510474,-0.03784671,-0.1901838,-0.05661323,-0.01546758,-0.9799928,0.1168445,-0.3710061,0.9212502,0.05229821,0.05009174,-0.166322,0.01388187,0.0008877557,0.01515036,0.9997885,0.002195766,-0.02773096,0.999613
Fixation,24.7516,0.01788193,0.04321337,-0.0377554,-0.2213622,-0.2533937,-0.01758022,-0.9415314,0.4849395,-0.4079294,0.7735808,0.08706549,0.0450846,-0.03784394,-0.190326,-0.05703616,-0.01545398,-0.9799409,0.1176667,-0.3712536,0.9210458,0.05229592,0.05007434,-0.1663216,0.0139179,0.000847105,0.01512144,0.9997885,0.002114769,-0.02780429,0.9996111
Fixation,24.7631,0.01787668,0.04320574,-0.03776339,-0.2210573,-0.2534786,-0.0176296,-0.9415793,0.4851346,-0.4073485,0.7737646,0.0870602,0.04507875,-0.03784426,-0.1904102,-0.05698538,-0.01548204,-0.979927,0.1175789,-0.3714117,0.9209932,0.05229141,0.05006909,-0.1663247,0.01400462,0.0007929697,0.01513549,0.999787,0.002009535,-0.02797928,0.9996065
Fixation,24.7741,0.01786922,0.04317129,-0.03777036,-0.2210887,-0.2534248,-0.01765702,-0.9415859,0.4850499,-0.4073986,0.7737913,0.08705272,0.04504502,-0.03784309,-0.1904443,-0.05692925,-0.01550084,-0.9799234,0.1174767,-0.3714767,0.9209801,0.05228485,0.05003548,-0.1663272,0.01403974,0.0007346614,0.01514217,0.9997865,0.001894193,-0.02805124,0.9996047
Fixation,24.7853,0.01785947,0.04316366,-0.03777492,-0.2212138,-0.2534009,-0.01772758,-0.9415616,0.4850282,-0.4075885,0.7737049,0.08704287,0.04504168,-0.037843,-0.1906299,-0.05738243,-0.01555002,-0.9798601,0.1183821,-0.3717966,0.920735,0.05227521,0.0500325,-0.1663278,0.0141807,0.0007032068,0.01517256,0.9997841,0.001836425,-0.02833394,0.9995968
Fixation,24.7963,0.01784683,0.04315436,-0.03778016,-0.2212635,-0.2535923,-0.01772911,-0.9414983,0.485359,-0.4076465,0.7734668,0.08703023,0.04503214,-0.03785126,-0.1906528,-0.05740386,-0.01554609,-0.9798544,0.1184226,-0.3718391,0.9207126,0.05226219,0.05002344,-0.1663343,0.01420398,0.0007252579,0.01517127,0.9997838,0.001881187,-0.02837982,0.9995955
Fixation,24.8076,0.01783193,0.0431813,-0.03774793,-0.2212875,-0.2535161,-0.01780342,-0.9415118,0.4852562,-0.4076626,0.7735229,0.08701517,0.04506564,-0.03780627,-0.1906877,-0.05732286,-0.0156116,-0.9798514,0.1182896,-0.3719013,0.9207046,0.05224821,0.05005431,-0.1662952,0.01424233,0.000634196,0.01521938,0.9997826,0.001701635,-0.02845916,0.9995935
Fixation,24.8183,0.01781773,0.0431993,-0.03773592,-0.2213566,-0.2534478,-0.01779952,-0.9415141,0.4851295,-0.4077981,0.7735309,0.08700111,0.04507852,-0.03778533,-0.1906863,-0.05781009,-0.01559938,-0.9798232,0.1192365,-0.3718741,0.9205934,0.05223558,0.05007088,-0.166278,0.01430618,0.0005699182,0.01518397,0.9997822,0.001574038,-0.02858882,0.99959
Fixation,24.8299,0.01781261,0.04320371,-0.03774593,-0.2212109,-0.2535036,-0.01783408,-0.9415326,0.485254,-0.4075126,0.7736033,0.08699593,0.04508507,-0.03778854,-0.1907152,-0.05776521,-0.01562523,-0.9798198,0.1191589,-0.3719279,0.9205818,0.05223107,0.05007672,-0.1662842,0.01433662,0.0005214185,0.01519984,0.9997815,0.001478438,-0.02865113,0.9995884
Fixation,24.8411,0.01780611,0.04320693,-0.0377571,-0.2212001,-0.2534959,-0.0178581,-0.9415368,0.4852519,-0.4074822,0.7736206,0.08698934,0.04509163,-0.03779782,-0.1907089,-0.05775625,-0.01565068,-0.9798211,0.119151,-0.3719134,0.9205887,0.05222448,0.05008161,-0.1662945,0.01433154,0.000508016,0.0152236,0.9997813,0.001452165,-0.02864135,0.9995887
Fixation,24.8522,0.01782242,0.04319966,-0.0377872,-0.2211374,-0.2534766,-0.01785168,-0.9415568,0.4852207,-0.4073769,0.7736956,0.08700564,0.04508507,-0.03782498,-0.1905124,-0.05828345,-0.01566421,-0.9798279,0.120184,-0.3715127,0.9206161,0.05224112,0.05007374,-0.1663239,0.01426644,0.0004861231,0.01522912,0.9997821,0.001406565,-0.02851185,0.9995925
Fixation,24.8630,0.01782582,0.04321051,-0.03781257,-0.2208953,-0.2537662,-0.01786582,-0.9415354,0.4857526,-0.4068941,0.773616,0.087009,0.04509735,-0.03785039,-0.1905148,-0.05828562,-0.01567424,-0.9798272,0.120192,-0.3715161,0.9206138,0.05224438,0.05008531,-0.1663493,0.01426955,0.0004865224,0.01523922,0.999782,0.001407746,-0.02851806,0.9995923
Fixation,24.8742,0.0178197,0.04323256,-0.03782829,-0.2208854,-0.2536947,-0.01785724,-0.941557,0.485625,-0.4068919,0.7736972,0.08700296,0.04511631,-0.03785633,-0.1905003,-0.05821211,-0.01566561,-0.9798345,0.1200451,-0.3714937,0.920642,0.05223976,0.05010545,-0.1663603,0.01425349,0.0004154131,0.0152185,0.9997825,0.001264479,-0.02848813,0.9995933
Fixation,24.8852,0.01783926,0.04325891,-0.03785276,-0.2207935,-0.2536852,-0.01788433,-0.9415807,0.4856277,-0.4067158,0.7737881,0.08702235,0.04514909,-0.03787801,-0.1905052,-0.05874569,-0.01571728,-0.9798009,0.1211066,-0.3714677,0.9205135,0.05225907,0.05013347,-0.1663844,0.01416837,0.0003948118,0.01526509,0.999783,0.001222015,-0.02831854,0.9995982
Fixation,24.8965,0.01786268,0.04327905,-0.03787084,-0.2205905,-0.2534971,-0.01791122,-0.9416785,0.4853275,-0.4063698,0.7741581,0.08704567,0.04517317,-0.03789243,-0.1904857,-0.05872501,-0.01574889,-0.9798054,0.1210781,-0.3714281,0.9205331,0.05228257,0.0501554,-0.1664009,0.01415016,0.0003686312,0.01529357,0.9997829,0.001169915,-0.0282829,0.9995993
Fixation,24.9072,0.01787312,0.04330635,-0.03788605,-0.2205458,-0.2535266,-0.0179031,-0.9416811,0.4853793,-0.4062899,0.7741676,0.08705607,0.0452019,-0.0379117,-0.1903354,-0.05938468,-0.01575948,-0.9797947,0.1223688,-0.3711075,0.9204918,0.05229238,0.0501827,-0.1664186,0.0141053,0.0003975575,0.01530331,0.9997833,0.001226658,-0.02819231,0.9996018
Fixation,24.9186,0.01789255,0.04333055,-0.03789401,-0.2205137,-0.253503,-0.01791302,-0.9416948,0.4853451,-0.4062311,0.7742199,0.08707546,0.04522777,-0.03791585,-0.1903045,-0.05935962,-0.01577489,-0.979802,0.1223254,-0.3710487,0.9205213,0.05231214,0.05020726,-0.1664251,0.0140745,0.0003697863,0.01531574,0.9997836,0.001170536,-0.02813159,0.9996036
Fixation,24.9300,0.0179044,0.04333258,-0.03792164,-0.2200682,-0.2540494,-0.01795021,-0.9416511,0.4863523,-0.4053344,0.7740579,0.08708711,0.04523671,-0.03795004,-0.1902774,-0.05941531,-0.01581383,-0.9798032,0.1224487,-0.3709896,0.9205287,0.0523225,0.05021214,-0.1664563,0.01404982,0.0004175319,0.01536541,0.9997832,0.001266645,-0.02808071,0.9996049
Fixation,24.9408,0.01791635,0.04333949,-0.03792792,-0.2200124,-0.2540583,-0.01786188,-0.9416634,0.4863345,-0.4052792,0.7740979,0.08709931,0.04523432,-0.0379599,-0.1902055,-0.05942703,-0.0157388,-0.9798177,0.1224425,-0.3708627,0.9205806,0.05233497,0.0502131,-0.1664653,0.01397238,0.0004415395,0.01529782,0.9997852,0.001310383,-0.02792524,0.9996092
Fixation,24.9520,0.01793304,0.04335093,-0.03792416,-0.2200588,-0.2540734,-0.01783085,-0.9416491,0.4863437,-0.4053756,0.7740417,0.08711614,0.04524052,-0.03795952,-0.1899363,-0.06009042,-0.01570908,-0.9798299,0.1237242,-0.3703226,0.9206267,0.05235173,0.05022264,-0.1664627,0.01401149,0.0004659264,0.01526004,0.9997852,0.001359285,-0.02800275,0.9996069
Fixation,24.9628,0.0179445,0.04335332,-0.03792296,-0.2199755,-0.2541367,-0.01780649,-0.9416519,0.4864505,-0.4052302,0.7740507,0.08712755,0.04524469,-0.03796732,-0.1898519,-0.06015551,-0.01570382,-0.9798424,0.1238486,-0.3701606,0.9206751,0.05236196,0.05022442,-0.166467,0.01392615,0.0005301174,0.0152712,0.9997863,0.001485346,-0.02783015,0.9996116
Fixation,24.9743,0.0179833,0.04336035,-0.03788576,-0.2196829,-0.254299,-0.01777299,-0.941677,0.4867438,-0.4047013,0.774143,0.08716654,0.04524481,-0.03792559,-0.189864,-0.06011423,-0.01566229,-0.9798432,0.1237525,-0.3701908,0.9206759,0.05240199,0.05022824,-0.1664274,0.01393546,0.0004968563,0.0152224,0.9997869,0.001417763,-0.02784985,0.9996111
Fixation,24.9848,0.01801042,0.04336333,-0.03786957,-0.2196979,-0.2543308,-0.01775668,-0.9416652,0.4867913,-0.4047317,0.7740973,0.0871937,0.04524612,-0.03791447,-0.1898822,-0.06079951,-0.01565273,-0.9797975,0.1250868,-0.370189,0.9204963,0.05242864,0.0502305,-0.1664136,0.01394809,0.0005333955,0.01520992,0.9997869,0.001490862,-0.027874,0.9996103
Fixation,24.9969,0.01803408,0.04336452,-0.03785379,-0.2197599,-0.2543355,-0.01772346,-0.9416501,0.48678,-0.4048585,0.7740381,0.08721754,0.04524112,-0.03790079,-0.1899374,-0.0608063,-0.01560798,-0.9797871,0.1250835,-0.3702982,0.9204528,0.05245265,0.05022955,-0.1663983,0.0140015,0.0005485891,0.01516398,0.9997869,0.001521581,-0.0279804,0.9996073
Fixation,25.0075,0.01805394,0.04336464,-0.03786236,-0.2195738,-0.2544109,-0.01768882,-0.9416739,0.4869121,-0.4045333,0.774125,0.08723758,0.04523408,-0.03791396,-0.190016,-0.06082995,-0.01555597,-0.9797712,0.1251106,-0.3704518,0.9203873,0.0524726,0.0502274,-0.1664082,0.01407857,0.0005819529,0.01511254,0.9997866,0.001589183,-0.02813355,0.9996029
Fixation,25.0182,0.01807372,0.04335606,-0.03785667,-0.2196379,-0.254382,-0.01768413,-0.9416668,0.4868544,-0.4046543,0.774098,0.08725747,0.04522181,-0.03790482,-0.1900747,-0.0613092,-0.01554443,-0.9797302,0.1260422,-0.3705378,0.9202256,0.05249315,0.05021811,-0.1664001,0.01413947,0.0005574653,0.01508597,0.9997861,0.001541307,-0.02825607,0.9995995
Fixation,25.0295,0.01808998,0.0433352,-0.03784279,-0.2197153,-0.2543533,-0.01767861,-0.9416566,0.4867954,-0.4047995,0.7740592,0.08727384,0.04519653,-0.03788763,-0.1901491,-0.06128071,-0.01552275,-0.9797179,0.1259789,-0.3706824,0.920176,0.0525102,0.05019629,-0.1663837,0.01421341,0.0005340229,0.01505531,0.9997855,0.001495791,-0.02840464,0.9995954
Fixation,25.0407,0.0181007,0.04332554,-0.03783255,-0.2195412,-0.2543259,-0.01771251,-0.941704,0.4867766,-0.404476,0.7742401,0.08728458,0.04518664,-0.03786881,-0.1902302,-0.06122038,-0.01553733,-0.9797056,0.1258672,-0.3708368,0.9201291,0.05252199,0.05018795,-0.1663682,0.01429615,0.0004728813,0.01505423,0.9997844,0.001375994,-0.02857189,0.9995908
Fixation,25.0517,0.01810246,0.04332566,-0.03782374,-0.2195866,-0.2543389,-0.01772396,-0.9416897,0.4868004,-0.4045491,0.774187,0.08728632,0.04518712,-0.03786178,-0.1903548,-0.06170404,-0.01554592,-0.979651,0.1268153,-0.3710441,0.9199153,0.05252347,0.05018902,-0.1663597,0.01434497,0.0004863757,0.01505638,0.9997836,0.001404508,-0.02866908,0.999588
Fixation,25.0631,0.01810404,0.04331863,-0.0378148,-0.219311,-0.2546227,-0.01780778,-0.9416755,0.4873549,-0.403971,0.7741399,0.08728771,0.04518747,-0.03784269,-0.190402,-0.06164289,-0.01561477,-0.9796445,0.1267224,-0.3711275,0.9198945,0.05252554,0.05018651,-0.1663451,0.01439652,0.0004144793,0.01511042,0.9997821,0.001263853,-0.02877423,0.9995852
Fixation,25.0737,0.01810559,0.04330873,-0.03781126,-0.2193369,-0.2545906,-0.01788101,-0.9416769,0.4873281,-0.4039842,0.77415,0.08728905,0.04518521,-0.0378326,-0.1904404,-0.06160751,-0.01568041,-0.9796383,0.1266785,-0.3711933,0.919874,0.05252711,0.05018115,-0.1663377,0.01443914,0.0003684531,0.01516639,0.9997807,0.001174723,-0.02886076,0.9995828
Fixation,25.0852,0.01807977,0.04329777,-0.03780917,-0.2194138,-0.2545564,-0.0179329,-0.9416672,0.4872842,-0.4040997,0.7741173,0.08726315,0.04517734,-0.03782468,-0.1900781,-0.06207735,-0.01572325,-0.9796783,0.127609,-0.3704787,0.9200334,0.05250168,0.05017328,-0.1663317,0.01452688,0.0003276673,0.01518893,0.999779,0.001096485,-0.02903739,0.9995777
Fixation,25.0963,0.01806486,0.04330599,-0.03781564,-0.2191987,-0.2548027,-0.01797329,-0.9416499,0.4877493,-0.4036576,0.7740551,0.08724819,0.04518759,-0.03782818,-0.1901471,-0.06205999,-0.01574603,-0.9796656,0.1275842,-0.3706067,0.9199853,0.0524869,0.05018389,-0.1663359,0.01459817,0.0003073329,0.01520417,0.9997778,0.001058436,-0.02918052,0.9995736
Fixation,25.1077,0.0180546,0.04332256,-0.03782515,-0.219231,-0.2547789,-0.01792449,-0.9416497,0.4876842,-0.4037441,0.774051,0.08723815,0.04519594,-0.0378361,-0.1901686,-0.06203759,-0.01569109,-0.9796637,0.1275199,-0.3706558,0.9199744,0.05247764,0.05019665,-0.1663443,0.01461649,0.0002951523,0.01514496,0.9997784,0.001032906,-0.02921756,0.9995725
Fixation,25.1189,0.01806109,0.04333687,-0.03782982,-0.2191124,-0.2547892,-0.01799532,-0.9416732,0.4877423,-0.4034945,0.7741445,0.08724427,0.04522395,-0.03783921,-0.1899153,-0.06254148,-0.01579157,-0.9796792,0.1285393,-0.3701369,0.9200415,0.05248301,0.05021596,-0.1663494,0.01451728,0.0002841207,0.01524386,0.9997784,0.001010714,-0.02901947,0.9995784
Fixation,25.1296,0.01808216,0.0433681,-0.03784984,-0.2187203,-0.2549673,-0.01805078,-0.9417151,0.4881092,-0.4027397,0.7743062,0.0872651,0.04526436,-0.03785281,-0.1898303,-0.06250775,-0.01586058,-0.9796968,0.1284989,-0.3699694,0.9201145,0.052504,0.05025041,-0.1663672,0.01443477,0.0002377476,0.01531077,0.9997786,0.0009174048,-0.02885587,0.9995832
Fixation,25.1407,0.01808798,0.04341233,-0.03785883,-0.2186795,-0.254962,-0.01802984,-0.9417264,0.4880943,-0.4026788,0.7743473,0.08727095,0.04530704,-0.03786142,-0.1897857,-0.06250253,-0.01584799,-0.9797059,0.1284837,-0.3698873,0.9201496,0.05251003,0.05029297,-0.1663766,0.01438866,0.0002342989,0.01530013,0.9997794,0.0009087911,-0.0287638,0.9995858
Fixation,25.1517,0.01809972,0.04341233,-0.03786394,-0.2185667,-0.2549706,-0.01790802,-0.9417526,0.4880667,-0.4025394,0.7744372,0.08728302,0.04529536,-0.03787068,-0.1894076,-0.06316648,-0.01576071,-0.9797379,0.1297436,-0.3691486,0.9202695,0.05252249,0.05028486,-0.1663854,0.01424585,0.0002613391,0.01521522,0.9997827,0.0009560719,-0.02847755,0.999594
Fixation,25.1630,0.01811369,0.04339981,-0.03787221,-0.2182895,-0.2552439,-0.0178687,-0.9417436,0.4885497,-0.4020238,0.7744005,0.0872971,0.04527867,-0.03788152,-0.1893662,-0.06317866,-0.01572573,-0.9797457,0.1297539,-0.3690743,0.9202978,0.05253657,0.05026948,-0.1663955,0.01420169,0.0002790204,0.0151855,0.9997838,0.0009892395,-0.02838876,0.9995965
Fixation,25.1743,0.01813446,0.04335928,-0.03788501,-0.2182917,-0.2552624,-0.0178708,-0.941738,0.4885827,-0.4020237,0.7743797,0.08731784,0.04523897,-0.03789687,-0.1893695,-0.06319775,-0.01572791,-0.9797438,0.129792,-0.3690793,0.9202904,0.05255694,0.05022943,-0.1664095,0.01420545,0.0002975001,0.0151908,0.9997836,0.001026456,-0.0283957,0.9995962
Fixation,25.1850,0.01815983,0.04332793,-0.03789648,-0.2183948,-0.2552864,-0.0180007,-0.9417052,0.4886716,-0.4021363,0.7742651,0.08734282,0.04522181,-0.03790844,-0.1893999,-0.06394996,-0.01584558,-0.9796872,0.1313042,-0.3690786,0.9200762,0.05258083,0.0502075,-0.1664194,0.01434241,0.0003013478,0.01529261,0.9997802,0.001041229,-0.02866931,0.9995884
Fixation,25.1996,0.01816828,0.04328656,-0.0379014,-0.2183071,-0.2554689,-0.01806049,-0.9416749,0.4890228,-0.4019208,0.7741553,0.08735108,0.04518759,-0.03791444,-0.1894361,-0.06396789,-0.01589781,-0.9796782,0.1313591,-0.3691389,0.9200441,0.05258842,0.0501703,-0.1664244,0.01438278,0.0003103091,0.01534487,0.9997787,0.001061885,-0.02874967,0.9995861
Fixation,25.2137,0.01815113,0.0432744,-0.03790013,-0.2184207,-0.2554868,-0.01801384,-0.9416445,0.4890248,-0.4021447,0.7740378,0.08733419,0.0451659,-0.03791788,-0.1895404,-0.06398948,-0.01583022,-0.9796577,0.1313765,-0.3693434,0.9199596,0.05257158,0.05015516,-0.1664243,0.0144847,0.0003446712,0.01527592,0.9997783,0.001131724,-0.02895244,0.9995801
Fixation,25.2204,0.0181591,0.04328883,-0.03790328,-0.2185065,-0.2554803,-0.01797323,-0.9416271,0.488989,-0.4023198,0.7739694,0.08734239,0.04517186,-0.03792197,-0.1895998,-0.06464502,-0.01578229,-0.979604,0.1326377,-0.3694249,0.9197459,0.05258025,0.05016661,-0.166427,0.01455922,0.0003513974,0.01521455,0.9997782,0.001145663,-0.02910128,0.9995758
Fixation,25.2295,0.01815902,0.04333282,-0.03789142,-0.2185514,-0.2554658,-0.01792255,-0.9416217,0.4889383,-0.4024282,0.773945,0.08734253,0.04520738,-0.03790993,-0.1896339,-0.06463234,-0.01572336,-0.9795991,0.1325909,-0.369498,0.9197233,0.05258102,0.0502069,-0.1664147,0.01458999,0.0003496246,0.01515232,0.9997787,0.001141239,-0.02916293,0.999574
Fixation,25.2404,0.0181581,0.04338539,-0.03788651,-0.2183676,-0.2556059,-0.01783643,-0.9416279,0.4891611,-0.4021239,0.7739624,0.08734202,0.04524493,-0.03789957,-0.1896574,-0.06457338,-0.01562569,-0.9796001,0.1324392,-0.3695588,0.9197207,0.05258225,0.05025232,-0.1664069,0.01460687,0.0003088631,0.01504453,0.9997801,0.001057097,-0.02919802,0.9995731
Fixation,25.2518,0.01813964,0.04341972,-0.03786522,-0.2183881,-0.2556058,-0.0177659,-0.9416245,0.4891292,-0.402197,0.7739446,0.08732383,0.04526925,-0.03788057,-0.1897097,-0.0650858,-0.01555934,-0.979557,0.133414,-0.3696375,0.9195482,0.0525645,0.05028176,-0.1663867,0.0146091,0.0003243312,0.01497271,0.9997811,0.001085996,-0.0292021,0.9995729
Fixation,25.2630,0.01814564,0.0434432,-0.03787918,-0.2184217,-0.255549,-0.01780488,-0.9416314,0.489044,-0.4022455,0.7739732,0.08732978,0.045295,-0.03788563,-0.189748,-0.06502627,-0.01558926,-0.9795531,0.1333094,-0.3697091,0.9195346,0.05257136,0.05030704,-0.1663957,0.01464933,0.0002608122,0.01498921,0.9997803,0.0009606737,-0.0292844,0.9995707
Fixation,25.2742,0.01816136,0.04345775,-0.03790247,-0.2182887,-0.2555644,-0.01791676,-0.941656,0.4891295,-0.4019479,0.7740738,0.08734523,0.0453198,-0.0378945,-0.189812,-0.06493893,-0.01568564,-0.979545,0.1331758,-0.3698215,0.9195087,0.05258782,0.0503279,-0.166411,0.01471956,0.0001585258,0.01506452,0.9997782,0.0007604674,-0.02942781,0.9995666
Fixation,25.2851,0.01816037,0.04346299,-0.03789843,-0.2183236,-0.2555525,-0.01797306,-0.94165,0.48913,-0.4019828,0.7740554,0.08734407,0.04533076,-0.03788733,-0.1898864,-0.06535703,-0.01573945,-0.9795019,0.1340121,-0.3699309,0.9193432,0.05258661,0.05033684,-0.1664048,0.01476802,0.000137096,0.01510643,0.9997768,0.0007203148,-0.0295253,0.9995638
Fixation,25.2963,0.01816861,0.04346859,-0.03789452,-0.2183163,-0.2555419,-0.0179848,-0.9416544,0.4891171,-0.4019652,0.7740726,0.08735228,0.0453378,-0.03788153,-0.189881,-0.06534559,-0.01575209,-0.9795035,0.1339945,-0.3699195,0.9193503,0.05259494,0.05034304,-0.1664,0.01476314,0.0001235234,0.01511717,0.9997767,0.0006933453,-0.02951596,0.9995641
Fixation,25.3072,0.01818819,0.04348898,-0.03790092,-0.2179765,-0.2557007,-0.01788949,-0.9416918,0.4893815,-0.4013846,0.7742068,0.08737211,0.045349,-0.0378975,-0.1898079,-0.0653999,-0.01566922,-0.9795154,0.1340687,-0.36979,0.9193916,0.05261429,0.05035746,-0.1664121,0.0146841,0.0001907623,0.01504992,0.9997789,0.0008234292,-0.02935597,0.9995687
Fixation,25.3186,0.01821067,0.04351902,-0.03789994,-0.2179012,-0.2557516,-0.01772599,-0.9416985,0.4894069,-0.4013275,0.7742203,0.08739504,0.04536188,-0.0379081,-0.1898186,-0.06576309,-0.01552899,-0.9794912,0.1347241,-0.3698089,0.9192882,0.05263709,0.05037701,-0.1664183,0.0145703,0.0002712169,0.014925,0.9997824,0.0009772391,-0.02912616,0.9995753
Fixation,25.3302,0.01822478,0.04354441,-0.03791631,-0.2175799,-0.2557503,-0.01764242,-0.9417747,0.4893956,-0.4007984,0.7745015,0.08740938,0.04537857,-0.03792808,-0.1897474,-0.06577586,-0.01545755,-0.9795052,0.1347217,-0.3696836,0.9193389,0.05265166,0.0503968,-0.1664374,0.01449332,0.0002954911,0.01486156,0.9997845,0.001021642,-0.02897161,0.9995797
Fixation,25.3406,0.01825063,0.04354596,-0.03793084,-0.217599,-0.2558486,-0.01758583,-0.9417446,0.4895415,-0.4008468,0.7743843,0.08743536,0.04537511,-0.03795819,-0.1897596,-0.06587943,-0.01540115,-0.9794968,0.1349024,-0.3697087,0.9193023,0.05267609,0.05039608,-0.1664596,0.0145033,0.0004077076,0.01482367,0.9997849,0.001245224,-0.02898827,0.999579
Fixation,25.3518,0.01827506,0.04353714,-0.03794046,-0.2176609,-0.2558538,-0.01759291,-0.9417288,0.4895484,-0.4009527,0.7743251,0.08745983,0.04536521,-0.03796875,-0.1896554,-0.06610573,-0.01539966,-0.9795018,0.1353426,-0.3694997,0.9193217,0.05270049,0.05038774,-0.1664689,0.01456691,0.0004151222,0.0148158,0.9997841,0.001261706,-0.02911523,0.9995753
Fixation,25.3630,0.01829359,0.04349518,-0.03795153,-0.2172564,-0.2561797,-0.01774527,-0.9417307,0.4902152,-0.4001022,0.7743431,0.0874778,0.04534352,-0.03798464,-0.1897146,-0.06616832,-0.0155409,-0.9794839,0.1355183,-0.3695882,0.9192603,0.05271637,0.05035698,-0.1664815,0.01463712,0.0004528263,0.01496184,0.9997808,0.001343451,-0.02925427,0.9995711
Fixation,25.3738,0.0182774,0.04341745,-0.03793485,-0.2172884,-0.2562318,-0.01777855,-0.9417085,0.4903176,-0.4001339,0.774262,0.08746149,0.04527056,-0.03797445,-0.1897547,-0.06622141,-0.01556873,-0.979472,0.1356325,-0.3696569,0.9192157,0.05269888,0.05028236,-0.1664676,0.01468038,0.0005008162,0.01499601,0.9997796,0.001441706,-0.02933927,0.9995685
Fixation,25.3852,0.01829224,0.04340172,-0.03794183,-0.2172477,-0.2562056,-0.01783803,-0.9417239,0.4903004,-0.4000344,0.7743242,0.08747611,0.04526329,-0.03797568,-0.1898722,-0.06656051,-0.01563879,-0.9794252,0.1363208,-0.3698494,0.9190365,0.05271362,0.05027032,-0.166472,0.01465372,0.0004597724,0.01505707,0.9997792,0.001360626,-0.02928712,0.9995701
Fixation,25.3960,0.01829957,0.04340422,-0.03795158,-0.2172254,-0.2562368,-0.01780116,-0.9417213,0.490341,-0.400009,0.7743117,0.08748351,0.04526269,-0.03799075,-0.1898444,-0.06659362,-0.01560789,-0.9794288,0.1363735,-0.3697994,0.9190488,0.05272061,0.05027092,-0.1664848,0.01462386,0.000497516,0.01503432,0.9997799,0.001434532,-0.02922633,0.9995718
Fixation,25.4071,0.01828638,0.04340112,-0.03794323,-0.2168958,-0.256459,-0.01777231,-0.9417373,0.4907435,-0.3994021,0.77437,0.08747045,0.04525506,-0.03798141,-0.1898326,-0.06658033,-0.01557653,-0.9794325,0.1363357,-0.3697823,0.9190613,0.05270799,0.05026531,-0.1664761,0.01460963,0.0004897619,0.01500192,0.9997806,0.001417654,-0.02919816,0.9995726
Fixation,25.4184,0.01828398,0.04340148,-0.03794686,-0.2168617,-0.256411,-0.01775429,-0.9417586,0.4906549,-0.3993579,0.7744489,0.08746812,0.0452528,-0.03797863,-0.1898533,-0.06695341,-0.01556974,-0.9794033,0.1370607,-0.3698009,0.918946,0.05270667,0.05026364,-0.166477,0.01456836,0.0004426395,0.01498358,0.9997815,0.001321658,-0.02911709,0.9995751
Fixation,25.4298,0.01828432,0.04340839,-0.03795972,-0.2168511,-0.256379,-0.01782172,-0.9417685,0.4906287,-0.3993088,0.7744908,0.08746824,0.04526794,-0.0379849,-0.1898542,-0.06691813,-0.01563703,-0.9794044,0.1370173,-0.3697952,0.9189547,0.052707,0.05027461,-0.1664865,0.01457336,0.0003960356,0.01504339,0.9997806,0.001230363,-0.0291284,0.9995749
Fixation,25.4405,0.01828973,0.04342401,-0.03797331,-0.2165533,-0.256145,-0.01783825,-0.9419004,0.490252,-0.398805,0.7749888,0.08747372,0.04528153,-0.03799313,-0.1899437,-0.06687821,-0.01563534,-0.9793898,0.1369394,-0.3699666,0.9188973,0.05271324,0.05029094,-0.1664964,0.01466382,0.0003580677,0.01502897,0.9997795,0.001156741,-0.0293104,0.9995697
Fixation,25.4524,0.01827394,0.04342854,-0.03800024,-0.2165485,-0.256075,-0.01784194,-0.9419204,0.4901318,-0.3988052,0.7750646,0.08745796,0.04528451,-0.03801013,-0.1897456,-0.06748026,-0.01564778,-0.9793867,0.1381167,-0.3695569,0.918886,0.05269882,0.05029452,-0.1665184,0.01465608,0.000286093,0.01501922,0.9997798,0.001012306,-0.02929712,0.9995703
Fixation,25.4628,0.01827716,0.0434252,-0.03800935,-0.2164405,-0.2559976,-0.01787888,-0.9419656,0.4900212,-0.3986051,0.7752375,0.08746102,0.04528737,-0.03800654,-0.1896425,-0.0673979,-0.01570286,-0.9794114,0.1379764,-0.3693593,0.9189865,0.05270303,0.05029261,-0.1665224,0.01455396,0.0001938792,0.01506545,0.9997805,0.0008261972,-0.02909569,0.9995763
Fixation,25.4742,0.01828795,0.04342163,-0.03802966,-0.216356,-0.2557246,-0.01795737,-0.9420577,0.489585,-0.3984554,0.77559,0.08747158,0.04529214,-0.03801963,-0.1896881,-0.06735871,-0.0157746,-0.9794042,0.1379273,-0.3694375,0.9189625,0.05271386,0.05029404,-0.1665385,0.01460467,0.0001432097,0.01512606,0.9997789,0.0007281781,-0.02919854,0.9995733
Fixation,25.4851,0.01829068,0.04344022,-0.03801928,-0.216302,-0.2557044,-0.01795733,-0.9420756,0.4895541,-0.3983621,0.7756575,0.08747427,0.04531205,-0.03800606,-0.1896338,-0.06733725,-0.01578449,-0.979416,0.1378889,-0.3693349,0.9190094,0.05271688,0.0503124,-0.1665272,0.01454988,0.000119613,0.01513549,0.9997796,0.0006796123,-0.02908972,0.9995766
Fixation,25.4965,0.0182953,0.04345977,-0.03800749,-0.2161479,-0.2557022,-0.01783298,-0.9421139,0.4895102,-0.398152,0.775793,0.08747919,0.04532063,-0.03799666,-0.1901563,-0.07124282,-0.01574221,-0.979039,0.145486,-0.3700979,0.9175301,0.05272238,0.05032337,-0.1665188,0.0143649,0.0001335052,0.01505639,0.9997835,0.0006995196,-0.02871955,0.9995872
Fixation,25.5078,0.01831314,0.04347324,-0.03801183,-0.2158751,-0.2556712,-0.0177802,-0.9421858,0.4894562,-0.3976971,0.7760603,0.08749716,0.04532957,-0.038008,-0.1901136,-0.07128577,-0.01569803,-0.9790449,0.1455527,-0.3700214,0.9175503,0.05273983,0.05033374,-0.1665272,0.01431887,0.0001830919,0.01502354,0.9997846,0.0007963451,-0.02862607,0.9995899
Fixation,25.5187,0.01833786,0.04346943,-0.03800236,-0.2159548,-0.2556609,-0.01765056,-0.9421728,0.4893768,-0.3979084,0.7760021,0.08752241,0.04530573,-0.03800154,-0.1892334,-0.07077669,-0.01555155,-0.9792546,0.1445026,-0.368414,0.9183627,0.05276613,0.05032074,-0.1665187,0.01436423,0.0002033062,0.01487871,0.9997861,0.0008339678,-0.02871626,0.9995872
Fixation,25.5297,0.01833951,0.04342842,-0.03798502,-0.2159719,-0.2557699,-0.01760919,-0.94214,0.4895484,-0.3979437,0.7758757,0.08752413,0.0452621,-0.03800081,-0.1892471,-0.07089075,-0.01551072,-0.9792444,0.1447095,-0.3684391,0.9183201,0.052766,0.05027854,-0.1665095,0.01437668,0.0003231979,0.01485778,0.9997862,0.001073469,-0.02873762,0.9995864
Fixation,25.5406,0.01835595,0.04341459,-0.03797664,-0.2157677,-0.2556789,-0.01769609,-0.9422099,0.4894428,-0.397548,0.7761452,0.08754024,0.04526031,-0.03799326,-0.1892669,-0.07091339,-0.01559656,-0.9792376,0.1447859,-0.3684624,0.9182987,0.05278113,0.05027115,-0.1665012,0.01440318,0.0003307677,0.01494472,0.9997845,0.001091896,-0.02879026,0.9995849
Fixation,25.5520,0.01836859,0.0433948,-0.03797926,-0.2158312,-0.255701,-0.01780624,-0.9421873,0.4895228,-0.3976007,0.7760678,0.08755255,0.0452534,-0.03799611,-0.1872973,-0.0712743,-0.01570436,-0.9795883,0.1455217,-0.3647098,0.9196794,0.05279243,0.05025947,-0.1665028,0.01449561,0.0003347536,0.01503741,0.9997818,0.001105314,-0.02897484,0.9995795
Fixation,25.5635,0.0183697,0.04337478,-0.03796962,-0.2158361,-0.2556793,-0.01791942,-0.9421899,0.4895322,-0.397554,0.7760857,0.08755328,0.0452472,-0.03798005,-0.1873221,-0.07124807,-0.01581385,-0.9795836,0.1455114,-0.364742,0.9196683,0.05279293,0.05024683,-0.1664896,0.01452829,0.0002902423,0.0151387,0.9997798,0.001020236,-0.0290414,0.9995777
Fixation,25.5743,0.01837019,0.04336452,-0.03796303,-0.2157273,-0.2555799,-0.01804824,-0.9422393,0.4894219,-0.397308,0.7762812,0.08755334,0.04525304,-0.03797336,-0.1873937,-0.07126992,-0.01593272,-0.9795665,0.1455986,-0.3648582,0.9196084,0.0527918,0.05024588,-0.166482,0.01460975,0.0002921874,0.01525439,0.9997769,0.00102997,-0.02920406,0.9995729
Fixation,25.5857,0.01837236,0.04335427,-0.03796311,-0.2157344,-0.2555498,-0.01805961,-0.9422457,0.4893734,-0.3973193,0.776306,0.0875555,0.04524314,-0.03796892,-0.187243,-0.07099643,-0.0159389,-0.979615,0.1450672,-0.3645889,0.9197991,0.05279449,0.05023599,-0.1664797,0.01461793,0.0002597032,0.01525716,0.9997767,0.0009653467,-0.0292214,0.9995725
Fixation,25.5965,0.01837695,0.04336023,-0.03795628,-0.2157526,-0.2555142,-0.0179968,-0.9422523,0.4892834,-0.3973899,0.7763266,0.08756036,0.04523921,-0.03795914,-0.1872481,-0.07096215,-0.01587274,-0.9796176,0.1449758,-0.3646103,0.919805,0.05280044,0.05023706,-0.1664714,0.01461799,0.0002373573,0.01518585,0.9997778,0.0009185823,-0.02922227,0.9995725
Fixation,25.6078,0.01836845,0.04336286,-0.03794076,-0.2156381,-0.2552969,-0.01801177,-0.9423372,0.4889196,-0.3972108,0.7766474,0.08755183,0.04524279,-0.03794222,-0.1872774,-0.07095393,-0.01588375,-0.9796125,0.144964,-0.3646645,0.9197854,0.05279199,0.05024076,-0.1664548,0.01464842,0.0002277274,0.01519325,0.9997773,0.0009004679,-0.0292834,0.9995707
Fixation,25.6191,0.01836123,0.04335749,-0.03793081,-0.2156056,-0.2552995,-0.01789567,-0.9423461,0.4888779,-0.3972127,0.7766727,0.08754498,0.04522347,-0.03793591,-0.1870942,-0.07093222,-0.0157761,-0.9796507,0.1448808,-0.3643359,0.9199288,0.05278574,0.05022728,-0.1664474,0.01458663,0.0002517893,0.01509218,0.9997797,0.0009437556,-0.02915923,0.9995744
Fixation,25.6299,0.01836817,0.04336882,-0.03792793,-0.215599,-0.2552956,-0.01789286,-0.9423487,0.4888704,-0.397203,0.7766824,0.08755194,0.04523456,-0.03793253,-0.187087,-0.07092822,-0.01577446,-0.9796524,0.1448724,-0.3643228,0.9199353,0.05279277,0.05023837,-0.1664444,0.01457918,0.0002480395,0.01509037,0.9997798,0.0009359804,-0.02914445,0.9995748
Fixation,25.6410,0.0183768,0.04337323,-0.03792911,-0.2154131,-0.2553233,-0.01791382,-0.9423833,0.4889426,-0.3968557,0.7768145,0.08756056,0.04523885,-0.03793041,-0.1871471,-0.07090537,-0.01578198,-0.9796425,0.1448309,-0.3644364,0.9198968,0.05280179,0.05024374,-0.1664432,0.01464039,0.0002249412,0.0150897,0.9997789,0.0008916211,-0.02926752,0.9995712
Fixation,25.6520,0.01835397,0.04339039,-0.03788439,-0.2154315,-0.255297,-0.01794046,-0.9423858,0.4889064,-0.3968788,0.7768254,0.08753768,0.04525805,-0.03788134,-0.1864659,-0.07004031,-0.01579466,-0.9798344,0.1431461,-0.3631988,0.9206496,0.05277929,0.05026233,-0.166396,0.01466399,0.0001939532,0.01510485,0.9997784,0.0008308153,-0.02931563,0.9995698
Fixation,25.6630,0.01836464,0.04339862,-0.03787445,-0.2153967,-0.2553261,-0.01791911,-0.9423862,0.4889511,-0.3968233,0.7768257,0.08754838,0.04526556,-0.03787587,-0.1864287,-0.07007066,-0.01578122,-0.9798395,0.1432001,-0.3631287,0.9206689,0.05278949,0.0502696,-0.1663888,0.01462564,0.0002257677,0.01509941,0.999779,0.0008931124,-0.029238,0.9995721
Fixation,25.6788,0.01839697,0.04342151,-0.03785408,-0.21526,-0.2552839,-0.01783757,-0.9424304,0.4888541,-0.3966278,0.7769865,0.08758092,0.04527998,-0.03786391,-0.1863903,-0.07011844,-0.01570786,-0.9798446,0.1432659,-0.3630643,0.9206841,0.05282163,0.0502876,-0.1663731,0.01458217,0.0002850684,0.01503817,0.9997805,0.00100859,-0.02914936,0.9995745
Fixation,25.6888,0.01838935,0.0434196,-0.03784866,-0.2152193,-0.2553633,-0.01779498,-0.942419,0.4889782,-0.3965651,0.7769405,0.08757335,0.0452764,-0.0378706,-0.1849295,-0.07025927,-0.01568156,-0.9801117,0.1435238,-0.3602996,0.9217294,0.05281271,0.05028391,-0.1663743,0.01453525,0.0003718271,0.01502447,0.9997814,0.001180261,-0.02905298,0.9995772
Fixation,25.6998,0.01840471,0.04342556,-0.03783476,-0.2147944,-0.2552659,-0.01772376,-0.9425437,0.4888124,-0.3958577,0.7774054,0.08758888,0.04527605,-0.03786749,-0.184893,-0.07032672,-0.0156188,-0.9801147,0.1436321,-0.3602358,0.9217374,0.0528274,0.05028605,-0.1663663,0.01449459,0.0004487008,0.01497682,0.9997827,0.001331373,-0.02896945,0.9995794
Fixation,25.7108,0.01844008,0.04343545,-0.03781972,-0.2147461,-0.2554097,-0.01771092,-0.942516,0.4890622,-0.3957562,0.7773,0.08762412,0.04529023,-0.03787263,-0.1848486,-0.07047495,-0.01561986,-0.9801124,0.1439214,-0.3601431,0.9217286,0.05285987,0.05029726,-0.1663618,0.01445138,0.0005943599,0.01500631,0.9997828,0.001622186,-0.02887865,0.9995816
Fixation,25.7217,0.01845504,0.04343224,-0.03781363,-0.2148057,-0.2554395,-0.01766323,-0.9424952,0.4890893,-0.395883,0.7772183,0.08763926,0.04527962,-0.03787254,-0.1833264,-0.07043521,-0.01556708,-0.980402,0.1438174,-0.3572741,0.9228606,0.05287479,0.05029118,-0.1663581,0.01450002,0.000637537,0.0149523,0.9997829,0.001708414,-0.02897467,0.9995787
Fixation,25.7333,0.01842752,0.04342151,-0.03777259,-0.2144033,-0.2553261,-0.01765587,-0.9426177,0.4889208,-0.3951848,0.7776796,0.08761165,0.04527199,-0.03784237,-0.1832806,-0.07051598,-0.01557212,-0.9804047,0.1439765,-0.3571821,0.9228715,0.05284564,0.05028129,-0.1663231,0.01445485,0.0007159068,0.01497408,0.9997832,0.001864399,-0.02888198,0.9995811
Fixation,25.7443,0.01844653,0.0434109,-0.0377563,-0.214478,-0.2554025,-0.01761765,-0.9425808,0.4890321,-0.3953265,0.7775375,0.08763079,0.04525626,-0.03783842,-0.1833505,-0.07059709,-0.01552287,-0.9803866,0.1441171,-0.357317,0.9227973,0.05286361,0.05026913,-0.1663121,0.01452343,0.0008052526,0.01493475,0.9997827,0.002043963,-0.02901649,0.9995769
Fixation,25.7561,0.01844219,0.04340816,-0.0377541,-0.2144756,-0.2553976,-0.01769284,-0.9425812,0.4890553,-0.3952838,0.7775446,0.08762619,0.04526317,-0.03783326,-0.1823895,-0.07057161,-0.0156002,-0.9805664,0.1440909,-0.3554881,0.9235075,0.05285866,0.05027163,-0.1663082,0.01453995,0.0007851394,0.01500549,0.9997814,0.002006294,-0.02904998,0.999576
Fixation,25.7665,0.01842378,0.04339993,-0.03772823,-0.2145155,-0.2553666,-0.01769477,-0.9425805,0.4889988,-0.3953589,0.777542,0.08760785,0.04525292,-0.03780328,-0.1824282,-0.07054012,-0.01559346,-0.9805616,0.1440272,-0.3555642,0.9234881,0.05284096,0.05026305,-0.1662799,0.01457836,0.0007556373,0.01499093,0.9997811,0.00194803,-0.02912769,0.9995738
Fixation,25.7772,0.01840501,0.04338634,-0.0377102,-0.2141799,-0.2551892,-0.01773412,-0.9427041,0.4887324,-0.3947654,0.7780108,0.08758904,0.04524112,-0.03777447,-0.182468,-0.07046642,-0.01562253,-0.980559,0.1438942,-0.3556395,0.9234799,0.05282333,0.05025101,-0.166256,0.0146199,0.0006784262,0.01500438,0.9997803,0.001795279,-0.02921301,0.9995716
Fixation,25.7886,0.01839297,0.04337358,-0.0377083,-0.2142133,-0.2551534,-0.01777414,-0.9427054,0.488684,-0.3948098,0.7780187,0.08757693,0.04523134,-0.03776659,-0.1819137,-0.07056355,-0.01565813,-0.9806544,0.1440938,-0.3545792,0.9238564,0.05281171,0.05024052,-0.1662506,0.01466132,0.0006360955,0.01502653,0.9997794,0.001712528,-0.02929705,0.9995693
Fixation,25.8004,0.01838219,0.04335368,-0.03770132,-0.2142224,-0.2550731,-0.01777259,-0.9427252,0.4885423,-0.394839,0.778093,0.08756623,0.04520845,-0.03774848,-0.1819191,-0.07048081,-0.01565219,-0.9806594,0.1439302,-0.3545951,0.9238757,0.0528026,0.05021918,-0.166238,0.01466541,0.0005553889,0.01500638,0.9997797,0.001550683,-0.0293077,0.9995692
Fixation,25.8108,0.01831907,0.04332733,-0.03765298,-0.2139169,-0.2550137,-0.0178459,-0.9428092,0.4884936,-0.3942637,0.7784152,0.0875028,0.04519379,-0.03770074,-0.1818923,-0.07050014,-0.01573257,-0.9806617,0.1439968,-0.3545313,0.9238898,0.05273826,0.0501982,-0.1661902,0.01464407,0.0005607026,0.01509049,0.9997787,0.00156313,-0.02926474,0.9995705
Fixation,25.8224,0.01830018,0.04332173,-0.03764047,-0.2139635,-0.2549448,-0.01789433,-0.9428163,0.4883896,-0.3943324,0.7784455,0.08748385,0.04519069,-0.03767746,-0.1811721,-0.07039,-0.01577095,-0.9808024,0.1437919,-0.3531677,0.9244438,0.05272041,0.05019498,-0.1661717,0.01469895,0.0004838072,0.01511052,0.9997777,0.001411617,-0.02937674,0.9995674
Fixation,25.8332,0.0182747,0.04330754,-0.03763583,-0.2139442,-0.254919,-0.01792748,-0.942827,0.4883601,-0.3942847,0.7784883,0.08745825,0.0451808,-0.0376681,-0.181158,-0.07036192,-0.01580626,-0.9808064,0.1437497,-0.3531376,0.924462,0.0526951,0.0501827,-0.1661648,0.01468684,0.0004499917,0.01514149,0.9997774,0.001344544,-0.02935351,0.9995682
Fixation,25.8442,0.01824751,0.04329681,-0.03763802,-0.2136889,-0.2546243,-0.01792109,-0.9429647,0.4878625,-0.3938758,0.7790071,0.08743105,0.04517078,-0.03766763,-0.181105,-0.07034345,-0.01581138,-0.9808174,0.1437152,-0.3530374,0.9245056,0.05266819,0.05017138,-0.1661663,0.01463317,0.000430223,0.015147,0.9997782,0.001303552,-0.02924681,0.9995714
Fixation,25.8555,0.01823325,0.04329026,-0.03763916,-0.213736,-0.2546099,-0.01799193,-0.9429566,0.4878633,-0.3939257,0.7789814,0.0874166,0.04517138,-0.03766496,-0.1809224,-0.07030169,-0.0158719,-0.9808531,0.1436544,-0.3526849,0.9246495,0.05265366,0.05016935,-0.1661648,0.01469722,0.0004042492,0.01519927,0.9997764,0.001255092,-0.02937557,0.9995676
Fixation,25.8665,0.01821389,0.04328871,-0.03763704,-0.2136791,-0.2545893,-0.01803981,-0.9429741,0.4878517,-0.3938023,0.779051,0.08739702,0.04517734,-0.03765814,-0.180874,-0.07027782,-0.01592897,-0.9808629,0.1436281,-0.3525863,0.9246913,0.05263413,0.0501709,-0.1661609,0.01465186,0.0003705773,0.01525466,0.9997762,0.001188007,-0.02928585,0.9995704
Fixation,25.8776,0.01820224,0.04329598,-0.03763963,-0.2134394,-0.2542203,-0.01802995,-0.9431281,0.4872212,-0.3934342,0.7796314,0.08738542,0.04518294,-0.03765729,-0.1808719,-0.07025106,-0.015921,-0.9808653,0.143573,-0.352585,0.9247003,0.05262308,0.05017734,-0.1661618,0.01464884,0.0003454137,0.01524248,0.9997765,0.001137242,-0.02928059,0.9995706
Fixation,25.8890,0.01816078,0.04329848,-0.03767467,-0.2134815,-0.2542732,-0.018026,-0.9431044,0.4873089,-0.3935036,0.7795416,0.08734398,0.04518509,-0.03770012,-0.1810428,-0.07023728,-0.01590959,-0.980835,0.143543,-0.3529112,0.9245805,0.05258068,0.05018032,-0.1662002,0.01469257,0.0004022998,0.01523895,0.9997758,0.001252218,-0.02936629,0.9995679
Fixation,25.8999,0.01815755,0.04330647,-0.03767589,-0.2133617,-0.2542073,-0.01807465,-0.9431484,0.4872233,-0.393274,0.7797109,0.08734052,0.04520154,-0.03768987,-0.1809303,-0.07016589,-0.0159778,-0.9808598,0.1434275,-0.3526924,0.9246819,0.05257807,0.05019069,-0.166197,0.01458243,0.0003189759,0.01530163,0.9997765,0.001084079,-0.02914857,0.9995745
Fixation,25.9109,0.01814209,0.04331326,-0.03768065,-0.2130722,-0.253904,-0.01807568,-0.9432955,0.4867158,-0.392801,0.780266,0.08732499,0.0452106,-0.03769284,-0.1808693,-0.07015549,-0.01599237,-0.9808715,0.1434121,-0.3525751,0.924729,0.05256263,0.0501976,-0.1662016,0.01452136,0.0003055065,0.01531833,0.9997772,0.001055763,-0.02902689,0.9995781
Fixation,25.9218,0.01812635,0.04332459,-0.03768962,-0.2131106,-0.2538931,-0.01810793,-0.9432891,0.4867072,-0.3928548,0.7802444,0.08730918,0.04522455,-0.03769958,-0.1803712,-0.07015488,-0.01601824,-0.9809628,0.1434171,-0.3516274,0.925089,0.0525469,0.05021095,-0.1662089,0.01456708,0.0002902017,0.01533702,0.9997762,0.001027105,-0.02911874,0.9995754
Fixation,25.9334,0.01810011,0.04327226,-0.03769763,-0.2129854,-0.2538821,-0.01815705,-0.9433194,0.4867182,-0.3926071,0.7803621,0.08728266,0.04518259,-0.03770376,-0.1802558,-0.07014006,-0.01608973,-0.9809839,0.1434131,-0.3513989,0.9251764,0.05252014,0.05016184,-0.1662163,0.01445477,0.0002622527,0.01541264,0.9997767,0.0009699606,-0.028895,0.999582
Fixation,25.9441,0.01809959,0.04327691,-0.03769398,-0.2127948,-0.2537141,-0.01816582,-0.9434074,0.4864428,-0.3922865,0.780695,0.08728211,0.04518807,-0.03770056,-0.1802733,-0.07014461,-0.01609651,-0.9809802,0.1434245,-0.351431,0.9251625,0.05251947,0.0501672,-0.1662127,0.01447315,0.0002658411,0.01541888,0.9997764,0.0009778826,-0.02893163,0.9995809
Fixation,25.9554,0.01810269,0.04328907,-0.03768753,-0.212751,-0.25373,-0.01819794,-0.9434124,0.4864873,-0.3921891,0.7807162,0.08728504,0.04520643,-0.03769508,-0.1803056,-0.07041585,-0.01614005,-0.9809542,0.1439697,-0.35147,0.925063,0.05252185,0.05018187,-0.1662071,0.0144387,0.0002731028,0.01546348,0.9997761,0.0009926284,-0.02886249,0.9995829
Fixation,25.9664,0.01808938,0.043293,-0.03766948,-0.2127424,-0.2537534,-0.01816052,-0.9434088,0.4865133,-0.3921896,0.7806998,0.08727184,0.04520643,-0.03768136,-0.1802912,-0.07044128,-0.01610573,-0.9809555,0.144007,-0.3514462,0.9250662,0.0525084,0.05018365,-0.1661914,0.01442198,0.0003037516,0.01543494,0.9997768,0.001052573,-0.02882815,0.9995838
Fixation,25.9778,0.01808664,0.04330611,-0.03765906,-0.2124901,-0.2535809,-0.0181024,-0.9435132,0.486207,-0.3917935,0.7810894,0.08726933,0.04521132,-0.03767009,-0.1802856,-0.07042432,-0.01604757,-0.9809587,0.143953,-0.3514453,0.925075,0.0525066,0.05019248,-0.1661807,0.01441206,0.0002965806,0.01537528,0.9997779,0.001036208,-0.0288086,0.9995844
Fixation,25.9887,0.01808739,0.04331374,-0.03765016,-0.2124704,-0.2535891,-0.01803766,-0.9435166,0.486196,-0.3917905,0.7810978,0.08727027,0.04521143,-0.03766412,-0.1801042,-0.07045835,-0.01598878,-0.9809906,0.1439973,-0.351108,0.9251962,0.05250775,0.05019569,-0.1661737,0.0143766,0.0003165707,0.01532054,0.9997792,0.001073516,-0.02873715,0.9995864
Fixation,25.9997,0.01809607,0.04332864,-0.03764265,-0.2124858,-0.2535773,-0.01801355,-0.9435168,0.4861642,-0.3918322,0.7810966,0.08727907,0.04522228,-0.03765578,-0.1801146,-0.07044732,-0.01596182,-0.9809899,0.1439661,-0.3511322,0.9251918,0.05251693,0.05020881,-0.1661657,0.01438505,0.0003102659,0.01529149,0.9997795,0.001060333,-0.02875428,0.9995859
Fixation,26.0107,0.01812159,0.04330635,-0.03768592,-0.212273,-0.2532399,-0.0180031,-0.9436555,0.4855855,-0.3915069,0.7816195,0.08730461,0.04519916,-0.03769445,-0.1800766,-0.07041322,-0.01595956,-0.9809994,0.1438985,-0.3510626,0.9252288,0.05254311,0.05018544,-0.1662071,0.01434605,0.0002764727,0.01528613,0.9997802,0.000991415,-0.02867734,0.9995883
Fixation,26.0220,0.01813036,0.04331267,-0.03767362,-0.2122766,-0.2532753,-0.01807079,-0.9436439,0.4856754,-0.3914732,0.7815805,0.08731312,0.04521525,-0.03768512,-0.1799263,-0.07065467,-0.01602978,-0.9810084,0.144394,-0.3507532,0.9252689,0.05255053,0.05019701,-0.166196,0.01436873,0.0002991918,0.01535649,0.9997788,0.001039558,-0.02872192,0.9995869
Fixation,26.0328,0.01815205,0.04330909,-0.03766818,-0.212294,-0.2533099,-0.01806978,-0.9436307,0.4857342,-0.3914998,0.7815307,0.0873348,0.04521215,-0.03768466,-0.1799447,-0.07069059,-0.01602668,-0.9810026,0.1444632,-0.3507866,0.9252455,0.05257158,0.05019403,-0.1661928,0.01438763,0.0003354406,0.01535819,0.9997785,0.001112668,-0.02875858,0.9995857
Fixation,26.0443,0.01813637,0.04329824,-0.03764453,-0.212067,-0.2531375,-0.01810001,-0.9437274,0.4854625,-0.3911033,0.781898,0.08731902,0.045205,-0.03766281,-0.1799771,-0.07070861,-0.01605302,-0.9809949,0.1445079,-0.3508431,0.925217,0.05255529,0.05018556,-0.1661697,0.0144226,0.0003492939,0.0153849,0.9997776,0.001142213,-0.02882803,0.9995837
Fixation,26.0558,0.01814547,0.04330254,-0.03763729,-0.212105,-0.253146,-0.01811173,-0.9437163,0.4854792,-0.3911641,0.7818571,0.0873281,0.04520965,-0.03765666,-0.1797977,-0.07121287,-0.01606498,-0.9809911,0.1454953,-0.3504718,0.925203,0.05256418,0.05019081,-0.1661625,0.01446373,0.0003577093,0.01538823,0.9997769,0.001160401,-0.02891,0.9995813
Fixation,26.0665,0.01816446,0.0433023,-0.03762656,-0.2120774,-0.2531707,-0.01807522,-0.9437166,0.4855095,-0.3911298,0.7818555,0.08734717,0.04520631,-0.03765028,-0.1797647,-0.07123936,-0.01603514,-0.9809957,0.1455361,-0.350412,0.9252192,0.05258296,0.0501883,-0.1661544,0.01442846,0.0003884286,0.01536554,0.9997777,0.001220087,-0.02883857,0.9995834
Fixation,26.0776,0.01818233,0.04332185,-0.0376179,-0.2119323,-0.2530619,-0.01808066,-0.9437783,0.4853324,-0.3908831,0.7820888,0.08736506,0.0452255,-0.03764322,-0.1798113,-0.07125058,-0.0160328,-0.9809864,0.1455574,-0.3505001,0.9251825,0.05260066,0.05020845,-0.1661459,0.01447572,0.0004004831,0.01536192,0.9997771,0.001245537,-0.02893268,0.9995806
Fixation,26.0888,0.01818868,0.04331934,-0.03764475,-0.2118969,-0.253084,-0.0180978,-0.94378,0.4853809,-0.3908076,0.7820964,0.08737129,0.04522705,-0.03767242,-0.1797266,-0.07152998,-0.0160606,-0.9809811,0.1461122,-0.3503191,0.9251636,0.05260632,0.0502075,-0.1661743,0.01444614,0.0004175062,0.01539145,0.9997771,0.00127952,-0.02887299,0.9995823
Fixation,26.0997,0.01820052,0.04332078,-0.03763768,-0.2117994,-0.2530841,-0.01804061,-0.943803,0.485365,-0.3906622,0.7821789,0.08738326,0.04522443,-0.03766641,-0.1796195,-0.07153094,-0.01602268,-0.9810013,0.1460999,-0.3501216,0.9252403,0.0526185,0.05020499,-0.1661691,0.01433487,0.0004233806,0.01536165,0.9997792,0.001286989,-0.0286504,0.9995887
Fixation,26.1109,0.01820793,0.04332721,-0.037628,-0.2113152,-0.252986,-0.01799673,-0.9439386,0.4852126,-0.3898314,0.7826878,0.08739083,0.04522491,-0.03765697,-0.1796074,-0.07152473,-0.01597911,-0.9810047,0.1460721,-0.3501056,0.9252508,0.05262648,0.05020821,-0.1661597,0.01431947,0.0004242912,0.01531859,0.9997801,0.001287104,-0.02861965,0.9995896
Fixation,26.1222,0.01822339,0.04333925,-0.03761771,-0.2114139,-0.2529295,-0.01796762,-0.9439322,0.4850938,-0.3900318,0.7826616,0.08740653,0.045228,-0.03764027,-0.1796978,-0.07146873,-0.01593023,-0.980993,0.1459459,-0.3502876,0.9252018,0.05264357,0.05021739,-0.1661452,0.01440696,0.0003781585,0.01525498,0.9997798,0.001195706,-0.02879603,0.9995846
Fixation,26.1332,0.01821858,0.04327011,-0.03764062,-0.2113106,-0.2529438,-0.01800945,-0.9439507,0.4851441,-0.3898228,0.7827346,0.08740146,0.04516828,-0.03766327,-0.1794274,-0.07212341,-0.01600011,-0.9809934,0.1472469,-0.3497262,0.9252081,0.05263785,0.05015123,-0.1661692,0.01431582,0.0003786587,0.01532327,0.9997801,0.001195881,-0.02861374,0.9995898
Fixation,26.1443,0.01823499,0.04323041,-0.03763435,-0.2109489,-0.2527423,-0.01799478,-0.9440859,0.4848129,-0.3892117,0.7832438,0.08741792,0.04512715,-0.03765795,-0.1794207,-0.07212803,-0.01598736,-0.9809945,0.1472513,-0.3497152,0.9252115,0.0526543,0.0501107,-0.1661635,0.01430822,0.0003852514,0.01531195,0.9997803,0.001208507,-0.02859836,0.9995903
Fixation,26.1553,0.01825629,0.04317081,-0.03763018,-0.2110206,-0.2527578,-0.01807517,-0.9440641,0.4848676,-0.3892967,0.7831676,0.08743897,0.04507601,-0.03765403,-0.1795069,-0.07214192,-0.01605348,-0.9809766,0.1473025,-0.3498679,0.9251456,0.05267468,0.05005693,-0.1661584,0.01440057,0.0003891428,0.01537334,0.999778,0.001220882,-0.02878278,0.999585
Fixation,26.1662,0.01824247,0.04313374,-0.03763152,-0.2110589,-0.2527925,-0.01807446,-0.9440463,0.4849252,-0.3893606,0.7831001,0.08742516,0.04503846,-0.0376605,-0.1791381,-0.07280412,-0.01605645,-0.9809951,0.1485936,-0.3491292,0.9252182,0.05266025,0.05002022,-0.1661618,0.01444029,0.0004266315,0.0153701,0.9997775,0.001296971,-0.02886103,0.9995826
Fixation,26.1774,0.01825599,0.0431236,-0.03761701,-0.2105236,-0.2526579,-0.01806726,-0.944202,0.4847273,-0.388424,0.7836876,0.08743878,0.04502475,-0.03764641,-0.1792115,-0.07280304,-0.01603433,-0.9809821,0.148584,-0.3492719,0.9251659,0.05267404,0.05000961,-0.1661466,0.01451315,0.0004301447,0.01534303,0.9997768,0.001305449,-0.02900662,0.9995784
Fixation,26.1888,0.01828503,0.04314876,-0.03758724,-0.2106759,-0.2526812,-0.01795832,-0.9441639,0.4847116,-0.3887497,0.7835358,0.08746834,0.04503107,-0.0376241,-0.1793438,-0.07283293,-0.01589992,-0.9809579,0.1485952,-0.3495414,0.9250623,0.05270398,0.05002749,-0.1661191,0.01463789,0.0004835574,0.01520654,0.9997771,0.001412083,-0.02925456,0.999571
Fixation,26.2003,0.01829208,0.04320025,-0.03756859,-0.2106353,-0.2527013,-0.01785725,-0.9441694,0.4847085,-0.3887258,0.7835496,0.08747569,0.04507136,-0.03761099,-0.1789214,-0.07358455,-0.0158198,-0.9809802,0.150031,-0.3487086,0.9251449,0.0527115,0.05007231,-0.166104,0.01457317,0.0005215913,0.01512495,0.9997793,0.001483789,-0.02912412,0.9995747
Fixation,26.2107,0.0182679,0.04323804,-0.03756161,-0.2102273,-0.2527125,-0.01769832,-0.9442604,0.4846942,-0.3880735,0.7838817,0.08745205,0.04508877,-0.03760867,-0.1788738,-0.07359064,-0.01566563,-0.9809909,0.1499878,-0.3486414,0.9251772,0.05268879,0.05009902,-0.1661,0.0145136,0.0005523718,0.01497767,0.9997823,0.001539263,-0.02900434,0.9995781
Fixation,26.2218,0.01827184,0.04327154,-0.03756791,-0.2102827,-0.2527347,-0.01768693,-0.9442424,0.4847241,-0.3881755,0.7838127,0.08745605,0.04511964,-0.03761876,-0.1784445,-0.07414635,-0.01565369,-0.9810275,0.1510658,-0.3477966,0.9253197,0.0526925,0.05013204,-0.1661076,0.01456691,0.0005801754,0.0149575,0.9997818,0.001595867,-0.02911011,0.999575
Fixation,26.2331,0.01828112,0.04329801,-0.03757557,-0.2103302,-0.2527048,-0.01773817,-0.9442388,0.4846891,-0.3882388,0.783803,0.08746523,0.04515016,-0.03762105,-0.1784996,-0.07411426,-0.01569431,-0.9810192,0.1510179,-0.3478968,0.9252899,0.052702,0.05016148,-0.1661119,0.01462538,0.0005424877,0.01498824,0.9997805,0.001523155,-0.02922808,0.9995716
Fixation,26.2478,0.01828101,0.04328978,-0.03762488,-0.2101336,-0.2526144,-0.01782909,-0.944305,0.4845831,-0.3878527,0.7840596,0.08746482,0.04515314,-0.03766519,-0.1785203,-0.07409232,-0.01578207,-0.9810157,0.1510063,-0.3479238,0.9252816,0.05270141,0.05015934,-0.1661583,0.01465255,0.0005066574,0.01506946,0.999779,0.001454703,-0.02928335,0.9995701
Fixation,26.2634,0.01830282,0.04332483,-0.03763905,-0.2100905,-0.2526352,-0.01781595,-0.9443094,0.4846174,-0.3877789,0.784075,0.08748662,0.04518867,-0.03768237,-0.1782797,-0.07466097,-0.01578578,-0.9810163,0.1521158,-0.3474333,0.9252842,0.05271107,0.0501703,-0.1661751,0.01465867,0.0005123732,0.01507151,0.9997789,0.001466376,-0.0292954,0.9995697
Fixation,26.2707,0.01830282,0.04332483,-0.03763905,-0.2099039,-0.2522791,-0.01781291,-0.9444461,0.484006,-0.3874982,0.7845913,0.08748662,0.04518867,-0.03768237,-0.1782797,-0.07466097,-0.01578578,-0.9810163,0.1521158,-0.3474333,0.9252842,0.05272283,0.05019391,-0.1661745,0.01460749,0.0005278907,0.01507192,0.9997796,0.001495875,-0.02919263,0.9995727
Fixation,26.2775,0.01831437,0.04335141,-0.03762904,-0.2098146,-0.2523403,-0.01773916,-0.944451,0.4840901,-0.3873665,0.7846044,0.08749829,0.04521036,-0.0376825,-0.1781803,-0.07472568,-0.01573166,-0.9810303,0.1522225,-0.3472494,0.9253358,0.05273364,0.0502162,-0.1661708,0.01450354,0.0005994766,0.01503649,0.9997816,0.001634856,-0.02898271,0.9995786
Fixation,26.2887,0.01833607,0.04337835,-0.03763493,-0.2096674,-0.2523631,-0.01755954,-0.9444809,0.4840676,-0.387191,0.7847049,0.08752047,0.04521954,-0.0376959,-0.177705,-0.07540414,-0.01559239,-0.9810668,0.1534947,-0.3463295,0.9254703,0.05275627,0.0502311,-0.1661827,0.01431344,0.0006495203,0.01490743,0.9997862,0.001725516,-0.02860139,0.9995894
Fixation,26.2994,0.01832711,0.04338431,-0.03763603,-0.2097252,-0.2524192,-0.01751368,-0.944454,0.4841427,-0.3873101,0.7845998,0.08751166,0.04521918,-0.03770655,-0.1777563,-0.07546432,-0.01553867,-0.9810537,0.1535933,-0.3464318,0.9254156,0.05274673,0.05023468,-0.166188,0.01436219,0.0007185191,0.01486079,0.9997861,0.001863598,-0.02869687,0.9995864
Fixation,26.3107,0.01832538,0.04336905,-0.03763893,-0.2094794,-0.2523545,-0.01756078,-0.9445249,0.4840674,-0.3868538,0.7848712,0.08750975,0.04521084,-0.03771022,-0.1777555,-0.07547873,-0.01558716,-0.981052,0.1536385,-0.3464217,0.9254119,0.05274422,0.05022287,-0.1661912,0.01436512,0.0007248306,0.01491093,0.9997854,0.001877745,-0.02870245,0.9995862
Fixation,26.3223,0.01831683,0.04332614,-0.0376573,-0.209457,-0.252368,-0.01764815,-0.9445246,0.4841286,-0.3867669,0.7848763,0.08750086,0.04518056,-0.03772777,-0.1775797,-0.0757373,-0.0156814,-0.9810624,0.1541754,-0.3460582,0.9254586,0.05273452,0.05018628,-0.1662092,0.0143657,0.0007201901,0.01500199,0.999784,0.001871097,-0.02870358,0.9995862
Fixation,26.3326,0.0183032,0.04327083,-0.03767367,-0.2093516,-0.2524096,-0.01774207,-0.9445351,0.4842482,-0.3865232,0.7849227,0.08748676,0.04514241,-0.03774653,-0.1774933,-0.07577543,-0.01579425,-0.9810733,0.1542892,-0.3458742,0.9255084,0.05271893,0.05013824,-0.1662277,0.01428705,0.0007383237,0.01512554,0.9997833,0.001908526,-0.02854557,0.9995907
Fixation,26.3439,0.01829054,0.04323137,-0.03767373,-0.2091632,-0.2522804,-0.0178339,-0.9446096,0.4840733,-0.3861568,0.7852107,0.08747397,0.04510796,-0.03773434,-0.1776403,-0.07569667,-0.01585678,-0.9810517,0.1541583,-0.346148,0.9254279,0.05270721,0.0501039,-0.1662198,0.01443976,0.0006521296,0.01516342,0.9997805,0.001741885,-0.02885341,0.9995821
Fixation,26.3550,0.01827098,0.04318631,-0.03766849,-0.2091769,-0.2522717,-0.01793992,-0.9446069,0.4841004,-0.3861285,0.785208,0.08745407,0.04507601,-0.03772487,-0.1776723,-0.07568402,-0.01595819,-0.9810452,0.1541695,-0.3461936,0.925409,0.05268685,0.05006599,-0.166212,0.01447972,0.0006234662,0.01525877,0.9997785,0.001688542,-0.02893399,0.9995799
Fixation,26.3658,0.01824767,0.04315627,-0.03765444,-0.209215,-0.2522549,-0.01801314,-0.9446016,0.484098,-0.3861618,0.7851931,0.08743054,0.04505384,-0.03770658,-0.1775859,-0.07587004,-0.01602587,-0.9810455,0.1545558,-0.3460078,0.925414,0.05266326,0.05004084,-0.1661951,0.01453507,0.0005942405,0.01531535,0.9997769,0.001633435,-0.02904545,0.9995767
Fixation,26.3778,0.01823385,0.04315603,-0.03764844,-0.2088446,-0.252064,-0.01798038,-0.9447351,0.4837777,-0.3855412,0.7856953,0.08741692,0.04504704,-0.03769454,-0.1776003,-0.07581901,-0.01598786,-0.9810475,0.154443,-0.3460443,0.9254192,0.05265084,0.0500375,-0.166186,0.0145462,0.000550147,0.01526851,0.9997775,0.001544247,-0.02906913,0.9995762
Fixation,26.3886,0.01820097,0.04312563,-0.03764104,-0.2088638,-0.2520392,-0.01803057,-0.9447365,0.4837531,-0.3855537,0.7857043,0.0873839,0.04502177,-0.03768234,-0.1776273,-0.07579188,-0.01603289,-0.9810439,0.1544061,-0.34609,0.9254082,0.05261803,0.05001032,-0.1661758,0.01457662,0.0005163232,0.01530638,0.9997765,0.001478646,-0.02913092,0.9995745
Fixation,26.4002,0.01817634,0.04312396,-0.03763911,-0.2089284,-0.2519827,-0.01802771,-0.9447374,0.4836479,-0.3856796,0.7857074,0.08735938,0.04501581,-0.037673,-0.177426,-0.07603269,-0.01602138,-0.9810619,0.1548708,-0.3456955,0.925478,0.0525947,0.05000746,-0.1661695,0.01463697,0.0004630604,0.01527637,0.9997761,0.001373113,-0.02925324,0.9995711
Fixation,26.4106,0.01815757,0.04313445,-0.03766162,-0.2085567,-0.2520925,-0.01811827,-0.9447885,0.4839056,-0.3849489,0.785907,0.0873405,0.04503059,-0.03767903,-0.1775517,-0.07592275,-0.016082,-0.9810467,0.1546783,-0.3459311,0.9254223,0.05257748,0.05002236,-0.1661822,0.01476759,0.0003460677,0.01530876,0.9997737,0.001144126,-0.0295179,0.9995636
Fixation,26.4218,0.01814045,0.04315269,-0.03765241,-0.2084781,-0.2520834,-0.0180654,-0.9448093,0.4838739,-0.3848361,0.7859817,0.0873235,0.0450443,-0.03766958,-0.1774642,-0.0759143,-0.01604398,-0.9810638,0.154648,-0.3457715,0.925487,0.05256087,0.05003667,-0.166174,0.01467585,0.0003427384,0.01527637,0.9997756,0.00113371,-0.02933464,0.999569
Fixation,26.4326,0.01812775,0.04315567,-0.03765915,-0.2084741,-0.2520781,-0.01818751,-0.9448092,0.4839147,-0.3847672,0.7859903,0.08731037,0.04506326,-0.037672,-0.1772723,-0.07619976,-0.01616919,-0.9810743,0.1552479,-0.3453703,0.9255363,0.05254711,0.05004811,-0.1661783,0.01470249,0.000313576,0.01539209,0.9997734,0.001079614,-0.02938866,0.9995674
Fixation,26.4440,0.01811898,0.04315901,-0.03765357,-0.2080998,-0.2520592,-0.01827317,-0.9448951,0.4839443,-0.3840531,0.7863213,0.08730135,0.04507554,-0.03765222,-0.1772693,-0.07611062,-0.01625136,-0.9810804,0.155103,-0.345357,0.9255655,0.05253919,0.05005598,-0.1661656,0.01470457,0.0002119734,0.01545854,0.9997724,0.0008784726,-0.0293959,0.9995674
Fixation,26.4551,0.01812321,0.04317558,-0.0376524,-0.2080059,-0.2520272,-0.01824695,-0.9449248,0.4838845,-0.3839024,0.7864316,0.08730561,0.04509103,-0.03764673,-0.1771703,-0.07607746,-0.01624155,-0.981101,0.1550344,-0.3451727,0.9256458,0.05254411,0.05007041,-0.1661635,0.01460316,0.0001794495,0.0154507,0.999774,0.000810076,-0.02919417,0.9995734
Fixation,26.4663,0.01812641,0.04318631,-0.0376441,-0.2079328,-0.2520875,-0.01814797,-0.9449267,0.4839556,-0.3838128,0.7864317,0.08730906,0.04509306,-0.03764928,-0.1768789,-0.07663847,-0.01616667,-0.9811112,0.1561008,-0.3445977,0.9256808,0.05254689,0.05007517,-0.1661617,0.01450886,0.0002557315,0.01538699,0.9997763,0.000957844,-0.02900336,0.9995788
Fixation,26.4773,0.01813979,0.04320252,-0.03762854,-0.207766,-0.2518926,-0.01797487,-0.9450187,0.4835556,-0.3836301,0.7867668,0.08732307,0.04508591,-0.03763965,-0.176881,-0.07665039,-0.01599219,-0.9811127,0.1560628,-0.3446287,0.9256757,0.05256187,0.05007946,-0.1661492,0.01449777,0.0002959221,0.01521716,0.9997791,0.001032943,-0.02898013,0.9995794
Fixation,26.4887,0.01815163,0.04319131,-0.03760155,-0.2077045,-0.2520357,-0.01788242,-0.9449958,0.4837739,-0.3835458,0.7866737,0.08733507,0.04506886,-0.03763496,-0.1768106,-0.07720514,-0.0159224,-0.981083,0.1571198,-0.3444732,0.9255548,0.05257157,0.05006397,-0.1661343,0.01442096,0.0004555662,0.01517311,0.9997808,0.001348554,-0.02882177,0.9995837
Fixation,26.4999,0.01816668,0.0431937,-0.03758116,-0.2077259,-0.2521112,-0.01783998,-0.9449718,0.4838876,-0.3835949,0.7865798,0.08735022,0.04506719,-0.0376265,-0.1768272,-0.07728469,-0.01587927,-0.9810745,0.1572599,-0.3445068,0.9255185,0.05258555,0.05006456,-0.1661197,0.01443545,0.0005415112,0.01514248,0.999781,0.001519962,-0.02884818,0.9995826
Fixation,26.5111,0.01818882,0.04318893,-0.03756069,-0.2071318,-0.25229,-0.01780321,-0.9450552,0.4842311,-0.3825189,0.7868924,0.08737246,0.04505861,-0.0376151,-0.1768299,-0.07734391,-0.01583995,-0.9810699,0.1573615,-0.3445148,0.9254982,0.05260696,0.05005789,-0.1661037,0.01443598,0.0006065448,0.0151133,0.9997814,0.001649175,-0.02884732,0.9995825
Fixation,26.5222,0.01819265,0.04316711,-0.03755115,-0.2071304,-0.2523594,-0.01785264,-0.945036,0.4843732,-0.3824809,0.7868234,0.08737604,0.04504526,-0.03761384,-0.1768397,-0.0774137,-0.01589099,-0.9810619,0.1575156,-0.3445211,0.9254696,0.05260891,0.05004048,-0.1660981,0.01445075,0.0006674329,0.01517421,0.9997802,0.00177313,-0.02887489,0.9995815
Fixation,26.5326,0.01818995,0.04313123,-0.03756819,-0.2071629,-0.2523224,-0.01796265,-0.9450367,0.4843503,-0.3824884,0.7868338,0.08737302,0.04502153,-0.03762272,-0.1769105,-0.07806956,-0.01600133,-0.9809953,0.1588334,-0.3445984,0.9252156,0.05260598,0.05001175,-0.1661104,0.01450876,0.0006104668,0.01526315,0.999778,0.001663561,-0.02899244,0.9995782
Fixation,26.5441,0.01818603,0.04311085,-0.03756773,-0.2066735,-0.2526993,-0.01808816,-0.9450407,0.485099,-0.381488,0.7868582,0.08736863,0.04501796,-0.03763078,-0.1769766,-0.07815225,-0.01611467,-0.980975,0.1590347,-0.3447005,0.925143,0.0525993,0.05000103,-0.1661133,0.01458561,0.0006747615,0.01538322,0.9997751,0.001797967,-0.0291439,0.9995736
Fixation,26.5558,0.01818015,0.04309845,-0.03755421,-0.2065965,-0.2526846,-0.01805536,-0.9450622,0.4850656,-0.3813684,0.7869368,0.08736281,0.04500353,-0.03761566,-0.1767979,-0.07878815,-0.01610477,-0.9809565,0.1602701,-0.3443244,0.9250699,0.05259387,0.04998612,-0.1661,0.01450016,0.0006619069,0.01536842,0.9997765,0.001769207,-0.0289735,0.9995786
Fixation,26.5663,0.01815571,0.04310501,-0.03755036,-0.2065842,-0.2526695,-0.01802689,-0.9450694,0.4850285,-0.381363,0.7869623,0.08733848,0.04500628,-0.03761043,-0.1767802,-0.0787734,-0.0160785,-0.9809613,0.160232,-0.3442959,0.925087,0.05256999,0.04999042,-0.1660957,0.01447997,0.0006513397,0.01534151,0.9997773,0.001746678,-0.0289335,0.9995798
Fixation,26.5775,0.01814035,0.04311395,-0.03755122,-0.2061629,-0.2527472,-0.01801918,-0.9451408,0.4851932,-0.3805972,0.7872314,0.08732324,0.04501116,-0.0375997,-0.1767776,-0.07868599,-0.01606452,-0.980969,0.1600567,-0.3442985,0.9251164,0.05255646,0.04999733,-0.1660908,0.01447507,0.0005670743,0.01531364,0.9997778,0.001577229,-0.02892634,0.9995803
Fixation,26.5887,0.01812035,0.04311717,-0.03754714,-0.2060873,-0.2527408,-0.01798654,-0.9451596,0.4851744,-0.3804789,0.7873002,0.0873033,0.04501247,-0.03759518,-0.1765259,-0.07939561,-0.01605576,-0.9809573,0.1614359,-0.3437793,0.9250699,0.05253674,0.04999816,-0.1660875,0.01439155,0.0005626674,0.01530027,0.9997792,0.001565475,-0.02875952,0.9995852
Fixation,26.6002,0.01810467,0.04312086,-0.03754786,-0.2061034,-0.2526703,-0.01806988,-0.9451733,0.4850829,-0.3804755,0.7873582,0.0872874,0.04502463,-0.03758372,-0.1765539,-0.07932028,-0.01613264,-0.9809571,0.1613162,-0.3438243,0.925074,0.05252172,0.05000675,-0.1660818,0.01442495,0.0004760178,0.01536143,0.9997779,0.001395,-0.02882887,0.9995834
Fixation,26.6108,0.01808951,0.0431211,-0.03758497,-0.2053993,-0.2527704,-0.01810142,-0.9452993,0.4853233,-0.3791767,0.7878365,0.08727217,0.04502714,-0.03761439,-0.1765592,-0.07927767,-0.016158,-0.9809592,0.161242,-0.3438327,0.9250838,0.05250711,0.05000806,-0.1661156,0.01443173,0.0004297917,0.015379,0.9997775,0.001303283,-0.02884381,0.9995831
Fixation,26.6218,0.018085,0.04312265,-0.03758577,-0.2053426,-0.2527812,-0.01810606,-0.9453086,0.4853483,-0.3790705,0.7878722,0.08726758,0.04503155,-0.0376162,-0.1765041,-0.07928794,-0.01617302,-0.980968,0.1612671,-0.343725,0.9251195,0.05250222,0.05001032,-0.1661175,0.01437722,0.0004367594,0.01539967,0.999778,0.001316134,-0.02873461,0.9995862
Fixation,26.6331,0.01809392,0.04313743,-0.03757219,-0.2053913,-0.2527634,-0.01807281,-0.9453034,0.4853002,-0.3791779,0.7878501,0.08727668,0.04503977,-0.03760141,-0.1765123,-0.07983898,-0.01613867,-0.9809224,0.162329,-0.3437128,0.9249383,0.05251192,0.05002248,-0.1661029,0.01441617,0.0004277933,0.01535252,0.9997782,0.001298046,-0.02881281,0.999584
Fixation,26.6439,0.01810359,0.0431391,-0.0375661,-0.2047418,-0.2530942,-0.01803893,-0.9453564,0.485915,-0.3779769,0.7880483,0.08728644,0.04503822,-0.03760283,-0.1764892,-0.07988783,-0.01610474,-0.9809231,0.1624123,-0.3436715,0.924939,0.05252099,0.05002201,-0.1661008,0.0143907,0.000481345,0.01532891,0.9997789,0.001403665,-0.02876028,0.9995853
Fixation,26.6551,0.01811977,0.04313898,-0.03756495,-0.2047335,-0.2531465,-0.0180297,-0.9453444,0.4860038,-0.377959,0.7880021,0.0873026,0.0450387,-0.03760922,-0.1764812,-0.079942,-0.0160987,-0.9809202,0.1625157,-0.3436541,0.9249273,0.05253619,0.05002201,-0.1661035,0.01438286,0.0005358206,0.01533244,0.9997789,0.001512453,-0.02874293,0.9995857
Fixation,26.6663,0.01813759,0.04312921,-0.03754909,-0.2047457,-0.2532014,-0.01793846,-0.9453288,0.4860628,-0.37802,0.7879364,0.0873207,0.04501832,-0.03760373,-0.1765517,-0.08052997,-0.01601511,-0.9808608,0.1636324,-0.3437659,0.9246888,0.0525538,0.05000687,-0.1660929,0.01437472,0.0006095614,0.01525355,0.9997801,0.001657386,-0.02872452,0.999586
Fixation,26.6781,0.01815267,0.04312003,-0.03753701,-0.2041313,-0.2534947,-0.01792953,-0.9453833,0.4866193,-0.3768746,0.7881417,0.08733575,0.04500961,-0.03760277,-0.1765475,-0.08060952,-0.01600485,-0.9808552,0.1637838,-0.3437548,0.9246662,0.05256744,0.04999781,-0.1660865,0.0143707,0.0006899138,0.0152568,0.9997801,0.001818026,-0.02871403,0.999586
Fixation,26.6886,0.01817613,0.04309869,-0.03757274,-0.2041309,-0.2535593,-0.01791981,-0.9453661,0.4867288,-0.3768694,0.7880765,0.08735919,0.04498899,-0.03764782,-0.1765476,-0.08067638,-0.01599724,-0.9808498,0.1639114,-0.3437522,0.9246445,0.0525897,0.04997683,-0.1661268,0.01437112,0.0007573316,0.01526025,0.99978,0.001952944,-0.02871281,0.9995858
Fixation,26.6995,0.01818518,0.04308772,-0.03757016,-0.2041179,-0.253641,-0.0178767,-0.9453479,0.4868559,-0.3768563,0.7880043,0.08736829,0.04497504,-0.03765783,-0.1765852,-0.08150427,-0.01596904,-0.9807751,0.1655145,-0.3437776,0.9243495,0.05259747,0.04996395,-0.1661308,0.01435158,0.0008477901,0.01523849,0.9997805,0.002132601,-0.02867103,0.9995866
Fixation,26.7105,0.01819083,0.04307759,-0.03755952,-0.2041248,-0.2536776,-0.01790962,-0.9453359,0.4869328,-0.3768465,0.7879614,0.08737381,0.04497004,-0.03765143,-0.176599,-0.08154101,-0.01600126,-0.980769,0.1655974,-0.3437961,0.9243277,0.05260209,0.04995668,-0.166122,0.01436872,0.0008791212,0.0152751,0.9997797,0.002196822,-0.02870425,0.9995855
Fixation,26.7218,0.01819476,0.04307127,-0.03755217,-0.2037598,-0.2538161,-0.01792209,-0.9453773,0.4872075,-0.3761619,0.7881187,0.08737779,0.04496193,-0.03764146,-0.1766724,-0.08152071,-0.01599658,-0.9807576,0.1655564,-0.3439375,0.9242825,0.0526065,0.04995072,-0.1661125,0.01444237,0.0008608194,0.01526144,0.9997789,0.002162081,-0.02885208,0.9995813
Fixation,26.7331,0.01818728,0.04304624,-0.03755669,-0.2037956,-0.2538237,-0.01795455,-0.9453669,0.4872312,-0.3762086,0.7880818,0.08737022,0.04493999,-0.03764634,-0.1767769,-0.08197618,-0.01602808,-0.9807003,0.1664549,-0.3441025,0.9240596,0.05259863,0.04992807,-0.1661167,0.01448647,0.0008643244,0.01528475,0.9997779,0.002171109,-0.02894008,0.9995788
Fixation,26.7439,0.01817844,0.04302061,-0.03756306,-0.203404,-0.2538128,-0.01801647,-0.945453,0.4872654,-0.3754722,0.7884117,0.0873612,0.04492116,-0.03764685,-0.1767942,-0.0819435,-0.01608489,-0.9806989,0.1664113,-0.3441277,0.9240581,0.05258984,0.04990613,-0.1661199,0.01450818,0.0008229722,0.0153339,0.9997768,0.002090511,-0.02898464,0.9995776
Fixation,26.7558,0.01816402,0.04300153,-0.03756936,-0.203434,-0.2537326,-0.01808688,-0.9454667,0.4871503,-0.3755017,0.7884688,0.08734664,0.04490793,-0.03764009,-0.1768333,-0.0818589,-0.01614659,-0.9806979,0.1662682,-0.3441966,0.9240582,0.05257643,0.04989064,-0.1661191,0.01455164,0.0007297677,0.01537765,0.9997756,0.001906748,-0.0290743,0.9995754
Fixation,26.7660,0.01813279,0.0429852,-0.03757939,-0.2034799,-0.2536758,-0.01807964,-0.9454722,0.4870446,-0.3755965,0.788489,0.08731553,0.04488742,-0.03764267,-0.176895,-0.08227458,-0.01613598,-0.9806522,0.1670742,-0.3442898,0.9238781,0.05254652,0.04987299,-0.166125,0.01459231,0.0006759125,0.0153483,0.9997755,0.001799456,-0.02915733,0.9995732
Fixation,26.7774,0.01810278,0.04297626,-0.03759061,-0.2030501,-0.253776,-0.0181311,-0.9455368,0.4872721,-0.3747801,0.7887368,0.08728543,0.04488194,-0.03764258,-0.1769233,-0.08219916,-0.01617705,-0.9806527,0.1669419,-0.3443413,0.9238828,0.05251754,0.04986644,-0.1661302,0.01462337,0.0005949724,0.01537408,0.9997747,0.001639318,-0.02922185,0.9995716
Fixation,26.7890,0.01808454,0.0429666,-0.03760716,-0.2030499,-0.2537138,-0.01812846,-0.9455535,0.4871619,-0.3747902,0.7888001,0.08726726,0.04487014,-0.03765049,-0.1769205,-0.08213518,-0.01617277,-0.9806587,0.1668157,-0.3443406,0.9239058,0.05250059,0.04985559,-0.1661425,0.01461928,0.000532297,0.01535962,0.999775,0.001513448,-0.02921564,0.999572
Fixation,26.7994,0.01806869,0.04296601,-0.03762891,-0.203071,-0.2536538,-0.01818253,-0.9455641,0.4870765,-0.3748091,0.7888439,0.08725128,0.04487419,-0.03766242,-0.1770019,-0.08262683,-0.01622783,-0.9806018,0.1677928,-0.3444551,0.9236863,0.05248547,0.04985785,-0.1661589,0.01465079,0.0004622726,0.01539405,0.9997741,0.001375406,-0.02928073,0.9995703
Fixation,26.8106,0.01809795,0.04298508,-0.03766583,-0.2025951,-0.2537792,-0.01821577,-0.9456319,0.4873442,-0.3739151,0.7891027,0.08728042,0.04489803,-0.03769538,-0.1769678,-0.08260442,-0.0162637,-0.9806092,0.1677616,-0.3443856,0.9237179,0.05251477,0.04987872,-0.1661943,0.01461886,0.0004337662,0.01542837,0.999774,0.001318427,-0.02921773,0.9995722
Fixation,26.8218,0.01809371,0.04298961,-0.03768737,-0.2026174,-0.2537228,-0.01821696,-0.9456422,0.4872442,-0.3739629,0.7891418,0.08727624,0.04490018,-0.03770914,-0.1769881,-0.08254661,-0.01625943,-0.9806105,0.1676476,-0.3444285,0.9237225,0.05251169,0.04988253,-0.1662117,0.01463833,0.0003775275,0.01541308,0.999774,0.001206128,-0.02925841,0.9995711
Fixation,26.8334,0.01809122,0.042997,-0.03771129,-0.2025748,-0.2537726,-0.01829163,-0.9456365,0.4873641,-0.3738405,0.7891259,0.0872734,0.04492033,-0.03773765,-0.1773119,-0.08305797,-0.01634677,-0.9805074,0.1686749,-0.3449957,0.9233238,0.0525074,0.04989588,-0.1662381,0.01461776,0.0004117788,0.01550417,0.9997728,0.001276643,-0.02921611,0.9995723
Fixation,26.8437,0.01810193,0.04300046,-0.03772519,-0.2021785,-0.2536978,-0.01826483,-0.9457419,0.4872508,-0.3731498,0.7895226,0.08728421,0.04492056,-0.03774898,-0.1772779,-0.08303519,-0.01632403,-0.9805158,0.1686224,-0.3449367,0.9233554,0.05251876,0.04989707,-0.1662512,0.0145812,0.000392445,0.01548078,0.9997738,0.001236169,-0.02914365,0.9995745
Fixation,26.8550,0.01810655,0.04301333,-0.03774282,-0.2020887,-0.2537627,-0.01820882,-0.9457448,0.487349,-0.3730072,0.7895293,0.08728889,0.04493093,-0.03777673,-0.1771816,-0.08310278,-0.01628638,-0.9805281,0.1687405,-0.3447563,0.9234012,0.05252242,0.04990697,-0.1662751,0.01448146,0.0004640958,0.01546259,0.9997755,0.001375825,-0.02894207,0.9995801
Fixation,26.8660,0.0181118,0.04303849,-0.03776937,-0.2019983,-0.253787,-0.0182028,-0.9457577,0.4873959,-0.3728436,0.7895777,0.08729404,0.04495919,-0.0378063,-0.1772756,-0.08365121,-0.01630324,-0.9804642,0.1698144,-0.3448972,0.9231517,0.05252703,0.04993212,-0.1663042,0.01439168,0.0004851152,0.01548421,0.9997764,0.001415701,-0.02876189,0.9995853
Fixation,26.8830,0.0181148,0.04305792,-0.03779197,-0.2016637,-0.2539005,-0.01810968,-0.9458004,0.4875825,-0.3722711,0.7897326,0.08729729,0.04496992,-0.03783339,-0.1771647,-0.08367066,-0.01622703,-0.9804839,0.1698252,-0.3446988,0.9232238,0.05253039,0.04994524,-0.1663304,0.01427322,0.0005151897,0.01542143,0.9997791,0.001470379,-0.02852424,0.999592
Fixation,26.8933,0.01812045,0.04310131,-0.03774616,-0.2015827,-0.253898,-0.0181161,-0.9458182,0.4875865,-0.3721218,0.7898005,0.08730283,0.04501688,-0.03778655,-0.1770853,-0.08366708,-0.01624748,-0.9804982,0.1698252,-0.3445449,0.9232813,0.05253585,0.0499891,-0.1662851,0.0141945,0.0005071437,0.01544735,0.9997798,0.001452599,-0.02836709,0.9995965
Fixation,26.9049,0.01812585,0.04310548,-0.03776076,-0.201538,-0.2539364,-0.01807957,-0.9458181,0.4876428,-0.3720544,0.7897975,0.08730829,0.04501903,-0.03780728,-0.1772327,-0.08418442,-0.01622582,-0.9804276,0.1708249,-0.3447957,0.9230031,0.05254073,0.04999137,-0.1663033,0.01414295,0.0005505703,0.01543125,0.9997808,0.001537386,-0.0282627,0.9995993
Fixation,26.9162,0.0181396,0.04311323,-0.03777117,-0.2011525,-0.2541564,-0.0180786,-0.9458411,0.4880562,-0.371327,0.7898844,0.08732197,0.04502881,-0.03782481,-0.1771986,-0.08423726,-0.01622939,-0.9804292,0.170929,-0.3447272,0.9230095,0.0525534,0.04999948,-0.1663177,0.0141095,0.0006017858,0.01544622,0.999781,0.001639185,-0.02819422,0.9996011
Fixation,26.9266,0.01816468,0.0431149,-0.03776759,-0.201134,-0.2541688,-0.0181345,-0.9458406,0.4881012,-0.371263,0.7898867,0.08734682,0.04503894,-0.03782129,-0.1771903,-0.0842483,-0.01628795,-0.9804288,0.170971,-0.3447004,0.9230117,0.05257765,0.05000532,-0.1663142,0.01410612,0.0006030417,0.01550628,0.9997801,0.001643285,-0.02818734,0.9996013
Fixation,26.9379,0.01818703,0.04310954,-0.03776854,-0.2011144,-0.2542261,-0.0181241,-0.9458296,0.4881991,-0.3712246,0.7898442,0.08736914,0.04503453,-0.03783043,-0.1775309,-0.08477988,-0.01628738,-0.9803213,0.1720061,-0.345313,0.9225903,0.0525989,0.05000007,-0.1663194,0.01408697,0.0006621103,0.01551231,0.9997802,0.001760973,-0.02814721,0.9996023
Fixation,26.9490,0.01819531,0.04310358,-0.0377669,-0.2007831,-0.254207,-0.01809625,-0.9459057,0.4881786,-0.3706434,0.7901298,0.08737761,0.04502201,-0.03782786,-0.1775905,-0.08476555,-0.01624662,-0.9803125,0.1719639,-0.3454342,0.9225528,0.05260792,0.04999185,-0.1663166,0.01414371,0.000655473,0.01546502,0.9997802,0.001748123,-0.02826093,0.999599
Fixation,26.9602,0.01821135,0.04310048,-0.03776139,-0.2008225,-0.2541925,-0.01806248,-0.9459019,0.488137,-0.3707341,0.790113,0.08739382,0.04501271,-0.03782151,-0.1776234,-0.08475194,-0.01620615,-0.9803084,0.1719232,-0.3455044,0.9225341,0.05262467,0.04998612,-0.1663104,0.01417336,0.000649105,0.01542032,0.9997805,0.00173504,-0.02832047,0.9995974
Fixation,26.9712,0.01821021,0.04307616,-0.03775821,-0.2008407,-0.2541715,-0.0180157,-0.9459046,0.4880805,-0.370794,0.7901198,0.08739288,0.044981,-0.03781682,-0.1777657,-0.08505504,-0.01616012,-0.980257,0.172497,-0.3457631,0.92233,0.05262445,0.04995823,-0.1663064,0.01417836,0.0006374504,0.01536735,0.9997812,0.00171039,-0.02833092,0.9995971
Fixation,26.9819,0.01821796,0.04304945,-0.03774977,-0.2002879,-0.2540446,-0.01799939,-0.9460561,0.487891,-0.3698219,0.7906922,0.08740077,0.04494929,-0.03781056,-0.1778469,-0.08506493,-0.01612843,-0.980242,0.1725052,-0.3459221,0.9222689,0.05263239,0.04993045,-0.1662981,0.01425806,0.0006536227,0.01533119,0.9997806,0.001744145,-0.02848981,0.9995925
Fixation,26.9932,0.01823178,0.04302287,-0.03774233,-0.2003424,-0.2540466,-0.01804036,-0.9460433,0.4879067,-0.369899,0.7906464,0.08741449,0.04492629,-0.03780258,-0.1779079,-0.08506646,-0.01615934,-0.9802303,0.1725192,-0.3460322,0.9222249,0.05264588,0.04990673,-0.1662896,0.01432248,0.0006509791,0.01535682,0.9997793,0.001741566,-0.02861865,0.9995889
Fixation,27.0043,0.01824618,0.04299402,-0.03773262,-0.2004127,-0.2540523,-0.01809129,-0.9460259,0.4879315,-0.369999,0.7905843,0.08742877,0.04490185,-0.03779268,-0.1777609,-0.08540697,-0.01620253,-0.9802266,0.1731967,-0.3457243,0.9222134,0.05265984,0.04988146,-0.1662788,0.01440531,0.000650971,0.01538862,0.9997776,0.001745008,-0.02878417,0.9995841
Fixation,27.0157,0.01825719,0.04296815,-0.03771898,-0.2001454,-0.2539055,-0.0181335,-0.9461211,0.4877093,-0.3695152,0.7909477,0.08743966,0.04488027,-0.0377827,-0.1778313,-0.08543935,-0.0162345,-0.9802105,0.1732711,-0.3458501,0.9221523,0.05266993,0.04985893,-0.1662661,0.01447982,0.0006788436,0.01541959,0.999776,0.001803929,-0.02893222,0.9995797
Fixation,27.0270,0.01827712,0.04294503,-0.03770428,-0.2001605,-0.2539479,-0.01812167,-0.9461067,0.4877781,-0.3695424,0.7908925,0.08745961,0.04485631,-0.03777438,-0.1778457,-0.0854835,-0.01622126,-0.9802043,0.1733523,-0.3458769,0.9221269,0.05268916,0.04983568,-0.1662544,0.01449388,0.0007249451,0.01541266,0.9997759,0.001896344,-0.02895893,0.9995788
Fixation,27.0381,0.01829128,0.04292274,-0.03769504,-0.2002238,-0.2540027,-0.01807133,-0.9460796,0.4878502,-0.3696749,0.7907861,0.08747394,0.04482675,-0.03777463,-0.1775948,-0.08597858,-0.01616887,-0.9802073,0.1742967,-0.3453791,0.9221355,0.05270283,0.04981065,-0.1662493,0.01454655,0.0007934317,0.01535947,0.9997759,0.002033362,-0.02906222,0.9995756
Fixation,27.0485,0.01829857,0.04293776,-0.03767181,-0.2003297,-0.2540323,-0.01810817,-0.9460485,0.4879089,-0.3698431,0.7906712,0.08748119,0.04484379,-0.03775515,-0.177707,-0.08600901,-0.01618752,-0.980184,0.1743626,-0.3455866,0.9220454,0.0527094,0.04982865,-0.1662266,0.01466223,0.000822198,0.01537353,0.999774,0.002094845,-0.02929255,0.9995687
Fixation,27.0607,0.0183072,0.04292417,-0.0376721,-0.1999149,-0.2540996,-0.01812737,-0.9461178,0.4880641,-0.3690737,0.7909349,0.08748971,0.04483366,-0.03776222,-0.1775482,-0.08652815,-0.01621068,-0.9801667,0.1753804,-0.3452483,0.9219791,0.05271685,0.04981709,-0.16623,0.01468034,0.0008717293,0.01539688,0.9997733,0.002195126,-0.02932719,0.9995674
Fixation,27.0711,0.01830722,0.04292905,-0.03767395,-0.1999217,-0.2541022,-0.01813058,-0.9461156,0.4880694,-0.369084,0.7909268,0.08748972,0.04483879,-0.03776439,-0.1775555,-0.08653084,-0.01621272,-0.9801651,0.1753863,-0.3452617,0.9219729,0.05271681,0.04982221,-0.1662319,0.01468805,0.0008741711,0.01539872,0.9997732,0.0022003,-0.02934251,0.999567
Fixation,27.0822,0.01830391,0.04292738,-0.03767123,-0.1993968,-0.2540931,-0.01813352,-0.9462287,0.4880919,-0.3681347,0.7913553,0.08748636,0.04483914,-0.03775779,-0.1774804,-0.08650512,-0.01622603,-0.9801808,0.1753409,-0.3451185,0.9220352,0.05271381,0.04982018,-0.1662282,0.01461273,0.0008454046,0.01541381,0.9997741,0.002140903,-0.0291928,0.9995715
Fixation,27.0932,0.01826212,0.04294002,-0.03767323,-0.1992593,-0.2540645,-0.01813088,-0.9462655,0.4880503,-0.3678916,0.791494,0.08744448,0.04485524,-0.03775501,-0.1770931,-0.08679679,-0.01625161,-0.9802246,0.1759168,-0.3443609,0.9222087,0.05267232,0.04983234,-0.1662294,0.01447461,0.0008094959,0.01544031,0.9997757,0.002065613,-0.02891773,0.9995797
Fixation,27.1049,0.01824968,0.04295003,-0.03767634,-0.1991781,-0.2540147,-0.01813092,-0.9462959,0.4879688,-0.3677518,0.7916092,0.08743201,0.04486668,-0.03775064,-0.1770109,-0.08674475,-0.01626446,-0.9802439,0.17582,-0.344206,0.922285,0.0526607,0.04984164,-0.1662298,0.01439176,0.0007546336,0.01545125,0.9997768,0.001953672,-0.02875378,0.9995846
Fixation,27.1157,0.01824471,0.04295921,-0.03768262,-0.1988051,-0.2539476,-0.01814859,-0.946392,0.4878841,-0.3670776,0.7919742,0.08742705,0.04487634,-0.0377437,-0.1769851,-0.08665138,-0.0162826,-0.9802565,0.1756447,-0.3441598,0.9223356,0.05265734,0.04985058,-0.1662298,0.01436587,0.0006588325,0.0154559,0.9997771,0.001761446,-0.02870497,0.9995864
Fixation,27.1267,0.01822382,0.04297006,-0.03766653,-0.1986908,-0.2538905,-0.01814207,-0.9464315,0.4877892,-0.3668822,0.7921233,0.08740612,0.04488862,-0.03771906,-0.1768687,-0.08659156,-0.01629455,-0.9802826,0.1755324,-0.3439407,0.9224387,0.05263741,0.04986012,-0.1662108,0.01424818,0.0005959002,0.01546755,0.9997787,0.001632306,-0.02847161,0.9995933
Fixation,27.1378,0.01822139,0.04294825,-0.03767142,-0.1987941,-0.2538299,-0.01820362,-0.9464248,0.4876993,-0.367046,0.7921026,0.08740361,0.04486966,-0.03771438,-0.1765748,-0.08700801,-0.01634355,-0.9802978,0.1763592,-0.3433478,0.9225019,0.05263583,0.04984176,-0.1662096,0.01436292,0.0005283513,0.01548866,0.9997767,0.001501391,-0.02870306,0.9995869
Fixation,27.1487,0.01822185,0.04290974,-0.03768073,-0.1986136,-0.2537333,-0.01828392,-0.9464871,0.4875734,-0.3666919,0.7923441,0.08740397,0.04483521,-0.03771231,-0.1767093,-0.08693422,-0.01639871,-0.9802793,0.1762352,-0.3435977,0.9224325,0.05263722,0.04980755,-0.1662116,0.01450275,0.0004483461,0.0155195,0.9997743,0.001346641,-0.02898504,0.999579
Fixation,27.1602,0.01822243,0.04290187,-0.03767641,-0.1986627,-0.2537241,-0.01816751,-0.9464815,0.4875088,-0.366842,0.7923145,0.08740501,0.04481018,-0.03771024,-0.176329,-0.08745282,-0.01628365,-0.9803035,0.1772032,-0.3428639,0.9225202,0.05263922,0.04979157,-0.1662081,0.01452127,0.0004629732,0.01539494,0.9997759,0.001372847,-0.02902177,0.9995778
Fixation,27.1711,0.01823508,0.04293883,-0.03764395,-0.1987469,-0.2536885,-0.01803128,-0.9464759,0.4873875,-0.3670698,0.7922835,0.08741827,0.04482543,-0.03767709,-0.1763888,-0.08742072,-0.0161342,-0.9802981,0.1770885,-0.3430063,0.9224892,0.05265411,0.04981852,-0.1661748,0.01456824,0.0004562984,0.01523775,0.9997777,0.001356368,-0.0291161,0.9995751
Fixation,27.1821,0.01825388,0.0429585,-0.03763174,-0.1988565,-0.253732,-0.01789118,-0.9464439,0.4874017,-0.367334,0.7921523,0.08743763,0.044824,-0.03767555,-0.1764756,-0.08747038,-0.01597849,-0.9802806,0.1771307,-0.3431959,0.9224106,0.05267363,0.04982889,-0.166167,0.01464326,0.0005320337,0.01508547,0.9997789,0.001505633,-0.029264,0.9995706
Fixation,27.1934,0.01827186,0.04297495,-0.03761331,-0.1985033,-0.2538561,-0.01779143,-0.9464867,0.4876062,-0.3667286,0.792307,0.08745587,0.04483008,-0.03768065,-0.1765024,-0.08762391,-0.01587576,-0.9802637,0.1773933,-0.3432556,0.9223379,0.05268973,0.04984057,-0.1661601,0.01466369,0.0007011615,0.01500732,0.9997796,0.001842139,-0.02929987,0.999569
Fixation,27.2049,0.0183075,0.04296732,-0.03759193,-0.1986797,-0.2538715,-0.01767864,-0.9464476,0.4875769,-0.3671036,0.7921513,0.08749205,0.04480207,-0.03766566,-0.176262,-0.08815365,-0.01574308,-0.9802616,0.1783771,-0.3427901,0.9223213,0.05272655,0.04982531,-0.1661401,0.01481024,0.0007468187,0.01485896,0.9997796,0.001933438,-0.02959177,0.9995602
Fixation,27.2157,0.06961534,0.09486365,-0.09742248,-0.2089308,-0.2572991,-0.03552486,-0.942806,0.5000107,-0.3756814,0.7802902,0.08748303,0.04480648,-0.03764378,-0.1763305,-0.08823805,-0.01591249,-0.9802389,0.1786004,-0.3428839,0.9222432,0.05271482,0.04981887,-0.1661135,0.01489573,0.0008040951,0.01503341,0.9997757,0.002055697,-0.02976059,0.9995549
Fixation,27.2269,0.119202,0.1500528,-0.1557176,-0.2191315,-0.2606268,-0.053446,-0.9387218,0.5127355,-0.3835481,0.7681101,0.08748385,0.04480064,-0.03763656,-0.1763901,-0.08825281,-0.015995,-0.9802256,0.1786581,-0.3429809,0.922196,0.05271482,0.04980874,-0.1661055,0.01496349,0.0008062962,0.01511186,0.9997735,0.00206448,-0.02989583,0.9995509
Fixation,27.2376,0.1669442,0.2084585,-0.2123855,-0.2292549,-0.2638688,-0.07141673,-0.9341923,0.5257537,-0.3906469,0.7556309,0.08747942,0.04479861,-0.03764123,-0.1761818,-0.08861806,-0.01607118,-0.9802288,0.1793949,-0.3425485,0.9222137,0.05270932,0.04980242,-0.1661083,0.01500596,0.0008269738,0.01518361,0.9997718,0.002109259,-0.02997996,0.9995483
Fixation,27.2553,0.2127296,0.2699776,-0.2672551,-0.2393366,-0.2669855,-0.08943196,-0.9292141,0.538982,-0.3970357,0.7428735,0.08745585,0.04476261,-0.03760647,-0.1762599,-0.08861531,-0.01613526,-0.980214,0.1794119,-0.3426852,0.9221596,0.05268539,0.04976404,-0.1660735,0.01509063,0.0008150866,0.01523948,0.9997696,0.002089744,-0.03014947,0.9995432
Fixation,27.2677,0.2564686,0.3344622,-0.3203407,-0.2492849,-0.2700365,-0.1073702,-0.9238014,0.5524518,-0.4025917,0.7298746,0.08744618,0.04475832,-0.03761042,-0.1761353,-0.08899365,-0.01611446,-0.9802024,0.1801402,-0.3424284,0.9221129,0.05267482,0.0497601,-0.1660736,0.01505597,0.0008765471,0.01522672,0.9997703,0.002211198,-0.03007833,0.9995451
Fixation,27.2741,0.2981142,0.4018099,-0.3715178,-0.2591515,-0.2729699,-0.1252039,-0.9179608,0.5660449,-0.4074281,0.7166559,0.08742795,0.04476511,-0.03761266,-0.1761557,-0.08900812,-0.0160549,-0.9801984,0.1801476,-0.3424771,0.9220935,0.05265673,0.04977095,-0.1660739,0.01507157,0.000900796,0.01516877,0.9997709,0.002258414,-0.0301089,0.9995441
Fixation,27.2823,0.3376018,0.4717947,-0.4206748,-0.2688482,-0.275778,-0.1428722,-0.9117317,0.579693,-0.4114329,0.7033343,0.08737934,0.04476833,-0.03751233,-0.1760804,-0.08900611,-0.0159579,-0.9802138,0.1801098,-0.3423522,0.9221472,0.05260878,0.04977906,-0.1659735,0.01498675,0.0009132971,0.01507956,0.9997736,0.002278168,-0.02993916,0.9995492
Fixation,27.2934,0.3748376,0.5443776,-0.4677433,-0.278391,-0.278433,-0.1605043,-0.9051033,0.5933872,-0.4145658,0.689947,0.08735405,0.04476964,-0.03749484,-0.1760576,-0.08896933,-0.01598775,-0.9802207,0.1800487,-0.3423057,0.9221764,0.05258397,0.04977822,-0.1659592,0.0149657,0.0008716969,0.01510487,0.9997735,0.002195109,-0.02989828,0.9995505
Fixation,27.3046,0.4096636,0.6193163,-0.5128172,-0.287663,-0.2809931,-0.1780817,-0.8980979,0.6071737,-0.4166196,0.6765857,0.08731224,0.0447526,-0.03749438,-0.1757594,-0.08939094,-0.01604236,-0.980235,0.1808874,-0.341703,0.9222357,0.05254176,0.04975462,-0.165961,0.01482561,0.0008625253,0.0151648,0.9997747,0.002174317,-0.02961837,0.9995589
Fixation,27.3156,0.4421027,0.6967191,-0.5554784,-0.2968231,-0.28331,-0.1957242,-0.8906871,0.6208721,-0.4178518,0.663263,0.0872785,0.04474533,-0.03748662,-0.1758275,-0.08926493,-0.01616292,-0.9802322,0.1806845,-0.3418179,0.9222329,0.05250955,0.04974246,-0.1659624,0.01490328,0.0007192972,0.01525696,0.9997723,0.001893024,-0.02977782,0.9995548
Fixation,27.3266,0.4719631,0.7763617,-0.5958144,-0.3057784,-0.285467,-0.2133984,-0.8828756,0.634569,-0.4180922,0.6500163,0.08723538,0.04473007,-0.03748674,-0.1757943,-0.08920678,-0.0162889,-0.9802414,0.1806154,-0.3417356,0.922277,0.05246663,0.04971886,-0.1659683,0.01488008,0.0006408815,0.01537419,0.9997709,0.001739008,-0.02973363,0.9995564
Fixation,27.3381,0.4992261,0.8580699,-0.633729,-0.3145353,-0.2874387,-0.2310854,-0.8746691,0.6481966,-0.417383,0.636893,0.08720466,0.04468465,-0.0374954,-0.1755703,-0.0895527,-0.01640404,-0.9802481,0.1813278,-0.3412668,0.9223108,0.05243666,0.04966664,-0.1659839,0.01486894,0.0005439197,0.01546976,0.9997696,0.001547626,-0.0297142,0.9995573
Fixation,27.3492,0.5239655,0.9416111,-0.6691768,-0.3231119,-0.2892135,-0.248678,-0.8660909,0.661672,-0.4158465,0.6239085,0.0871666,0.0446564,-0.03748854,-0.1755488,-0.08947551,-0.01640802,-0.9802589,0.1811792,-0.3412304,0.9223535,0.0524,0.04963863,-0.1659827,0.01484642,0.0004664757,0.015463,0.9997701,0.001391877,-0.02967158,0.9995587
Fixation,27.3601,0.01794422,0.04273582,-0.03746068,-0.198185,-0.2536249,-0.01836191,-0.9466045,0.487443,-0.3658915,0.7927943,0.08712634,0.04466081,-0.03749863,-0.1755627,-0.08951557,-0.01645525,-0.980252,0.1812735,-0.3412454,0.9223294,0.05235868,0.0496397,-0.1659904,0.0148653,0.0004987741,0.01551473,0.999769,0.00145858,-0.02970825,0.9995576
Fixation,27.3717,0.01789011,0.04273033,-0.03740718,-0.1982103,-0.2535453,-0.01833376,-0.9466211,0.4872904,-0.3659631,0.792855,0.08707243,0.04464841,-0.0374349,-0.175394,-0.08971342,-0.01642569,-0.9802646,0.1816477,-0.3409178,0.9223769,0.05230651,0.049631,-0.1659316,0.01487912,0.0004242487,0.0154667,0.9997696,0.001308563,-0.02973825,0.9995568
Fixation,27.3828,0.01787891,0.04272509,-0.03742348,-0.197902,-0.2537282,-0.01839454,-0.9466353,0.4876568,-0.3653477,0.7929136,0.087061,0.04465139,-0.03745573,-0.1754232,-0.0897563,-0.01648083,-0.9802545,0.1817503,-0.3409602,0.922341,0.05229391,0.0496304,-0.1659497,0.01491424,0.000458317,0.01552532,0.9997681,0.001379518,-0.02980732,0.9995547
Fixation,27.3937,0.01785532,0.04271746,-0.03742884,-0.1979705,-0.253744,-0.01842207,-0.9466162,0.4876905,-0.3654552,0.7928433,0.08703736,0.04464555,-0.03746297,-0.1754961,-0.08977256,-0.01649678,-0.9802397,0.1817875,-0.3410947,0.922284,0.05226988,0.04962492,-0.1659552,0.01498974,0.0004730069,0.01553729,0.9997668,0.001411593,-0.02995779,0.9995502
Fixation,27.4049,0.01784424,0.04269755,-0.03744043,-0.1980751,-0.2537405,-0.01844981,-0.9465948,0.4876877,-0.3656308,0.792764,0.08702628,0.04462552,-0.03747393,-0.1754189,-0.09011313,-0.01651168,-0.980222,0.1824547,-0.3409232,0.9222156,0.05225884,0.04960692,-0.1659651,0.01510008,0.0004697576,0.01553677,0.9997652,0.001408507,-0.03017847,0.9995435
Fixation,27.4161,0.01785082,0.04268205,-0.03744867,-0.1977175,-0.2537655,-0.01844306,-0.946663,0.4877537,-0.3649833,0.7930217,0.08703296,0.04460692,-0.03748588,-0.1754903,-0.09013638,-0.01649169,-0.9802074,0.182493,-0.3410607,0.9221572,0.05226523,0.04959106,-0.1659744,0.01517081,0.0004971171,0.01551468,0.9997644,0.00146474,-0.03031905,0.9995392
Fixation,27.4268,0.0178361,0.04267299,-0.03744246,-0.1976324,-0.2537243,-0.01850009,-0.9466907,0.4877093,-0.3648056,0.7931308,0.08701797,0.04460716,-0.0374718,-0.1754138,-0.09009161,-0.01656126,-0.9802241,0.1824301,-0.3409056,0.922227,0.05225059,0.04958534,-0.1659651,0.01509902,0.0004403897,0.01558247,0.9997645,0.001351132,-0.03017721,0.9995437
Fixation,27.4383,0.01782819,0.04266798,-0.03742895,-0.1975939,-0.2536792,-0.01847477,-0.9467112,0.4876229,-0.3647554,0.793207,0.08701016,0.04459894,-0.03745243,-0.1752922,-0.09025498,-0.01654482,-0.9802311,0.1827418,-0.3406672,0.9222534,0.05224375,0.04957807,-0.1659492,0.01505227,0.0003971469,0.01555961,0.9997656,0.001262523,-0.03008511,0.9995465
Fixation,27.4490,0.01783315,0.04267788,-0.03737382,-0.1972548,-0.2539344,-0.01847366,-0.9467136,0.4880944,-0.3641054,0.7932157,0.08701508,0.04461014,-0.03739973,-0.1752513,-0.09027338,-0.01654745,-0.9802367,0.1827785,-0.340588,0.9222754,0.05224829,0.04958785,-0.1658958,0.01501146,0.0004143164,0.01556874,0.9997661,0.001295858,-0.03000299,0.999549
Fixation,27.4602,0.01783325,0.04268646,-0.03734619,-0.197188,-0.2539074,-0.01837738,-0.9467366,0.4880145,-0.364038,0.7932957,0.08701549,0.04460764,-0.03737056,-0.1751685,-0.0902475,-0.01646318,-0.9802552,0.1826988,-0.3404482,0.9223428,0.05224973,0.0495894,-0.1658685,0.01491966,0.0004008918,0.01548896,0.9997686,0.001263778,-0.02982,0.9995545
Fixation,27.4717,0.01782469,0.0426904,-0.03733265,-0.1972592,-0.2539327,-0.018247,-0.9467174,0.4880039,-0.3642305,0.7932139,0.08700745,0.04459274,-0.0373646,-0.1750087,-0.09056459,-0.01632788,-0.9802568,0.1832681,-0.3401495,0.92234,0.05224211,0.04958451,-0.1658583,0.01495815,0.0004541103,0.01535202,0.9997702,0.001367287,-0.02989548,0.9995521
Fixation,27.4827,0.01781958,0.04268718,-0.03732136,-0.1969032,-0.2539846,-0.01822468,-0.9467781,0.4881112,-0.3635896,0.7934419,0.08700243,0.04458606,-0.03735241,-0.1750041,-0.09055369,-0.01630373,-0.9802591,0.1832386,-0.3401459,0.9223472,0.05223745,0.0495795,-0.1658466,0.01495107,0.000447102,0.01532692,0.9997706,0.001352307,-0.02988158,0.9995525
Fixation,27.4933,0.01783307,0.04265559,-0.03729397,-0.1970017,-0.2540064,-0.0181427,-0.9467534,0.488111,-0.3638074,0.7933422,0.0870163,0.04454088,-0.03733092,-0.1750891,-0.09057919,-0.01620686,-0.9802431,0.1832545,-0.3403237,0.9222785,0.05225153,0.04954255,-0.1658212,0.01502877,0.0004892366,0.01522838,0.999771,0.001435977,-0.03003575,0.9995478
Fixation,27.5047,0.01783604,0.04261875,-0.03727168,-0.1970582,-0.2540411,-0.01821789,-0.9467309,0.4881971,-0.3638659,0.7932624,0.08701902,0.04451299,-0.03731178,-0.1749,-0.09121294,-0.01628131,-0.9802169,0.1845121,-0.3399096,0.9221804,0.05225319,0.04951143,-0.1657996,0.01510542,0.0005138608,0.01529214,0.9997689,0.001489472,-0.03018814,0.9995431
Fixation,27.5155,0.01783473,0.04258502,-0.03724723,-0.1971153,-0.2540526,-0.01830081,-0.9467143,0.4882451,-0.3639249,0.7932057,0.08701745,0.04448843,-0.037287,-0.1749705,-0.09122307,-0.01635373,-0.9802021,0.1845569,-0.3400292,0.9221274,0.05225097,0.04948354,-0.1657741,0.01518355,0.0005134308,0.01535873,0.9997666,0.001493022,-0.03034423,0.9995384
Fixation,27.5272,0.01784377,0.04254389,-0.03723774,-0.1967264,-0.2541894,-0.01836601,-0.9467573,0.4885374,-0.3631673,0.793373,0.08702622,0.04445696,-0.03727963,-0.1749625,-0.09125028,-0.01641933,-0.9802,0.1846326,-0.34,0.922123,0.05225878,0.04944718,-0.1657656,0.01518186,0.0005297697,0.01542831,0.9997656,0.001527752,-0.03034025,0.9995385
Fixation,27.5381,0.01785535,0.0425154,-0.0372202,-0.1967722,-0.2541903,-0.0184444,-0.9467459,0.488566,-0.3632099,0.7933359,0.08703756,0.04443717,-0.03726035,-0.1749117,-0.09148695,-0.01649254,-0.9801857,0.1851179,-0.3398741,0.9220721,0.05226968,0.04942417,-0.1657465,0.01524721,0.0005189134,0.01549144,0.9997636,0.001509984,-0.03047112,0.9995345
Fixation,27.5489,0.01785786,0.04249167,-0.03719585,-0.1967583,-0.2541968,-0.01855849,-0.9467449,0.488622,-0.3631247,0.7933404,0.08703963,0.04442906,-0.03723368,-0.1749166,-0.09149043,-0.01660747,-0.9801826,0.1851645,-0.3398616,0.9220673,0.0522709,0.04940844,-0.1657208,0.01526275,0.0005040608,0.01560452,0.9997616,0.001484217,-0.0305025,0.9995336
Fixation,27.5602,0.01785776,0.04248333,-0.03717376,-0.1964156,-0.2541201,-0.01857397,-0.9468362,0.4885167,-0.3625068,0.7936878,0.08703949,0.04442239,-0.03721239,-0.1749368,-0.0914984,-0.01661955,-0.9801781,0.1851842,-0.3398972,0.9220503,0.05227053,0.0494014,-0.1656988,0.01528444,0.0005103529,0.01561589,0.9997611,0.001497822,-0.03054565,0.9995322
Fixation,27.5714,0.01787667,0.04247308,-0.03716221,-0.1964384,-0.2541139,-0.01857651,-0.9468331,0.4885052,-0.3625477,0.7936761,0.08705842,0.04441142,-0.03720004,-0.1748682,-0.09173565,-0.01662176,-0.9801681,0.185646,-0.3397509,0.9220114,0.0522896,0.04939115,-0.1656866,0.01530731,0.0005048336,0.01561144,0.9997609,0.001487364,-0.03059153,0.9995309
Fixation,27.5825,0.01789315,0.0424571,-0.03714725,-0.1964783,-0.2541209,-0.01851329,-0.9468243,0.4884905,-0.3626517,0.7936377,0.08707517,0.04438603,-0.03718803,-0.1748977,-0.09174482,-0.01655294,-0.9801632,0.1856399,-0.3398193,0.9219874,0.05230664,0.04937088,-0.1656728,0.01533103,0.0005253839,0.01554266,0.9997615,0.001527087,-0.03063841,0.9995294
Fixation,27.5937,0.01789821,0.0424521,-0.03713394,-0.1960953,-0.2542245,-0.01855658,-0.946875,0.4887154,-0.3619204,0.793833,0.08708014,0.04438424,-0.03716887,-0.1749342,-0.0917078,-0.01658651,-0.9801595,0.1855796,-0.3398847,0.9219754,0.0523121,0.04936814,-0.1656561,0.01537047,0.0004839111,0.01556645,0.9997606,0.001446118,-0.03071851,0.999527
Fixation,27.6045,0.01792432,0.04246581,-0.03715051,-0.1961178,-0.2542178,-0.01852532,-0.9468727,0.48869,-0.3619782,0.7938223,0.08710639,0.04439282,-0.03718548,-0.1748046,-0.09188072,-0.01655476,-0.980167,0.1859046,-0.3396333,0.9220026,0.0523387,0.04937947,-0.1656725,0.01538439,0.0004838424,0.01552986,0.9997609,0.001445288,-0.03074639,0.9995262
Fixation,27.6157,0.01795271,0.04247808,-0.03716208,-0.1960698,-0.2541179,-0.01847241,-0.9469106,0.4884976,-0.3619328,0.7939615,0.08713502,0.044397,-0.0371842,-0.1747452,-0.09177878,-0.01650836,-0.9801879,0.1856904,-0.339536,0.9220815,0.05236951,0.04938662,-0.1656785,0.01531847,0.0003892599,0.01547311,0.9997629,0.001252384,-0.03061764,0.9995304
Fixation,27.6274,0.01796102,0.04248381,-0.03715247,-0.1956424,-0.2541694,-0.01844259,-0.9469857,0.4886059,-0.3611659,0.7942439,0.08714333,0.04440236,-0.03717841,-0.1746561,-0.09180431,-0.01649231,-0.9802017,0.1857345,-0.3393683,0.9221345,0.05237743,0.04939055,-0.1656719,0.01522723,0.000415716,0.01546937,0.9997643,0.001302348,-0.03043443,0.9995359
Fixation,27.6381,0.01797087,0.04248929,-0.03714824,-0.1956145,-0.2542057,-0.01840856,-0.9469824,0.4886586,-0.3611278,0.7942289,0.08715325,0.04440534,-0.03718004,-0.1745394,-0.09208068,-0.0164678,-0.980197,0.186263,-0.3391333,0.9221143,0.05238683,0.04939437,-0.165671,0.01519279,0.0004572984,0.01545076,0.9997651,0.001383862,-0.03036432,0.9995379
Fixation,27.6494,0.01801151,0.04250813,-0.03712593,-0.19563,-0.2541591,-0.01833482,-0.9469931,0.4885475,-0.3612006,0.7942641,0.0871942,0.04441261,-0.03715329,-0.1745414,-0.09203474,-0.01639147,-0.9802021,0.1861473,-0.3391545,0.9221298,0.05242916,0.04940736,-0.1656465,0.0151871,0.0004239744,0.01536816,0.9997665,0.001314546,-0.03035407,0.9995384
Fixation,27.6607,0.01802434,0.04251492,-0.03711741,-0.1950074,-0.2545088,-0.01835123,-0.9470273,0.4892108,-0.3600136,0.7943947,0.08720687,0.04442525,-0.03715335,-0.1744759,-0.0921021,-0.01641576,-0.9802071,0.1862866,-0.3390212,0.9221507,0.05244039,0.04941583,-0.165643,0.01512409,0.0004858116,0.01540872,0.9997668,0.001437482,-0.03022616,0.9995421
Fixation,27.6717,0.01803895,0.04252636,-0.03710648,-0.1950104,-0.2545339,-0.01824959,-0.9470219,0.489216,-0.360068,0.7943669,0.08722183,0.04442394,-0.03714873,-0.1741152,-0.09229977,-0.01631908,-0.9802542,0.1866373,-0.3383417,0.9223293,0.05245551,0.0494206,-0.1656355,0.01510237,0.0005297616,0.01531602,0.9997685,0.001521894,-0.03018153,0.9995432
Fixation,27.6822,0.01806091,0.04253769,-0.0371264,-0.1949407,-0.2545688,-0.01813048,-0.9470291,0.4892368,-0.3599981,0.7943857,0.08724412,0.04442298,-0.03717639,-0.1740278,-0.09233814,-0.0162141,-0.9802679,0.1866756,-0.3381933,0.922376,0.05247778,0.04942417,-0.1656604,0.01500489,0.0005831004,0.0152268,0.9997713,0.001622887,-0.02998515,0.999549
Fixation,27.6934,0.01807725,0.04254913,-0.03713444,-0.1944235,-0.254876,-0.01815534,-0.9470524,0.4898216,-0.3590037,0.7944754,0.08726034,0.04443884,-0.03718468,-0.1739852,-0.09234507,-0.01624159,-0.9802743,0.1866986,-0.3381068,0.922403,0.05249366,0.04943705,-0.1656691,0.0149645,0.0005849201,0.01525873,0.9997714,0.001626251,-0.0299043,0.9995514
Fixation,27.7047,0.01808661,0.04255521,-0.03713161,-0.1943722,-0.2549441,-0.01818597,-0.947044,0.4899562,-0.3588853,0.7944459,0.08726948,0.04445255,-0.03719026,-0.1736354,-0.09242293,-0.01628298,-0.9803284,0.1868643,-0.3374296,0.9226175,0.05250124,0.04944634,-0.1656709,0.01492507,0.0006460137,0.01531324,0.9997712,0.001748834,-0.02982352,0.9995536
Fixation,27.7158,0.01808295,0.04256046,-0.03712577,-0.1942054,-0.2549313,-0.0182167,-0.9470811,0.4899567,-0.3585685,0.7945886,0.0872658,0.04445899,-0.03717873,-0.1736885,-0.09238462,-0.01630305,-0.9803222,0.1867967,-0.3375292,0.9225947,0.05249815,0.04945302,-0.1656616,0.01498008,0.000605693,0.01532208,0.9997702,0.00167016,-0.02993472,0.9995505
Fixation,27.7268,0.01807515,0.04254961,-0.03711931,-0.1941482,-0.2549295,-0.01822229,-0.9470931,0.4899597,-0.3584621,0.7946348,0.08725793,0.04445088,-0.03717153,-0.1736327,-0.09238214,-0.01631808,-0.9803321,0.1867971,-0.3374205,0.9226344,0.0524902,0.04944277,-0.1656554,0.014925,0.0005999643,0.01534144,0.9997708,0.001657596,-0.02982476,0.9995537
Fixation,27.7383,0.01805795,0.04253876,-0.03711135,-0.1941814,-0.2549261,-0.01820717,-0.9470875,0.4899457,-0.3585307,0.7946125,0.08724082,0.04443669,-0.0371637,-0.1736631,-0.09237935,-0.01629755,-0.9803273,0.1867846,-0.3374823,0.9226143,0.05247328,0.04943061,-0.1656472,0.01495378,0.0006009397,0.0153181,0.9997706,0.001659731,-0.02988229,0.9995521
Fixation,27.7492,0.01804845,0.04253268,-0.03710546,-0.1941547,-0.2548886,-0.01827825,-0.9471018,0.4899085,-0.3584507,0.7946715,0.08723107,0.04443979,-0.03715045,-0.1736253,-0.09232113,-0.01637108,-0.9803383,0.1866967,-0.3374004,0.9226621,0.05246379,0.04942906,-0.1656377,0.01494362,0.0005485934,0.01538545,0.9997698,0.001556763,-0.02986348,0.9995528
Fixation,27.7604,0.01803515,0.04251814,-0.03710046,-0.1940256,-0.2548745,-0.01835199,-0.9471306,0.4899203,-0.3581803,0.7947861,0.08721757,0.04443288,-0.03713925,-0.1736687,-0.09228721,-0.01643682,-0.9803327,0.1866535,-0.3374724,0.9226445,0.05245047,0.04941916,-0.1656291,0.01499303,0.0005052143,0.01544076,0.9997683,0.001473202,-0.02996352,0.9995499
Fixation,27.7714,0.01804515,0.04249549,-0.03712699,-0.194095,-0.2548405,-0.01837251,-0.9471251,0.4898636,-0.3583004,0.7947669,0.08722758,0.04440951,-0.03716086,-0.1734505,-0.09244488,-0.01644824,-0.9803562,0.1869637,-0.3370455,0.9227377,0.0524611,0.04939723,-0.1656523,0.01506512,0.000470518,0.01543656,0.9997672,0.001405924,-0.03010869,0.9995456
Fixation,27.7826,0.01804153,0.042467,-0.03713441,-0.1941194,-0.2548617,-0.01841687,-0.9471135,0.489916,-0.3583186,0.7947264,0.08722381,0.04438663,-0.0371702,-0.1734826,-0.09246583,-0.01648836,-0.9803479,0.1870183,-0.3370974,0.9227077,0.05245668,0.0493722,-0.1656602,0.01510156,0.0004854267,0.01547647,0.9997661,0.001438064,-0.03018103,0.9995434
Fixation,27.7932,0.01802919,0.04244542,-0.03712898,-0.194114,-0.2549504,-0.01843105,-0.9470905,0.4900777,-0.3582891,0.7946401,0.08721153,0.04436266,-0.03716095,-0.1735761,-0.09243681,-0.01648449,-0.9803342,0.1869605,-0.3372777,0.9226536,0.052445,0.04935098,-0.1656518,0.01519535,0.0004587474,0.01545966,0.9997649,0.001387109,-0.03036937,0.9995378
Fixation,27.8048,0.01800674,0.04242969,-0.03712759,-0.1941628,-0.2549013,-0.01845691,-0.9470932,0.4899979,-0.3583711,0.7946523,0.08718908,0.04434741,-0.03715226,-0.1736272,-0.09238608,-0.01650076,-0.9803296,0.1868676,-0.3373748,0.9226369,0.0524234,0.04933643,-0.1656461,0.0152477,0.0004066813,0.01546296,0.9997641,0.00128472,-0.03047562,0.9995347
Fixation,27.8160,0.01797479,0.04241776,-0.03712618,-0.1941601,-0.2548914,-0.01848376,-0.9470959,0.4899909,-0.3583537,0.7946645,0.08715703,0.0443387,-0.03714871,-0.1734686,-0.09268712,-0.01653225,-0.9803287,0.1874633,-0.3370479,0.9226355,0.05239136,0.0493263,-0.1656436,0.01525137,0.0003916691,0.01548733,0.9997637,0.001255559,-0.0304834,0.9995345
Fixation,27.8269,0.01796586,0.04240906,-0.03712736,-0.1938353,-0.2551271,-0.01853684,-0.947098,0.4904468,-0.3577036,0.7946761,0.087148,0.0443337,-0.03713661,-0.1734836,-0.09259784,-0.01657638,-0.9803338,0.187305,-0.3370737,0.9226582,0.05238369,0.04931974,-0.1656379,0.01526918,0.0002963844,0.01551509,0.999763,0.001066434,-0.03052193,0.9995335
Fixation,27.8387,0.01794772,0.0423919,-0.03713521,-0.1937229,-0.25518,-0.01846538,-0.9471081,0.4905204,-0.357529,0.7947093,0.08712997,0.04431248,-0.03715316,-0.173362,-0.09265307,-0.01652591,-0.980351,0.187395,-0.3368489,0.922722,0.05236495,0.04929841,-0.1656516,0.01514248,0.0003572059,0.01548523,0.9997654,0.001183214,-0.03026679,0.9995412
Fixation,27.8498,0.01793427,0.04239357,-0.03713473,-0.1938091,-0.2550925,-0.01851309,-0.9471131,0.4903789,-0.3576731,0.7947317,0.08711651,0.0443151,-0.03713962,-0.1733075,-0.09267951,-0.01655866,-0.9803575,0.1874576,-0.3367374,0.92275,0.05235298,0.04930198,-0.1656435,0.01523546,0.0002640337,0.01549281,0.9997639,0.001000023,-0.03045554,0.9995356
Fixation,27.8607,0.01793006,0.0423882,-0.03713843,-0.1935432,-0.255585,-0.01848238,-0.9470353,0.4912504,-0.3571368,0.7944347,0.0871124,0.04430592,-0.03714184,-0.1732569,-0.09266379,-0.01652921,-0.9803685,0.1874169,-0.3366479,0.9227909,0.05234935,0.04929399,-0.1656471,0.01518128,0.0002523021,0.01546591,0.9997651,0.0009740702,-0.03034763,0.999539
Fixation,27.8718,0.01793399,0.04239535,-0.03713766,-0.1934492,-0.2556028,-0.01851754,-0.947049,0.4913011,-0.3569455,0.7944893,0.0871161,0.04432142,-0.03714204,-0.17317,-0.09268026,-0.01658,-0.9803814,0.1874663,-0.3364721,0.922845,0.05235237,0.04930377,-0.1656478,0.0150984,0.0002592181,0.01552628,0.9997654,0.0009871585,-0.03018167,0.999544
Fixation,27.8823,0.01794188,0.04240298,-0.03713538,-0.1934052,-0.2555698,-0.01850727,-0.9470671,0.4912423,-0.3568757,0.794557,0.087124,0.04432833,-0.03713515,-0.1730538,-0.09264263,-0.01657671,-0.9804055,0.187392,-0.3362544,0.9229395,0.05236091,0.04931021,-0.1656438,0.0150507,0.0002251933,0.0155216,0.9997662,0.0009175033,-0.03008738,0.9995468
Fixation,27.8936,0.01797654,0.0424155,-0.03716018,-0.1932229,-0.2560394,-0.01847234,-0.9469781,0.4920659,-0.3564965,0.7942175,0.0871588,0.04433608,-0.03716718,-0.1730672,-0.09268804,-0.01653481,-0.9803996,0.1874659,-0.3362848,0.9229134,0.05239516,0.04932058,-0.1656721,0.01506101,0.0002770554,0.01548647,0.9997666,0.001020465,-0.0301064,0.9995462
Fixation,27.9048,0.01799803,0.04242313,-0.03717071,-0.1931616,-0.2560652,-0.01844309,-0.9469842,0.4921043,-0.3563967,0.7942384,0.08718032,0.04434276,-0.03718174,-0.1730024,-0.0927147,-0.01651686,-0.9804088,0.1875115,-0.3361633,0.9229484,0.05241628,0.04932666,-0.1656854,0.01499424,0.0003053134,0.01547891,0.9997677,0.001074674,-0.02997206,0.9995502
Fixation,27.9161,0.01801123,0.04243088,-0.037171,-0.1931107,-0.2561056,-0.01839776,-0.9469846,0.4921617,-0.3563221,0.7942364,0.0871936,0.04434741,-0.03718863,-0.1727522,-0.09285624,-0.01648356,-0.9804401,0.1877751,-0.3356853,0.9230688,0.052429,0.04933178,-0.1656897,0.01493429,0.0003519125,0.01545612,0.999769,0.001165315,-0.02985081,0.9995537
Fixation,27.9271,0.01802935,0.04245234,-0.03717354,-0.1930487,-0.2561282,-0.01838688,-0.9469913,0.4922014,-0.356212,0.7942612,0.08721168,0.04437029,-0.03719427,-0.1726897,-0.09287923,-0.01648374,-0.9804489,0.1878198,-0.3355649,0.9231034,0.05244664,0.04935288,-0.1656946,0.01487145,0.0003736856,0.0154656,0.9997697,0.001207191,-0.02972449,0.9995574
Fixation,27.9384,0.01805385,0.04247761,-0.03716939,-0.1928204,-0.2563559,-0.01836957,-0.9469765,0.49261,-0.3557745,0.7942039,0.08723624,0.0443933,-0.03718322,-0.1726294,-0.09282691,-0.01647143,-0.9804646,0.1877139,-0.3354561,0.9231645,0.05247223,0.04937589,-0.1656877,0.01480857,0.0003228034,0.01545058,0.9997709,0.001103061,-0.02960038,0.9995612
Fixation,27.9488,0.01805604,0.04249227,-0.03717545,-0.1928432,-0.256464,-0.01837207,-0.9469426,0.4927993,-0.3557993,0.7940754,0.08723836,0.04441047,-0.03720456,-0.1724276,-0.09317292,-0.01647625,-0.9804673,0.1883879,-0.3350489,0.9231751,0.05247227,0.04939234,-0.1657011,0.01483705,0.000433736,0.01546695,0.9997702,0.001326241,-0.02965387,0.9995593
Fixation,27.9605,0.0180709,0.04248917,-0.03715904,-0.1928179,-0.2563929,-0.01831522,-0.946968,0.4926547,-0.3557929,0.7941679,0.08725345,0.0443989,-0.03717954,-0.1723909,-0.09310088,-0.01642294,-0.9804815,0.1882297,-0.3349942,0.9232272,0.05248906,0.04938424,-0.1656809,0.01479395,0.0003701269,0.01540638,0.9997718,0.001195927,-0.02956974,0.999562
Fixation,27.9714,0.01808558,0.04245639,-0.037169,-0.1927535,-0.2565951,-0.01826657,-0.9469274,0.4929958,-0.355673,0.79401,0.0872683,0.0443604,-0.03719881,-0.172403,-0.0931598,-0.01637124,-0.9804747,0.1883266,-0.3350232,0.9231969,0.05250318,0.04934883,-0.1656954,0.01480222,0.0004369096,0.01536384,0.9997723,0.001328458,-0.02958428,0.9995614
Fixation,27.9824,0.01809761,0.04244673,-0.03715827,-0.1928134,-0.2566007,-0.01828636,-0.9469132,0.4930089,-0.3557706,0.7939581,0.08728031,0.04435134,-0.0371887,-0.1722645,-0.09325921,-0.01638268,-0.9804893,0.1885236,-0.3347513,0.9232553,0.05251503,0.04934049,-0.1656842,0.0148667,0.0004422436,0.0153685,0.9997713,0.001341243,-0.02971301,0.9995576
Fixation,27.9934,0.01810999,0.04241896,-0.03713077,-0.1925802,-0.2570632,-0.01831787,-0.9468346,0.493848,-0.3552655,0.7936628,0.08729262,0.04432595,-0.03716001,-0.1722938,-0.09325401,-0.01640349,-0.9804843,0.1885206,-0.3348034,0.923237,0.0525273,0.0493145,-0.1656557,0.01489822,0.000434268,0.01538549,0.9997705,0.001326769,-0.02977625,0.9995557
Fixation,28.0045,0.01811795,0.04241097,-0.03712732,-0.1927209,-0.2570511,-0.01835602,-0.9468085,0.4938315,-0.3555028,0.7935668,0.08730058,0.0443176,-0.03715467,-0.1724392,-0.0932419,-0.01641709,-0.9804597,0.1885018,-0.3350779,0.9231413,0.05253545,0.04930878,-0.1656496,0.01504632,0.0004224369,0.01538379,0.9997684,0.001307617,-0.03007268,0.9995469
Fixation,28.0158,0.01813019,0.04238069,-0.03710707,-0.1928719,-0.2570696,-0.01841796,-0.9467716,0.4938771,-0.3557418,0.7934313,0.08731274,0.04429078,-0.03713627,-0.1723631,-0.09342814,-0.01645613,-0.9804547,0.188877,-0.3349135,0.9231243,0.05254705,0.04928303,-0.1656283,0.01521213,0.0004381282,0.01540769,0.9997655,0.001344819,-0.03040362,0.9995368
Fixation,28.0269,0.01814032,0.04233623,-0.03708014,-0.1928374,-0.257154,-0.01847387,-0.9467546,0.4940484,-0.3556381,0.7933711,0.0873228,0.04424846,-0.03711108,-0.1725256,-0.09344505,-0.01648417,-0.980424,0.1889194,-0.3352158,0.9230059,0.05255667,0.04924262,-0.1656002,0.01537929,0.0004530788,0.01542323,0.9997627,0.001380339,-0.0307373,0.9995266
Fixation,28.0384,0.01814829,0.04229105,-0.0370577,-0.1929968,-0.257199,-0.01848519,-0.9467097,0.4941207,-0.3559151,0.7932019,0.08733085,0.0442003,-0.03709563,-0.1726869,-0.09349264,-0.01646943,-0.9803913,0.1890069,-0.335522,0.9228767,0.052564,0.04919863,-0.1655793,0.01554177,0.0005051703,0.01540168,0.9997605,0.001488838,-0.03106053,0.9995164
Fixation,28.0489,0.01813282,0.04226398,-0.03702062,-0.1931249,-0.2572298,-0.01853685,-0.9466742,0.4941855,-0.3561162,0.7930712,0.0873153,0.04417646,-0.03706226,-0.1728132,-0.0935978,-0.0165005,-0.9803585,0.1892218,-0.3357489,0.9227501,0.0525477,0.04917562,-0.1655424,0.01568303,0.0005340255,0.01542384,0.9997579,0.001551578,-0.031342,0.9995075
Fixation,28.0607,0.01813406,0.04224694,-0.03700574,-0.1931984,-0.2572209,-0.01848555,-0.9466627,0.4941455,-0.3562778,0.7930236,0.0873168,0.04414988,-0.03704796,-0.1728774,-0.09359059,-0.01643737,-0.9803489,0.1891862,-0.3358836,0.9227084,0.05254978,0.04915476,-0.1655271,0.01574198,0.0005378257,0.01535481,0.9997581,0.001558821,-0.03145982,0.9995038
Fixation,28.0714,0.0181339,0.04223919,-0.03699224,-0.1926641,-0.25747,-0.01849286,-0.9467036,0.4946215,-0.3552688,0.7931795,0.08731652,0.04414618,-0.03703282,-0.1727686,-0.0935829,-0.01645854,-0.9803685,0.1891785,-0.3356733,0.9227865,0.05254947,0.04914725,-0.1655141,0.01563381,0.000525131,0.01538427,0.9997593,0.001531039,-0.03124393,0.9995106
Fixation,28.0822,0.01811115,0.04226387,-0.03698678,-0.1925071,-0.2574069,-0.01855345,-0.9467515,0.4945441,-0.3549612,0.7933654,0.08729346,0.04418254,-0.03701591,-0.1723006,-0.09386816,-0.01654935,-0.9804221,0.1897638,-0.3347477,0.9230025,0.05252703,0.04917526,-0.1655046,0.0154914,0.0004420294,0.01547027,0.9997602,0.001363159,-0.0309617,0.9995196
Fixation,28.0937,0.01806278,0.0422889,-0.03699037,-0.1922092,-0.2573994,-0.01849402,-0.9468153,0.4945288,-0.3544525,0.7936023,0.08724502,0.04421008,-0.03701824,-0.1719952,-0.09385901,-0.01654078,-0.9804767,0.189743,-0.3341696,0.9232163,0.05247871,0.04919624,-0.1655113,0.01518168,0.0004294246,0.01548819,0.9997647,0.00132892,-0.03034291,0.9995387
Fixation,28.1054,0.01806173,0.04230821,-0.03698956,-0.1916451,-0.2577119,-0.01857257,-0.9468431,0.4951441,-0.353343,0.7937135,0.0872438,0.04423594,-0.03700478,-0.1720255,-0.09377799,-0.01660674,-0.980478,0.1896081,-0.3342197,0.9232259,0.05247855,0.04921949,-0.1655037,0.01521724,0.0003391934,0.01553744,0.9997634,0.0011511,-0.03041674,0.9995366
Fixation,28.1163,0.01805205,0.04232371,-0.03699439,-0.1915227,-0.2576485,-0.01862852,-0.946884,0.4950621,-0.3531004,0.7938726,0.08723383,0.04426134,-0.03699847,-0.1718761,-0.09383242,-0.01668295,-0.9804977,0.1897397,-0.3339174,0.9233082,0.05246929,0.04923809,-0.1655043,0.0151078,0.0002584444,0.01561027,0.999764,0.0009884406,-0.03020041,0.9995434
Fixation,28.1269,0.01804547,0.04237652,-0.03706742,-0.1914068,-0.2575127,-0.0185832,-0.9469453,0.4948148,-0.3529328,0.7941012,0.0872274,0.04430866,-0.03705293,-0.1717495,-0.09369254,-0.01665498,-0.9805338,0.1894584,-0.3336914,0.9234477,0.05246561,0.04928589,-0.1655697,0.01497509,0.0001220662,0.01557213,0.9997666,0.0007104635,-0.02993939,0.9995515
Fixation,28.1383,0.0180419,0.04236817,-0.03709413,-0.1910814,-0.2575456,-0.01856912,-0.9470024,0.4948891,-0.3523443,0.7943163,0.08722392,0.04429722,-0.03707203,-0.171729,-0.0936345,-0.01664072,-0.9805431,0.1893407,-0.333659,0.9234835,0.0524633,0.04927576,-0.1655928,0.01495213,6.640911E-05,0.01555079,0.9997673,0.000597822,-0.02989523,0.9995528
Fixation,28.1491,0.01805133,0.04234695,-0.03711124,-0.1910622,-0.25746,-0.01875646,-0.9470258,0.4948098,-0.3522235,0.7944192,0.0872327,0.04429889,-0.03707197,-0.1715858,-0.09366581,-0.01682886,-0.980562,0.1894654,-0.3333484,0.9235701,0.05247253,0.04926622,-0.1656011,0.01497732,-5.482313E-05,0.01571816,0.9997643,0.0003612113,-0.0299493,0.9995514
Fixation,28.1600,0.01807262,0.04234076,-0.03711216,-0.1910971,-0.257446,-0.01867241,-0.9470242,0.4947517,-0.3523328,0.7944069,0.08725435,0.04428005,-0.03707338,-0.1716062,-0.0936538,-0.01673987,-0.9805611,0.1894119,-0.3334052,0.9235606,0.05249502,0.04925394,-0.1656021,0.01498937,-5.24518E-05,0.0156269,0.9997655,0.0003635958,-0.02997336,0.9995506
Fixation,28.1722,0.01811208,0.0423969,-0.03710563,-0.1908354,-0.2580922,-0.01845823,-0.9469053,0.4958227,-0.3518783,0.7939405,0.08729459,0.04430842,-0.03707698,-0.1715591,-0.0936903,-0.01652416,-0.9805695,0.1894094,-0.3333549,0.9235792,0.05253604,0.04929519,-0.1656014,0.01492208,1.682192E-05,0.01542489,0.9997697,0.0004939791,-0.02983677,0.9995546
Fixation,28.1825,0.01814709,0.04244506,-0.03709892,-0.1908543,-0.2581885,-0.01821078,-0.94688,0.4958983,-0.3520286,0.7938267,0.08733043,0.04432607,-0.03709054,-0.1717983,-0.09402128,-0.01628146,-0.9805,0.18997,-0.3338349,0.9232907,0.05257161,0.04932749,-0.1656053,0.01488136,0.0001594994,0.01520246,0.9997737,0.000771393,-0.02975113,0.999557
Fixation,28.1935,0.01818229,0.0424763,-0.03708679,-0.1908579,-0.2582871,-0.01797471,-0.9468569,0.495983,-0.3521449,0.7937222,0.0873664,0.04432893,-0.0370986,-0.1717661,-0.09412852,-0.01605026,-0.9804992,0.1900997,-0.3338115,0.9232725,0.05260719,0.04934359,-0.1656039,0.01482866,0.0003016572,0.01499512,0.9997776,0.001047895,-0.02964168,0.9995601
Fixation,28.2048,0.01824157,0.04252052,-0.03711685,-0.1907225,-0.2588161,-0.01790269,-0.946741,0.4968926,-0.3518627,0.7932783,0.0874259,0.04436469,-0.0371547,-0.1718406,-0.0943033,-0.01596413,-0.9804707,0.1904098,-0.3339585,0.9231554,0.05266407,0.04938471,-0.1656461,0.01489858,0.0004897308,0.01493134,0.9997774,0.001424155,-0.0297759,0.9995556
Fixation,28.2161,0.01828584,0.04252899,-0.03711677,-0.1907578,-0.2589147,-0.01792151,-0.9467067,0.4970698,-0.3519031,0.7931493,0.08747005,0.04437709,-0.0371682,-0.1716628,-0.0949073,-0.01598616,-0.9804432,0.1915909,-0.3335768,0.923049,0.05270626,0.0493958,-0.1656523,0.01494316,0.0005887235,0.01495796,0.9997763,0.001624222,-0.02986202,0.9995527
Fixation,28.2273,0.0183157,0.04253399,-0.03711409,-0.1908454,-0.2590137,-0.0180132,-0.9466602,0.4972713,-0.3520002,0.7929799,0.08749959,0.04439378,-0.03717752,-0.1717678,-0.09500793,-0.01606374,-0.9804139,0.1918126,-0.3337547,0.9229386,0.05273342,0.04940867,-0.1656542,0.01505816,0.0006780654,0.01504051,0.9997733,0.001808788,-0.03008909,0.9995456
Fixation,28.2377,0.01834821,0.04253304,-0.03711535,-0.1906055,-0.2594379,-0.0181588,-0.9465896,0.4980848,-0.3514282,0.792723,0.08753164,0.04441011,-0.0371747,-0.1718148,-0.09500123,-0.01619745,-0.9804041,0.1918451,-0.3338183,0.9229089,0.05276469,0.04941738,-0.1656527,0.01511822,0.000651201,0.01516657,0.9997705,0.001760686,-0.03020975,0.9995421
Fixation,28.2491,0.01832357,0.04252768,-0.03709524,-0.1905934,-0.2595031,-0.01813691,-0.9465746,0.4981915,-0.3514086,0.7926646,0.08750701,0.04440415,-0.03716426,-0.1717737,-0.09529617,-0.01618243,-0.9803829,0.1924129,-0.3337238,0.9228249,0.05273892,0.04941142,-0.1656376,0.01510381,0.0007208639,0.01516062,0.9997708,0.001899364,-0.03017884,0.9995427
Fixation,28.2629,0.0183279,0.04254138,-0.03710096,-0.1906213,-0.2594756,-0.01807531,-0.9465777,0.4981187,-0.3514955,0.7926719,0.0875116,0.04440796,-0.03716794,-0.1717904,-0.09526959,-0.01611647,-0.9803837,0.1923388,-0.3337701,0.9228235,0.05274447,0.04942036,-0.1656422,0.01511396,0.000705104,0.01509003,0.9997717,0.001866026,-0.03019974,0.9995421
Fixation,28.2773,0.01832377,0.04255474,-0.03710763,-0.1904295,-0.2598387,-0.01801355,-0.9465178,0.4987445,-0.3511286,0.7924409,0.08750767,0.04441428,-0.03716974,-0.171818,-0.09552274,-0.01606731,-0.980355,0.1928137,-0.3338157,0.922708,0.05274169,0.04942858,-0.1656476,0.01501459,0.0006680423,0.01503968,0.999774,0.001787412,-0.0300023,0.9995483
Fixation,28.2848,0.01832383,0.04259253,-0.03711554,-0.1904786,-0.259718,-0.0179556,-0.9465422,0.4985085,-0.3512652,0.7925289,0.08750807,0.04443955,-0.03716251,-0.1718533,-0.09540009,-0.0159995,-0.9803618,0.1925524,-0.3339041,0.9227305,0.05274485,0.04946065,-0.1656476,0.01504192,0.0005575942,0.01495032,0.9997749,0.0015647,-0.03006039,0.9995469
Fixation,28.2935,0.01820419,0.04257894,-0.03714006,-0.1903699,-0.2597011,-0.0179069,-0.9465696,0.4984683,-0.3510958,0.7926292,0.08738853,0.04442298,-0.0371853,-0.1717371,-0.09538284,-0.01596957,-0.9803844,0.1925088,-0.3336902,0.922817,0.05262579,0.04944336,-0.1656727,0.0149213,0.0005432984,0.01492891,0.9997771,0.001531872,-0.02981973,0.9995541
Fixation,28.3050,0.01819366,0.04257059,-0.03714299,-0.1899691,-0.2598987,-0.0179754,-0.9465947,0.498867,-0.3503039,0.7927288,0.0873778,0.04442191,-0.03716967,-0.1716838,-0.09526001,-0.0160405,-0.9804045,0.1922945,-0.3335831,0.9229004,0.05261683,0.04943788,-0.165667,0.01487235,0.0004094477,0.0149841,0.999777,0.00126441,-0.0297258,0.9995573
Fixation,28.3157,0.01818093,0.04254031,-0.03715732,-0.1899568,-0.2598408,-0.01808918,-0.9466108,0.4988085,-0.3502297,0.7927984,0.0873647,0.04440546,-0.03717274,-0.1716886,-0.09519754,-0.01615355,-0.9804078,0.1922116,-0.3335742,0.9229209,0.05260412,0.04941475,-0.1656755,0.01488699,0.0003298077,0.01508489,0.9997754,0.001108604,-0.02975735,0.9995565
Fixation,28.3266,0.01816742,0.04251885,-0.03718317,-0.1899505,-0.2598278,-0.01816865,-0.9466141,0.4988157,-0.3501783,0.7928166,0.08735093,0.04439425,-0.03719461,-0.1716892,-0.09563614,-0.01623877,-0.9803637,0.1930924,-0.3335296,0.9227531,0.05259007,0.04939866,-0.1656992,0.01490085,0.0003023512,0.01515962,0.999774,0.001056348,-0.02978581,0.9995558
Fixation,28.3380,0.01815578,0.04249215,-0.03719012,-0.1895106,-0.2601358,-0.01824539,-0.9466162,0.499413,-0.3492951,0.7928301,0.08733906,0.04437554,-0.03719476,-0.1717134,-0.09559806,-0.01630625,-0.980362,0.1930414,-0.333565,0.922751,0.05257846,0.04937661,-0.1657024,0.01493126,0.0002543696,0.01521767,0.9997727,0.0009630617,-0.029848,0.999554
Fixation,28.3488,0.0181479,0.04245663,-0.03718761,-0.1895348,-0.2601168,-0.01830065,-0.9466156,0.4993984,-0.3493125,0.7928317,0.08733102,0.04434586,-0.03718824,-0.1717459,-0.09557733,-0.01635625,-0.9803575,0.1930181,-0.3336182,0.9227366,0.05257047,0.04934454,-0.1656975,0.01496852,0.000226494,0.01526051,0.9997715,0.0009097391,-0.02992329,0.9995518
Fixation,28.3605,0.01814524,0.04242504,-0.03720369,-0.1896528,-0.2600634,-0.01829833,-0.9466066,0.499296,-0.3495358,0.7927977,0.08732852,0.0443083,-0.03719758,-0.1719263,-0.09599574,-0.01633918,-0.9802853,0.1938247,-0.3339367,0.9224523,0.05256917,0.04931188,-0.1657088,0.01508162,0.0001785185,0.01521837,0.9997705,0.0008159903,-0.03015088,0.999545
Fixation,28.3713,0.01814885,0.04240179,-0.03722362,-0.1893253,-0.2603511,-0.01833267,-0.9465924,0.4998344,-0.348882,0.7927464,0.08733203,0.04428911,-0.03721237,-0.1719052,-0.09596414,-0.01637238,-0.9802915,0.1937747,-0.333892,0.922479,0.05257303,0.04929042,-0.1657264,0.01506295,0.0001416079,0.01524797,0.9997703,0.0007425096,-0.03011466,0.9995462
Fixation,28.3825,0.01814248,0.04238236,-0.03721215,-0.1894369,-0.2603495,-0.01836447,-0.9465699,0.4998358,-0.3490681,0.7926637,0.08732565,0.0442698,-0.0372005,-0.1720209,-0.09596276,-0.01638481,-0.9802712,0.1937761,-0.3341095,0.9223999,0.05256663,0.04927301,-0.1657134,0.01518106,0.000140182,0.01524916,0.9997684,0.0007432959,-0.03035082,0.999539
Fixation,28.3934,0.01814674,0.04236627,-0.03720566,-0.1894957,-0.2603495,-0.01838589,-0.9465578,0.4998397,-0.3491637,0.7926191,0.08732989,0.04425442,-0.03719379,-0.1719927,-0.09621669,-0.01639969,-0.980251,0.1942743,-0.3340361,0.9223217,0.05257082,0.04925835,-0.165706,0.01524461,0.000139464,0.01525434,0.9997674,0.0007439558,-0.03047787,0.9995351
Fixation,28.4048,0.01815083,0.04237878,-0.03719722,-0.1892199,-0.2606016,-0.01841142,-0.946543,0.5003089,-0.3486136,0.7925652,0.08733402,0.04426527,-0.0371812,-0.172098,-0.09618616,-0.01640247,-0.9802355,0.1942158,-0.3342378,0.922261,0.05257553,0.04927182,-0.1656942,0.01535092,0.0001104747,0.01524235,0.999766,0.000688866,-0.03069129,0.9995286
Fixation,28.4155,0.01814763,0.04240322,-0.03719469,-0.1892463,-0.2606227,-0.01839173,-0.9465323,0.5003367,-0.3486688,0.7925234,0.08733091,0.04428673,-0.03718232,-0.1721215,-0.09620858,-0.016379,-0.9802294,0.1942513,-0.3342856,0.9222362,0.05257218,0.04929519,-0.1656933,0.01537275,0.0001367998,0.01522064,0.999766,0.0007415018,-0.03073414,0.9995273
Fixation,28.4268,0.01816159,0.04241693,-0.03718404,-0.1892481,-0.2606218,-0.0182954,-0.946534,0.5002996,-0.3487232,0.7925228,0.08734522,0.0442878,-0.03717411,-0.1718842,-0.09644205,-0.0162876,-0.9802497,0.1946737,-0.3338373,0.9223095,0.05258712,0.0493021,-0.1656841,0.01534938,0.0001527736,0.01512853,0.9997677,0.0007699035,-0.03068702,0.9995288
Fixation,28.4380,0.01817704,0.04241908,-0.03717448,-0.1889922,-0.2609636,-0.01830995,-0.9464908,0.5009201,-0.3482022,0.7923599,0.08736062,0.0442915,-0.03716391,-0.1718765,-0.09643939,-0.01629892,-0.9802511,0.1946725,-0.3338206,0.9223158,0.05260248,0.04930508,-0.1656743,0.01534265,0.0001482381,0.01513997,0.9997677,0.000760982,-0.03067369,0.9995292
Fixation,28.4492,0.01817014,0.04242849,-0.03717105,-0.1888958,-0.2609499,-0.01830374,-0.9465139,0.5009004,-0.3480324,0.792447,0.08735367,0.04430318,-0.03715813,-0.1717002,-0.09700251,-0.01631703,-0.9802262,0.1957721,-0.3334445,0.9222191,0.0525957,0.0493139,-0.1656709,0.01524547,0.0001303503,0.01515649,0.9997689,0.0007227758,-0.03047994,0.9995351
Fixation,28.4598,0.01817822,0.04244971,-0.03715914,-0.1888636,-0.2609112,-0.01835456,-0.94653,0.5008535,-0.3479524,0.7925118,0.08736156,0.04433107,-0.03713924,-0.1716755,-0.09696126,-0.01637182,-0.9802337,0.1957107,-0.3333893,0.9222521,0.05260397,0.0493381,-0.1656557,0.01522516,8.043004E-05,0.01520615,0.9997685,0.000623855,-0.03044082,0.9995364
Fixation,28.4710,0.01819901,0.04246533,-0.03714344,-0.1885087,-0.2611045,-0.01824555,-0.9465496,0.5011755,-0.3473376,0.7925779,0.08738261,0.0443368,-0.03713436,-0.1715737,-0.09702445,-0.01627776,-0.9802468,0.1958015,-0.3332105,0.9222974,0.05262447,0.04934692,-0.1656467,0.01511417,0.0001561727,0.01513331,0.9997712,0.000769729,-0.0302167,0.9995431
Fixation,28.4823,0.01821498,0.04248059,-0.03712517,-0.188515,-0.2610988,-0.01815313,-0.9465516,0.5011312,-0.3473988,0.7925791,0.08739892,0.04433954,-0.03711776,-0.1714646,-0.09747165,-0.01619195,-0.9802229,0.1966406,-0.3329906,0.9221984,0.05264148,0.04935551,-0.1656295,0.01509592,0.0001667033,0.01504293,0.9997729,0.0007875047,-0.03017998,0.9995441
Fixation,28.4934,0.01823414,0.04250264,-0.03711835,-0.1886116,-0.2611736,-0.01810513,-0.9465127,0.5012379,-0.3475894,0.792428,0.08741829,0.04435396,-0.03712333,-0.1715548,-0.09755066,-0.01612972,-0.9802003,0.1967726,-0.3331692,0.9221057,0.05265985,0.0493753,-0.1656278,0.01518223,0.0002563643,0.01498571,0.9997724,0.0009676449,-0.03034986,0.9995388
Fixation,28.5048,0.01825695,0.04247916,-0.03710206,-0.1880608,-0.2616221,-0.01805845,-0.9464993,0.5020425,-0.3465499,0.792374,0.08744127,0.04432404,-0.03710652,-0.1715165,-0.09753877,-0.0160818,-0.980209,0.1967333,-0.3331068,0.9221365,0.05268336,0.04934788,-0.1656118,0.01513865,0.0002514214,0.01494036,0.9997737,0.0009550828,-0.03026295,0.9995415
Fixation,28.5155,0.01827678,0.04246521,-0.0370912,-0.188171,-0.2616612,-0.01816518,-0.9464645,0.5021425,-0.346688,0.7922502,0.0874608,0.0443213,-0.03709902,-0.1714877,-0.09792403,-0.01617426,-0.9801741,0.1975126,-0.333008,0.9220057,0.05270161,0.04934192,-0.165601,0.01527707,0.0002785875,0.01502012,0.9997705,0.001015974,-0.03053877,0.9995331
Fixation,28.5265,0.01826062,0.04247093,-0.03708794,-0.1881613,-0.261668,-0.01824719,-0.946463,0.502185,-0.346626,0.7922503,0.08744434,0.04433823,-0.03709451,-0.1714918,-0.09792922,-0.01625683,-0.9801715,0.1975507,-0.3329988,0.9220008,0.05268449,0.04935336,-0.1655969,0.01528939,0.0002708794,0.0151017,0.999769,0.001003425,-0.03056354,0.9995323
Fixation,28.5384,0.01827537,0.042467,-0.03707227,-0.1879459,-0.2620358,-0.01826395,-0.9464037,0.5028486,-0.3461738,0.7920271,0.08745904,0.0443362,-0.03707282,-0.1714541,-0.09788851,-0.01627421,-0.9801819,0.1974777,-0.3329262,0.9220427,0.05269981,0.04934967,-0.1655787,0.01525226,0.0002271486,0.01511595,0.9997694,0.0009152974,-0.03049062,0.9995346
Fixation,28.5488,0.01829026,0.04247117,-0.03706207,-0.1879329,-0.2620165,-0.01825519,-0.9464118,0.5028126,-0.3461576,0.7920571,0.08747396,0.04433918,-0.03706006,-0.1714392,-0.09786873,-0.01626742,-0.9801866,0.197437,-0.3329006,0.9220607,0.05271515,0.04935312,-0.1655674,0.01523625,0.0002083171,0.01510757,0.9997697,0.0008769038,-0.03045918,0.9995356
Fixation,28.5600,0.01830582,0.04248023,-0.03704851,-0.1878408,-0.2619882,-0.01823284,-0.9464384,0.5027611,-0.3460059,0.792156,0.08748953,0.04434788,-0.03704253,-0.1711284,-0.09839985,-0.01626872,-0.9801877,0.1984687,-0.3322742,0.9220651,0.05273127,0.04936028,-0.165553,0.01513826,0.0001784409,0.01510521,0.9997713,0.0008141331,-0.0302642,0.9995416
Fixation,28.5719,0.01830374,0.04252291,-0.03705146,-0.1876346,-0.2620853,-0.01817537,-0.9464535,0.5029238,-0.3456479,0.792209,0.08748768,0.04438198,-0.03704572,-0.1711327,-0.09839098,-0.01620762,-0.9801888,0.1984308,-0.3322953,0.9220656,0.05273001,0.04939878,-0.1655561,0.01513644,0.0001792491,0.01504334,0.9997723,0.0008138217,-0.03026059,0.9995417
Fixation,28.5823,0.01832278,0.04255223,-0.0370438,-0.187639,-0.2620517,-0.01811043,-0.9464632,0.502841,-0.3456951,0.792241,0.08750698,0.04440176,-0.03703506,-0.1708763,-0.09882545,-0.01614934,-0.9801908,0.1992547,-0.3317908,0.9220697,0.05275038,0.04942298,-0.1655472,0.0151221,0.0001562972,0.01497457,0.9997735,0.0007654178,-0.03023267,0.9995426
Fixation,28.5932,0.0183446,0.04256713,-0.03704197,-0.18756,-0.2620252,-0.01801609,-0.946488,0.5027655,-0.3456052,0.7923281,0.08752906,0.04440641,-0.03703148,-0.1707817,-0.09879945,-0.01606917,-0.9802113,0.1991773,-0.3316291,0.9221445,0.05277347,0.04943109,-0.1655457,0.01501825,0.0001414099,0.0149008,0.9997762,0.0007303242,-0.03002556,0.9995489
Fixation,28.6042,0.01837803,0.04259515,-0.03704418,-0.1874023,-0.2620622,-0.01796478,-0.94651,0.5028222,-0.3453404,0.7924076,0.08756277,0.04442406,-0.03703201,-0.1708496,-0.09877528,-0.01600365,-0.9802029,0.1991081,-0.3317731,0.9221077,0.05280811,0.04945493,-0.1655463,0.01507995,0.0001287708,0.01482605,0.9997764,0.0007046361,-0.03014934,0.9995452
Fixation,28.6151,0.0184007,0.04261351,-0.03704698,-0.1873002,-0.2621716,-0.01788245,-0.9465014,0.5029904,-0.3451834,0.7923693,0.08758555,0.04443812,-0.03705176,-0.1705689,-0.09928544,-0.01594743,-0.9802012,0.2000797,-0.3312169,0.9220973,0.05282917,0.04946911,-0.165559,0.01496325,0.0002494508,0.01479371,0.9997786,0.000941515,-0.02991248,0.9995521
Fixation,28.6267,0.01844102,0.04263747,-0.037034,-0.1873368,-0.2621718,-0.01785647,-0.9464946,0.5029787,-0.3452636,0.7923417,0.087626,0.04445744,-0.03703972,-0.1706008,-0.09928653,-0.0159157,-0.9801961,0.200071,-0.3312841,0.9220751,0.05286983,0.04949117,-0.1655461,0.01499241,0.0002560143,0.01475961,0.9997786,0.0009544794,-0.02997062,0.9995503
Fixation,28.6377,0.01847272,0.04264832,-0.03701926,-0.1870335,-0.2625034,-0.01782137,-0.9464634,0.5035661,-0.3446845,0.7922208,0.08765773,0.04446685,-0.03703365,-0.1705348,-0.09934566,-0.01588885,-0.980202,0.2001768,-0.33116,0.9220967,0.05290063,0.04950023,-0.1655365,0.01492393,0.0003177811,0.01474891,0.9997798,0.001075645,-0.02983191,0.9995543
Fixation,28.6489,0.01846606,0.0426836,-0.03699074,-0.1870038,-0.2625428,-0.01778973,-0.9464589,0.5036255,-0.3446417,0.7922018,0.08765113,0.04450011,-0.03701133,-0.1705013,-0.09938669,-0.01586335,-0.980204,0.2002479,-0.331099,0.9221032,0.05289342,0.04953384,-0.1655115,0.01488828,0.0003619149,0.01473355,0.9997805,0.001162385,-0.02975936,0.9995564
Fixation,28.6599,0.01849319,0.04269254,-0.03697401,-0.187018,-0.262636,-0.0177655,-0.9464307,0.5037785,-0.3446674,0.7920932,0.08767828,0.04450798,-0.03700845,-0.1703163,-0.09987846,-0.01584463,-0.9801866,0.2011963,-0.3307185,0.9220333,0.05291896,0.04954255,-0.1655015,0.01490045,0.0004620368,0.01472333,0.9997805,0.001362639,-0.02978076,0.9995555
Fixation,28.6711,0.01851978,0.04268837,-0.03695624,-0.1868178,-0.2628917,-0.01773274,-0.9463997,0.5042269,-0.3442851,0.7919741,0.08770493,0.04450119,-0.03700246,-0.1703113,-0.09995866,-0.01581142,-0.9801798,0.2013406,-0.3307104,0.9220046,0.05294435,0.04953694,-0.1654897,0.01489335,0.000546726,0.01470378,0.9997808,0.001531189,-0.02976409,0.9995558
Fixation,28.6822,0.01854099,0.0426873,-0.03694924,-0.1868697,-0.2629602,-0.01768578,-0.9463714,0.5043259,-0.344395,0.7918633,0.08772629,0.04449391,-0.03700664,-0.1703571,-0.1000306,-0.01575764,-0.9801654,0.201462,-0.3308038,0.9219446,0.05296477,0.04953337,-0.1654878,0.01493543,0.0006273225,0.01465779,0.9997808,0.001692211,-0.02984591,0.9995531
Fixation,28.6934,0.01856481,0.04269767,-0.03700693,-0.1869386,-0.2629641,-0.01768986,-0.9463567,0.5043295,-0.3445175,0.7918077,0.08775017,0.0445025,-0.0370652,-0.1703355,-0.1004834,-0.01575652,-0.9801228,0.20234,-0.3307328,0.9217778,0.05298865,0.0495441,-0.1655451,0.01500442,0.0006341625,0.01464447,0.99978,0.001707509,-0.02998366,0.9995489
Fixation,28.7044,0.01857468,0.04268575,-0.03700107,-0.1868005,-0.2631201,-0.01770419,-0.9463403,0.5046166,-0.3442371,0.7917468,0.08776001,0.04449165,-0.03706053,-0.1703593,-0.1004935,-0.01576504,-0.9801175,0.2023622,-0.3307757,0.9217576,0.05299825,0.04953313,-0.1655395,0.0150295,0.000643193,0.01465209,0.9997795,0.00172653,-0.03003353,0.9995474
Fixation,28.7153,0.01857905,0.04266536,-0.03699342,-0.1868079,-0.2630344,-0.01771285,-0.9463626,0.5044696,-0.3442578,0.7918314,0.08776443,0.04446995,-0.03704062,-0.1703654,-0.100405,-0.01577083,-0.9801254,0.2021925,-0.330792,0.9217889,0.05300427,0.04951215,-0.1655257,0.01503484,0.0005545405,0.01464329,0.9997796,0.001549156,-0.03004682,0.9995473
Fixation,28.7265,0.01856143,0.04265726,-0.03702232,-0.1869003,-0.2629816,-0.01775588,-0.9463581,0.5043867,-0.3444104,0.7918179,0.08774678,0.04446268,-0.03706153,-0.1705412,-0.1005222,-0.01579892,-0.9800823,0.2024287,-0.3311127,0.921622,0.0529875,0.04950607,-0.1655495,0.01513458,0.0004980026,0.01465079,0.999778,0.001439251,-0.03024786,0.9995414
Fixation,28.7377,0.01855348,0.04263628,-0.03703411,-0.1867005,-0.2632617,-0.01779816,-0.9463189,0.5049049,-0.3439853,0.7916724,0.08773881,0.04444253,-0.03706607,-0.1706244,-0.1004728,-0.01582198,-0.9800726,0.2023405,-0.3312692,0.9215851,0.05298032,0.04948711,-0.1655566,0.01522012,0.0004468162,0.01465756,0.9997767,0.001339613,-0.03042034,0.9995363
Fixation,28.7488,0.01855271,0.0426147,-0.03703305,-0.1867606,-0.2632183,-0.01782307,-0.9463186,0.5048341,-0.3440873,0.7916732,0.08773804,0.04442096,-0.03705864,-0.1706866,-0.1004281,-0.01583571,-0.9800661,0.2022583,-0.3313877,0.9215605,0.05298031,0.04946661,-0.1655516,0.01528364,0.0004014036,0.01465796,0.9997757,0.001250681,-0.03054866,0.9995325
Fixation,28.7599,0.01854379,0.04259348,-0.03703205,-0.1868113,-0.2631491,-0.01781722,-0.946328,0.5047077,-0.3441923,0.7917082,0.08772925,0.04439533,-0.03704833,-0.1708401,-0.1005712,-0.0158229,-0.9800249,0.2025309,-0.3316725,0.9213982,0.05297296,0.04944408,-0.1655454,0.01532861,0.0003342297,0.01462701,0.9997755,0.001116733,-0.03064056,0.9995298
Fixation,28.7710,0.01853691,0.04260671,-0.03705153,-0.186683,-0.2632706,-0.01782748,-0.9463193,0.5049324,-0.3439365,0.791676,0.08772238,0.04440796,-0.03706218,-0.170855,-0.1005308,-0.01582762,-0.9800264,0.2024541,-0.3317025,0.9214043,0.05296681,0.04945719,-0.1655619,0.01534344,0.0002936502,0.01462384,0.9997753,0.001035928,-0.0306714,0.999529
Fixation,28.7824,0.01853847,0.04259133,-0.0370492,-0.1867031,-0.2632793,-0.01792084,-0.9463112,0.5049801,-0.3439221,0.7916518,0.08772363,0.04440439,-0.03705876,-0.1693079,-0.1001096,-0.01591496,-0.9803365,0.2016712,-0.328771,0.9226258,0.05296732,0.04944837,-0.1655585,0.01538829,0.0002876174,0.01470875,0.9997734,0.001027789,-0.03076114,0.9995263
Fixation,28.7934,0.01853968,0.04258299,-0.03704557,-0.1867506,-0.2632586,-0.0179213,-0.9463075,0.5049409,-0.3440111,0.7916382,0.0877249,0.04439378,-0.03705249,-0.1693544,-0.1000887,-0.01590705,-0.9803308,0.2016278,-0.3288625,0.9226027,0.05296906,0.04943979,-0.165553,0.01543413,0.0002688375,0.01469318,0.9997729,0.0009911059,-0.03085336,0.9995234
Fixation,28.8049,0.01853037,0.04259789,-0.03707259,-0.1868525,-0.26346,-0.01792924,-0.9462312,0.5052884,-0.344164,0.79135,0.08771558,0.04440892,-0.03708318,-0.1693897,-0.1001153,-0.01590792,-0.9803219,0.2016797,-0.3289276,0.9225681,0.05295925,0.0494554,-0.1655814,0.01547023,0.0002957319,0.01469475,0.9997723,0.001045991,-0.03092473,0.9995212
Fixation,28.8155,0.01853056,0.04261255,-0.03709307,-0.1868443,-0.2634366,-0.01797654,-0.9462385,0.5052654,-0.3441271,0.7913808,0.08771563,0.04442942,-0.03709907,-0.1693886,-0.10009,-0.01595548,-0.980324,0.2016467,-0.3289174,0.922579,0.05295942,0.04947293,-0.1655996,0.01547347,0.0002633238,0.01473768,0.9997717,0.0009826135,-0.03093212,0.999521
Fixation,28.8268,0.01852539,0.04261351,-0.03709916,-0.1868299,-0.2634216,-0.01792115,-0.9462466,0.5052199,-0.3441326,0.7914073,0.08771063,0.04442334,-0.0371044,-0.1679142,-0.1002265,-0.01590917,-0.9805644,0.2018997,-0.3261122,0.923519,0.05295507,0.04946995,-0.1656057,0.01544393,0.0002566933,0.01468621,0.9997728,0.0009668956,-0.0308733,0.9995229
Fixation,28.8378,0.01852172,0.04262257,-0.03710583,-0.1866939,-0.2632172,-0.01794053,-0.94633,0.5048793,-0.3439036,0.7917242,0.0877068,0.04443836,-0.03711826,-0.1678737,-0.1002844,-0.01593982,-0.9805648,0.2020225,-0.3260251,0.9235229,0.05294992,0.04948139,-0.1656164,0.01540709,0.0003089046,0.01472923,0.9997728,0.001071538,-0.03079809,0.9995251
Fixation,28.8488,0.01850265,0.04262149,-0.03711588,-0.1867016,-0.2631631,-0.01791367,-0.946344,0.5047747,-0.3439394,0.7917754,0.08768787,0.04443216,-0.03712144,-0.1678752,-0.1002294,-0.01591098,-0.9805707,0.2019061,-0.3260376,0.9235439,0.05293221,0.0494777,-0.165623,0.01540486,0.0002586688,0.01469223,0.9997734,0.0009698842,-0.03079514,0.9995252
Fixation,28.8601,0.01849726,0.04262567,-0.03712708,-0.1866414,-0.2631637,-0.01796757,-0.9463546,0.5047994,-0.3438011,0.7918197,0.08768224,0.04444563,-0.03713095,-0.1641359,-0.09818377,-0.01595598,-0.9814096,0.1979549,-0.3190359,0.9268387,0.05292613,0.0494858,-0.1656339,0.01535991,0.0002469879,0.01475918,0.9997731,0.0009472631,-0.03070556,0.9995281
Fixation,28.8717,0.01849083,0.04263103,-0.03713585,-0.1866733,-0.2631201,-0.01796712,-0.9463605,0.5047209,-0.3438654,0.7918418,0.08767577,0.04445243,-0.03713922,-0.1640936,-0.09818159,-0.01596343,-0.9814168,0.1979531,-0.3189538,0.9268674,0.05291963,0.04949117,-0.1656429,0.0153179,0.0002430383,0.01477024,0.9997736,0.0009384645,-0.03062168,0.9995306
Fixation,28.8821,0.01848469,0.04263854,-0.03714183,-0.1866259,-0.2631251,-0.01797692,-0.9463683,0.5047365,-0.3437733,0.7918719,0.08766955,0.04446304,-0.03714537,-0.1640484,-0.09818601,-0.01598125,-0.9814236,0.1979675,-0.3188636,0.9268953,0.05291319,0.04949939,-0.1656495,0.01527411,0.0002440547,0.01479276,0.9997739,0.0009398917,-0.03053409,0.9995333
Fixation,28.8942,0.01847029,0.04265952,-0.03715247,-0.1866102,-0.2631258,-0.01799063,-0.9463708,0.5047436,-0.3437374,0.7918829,0.08765508,0.04448652,-0.03715566,-0.1600645,-0.09689197,-0.01599024,-0.9822096,0.1954554,-0.311335,0.9299826,0.0528986,0.04952145,-0.1656601,0.01526237,0.0002416334,0.01480998,0.9997738,0.0009352281,-0.03051068,0.999534
Fixation,28.9047,0.01845932,0.04266846,-0.03715767,-0.1866453,-0.2630001,-0.01800367,-0.9463986,0.5045264,-0.3438118,0.791989,0.08764407,0.04449737,-0.0371636,-0.1600814,-0.09691397,-0.016003,-0.9822044,0.1955022,-0.3113635,0.9299632,0.05288709,0.04953158,-0.1656665,0.01528102,0.000261908,0.01482416,0.9997733,0.000976754,-0.03054735,0.9995328
Fixation,28.9155,0.01845248,0.04266763,-0.03715865,-0.1867024,-0.2629563,-0.01800906,-0.9463995,0.5044481,-0.3439189,0.7919924,0.0876373,0.04449403,-0.03715861,-0.1612313,-0.09683044,-0.01599389,-0.9820247,0.1953372,-0.3135689,0.9292567,0.05288121,0.04953051,-0.1656638,0.01533649,0.0002191413,0.0148067,0.9997727,0.0008923486,-0.03065951,0.9995295
Fixation,28.9267,0.01842518,0.04268146,-0.03715223,-0.1867262,-0.2629137,-0.01808781,-0.9464051,0.5044007,-0.3439261,0.7920194,0.08760977,0.04451621,-0.03714427,-0.1612668,-0.09678444,-0.01606623,-0.9820223,0.1952709,-0.3136252,0.9292516,0.05285404,0.04954934,-0.1656529,0.01537855,0.0001634029,0.01486779,0.9997712,0.0007840212,-0.03074521,0.9995269
Fixation,28.9393,0.01841754,0.04267538,-0.03714795,-0.186876,-0.2628775,-0.0181006,-0.9463854,0.5043319,-0.3441969,0.7919456,0.08760222,0.04450667,-0.03713036,-0.1613548,-0.09671299,-0.01606157,-0.9820149,0.1951304,-0.3137988,0.9292225,0.05284788,0.0495429,-0.1656428,0.01546582,9.44478E-05,0.01484436,0.9997702,0.0006480124,-0.03092173,0.9995216
Fixation,28.9492,0.01840527,0.04266369,-0.03713799,-0.1869078,-0.2628574,-0.01813795,-0.9463839,0.5043083,-0.3442377,0.7919429,0.08758986,0.04449832,-0.0371168,-0.1613919,-0.09669156,-0.01609237,-0.9820105,0.1950986,-0.3138652,0.9292068,0.0528357,0.04953361,-0.1656305,0.01550601,6.921644E-05,0.014868,0.9997692,0.0005994876,-0.03100281,0.9995191
Fixation,28.9599,0.0184032,0.0426451,-0.03712024,-0.1869462,-0.2627895,-0.01814944,-0.946395,0.5041912,-0.3443109,0.7919856,0.08758783,0.04447794,-0.0370894,-0.162552,-0.09689055,-0.01609631,-0.9817994,0.1954871,-0.3160676,0.9283782,0.05283497,0.04951477,-0.1656076,0.01554349,-1.975734E-07,0.01485695,0.9997689,0.0004614627,-0.0310798,0.9995168
Fixation,28.9711,0.01839211,0.04263544,-0.03712445,-0.1869506,-0.2627874,-0.01818456,-0.946394,0.5042001,-0.3443005,0.7919844,0.08757663,0.04447281,-0.03709244,-0.1625621,-0.09688753,-0.0161301,-0.9817975,0.1954921,-0.3160806,0.9283727,0.05282358,0.0495075,-0.165611,0.015557,-8.009119E-06,0.01488879,0.9997681,0.0004472352,-0.03110702,0.999516
Fixation,28.9823,0.01839369,0.04261541,-0.03710948,-0.1867684,-0.2626792,-0.018128,-0.9464611,0.5040029,-0.3440144,0.7922344,0.08757849,0.04444218,-0.03707881,-0.1626359,-0.09688539,-0.01606035,-0.9817866,0.1954655,-0.3162355,0.9283255,0.05282601,0.04948342,-0.1655959,0.01562463,1.277299E-06,0.01481283,0.9997682,0.0004654441,-0.03124198,0.9995117
Fixation,28.9935,0.01839517,0.04259026,-0.0370885,-0.186773,-0.2627354,-0.01818071,-0.9464436,0.5041198,-0.3439868,0.7921719,0.08757976,0.04442525,-0.03706441,-0.1638896,-0.09680196,-0.01610783,-0.9815856,0.1953186,-0.3186249,0.9275391,0.05282586,0.0494628,-0.165578,0.01564577,4.994134E-05,0.01487157,0.999767,0.0005652138,-0.03128277,0.9995104
Fixation,29.0044,0.01837265,0.04258299,-0.03707609,-0.1868203,-0.2627683,-0.0182185,-0.9464244,0.5041879,-0.3440482,0.7921019,0.08755712,0.04442215,-0.03705592,-0.1639439,-0.09683529,-0.01613777,-0.9815727,0.1953931,-0.3187203,0.9274907,0.05280241,0.0494585,-0.1655668,0.0157039,7.946492E-05,0.01490091,0.9997657,0.0006268973,-0.03139807,0.9995068
Fixation,29.0156,0.01835392,0.04257429,-0.03705807,-0.1867941,-0.2625927,-0.01829014,-0.9464769,0.5039089,-0.3439869,0.7923061,0.08753824,0.04441905,-0.03703549,-0.1640613,-0.09682598,-0.01619151,-0.9815531,0.1953925,-0.3189343,0.9274172,0.05278338,0.04945469,-0.1655461,0.0158275,6.41006E-05,0.0149413,0.9997631,0.0006011377,-0.0316456,0.999499
Fixation,29.0272,0.01835684,0.04255462,-0.03704746,-0.1868614,-0.2626326,-0.01837056,-0.9464511,0.5040033,-0.3440609,0.7922139,0.08754092,0.04440844,-0.0370288,-0.1641639,-0.09701792,-0.01626236,-0.9815159,0.1957887,-0.3191034,0.9272755,0.05278486,0.0494411,-0.1655364,0.01591687,9.455488E-05,0.01500716,0.9997607,0.0006667986,-0.03182328,0.9994933
Fixation,29.0376,0.01835727,0.04253769,-0.03703653,-0.1869153,-0.2626316,-0.01839644,-0.9464402,0.5040073,-0.3441453,0.7921746,0.08754131,0.04439306,-0.03701737,-0.1642216,-0.09701667,-0.01627864,-0.981506,0.1957915,-0.3192104,0.927238,0.05278518,0.04942584,-0.1655245,0.01597672,9.180424E-05,0.01501753,0.9997596,0.000663426,-0.03194301,0.9994895
Fixation,29.0490,0.01835651,0.04256201,-0.03704291,-0.1868377,-0.2624472,-0.01845698,-0.9465054,0.5037124,-0.3439978,0.7924263,0.08754028,0.0444268,-0.03702835,-0.1642322,-0.09706066,-0.01634199,-0.9814988,0.1958976,-0.3192151,0.927214,0.0527829,0.04945517,-0.165533,0.01599422,0.000126281,0.01508546,0.9997583,0.0007350612,-0.03197689,0.9994884
Fixation,29.0601,0.01836188,0.0425626,-0.03703927,-0.1867971,-0.2624485,-0.01843929,-0.9465134,0.5037109,-0.3439332,0.7924553,0.08754569,0.04442656,-0.0370251,-0.1652782,-0.09633642,-0.01631811,-0.981395,0.1944822,-0.3212624,0.9268048,0.05278833,0.04945469,-0.1655301,0.01594964,0.0001285476,0.01507944,0.9997591,0.0007380567,-0.03188772,0.9994912
Fixation,29.0717,0.01836325,0.04256845,-0.03703517,-0.1867353,-0.2624893,-0.01842025,-0.9465147,0.5037793,-0.3438253,0.7924586,0.08754704,0.04443324,-0.03702686,-0.1652151,-0.09637828,-0.01631085,-0.9814017,0.1945612,-0.3211407,0.9268304,0.05278893,0.04945982,-0.1655296,0.01588587,0.0001702192,0.01508455,0.99976,0.0008196189,-0.03175897,0.9994952
Fixation,29.0825,0.01836255,0.04258573,-0.03703565,-0.1865708,-0.2626634,-0.01837962,-0.9464996,0.5040799,-0.3435231,0.7923985,0.08754638,0.04444933,-0.03702796,-0.1650885,-0.09637985,-0.01628936,-0.9814231,0.1945572,-0.3209034,0.9269134,0.05278834,0.04947424,-0.165532,0.01575604,0.0001729877,0.01507553,0.9997622,0.0008209543,-0.03149936,0.9995034
Fixation,29.0933,0.01835298,0.04263055,-0.03706291,-0.1864607,-0.2626543,-0.01830232,-0.9465253,0.5040432,-0.3433653,0.7924902,0.08753698,0.04448771,-0.03705529,-0.1652188,-0.0967546,-0.01623658,-0.9813652,0.1952684,-0.3211381,0.9266826,0.05277946,0.0495137,-0.1655608,0.01562691,0.0001712201,0.01502914,0.9997649,0.0008120777,-0.03124133,0.9995115
Fixation,29.1048,0.0183429,0.04265344,-0.03706875,-0.1862242,-0.2628207,-0.01811797,-0.9465293,0.504283,-0.3430098,0.7924916,0.08752745,0.04448962,-0.03706831,-0.1651036,-0.09677935,-0.01606796,-0.9813849,0.1952613,-0.3209503,0.9267491,0.05277063,0.04952383,-0.1655718,0.01549461,0.0002192324,0.01487784,0.9997693,0.0008994164,-0.03097556,0.9995198
Fixation,29.1155,0.01833982,0.04265022,-0.03706608,-0.1862137,-0.262779,-0.01812854,-0.9465427,0.5042146,-0.3429908,0.7925433,0.08752435,0.04448712,-0.03705942,-0.1650936,-0.09673595,-0.01607923,-0.9813907,0.1951807,-0.3209319,0.9267725,0.05276825,0.04952097,-0.1655661,0.01548502,0.0001742733,0.0148833,0.9997693,0.0008094024,-0.0309577,0.9995204
Fixation,29.1265,0.01832408,0.04265916,-0.03706872,-0.1861835,-0.2628132,-0.01806978,-0.9465403,0.5042551,-0.3429624,0.7925299,0.08750877,0.04449034,-0.03706823,-0.1658694,-0.09663362,-0.01602313,-0.9812709,0.194963,-0.3224288,0.9262986,0.05275234,0.04952621,-0.1655724,0.01544146,0.0002176396,0.01484135,0.9997706,0.0008935235,-0.03086937,0.999523
Fixation,29.1378,0.01830815,0.04262924,-0.03706462,-0.186152,-0.2627712,-0.01809663,-0.9465576,0.5041937,-0.3428965,0.7925975,0.08749285,0.0444597,-0.03705635,-0.1659486,-0.09657839,-0.01603475,-0.9812627,0.1948594,-0.3225811,0.9262674,0.0527374,0.04949737,-0.1655634,0.01552174,0.000162299,0.01483692,0.9997694,0.0007851128,-0.0310315,0.9995181
Fixation,29.1488,0.01827727,0.04257834,-0.03706584,-0.1863582,-0.262687,-0.0181638,-0.9465392,0.5040569,-0.3432478,0.7925324,0.08746199,0.04440796,-0.03704519,-0.1661616,-0.09649176,-0.01606382,-0.9812348,0.1947005,-0.322987,0.9261593,0.05270803,0.04944968,-0.1655559,0.01573829,7.528056E-05,0.01483228,0.9997661,0.0006173954,-0.03146698,0.9995046
Fixation,29.1600,0.01823264,0.04255033,-0.0370717,-0.1865421,-0.2624656,-0.01821496,-0.9465634,0.5036763,-0.3435862,0.7926278,0.0874175,0.04437411,-0.03701964,-0.1674217,-0.09592965,-0.01607058,-0.9810755,0.1936096,-0.3254234,0.925535,0.05266773,0.04942203,-0.1655439,0.01592195,-0.0001502102,0.01479423,0.9997638,0.0001707564,-0.03184082,0.9994929
Fixation,29.1711,0.01818055,0.04256892,-0.03711831,-0.1867475,-0.2621639,-0.01807165,-0.9466092,0.5030832,-0.3440784,0.7927909,0.08736627,0.04435861,-0.03702873,-0.167592,-0.09562384,-0.01588804,-0.9810793,0.1929546,-0.3258035,0.925538,0.05262355,0.0494262,-0.16557,0.01607172,-0.0004234315,0.01455183,0.9997649,-0.000378918,-0.0321482,0.999483
Fixation,29.1824,0.01808822,0.04265058,-0.03714106,-0.1871617,-0.2617022,-0.01799463,-0.9466566,0.50222,-0.3449373,0.7929649,0.08727462,0.04440844,-0.03698106,-0.1677769,-0.09508765,-0.01576403,-0.9811018,0.191871,-0.3262145,0.9256185,0.05254288,0.04949498,-0.1655556,0.01623854,-0.000934013,0.01433035,0.999765,-0.001402179,-0.03249623,0.9994709
Fixation,29.1936,0.01799246,0.0427382,-0.03716607,-0.1874271,-0.2611702,-0.01775604,-0.9467555,0.5011846,-0.3456205,0.7933224,0.08718005,0.0444411,-0.03693902,-0.1682952,-0.09408209,-0.01546521,-0.9811147,0.1898161,-0.3273238,0.9256506,0.0524606,0.04955828,-0.1655451,0.01641105,-0.001422946,0.01394143,0.9997671,-0.002387643,-0.03285414,0.9994573
Fixation,29.2051,0.0178395,0.0428381,-0.03715851,-0.1877039,-0.260552,-0.01756383,-0.9468746,0.5000137,-0.3463114,0.7937598,0.08702803,0.04448938,-0.03685116,-0.1685181,-0.09345172,-0.01521569,-0.9811407,0.1885068,-0.327836,0.9257369,0.05232232,0.04963589,-0.1654951,0.016603,-0.002007194,0.01357841,0.999768,-0.003562572,-0.03325281,0.9994406
Fixation,29.2163,0.01773578,0.04291856,-0.03718445,-0.1878103,-0.2600313,-0.0174865,-0.9469981,0.4990665,-0.3466179,0.7942221,0.08692473,0.04453623,-0.03680296,-0.1687262,-0.0928869,-0.01508647,-0.9811605,0.1873649,-0.3282923,0.925807,0.05223072,0.04970288,-0.1654817,0.01679268,-0.002544837,0.01334517,0.9997667,-0.004640284,-0.03364544,0.9994231
Fixation,29.2273,0.01768862,0.04297137,-0.03723273,-0.1879683,-0.2595052,-0.01750062,-0.9471107,0.4981394,-0.3469706,0.79465,0.08687754,0.04457128,-0.03677781,-0.1683975,-0.09270535,-0.01506778,-0.9812344,0.1870061,-0.327681,0.926096,0.05219403,0.04974926,-0.1654917,0.01692663,-0.00307622,0.01322519,0.9997646,-0.005703275,-0.03392666,0.9994081
Fixation,29.2380,0.01765868,0.04302621,-0.03726695,-0.1881174,-0.2590996,-0.01751597,-0.9471918,0.4974242,-0.3472897,0.7949585,0.08684754,0.04461181,-0.03675548,-0.1685352,-0.09228834,-0.01504886,-0.9812504,0.1861885,-0.3279728,0.9261575,0.05217216,0.0497992,-0.1654961,0.01705793,-0.003485066,0.01312986,0.9997622,-0.006520539,-0.03419927,0.9993938
Fixation,29.2491,0.01765716,0.04309118,-0.03727621,-0.1879832,-0.258764,-0.0174271,-0.9473119,0.4968125,-0.3471385,0.7954069,0.08684628,0.04465377,-0.03673022,-0.1686352,-0.09201618,-0.0149357,-0.9812605,0.1856211,-0.3282014,0.9261904,0.05217696,0.04985428,-0.1654871,0.01714412,-0.003736434,0.01296751,0.999762,-0.007026456,-0.03437699,0.9993842
Fixation,29.2609,0.01772147,0.04311883,-0.03727678,-0.1880053,-0.2587785,-0.01732237,-0.9473055,0.496798,-0.3472317,0.7953753,0.08691095,0.04466724,-0.03673572,-0.1682322,-0.09236243,-0.01483369,-0.9812987,0.1862613,-0.327432,0.9263342,0.05224206,0.04987478,-0.1654902,0.01713898,-0.003702685,0.01286486,0.9997635,-0.006962636,-0.03436513,0.9993851
Fixation,29.2717,0.01782144,0.0431267,-0.03726082,-0.1876755,-0.2592652,-0.01715518,-0.9472408,0.4976124,-0.3466524,0.7951189,0.08701152,0.04466009,-0.03675598,-0.1681758,-0.09260055,-0.01467662,-0.9812883,0.1866722,-0.3273398,0.9262841,0.05233923,0.04987395,-0.1654931,0.01707027,-0.003443467,0.01275198,0.9997671,-0.00644997,-0.03422041,0.9993935
Fixation,29.2828,0.01795621,0.0431143,-0.03722138,-0.1875831,-0.2597201,-0.01697122,-0.9471378,0.4983486,-0.3465186,0.794716,0.08714695,0.04463911,-0.0367848,-0.1680674,-0.09307311,-0.01452069,-0.9812645,0.1875396,-0.3271342,0.9261814,0.05246675,0.04985511,-0.1654892,0.01695264,-0.002952524,0.0126809,0.9997715,-0.00547375,-0.03397242,0.9994078
Fixation,29.2935,0.01809664,0.04305077,-0.03713986,-0.1876577,-0.260512,-0.01680195,-0.9469086,0.4996681,-0.3466351,0.7938362,0.0872881,0.04457188,-0.03681971,-0.1692101,-0.0961296,-0.0143928,-0.9807752,0.1934339,-0.329147,0.9242541,0.05259356,0.04979086,-0.1654651,0.01701944,-0.002111314,0.01263919,0.999773,-0.003791446,-0.03408453,0.9994118
Fixation,29.3044,0.01825299,0.04297304,-0.03711468,-0.1877352,-0.2611183,-0.0166239,-0.9467293,0.5006585,-0.3467871,0.7931455,0.08744503,0.04448414,-0.03688509,-0.1692759,-0.09675959,-0.01421612,-0.9807045,0.194598,-0.3292682,0.9239665,0.05273995,0.04970896,-0.1654844,0.01707799,-0.001457808,0.01255596,0.9997743,-0.002486096,-0.03418487,0.9994124
Fixation,29.3189,0.01839527,0.04288161,-0.03710642,-0.1876,-0.2619361,-0.01653575,-0.9465317,0.5020659,-0.346476,0.7923914,0.08758765,0.04438615,-0.0369513,-0.1694841,-0.097281,-0.01409866,-0.9806186,0.1955701,-0.3296554,0.9236231,0.05287374,0.04961753,-0.1655109,0.01728458,-0.0009187326,0.01250055,0.9997721,-0.001404913,-0.03458425,0.9994008
Fixation,29.3337,0.0184608,0.04282534,-0.03710929,-0.187703,-0.2622542,-0.01649735,-0.9464239,0.5026006,-0.3466403,0.7919806,0.08765328,0.04432964,-0.03700066,-0.1735248,-0.1004815,-0.01408944,-0.9795887,0.2017508,-0.3371345,0.9195852,0.0529336,0.04956305,-0.1655357,0.01739122,-0.0005818807,0.01249273,0.9997706,-0.0007289668,-0.034789,0.9993944
Fixation,29.3410,0.01851034,0.04274452,-0.03713614,-0.1876023,-0.2627372,-0.01642065,-0.9463112,0.5034233,-0.3464317,0.7915491,0.087703,0.04424191,-0.03705728,-0.1735564,-0.1006837,-0.01400595,-0.9795636,0.2021139,-0.3371987,0.9194819,0.05298018,0.04947901,-0.1655771,0.0174179,-0.00036751,0.01243947,0.9997709,-0.0003015127,-0.03483695,0.999393
Fixation,29.3492,0.01852749,0.0426954,-0.03716749,-0.1876234,-0.2628309,-0.01647766,-0.9462801,0.5036064,-0.3464269,0.7914348,0.08771996,0.04420197,-0.03710049,-0.1735893,-0.1007795,-0.01406002,-0.9795471,0.2023179,-0.337244,0.9194205,0.05299496,0.04943526,-0.1656139,0.01745824,-0.0002802935,0.01250444,0.9997693,-0.0001238467,-0.03491543,0.9993902
Fixation,29.3602,0.01850608,0.04265809,-0.03720941,-0.1876234,-0.262753,-0.01658937,-0.9462997,0.5035114,-0.3463781,0.7915166,0.08769827,0.04417729,-0.03712852,-0.172637,-0.1016224,-0.01418575,-0.9796266,0.2040019,-0.3353564,0.9197387,0.05297402,0.04940462,-0.1656485,0.01748395,-0.0003787917,0.01259694,0.9997677,-0.0003169189,-0.03496931,0.9993883
Fixation,29.3711,0.01845094,0.0426842,-0.03728197,-0.1875676,-0.2626179,-0.01675538,-0.9463453,0.50334,-0.3462069,0.7917004,0.08764265,0.04422355,-0.03717734,-0.1726046,-0.1014793,-0.01435653,-0.9796446,0.2037833,-0.3352685,0.9198192,0.05291981,0.0494405,-0.1657095,0.01746635,-0.0005479439,0.01274557,0.9997661,-0.0006503944,-0.03493849,0.9993892
Fixation,29.3828,0.01836653,0.04266214,-0.03733405,-0.1871471,-0.2625556,-0.01689797,-0.9464434,0.5033129,-0.3453749,0.792081,0.08755779,0.04421949,-0.03719724,-0.1724896,-0.1012731,-0.01451377,-0.9796839,0.2034383,-0.3350308,0.9199822,0.05283761,0.04942572,-0.1657467,0.01736294,-0.000779102,0.01287924,0.999766,-0.001110596,-0.03473782,0.9993958
Fixation,29.3939,0.01827249,0.04266202,-0.03739401,-0.1870992,-0.2623865,-0.01721025,-0.9464941,0.5031345,-0.3451451,0.7922944,0.08746281,0.0442574,-0.03722491,-0.1731518,-0.1013974,-0.01483097,-0.9795495,0.2037835,-0.3362138,0.9194741,0.05274374,0.04944503,-0.1657902,0.0173902,-0.001007289,0.01315881,0.9997617,-0.001556429,-0.03479863,0.9993931
Fixation,29.4049,0.01817975,0.04270756,-0.03744661,-0.1865077,-0.262583,-0.01753611,-0.9465504,0.5036374,-0.3438686,0.79253,0.08736888,0.0443517,-0.03725814,-0.1729753,-0.1013199,-0.01518512,-0.9795832,0.2037558,-0.3358102,0.9196277,0.05264864,0.04951239,-0.1658349,0.01724702,-0.001142579,0.01351223,0.9997593,-0.001818516,-0.03451661,0.9994025
Fixation,29.4158,0.01810243,0.04270923,-0.03749887,-0.1863472,-0.2625728,-0.01785123,-0.9465789,0.5037448,-0.3434101,0.7926605,0.08729041,0.0444001,-0.03729974,-0.172867,-0.1013022,-0.01552234,-0.9795989,0.2038377,-0.3355357,0.9197097,0.05256804,0.04953623,-0.1658827,0.01717196,-0.001214579,0.01385162,0.9997559,-0.001952845,-0.03436919,0.9994073
Fixation,29.4271,0.01803228,0.04269958,-0.03755003,-0.1861939,-0.2625642,-0.01830778,-0.9466028,0.5039057,-0.3428893,0.7927837,0.08721858,0.04445553,-0.03733687,-0.1733273,-0.100707,-0.01598811,-0.9795714,0.2028418,-0.3363526,0.9196315,0.05249315,0.04955852,-0.1659273,0.01714159,-0.001308238,0.01432369,0.9997496,-0.00212476,-0.03431207,0.9994089
Fixation,29.4382,0.01796762,0.04269147,-0.03759931,-0.1857741,-0.2628655,-0.01871275,-0.9465937,0.5046064,-0.3418674,0.7927793,0.08715236,0.04450679,-0.03737776,-0.1732234,-0.1007213,-0.01641227,-0.9795814,0.2030155,-0.3360666,0.9196978,0.05242365,0.04957891,-0.1659731,0.01708026,-0.001362184,0.014753,0.9997444,-0.002219702,-0.03419198,0.9994128
Fixation,29.4489,0.01791577,0.04273355,-0.0376282,-0.1855091,-0.2629372,-0.01904654,-0.9466191,0.5048694,-0.3411968,0.7929008,0.08709905,0.04460406,-0.03740647,-0.1730174,-0.1007875,-0.01678657,-0.9796045,0.2032725,-0.3355934,0.9198138,0.0523664,0.04964554,-0.1660039,0.01691154,-0.001358661,0.01515171,0.9997413,-0.002204141,-0.0338555,0.9994243
Fixation,29.4611,0.01788548,0.04273653,-0.03766019,-0.1853158,-0.2630174,-0.01920511,-0.9466315,0.505079,-0.340749,0.7929598,0.08706796,0.04463685,-0.03744448,-0.1741345,-0.1000356,-0.01696185,-0.9794807,0.2018731,-0.3377292,0.9193401,0.05233247,0.04966104,-0.1660406,0.01676738,-0.001313315,0.01536674,0.9997405,-0.002110627,-0.03356641,0.9994342
Fixation,29.4717,0.01787947,0.04275155,-0.03767961,-0.1851579,-0.2630968,-0.01931476,-0.946638,0.5052675,-0.3403917,0.7929932,0.08706136,0.04467404,-0.0374713,-0.1739985,-0.1001146,-0.01709743,-0.9794945,0.2020732,-0.3374377,0.9194032,0.0523234,0.049685,-0.1660652,0.01664497,-0.001258625,0.01552596,0.9997401,-0.001999738,-0.03332037,0.9994427
Fixation,29.4825,0.01789209,0.04274583,-0.03768077,-0.1846014,-0.2635673,-0.01935791,-0.946615,0.5061406,-0.3392887,0.7929092,0.08707367,0.0446806,-0.03748193,-0.1738638,-0.1001956,-0.01715982,-0.979509,0.2022519,-0.3371637,0.9194644,0.05233371,0.04968309,-0.1660726,0.01651655,-0.001190413,0.01561345,0.999741,-0.001864448,-0.03306171,0.9994516
Fixation,29.4935,0.01793434,0.04276252,-0.03766143,-0.1845362,-0.2636653,-0.01940804,-0.9465994,0.5063339,-0.3391294,0.7928539,0.08711563,0.04470885,-0.03747472,-0.1738105,-0.1002955,-0.01722135,-0.9795071,0.2024667,-0.3370427,0.9194615,0.05237335,0.04970479,-0.1660599,0.01647054,-0.001101944,0.01569507,0.9997406,-0.001686303,-0.03296713,0.999455
Fixation,29.5047,0.01794203,0.04271591,-0.03767021,-0.1844548,-0.2636714,-0.0193556,-0.9466146,0.5063308,-0.3390083,0.7929077,0.08712342,0.04465854,-0.03748522,-0.1736992,-0.1006224,-0.01718822,-0.9794939,0.2030892,-0.3368155,0.9194075,0.05238125,0.04965472,-0.1660707,0.01637689,-0.00109114,0.01566767,0.9997426,-0.001668544,-0.03277953,0.9994612
Fixation,29.5159,0.01797095,0.04266596,-0.03766192,-0.1842968,-0.2640412,-0.01940121,-0.9465414,0.5070031,-0.3386436,0.7926338,0.08715225,0.04461098,-0.03746475,-0.173722,-0.1005395,-0.01722339,-0.9794977,0.2029406,-0.3368573,0.919425,0.0524114,0.04960644,-0.166056,0.01640216,-0.001178524,0.01568676,0.9997417,-0.001841846,-0.03283281,0.9994591
Fixation,29.5270,0.01798656,0.0426122,-0.03760908,-0.1843456,-0.2639868,-0.01937107,-0.9465477,0.5068941,-0.3387564,0.7926553,0.08716804,0.04455006,-0.0374053,-0.1750612,-0.1006422,-0.01718514,-0.9792495,0.2031246,-0.339398,0.9184495,0.05242851,0.0495497,-0.1659994,0.0164395,-0.00122668,0.0156359,0.9997419,-0.001938633,-0.03290888,0.9994565
Fixation,29.5379,0.01800334,0.0425595,-0.03756528,-0.1844217,-0.2638601,-0.01917734,-0.9465721,0.5065987,-0.3390166,0.792733,0.08718565,0.0444659,-0.03734909,-0.1751009,-0.1005148,-0.01698007,-0.979259,0.2028066,-0.3395248,0.9184729,0.05244993,0.04948163,-0.1659492,0.01645665,-0.001319839,0.01541012,0.999745,-0.002131806,-0.03294558,0.9994549
Fixation,29.5491,0.01802379,0.0425148,-0.03750537,-0.1844736,-0.2637971,-0.01908436,-0.9465815,0.506452,-0.3391697,0.7927612,0.0872065,0.04440582,-0.03728167,-0.175118,-0.1004424,-0.01688175,-0.9792651,0.202632,-0.3395826,0.9184901,0.05247282,0.04942942,-0.1658855,0.01646265,-0.001375821,0.01530024,0.9997465,-0.00224718,-0.03295905,0.9994542
Fixation,29.5602,0.01803905,0.04245913,-0.0374224,-0.1845171,-0.2637201,-0.0189382,-0.9465974,0.5062624,-0.339338,0.7928103,0.08722235,0.0443275,-0.03719188,-0.1755287,-0.1004358,-0.01673011,-0.9791948,0.2025656,-0.340393,0.9182047,0.05249118,0.04936254,-0.1657991,0.0164628,-0.001427855,0.01513675,0.9997489,-0.002356607,-0.03296056,0.9994539
Fixation,29.5716,0.01805134,0.04242969,-0.03735156,-0.1846819,-0.2637728,-0.01882662,-0.9465528,0.5063037,-0.3396904,0.792633,0.08723521,0.04427874,-0.03713235,-0.1756751,-0.1004928,-0.01659293,-0.9791651,0.2026281,-0.3406949,0.9180789,0.05250396,0.0493257,-0.1657323,0.01659771,-0.001346792,0.01499667,0.9997489,-0.002195086,-0.03322747,0.9994454
Fixation,29.5828,0.0180589,0.04235542,-0.03727407,-0.1847328,-0.2640023,-0.01890247,-0.9464774,0.5067282,-0.3397103,0.7923532,0.08724265,0.04420888,-0.03705779,-0.1758506,-0.1005209,-0.01663759,-0.9791299,0.2026975,-0.3410163,0.9179443,0.05251063,0.04925668,-0.1656541,0.01678014,-0.001322929,0.01502759,0.9997454,-0.002140854,-0.03359149,0.9994333
Fixation,29.5936,0.01805482,0.04227972,-0.03719884,-0.1848636,-0.2640679,-0.0190591,-0.9464303,0.5068904,-0.3398553,0.7921872,0.08723812,0.04415059,-0.03698857,-0.1767463,-0.1007299,-0.01677169,-0.9789448,0.2031467,-0.342671,0.9172285,0.052504,0.04919255,-0.1655798,0.01695357,-0.001275364,0.01515325,0.9997407,-0.002036263,-0.033937,0.9994219
Fixation,29.6046,0.01805021,0.04220128,-0.03712684,-0.1849333,-0.2640531,-0.01916346,-0.9464188,0.5068976,-0.3399283,0.7921513,0.08723321,0.04408288,-0.03691221,-0.1768319,-0.1007137,-0.01686268,-0.9789295,0.2031469,-0.3428153,0.9171745,0.0524988,0.04912114,-0.1655045,0.01704912,-0.001304403,0.01523146,0.9997378,-0.002088755,-0.03412903,0.9994153
Fixation,29.6162,0.01802384,0.0421505,-0.03703386,-0.185205,-0.2642928,-0.01938472,-0.9462942,0.5073778,-0.3402703,0.7916968,0.08720623,0.04405415,-0.03681736,-0.1770596,-0.1007313,-0.01704564,-0.9788834,0.2032445,-0.3432074,0.9170062,0.05247033,0.04908562,-0.1654076,0.01729841,-0.001312158,0.01539124,0.9997311,-0.002091122,-0.0346279,0.9993981
Fixation,29.6272,0.01799804,0.04210198,-0.03697365,-0.1852492,-0.2642691,-0.01952035,-0.9462894,0.5073824,-0.3402815,0.7916891,0.08717998,0.04402113,-0.03675056,-0.1775471,-0.1012358,-0.01717938,-0.9787407,0.2042674,-0.3440669,0.9164567,0.05244373,0.04904616,-0.1653431,0.01737691,-0.001356855,0.01550424,0.9997279,-0.00217414,-0.03478643,0.9993924
Fixation,29.6380,0.01796193,0.04206538,-0.03691879,-0.1852878,-0.2642475,-0.01958525,-0.9462865,0.5073656,-0.34032,0.7916833,0.08714367,0.04399097,-0.0366912,-0.1775953,-0.1012129,-0.01723667,-0.9787332,0.2042431,-0.3441477,0.9164317,0.05240748,0.04901361,-0.1652854,0.01743112,-0.001387876,0.01555195,0.9997262,-0.002232817,-0.03489587,0.9993885
Fixation,29.6492,0.01788931,0.04203773,-0.03693999,-0.1851863,-0.2643483,-0.01966224,-0.9462767,0.5075756,-0.3400797,0.791652,0.0870709,0.04396772,-0.03670048,-0.1776961,-0.1011353,-0.01729386,-0.978722,0.2041127,-0.3443322,0.9163915,0.0523358,0.04899001,-0.1652993,0.01753767,-0.001472187,0.01558543,0.9997237,-0.002396897,-0.03511154,0.9993805
Fixation,29.6605,0.01785854,0.04204702,-0.03688902,-0.1852019,-0.2642351,-0.0196679,-0.9463051,0.5073792,-0.340121,0.7917601,0.08704014,0.04397428,-0.0366335,-0.1782766,-0.1011738,-0.01729762,-0.9786124,0.2041874,-0.3454273,0.9159626,0.05230724,0.04899812,-0.1652402,0.017549,-0.00158801,0.01556718,0.9997236,-0.002628766,-0.03513774,0.999379
Fixation,29.6715,0.01781986,0.04205799,-0.03686789,-0.1851589,-0.264223,-0.01967087,-0.9463168,0.5073618,-0.340043,0.7918047,0.08700141,0.04398692,-0.03661033,-0.1782343,-0.101161,-0.01730766,-0.9786212,0.2041663,-0.345346,0.915998,0.05226867,0.0490092,-0.1652186,0.01750703,-0.001603105,0.01557919,0.9997241,-0.002659835,-0.03505434,0.9993818
Fixation,29.6826,0.01778639,0.04206502,-0.03686188,-0.1852149,-0.2642775,-0.0196643,-0.9462907,0.5074509,-0.3401406,0.7917057,0.08696797,0.04399204,-0.03659803,-0.1782218,-0.101114,-0.0173013,-0.9786285,0.2040731,-0.345327,0.9160259,0.05223615,0.04901516,-0.1652096,0.01749292,-0.001648903,0.01556657,0.9997244,-0.002752289,-0.03502754,0.9993826
Fixation,29.6936,0.01775922,0.04206395,-0.03686371,-0.1852252,-0.2642945,-0.01961545,-0.946285,0.5074624,-0.3401831,0.7916801,0.08694099,0.04398465,-0.03660358,-0.1782244,-0.1011322,-0.01725156,-0.978627,0.2040907,-0.3453411,0.9160166,0.05220916,0.04901087,-0.1652133,0.0174908,-0.001622839,0.01552043,0.9997252,-0.002701858,-0.03502236,0.9993829
Fixation,29.7096,0.01775757,0.04206812,-0.03686462,-0.1852835,-0.2644242,-0.01950555,-0.9462396,0.5076455,-0.3403298,0.7914997,0.08693978,0.04397571,-0.036626,-0.178744,-0.1013265,-0.01713477,-0.9785142,0.2044242,-0.3463346,0.9155671,0.05220621,0.04900897,-0.1652246,0.01752508,-0.001468756,0.01542317,0.9997264,-0.002396123,-0.03508588,0.9993814
Fixation,29.7205,0.01775587,0.04204714,-0.0368415,-0.1852462,-0.2647209,-0.01942147,-0.9461657,0.5081353,-0.3402646,0.7912133,0.08693831,0.0439477,-0.03661648,-0.1786741,-0.1014128,-0.01705969,-0.9785193,0.204565,-0.346212,0.915582,0.05220361,0.04898322,-0.1652091,0.01744812,-0.001372244,0.01537058,0.9997287,-0.002207367,-0.03492896,0.9993874
Fixation,29.7314,0.01777143,0.04209363,-0.03686143,-0.1852465,-0.2650055,-0.0193424,-0.9460876,0.508603,-0.3402671,0.7909117,0.08695409,0.04399145,-0.0366786,-0.1786699,-0.1017074,-0.01698387,-0.9784908,0.2051085,-0.346199,0.9154654,0.05221436,0.04902816,-0.1652502,0.01744106,-0.001067924,0.01534463,0.9997296,-0.001600017,-0.03490546,0.9993894
Fixation,29.7428,0.01779083,0.04209197,-0.03685518,-0.1852175,-0.2651859,-0.01925183,-0.9460446,0.5088869,-0.3402373,0.7907419,0.08697371,0.0439837,-0.03669996,-0.1791566,-0.1017409,-0.01689741,-0.9783998,0.2051411,-0.3471352,0.9151034,0.05223103,0.04902267,-0.1652583,0.0173971,-0.0008697611,0.01529748,0.9997312,-0.001206791,-0.03481146,0.9993932
Fixation,29.7538,0.01780549,0.04208577,-0.03685723,-0.1850742,-0.2654583,-0.01917474,-0.9459978,0.5093435,-0.3399794,0.7905588,0.08698839,0.04397988,-0.03674156,-0.1790104,-0.102022,-0.01684749,-0.9783981,0.2056681,-0.3468492,0.9150936,0.05224072,0.04901505,-0.1652818,0.01724889,-0.0005855241,0.01530914,0.9997339,-0.0006426052,-0.03450652,0.9994043
Fixation,29.7651,0.01780564,0.04214334,-0.03684428,-0.1848638,-0.2655543,-0.01915414,-0.9460124,0.5095171,-0.3395939,0.7906126,0.08698861,0.04403555,-0.03674622,-0.1790707,-0.1021447,-0.01681738,-0.9783748,0.2058946,-0.3469608,0.9150003,0.05223889,0.04907274,-0.165277,0.01730884,-0.000457881,0.01529362,0.9997332,-0.0003860882,-0.03462244,0.9994004
Fixation,29.7760,0.01780577,0.04217303,-0.03685392,-0.1848149,-0.2656882,-0.01917983,-0.9459838,0.5097629,-0.3394722,0.7905064,0.08698852,0.04407382,-0.03677379,-0.1793163,-0.1025022,-0.01685456,-0.9782919,0.2065987,-0.3473921,0.914678,0.05223598,0.049106,-0.165296,0.01727418,-0.0003277044,0.01535396,0.9997329,-0.0001247796,-0.03454919,0.999403
Fixation,29.7874,0.0177935,0.04220235,-0.03687518,-0.1848718,-0.2658004,-0.01913521,-0.9459421,0.5099387,-0.3395838,0.7903451,0.08697625,0.0441041,-0.03681311,-0.1792183,-0.1026301,-0.01682804,-0.9782969,0.2068372,-0.3472033,0.9146957,0.05222146,0.04913402,-0.1653274,0.01717454,-0.0001983308,0.01535873,0.9997345,0.000131002,-0.03434606,0.99941
Fixation,29.7980,0.017772,0.04223514,-0.03689325,-0.1847466,-0.2658882,-0.01908321,-0.9459429,0.5100812,-0.3393715,0.7903444,0.08695476,0.044137,-0.03684415,-0.1790886,-0.1027205,-0.01679844,-0.9783117,0.2070022,-0.3469578,0.9147516,0.05219842,0.04916465,-0.1653536,0.01704182,-0.0001062248,0.01535752,0.9997368,0.0003110467,-0.03407794,0.9994192
Fixation,29.8097,0.01773077,0.04227901,-0.03691024,-0.1846098,-0.2658143,-0.01901973,-0.9459917,0.5099387,-0.3391673,0.7905239,0.08691367,0.04417551,-0.03685151,-0.1791231,-0.1025575,-0.0167566,-0.9783232,0.2066717,-0.3470435,0.9147938,0.05215898,0.04920328,-0.1653676,0.01688689,-0.0001782396,0.01532054,0.9997401,0.0001610462,-0.03377046,0.9994296
Fixation,29.8210,0.01768423,0.04231834,-0.03693243,-0.1845013,-0.2657248,-0.01900192,-0.9460384,0.5097835,-0.3389921,0.7906992,0.08686714,0.04421413,-0.03686089,-0.1790102,-0.1024647,-0.01675675,-0.9783535,0.2064926,-0.3468366,0.9149127,0.05211413,0.04924023,-0.1653848,0.01677113,-0.0002723578,0.01531678,0.999742,-3.08156E-05,-0.03354196,0.9994373
Fixation,29.8313,0.0176388,0.04233646,-0.03695475,-0.184328,-0.2656551,-0.01904752,-0.9460908,0.5096897,-0.338662,0.7909011,0.08682148,0.04424012,-0.03687368,-0.1789272,-0.1024066,-0.01681644,-0.9783738,0.2064016,-0.346671,0.914996,0.05206912,0.04926097,-0.1654033,0.01669229,-0.0003412098,0.01537414,0.9997424,-0.0001689845,-0.03338648,0.9994425
Fixation,29.8428,0.01757885,0.04234457,-0.03696539,-0.1842181,-0.2656004,-0.01906002,-0.9461273,0.5096059,-0.3384629,0.7910402,0.0867614,0.0442524,-0.0368756,-0.1788522,-0.1026357,-0.01685112,-0.9783629,0.2068577,-0.3465056,0.9149556,0.05200987,0.04926944,-0.1654109,0.01658496,-0.0004050038,0.01540549,0.9997437,-0.0002988009,-0.0331739,0.9994496
Fixation,29.8539,0.01750221,0.04236889,-0.03697043,-0.1841061,-0.2655103,-0.01918947,-0.9461718,0.5095025,-0.338202,0.7912185,0.0866843,0.04429293,-0.03687157,-0.178863,-0.102593,-0.01698037,-0.9783632,0.2068207,-0.3465018,0.9149654,0.0519327,0.04930222,-0.1654111,0.01660857,-0.0004681743,0.01552421,0.9997414,-0.0004204364,-0.03322309,0.9994479
Fixation,29.8647,0.01748357,0.04235458,-0.03697301,-0.1840408,-0.2654678,-0.0191821,-0.9461966,0.50943,-0.3380931,0.7913117,0.08666565,0.04427898,-0.03686796,-0.178796,-0.1025488,-0.01698382,-0.97838,0.2067367,-0.3463774,0.9150315,0.05191481,0.04928684,-0.1654114,0.01654035,-0.0005138089,0.01552708,0.9997425,-0.0005137065,-0.03308814,0.9994523
Fixation,29.8765,0.01745047,0.04234982,-0.03697506,-0.1839905,-0.2654656,-0.01924318,-0.9462057,0.5094514,-0.3379689,0.791351,0.08663227,0.04428399,-0.03686783,-0.1786921,-0.1026719,-0.0170545,-0.9783848,0.2070003,-0.3461572,0.9150553,0.05188101,0.04928648,-0.1654128,0.01650706,-0.0005288147,0.01559794,0.9997419,-0.0005424042,-0.03302209,0.9994545
Fixation,29.8875,0.01739753,0.04233217,-0.03696491,-0.1839872,-0.2653768,-0.01934048,-0.9462293,0.5093313,-0.337923,0.7914478,0.08657895,0.04427981,-0.03685612,-0.1786967,-0.1026786,-0.0171536,-0.9783815,0.2070482,-0.3461445,0.9150492,0.05182691,0.04927576,-0.1654017,0.01652211,-0.0005381969,0.01569582,0.9997402,-0.0005574578,-0.03305253,0.9994535
Fixation,29.8985,0.01735044,0.04231453,-0.03696121,-0.1840402,-0.265362,-0.01940729,-0.9462218,0.509326,-0.3379858,0.7914244,0.08653167,0.04426861,-0.03684894,-0.1787596,-0.1026629,-0.01721046,-0.9783707,0.2070379,-0.3462526,0.9150106,0.05177956,0.04926252,-0.1653954,0.01659138,-0.0005617857,0.01574272,0.9997383,-0.0006008905,-0.03319176,0.9994488
Fixation,29.9095,0.01734132,0.04227746,-0.03695229,-0.1840076,-0.2654044,-0.01948155,-0.9462147,0.5094285,-0.3378805,0.7914034,0.08652221,0.04424357,-0.03684388,-0.1789613,-0.1027277,-0.0172892,-0.9783256,0.2071905,-0.3466126,0.9148397,0.05176876,0.04923117,-0.1653885,0.01658119,-0.0005325032,0.01582909,0.9997371,-0.000539796,-0.03317052,0.9994496
Fixation,29.9208,0.01733051,0.04224122,-0.03694576,-0.1842868,-0.2655019,-0.01955369,-0.9461315,0.5096064,-0.338336,0.7910942,0.08651119,0.04421413,-0.03682902,-0.179005,-0.1026782,-0.01735319,-0.9783217,0.2071172,-0.3466854,0.9148288,0.05175826,0.04919922,-0.1653772,0.01663122,-0.0005912287,0.01587934,0.9997354,-0.0006539591,-0.03327241,0.9994461
Fixation,29.9320,0.01732818,0.04221797,-0.03699406,-0.1844215,-0.2654512,-0.01956518,-0.9461192,0.5095134,-0.3385822,0.7910488,0.086509,0.04418623,-0.03687068,-0.1791386,-0.1026265,-0.01734157,-0.9783029,0.2070127,-0.3469442,0.9147543,0.05175715,0.04917598,-0.1654206,0.01676421,-0.0006381308,0.015846,0.9997337,-0.0007446304,-0.03353972,0.9994371
Fixation,29.9431,0.01731969,0.04217064,-0.03697459,-0.1844625,-0.2654732,-0.01958572,-0.9461046,0.5095565,-0.3386428,0.7909951,0.08650047,0.0441407,-0.03685403,-0.1791994,-0.1030232,-0.01736068,-0.9782497,0.2077869,-0.3470265,0.9145476,0.05174812,0.04913032,-0.165402,0.01681111,-0.0006169868,0.01585847,0.9997327,-0.0007004467,-0.03363281,0.999434
Fixation,29.9537,0.01731307,0.04211795,-0.03697354,-0.1844,-0.2653261,-0.01967482,-0.9461563,0.5093359,-0.3385019,0.7911975,0.08649357,0.04409695,-0.03684561,-0.1792615,-0.1029835,-0.01744113,-0.9782411,0.2077385,-0.3471296,0.9145194,0.05174145,0.04908323,-0.1653964,0.01688153,-0.0006682834,0.01592462,0.9997305,-0.0007985425,-0.03377525,0.9994291
Fixation,29.9650,0.01732711,0.04211664,-0.03700814,-0.1844899,-0.2652708,-0.01965509,-0.9461547,0.5092267,-0.3386842,0.7911897,0.08650781,0.04408836,-0.03687344,-0.1793456,-0.1029272,-0.01740628,-0.9782322,0.2076169,-0.3473001,0.9144823,0.05175701,0.04907978,-0.1654267,0.01696199,-0.0007169332,0.01587266,0.9997299,-0.0008950153,-0.03393758,0.9994236
Fixation,29.9768,0.01733414,0.042099,-0.0370201,-0.1845288,-0.2652362,-0.01970394,-0.9461557,0.5091814,-0.3387335,0.7911978,0.0865147,0.04407477,-0.03687951,-0.1793918,-0.1029837,-0.01744913,-0.978217,0.2077412,-0.3473743,0.9144258,0.05176431,0.04906499,-0.1654351,0.01701154,-0.0007583994,0.01590285,0.9997286,-0.0009753231,-0.03403796,0.99942
