SceneName,ElapsedTime,LeftPosX,LeftPosY,LeftPosZ,LeftRotX,LeftRotY,LeftRotZ,LeftRotW,LeftDirX,LeftDirY,LeftDirZ,RightPosX,RightPosY,RightPosZ,RightRotX,RightRotY,RightRotZ,RightRotW,RightDirX,RightDirY,RightDirZ,CenterPosX,CenterPosY,CenterPosZ,CenterRotX,CenterRotY,CenterRotZ,CenterRotW,CenterDirX,CenterDirY,CenterDirZ
Fixation,0.0000,0.03307803,0.05257165,-0.0582162,-0.04656161,0.002953902,-0.01193778,-0.9988397,-0.004789265,-0.09308571,0.9956466,0.09893192,0.05261171,-0.05547168,-0.01183731,0.07127503,-0.01185162,-0.9973161,-0.1418869,-0.02530053,0.9895595,0.06625096,0.05689204,-0.1846771,-0.01074465,-0.02314519,0.01083635,0.9996157,-0.04650546,0.02097942,0.9986977
Fixation,0.0000,0.03286108,0.05265832,-0.05832728,-0.0469424,0.003571656,-0.01213144,-0.9988176,-0.005995908,-0.09386044,0.9955673,0.0987103,0.0527184,-0.05547324,-0.01159993,0.07210004,-0.01201994,-0.9972575,-0.1435258,-0.02486952,0.989334,0.06605866,0.05702817,-0.1847364,-0.01106854,-0.02389234,0.01090785,0.9995938,-0.04800675,0.02160687,0.9986133
Fixation,0.0200,0.03286108,0.05265832,-0.05832728,-0.0469424,0.003571656,-0.01213144,-0.9988176,-0.005995908,-0.09386044,0.9955673,0.0987103,0.0527184,-0.05547324,-0.01159993,0.07210004,-0.01201994,-0.9972575,-0.1435258,-0.02486952,0.989334,0.06604349,0.05698502,-0.1847351,-0.01098855,-0.02397558,0.01097475,0.9995919,-0.04817279,0.02144187,0.9986088
Fixation,0.0272,0.03284663,0.05268812,-0.05834454,-0.04696824,0.003581716,-0.01207976,-0.998817,-0.006020228,-0.09391188,0.9955623,0.09869581,0.05274117,-0.05548953,-0.01172899,0.07198378,-0.01196758,-0.997265,-0.1432931,-0.02511676,0.9893615,0.06602959,0.05701172,-0.1847516,-0.01096374,-0.02398261,0.01092207,0.9995926,-0.04818517,0.02139466,0.9986092
Fixation,0.0348,0.03284043,0.05270278,-0.05836137,-0.04697114,0.003574186,-0.01209952,-0.9988166,-0.006003255,-0.09391761,0.9955619,0.09868965,0.05275846,-0.05550724,-0.01173326,0.07197697,-0.01198735,-0.9972653,-0.143279,-0.02512798,0.9893633,0.06602312,0.05702782,-0.1847689,-0.01096043,-0.02397623,0.01094217,0.9995926,-0.04817279,0.02138722,0.99861
Fixation,0.0418,0.03282721,0.05272806,-0.05838676,-0.04720814,0.003576407,-0.01212112,-0.9988051,-0.005999837,-0.09439017,0.9955172,0.0986763,0.05278599,-0.0555297,-0.01165607,0.07199811,-0.01200628,-0.9972644,-0.1433224,-0.02497722,0.9893608,0.06601007,0.05705285,-0.1847934,-0.01103841,-0.02399781,0.01095688,0.9995911,-0.04821789,0.02154191,0.9986045
Fixation,0.0500,0.03282426,0.05272841,-0.0583875,-0.0471212,0.003572704,-0.01217778,-0.9988086,-0.005989233,-0.09421714,0.9955336,0.09867334,0.0527941,-0.05553044,-0.01157312,0.07199642,-0.01206883,-0.9972647,-0.1433196,-0.02482076,0.9893652,0.06600663,0.05705583,-0.1847949,-0.01112426,-0.02399749,0.01101537,0.9995894,-0.04822036,0.02171071,0.9986007
Fixation,0.0631,0.03282251,0.05275667,-0.05838782,-0.04697625,0.00360067,-0.01224155,-0.9988145,-0.006042679,-0.09392928,0.9955605,0.09867141,0.05283153,-0.05552648,-0.01163254,0.07171569,-0.01214278,-0.9972834,-0.1427592,-0.02494353,0.9894431,0.06600478,0.05708647,-0.1847944,-0.01126802,-0.02402925,0.01108024,0.9995863,-0.04828833,0.02199422,0.9985912
Fixation,0.0725,0.03281172,0.05281377,-0.05839429,-0.04703439,0.00337082,-0.01222948,-0.9988127,-0.005583223,-0.09403954,0.9955528,0.09866053,0.05288744,-0.0555312,-0.01141581,0.07172679,-0.01214129,-0.9972851,-0.1427869,-0.02451135,0.9894499,0.0659943,0.05713952,-0.1848018,-0.01148441,-0.02404021,0.01106811,0.9995838,-0.04831463,0.0224271,0.9985803
Fixation,0.0833,0.03279091,0.05285943,-0.05840626,-0.04693189,0.00338955,-0.01232257,-0.9988164,-0.005614434,-0.0938362,0.9955718,0.09863957,0.05294585,-0.05553999,-0.01131974,0.07174876,-0.01224038,-0.9972834,-0.1428306,-0.02433445,0.989448,0.06597301,0.05719006,-0.184813,-0.01158506,-0.02406444,0.01116196,0.999581,-0.04836734,0.0226232,0.9985734
Fixation,0.0946,0.03278752,0.05279803,-0.0584025,-0.04694855,0.003490319,-0.0123777,-0.9988146,-0.005810134,-0.0938722,0.9955673,0.09863558,0.05289102,-0.05552265,-0.01152215,0.07164438,-0.01229271,-0.997288,-0.1426169,-0.02474321,0.9894686,0.06597051,0.05713224,-0.1848023,-0.01156722,-0.02416822,0.01121073,0.9995781,-0.0485754,0.02258279,0.9985642
Fixation,0.1056,0.03276765,0.05277693,-0.05842731,-0.04722546,0.003483642,-0.01236485,-0.9988017,-0.005791063,-0.09442389,0.9955152,0.09861532,0.05286694,-0.05553859,-0.01157145,0.07171234,-0.01226948,-0.9972828,-0.142751,-0.02483976,0.9894469,0.06595167,0.05711043,-0.1848222,-0.01151677,-0.02423582,0.01118836,0.9995773,-0.04870886,0.02248149,0.99856
Fixation,0.1317,0.03275652,0.05273044,-0.05845584,-0.04742022,0.003521189,-0.0123944,-0.998792,-0.005858381,-0.09481315,0.9954779,0.09860398,0.05282307,-0.05556228,-0.01190617,0.07149079,-0.01228497,-0.9972945,-0.1423022,-0.02550444,0.9894946,0.06594075,0.05706823,-0.1848466,-0.01132122,-0.02427484,0.01121173,0.9995784,-0.04878306,0.02208857,0.9985651
Fixation,0.1383,0.03275395,0.05263293,-0.05845068,-0.04775081,0.003246922,-0.01247954,-0.9987761,-0.00529408,-0.09546577,0.9954186,0.09860083,0.05273497,-0.05554454,-0.01219509,0.07158812,-0.01235018,-0.9972833,-0.1424861,-0.02609217,0.9894528,0.06593867,0.05698001,-0.1848326,-0.01103555,-0.02437404,0.01128838,0.9995783,-0.04897667,0.0215115,0.9985682
Fixation,0.1456,0.03274106,0.05263448,-0.05844295,-0.0477569,0.003321938,-0.0123277,-0.9987774,-0.005458289,-0.09547893,0.9954165,0.09858759,0.05271614,-0.05552791,-0.01219057,0.07165751,-0.01219565,-0.9972802,-0.1426279,-0.02606265,0.9894332,0.06592799,0.05697143,-0.1848204,-0.01103265,-0.02443998,0.01113228,0.9995785,-0.04910499,0.02151185,0.9985619
Fixation,0.1530,0.03272906,0.05266547,-0.05844414,-0.04775069,0.003356846,-0.01218163,-0.9987794,-0.005542133,-0.09546659,0.9954172,0.09857544,0.0527277,-0.05552542,-0.01217429,0.07168712,-0.01204919,-0.9972801,-0.1426909,-0.0260099,0.9894255,0.06591763,0.05699253,-0.1848198,-0.01104194,-0.02446623,0.01098457,0.9995793,-0.04915446,0.02153709,0.9985589
Fixation,0.1614,0.03271582,0.05270958,-0.05844761,-0.04780327,0.003409244,-0.0120695,-0.9987781,-0.005656234,-0.09557202,0.9954064,0.09856195,0.05275643,-0.05552277,-0.01235989,0.07152257,-0.01193317,-0.997291,-0.1423627,-0.02635981,0.9894635,0.06590597,0.05702972,-0.1848197,-0.01099168,-0.02451188,0.01086849,0.99958,-0.04924209,0.02144131,0.9985567
Fixation,0.1726,0.0326938,0.05269647,-0.05844262,-0.04786576,0.003484549,-0.01200835,-0.9987755,-0.005810987,-0.09569799,0.9953935,0.09853952,0.05273449,-0.05550836,-0.01241792,0.07159548,-0.01186525,-0.9972858,-0.1425076,-0.02646742,0.9894398,0.06588541,0.05701315,-0.1848094,-0.01093041,-0.02458338,0.01080173,0.9995797,-0.04938222,0.02132054,0.9985524
Fixation,0.1831,0.03268471,0.05271912,-0.05846213,-0.04826439,0.003340555,-0.01208653,-0.9987559,-0.005506101,-0.09648944,0.9953188,0.09853005,0.05276561,-0.05551969,-0.01259312,0.07165843,-0.01192616,-0.9972785,-0.1426264,-0.02682691,0.989413,0.06587648,0.0570426,-0.1848233,-0.01075816,-0.02464799,0.01086941,0.9995792,-0.0495091,0.02097145,0.9985535
Fixation,0.1947,0.03267511,0.05271411,-0.05848407,-0.04831778,0.003454706,-0.0122467,-0.998751,-0.005717315,-0.09659949,0.9953069,0.09851972,0.05278063,-0.05552567,-0.01287009,0.07148502,-0.0120804,-0.9972855,-0.142271,-0.02739745,0.9894485,0.06586709,0.05704868,-0.1848367,-0.01070128,-0.02477131,0.0110214,0.9995751,-0.04975745,0.02084744,0.9985437
Fixation,0.2053,0.03266135,0.05272722,-0.05850672,-0.04845808,0.003583097,-0.01220899,-0.9987442,-0.005973947,-0.09688195,0.9952779,0.09850522,0.05278718,-0.05553188,-0.01300726,0.07161167,-0.01202866,-0.9972753,-0.1425202,-0.02766643,0.9894052,0.06585528,0.05706072,-0.1848499,-0.01056163,-0.02489708,0.01097326,0.999574,-0.05000473,0.02056786,0.9985372
Fixation,0.2169,0.03265699,0.05269527,-0.05849873,-0.04861689,0.003431523,-0.01218436,-0.9987373,-0.005669649,-0.09719462,0.9952493,0.09850037,0.05275118,-0.05551299,-0.01305971,0.07169526,-0.01199728,-0.997269,-0.1426856,-0.02776838,0.9893785,0.06585222,0.0570277,-0.1848359,-0.01050764,-0.02498011,0.01094246,0.9995729,-0.05016885,0.02045961,0.9985312
Fixation,0.2280,0.03266207,0.05272257,-0.05851341,-0.04863196,0.003435716,-0.01214675,-0.998737,-0.005681313,-0.09722456,0.9952462,0.09865628,0.0521903,-0.055697,-0.01299716,0.07150389,-0.01195486,-0.997284,-0.1423086,-0.02763336,0.9894365,0.06585766,0.05705261,-0.1848503,-0.01049336,-0.02498206,0.01090437,0.9995733,-0.05017165,0.02043294,0.9985316
Fixation,0.2391,0.03266904,0.05276155,-0.05852535,-0.04863267,0.00345709,-0.01206688,-0.9987379,-0.005731764,-0.09722602,0.9952458,0.09866306,0.05221856,-0.05570664,-0.01299237,0.07152236,-0.0118744,-0.9972837,-0.1423476,-0.02761273,0.9894315,0.06586555,0.05708623,-0.1848611,-0.01049437,-0.02499867,0.01082336,0.9995738,-0.05020319,0.02043866,0.9985299
Fixation,0.2501,0.03265375,0.05270767,-0.05852031,-0.04892585,0.003350716,-0.01196133,-0.9987252,-0.005522453,-0.09780711,0.9951901,0.09864788,0.05215037,-0.05570679,-0.01286913,0.07148223,-0.01176909,-0.9972895,-0.1422741,-0.02735105,0.9894493,0.06585073,0.05702329,-0.1848597,-0.01061265,-0.02495592,0.01071335,0.9995748,-0.05011801,0.02068155,0.9985291
Fixation,0.2612,0.0326633,0.052719,-0.05852773,-0.04884211,0.003367415,-0.01190615,-0.9987299,-0.005563232,-0.09764034,0.9952062,0.09865728,0.05215478,-0.05571215,-0.0119151,0.07276043,-0.01171016,-0.9972095,-0.1448357,-0.02546778,0.9891279,0.06586096,0.05702984,-0.1848669,-0.01069765,-0.02496938,0.01065904,0.9995742,-0.05014555,0.02085388,0.9985242
Fixation,0.2724,0.03267127,0.05272555,-0.05853581,-0.04871619,0.00329621,-0.011834,-0.9987372,-0.00543108,-0.09738736,0.9952317,0.09866558,0.05215299,-0.05572973,-0.01178456,0.07268682,-0.01164961,-0.9972172,-0.1446945,-0.02519707,0.9891555,0.06586858,0.0570302,-0.1848809,-0.01082526,-0.02489416,0.01059392,0.9995754,-0.04999654,0.02111388,0.9985262
Fixation,0.2833,0.03267535,0.05271697,-0.05855064,-0.05195104,0.01360937,-0.01208821,-0.9984837,-0.02592149,-0.1040736,0.9942318,0.09866956,0.05215275,-0.05574058,-0.01182559,0.07271696,-0.01171196,-0.9972138,-0.1447517,-0.02528861,0.9891448,0.06587249,0.05702651,-0.1848934,-0.01078721,-0.02492579,0.0106575,0.9995743,-0.05006029,0.02103394,0.9985247
Fixation,0.2951,0.03266103,0.05259967,-0.05851722,-0.05204998,0.013703,-0.01215286,-0.9984766,-0.02609914,-0.1042744,0.9942061,0.09865478,0.05204296,-0.05569463,-0.01158699,0.1256326,-0.01226651,-0.9919333,-0.2489541,-0.02606918,0.9681644,0.06585886,0.05691445,-0.1848527,-0.01068733,-0.02502322,0.01071508,0.9995723,-0.05025407,0.02082926,0.9985192
Fixation,0.3058,0.03265807,0.05255783,-0.05852307,-0.05218181,0.01383488,-0.01219897,-0.9984673,-0.02635423,-0.1045412,0.9941713,0.09865111,0.05200577,-0.05568312,-0.01172253,0.1257653,-0.01229209,-0.9919146,-0.2492088,-0.02634733,0.9680913,0.06585723,0.05687702,-0.1848486,-0.0105547,-0.02515763,0.01075141,0.99957,-0.05052058,0.02055935,0.9985114
Fixation,0.3166,0.03131415,0.05246341,-0.05772169,-0.09305537,0.1058355,-0.01425745,-0.9899173,-0.2068834,-0.1872521,0.960279,0.09864415,0.05198503,-0.05566532,-0.01184666,0.1258561,-0.01243669,-0.9918998,-0.2493785,-0.02663187,0.9680398,0.06585041,0.05684793,-0.1848358,-0.01044552,-0.02525244,0.01090586,0.999567,-0.05071085,0.0203312,0.9985064
Fixation,0.3280,0.0312907,0.05238497,-0.05766597,-0.09327375,0.1059241,-0.01427871,-0.989887,-0.2070421,-0.1876859,0.9601602,0.09862037,0.05191064,-0.05559772,-0.01313473,0.2328186,-0.01335314,-0.9723398,-0.4524068,-0.03176056,0.891246,0.06582794,0.05677509,-0.184772,-0.01022766,-0.0253449,0.01093575,0.9995667,-0.05089152,0.01989212,0.9985061
Fixation,0.3388,0.03127364,0.05232739,-0.05762633,-0.09339798,0.1060197,-0.0142885,-0.9898649,-0.2072213,-0.1879325,0.9600733,0.09860292,0.05185437,-0.05554526,-0.01325865,0.2329135,-0.01333907,-0.9723156,-0.4525771,-0.03199689,0.891151,0.0658121,0.05672014,-0.1847246,-0.01010304,-0.02544245,0.01094583,0.9995654,-0.05108396,0.01964033,0.9985012
Fixation,0.3502,0.03127181,0.05228019,-0.05760656,-0.1211908,0.2149626,-0.01585818,-0.968944,-0.4127298,-0.241672,0.8782077,0.0986007,0.05180895,-0.05551239,-0.01342056,0.2330111,-0.0133204,-0.9722903,-0.4527514,-0.03230496,0.8910514,0.06581151,0.05667663,-0.1846966,-0.009940311,-0.02554281,0.01095928,0.9995642,-0.05128123,0.0193121,0.9984975
Fixation,0.3611,0.03127479,0.05224717,-0.05758223,-0.1213531,0.2150569,-0.01585459,-0.9689028,-0.4128904,-0.2419779,0.8780479,0.09860329,0.05177808,-0.05547514,-0.01355391,0.2787433,-0.01361626,-0.9601735,-0.5349148,-0.03361909,0.8442369,0.06581569,0.05664742,-0.1846641,-0.009776421,-0.0256419,0.01097474,0.9995632,-0.05147599,0.01898147,0.9984939
Fixation,0.3728,0.03126355,0.05219638,-0.0575261,-0.1214061,0.2151653,-0.01580491,-0.9688728,-0.4130981,-0.2420554,0.8779289,0.09859156,0.05172038,-0.05540497,-0.01360342,0.2788454,-0.01355144,-0.960144,-0.5350948,-0.03368,0.8441204,0.06580636,0.05659413,-0.1846002,-0.009711463,-0.02574679,0.01092258,0.9995617,-0.05168315,0.01885197,0.9984856
Fixation,0.3837,0.0312687,0.05216384,-0.05750507,-0.1411714,0.2535773,-0.0165728,-0.9568148,-0.4805738,-0.2785546,0.8315384,0.09859622,0.05168903,-0.05536807,-0.01363314,0.2789591,-0.01355445,-0.9601106,-0.5352935,-0.03374092,0.8439919,0.0658131,0.05656266,-0.1845707,-0.009682815,-0.02586527,0.01093076,0.9995588,-0.0519194,0.01879163,0.9984745
Fixation,0.3946,0.03128045,0.05213857,-0.05749413,-0.1412824,0.2536584,-0.01664038,-0.9567758,-0.4806864,-0.2787931,0.8313935,0.09860764,0.05167437,-0.0553444,-0.01429989,0.2863679,-0.0136684,-0.9579155,-0.5482416,-0.03522456,0.8355779,0.06582547,0.05654454,-0.1845524,-0.009585804,-0.02596229,0.01100934,0.9995564,-0.05211262,0.01859145,0.9984682
Fixation,0.4058,0.03131257,0.05206215,-0.05747353,-0.1412464,0.2537453,-0.01667778,-0.9567574,-0.4808339,-0.2787409,0.8313256,0.09863937,0.05160022,-0.05531115,-0.01426461,0.2864569,-0.01369523,-0.9578891,-0.5483971,-0.03517402,0.8354779,0.06585878,0.05646849,-0.1845256,-0.009626313,-0.0260556,0.01102415,0.9995534,-0.05230017,0.01866955,0.9984569
Fixation,0.4171,0.03134521,0.05204439,-0.05745614,-0.1426492,0.2541134,-0.01668514,-0.9564514,-0.481334,-0.281354,0.8301551,0.09867162,0.05157912,-0.05528194,-0.01432779,0.2865427,-0.01365426,-0.957863,-0.5485461,-0.03527318,0.835376,0.06589287,0.05645025,-0.1845015,-0.00955409,-0.02614442,0.01099937,0.999552,-0.05247559,0.01852448,0.9984504
Fixation,0.4280,0.03137106,0.05205011,-0.05744156,-0.1425462,0.2541674,-0.01669029,-0.9564523,-0.4814397,-0.2811616,0.830159,0.0986972,0.05158126,-0.05526002,-0.01387021,0.2910258,-0.01367458,-0.9565169,-0.5563629,-0.03449349,0.8302232,0.06591973,0.05645263,-0.1844841,-0.009654447,-0.02619686,0.01097249,0.99955,-0.05258201,0.01872531,0.998441
Fixation,0.4391,0.03140605,0.05206835,-0.05742696,-0.1434151,0.2536801,-0.01656719,-0.9564539,-0.4805146,-0.2827454,0.830157,0.09873199,0.05157745,-0.05524456,-0.01376317,0.2910331,-0.01353264,-0.9565183,-0.5563844,-0.03420633,0.8302206,0.06595627,0.05645847,-0.1844696,-0.009719862,-0.02620057,0.01080707,0.9995511,-0.0525877,0.01886469,0.9984381
Fixation,0.4503,0.03141055,0.0520035,-0.05741997,-0.1434428,0.2536455,-0.01646201,-0.9564608,-0.4804813,-0.2827459,0.8301762,0.09873663,0.05150032,-0.05524439,-0.01378745,0.2909868,-0.01343204,-0.9565334,-0.5563069,-0.0341934,0.8302732,0.06596084,0.05638814,-0.1844656,-0.009669997,-0.02614996,0.01071752,0.9995538,-0.05248386,0.01877084,0.9984453
Fixation,0.4615,0.03145603,0.05199778,-0.05740864,-0.1433685,0.2536282,-0.01641316,-0.9564773,-0.480473,-0.2825832,0.8302364,0.09878217,0.05148637,-0.05523658,-0.01269392,0.292426,-0.013372,-0.9561104,-0.5588437,-0.03209423,0.8286517,0.0660065,0.05637729,-0.1844567,-0.009732662,-0.02612215,0.01065606,0.9995546,-0.05242845,0.01889994,0.9984458
Fixation,0.4728,0.03151001,0.05200243,-0.05740371,-0.1434113,0.2535713,-0.01636751,-0.9564868,-0.4803806,-0.2826427,0.8302696,0.09883639,0.05148745,-0.05524033,-0.01273551,0.2923658,-0.01333278,-0.9561288,-0.5587392,-0.03214967,0.82872,0.06605979,0.05638087,-0.1844557,-0.00968246,-0.02605842,0.01063056,0.999557,-0.05229962,0.01880231,0.9984544
Fixation,0.4836,0.03155595,0.05201507,-0.05741266,-0.1426872,0.2527071,-0.01634783,-0.9568241,-0.4789271,-0.2813156,0.831559,0.09888273,0.05150068,-0.05526145,-0.01269087,0.2922783,-0.0133488,-0.956156,-0.5585884,-0.03207203,0.8288247,0.06610443,0.05639303,-0.1844714,-0.009730267,-0.02596717,0.01063573,0.9995589,-0.05211841,0.01889959,0.9984621
Fixation,0.4949,0.0315754,0.05195951,-0.05741414,-0.142614,0.2527263,-0.01638829,-0.9568292,-0.4789574,-0.2811979,0.8315814,0.09890209,0.05144787,-0.0552596,-0.01254421,0.2928466,-0.01339098,-0.9559834,-0.559577,-0.03182711,0.828167,0.06612407,0.05633748,-0.1844719,-0.009810795,-0.02599055,0.01065496,0.9995573,-0.05216714,0.01905905,0.9984565
Fixation,0.5057,0.03162943,0.05197883,-0.05741972,-0.1425482,0.2526506,-0.01645513,-0.9568578,-0.4788101,-0.2811115,0.8316953,0.09895648,0.05147529,-0.05527439,-0.01248064,0.2927788,-0.01347016,-0.9560039,-0.559459,-0.03175064,0.8282497,0.06617661,0.05635953,-0.184483,-0.009893645,-0.02592123,0.01071548,0.9995576,-0.05203155,0.01922302,0.9984604
Fixation,0.5170,0.03168575,0.05200803,-0.0574246,-0.145331,0.2503227,-0.01653344,-0.9570497,-0.4743369,-0.2864553,0.8324349,0.09901299,0.0515058,-0.055285,-0.01239163,0.2927361,-0.01350461,-0.9560176,-0.559387,-0.0315998,0.8283041,0.06623226,0.0563879,-0.1844917,-0.009988882,-0.02587708,0.01072561,0.9995577,-0.05194554,0.01941383,0.9984612
Fixation,0.5283,0.03171973,0.05202007,-0.05741193,-0.1452901,0.2502499,-0.01644031,-0.9570765,-0.4742394,-0.2863359,0.8325315,0.09904726,0.05150604,-0.05528431,-0.01196355,0.2929631,-0.01341659,-0.9559548,-0.5597979,-0.03073436,0.828059,0.06626576,0.05639362,-0.1844854,-0.01001114,-0.02578679,0.01063785,0.9995608,-0.05176393,0.01946485,0.9984697
Fixation,0.5393,0.03177686,0.0520457,-0.05741448,-0.1452537,0.2501816,-0.01639809,-0.9571007,-0.4741342,-0.2862498,0.832621,0.09910467,0.05152631,-0.0552972,-0.01192524,0.2928896,-0.01338591,-0.9559782,-0.5596729,-0.03064173,0.8281469,0.06632216,0.05641592,-0.1844935,-0.01004023,-0.02570917,0.0105994,0.9995629,-0.05160871,0.01952669,0.9984764
Fixation,0.5503,0.03183638,0.05207562,-0.05742222,-0.1448781,0.2494277,-0.01626836,-0.9573566,-0.4728686,-0.2855155,0.8335924,0.09916431,0.05153942,-0.05531278,-0.01184062,0.2928344,-0.0132787,-0.9559977,-0.5595835,-0.03041613,0.8282156,0.06638195,0.05643642,-0.1845057,-0.01009332,-0.02564877,0.01047445,0.9995652,-0.05148668,0.01964054,0.9984806
Fixation,0.6444,0.03187957,0.05210769,-0.05742842,-0.1449359,0.2493993,-0.0161952,-0.9573564,-0.4728335,-0.2855889,0.8335871,0.09920776,0.05155957,-0.05533023,-0.01175974,0.2929474,-0.01321853,-0.9559649,-0.559784,-0.03022847,0.828087,0.06642474,0.05646098,-0.1845185,-0.01018217,-0.02556271,0.01038675,0.9995674,-0.05131482,0.01982451,0.9984857
Fixation,0.7221,0.03214739,0.05207205,-0.05737843,-0.1448468,0.2484405,-0.0160513,-0.9576216,-0.4711741,-0.2853925,0.8345934,0.09947714,0.05150056,-0.0553378,-0.01132858,0.2926628,-0.01314596,-0.9560583,-0.5593075,-0.02935623,0.8284403,0.06668804,0.05640733,-0.1845015,-0.01055399,-0.0251266,0.01021589,0.9995764,-0.05044755,0.02058565,0.9985145
Fixation,0.7293,0.03222365,0.05196571,-0.05731265,-0.145016,0.2482873,-0.01588232,-0.9576386,-0.4709326,-0.2856326,0.8346476,0.09955402,0.05138028,-0.05529624,-0.01193137,0.2925339,-0.01300329,-0.9560924,-0.5590685,-0.03042278,0.8285632,0.0667626,0.05629694,-0.1844463,-0.01035565,-0.02494951,0.01011494,0.9995839,-0.05008774,0.02019796,0.9985406
Fixation,0.7366,0.03218227,0.05189538,-0.0572819,-0.1450275,0.2483363,-0.01590959,-0.9576237,-0.4710107,-0.2856654,0.8345922,0.09951245,0.05131292,-0.05525817,-0.01194401,0.2925857,-0.01302297,-0.9560761,-0.5591573,-0.03045943,0.8285019,0.06673501,0.05623579,-0.1844174,-0.01032828,-0.02500055,0.01016528,0.9995824,-0.0501902,0.02013966,0.9985366
Fixation,0.7447,0.03218227,0.05189538,-0.0572819,-0.1450275,0.2483363,-0.01590959,-0.9576237,-0.4710107,-0.2856654,0.8345922,0.09951245,0.05131292,-0.05525817,-0.01194401,0.2925857,-0.01302297,-0.9560761,-0.5591573,-0.03045943,0.8285019,0.06672182,0.0562284,-0.1844117,-0.01034845,-0.02500415,0.01013629,0.9995824,-0.0501972,0.02018137,0.9985354
Fixation,0.7524,0.03217797,0.05189276,-0.05727517,-0.14457,0.2488497,-0.01593691,-0.9575591,-0.4719685,-0.2848004,0.8343467,0.09950802,0.05131686,-0.05524535,-0.01203521,0.29263,-0.01304977,-0.9560609,-0.5592301,-0.0306503,0.8284457,0.06671771,0.05623043,-0.1844011,-0.01026755,-0.02505144,0.01018577,0.9995815,-0.05029108,0.02001616,0.998534
Fixation,0.7614,0.0321662,0.05189347,-0.05726411,-0.1445174,0.2488506,-0.01594581,-0.9575666,-0.4719732,-0.2847062,0.8343762,0.09949625,0.05131733,-0.05523408,-0.01198247,0.2926305,-0.01306088,-0.9560614,-0.5592324,-0.03055597,0.8284476,0.06670601,0.05623019,-0.1843905,-0.01032133,-0.02505197,0.01018229,0.999581,-0.05029314,0.02012384,0.9985318
Fixation,0.7722,0.03215652,0.05189312,-0.05726328,-0.1444865,0.248925,-0.01596714,-0.9575517,-0.472103,-0.2846557,0.83432,0.09948625,0.05131733,-0.05522263,-0.01219608,0.2928753,-0.01308051,-0.9559834,-0.5596488,-0.03098041,0.8281506,0.06669743,0.05622935,-0.1843845,-0.01035359,-0.02513019,0.01018449,0.9995787,-0.05045011,0.02018658,0.9985226
Fixation,0.7832,0.0321402,0.05189407,-0.0572643,-0.144121,0.2489497,-0.01596205,-0.9576004,-0.4721877,-0.2839681,0.8345064,0.09946962,0.0513159,-0.0552146,-0.01214576,0.2929389,-0.01307642,-0.9559646,-0.5597609,-0.03088301,0.8280786,0.06668222,0.0562284,-0.1843813,-0.01040058,-0.02519639,0.01016577,0.9995767,-0.05058292,0.02028008,0.9985139
Fixation,0.7948,0.03211632,0.05189574,-0.05727054,-0.1441079,0.2490358,-0.01604396,-0.9575786,-0.4723186,-0.2839803,0.8344281,0.0994454,0.05132616,-0.05520735,-0.0121358,0.2930333,-0.01314627,-0.9559348,-0.5599224,-0.03090665,0.8279684,0.06665921,0.056234,-0.1843809,-0.01042839,-0.02529667,0.01022853,0.9995733,-0.05078509,0.02033038,0.9985027
Fixation,0.8058,0.03210291,0.0518986,-0.05727573,-0.1441941,0.2491535,-0.01604472,-0.957535,-0.4725192,-0.2841369,0.8342612,0.09943149,0.05132949,-0.05519618,-0.01262405,0.2932512,-0.0131378,-0.9558618,-0.5602835,-0.03183905,0.8276888,0.06664748,0.05623853,-0.1843768,-0.01033905,-0.02541981,0.0102309,0.9995711,-0.05102937,0.0201491,0.9984939
Fixation,0.8173,0.03202754,0.05180562,-0.05730302,-0.14406,0.2494012,-0.01609654,-0.9574898,-0.4729604,-0.283901,0.8340915,0.099356,0.05124235,-0.05521771,-0.0126143,0.2932909,-0.01318625,-0.9558491,-0.5603511,-0.03184954,0.8276426,0.06657235,0.05614829,-0.1844014,-0.01036123,-0.0254625,0.01027413,0.9995693,-0.05111596,0.02019032,0.9984886
Fixation,0.8283,0.03201128,0.05180013,-0.05730816,-0.1441301,0.2494772,-0.01613927,-0.9574587,-0.473076,-0.2840499,0.8339753,0.09933944,0.05124307,-0.0552114,-0.01268654,0.293373,-0.01321492,-0.9558225,-0.5604898,-0.03200597,0.8275427,0.06655689,0.05614698,-0.1844001,-0.01029885,-0.0255492,0.01031956,0.9995673,-0.05128884,0.02006148,0.9984823
Fixation,0.8394,0.03196822,0.05178714,-0.05732886,-0.1441772,0.249611,-0.01618072,-0.9574161,-0.4732973,-0.2841529,0.8338146,0.09929581,0.05123436,-0.05521277,-0.01273326,0.2933252,-0.01323414,-0.9558363,-0.5604048,-0.03210564,0.8275964,0.06651559,0.05613685,-0.1844104,-0.01025642,-0.02569381,0.01034982,0.9995637,-0.0515775,0.01997205,0.9984693
Fixation,0.8504,0.03190532,0.05179548,-0.0573354,-0.1442638,0.2504493,-0.0163452,-0.9571813,-0.4747348,-0.2843605,0.8329262,0.09923235,0.05126119,-0.05519711,-0.01276056,0.2934808,-0.01337036,-0.9557863,-0.5606687,-0.03224063,0.8274123,0.06645382,0.05615449,-0.1844057,-0.01026578,-0.02585983,0.01048525,0.9995579,-0.05191207,0.01998018,0.9984518
Fixation,0.8618,0.03185165,0.05180466,-0.05735224,-0.1442723,0.2505976,-0.01640418,-0.9571401,-0.4749807,-0.2843993,0.8327727,0.09917803,0.05127549,-0.05519234,-0.01277117,0.2936338,-0.0134081,-0.9557387,-0.5609319,-0.03228595,0.8272322,0.06640209,0.05616629,-0.1844114,-0.01026476,-0.02602071,0.01052141,0.9995533,-0.05223417,0.0199728,0.9984351
Fixation,0.8726,0.03181832,0.05181217,-0.05736741,-0.1442473,0.2507657,-0.01651769,-0.9570979,-0.4752493,-0.2844018,0.8326186,0.09914397,0.05129373,-0.05518211,-0.0127859,0.2938805,-0.01350003,-0.9556614,-0.5613552,-0.03237277,0.8269416,0.06637073,0.05617857,-0.184414,-0.01030819,-0.02620922,0.0105994,0.9995471,-0.05261322,0.02005143,0.9984136
Fixation,0.8840,0.03177806,0.05182695,-0.05738345,-0.1440593,0.2506067,-0.01661123,-0.9571663,-0.4749586,-0.2841032,0.8328863,0.09910319,0.05131948,-0.05517979,-0.01279573,0.2940095,-0.01358297,-0.9556203,-0.5615753,-0.03244276,0.8267894,0.06633168,0.05619884,-0.1844207,-0.01032021,-0.02634611,0.01067935,0.9995425,-0.05288854,0.02006827,0.9983988
Fixation,0.8951,0.0316943,0.0517956,-0.0573912,-0.1439195,0.2507573,-0.01675669,-0.9571453,-0.4751992,-0.2839076,0.8328158,0.09901875,0.05130005,-0.05516413,-0.01266035,0.2941712,-0.01371279,-0.9555705,-0.5618554,-0.03226352,0.826606,0.06624962,0.05617082,-0.184418,-0.01048451,-0.0265178,0.01076473,0.9995354,-0.05323668,0.02038836,0.9983737
Fixation,0.9054,0.03166912,0.05181086,-0.05739849,-0.1438403,0.2508064,-0.0168865,-0.9571421,-0.4752569,-0.2838217,0.8328122,0.09899336,0.05132878,-0.05516218,-0.01267019,0.294201,-0.01384019,-0.9555594,-0.5619023,-0.03235783,0.8265705,0.06622455,0.05619133,-0.1844215,-0.01058969,-0.02658545,0.01086418,0.9995314,-0.05337609,0.02059179,0.9983621
Fixation,0.9170,0.03164914,0.05181205,-0.05739908,-0.1434334,0.2504649,-0.01696914,-0.9572911,-0.4746677,-0.2831154,0.8333884,0.09897314,0.05133319,-0.05515498,-0.01241757,0.2942506,-0.01393405,-0.9555461,-0.5619939,-0.03193133,0.8265248,0.06620522,0.05618978,-0.1844206,-0.01085792,-0.02663864,0.01088563,0.9995269,-0.05348847,0.02112561,0.998345
Fixation,0.9279,0.03163212,0.05185616,-0.05738869,-0.1433377,0.2505257,-0.01694987,-0.9572899,-0.4747924,-0.2829242,0.8333823,0.09895581,0.05137086,-0.05513676,-0.01231997,0.294305,-0.01391108,-0.9555309,-0.5620922,-0.03173243,0.8264656,0.06618945,0.05622923,-0.1844069,-0.01094542,-0.02669463,0.01083617,0.999525,-0.05360111,0.02130191,0.9983352
Fixation,0.9391,0.03157241,0.05186749,-0.05734049,-0.1431588,0.2506094,-0.01689322,-0.9572958,-0.4749778,-0.2825579,0.833401,0.09889567,0.051368,-0.05507851,-0.01238826,0.2941424,-0.01385674,-0.9555809,-0.5618104,-0.03182767,0.8266536,0.06613175,0.05623066,-0.1843551,-0.01110558,-0.02676513,0.01072848,0.9995225,-0.053743,0.02162625,0.9983206
Fixation,0.9507,0.03156127,0.05186915,-0.05732103,-0.1428208,0.2511579,-0.01687101,-0.9572029,-0.4759991,-0.2818915,0.8330438,0.09888427,0.05136013,-0.05505344,-0.01219889,0.2941795,-0.01383653,-0.9555722,-0.5618819,-0.03145468,0.8266192,0.06612183,0.05622458,-0.1843343,-0.01128233,-0.02680284,0.01065737,0.9995202,-0.05382044,0.02198255,0.9983087
Fixation,0.9611,0.03158819,0.05184019,-0.05730623,-0.1429377,0.2511463,-0.01684783,-0.9571889,-0.4759725,-0.2820993,0.8329887,0.09891126,0.051332,-0.05504051,-0.01247872,0.294033,-0.01381315,-0.955614,-0.5616193,-0.03197272,0.8267778,0.0661485,0.056198,-0.1843194,-0.01116246,-0.02679126,0.0106634,0.9995219,-0.05379497,0.02174288,0.9983153
Fixation,0.9725,0.03160419,0.05177402,-0.05728502,-0.1430809,0.2511188,-0.01688057,-0.9571741,-0.4758983,-0.2823847,0.8329344,0.09892742,0.0512749,-0.05502216,-0.01262471,0.2940145,-0.01384282,-0.9556174,-0.5615812,-0.03226876,0.8267922,0.06616358,0.05613863,-0.1842984,-0.01102991,-0.02677314,0.01073156,0.9995231,-0.05375747,0.02147467,0.9983231
Fixation,0.9835,0.03162545,0.05168128,-0.05725442,-0.142812,0.2514319,-0.01686598,-0.9571323,-0.4764899,-0.2818612,0.8327734,0.09894874,0.05118358,-0.0549931,-0.01270518,0.294005,-0.01383235,-0.9556193,-0.5615623,-0.03241619,0.8267992,0.06618457,0.05604792,-0.1842679,-0.01094964,-0.02676333,0.01074328,0.9995241,-0.05373645,0.02131381,0.9983277
Fixation,0.9945,0.0316493,0.05163348,-0.05720928,-0.1430546,0.2513583,-0.01673453,-0.9571178,-0.4763712,-0.2822528,0.8327088,0.09897295,0.05112731,-0.0549603,-0.01294474,0.2939238,-0.01370131,-0.955643,-0.5614177,-0.03279539,0.8268825,0.06620763,0.05600011,-0.1842266,-0.01068422,-0.026676,0.01068308,0.99953,-0.0535552,0.02078843,0.9983485
Fixation,1.0060,0.03167922,0.05164075,-0.05716396,-0.1430825,0.2513009,-0.01664591,-0.9571302,-0.4762919,-0.2822635,0.8327505,0.09900311,0.05112493,-0.05492461,-0.01313284,0.2939712,-0.01362526,-0.955627,-0.5614957,-0.03311107,0.826817,0.06623716,0.05600321,-0.1841858,-0.010639,-0.02660457,0.01061287,0.9995331,-0.05341012,0.02070336,0.998358
Fixation,1.0170,0.0317038,0.05164897,-0.05711628,-0.1431637,0.2512399,-0.01650276,-0.9571366,-0.4762166,-0.2823468,0.8327653,0.09902795,0.05111814,-0.05488805,-0.01320899,0.2938959,-0.01348813,-0.955651,-0.5613676,-0.03317458,0.8269014,0.06626154,0.05600548,-0.1841428,-0.01052931,-0.02652287,0.01050282,0.9995376,-0.05324238,0.02049176,0.9983714
Fixation,1.0281,0.03174921,0.05167854,-0.05704069,-0.1404117,0.2520943,-0.01621204,-0.9573246,-0.4781195,-0.277013,0.833466,0.09907396,0.05112147,-0.05483757,-0.01322739,0.2937219,-0.0132798,-0.9557071,-0.5610729,-0.03308415,0.8271049,0.066306,0.05602288,-0.1840794,-0.01045678,-0.02633593,0.01031072,0.9995453,-0.05286355,0.02036096,0.9983941
Fixation,1.0391,0.03179805,0.05169058,-0.05697909,-0.1405702,0.2520019,-0.01609116,-0.9573277,-0.4779728,-0.2772534,0.8334702,0.09912322,0.05112422,-0.05479083,-0.01334777,0.2937045,-0.01316505,-0.9557124,-0.5610427,-0.03324654,0.827119,0.06635386,0.05603302,-0.1840237,-0.01027716,-0.02622832,0.0102443,0.9995507,-0.05264363,0.02000771,0.9984129
Fixation,1.0505,0.03182421,0.05168247,-0.05693734,-0.1404325,0.2520383,-0.01614885,-0.9573373,-0.4780357,-0.2770229,0.8335108,0.09914987,0.05113065,-0.05476043,-0.01350033,0.2936251,-0.01323405,-0.9557337,-0.5608976,-0.03357714,0.827204,0.06637788,0.05603433,-0.1839867,-0.01014923,-0.0261476,0.01035337,0.999553,-0.05248198,0.01974796,0.9984266
Fixation,1.0622,0.03179345,0.05165029,-0.05691886,-0.1406,0.252074,-0.01606034,-0.9573048,-0.4781072,-0.2772909,0.8333806,0.09911893,0.05109131,-0.05473848,-0.0136656,0.2936543,-0.01313435,-0.9557238,-0.5609458,-0.033835,0.8271608,0.06634791,0.05600166,-0.1839647,-0.009963074,-0.02617629,0.01030118,0.9995546,-0.05253454,0.01937798,0.9984311
Fixation,1.0724,0.03181885,0.05163717,-0.05688508,-0.1406329,0.2520451,-0.01602083,-0.9573082,-0.4780636,-0.277334,0.8333913,0.09914446,0.05107462,-0.0547094,-0.01380986,0.2936738,-0.01310087,-0.9557162,-0.5609757,-0.03409138,0.82713,0.06637304,0.05598736,-0.1839329,-0.009922873,-0.02614183,0.01027497,0.9995562,-0.05246438,0.01929973,0.9984363
Fixation,1.0834,0.03184898,0.0516454,-0.05685823,-0.1403032,0.2519467,-0.01592294,-0.9573842,-0.4779514,-0.2766716,0.8336757,0.09917472,0.05107474,-0.05468889,-0.01389433,0.2936318,-0.01301525,-0.955729,-0.5609031,-0.03420181,0.8271746,0.06640302,0.0559932,-0.1839083,-0.009818781,-0.02609625,0.01021609,0.999559,-0.05237011,0.0190957,0.9984452
Fixation,1.0947,0.03185974,0.05166626,-0.05683105,-0.1401336,0.2519356,-0.01595774,-0.9574113,-0.4779396,-0.2763717,0.833782,0.09918552,0.05109525,-0.05466284,-0.01372465,0.2936202,-0.0130586,-0.9557345,-0.5608875,-0.03390278,0.8271976,0.06641371,0.05601096,-0.1838834,-0.009993942,-0.02608454,0.01021246,0.9995576,-0.05235014,0.01944627,0.9984394
Fixation,1.1057,0.03188002,0.0516628,-0.05679744,-0.1401027,0.2518829,-0.01587042,-0.9574311,-0.4778741,-0.2762724,0.8338524,0.09920599,0.05108047,-0.05463826,-0.01394092,0.2936364,-0.01298742,-0.9557273,-0.5609106,-0.03427459,0.8271666,0.06643377,0.05600154,-0.1838545,-0.01000664,-0.02601646,0.01012914,0.9995601,-0.05221274,0.01947743,0.998446
Fixation,1.1169,0.03190175,0.05166137,-0.05676359,-0.1401753,0.2514258,-0.01578944,-0.9575421,-0.477075,-0.2763872,0.834272,0.0992275,0.05106783,-0.05460065,-0.01392919,0.2936645,-0.01290413,-0.9557199,-0.5609627,-0.03420378,0.8271342,0.06645662,0.05599451,-0.1838186,-0.009995393,-0.02604377,0.0100452,0.9995604,-0.05226545,0.01945877,0.9984436
Fixation,1.1279,0.03191316,0.05163074,-0.05673789,-0.140079,0.2514215,-0.01570945,-0.9575586,-0.4771004,-0.276167,0.8343303,0.09923887,0.05102396,-0.05457728,-0.01382877,0.2936478,-0.01282975,-0.9557276,-0.5609398,-0.03396792,0.8271595,0.06646865,0.05595589,-0.1837948,-0.01007225,-0.02602406,0.009946917,0.9995611,-0.05222565,0.01961794,0.9984426
Fixation,1.1391,0.03188403,0.05161464,-0.05673238,-0.1402342,0.2513978,-0.01563841,-0.9575432,-0.4770624,-0.2764236,0.834267,0.09920985,0.05100369,-0.05457618,-0.01412904,0.2935377,-0.01275881,-0.955758,-0.5607415,-0.03449827,0.827272,0.06643929,0.05594051,-0.18379,-0.009904349,-0.02599427,0.009917441,0.9995638,-0.05216232,0.01928446,0.9984524
Fixation,1.1502,0.03189693,0.05155194,-0.05670238,-0.1406995,0.2509969,-0.0157505,-0.9575783,-0.4762662,-0.2773683,0.8344084,0.09922229,0.05095267,-0.05452886,-0.01413992,0.2936591,-0.01284753,-0.9557194,-0.560948,-0.03457318,0.8271288,0.06645326,0.05588353,-0.1837512,-0.009916909,-0.02612342,0.01000325,0.9995595,-0.05242222,0.01930244,0.9984384
Fixation,1.1613,0.03189538,0.05151939,-0.05669306,-0.1408491,0.2510601,-0.01589224,-0.9575374,-0.4763221,-0.2777164,0.8342606,0.09922056,0.05094194,-0.05450777,-0.0142966,0.2937427,-0.0129729,-0.9556895,-0.5610827,-0.03494762,0.8270217,0.06645153,0.0558641,-0.1837348,-0.009799107,-0.02621456,0.01016434,0.9995567,-0.05260508,0.01905662,0.9984335
Fixation,1.1726,0.0318731,0.05149066,-0.05672951,-0.1408095,0.2511342,-0.01591241,-0.9575235,-0.4764525,-0.2776491,0.8342086,0.09919792,0.05091321,-0.05453369,-0.01445352,0.2938566,-0.01299031,-0.9556519,-0.5612738,-0.03525964,0.8268788,0.06643035,0.05583465,-0.1837662,-0.00983976,-0.02629198,0.01016377,0.9995542,-0.05276054,0.0191363,0.9984238
Fixation,1.1839,0.0318621,0.05146646,-0.05672254,-0.1408699,0.2509403,-0.01599262,-0.9575641,-0.4760771,-0.2778102,0.8343692,0.09918679,0.05089855,-0.05452036,-0.01444891,0.2939002,-0.0130655,-0.9556376,-0.5613466,-0.03529574,0.8268278,0.0664194,0.05581486,-0.1837562,-0.009864114,-0.02633938,0.01023401,0.999552,-0.05285706,0.01918028,0.9984179
Fixation,1.1945,0.03186866,0.05145681,-0.05669128,-0.1409317,0.2510332,-0.01600707,-0.9575303,-0.4762321,-0.2779295,0.8342411,0.09919293,0.05089092,-0.05447591,-0.01451168,0.2939949,-0.01306481,-0.9556075,-0.5615083,-0.03541691,0.8267128,0.06642719,0.05580735,-0.1837176,-0.009802847,-0.02643863,0.01024822,0.9995499,-0.05305439,0.01905497,0.9984098
Fixation,1.2055,0.03187414,0.05146098,-0.05666802,-0.1409612,0.2510469,-0.01596765,-0.9575231,-0.4762647,-0.2779644,0.8342108,0.09919835,0.05089056,-0.0544515,-0.01467498,0.2940415,-0.01302645,-0.9555912,-0.5615847,-0.03570719,0.8266485,0.06643309,0.05580986,-0.1836934,-0.009764503,-0.02644756,0.01021495,0.9995503,-0.05307081,0.01897991,0.9984103
Fixation,1.2168,0.03183297,0.05144906,-0.05670108,-0.1411598,0.2511675,-0.01592736,-0.9574628,-0.4764705,-0.2783114,0.8339776,0.09915678,0.05087173,-0.05447439,-0.01468876,0.2941151,-0.0129705,-0.9555691,-0.5617135,-0.03570189,0.8265612,0.06639341,0.05579484,-0.1837209,-0.009735714,-0.02652311,0.0101632,0.9995492,-0.05322019,0.01892353,0.9984035
Fixation,1.2277,0.03183786,0.0514586,-0.0566897,-0.1411756,0.2511971,-0.01591847,-0.957453,-0.4765242,-0.2783353,0.833939,0.09916154,0.05088007,-0.0544591,-0.01470422,0.2941434,-0.0129571,-0.9555604,-0.5617625,-0.03572403,0.8265269,0.06639879,0.05580401,-0.1837074,-0.009717037,-0.02655249,0.01015384,0.9995487,-0.05327835,0.01888608,0.9984011
Fixation,1.2390,0.03185016,0.05145299,-0.05668193,-0.1412244,0.2512411,-0.01592726,-0.9574341,-0.476595,-0.2784292,0.8338671,0.09917364,0.05087626,-0.05444501,-0.01494566,0.2942894,-0.01296354,-0.9555116,-0.5620064,-0.03619156,0.8263407,0.06641162,0.0558002,-0.1836959,-0.009669303,-0.02660049,0.01016685,0.9995477,-0.05337353,0.01878897,0.9983978
Fixation,1.2501,0.03183976,0.05143416,-0.05672714,-0.1411351,0.2512268,-0.01593046,-0.9574509,-0.4765781,-0.2782643,0.8339319,0.09916297,0.05085838,-0.05448188,-0.01498935,0.2943494,-0.01296083,-0.9554924,-0.5621087,-0.03627443,0.8262675,0.06640201,0.05578256,-0.1837364,-0.009626094,-0.02666326,0.0101747,0.9995463,-0.05349822,0.01870087,0.9983928
Fixation,1.2612,0.03183371,0.05144203,-0.05675282,-0.1409858,0.2513141,-0.01598618,-0.9574491,-0.4767332,-0.2780085,0.8339285,0.0991565,0.05086756,-0.05449469,-0.01484075,0.2944373,-0.01301136,-0.955467,-0.5622641,-0.03602174,0.8261728,0.06639725,0.05578852,-0.1837569,-0.009782223,-0.02675591,0.01018148,0.9995423,-0.05368652,0.01901066,0.9983768
Fixation,1.2724,0.03185856,0.05148232,-0.05673549,-0.1409084,0.2513408,-0.01592907,-0.9574544,-0.4768056,-0.2778341,0.8339453,0.09918118,0.0508976,-0.05447494,-0.01474398,0.2945189,-0.01295479,-0.9554441,-0.5624108,-0.03580496,0.8260824,0.06642301,0.05582273,-0.1837389,-0.009844465,-0.02677195,0.01010499,0.999542,-0.05371834,0.01913885,0.9983727
Fixation,1.2838,0.03188399,0.05151343,-0.05671691,-0.1407936,0.2513674,-0.01586938,-0.9574653,-0.4768824,-0.2775881,0.8339832,0.09920643,0.05091703,-0.05445408,-0.01462549,0.2945344,-0.01289739,-0.955442,-0.5624439,-0.03554507,0.8260711,0.06644946,0.0558461,-0.1837201,-0.009943063,-0.02678624,0.0100175,0.9995415,-0.05374712,0.01934035,0.9983672
Fixation,1.2944,0.03188096,0.05152285,-0.05676683,-0.1404616,0.251146,-0.01574458,-0.9575742,-0.4765589,-0.2769132,0.8343924,0.09920368,0.0509069,-0.05451724,-0.01443781,0.2944394,-0.0127969,-0.9554754,-0.5622897,-0.03512577,0.826194,0.06644633,0.05584311,-0.1837782,-0.01009746,-0.02668358,0.009872288,0.9995442,-0.0535422,0.01965886,0.9983721
Fixation,1.3055,0.03192386,0.05155575,-0.05672824,-0.1405031,0.2511776,-0.01569118,-0.9575607,-0.4766263,-0.2769631,0.8343374,0.0992464,0.05093348,-0.05447529,-0.01437044,0.2944173,-0.01273481,-0.955484,-0.562256,-0.03496014,0.8262239,0.06648997,0.05587363,-0.1837374,-0.01004336,-0.02670915,0.009825643,0.9995446,-0.05359133,0.0195527,0.9983715
Fixation,1.3165,0.03195392,0.05156291,-0.0567075,-0.1404797,0.2511586,-0.01560941,-0.9575705,-0.4766184,-0.2768793,0.8343697,0.0992765,0.05092967,-0.05445883,-0.01434338,0.294388,-0.01265737,-0.9554946,-0.5622092,-0.03486241,0.8262599,0.0665203,0.05587506,-0.1837189,-0.0100488,-0.0266765,0.009744432,0.9995462,-0.05352462,0.01956859,0.9983748
Fixation,1.3281,0.03139152,0.05083668,-0.05716531,-0.140318,0.2511421,-0.0156126,-0.9575984,-0.476605,-0.2765786,0.8344771,0.09930012,0.05091894,-0.0544491,-0.01437288,0.2943583,-0.01266807,-0.9555031,-0.5621564,-0.03492457,0.8262932,0.06654315,0.05586362,-0.1837068,-0.01002346,-0.02664581,0.009763304,0.999547,-0.0534632,0.01951754,0.9983791
Fixation,1.3390,0.03138527,0.05082273,-0.05724857,-0.1404054,0.2511282,-0.01567084,-0.9575883,-0.4765542,-0.2767719,0.834442,0.09929387,0.05091548,-0.05453289,-0.01460074,0.2943757,-0.0127274,-0.9554935,-0.5621764,-0.0353951,0.8262596,0.06653605,0.05585623,-0.1837897,-0.009951095,-0.02664334,0.009841261,0.9995471,-0.0534584,0.01936877,0.9983822
Fixation,1.3497,0.0314086,0.05079269,-0.05724161,-0.1405291,0.251056,-0.01576139,-0.9575876,-0.4763864,-0.2770519,0.8344448,0.0993175,0.05090237,-0.0545338,-0.01472966,0.2943195,-0.01282089,-0.9555076,-0.5620713,-0.03569547,0.8263181,0.06655733,0.05583644,-0.1837859,-0.009852423,-0.02658748,0.009967174,0.9995483,-0.05334733,0.01916594,0.998392
Fixation,1.3610,0.03143377,0.05077493,-0.05722708,-0.140405,0.2506617,-0.01585073,-0.9577076,-0.4756702,-0.2768803,0.8349103,0.09934275,0.0508976,-0.054522,-0.01473326,0.2942986,-0.01291939,-0.9555127,-0.5620313,-0.03575996,0.8263426,0.06658127,0.055825,-0.183773,-0.009875565,-0.02656808,0.01006345,0.9995476,-0.05331089,0.01920746,0.9983932
Fixation,1.3727,0.03142128,0.05077076,-0.05724967,-0.1404095,0.2506776,-0.01585157,-0.9577028,-0.4756978,-0.2768884,0.8348919,0.09933017,0.05089343,-0.05454236,-0.01472945,0.2942931,-0.01291759,-0.9555144,-0.5620221,-0.03575151,0.8263492,0.066569,0.05582082,-0.1837944,-0.00987075,-0.02658454,0.01006292,0.9995472,-0.05334366,0.01919753,0.9983917
Fixation,1.3833,0.03143791,0.05078781,-0.05723797,-0.1404196,0.2506295,-0.01579303,-0.9577149,-0.475628,-0.2768803,0.8349344,0.09934713,0.05090392,-0.05453844,-0.01473729,0.2942393,-0.01286541,-0.9555315,-0.5619307,-0.03573491,0.8264121,0.06658535,0.05583489,-0.1837865,-0.009849533,-0.02652697,0.01001595,0.9995494,-0.05322735,0.0191588,0.9983986
Fixation,1.3944,0.03146487,0.05080426,-0.05721541,-0.1401637,0.2503752,-0.01576387,-0.9578194,-0.4752093,-0.2763967,0.8353329,0.09937426,0.05091727,-0.05452036,-0.01470826,0.294208,-0.01284881,-0.9555419,-0.5618781,-0.03566915,0.8264507,0.06661213,0.05584931,-0.1837665,-0.009873242,-0.02649361,0.009992827,0.9995503,-0.05316072,0.01920811,0.9984012
Fixation,1.4054,0.03148883,0.05082393,-0.05719642,-0.1401645,0.2503816,-0.01572438,-0.9578182,-0.475232,-0.2763785,0.835326,0.09939823,0.05093169,-0.05450124,-0.01487191,0.2941447,-0.01281271,-0.9555593,-0.5617642,-0.03595956,0.8265155,0.06663648,0.05586648,-0.1837473,-0.00986331,-0.02649422,0.009954059,0.9995508,-0.05316099,0.01919031,0.9984015
Fixation,1.4167,0.03147536,0.05081737,-0.0572367,-0.140141,0.2503878,-0.01568993,-0.9578207,-0.4752556,-0.276317,0.8353329,0.09938477,0.05091977,-0.05454141,-0.01484667,0.2941459,-0.01277885,-0.9555598,-0.5617686,-0.03589145,0.8265155,0.06662343,0.05585694,-0.1837877,-0.009878519,-0.02649456,0.009914644,0.999551,-0.05316122,0.0192228,0.9984009
Fixation,1.4280,0.031494,0.05082023,-0.05721971,-0.1399639,0.2501352,-0.01566757,-0.9579129,-0.4748297,-0.2759844,0.835685,0.09940332,0.05091953,-0.05452231,-0.014825,0.2941608,-0.01276117,-0.9555557,-0.5617958,-0.03583989,0.8264992,0.06664251,0.0558579,-0.1837697,-0.009894542,-0.02650968,0.009891463,0.9995506,-0.05319127,0.01925575,0.9983987
Fixation,1.4393,0.03151579,0.05082428,-0.05720907,-0.1400205,0.2501986,-0.01561521,-0.9578889,-0.474952,-0.276062,0.8355899,0.09942481,0.05091715,-0.05450372,-0.01476247,0.2941381,-0.0126948,-0.9555646,-0.5617611,-0.03568104,0.8265297,0.06666551,0.0558598,-0.1837543,-0.009824642,-0.02656841,0.009844524,0.9995503,-0.05330635,0.01911734,0.9983952
Fixation,1.4500,0.0315033,0.05079746,-0.05720829,-0.1399743,0.2502154,-0.01557321,-0.9578919,-0.4749989,-0.2759538,0.8355989,0.09941236,0.05088484,-0.05450367,-0.01475819,0.2941336,-0.0126542,-0.9555666,-0.5617551,-0.03564892,0.8265352,0.06665336,0.05583024,-0.1837538,-0.009817888,-0.02656271,0.009804375,0.9995509,-0.05329408,0.0191061,0.998396
Fixation,1.4608,0.03152162,0.05079544,-0.05718929,-0.1399097,0.2502388,-0.01553865,-0.9578958,-0.4750575,-0.2758145,0.8356116,0.09943059,0.05087602,-0.05448229,-0.01469141,0.2941506,-0.01261991,-0.9555629,-0.5617879,-0.03550145,0.8265192,0.06667243,0.05582392,-0.1837341,-0.009872888,-0.02657928,0.009753032,0.9995504,-0.05332724,0.01921844,0.9983922
Fixation,1.4721,0.03154917,0.05081201,-0.05717019,-0.1398501,0.2502075,-0.01546251,-0.9579139,-0.4750296,-0.2756663,0.8356764,0.09945839,0.05088139,-0.05446921,-0.0145741,0.2939681,-0.01254891,-0.9556217,-0.5614789,-0.03523261,0.8267407,0.06670024,0.05583394,-0.1837185,-0.009915753,-0.02653376,0.009670847,0.999552,-0.05323552,0.01930941,0.9983953
Fixation,1.4837,0.03157223,0.05083513,-0.05715591,-0.1396004,0.2501452,-0.01542374,-0.9579673,-0.4749555,-0.2751817,0.8358782,0.09948157,0.05089772,-0.05445782,-0.01448636,0.2939476,-0.01252073,-0.9556297,-0.5614474,-0.03504807,0.8267699,0.06672355,0.05585241,-0.1837065,-0.009992848,-0.02651127,0.00962057,0.9995523,-0.05319108,0.01946664,0.9983946
Fixation,1.4976,0.0315096,0.05084097,-0.05722971,-0.1395439,0.2501663,-0.01536385,-0.957971,-0.4750162,-0.275045,0.8358887,0.09941889,0.05089366,-0.05453002,-0.01442666,0.2939595,-0.01246126,-0.9556277,-0.5614722,-0.03489925,0.8267594,0.06666183,0.05585253,-0.1837799,-0.01003431,-0.02652197,0.009546998,0.9995523,-0.05321178,0.01955322,0.9983918
Fixation,1.5095,0.0315664,0.05086303,-0.05718275,-0.1395083,0.2501045,-0.0153609,-0.9579923,-0.4749104,-0.2749794,0.8359704,0.09947602,0.05091548,-0.05449182,-0.01434532,0.2937536,-0.01246579,-0.9556922,-0.5611184,-0.03474316,0.8270061,0.06671781,0.05587387,-0.1837378,-0.01007104,-0.02645716,0.009545211,0.9995537,-0.05308295,0.01962802,0.9983972
Fixation,1.5164,0.03159407,0.05086684,-0.05716597,-0.1394792,0.2499755,-0.01527428,-0.9580317,-0.4747079,-0.2748873,0.8361157,0.09950419,0.05090964,-0.05448693,-0.01434941,0.2936712,-0.01239055,-0.9557185,-0.5609784,-0.03470548,0.8271026,0.06674504,0.05587292,-0.183727,-0.01004746,-0.02636917,0.00947562,0.9995569,-0.05290539,0.01958629,0.9984074
Fixation,1.5279,0.03161725,0.05087936,-0.0571465,-0.1395732,0.2498904,-0.01521415,-0.9580411,-0.4745635,-0.2750375,0.8361482,0.09952787,0.05091858,-0.05448017,-0.01444201,0.2935833,-0.01233771,-0.9557448,-0.560825,-0.03485003,0.8272006,0.06676722,0.05588531,-0.183713,-0.009944662,-0.02627624,0.009451501,0.9995606,-0.05271737,0.01938388,0.9984213
Fixation,1.5388,0.03159635,0.05079889,-0.05718384,-0.1395829,0.249879,-0.01516986,-0.9580433,-0.4745549,-0.2750341,0.8361542,0.09950706,0.05083287,-0.05451994,-0.01441612,0.2933926,-0.01229277,-0.9558043,-0.5604974,-0.03477119,0.827426,0.06674646,0.05580246,-0.1837514,-0.009925727,-0.02625825,0.009412699,0.9995616,-0.05268034,0.01934843,0.998424
Fixation,1.5503,0.03162345,0.05081928,-0.05716886,-0.1394912,0.2497325,-0.01514777,-0.9580953,-0.474309,-0.2748575,0.8363518,0.09953438,0.05085206,-0.05451035,-0.01443503,0.293355,-0.01227831,-0.9558158,-0.5604322,-0.03479827,0.827469,0.06677312,0.05582261,-0.183739,-0.00990388,-0.02621866,0.009404661,0.9995629,-0.05260069,0.01930595,0.998429
Fixation,1.5611,0.0316326,0.05081761,-0.05715699,-0.1394898,0.249638,-0.01515493,-0.95812,-0.4741384,-0.2748624,0.8364469,0.09954403,0.05085301,-0.05451147,-0.01443426,0.2932632,-0.01229773,-0.9558437,-0.5602725,-0.03480674,0.8275768,0.06678081,0.05582213,-0.183734,-0.009910435,-0.02612315,0.009425134,0.9995652,-0.05241039,0.01931982,0.9984387
Fixation,1.5720,0.03161596,0.05082572,-0.05716702,-0.1394595,0.2496866,-0.01516205,-0.9581116,-0.4742263,-0.274807,0.8364153,0.09952712,0.05086029,-0.05451471,-0.0143126,0.2932594,-0.01229712,-0.9558467,-0.56027,-0.03457379,0.8275881,0.06676491,0.05582929,-0.1837408,-0.009940011,-0.02617292,0.009417988,0.9995636,-0.05251023,0.01937836,0.9984323
Fixation,1.5835,0.0316177,0.05083752,-0.05716275,-0.1394556,0.249696,-0.01514968,-0.9581099,-0.474247,-0.2747932,0.8364081,0.09952883,0.05087006,-0.05450938,-0.01430814,0.2932669,-0.01228383,-0.9558446,-0.5602837,-0.0345576,0.8275796,0.0667669,0.05584013,-0.1837359,-0.009940694,-0.02618048,0.009403831,0.9995636,-0.05252506,0.01938032,0.9984315
Fixation,1.5943,0.03162303,0.05085015,-0.05715338,-0.1396537,0.2496559,-0.01512756,-0.9580919,-0.4741614,-0.2751555,0.8363376,0.09953399,0.05087888,-0.05449589,-0.0143123,0.2932964,-0.01225316,-0.9558359,-0.5603358,-0.03454803,0.8275447,0.06677291,0.05585098,-0.1837243,-0.009928271,-0.02621059,0.009374771,0.9995632,-0.05258444,0.01935643,0.9984289
Fixation,1.6057,0.03162589,0.0508678,-0.05714392,-0.1396284,0.2496766,-0.01519291,-0.9580891,-0.4741822,-0.2751396,0.836331,0.09953669,0.05090404,-0.05448236,-0.01421413,0.293323,-0.01231438,-0.9558284,-0.5603828,-0.03439673,0.8275192,0.06677563,0.05587184,-0.1837131,-0.009966912,-0.02624082,0.009428958,0.9995615,-0.05264658,0.01943024,0.9984242
Fixation,1.6170,0.0315816,0.05086374,-0.05719096,-0.1396489,0.2496736,-0.0151619,-0.9580874,-0.4741836,-0.2751627,0.8363226,0.09949244,0.05089641,-0.05453037,-0.01423343,0.2933168,-0.01228312,-0.9558305,-0.5603727,-0.03441518,0.8275253,0.06673148,0.05586636,-0.1837604,-0.009939986,-0.0262337,0.009404163,0.9995622,-0.05263139,0.01937786,0.998426
Fixation,1.6278,0.03157442,0.05087352,-0.05719333,-0.1395332,0.2497835,-0.01517121,-0.9580755,-0.4743891,-0.2749457,0.8362774,0.09948488,0.05090714,-0.05452268,-0.01425218,0.2933877,-0.01228537,-0.9558084,-0.5604947,-0.03445347,0.8274411,0.06672521,0.05587685,-0.1837574,-0.009922056,-0.02630793,0.009409851,0.9995604,-0.05277945,0.01934028,0.9984189
Fixation,1.6388,0.03156422,0.05089021,-0.0571966,-0.1394626,0.2497985,-0.01518384,-0.9580816,-0.4744196,-0.2748189,0.8363017,0.09947458,0.05092323,-0.05452382,-0.0141611,0.2934685,-0.0122991,-0.9557847,-0.5606371,-0.03428873,0.8273514,0.06671529,0.05589223,-0.1837603,-0.009993808,-0.02632291,0.009403843,0.9995593,-0.05281058,0.01948374,0.9984145
Fixation,1.6505,0.03155911,0.05090857,-0.05720282,-0.139423,0.2498434,-0.01516427,-0.958076,-0.4745095,-0.274733,0.836279,0.09946924,0.05093694,-0.0545243,-0.01412016,0.293509,-0.0122757,-0.9557732,-0.5607094,-0.03419739,0.8273062,0.06671108,0.05590761,-0.1837638,-0.01002671,-0.0263645,0.009369452,0.9995582,-0.05289359,0.01955052,0.9984087
Fixation,1.6610,0.03157163,0.05091453,-0.0572395,-0.1390625,0.2496889,-0.0151953,-0.9581681,-0.4742616,-0.2740787,0.8366342,0.09948156,0.05094516,-0.05455563,-0.01404359,0.2935454,-0.01231396,-0.9557627,-0.5607737,-0.03407409,0.8272677,0.06672399,0.05591345,-0.1837986,-0.0101105,-0.02640321,0.009384975,0.9995562,-0.05297276,0.01971644,0.9984013
Fixation,1.6718,0.03157168,0.05094087,-0.05724911,-0.1390022,0.2497504,-0.01523959,-0.9581602,-0.4743651,-0.273985,0.8366063,0.09948124,0.05097449,-0.05455602,-0.01387958,0.2936351,-0.01235005,-0.9557371,-0.5609331,-0.03378329,0.8271716,0.06672473,0.05594027,-0.1838041,-0.01017733,-0.02647073,0.00940501,0.9995536,-0.05310925,0.01984766,0.9983914
Fixation,1.6832,0.0315653,0.05097842,-0.05725183,-0.138914,0.2497459,-0.01524911,-0.958174,-0.4743634,-0.2738244,0.8366598,0.09947488,0.05101085,-0.05455943,-0.01379099,0.2936294,-0.01236413,-0.9557399,-0.5609257,-0.03362214,0.8271832,0.06671841,0.05597579,-0.183808,-0.0102665,-0.02646472,0.009394908,0.9995529,-0.05309868,0.02002655,0.9983884
Fixation,1.6943,0.03154462,0.05099368,-0.05726731,-0.1386259,0.2497799,-0.01524841,-0.9582069,-0.4744539,-0.2732821,0.8367858,0.09945396,0.05102396,-0.05456856,-0.01372615,0.2936735,-0.01236606,-0.9557273,-0.5610041,-0.03350008,0.8271349,0.06669851,0.05598903,-0.1838208,-0.01032919,-0.02651072,0.009378422,0.9995512,-0.05319138,0.02015186,0.998381
Fixation,1.7057,0.03152974,0.05101991,-0.05728383,-0.1385745,0.2497583,-0.01520161,-0.9582207,-0.4744341,-0.2731634,0.8368357,0.09943925,0.05104291,-0.05458912,-0.01358522,0.2936883,-0.01232289,-0.9557253,-0.5610359,-0.03320565,0.8271253,0.06668381,0.05601072,-0.1838399,-0.01037015,-0.02648003,0.0093249,0.9995521,-0.05312974,0.02023716,0.9983825
Fixation,1.7167,0.03152727,0.05104125,-0.0572983,-0.1385989,0.2497843,-0.01525095,-0.9582096,-0.474464,-0.2732325,0.8367963,0.09943658,0.05107105,-0.05459895,-0.01361191,0.2937205,-0.01236727,-0.9557145,-0.561089,-0.03328323,0.827086,0.06668127,0.05603588,-0.1838518,-0.01035614,-0.02651482,0.009374131,0.9995509,-0.05319997,0.02020586,0.9983794
Fixation,1.7277,0.03151277,0.05103707,-0.05732548,-0.1383287,0.2495973,-0.01525094,-0.9582974,-0.4741576,-0.2727333,0.8371327,0.09942202,0.05106854,-0.05462445,-0.01363366,0.2937324,-0.01237374,-0.9557104,-0.5611088,-0.03332881,0.8270708,0.06666682,0.05603278,-0.1838779,-0.01033683,-0.02652753,0.009385945,0.9995506,-0.05322526,0.0201664,0.9983789
Fixation,1.7389,0.03149809,0.05101967,-0.05735295,-0.1382792,0.2495859,-0.01531634,-0.9583064,-0.4741236,-0.2726732,0.8371716,0.09940735,0.05105841,-0.05465238,-0.01345284,0.2937413,-0.01243888,-0.9557094,-0.561128,-0.03302164,0.8270701,0.06665158,0.05601811,-0.1839063,-0.01040059,-0.02652402,0.009439447,0.9995495,-0.0532205,0.02029106,0.9983766
Fixation,1.7500,0.03149243,0.05103493,-0.05736355,-0.1383081,0.2495838,-0.01532097,-0.9583027,-0.4741156,-0.2727298,0.8371577,0.0994017,0.0510751,-0.05466311,-0.01348219,0.2937406,-0.01244239,-0.955709,-0.5611256,-0.03307977,0.8270694,0.06664578,0.05603456,-0.1839167,-0.01037327,-0.0265235,0.009450726,0.9995497,-0.0532192,0.02023586,0.9983778
Fixation,1.7610,0.03148515,0.05105078,-0.05737191,-0.1380407,0.2494804,-0.0153571,-0.9583676,-0.4739481,-0.2722501,0.8374085,0.09939427,0.05109644,-0.05466785,-0.0134849,0.2937655,-0.01248322,-0.9557009,-0.5611672,-0.03310934,0.82704,0.06663845,0.05605316,-0.1839232,-0.01038145,-0.02655048,0.009490259,0.9995486,-0.05327403,0.02024958,0.9983746
Fixation,1.7725,0.03146745,0.05106533,-0.05738672,-0.137964,0.2493751,-0.01538607,-0.9584056,-0.4737595,-0.2721248,0.837556,0.09937713,0.05111456,-0.05469695,-0.01338971,0.2937548,-0.0125293,-0.9557049,-0.5611503,-0.03295431,0.8270577,0.06661915,0.05606818,-0.1839463,-0.01046742,-0.02644471,0.009516242,0.9995502,-0.05306485,0.02042212,0.9983822
Fixation,1.7841,0.03144652,0.05103886,-0.05740198,-0.1376589,0.2490997,-0.01554415,-0.9585186,-0.4732537,-0.2716412,0.8379988,0.09935567,0.05110729,-0.05469915,-0.01334623,0.2938438,-0.01268807,-0.9556761,-0.5613004,-0.03296597,0.8269554,0.06659809,0.05605018,-0.1839557,-0.01055133,-0.02654152,0.009655603,0.9995454,-0.05326266,0.02058052,0.9983684
Fixation,1.7942,0.03143523,0.05105281,-0.05740953,-0.1376199,0.2490795,-0.0156193,-0.9585281,-0.4732004,-0.2716061,0.8380403,0.09934443,0.05113041,-0.05470816,-0.01331036,0.293832,-0.01276694,-0.9556792,-0.5612784,-0.03294355,0.8269712,0.06658603,0.05606794,-0.1839646,-0.01060713,-0.02653096,0.009722172,0.9995444,-0.053244,0.02068871,0.9983672
Fixation,1.8059,0.03142477,0.0510788,-0.0574105,-0.1375947,0.249119,-0.01567238,-0.9585207,-0.4732586,-0.2715833,0.8380148,0.0993337,0.05116189,-0.0547027,-0.01328711,0.2938763,-0.01281562,-0.9556652,-0.5613542,-0.03292848,0.8269203,0.06657579,0.0560962,-0.1839626,-0.0106423,-0.0265784,0.009761875,0.9995424,-0.05334025,0.02075595,0.9983606
Fixation,1.8171,0.03142836,0.0510596,-0.05743098,-0.1373287,0.2488614,-0.01565981,-0.9586259,-0.4728289,-0.2710879,0.8384176,0.09933716,0.05113876,-0.05471965,-0.01322918,0.2939002,-0.01281143,-0.9556588,-0.5613976,-0.03281573,0.8268954,0.06658005,0.05607367,-0.1839821,-0.01072998,-0.02660337,0.009731579,0.9995411,-0.05339115,0.02093233,0.9983543
Fixation,1.8277,0.0314226,0.05107534,-0.05743459,-0.1372994,0.2488904,-0.01561213,-0.9586233,-0.4728973,-0.2710083,0.8384048,0.09933127,0.05114686,-0.05472022,-0.01319747,0.2939221,-0.01276183,-0.9556531,-0.5614383,-0.03272638,0.8268713,0.06657514,0.05608511,-0.1839843,-0.01074708,-0.02662498,0.009674837,0.9995409,-0.05343346,0.0209691,0.9983512
Fixation,1.8386,0.03142814,0.0510509,-0.05744284,-0.1373811,0.2489514,-0.01557273,-0.9585965,-0.4730091,-0.2711397,0.8382993,0.0993365,0.05111849,-0.05472051,-0.01318351,0.2939905,-0.01270866,-0.955633,-0.561559,-0.03266964,0.8267915,0.06658171,0.05606019,-0.1839875,-0.01065565,-0.02668403,0.00964635,0.9995406,-0.05354911,0.0207867,0.9983488
Fixation,1.8499,0.03142853,0.0509963,-0.05745238,-0.1374875,0.2490023,-0.01554897,-0.9585684,-0.4730959,-0.2713259,0.8381901,0.09933662,0.05106282,-0.05472313,-0.01328967,0.2940406,-0.01267352,-0.9556166,-0.5616433,-0.03285272,0.826727,0.06658279,0.05600691,-0.1839923,-0.01054363,-0.02673592,0.009639985,0.9995404,-0.05365055,0.0205621,0.9983481
Fixation,1.8611,0.03142065,0.0508939,-0.05747833,-0.1375057,0.2487038,-0.01560593,-0.9586423,-0.4725441,-0.2714001,0.8384773,0.09932843,0.05097198,-0.05474164,-0.01343208,0.2940932,-0.01272367,-0.9555977,-0.5617277,-0.03315522,0.8266575,0.06657473,0.05591249,-0.1840132,-0.01041957,-0.02679266,0.009725437,0.9995394,-0.0537633,0.0203084,0.9983472
Fixation,1.8722,0.03142814,0.05088925,-0.0574659,-0.13748,0.2487801,-0.01546078,-0.9586285,-0.4727243,-0.2712771,0.8384154,0.09933563,0.05094612,-0.05472146,-0.01339934,0.2941499,-0.01257126,-0.9555827,-0.5618323,-0.03300402,0.8265926,0.06658453,0.055897,-0.1839966,-0.01040985,-0.02684819,0.009568683,0.9995395,-0.05387088,0.0202963,0.9983416
Fixation,1.8834,0.03144589,0.05093527,-0.0574396,-0.1374241,0.2487641,-0.01538104,-0.9586421,-0.4727239,-0.2711335,0.8384621,0.09935355,0.05098021,-0.05469908,-0.01324614,0.2943649,-0.01249631,-0.9555196,-0.5622118,-0.03267084,0.8263477,0.06660279,0.05593622,-0.1839727,-0.01044777,-0.02681813,0.009481628,0.9995407,-0.05380974,0.02037738,0.9983433
Fixation,1.8942,0.0314569,0.05095708,-0.05741116,-0.1359921,0.2494993,-0.0152028,-0.958658,-0.4742341,-0.2683259,0.8385125,0.0993646,0.05098069,-0.05467153,-0.01318686,0.2943605,-0.01234937,-0.9555237,-0.5622113,-0.03247106,0.8263559,0.06661528,0.05594671,-0.1839449,-0.01046542,-0.02680982,0.009324282,0.9995423,-0.05379026,0.0204213,0.9983434
Fixation,1.9061,0.03147957,0.05099678,-0.05738158,-0.1359798,0.2494058,-0.01503294,-0.9586868,-0.4741157,-0.2682226,0.8386125,0.09938793,0.0509994,-0.05465821,-0.01303865,0.2942905,-0.01219047,-0.9555494,-0.5621003,-0.03209322,0.8264462,0.06663792,0.05597615,-0.1839234,-0.01044316,-0.02668874,0.009171315,0.9995472,-0.05354486,0.02038732,0.9983573
Fixation,1.9168,0.03150929,0.05102408,-0.05736744,-0.1360303,0.2493729,-0.01495927,-0.9586893,-0.4740724,-0.2682824,0.8386179,0.0994179,0.05101907,-0.0546499,-0.01308643,0.2942509,-0.01211929,-0.9555618,-0.5620326,-0.03214201,0.8264903,0.06666762,0.05600035,-0.1839117,-0.01037827,-0.02664583,0.009116437,0.9995495,-0.05345688,0.02026135,0.9983646
Fixation,1.9275,0.03153519,0.0510354,-0.05736146,-0.1360501,0.2497031,-0.014961,-0.9586005,-0.4746602,-0.2683071,0.8382775,0.09944377,0.05103564,-0.05464362,-0.01325485,0.2942545,-0.01211444,-0.9555584,-0.5620335,-0.03246103,0.8264772,0.06669309,0.05601704,-0.1839039,-0.01021471,-0.02665004,0.009156981,0.9995507,-0.0534632,0.01993218,0.9983709
Fixation,1.9387,0.03153069,0.05097592,-0.05738188,-0.1361736,0.24977,-0.01498783,-0.9585652,-0.4747598,-0.2685495,0.8381434,0.09943886,0.050982,-0.05465388,-0.01338029,0.2943267,-0.01212672,-0.9555343,-0.5621539,-0.03270909,0.8263856,0.06668909,0.05596244,-0.1839179,-0.01009672,-0.0267263,0.009201051,0.9995495,-0.05361432,0.01969253,0.9983675
Fixation,1.9500,0.03154209,0.05098367,-0.05738385,-0.1362868,0.249786,-0.01496679,-0.9585452,-0.4747829,-0.268751,0.8380657,0.09945018,0.05098999,-0.05465372,-0.01321999,0.2945435,-0.01209268,-0.9554701,-0.5625353,-0.03238626,0.8261387,0.06670064,0.0559721,-0.1839176,-0.009980056,-0.02674324,0.009203985,0.9995502,-0.05364613,0.01945885,0.9983704
Fixation,1.9616,0.03154748,0.051,-0.05737647,-0.1363258,0.2501345,-0.01494899,-0.9584491,-0.4754065,-0.2688011,0.8376961,0.0994554,0.05100489,-0.05464218,-0.01327963,0.2945737,-0.01206637,-0.9554604,-0.5625865,-0.03248519,0.8261,0.0667065,0.05598879,-0.1839074,-0.009915357,-0.02677435,0.009194084,0.9995501,-0.05370694,0.01932946,0.9983696
Fixation,1.9722,0.03156329,0.05102158,-0.05736783,-0.1363027,0.2501878,-0.01492147,-0.9584389,-0.4755117,-0.2687419,0.8376553,0.09947094,0.05102122,-0.05462672,-0.01306874,0.2947015,-0.01202896,-0.9554243,-0.5628154,-0.03206229,0.8259605,0.06672336,0.0560075,-0.1838954,-0.009929929,-0.02682402,0.009154689,0.999549,-0.05380566,0.01935977,0.9983637
Fixation,1.9834,0.03153203,0.0509795,-0.05736034,-0.1362068,0.2501491,-0.01495055,-0.9584621,-0.4754441,-0.2685778,0.8377463,0.09943989,0.05098093,-0.05462433,-0.01297344,0.2946643,-0.01206722,-0.9554366,-0.562753,-0.03190216,0.8260093,0.06669153,0.05596471,-0.1838915,-0.01003224,-0.02678565,0.009166628,0.9995489,-0.05373106,0.01956436,0.9983638
Fixation,1.9948,0.03152188,0.05098271,-0.05734926,-0.136661,0.2501697,-0.01496179,-0.958392,-0.4754318,-0.2694355,0.8374778,0.09942977,0.05098033,-0.05461407,-0.01285517,0.2946575,-0.01206963,-0.9554403,-0.5627449,-0.03167751,0.8260235,0.06668162,0.05596411,-0.183882,-0.01014684,-0.02677817,0.009137246,0.9995482,-0.05371758,0.01979516,0.9983599
Fixation,2.0055,0.03152337,0.0509789,-0.05733892,-0.1366242,0.250254,-0.01492114,-0.9583758,-0.4755976,-0.2693428,0.8374135,0.09943081,0.05096853,-0.05459288,-0.01281607,0.2947343,-0.01202022,-0.9554178,-0.5628807,-0.03157494,0.8259349,0.06668475,0.05595577,-0.1838663,-0.01017074,-0.02685726,0.009077602,0.9995463,-0.0538748,0.01984466,0.9983505
Fixation,2.0163,0.03153071,0.05091822,-0.05735267,-0.1366607,0.250267,-0.01498018,-0.9583663,-0.4756005,-0.26944,0.8373806,0.09943803,0.05091643,-0.05460361,-0.01262275,0.294857,-0.01206988,-0.9553818,-0.5630972,-0.03123686,0.8258001,0.06669173,0.05589998,-0.1838782,-0.01014759,-0.02688036,0.009140848,0.9995454,-0.0539218,0.01979454,0.998349
Fixation,2.0276,0.03152767,0.05087757,-0.05735616,-0.1367987,0.2504995,-0.01508272,-0.9582843,-0.4759728,-0.2697405,0.8370723,0.09943446,0.05089009,-0.05459383,-0.01271758,0.2949497,-0.01215458,-0.9553509,-0.5632517,-0.03146949,0.8256859,0.0666889,0.05586767,-0.1838742,-0.01007847,-0.02697967,0.009246086,0.9995424,-0.05412102,0.01964879,0.998341
Fixation,2.0389,0.03153145,0.0508424,-0.05735967,-0.136862,0.2505886,-0.01512707,-0.9582512,-0.4761131,-0.2698777,0.8369483,0.09943768,0.05086088,-0.05458391,-0.01246672,0.2950942,-0.01217589,-0.9553093,-0.5635089,-0.03100521,0.825528,0.06669349,0.05583656,-0.1838702,-0.01002274,-0.02707947,0.009290229,0.9995399,-0.05432024,0.01953311,0.9983325
Fixation,2.0498,0.03153924,0.0507952,-0.05736335,-0.1369603,0.2506375,-0.01518062,-0.9582235,-0.4761753,-0.2700867,0.8368454,0.09944515,0.05082273,-0.0545795,-0.01256803,0.2951514,-0.01221803,-0.9552897,-0.563603,-0.03122456,0.8254554,0.06670137,0.05579543,-0.1838689,-0.009936159,-0.02714055,0.009356964,0.9995385,-0.05444198,0.01935524,0.9983293
Fixation,2.0611,0.03154388,0.05076313,-0.05736319,-0.1374149,0.2507165,-0.0151553,-0.9581382,-0.476277,-0.2709242,0.8365167,0.09944995,0.05078924,-0.05458333,-0.01266128,0.2951245,-0.01218189,-0.9552972,-0.5635548,-0.03138091,0.8254824,0.0667057,0.0557642,-0.1838698,-0.00983679,-0.02711201,0.009347808,0.9995403,-0.054383,0.01915766,0.9983364
Fixation,2.0726,0.03156481,0.05074799,-0.05735441,-0.1374652,0.2507258,-0.01517356,-0.9581282,-0.4762832,-0.2710274,0.8364798,0.09947079,0.05077779,-0.05457277,-0.01258994,0.2950235,-0.01219232,-0.9553293,-0.5633821,-0.03124912,0.8256053,0.0667265,0.05575168,-0.1838596,-0.00979101,-0.02712582,0.009375432,0.9995401,-0.05441027,0.01906438,0.9983367
Fixation,2.0832,0.03158522,0.05075264,-0.05734333,-0.1375081,0.2507472,-0.01522837,-0.9581156,-0.4763016,-0.2711343,0.8364347,0.09949103,0.05079043,-0.05455753,-0.01263555,0.2950523,-0.01224184,-0.9553192,-0.5634288,-0.03136593,0.825569,0.0667467,0.05576086,-0.1838461,-0.009760222,-0.02715723,0.009434833,0.999539,-0.0544736,0.018999,0.9983345
Fixation,2.0941,0.03161851,0.05075657,-0.05732832,-0.1377236,0.2508038,-0.01517949,-0.9580706,-0.4763943,-0.271512,0.8362594,0.09952439,0.05078661,-0.0545442,-0.0126134,0.2950411,-0.01218841,-0.9553236,-0.563412,-0.03129191,0.8255833,0.06678041,0.05576074,-0.183832,-0.009767258,-0.02714427,0.009377636,0.9995398,-0.05444675,0.01901643,0.9983356
Fixation,2.1054,0.03164528,0.05077899,-0.05732718,-0.1376778,0.2507693,-0.01511258,-0.9580873,-0.4763564,-0.2713942,0.8363192,0.09955142,0.05079949,-0.05454928,-0.01256437,0.2949979,-0.01212875,-0.9553384,-0.5633408,-0.03116235,0.8256368,0.06680729,0.05577767,-0.1838344,-0.009798695,-0.02709749,0.009307834,0.9995415,-0.05435254,0.01908397,0.9983394
Fixation,2.1167,0.03168006,0.05080116,-0.05732121,-0.1376442,0.2507782,-0.01506157,-0.9580905,-0.4763901,-0.2713054,0.8363288,0.0995862,0.05081391,-0.05454314,-0.01245618,0.2949876,-0.01207659,-0.9553436,-0.5633281,-0.03092475,0.8256543,0.06684268,0.05579555,-0.1838285,-0.009820034,-0.02709798,0.009249796,0.9995418,-0.0543528,0.01912977,0.9983385
Fixation,2.1279,0.03171675,0.05082119,-0.05731436,-0.137744,0.2509015,-0.01509327,-0.9580435,-0.476591,-0.2715033,0.8361501,0.09962298,0.05083573,-0.05453832,-0.01238906,0.2949723,-0.01210802,-0.9553488,-0.5633029,-0.03081482,0.8256757,0.06687907,0.05581546,-0.1838235,-0.009893216,-0.0270825,0.009262285,0.9995413,-0.05432343,0.01927567,0.9983373
Fixation,2.1389,0.03173729,0.05082214,-0.05731095,-0.1376425,0.2508529,-0.01514949,-0.9580699,-0.4764987,-0.2713428,0.8362548,0.09964376,0.05084205,-0.05454088,-0.01228925,0.2949285,-0.01217475,-0.9553627,-0.5632282,-0.03066275,0.8257323,0.0668987,0.05581725,-0.1838243,-0.01000756,-0.02703789,0.009300523,0.999541,-0.05423711,0.01950301,0.9983376
Fixation,2.1505,0.03176676,0.05084598,-0.05731041,-0.137576,0.2508971,-0.01509431,-0.9580687,-0.4766001,-0.2711888,0.836247,0.09967303,0.05085588,-0.05453545,-0.01208699,0.2950108,-0.01211418,-0.9553407,-0.5633788,-0.03024201,0.8256451,0.06692939,0.05583525,-0.1838217,-0.01005891,-0.0270727,0.00922592,0.9995403,-0.05430612,0.01960903,0.9983318
Fixation,2.1611,0.03180978,0.05087066,-0.05729219,-0.1374782,0.2508771,-0.01503205,-0.958089,-0.476592,-0.2709751,0.8363209,0.09971622,0.05086982,-0.05452147,-0.01198573,0.2949809,-0.01205965,-0.9553519,-0.5633321,-0.03001592,0.8256852,0.06697281,0.05585301,-0.1838065,-0.01014194,-0.02703987,0.009146731,0.999541,-0.05424046,0.01977992,0.998332
Fixation,2.1722,0.03182602,0.05082762,-0.05729449,-0.1376039,0.2512246,-0.01491511,-0.9579817,-0.4772325,-0.2711381,0.8359027,0.0997328,0.05080998,-0.05453189,-0.01193411,0.2949251,-0.01194383,-0.9553712,-0.5632408,-0.02984809,0.8257535,0.06698953,0.05580103,-0.1838132,-0.01016083,-0.02697872,0.009022384,0.9995437,-0.05411617,0.01982556,0.9983378
Fixation,2.1837,0.03186939,0.0508076,-0.05728999,-0.1376097,0.2511345,-0.01476348,-0.9580069,-0.4771141,-0.2710773,0.83599,0.09977678,0.05077171,-0.05454281,-0.01187374,0.2949407,-0.01180441,-0.9553689,-0.563274,-0.02965082,0.8257381,0.06703271,0.05577207,-0.1838163,-0.01012448,-0.0268642,0.008890786,0.9995483,-0.05388417,0.01976213,0.9983516
Fixation,2.1948,0.03191464,0.0508002,-0.05728345,-0.137841,0.2510912,-0.01470427,-0.9579859,-0.4770299,-0.2714837,0.8359061,0.0998224,0.05076027,-0.05454563,-0.01197391,0.2948765,-0.01174557,-0.9553882,-0.5631618,-0.02980645,0.8258089,0.06707732,0.05576444,-0.1838135,-0.01001256,-0.02679612,0.008862346,0.9995515,-0.05374568,0.01954118,0.9983634
Fixation,2.2058,0.03194575,0.05078042,-0.0572836,-0.1379318,0.2510513,-0.01465686,-0.957984,-0.476963,-0.2716322,0.8358961,0.09985377,0.0507375,-0.05455199,-0.01206359,0.2948343,-0.01169963,-0.9554006,-0.5630875,-0.02995003,0.8258544,0.06710801,0.05574465,-0.1838158,-0.009914072,-0.02675124,0.008843084,0.9995539,-0.05365395,0.01934617,0.9983721
Fixation,2.2169,0.03192866,0.05070627,-0.05730321,-0.1380454,0.2510488,-0.01473515,-0.957967,-0.4769247,-0.2718844,0.8358359,0.09983663,0.05067706,-0.0545701,-0.01207766,0.2948546,-0.01176957,-0.9553933,-0.5631199,-0.03001845,0.8258298,0.06709003,0.05567908,-0.1838337,-0.009819965,-0.02676405,0.008944599,0.9995536,-0.05367988,0.01915237,0.9983745
Fixation,2.2279,0.03195033,0.05068958,-0.05731526,-0.1381378,0.2513784,-0.01476635,-0.9578668,-0.4774946,-0.2720592,0.8354536,0.09985832,0.05066419,-0.05458274,-0.01208361,0.2948501,-0.01179659,-0.9553943,-0.5631112,-0.03004567,0.8258348,0.06711137,0.05566442,-0.1838461,-0.009821532,-0.02676001,0.008972296,0.9995534,-0.05367237,0.01915409,0.9983749
Fixation,2.2385,0.03198267,0.05069637,-0.05732585,-0.1380682,0.2514302,-0.01484266,-0.9578621,-0.4775724,-0.2719644,0.83544,0.09989032,0.0506779,-0.05458486,-0.01201649,0.2949082,-0.01186859,-0.9553763,-0.5632114,-0.02996082,0.8257695,0.06714404,0.05567336,-0.1838532,-0.009905209,-0.02682211,0.00902243,0.9995505,-0.05379884,0.01931751,0.9983649
Fixation,2.2506,0.03198383,0.05070984,-0.05733562,-0.1380071,0.2513495,-0.01490887,-0.957891,-0.4774158,-0.2718861,0.835555,0.09989189,0.05069983,-0.05460476,-0.01170915,0.2949462,-0.01194172,-0.9553675,-0.5632844,-0.02941741,0.8257393,0.06714365,0.05568993,-0.183869,-0.009983353,-0.0267474,0.009084065,0.9995511,-0.05365216,0.01947179,0.9983698
Fixation,2.2609,0.03201271,0.05073798,-0.05734467,-0.13819,0.2514773,-0.0148578,-0.9578319,-0.4776395,-0.2721983,0.8353254,0.09992084,0.05071855,-0.05461549,-0.0116433,0.2949347,-0.01188718,-0.9553726,-0.5632682,-0.02925926,0.8257559,0.06717307,0.05571246,-0.1838794,-0.01003215,-0.0267339,0.009014024,0.9995516,-0.05362468,0.01957334,0.9983693
Fixation,2.2723,0.03204852,0.050771,-0.05735638,-0.1381803,0.2513889,-0.0147769,-0.9578578,-0.4775058,-0.2721437,0.8354197,0.0999572,0.05074227,-0.05464107,-0.01163041,0.294838,-0.01181912,-0.9554034,-0.5631035,-0.02919291,0.8258706,0.06720822,0.05574071,-0.1838982,-0.01002681,-0.02663114,0.008946843,0.999555,-0.05341799,0.01956816,0.9983805
Fixation,2.2834,0.03207599,0.05079651,-0.05737277,-0.1381408,0.2513431,-0.01469527,-0.9578767,-0.4774514,-0.2720307,0.8354875,0.09998497,0.05075681,-0.05466551,-0.01130884,0.294891,-0.0117395,-0.9553919,-0.5632074,-0.02853249,0.8258228,0.06723573,0.05576026,-0.183919,-0.01004911,-0.0265709,0.00886592,0.9995571,-0.05329646,0.01961817,0.998386
Fixation,2.2944,0.03209802,0.05080557,-0.0573703,-0.1382334,0.2511529,-0.01466396,-0.9579138,-0.4771115,-0.2721972,0.8356275,0.1000066,0.05075943,-0.05465355,-0.01127994,0.2949581,-0.0116991,-0.955372,-0.5633256,-0.02845458,0.8257449,0.06725916,0.05576575,-0.1839117,-0.01006566,-0.02664012,0.008817986,0.9995555,-0.05343408,0.01965255,0.998378
Fixation,2.3065,0.03212307,0.05083346,-0.05736321,-0.1381402,0.2510997,-0.01465045,-0.9579414,-0.47703,-0.2720179,0.8357324,0.100032,0.05078375,-0.05465438,-0.01118546,0.2949016,-0.01169705,-0.9553906,-0.5632307,-0.02827192,0.8258159,0.06728373,0.05579031,-0.1839097,-0.01015642,-0.02658066,0.008791585,0.9995564,-0.05331632,0.01983646,0.9983807
Fixation,2.3168,0.03214361,0.05087316,-0.05738015,-0.138056,0.2511579,-0.01466552,-0.957938,-0.477138,-0.2718649,0.8357205,0.1000522,0.05082202,-0.05466319,-0.01073827,0.2950367,-0.01169917,-0.955354,-0.5634777,-0.02742107,0.8256761,0.0673052,0.05582798,-0.1839232,-0.01024044,-0.02663958,0.008778506,0.9995542,-0.0534352,0.02000404,0.9983709
Fixation,2.3281,0.03215284,0.05090761,-0.05739292,-0.1379694,0.251166,-0.01468183,-0.9579481,-0.4771568,-0.2717102,0.8357601,0.1000614,0.05085588,-0.05467474,-0.01065163,0.2950442,-0.01171824,-0.9553524,-0.5634927,-0.02726692,0.825671,0.06731462,0.05586064,-0.1839362,-0.01032897,-0.02664757,0.008773367,0.999553,-0.05345256,0.02018113,0.9983664
Fixation,2.3389,0.03193793,0.05075002,-0.05751998,-0.138188,0.2512765,-0.01463721,-0.9578883,-0.4773443,-0.2720934,0.8355284,0.1000415,0.05081248,-0.05467584,-0.01056746,0.2950541,-0.011667,-0.9553509,-0.5635138,-0.02707605,0.8256629,0.06729568,0.05582094,-0.1839387,-0.01039617,-0.02665656,0.008701156,0.9995527,-0.05347019,0.02031915,0.9983627
Fixation,2.3505,0.03195102,0.05078292,-0.05753063,-0.1381069,0.2513027,-0.01466856,-0.9578927,-0.4773904,-0.2719556,0.8355469,0.1000544,0.0508467,-0.05468247,-0.0102419,0.2952285,-0.01169295,-0.9553003,-0.5638243,-0.02647237,0.8254704,0.06730908,0.05585313,-0.1839481,-0.01048208,-0.02668542,0.008709078,0.999551,-0.05352946,0.02048993,0.998356
Fixation,2.3672,0.03196672,0.05079937,-0.05754424,-0.1381817,0.2516035,-0.01466832,-0.9578029,-0.4779193,-0.2720828,0.835203,0.1000706,0.05086184,-0.05470737,-0.01017688,0.2951488,-0.01169953,-0.9553255,-0.5636882,-0.02635068,0.8255673,0.06732385,0.05586791,-0.1839682,-0.0105469,-0.02660193,0.008699304,0.9995527,-0.05336355,0.02062153,0.9983622
Fixation,2.3777,0.03196341,0.05073774,-0.05757618,-0.1381981,0.2516422,-0.01467776,-0.9577903,-0.4779841,-0.2721167,0.835155,0.1000671,0.05080116,-0.05473367,-0.009947187,0.2953871,-0.01169799,-0.9552543,-0.5641068,-0.02591506,0.8252951,0.06732098,0.05580688,-0.1839971,-0.0105314,-0.02664346,0.008706459,0.9995517,-0.05344641,0.02058942,0.9983584
Fixation,2.3892,0.03197286,0.05075765,-0.05757748,-0.1382141,0.2517705,-0.01464582,-0.9577547,-0.4782202,-0.2721252,0.835017,0.1000767,0.05081582,-0.05473957,-0.009906759,0.2953548,-0.01166914,-0.955265,-0.5640531,-0.02582023,0.8253347,0.06733041,0.05582368,-0.1840011,-0.01056272,-0.02660903,0.008668339,0.9995525,-0.05337738,0.02065468,0.9983608
Fixation,2.4003,0.03198175,0.05076122,-0.0575688,-0.1382043,0.2517894,-0.01461847,-0.9577516,-0.4782627,-0.2720923,0.8350034,0.1000855,0.05081522,-0.05472883,-0.009895608,0.2953697,-0.01164,-0.9552609,-0.5640798,-0.02578198,0.8253177,0.06733981,0.05582511,-0.1839913,-0.01056552,-0.02662388,0.008637015,0.9995524,-0.05340643,0.02066167,0.9983591
Fixation,2.4111,0.03197365,0.05074811,-0.05755152,-0.138246,0.2517962,-0.01463931,-0.9577434,-0.4782645,-0.2721806,0.8349735,0.1000774,0.05080593,-0.05471007,-0.00962396,0.2954646,-0.01165012,-0.9552342,-0.5642516,-0.02527067,0.8252161,0.06733155,0.0558145,-0.1839729,-0.01052887,-0.02663532,0.008665578,0.9995522,-0.05342927,0.02058668,0.9983594
Fixation,2.4224,0.03195567,0.05072641,-0.05753177,-0.1383094,0.2517539,-0.01458603,-0.9577462,-0.478198,-0.2722747,0.834981,0.1000597,0.05077982,-0.05469704,-0.009685716,0.2954186,-0.01160008,-0.9552484,-0.5641715,-0.02535828,0.8252681,0.06731323,0.05579162,-0.1839559,-0.01045615,-0.0265863,0.008634889,0.9995546,-0.05332948,0.02044384,0.9983677
Fixation,2.4333,0.03195602,0.05071366,-0.05752856,-0.1384473,0.251931,-0.01464507,-0.9576789,-0.4784829,-0.2725551,0.8347262,0.1000599,0.05077493,-0.0546922,-0.009713146,0.2954296,-0.01165267,-0.9552441,-0.5641884,-0.02544194,0.825254,0.06731313,0.05578315,-0.1839518,-0.01044387,-0.02659897,0.008692739,0.9995539,-0.05335577,0.02041599,0.9983668
Fixation,2.4445,0.0319567,0.05070662,-0.05752419,-0.1384664,0.2519003,-0.01461426,-0.9576846,-0.4784349,-0.272577,0.8347466,0.1000608,0.05076504,-0.05469266,-0.009593359,0.2954851,-0.01162243,-0.9552285,-0.5642886,-0.02519621,0.825193,0.06731357,0.05577493,-0.1839496,-0.01041926,-0.02656351,0.008671952,0.9995552,-0.05328409,0.02036853,0.9983717
Fixation,2.4555,0.03192998,0.050668,-0.05751782,-0.1385206,0.2519018,-0.01467241,-0.9576755,-0.4784155,-0.2727077,0.834715,0.100034,0.05073559,-0.05468477,-0.009650533,0.2954955,-0.0116773,-0.955224,-0.5643035,-0.02533802,0.8251786,0.06728628,0.05574179,-0.1839421,-0.01037896,-0.02657565,0.008740036,0.9995548,-0.05330906,0.02028414,0.998372
Fixation,2.4670,0.0319234,0.05065715,-0.05751415,-0.1385588,0.251998,-0.01468005,-0.9576445,-0.478581,-0.2727789,0.8345969,0.1000274,0.05072582,-0.05467889,-0.009669192,0.2955111,-0.01168092,-0.955219,-0.5643297,-0.02537607,0.8251594,0.06727983,0.05573177,-0.1839371,-0.01036189,-0.02659214,0.008748293,0.9995544,-0.05334188,0.02024928,0.998371
Fixation,2.4780,0.03192087,0.0506531,-0.0575105,-0.1385936,0.2520433,-0.01466505,-0.9576278,-0.4786623,-0.2728347,0.834532,0.1000246,0.05071998,-0.05466912,-0.009518974,0.2957135,-0.01165472,-0.9551582,-0.5646845,-0.02507717,0.8249258,0.067278,0.05572748,-0.1839299,-0.01032253,-0.02663726,0.008735155,0.9995537,-0.05343108,0.02017049,0.9983678
Fixation,2.4891,0.03191937,0.05064869,-0.05750903,-0.1385947,0.2520424,-0.01467698,-0.9576277,-0.4786572,-0.2728427,0.8345323,0.1000231,0.05071723,-0.05466753,-0.009520601,0.2957142,-0.01166661,-0.9551578,-0.5646852,-0.02508732,0.824925,0.06727638,0.05572379,-0.1839283,-0.01032417,-0.02663817,0.008747026,0.9995536,-0.05343316,0.02017312,0.9983677
Fixation,2.5004,0.0319008,0.05061519,-0.05750591,-0.1386561,0.2521335,-0.01473616,-0.9575939,-0.4787965,-0.2729834,0.8344064,0.1000044,0.05069232,-0.05466159,-0.009565433,0.2957336,-0.01172065,-0.9551507,-0.5647161,-0.02520524,0.8249003,0.06725743,0.0556953,-0.1839235,-0.0102955,-0.02665976,0.008810826,0.9995527,-0.05347709,0.020112,0.9983665
Fixation,2.5109,0.03190149,0.05060506,-0.05751191,-0.13868,0.2521971,-0.01475572,-0.9575734,-0.4789018,-0.2730353,0.8343289,0.1000047,0.05068433,-0.05465826,-0.00959022,0.2957991,-0.01173037,-0.95513,-0.5648282,-0.02525948,0.8248218,0.06725883,0.05568659,-0.1839244,-0.01027392,-0.02672857,0.00882577,0.999551,-0.0536145,0.02006681,0.99836
Fixation,2.5223,0.03190016,0.05060029,-0.05751748,-0.138738,0.2522496,-0.01480032,-0.9575505,-0.4789767,-0.273164,0.8342438,0.100003,0.05068624,-0.05465547,-0.009323543,0.2958177,-0.0117558,-0.9551266,-0.5648676,-0.02476548,0.8248098,0.06725777,0.05568612,-0.1839252,-0.01022492,-0.02679082,0.008874224,0.9995494,-0.05373898,0.01996513,0.9983554
Fixation,2.5388,0.03188482,0.05058956,-0.05752984,-0.1387109,0.2523885,-0.01483339,-0.9575173,-0.4792176,-0.2731237,0.8341187,0.09998702,0.0506779,-0.05465326,-0.008959123,0.2960583,-0.01176669,-0.9550554,-0.5652933,-0.02408017,0.8245384,0.06724987,0.05567062,-0.1839242,-0.01019586,-0.02689413,0.008858161,0.9995471,-0.05394452,0.01990601,0.9983455
Fixation,2.5533,0.03188482,0.05058956,-0.05752984,-0.1387109,0.2523885,-0.01483339,-0.9575173,-0.4792176,-0.2731237,0.8341187,0.09998702,0.0506779,-0.05465326,-0.008959123,0.2960583,-0.01176669,-0.9550554,-0.5652933,-0.02408017,0.8245384,0.06724361,0.05567646,-0.18393,-0.0102273,-0.02689789,0.008892149,0.9995463,-0.05395326,0.01996695,0.9983438
Fixation,2.5603,0.03189047,0.0505929,-0.05753314,-0.1386337,0.2525325,-0.01483177,-0.9574906,-0.4794826,-0.2729719,0.8340161,0.09999245,0.05067956,-0.05465164,-0.008926278,0.2960926,-0.01176199,-0.9550451,-0.5653536,-0.02401527,0.824499,0.06724986,0.05567849,-0.183931,-0.01025747,-0.02693367,0.008878179,0.9995452,-0.05402497,0.02002737,0.9983387
Fixation,2.5680,0.03190182,0.0505985,-0.05753871,-0.1386299,0.2525379,-0.01484954,-0.9574894,-0.4794875,-0.2729735,0.8340127,0.1000038,0.05068731,-0.05465612,-0.008923187,0.2961,-0.01177903,-0.9550427,-0.565366,-0.02401959,0.8244904,0.06726116,0.05568516,-0.1839361,-0.01026501,-0.02694171,0.008893626,0.9995447,-0.05404148,0.02004146,0.9983376
Fixation,2.5779,0.03188604,0.0505625,-0.05753886,-0.1386158,0.2525643,-0.01488182,-0.9574839,-0.4795268,-0.2729621,0.8339939,0.0999878,0.05065465,-0.05465201,-0.008677928,0.2962151,-0.01180247,-0.955009,-0.5655714,-0.02356714,0.8243626,0.06724554,0.05565059,-0.1839343,-0.01028512,-0.02697312,0.008917615,0.9995435,-0.05410504,0.02007977,0.9983333
Fixation,2.5890,0.03189917,0.05056262,-0.05754469,-0.1386029,0.2525334,-0.01489636,-0.9574937,-0.4794689,-0.2729464,0.8340323,0.1000011,0.0506568,-0.05466191,-0.008665543,0.2961862,-0.01182164,-0.9550177,-0.5655214,-0.02355431,0.8243973,0.06725813,0.05565143,-0.1839424,-0.01030237,-0.02694321,0.008933185,0.999544,-0.05404591,0.02011396,0.9983358
Fixation,2.6005,0.03192425,0.05057836,-0.05754462,-0.1385748,0.2526697,-0.01487867,-0.9574621,-0.4797196,-0.272879,0.8339101,0.100026,0.05066848,-0.0546573,-0.008631485,0.296218,-0.01179988,-0.9550085,-0.5655777,-0.02347696,0.8243607,0.06728396,0.05566466,-0.1839402,-0.01032912,-0.02697601,0.008902514,0.9995431,-0.05411128,0.02016848,0.9983312
Fixation,2.6111,0.03195984,0.05060816,-0.05754127,-0.1386334,0.25265,-0.01483733,-0.9574595,-0.4796904,-0.2729689,0.8338975,0.1000617,0.05069494,-0.05465733,-0.008459282,0.296284,-0.01175341,-0.9549901,-0.5656977,-0.02312176,0.8242885,0.06731945,0.05569386,-0.183938,-0.01026293,-0.0269516,0.008878967,0.9995447,-0.05406091,0.02003791,0.9983366
Fixation,2.6224,0.03195003,0.05055022,-0.05752345,-0.1386071,0.2526069,-0.01479071,-0.9574754,-0.4796295,-0.2728982,0.8339556,0.1000522,0.05063093,-0.0546465,-0.008430908,0.2962352,-0.0117143,-0.955006,-0.5656152,-0.02304351,0.8243473,0.06730945,0.05563235,-0.1839239,-0.01027992,-0.02689967,0.008834421,0.9995463,-0.05395657,0.02007522,0.9983414
Fixation,2.6337,0.03197204,0.05054569,-0.05752163,-0.1386715,0.2528848,-0.01470909,-0.957394,-0.4801414,-0.2729658,0.833639,0.1000743,0.05061591,-0.05464568,-0.00845423,0.2962293,-0.01162862,-0.9550087,-0.5656064,-0.0230372,0.8243535,0.06733213,0.05562317,-0.1839221,-0.01023432,-0.02689185,0.008758354,0.9995476,-0.05393865,0.01998833,0.9983442
Fixation,2.6445,0.0320037,0.05053413,-0.0575232,-0.1387331,0.2528799,-0.01470997,-0.9573863,-0.480126,-0.2730821,0.8336098,0.100106,0.05060637,-0.05464773,-0.008083311,0.2963959,-0.01161698,-0.9549603,-0.5659049,-0.02232493,0.8241683,0.06736357,0.05561364,-0.1839234,-0.01017404,-0.02688901,0.008774012,0.9995481,-0.05393225,0.01986703,0.9983469
Fixation,2.6558,0.03200964,0.05051112,-0.05752951,-0.138854,0.252769,-0.01471937,-0.9573979,-0.4799133,-0.2733183,0.8336548,0.1001125,0.05059028,-0.05466896,-0.008205961,0.2962919,-0.01163577,-0.9549913,-0.5657215,-0.02256842,0.8242875,0.06736754,0.05559587,-0.1839363,-0.01006155,-0.02678093,0.008826927,0.9995518,-0.05371547,0.0196413,0.9983631
Fixation,2.6675,0.03202969,0.05050135,-0.05752598,-0.1387348,0.2529455,-0.01474855,-0.9573682,-0.4802316,-0.2731018,0.8335425,0.1001323,0.05058014,-0.05465957,-0.008098263,0.2963319,-0.01166337,-0.9549795,-0.5657929,-0.02237981,0.8242436,0.0673882,0.05558419,-0.1839308,-0.0101725,-0.02682302,0.008823706,0.9995495,-0.05380139,0.01986248,0.9983541
Fixation,2.6781,0.03205081,0.05051458,-0.05753262,-0.1387158,0.2529399,-0.01478248,-0.9573719,-0.4802139,-0.2730833,0.8335587,0.1001534,0.05059755,-0.0546664,-0.008080536,0.2963301,-0.0116986,-0.9549798,-0.5657895,-0.02236679,0.8242463,0.06740902,0.05559909,-0.1839379,-0.01019911,-0.02682172,0.008852841,0.999549,-0.05379984,0.01991412,0.9983531
Fixation,2.6888,0.03207823,0.05052316,-0.0575514,-0.1387138,0.2528894,-0.01482185,-0.9573849,-0.480113,-0.2731015,0.8336109,0.1001811,0.05061209,-0.05469146,-0.00786735,0.296382,-0.01173954,-0.954965,-0.5658841,-0.02198486,0.8241917,0.06743539,0.05561066,-0.1839601,-0.01021196,-0.02677595,0.008897665,0.9995497,-0.05370951,0.01993824,0.9983575
Fixation,2.7002,0.03204661,0.0505029,-0.05755381,-0.1386092,0.253168,-0.0148002,-0.9573268,-0.480626,-0.2728825,0.833387,0.1001496,0.05058646,-0.05469642,-0.007777745,0.2963636,-0.01172204,-0.9549716,-0.5658553,-0.02180303,0.8242162,0.06740399,0.05558622,-0.1839646,-0.01029357,-0.0267562,0.008856834,0.9995497,-0.05367065,0.02010393,0.9983563
Fixation,2.7117,0.03206857,0.05052221,-0.05755795,-0.1386544,0.2531963,-0.0148177,-0.9573124,-0.4806669,-0.2729747,0.8333331,0.1001714,0.05060887,-0.05469611,-0.007824026,0.296395,-0.01173344,-0.9549614,-0.5659079,-0.02189875,0.8241776,0.06742612,0.05560791,-0.183966,-0.01025196,-0.02678939,0.008879856,0.9995492,-0.05373669,0.0200189,0.9983544
Fixation,2.7228,0.03208721,0.05054474,-0.05757325,-0.1385988,0.253182,-0.01479879,-0.9573246,-0.4806525,-0.2728616,0.8333785,0.1001901,0.05062747,-0.05471396,-0.007519578,0.2964456,-0.01171312,-0.9549484,-0.5660043,-0.02130622,0.824127,0.06744482,0.05562758,-0.1839831,-0.01030295,-0.02677001,0.008851035,0.9995494,-0.05369827,0.02012272,0.9983544
Fixation,2.7337,0.0320624,0.05052626,-0.05759748,-0.1385763,0.253473,-0.01483625,-0.9572502,-0.4811622,-0.2728255,0.8330961,0.1001652,0.05061066,-0.05473405,-0.00744105,0.2964737,-0.01174665,-0.9549398,-0.5660542,-0.02117665,0.824096,0.06742032,0.05560863,-0.1840061,-0.01038748,-0.02679986,0.008861603,0.9995476,-0.05375956,0.02029058,0.9983478
Fixation,2.7451,0.03207207,0.05054784,-0.05761793,-0.138544,0.2534512,-0.01483432,-0.9572607,-0.4811273,-0.272765,0.8331361,0.100175,0.05063152,-0.05475768,-0.007408477,0.296451,-0.01174917,-0.9549471,-0.566016,-0.02111552,0.8241238,0.06742976,0.05562925,-0.1840285,-0.01041963,-0.02677615,0.008855552,0.999548,-0.05371264,0.0203556,0.998349
Fixation,2.7557,0.032092,0.05057013,-0.05762639,-0.138497,0.2535143,-0.01482866,-0.9572508,-0.4812462,-0.2726714,0.8330981,0.1001945,0.0506506,-0.05475757,-0.00715812,0.296629,-0.01173259,-0.9548939,-0.5663306,-0.02063094,0.82392,0.06745075,0.05564928,-0.1840329,-0.01046206,-0.0268384,0.008830089,0.9995461,-0.0538372,0.02044065,0.9983405
Fixation,2.7674,0.03211727,0.05059087,-0.05763507,-0.1382887,0.2539614,-0.01480698,-0.9571628,-0.4820696,-0.2722503,0.8327597,0.1002195,0.05066526,-0.05475886,-0.007081425,0.2966806,-0.0117069,-0.9548788,-0.5664222,-0.02047022,0.8238609,0.06747721,0.05566585,-0.1840384,-0.01052869,-0.0268917,0.008783809,0.9995443,-0.05394386,0.02057536,0.998332
Fixation,2.7779,0.03208619,0.05055869,-0.0576368,-0.1381916,0.2539829,-0.01474685,-0.9571721,-0.482135,-0.2720372,0.8327915,0.1001884,0.05062187,-0.05475906,-0.006980955,0.2966911,-0.01164883,-0.954877,-0.5664443,-0.02024411,0.8238513,0.06744713,0.05562663,-0.1840401,-0.01060962,-0.02690145,0.008700533,0.999544,-0.05396298,0.02074144,0.9983275
Fixation,2.7890,0.0321064,0.05052233,-0.05765693,-0.1382818,0.2540107,-0.0147803,-0.9571512,-0.4821656,-0.2722218,0.8327134,0.1002084,0.05059195,-0.05477438,-0.006931231,0.2968125,-0.01167095,-0.9548393,-0.5666547,-0.02016459,0.8237086,0.06746727,0.05559492,-0.184057,-0.0105275,-0.02693787,0.008749341,0.9995434,-0.05403536,0.020574,0.998327
Fixation,2.8004,0.03213444,0.05046093,-0.05767457,-0.1383491,0.2541289,-0.0147426,-0.9571106,-0.4823797,-0.2723239,0.832556,0.100236,0.05053043,-0.0547828,-0.007125713,0.2968793,-0.01161856,-0.9548178,-0.5667656,-0.02050614,0.8236238,0.06749611,0.05553663,-0.1840678,-0.0103258,-0.02700722,0.008750675,0.9995436,-0.05417051,0.02016951,0.998328
Fixation,2.8108,0.03212508,0.05041063,-0.05765702,-0.1384097,0.2542279,-0.01464787,-0.957077,-0.4825765,-0.2723853,0.8324219,0.1002261,0.05046761,-0.05475307,-0.007182613,0.2969662,-0.01150855,-0.9547917,-0.5669163,-0.0205511,0.823519,0.06748877,0.0554812,-0.184043,-0.01024083,-0.02709632,0.008658951,0.9995429,-0.05434521,0.02000304,0.9983218
Fixation,2.8223,0.03212848,0.05040276,-0.05764888,-0.138459,0.2542022,-0.0144782,-0.9570793,-0.482574,-0.2723932,0.8324208,0.1002299,0.05043924,-0.05475166,-0.007046232,0.2969523,-0.01133728,-0.9547991,-0.5668998,-0.02018873,0.8235394,0.06749304,0.05546415,-0.1840375,-0.01015485,-0.02704621,0.00851075,0.9995464,-0.05424074,0.01984012,0.9983308
Fixation,2.8335,0.03215791,0.05042756,-0.05763414,-0.1386752,0.2542344,-0.01440377,-0.9570405,-0.4826303,-0.2727594,0.8322682,0.1002596,0.05045581,-0.05474561,-0.007086416,0.2968923,-0.0112637,-0.9548182,-0.5667968,-0.02022069,0.8236095,0.06752223,0.05548549,-0.1840266,-0.01009651,-0.02698224,0.00845171,0.9995492,-0.05411083,0.01972781,0.99834
Fixation,2.8442,0.03218679,0.05045962,-0.05762236,-0.1386939,0.254223,-0.01428221,-0.9570426,-0.4826429,-0.2727337,0.8322693,0.1002887,0.05047262,-0.05473771,-0.007100272,0.2968664,-0.01114407,-0.9548276,-0.5667543,-0.02017567,0.8236398,0.06755187,0.05551052,-0.1840164,-0.01005086,-0.02695307,0.008340706,0.9995514,-0.05404963,0.0196431,0.998345
Fixation,2.8555,0.03219199,0.05045021,-0.05757307,-0.1386686,0.2541775,-0.01418995,-0.9570599,-0.4825907,-0.2726419,0.8323297,0.1002942,0.05045116,-0.05469666,-0.00686411,0.296928,-0.01105547,-0.9548112,-0.5668686,-0.01967322,0.8235733,0.06755719,0.05549467,-0.1839714,-0.01005653,-0.0268917,0.00825282,0.9995537,-0.05392538,0.01966022,0.9983514
Fixation,2.8669,0.03221467,0.05045652,-0.05756401,-0.1387067,0.2542508,-0.01426799,-0.9570337,-0.482695,-0.2727492,0.832234,0.1003169,0.05046833,-0.05468605,-0.006889485,0.2969384,-0.01113075,-0.9548069,-0.5668842,-0.01976655,0.8235603,0.06757921,0.05550683,-0.1839615,-0.01005247,-0.02690392,0.008332005,0.9995528,-0.05395129,0.01964762,0.9983503
Fixation,2.8775,0.03222736,0.05046904,-0.05757163,-0.1387333,0.254208,-0.01434912,-0.95704,-0.482593,-0.272842,0.8322627,0.1003297,0.05049312,-0.05469798,-0.006919849,0.2969076,-0.0112157,-0.9548153,-0.5668286,-0.01987441,0.823596,0.06759058,0.05552566,-0.1839714,-0.01004641,-0.02687322,0.008422441,0.9995529,-0.05389164,0.01963117,0.9983538
Fixation,2.8889,0.03223683,0.05048192,-0.05757926,-0.1387112,0.2542092,-0.01436095,-0.9570427,-0.4825941,-0.2728065,0.8322737,0.1003392,0.05050683,-0.05470528,-0.006678433,0.2969445,-0.01122262,-0.9548055,-0.5668986,-0.0194182,0.8235587,0.06760003,0.05553854,-0.1839791,-0.01007078,-0.02687549,0.00842858,0.9995525,-0.0538967,0.01967951,0.9983526
Fixation,2.9010,0.03220104,0.05045938,-0.05753979,-0.1387631,0.2542794,-0.01446091,-0.957015,-0.4826852,-0.2729509,0.8321735,0.1003036,0.05049825,-0.0546705,-0.006688435,0.2969108,-0.01132571,-0.9548147,-0.566838,-0.01949788,0.8235985,0.06756277,0.05552292,-0.1839423,-0.01008925,-0.02684196,0.008530979,0.9995524,-0.05383202,0.0197115,0.9983554
Fixation,2.9112,0.03220791,0.0504775,-0.05753607,-0.1387135,0.2542312,-0.01442052,-0.9570356,-0.482616,-0.2728398,0.8322501,0.1003108,0.05051041,-0.05467444,-0.006636839,0.2968569,-0.01129459,-0.9548321,-0.5667471,-0.01937989,0.8236639,0.06756937,0.05553734,-0.1839429,-0.01013071,-0.02678494,0.008487785,0.9995539,-0.05371794,0.01979768,0.9983599
Fixation,2.9224,0.03221664,0.05049765,-0.05754244,-0.1386857,0.2541585,-0.01441687,-0.957059,-0.4824905,-0.2727892,0.8323395,0.10032,0.05053067,-0.05469111,-0.006374018,0.2968355,-0.01129632,-0.9548405,-0.5667172,-0.01887864,0.8236961,0.06757715,0.05555713,-0.1839549,-0.01016,-0.02670905,0.008488552,0.9995556,-0.05356685,0.01985752,0.9983668
Fixation,2.9339,0.03222024,0.05051565,-0.0575413,-0.1389952,0.2542105,-0.01430221,-0.957002,-0.4825841,-0.273309,0.8321147,0.1003236,0.05053353,-0.05469001,-0.006412345,0.2968369,-0.01117172,-0.9548413,-0.566721,-0.0188779,0.8236935,0.06758183,0.05556834,-0.1839531,-0.01008931,-0.02670836,0.008379016,0.9995573,-0.05356214,0.0197221,0.9983698
Fixation,2.9448,0.03218557,0.05048668,-0.05752126,-0.1389073,0.2542067,-0.01434828,-0.9570151,-0.4825731,-0.2731677,0.8321674,0.1002889,0.05050814,-0.05466988,-0.006325637,0.2968363,-0.01122181,-0.9548415,-0.5667212,-0.01874204,0.8236964,0.06754693,0.05553973,-0.183934,-0.01018635,-0.02670844,0.008403703,0.9995561,-0.05356436,0.01991475,0.9983658
Fixation,2.9556,0.03217214,0.05047417,-0.05753288,-0.1389164,0.2542566,-0.0143986,-0.9569998,-0.4826466,-0.2732078,0.8321117,0.1002751,0.0505017,-0.05467353,-0.006184288,0.2968536,-0.01125998,-0.9548366,-0.5667542,-0.0184951,0.8236793,0.06753381,0.05553043,-0.1839415,-0.01018698,-0.02676734,0.008446866,0.9995541,-0.0536829,0.01991268,0.9983594
Fixation,2.9670,0.03215643,0.05045021,-0.05754963,-0.1389948,0.2543088,-0.01451724,-0.9569727,-0.4826974,-0.2734121,0.832015,0.100259,0.05049467,-0.05468045,-0.00626819,0.2969224,-0.01136667,-0.9548135,-0.5668684,-0.01871994,0.8235956,0.06751776,0.05551589,-0.1839526,-0.01013486,-0.02684118,0.008571366,0.9995516,-0.05383204,0.01980051,0.9983537
Fixation,2.9781,0.03208302,0.05039895,-0.05751509,-0.1391112,0.2544532,-0.01469078,-0.9569148,-0.4828927,-0.2737114,0.8318033,0.1001845,0.0504657,-0.05462132,-0.006356824,0.2970941,-0.01151318,-0.9547577,-0.5671593,-0.01897945,0.8233894,0.06744497,0.0554769,-0.1839049,-0.01008855,-0.02702362,0.008734062,0.9995458,-0.05419892,0.01969589,0.9983359
Fixation,2.9893,0.03206743,0.05037367,-0.05753183,-0.1391407,0.254493,-0.01477463,-0.9568986,-0.4829365,-0.2738071,0.8317464,0.1001686,0.05045164,-0.05463076,-0.006130745,0.2971666,-0.01158248,-0.9547358,-0.5672892,-0.01859034,0.8233088,0.06742922,0.05545771,-0.1839177,-0.01007705,-0.02707801,0.008815661,0.9995437,-0.05430898,0.01966749,0.9983305
Fixation,3.0003,0.0320503,0.05036533,-0.05753693,-0.1390832,0.2544876,-0.01475829,-0.9569086,-0.4829375,-0.2736914,0.8317838,0.100151,0.05044007,-0.05462412,-0.006139263,0.2972493,-0.01155643,-0.9547102,-0.567432,-0.01859272,0.8232104,0.06741342,0.05544782,-0.1839165,-0.01006145,-0.02716414,0.008791788,0.9995417,-0.0544803,0.01963603,0.9983218
Fixation,3.0110,0.03202265,0.0503509,-0.05754304,-0.1391292,0.2545212,-0.01472955,-0.9568935,-0.4830008,-0.2737616,0.831724,0.1001231,0.05042255,-0.05462595,-0.006184372,0.29728,-0.01152126,-0.9547008,-0.5674844,-0.01865853,0.8231727,0.06738638,0.05543268,-0.1839199,-0.01000836,-0.02719575,0.008769768,0.9995416,-0.05454211,0.01953055,0.9983205
Fixation,3.0224,0.03201063,0.05034173,-0.05753835,-0.1391359,0.2545709,-0.01474139,-0.9568791,-0.483085,-0.2737779,0.8316697,0.1001108,0.0504142,-0.05461407,-0.00603376,0.2973402,-0.01152159,-0.9546831,-0.5675921,-0.01837232,0.8231049,0.06737497,0.05542409,-0.1839114,-0.01000249,-0.02724862,0.008775418,0.9995402,-0.05464773,0.01951754,0.9983149
Fixation,3.0338,0.03200538,0.05034983,-0.05753651,-0.138956,0.2546212,-0.01469047,-0.9568926,-0.4832077,-0.2734129,0.8317186,0.1001054,0.05041802,-0.05460908,-0.006099469,0.2973632,-0.01147057,-0.9546761,-0.5676311,-0.01846789,0.8230759,0.06737031,0.05543125,-0.1839072,-0.009925312,-0.027272,0.008743841,0.9995405,-0.05469251,0.01936458,0.9983155
Fixation,3.0448,0.03201339,0.05036724,-0.05753505,-0.1390114,0.2546426,-0.01462619,-0.9568799,-0.4832583,-0.2734832,0.831666,0.1001134,0.05042815,-0.05460573,-0.006152622,0.2973776,-0.01140151,-0.9546721,-0.5676559,-0.01852858,0.8230574,0.06737901,0.05544591,-0.183904,-0.009855364,-0.02728605,0.008691603,0.9995413,-0.05471838,0.01922737,0.9983167
Fixation,3.0561,0.03199652,0.05036604,-0.05753125,-0.1390102,0.2546673,-0.01457438,-0.9568743,-0.4833172,-0.2734537,0.8316415,0.1000964,0.05041957,-0.05459949,-0.006070808,0.2974346,-0.01134502,-0.9546555,-0.5677575,-0.01833986,0.8229915,0.0673629,0.05544114,-0.1838988,-0.009843787,-0.02730346,0.008637858,0.9995414,-0.05475193,0.01920686,0.9983152
Fixation,3.0673,0.03200522,0.05037367,-0.05752726,-0.1389078,0.2546031,-0.01453999,-0.9569068,-0.4832233,-0.2732475,0.8317638,0.100105,0.05042183,-0.05459329,-0.006041303,0.2974502,-0.01131192,-0.9546512,-0.5677857,-0.01826414,0.8229737,0.06737223,0.05544555,-0.1838938,-0.00986314,-0.02731919,0.008597787,0.9995411,-0.0547829,0.01924746,0.9983128
Fixation,3.0781,0.03201573,0.05037606,-0.05753123,-0.1389232,0.2545382,-0.0145724,-0.9569213,-0.4830972,-0.2732955,0.8318213,0.1001159,0.05043018,-0.05460563,-0.006058362,0.2973913,-0.01135225,-0.9546689,-0.5676829,-0.01831958,0.8230434,0.0673815,0.05545127,-0.1839021,-0.009857904,-0.02725821,0.008642012,0.9995425,-0.05466186,0.01923566,0.9983196
Fixation,3.0889,0.0320399,0.05037403,-0.05751307,-0.138791,0.2546072,-0.01461025,-0.9569216,-0.4832227,-0.2730639,0.8318245,0.1001396,0.05042791,-0.05457752,-0.005686992,0.2975205,-0.0113801,-0.9546307,-0.567915,-0.01762958,0.8228984,0.06740668,0.05544686,-0.1838801,-0.009993815,-0.02733004,0.008637966,0.9995392,-0.05480754,0.01950627,0.9983064
Fixation,3.1003,0.03202054,0.05037427,-0.05749235,-0.1387691,0.2543884,-0.01455888,-0.9569837,-0.4828505,-0.2730067,0.8320593,0.1001207,0.05042207,-0.05456644,-0.005664019,0.2974531,-0.01133995,-0.9546523,-0.5678002,-0.01756055,0.8229791,0.06738688,0.05544388,-0.1838645,-0.0100053,-0.02725883,0.008593963,0.9995414,-0.05466463,0.01953291,0.9983137
Fixation,3.1111,0.03205031,0.05038249,-0.05747207,-0.1387376,0.2543407,-0.01449144,-0.957002,-0.4827881,-0.2729159,0.8321254,0.1001508,0.05042136,-0.05455422,-0.00562956,0.2973967,-0.01128125,-0.9546707,-0.5677049,-0.01745877,0.823047,0.06741656,0.05544722,-0.1838486,-0.01002277,-0.0271988,0.008528849,0.9995434,-0.05454373,0.01957244,0.9983196
Fixation,3.1222,0.03207382,0.05037868,-0.05745044,-0.1387329,0.254252,-0.01436589,-0.9570281,-0.4826666,-0.2728478,0.8322182,0.1001749,0.05040264,-0.05454743,-0.005444759,0.297369,-0.0111653,-0.9546818,-0.567664,-0.01703645,0.8230841,0.06743979,0.05543602,-0.1838344,-0.01000229,-0.02708908,0.008419963,0.9995475,-0.05432208,0.01953935,0.9983323
Fixation,3.1334,0.03210565,0.05035508,-0.05742507,-0.1388895,0.2542447,-0.01428904,-0.9570085,-0.4826595,-0.2731026,0.8321387,0.1002074,0.05037117,-0.05453782,-0.005477143,0.2972594,-0.01109801,-0.9547166,-0.5674754,-0.01705621,0.8232137,0.06747069,0.05540907,-0.1838168,-0.009953298,-0.0269733,0.008365395,0.9995517,-0.05408895,0.01944638,0.9983467
Fixation,3.1441,0.03211571,0.05030739,-0.05741554,-0.1390433,0.254281,-0.01416176,-0.9569784,-0.4827446,-0.273325,0.8320163,0.1002174,0.05031061,-0.05452523,-0.005626886,0.2972834,-0.01096,-0.9547098,-0.5675154,-0.01726054,0.8231819,0.06748192,0.05535758,-0.1838038,-0.009771634,-0.02699643,0.008272937,0.9995536,-0.05413043,0.01908786,0.9983514
Fixation,3.1553,0.03214312,0.0502919,-0.05741054,-0.1391267,0.2542689,-0.01416593,-0.9569694,-0.4827133,-0.273484,0.8319822,0.1002448,0.05029821,-0.05452157,-0.005538042,0.2973229,-0.01095767,-0.9546981,-0.5675858,-0.01709025,0.8231369,0.06750894,0.05534494,-0.1837987,-0.009690985,-0.02698745,0.008297888,0.9995544,-0.05411168,0.01892545,0.9983555
Fixation,3.1669,0.03215563,0.05027926,-0.05740646,-0.1393392,0.2541637,-0.01427278,-0.9569649,-0.482474,-0.2739407,0.8319708,0.1002572,0.05030131,-0.05451473,-0.00561194,0.2973421,-0.01105687,-0.9546905,-0.5676152,-0.01729068,0.8231124,0.06752052,0.05534124,-0.1837927,-0.009646718,-0.02700918,0.008413185,0.9995533,-0.05415654,0.01883035,0.9983549
Fixation,3.1778,0.0321265,0.05025709,-0.05739265,-0.139358,0.2541549,-0.01434178,-0.9569634,-0.4824365,-0.2740112,0.8319693,0.1002281,0.05028903,-0.05450075,-0.005633878,0.2973428,-0.01112552,-0.9546894,-0.5676147,-0.01737339,0.823111,0.06749067,0.05532408,-0.1837789,-0.009644234,-0.02701109,0.008485191,0.9995526,-0.05416168,0.01882145,0.9983548
Fixation,3.1888,0.03213582,0.05026448,-0.05738731,-0.1393523,0.2541755,-0.01438327,-0.9569582,-0.4824619,-0.2740205,0.8319515,0.1002373,0.05030131,-0.05449174,-0.005425621,0.2974823,-0.01115927,-0.9546467,-0.5678599,-0.01699847,0.8229496,0.06749998,0.05533373,-0.1837717,-0.009658475,-0.02703824,0.008520785,0.9995515,-0.05421682,0.01884751,0.9983513
Fixation,3.2000,0.03215654,0.05028296,-0.05738525,-0.13916,0.2547731,-0.01438269,-0.9568272,-0.4835447,-0.2736328,0.8314503,0.1002581,0.05031908,-0.05449308,-0.005393479,0.2974582,-0.01116296,-0.9546543,-0.5678191,-0.01693884,0.8229791,0.06752044,0.0553515,-0.1837718,-0.009690502,-0.02701296,0.008515903,0.9995519,-0.05416675,0.01891224,0.9983528
Fixation,3.2109,0.03216451,0.05029809,-0.05737576,-0.1391148,0.2547563,-0.01431626,-0.9568393,-0.4835385,-0.2735153,0.8314926,0.1002663,0.05032456,-0.05448738,-0.005345137,0.2974318,-0.0111016,-0.9546636,-0.5677758,-0.01680955,0.8230116,0.06752879,0.05536115,-0.1837645,-0.009720466,-0.02698428,0.008444054,0.999553,-0.05410859,0.01897653,0.9983547
Fixation,3.2224,0.03218612,0.0503304,-0.05737061,-0.139143,0.2546738,-0.01421575,-0.9568586,-0.4834176,-0.2735211,0.831561,0.1002884,0.0503459,-0.0544956,-0.005286939,0.2974733,-0.01101106,-0.954652,-0.5678506,-0.01664536,0.8229634,0.06754994,0.05538857,-0.1837658,-0.009673072,-0.02688571,0.008365931,0.9995567,-0.05390944,0.01888772,0.9983672
Fixation,3.2337,0.0322021,0.05034542,-0.05737031,-0.1390718,0.2547196,-0.01416964,-0.9568574,-0.4835195,-0.2733624,0.8315539,0.1003042,0.05035186,-0.05449002,-0.005213152,0.29751,-0.01096229,-0.9546415,-0.5679165,-0.01647617,0.8229212,0.06756711,0.05539799,-0.1837634,-0.009730689,-0.0269233,0.008298494,0.9995557,-0.05398417,0.01900589,0.9983609
Fixation,3.2443,0.03221743,0.05037045,-0.05737249,-0.1392558,0.2551809,-0.01420047,-0.9567074,-0.4843119,-0.2737015,0.8309811,0.1003195,0.05038047,-0.05449167,-0.005228536,0.2975138,-0.01098435,-0.95464,-0.5679222,-0.01651873,0.8229164,0.06758223,0.05542493,-0.1837652,-0.009721863,-0.02692759,0.008323858,0.9995555,-0.05399308,0.0189868,0.9983608
Fixation,3.2556,0.03221428,0.05036938,-0.05736009,-0.1392229,0.2552015,-0.01418571,-0.9567069,-0.4843562,-0.2736315,0.8309783,0.1003162,0.05037606,-0.05447678,-0.004999788,0.297649,-0.01096395,-0.9545993,-0.5681614,-0.01607241,0.8227602,0.06757957,0.05542171,-0.1837518,-0.009750039,-0.02694541,0.008299046,0.9995549,-0.05402867,0.01904416,0.9983578
Fixation,3.2669,0.03223177,0.05039716,-0.057365,-0.1392134,0.2552444,-0.01418141,-0.9566969,-0.4844346,-0.2736095,0.8309398,0.1003335,0.05040216,-0.05447582,-0.004989904,0.2976901,-0.01095415,-0.9545867,-0.5682327,-0.01604848,0.8227114,0.06759773,0.05544853,-0.1837537,-0.00975673,-0.02698833,0.008286428,0.9995538,-0.05411426,0.01905748,0.9983529
Fixation,3.2777,0.0322462,0.05041945,-0.05736922,-0.1390874,0.2556853,-0.01421062,-0.956597,-0.4852225,-0.2733681,0.8305595,0.1003479,0.0504266,-0.05447974,-0.004939958,0.2976915,-0.01098403,-0.9545861,-0.5682358,-0.01597093,0.8227108,0.06761205,0.05547106,-0.1837583,-0.009812909,-0.02699012,0.008301578,0.9995531,-0.05411905,0.01916893,0.9983505
Fixation,3.2888,0.03226988,0.05044055,-0.05737702,-0.1390437,0.2556957,-0.0142295,-0.9566003,-0.4852402,-0.2732954,0.8305731,0.1003715,0.05044866,-0.05448586,-0.004761426,0.2978684,-0.01100076,-0.9545317,-0.5685449,-0.01564342,0.8225035,0.06763583,0.05549192,-0.1837657,-0.009859755,-0.02700222,0.008308117,0.9995522,-0.05414408,0.019262,0.9983473
Fixation,3.3000,0.03224958,0.05039775,-0.05739539,-0.1390968,0.2556799,-0.01418851,-0.9565974,-0.4852183,-0.2733746,0.8305598,0.1003513,0.0504024,-0.05450707,-0.004813303,0.2978492,-0.01096004,-0.9545379,-0.5685112,-0.01571784,0.8225254,0.06761551,0.05544829,-0.183785,-0.009798834,-0.02698163,0.008283279,0.9995536,-0.0541015,0.01914193,0.9983519
Fixation,3.3107,0.03227402,0.05039823,-0.05740023,-0.1389133,0.2561162,-0.01421357,-0.956507,-0.486005,-0.2730237,0.8302152,0.1003755,0.0504005,-0.05450484,-0.004659795,0.2978972,-0.01098241,-0.9545234,-0.5685973,-0.01543903,0.8224711,0.06764086,0.05544508,-0.1837877,-0.00995245,-0.02703199,0.00826246,0.9995509,-0.05420416,0.01944926,0.9983404
Fixation,3.3222,0.03228318,0.05041969,-0.05740525,-0.1389638,0.2560839,-0.0141921,-0.9565086,-0.4859486,-0.2731088,0.8302202,0.1003848,0.05042124,-0.05451463,-0.004447082,0.2979461,-0.01095694,-0.9545095,-0.5686873,-0.01501872,0.8224167,0.0676496,0.05546701,-0.1837946,-0.00989918,-0.0269974,0.008258223,0.9995524,-0.05413414,0.0193436,0.9983463
Fixation,3.3336,0.03223454,0.0504179,-0.05739128,-0.1389173,0.2561223,-0.01415926,-0.9565056,-0.4860309,-0.2730033,0.8302067,0.100336,0.05041301,-0.05449609,-0.004398751,0.2979779,-0.01092116,-0.9545001,-0.5687438,-0.01490574,0.8223796,0.06760187,0.05546141,-0.1837786,-0.009935834,-0.02703016,0.008210266,0.9995515,-0.05419923,0.01941891,0.9983413
Fixation,3.3442,0.03224714,0.05026126,-0.05748433,-0.1387186,0.2566218,-0.01415155,-0.9564006,-0.4869403,-0.2726043,0.8298048,0.1003385,0.05041492,-0.05449535,-0.004229579,0.2979571,-0.01091977,-0.9545075,-0.5687121,-0.01458157,0.8224074,0.06760451,0.05546367,-0.1837782,-0.01009831,-0.02700813,0.008163128,0.9995509,-0.05415686,0.01974662,0.9983371
Fixation,3.3559,0.03225749,0.05026758,-0.05748896,-0.1388811,0.2566959,-0.0141108,-0.9563578,-0.4870668,-0.2728844,0.8296385,0.1003484,0.05041921,-0.05448985,-0.004274387,0.2980932,-0.01085923,-0.9544654,-0.5689465,-0.01463364,0.8222443,0.06761586,0.05547154,-0.1837758,-0.009926327,-0.0270834,0.00815076,0.9995507,-0.05430429,0.01940223,0.9983359
Fixation,3.3668,0.03226324,0.05025017,-0.05748823,-0.1389047,0.2569722,-0.01407411,-0.9562806,-0.4875652,-0.272897,0.8293416,0.100354,0.05039823,-0.05448546,-0.004340803,0.2981196,-0.01081505,-0.9544574,-0.5689911,-0.01473458,0.8222117,0.06762218,0.05545354,-0.1837724,-0.009850301,-0.02711052,0.00812602,0.9995509,-0.05435678,0.01925115,0.998336
Fixation,3.3779,0.03223746,0.05017805,-0.05750278,-0.1390261,0.256992,-0.01405625,-0.956258,-0.487593,-0.2731144,0.8292537,0.1003281,0.05032694,-0.05449717,-0.004462563,0.2981406,-0.01078929,-0.9544506,-0.5690246,-0.01495204,0.8221846,0.06759654,0.0553838,-0.1837842,-0.009726057,-0.02713221,0.008134143,0.9995515,-0.05439831,0.01900199,0.9983385
Fixation,3.3890,0.03224214,0.05017722,-0.05749544,-0.1390569,0.2569348,-0.01408852,-0.9562684,-0.487479,-0.2731911,0.8292954,0.1003331,0.05033231,-0.05449709,-0.004349275,0.2981948,-0.01082468,-0.9544338,-0.5691202,-0.01475792,0.8221219,0.06760006,0.05538642,-0.1837804,-0.009705474,-0.02707952,0.00818071,0.9995527,-0.05429361,0.01895921,0.998345
Fixation,3.4007,0.03224718,0.05016506,-0.05748148,-0.1386087,0.2571284,-0.01408481,-0.9562815,-0.4878696,-0.272341,0.8293453,0.1003376,0.05032027,-0.05447255,-0.004365436,0.298269,-0.01082096,-0.9544106,-0.5692478,-0.01478795,0.822033,0.06760607,0.05537462,-0.1837608,-0.009688643,-0.02715726,0.008180671,0.9995508,-0.05444864,0.01892425,0.9983372
Fixation,3.4110,0.03224115,0.05014706,-0.05747076,-0.1386809,0.2571216,-0.01415095,-0.9562719,-0.4878314,-0.2725103,0.8293122,0.1003316,0.05031323,-0.05446124,-0.004440986,0.2982732,-0.01088419,-0.9544082,-0.5692521,-0.01496995,0.8220267,0.06759922,0.05536318,-0.1837492,-0.00963315,-0.02716268,0.008262041,0.9995505,-0.05446011,0.0188088,0.9983388
Fixation,3.4221,0.03222486,0.05011547,-0.0574549,-0.1387213,0.2571661,-0.01410496,-0.9562547,-0.4879193,-0.2725605,0.829244,0.100315,0.05027604,-0.05443992,-0.004307829,0.2984243,-0.01082681,-0.9543622,-0.5695165,-0.01468443,0.8218488,0.06758385,0.05532944,-0.18373,-0.009581047,-0.0272027,0.008220718,0.9995502,-0.05453847,0.01870622,0.9983364
Fixation,3.4365,0.03221063,0.05009127,-0.05745469,-0.138959,0.2569875,-0.01402604,-0.9562694,-0.4876004,-0.2729734,0.8292957,0.1003009,0.05024362,-0.05444172,-0.004392213,0.2984115,-0.010743,-0.9543667,-0.5694936,-0.01479524,0.8218626,0.06757,0.05530274,-0.1837297,-0.009477079,-0.02718808,0.008163222,0.9995521,-0.05450653,0.01850178,0.998342
Fixation,3.4516,0.03220705,0.05008137,-0.05745095,-0.139142,0.2569907,-0.01406946,-0.9562413,-0.4875749,-0.2733381,0.8291906,0.1002972,0.05024469,-0.05443604,-0.004455306,0.2986062,-0.01077531,-0.9543052,-0.5698269,-0.01493859,0.8216289,0.06756567,0.05530119,-0.1837232,-0.009307018,-0.02720408,0.008246996,0.9995526,-0.05453733,0.01815701,0.9983466
Fixation,3.4575,0.03218603,0.05004764,-0.05743419,-0.1391508,0.2570247,-0.01412984,-0.95623,-0.4876171,-0.2733838,0.8291507,0.1002759,0.05021858,-0.05441332,-0.004466599,0.2986477,-0.01082989,-0.9542916,-0.5698972,-0.01499352,0.8215792,0.06754462,0.05527127,-0.1837035,-0.009310886,-0.02724829,0.008302127,0.9995509,-0.0546267,0.01816097,0.9983417
Fixation,3.4669,0.03217518,0.05005038,-0.05743123,-0.1392089,0.2569982,-0.01411104,-0.9562289,-0.4875694,-0.2734841,0.8291457,0.1002644,0.05021751,-0.0543954,-0.004487211,0.2987529,-0.01079506,-0.9542589,-0.5700783,-0.01501403,0.8214532,0.06753543,0.05527258,-0.1836924,-0.00928119,-0.02735804,0.008273057,0.9995484,-0.05484495,0.01810133,0.9983308
Fixation,3.4777,0.03216039,0.05005121,-0.05743609,-0.1393046,0.257002,-0.01413636,-0.9562136,-0.4875591,-0.2736761,0.8290884,0.1002496,0.0502243,-0.05439891,-0.004584828,0.298763,-0.01081533,-0.9542551,-0.570093,-0.01521263,0.8214393,0.06752026,0.05527782,-0.1836956,-0.009192763,-0.02736898,0.008319059,0.9995486,-0.0548662,0.01792186,0.9983329
Fixation,3.4891,0.03214972,0.05004954,-0.05744564,-0.1393715,0.2570306,-0.01414235,-0.9561961,-0.4876013,-0.2738031,0.8290217,0.1002387,0.0502249,-0.05440411,-0.004419231,0.2988571,-0.0108083,-0.9542264,-0.5702592,-0.01489417,0.8213298,0.06750979,0.0552783,-0.1837023,-0.009127221,-0.02740148,0.008336159,0.9995481,-0.05493036,0.01778935,0.9983317
Fixation,3.5008,0.0321224,0.05001128,-0.05745091,-0.1393794,0.2571515,-0.01408116,-0.9561633,-0.4878324,-0.273781,0.828893,0.1002107,0.05017662,-0.05439366,-0.004424393,0.2989678,-0.01073044,-0.9541926,-0.5704508,-0.01485956,0.8211973,0.06748467,0.05523539,-0.1836991,-0.009100654,-0.02751632,0.008261461,0.9995458,-0.05515801,0.01773839,0.99832
Fixation,3.5109,0.03212429,0.05002189,-0.05745491,-0.1391037,0.2569385,-0.0141413,-0.9562598,-0.4874658,-0.2733054,0.8292655,0.100213,0.05019557,-0.05440693,-0.004367949,0.2989019,-0.01080956,-0.9542127,-0.5703377,-0.0147979,0.8212771,0.06748509,0.05524909,-0.1837087,-0.009176751,-0.02744841,0.008322899,0.9995465,-0.05502468,0.01788828,0.9983248
Fixation,3.5222,0.03212214,0.05003321,-0.05745925,-0.1391129,0.2569526,-0.01413888,-0.9562547,-0.4874904,-0.2733209,0.8292459,0.1002107,0.05020666,-0.05440932,-0.004160509,0.2989093,-0.01079879,-0.9542114,-0.5703554,-0.01439573,0.8212718,0.06748314,0.05526054,-0.1837119,-0.009166555,-0.02746274,0.008320657,0.9995462,-0.0550531,0.01786777,0.9983236
Fixation,3.5338,0.03208384,0.05001545,-0.05744729,-0.1389591,0.2568845,-0.01419032,-0.9562946,-0.4873708,-0.2730621,0.8294015,0.1001728,0.05019248,-0.0544064,-0.0040075,0.2988445,-0.0108661,-0.9542316,-0.5702465,-0.01414271,0.8213519,0.06744382,0.05524194,-0.1837064,-0.009332326,-0.02739559,0.008344377,0.9995463,-0.05492206,0.01819899,0.9983248
Fixation,3.5466,0.03207971,0.05003417,-0.05744313,-0.1388862,0.2567349,-0.01421184,-0.9563451,-0.4871066,-0.2729436,0.8295956,0.1001687,0.05021489,-0.05440336,-0.004019584,0.2988365,-0.0108917,-0.9542337,-0.5702321,-0.01418092,0.8213612,0.0674393,0.05526257,-0.1837027,-0.009327703,-0.0273876,0.008372385,0.9995463,-0.05490654,0.01818834,0.9983258
Fixation,3.5556,0.03207986,0.05005181,-0.05743776,-0.1388683,0.2567385,-0.01423612,-0.9563463,-0.487108,-0.2729224,0.8296018,0.1001688,0.05023527,-0.05439708,-0.003988325,0.2988429,-0.01091562,-0.9542316,-0.5702435,-0.01413568,0.8213541,0.06743934,0.05528128,-0.1836971,-0.009350703,-0.02739436,0.008391061,0.9995458,-0.05492075,0.01823317,0.9983242
Fixation,3.5670,0.03208053,0.05007517,-0.05744064,-0.1388477,0.2567015,-0.01424263,-0.9563591,-0.4870426,-0.2728887,0.8296513,0.1001697,0.05025947,-0.05440507,-0.003967836,0.2988069,-0.01092816,-0.9542428,-0.5701819,-0.01410338,0.8213974,0.06743948,0.05530477,-0.1837029,-0.009373954,-0.02735681,0.008397925,0.9995465,-0.05484625,0.01827992,0.9983275
Fixation,3.5778,0.03207233,0.05005729,-0.05743324,-0.1386894,0.2565828,-0.01418986,-0.9564148,-0.4868632,-0.272571,0.829861,0.1001619,0.05023789,-0.05440605,-0.004012915,0.2987487,-0.01088727,-0.9542613,-0.5700814,-0.01416385,0.8214662,0.06743078,0.05528581,-0.1836993,-0.00931963,-0.02729536,0.008371496,0.999549,-0.05472214,0.01817385,0.9983362
Fixation,3.5886,0.03207554,0.05007243,-0.05742462,-0.138543,0.2565937,-0.01416775,-0.9564334,-0.4869038,-0.272285,0.8299311,0.1001651,0.05024552,-0.05439685,-0.003646677,0.2988591,-0.01086524,-0.9542285,-0.5702806,-0.01345388,0.8213398,0.06743468,0.05529487,-0.1836918,-0.009458086,-0.02729828,0.008314725,0.999548,-0.05472917,0.01845367,0.9983307
Fixation,3.5999,0.03207748,0.05010343,-0.05742624,-0.1386285,0.25653,-0.01415968,-0.9564382,-0.4867842,-0.2724439,0.8299491,0.1001675,0.05027926,-0.05440722,-0.003732713,0.2987983,-0.01086234,-0.9542472,-0.5701739,-0.01361516,0.8214113,0.06743558,0.05532861,-0.1836971,-0.009374724,-0.02723469,0.008336044,0.9995504,-0.05460119,0.01828696,0.9983408
Fixation,3.6110,0.03206645,0.05008924,-0.05740885,-0.1387913,0.2567516,-0.01413394,-0.9563555,-0.4871682,-0.2727254,0.8296312,0.1001563,0.05025828,-0.05438751,-0.003668409,0.2988144,-0.01082926,-0.9542428,-0.5702035,-0.01347298,0.821393,0.06742529,0.05531013,-0.183679,-0.009427515,-0.027251,0.008286509,0.9995499,-0.05463371,0.01839491,0.998337
Fixation,3.6219,0.03206308,0.05009711,-0.05740159,-0.1387736,0.2567882,-0.01418221,-0.9563475,-0.4872213,-0.2727152,0.8296034,0.1001527,0.05027139,-0.05437426,-0.003584683,0.2990411,-0.01087209,-0.9541716,-0.5705951,-0.01334321,0.8211231,0.06742208,0.05532026,-0.183669,-0.009454568,-0.02729512,0.008323479,0.9995481,-0.05472296,0.01844621,0.9983312
Fixation,3.6344,0.03205369,0.05009532,-0.05740376,-0.1383756,0.2567204,-0.01412657,-0.9564242,-0.4871576,-0.2719447,0.8298937,0.1001436,0.05026507,-0.05438312,-0.00360181,0.2989945,-0.01083306,-0.9541866,-0.5705151,-0.01335165,0.8211786,0.06741241,0.05531645,-0.1836743,-0.009427593,-0.02724583,0.008291094,0.9995499,-0.05462347,0.0183949,0.9983376
Fixation,3.6455,0.03204826,0.05008614,-0.05740356,-0.1383714,0.2567296,-0.01418043,-0.9564216,-0.4871592,-0.2719638,0.8298866,0.1001381,0.05026269,-0.0543806,-0.003599743,0.2990105,-0.01088524,-0.954181,-0.5705418,-0.01337921,0.8211596,0.06740668,0.05531061,-0.1836731,-0.009443768,-0.02726323,0.008340559,0.9995489,-0.05465939,0.01842424,0.9983351
Fixation,3.6566,0.03201355,0.05003285,-0.05740209,-0.1384905,0.256726,-0.01417227,-0.9564055,-0.4871429,-0.2721828,0.8298243,0.1001033,0.05021191,-0.05437938,-0.003615434,0.2991391,-0.01087035,-0.9541408,-0.5707631,-0.01340276,0.8210054,0.0673717,0.05526042,-0.1836706,-0.009324991,-0.02726229,0.008360843,0.9995499,-0.05465597,0.01818572,0.9983397
Fixation,3.6681,0.03200758,0.05003023,-0.05740061,-0.1371177,0.2571563,-0.01413902,-0.9564881,-0.4880565,-0.2695749,0.8301387,0.1000975,0.05021095,-0.05438063,-0.003655386,0.2991203,-0.0108718,-0.9541465,-0.5707297,-0.0134795,0.8210274,0.06736533,0.05525935,-0.1836701,-0.009287016,-0.02724263,0.008373342,0.9995506,-0.05461631,0.01810946,0.9983432
Fixation,3.6787,0.03200315,0.05003583,-0.05739755,-0.1371505,0.257152,-0.01414915,-0.9564844,-0.4880427,-0.2696417,0.8301252,0.1000931,0.05021882,-0.05437786,-0.003688874,0.2991184,-0.01088096,-0.9541469,-0.5707254,-0.01354885,0.8210292,0.06736069,0.0552665,-0.1836669,-0.009257308,-0.02724082,0.008391323,0.9995508,-0.05461253,0.01804913,0.9983445
Fixation,3.6904,0.03199284,0.05004025,-0.05739252,-0.1372308,0.2571656,-0.01418068,-0.9564688,-0.4880497,-0.2698074,0.8300671,0.1000826,0.05022955,-0.05437004,-0.003680249,0.2991798,-0.01090449,-0.9541274,-0.5708309,-0.01354766,0.8209559,0.06735011,0.05527544,-0.1836597,-0.009185198,-0.02726209,0.008438319,0.9995505,-0.0546547,0.01790205,0.9983448
Fixation,3.7012,0.03198078,0.0500344,-0.05737856,-0.1368879,0.2569896,-0.0141738,-0.9565653,-0.4877742,-0.2691695,0.8304361,0.1000706,0.05022466,-0.05435779,-0.003687559,0.2991679,-0.01090928,-0.954131,-0.5708102,-0.01356424,0.8209699,0.06733783,0.05527008,-0.1836466,-0.009179513,-0.02724974,0.008445045,0.9995509,-0.05463004,0.01789053,0.9983464
Fixation,3.7120,0.03196529,0.05003607,-0.05737504,-0.1368728,0.2569835,-0.01426349,-0.9565678,-0.4877398,-0.2691872,0.8304505,0.1000551,0.05023766,-0.05435345,-0.003676087,0.299173,-0.01099955,-0.9541284,-0.5708179,-0.01359645,0.820964,0.06732155,0.05527711,-0.183643,-0.009215179,-0.02725626,0.008528693,0.9995496,-0.05464516,0.01795714,0.9983444
Fixation,3.7232,0.03195422,0.050053,-0.05736787,-0.1367982,0.2570446,-0.01432705,-0.9565611,-0.4878379,-0.2690771,0.8304287,0.1000436,0.05025971,-0.0543368,-0.003569038,0.2993369,-0.01105707,-0.9540768,-0.5711019,-0.01342985,0.8207693,0.067311,0.05529523,-0.1836318,-0.009300761,-0.02732567,0.00856374,0.9995466,-0.05478587,0.01812507,0.9983336
Fixation,3.7375,0.03191141,0.05001497,-0.05736627,-0.1352913,0.2576281,-0.01436101,-0.9566179,-0.4890175,-0.2662438,0.830648,0.1000004,0.05022657,-0.05432839,-0.003461922,0.2993836,-0.01112208,-0.9540617,-0.5711839,-0.01326531,0.820715,0.06726851,0.05525792,-0.1836279,-0.009421409,-0.02737533,0.008596535,0.9995439,-0.05488766,0.01836356,0.9983237
Fixation,3.7481,0.0318783,0.05002213,-0.05737068,-0.1351697,0.2576707,-0.01442319,-0.9566227,-0.4890881,-0.2660457,0.8306699,0.09996702,0.05023742,-0.05432608,-0.003341762,0.2994295,-0.01118318,-0.9540471,-0.5712649,-0.01307354,0.8206616,0.06723579,0.05526483,-0.1836302,-0.009553534,-0.02742407,0.008621997,0.999541,-0.0549877,0.0186254,0.9983133
Fixation,3.7593,0.03187736,0.05000854,-0.05738146,-0.1351976,0.2577119,-0.01442261,-0.9566076,-0.4891585,-0.2660959,0.8306124,0.09996581,0.05022395,-0.05433102,-0.003316292,0.299663,-0.01117556,-0.9539739,-0.5716671,-0.01302512,0.8203822,0.06723537,0.05525196,-0.1836376,-0.009524398,-0.02746712,0.008622064,0.9995402,-0.05507323,0.01856639,0.9983097
Fixation,3.7707,0.03188322,0.04995012,-0.057386,-0.1353042,0.2578166,-0.01444169,-0.9565641,-0.4893282,-0.266301,0.8304467,0.09997097,0.05016923,-0.05432021,-0.003424315,0.2997713,-0.01117535,-0.9539395,-0.5718508,-0.01323328,0.8202509,0.0672423,0.055197,-0.1836331,-0.009420092,-0.02758069,0.008650304,0.9995378,-0.05529885,0.01835431,0.9983011
Fixation,3.7814,0.03188818,0.04989755,-0.0573888,-0.1352741,0.2576467,-0.01440911,-0.9566146,-0.4890389,-0.2662353,0.8306382,0.09997546,0.05011642,-0.05431245,-0.003576822,0.2998465,-0.01113245,-0.9539158,-0.571977,-0.01350003,0.8201585,0.06724817,0.05514669,-0.1836288,-0.009261436,-0.02765911,0.008649983,0.9995371,-0.05545283,0.0180358,0.9982984
Fixation,3.7926,0.03188043,0.04989076,-0.05739178,-0.1354432,0.2576815,-0.01428367,-0.9565832,-0.4891182,-0.2664867,0.8305108,0.0999676,0.05009735,-0.05431236,-0.00356196,0.2999542,-0.01099151,-0.9538837,-0.5721645,-0.01338929,0.8200296,0.06724153,0.05513668,-0.1836281,-0.009065093,-0.02768196,0.008563653,0.999539,-0.05549365,0.01764771,0.9983031
Fixation,3.8035,0.031893,0.04991746,-0.05737749,-0.1354014,0.2576858,-0.01423387,-0.9565887,-0.4891441,-0.2663827,0.8305289,0.09998022,0.05011618,-0.05429854,-0.003517745,0.2999508,-0.01094349,-0.9538854,-0.5721605,-0.01327607,0.8200343,0.06725468,0.05515885,-0.1836144,-0.009094501,-0.0276778,0.008505403,0.9995393,-0.0554848,0.0177098,0.9983025
Fixation,3.8148,0.03188334,0.04990911,-0.05735381,-0.1350171,0.257566,-0.01404716,-0.956678,-0.4890223,-0.2655719,0.8308603,0.09997052,0.05008292,-0.05427238,-0.003480935,0.2999691,-0.0107646,-0.9538819,-0.5721952,-0.0130989,0.8200129,0.06724716,0.05513787,-0.1835892,-0.009080938,-0.02769453,0.0083231,0.9995405,-0.05551476,0.01769252,0.9983011
Fixation,3.8264,0.03187844,0.04993725,-0.05733788,-0.1350398,0.2575643,-0.01380698,-0.9566788,-0.4890837,-0.2654918,0.8308498,0.0999659,0.05008006,-0.05426112,-0.003371129,0.3001382,-0.01052396,-0.9538317,-0.5724918,-0.01274827,0.8198113,0.06724416,0.05515122,-0.1835749,-0.009003418,-0.02765867,0.008097501,0.9995441,-0.05543794,0.0175507,0.9983079
Fixation,3.8374,0.03189166,0.04995573,-0.05733473,-0.1350906,0.2575291,-0.01382158,-0.9566809,-0.4890119,-0.2655961,0.8308586,0.09997931,0.05010271,-0.05426246,-0.003423053,0.3001071,-0.01054094,-0.9538411,-0.5724367,-0.01285692,0.8198481,0.06725664,0.05517256,-0.1835736,-0.008958223,-0.02762631,0.008128354,0.9995452,-0.05537312,0.01745918,0.9983131
Fixation,3.8483,0.03189256,0.0499295,-0.05732254,-0.1349956,0.2574457,-0.0139666,-0.9567147,-0.4888332,-0.2654959,0.8309958,0.09998012,0.05009747,-0.05424921,-0.003469137,0.300114,-0.01068853,-0.9538372,-0.5724457,-0.01303354,0.8198391,0.06725603,0.05515718,-0.1835608,-0.00895426,-0.02763548,0.008282843,0.9995437,-0.05539407,0.01744255,0.9983122
Fixation,3.8601,0.03187544,0.04991317,-0.0573282,-0.1350637,0.2574337,-0.01399405,-0.9567078,-0.4887974,-0.2656381,0.8309714,0.09996302,0.05008709,-0.0542558,-0.0033955,0.3002271,-0.01071106,-0.9538016,-0.5726414,-0.01290877,0.8197043,0.06723834,0.05514503,-0.1835664,-0.008894172,-0.02762938,0.008326771,0.999544,-0.05538169,0.01732011,0.998315
Fixation,3.8703,0.0318677,0.04992831,-0.05733807,-0.135215,0.2573555,-0.01404602,-0.9567068,-0.4886291,-0.265952,0.83097,0.09995481,0.05011022,-0.0542555,-0.003481323,0.3002988,-0.01074911,-0.9537783,-0.572762,-0.01309671,0.8196171,0.06723088,0.05516541,-0.1835702,-0.008821827,-0.02770502,0.008386171,0.9995421,-0.05553263,0.0171709,0.9983092
Fixation,3.8818,0.03186155,0.04993689,-0.05735951,-0.1353004,0.2573159,-0.01414134,-0.9567039,-0.4885237,-0.2661623,0.8309646,0.09994876,0.05013454,-0.05428038,-0.003571465,0.3002746,-0.01084498,-0.9537845,-0.5727171,-0.01332576,0.8196447,0.06722317,0.05518305,-0.1835929,-0.008761453,-0.02768112,0.008503299,0.9995422,-0.0554859,0.01704413,0.998314
Fixation,3.8925,0.0318432,0.0499022,-0.05732936,-0.1353263,0.2573068,-0.01416553,-0.9567024,-0.488498,-0.2662238,0.83096,0.09993044,0.0501039,-0.05425096,-0.003313254,0.3004139,-0.01086198,-0.9537414,-0.5729624,-0.01284615,0.819481,0.06720442,0.05515075,-0.1835629,-0.008741833,-0.02767607,0.008533906,0.9995423,-0.05547602,0.01700329,0.9983152
Fixation,3.9037,0.03182756,0.04992437,-0.05732902,-0.1339138,0.2578067,-0.01408789,-0.9567677,-0.4895492,-0.2635128,0.8312055,0.09991506,0.05011868,-0.05425606,-0.003243162,0.3003756,-0.01082427,-0.9537541,-0.5728987,-0.01268905,0.8195279,0.06718889,0.05516815,-0.183566,-0.008799028,-0.0276354,0.008478801,0.9995434,-0.05539477,0.01712139,0.9983177
Fixation,3.9149,0.03181516,0.04996264,-0.05733139,-0.1338237,0.2578103,-0.01406943,-0.9567796,-0.4895696,-0.263334,0.8312502,0.09990269,0.05015182,-0.05425857,-0.003151452,0.300374,-0.01080959,-0.953755,-0.5728983,-0.01250527,0.819531,0.06717692,0.05520248,-0.1835693,-0.00888321,-0.02763348,0.008439567,0.999543,-0.05539165,0.01729187,0.998315
Fixation,3.9258,0.03180161,0.04997742,-0.05733353,-0.1337646,0.2578264,-0.01406579,-0.9567836,-0.4896052,-0.2632206,0.8312652,0.09988905,0.0501641,-0.05425872,-0.002922119,0.3004633,-0.01080225,-0.9537277,-0.5730574,-0.01206517,0.8194265,0.06716377,0.055215,-0.183571,-0.008939761,-0.02764757,0.008420063,0.9995423,-0.05542038,0.01740575,0.9983114
Fixation,3.9374,0.03177468,0.04995704,-0.0573113,-0.1335468,0.2577367,-0.01418245,-0.9568364,-0.4894357,-0.2628756,0.8314741,0.09986173,0.05015779,-0.05422867,-0.002882198,0.3005173,-0.01091963,-0.9537095,-0.5731495,-0.01206064,0.819362,0.0671365,0.05520082,-0.1835454,-0.009010154,-0.02770554,0.008521501,0.9995392,-0.05553911,0.01753982,0.9983025
Fixation,3.9480,0.03174106,0.04993105,-0.0573258,-0.1335923,0.2578079,-0.01434179,-0.9568085,-0.4895138,-0.2630393,0.8313764,0.09982745,0.0501529,-0.05423009,-0.002934601,0.3006084,-0.01106563,-0.953679,-0.5733029,-0.01225018,0.819252,0.06710245,0.05518591,-0.1835531,-0.008999494,-0.02780292,0.008675429,0.9995353,-0.05573615,0.01750822,0.998292
Fixation,3.9590,0.03170775,0.04989529,-0.05733846,-0.1336618,0.2579198,-0.01447598,-0.9567667,-0.4896684,-0.2632336,0.8312238,0.09979324,0.05013478,-0.05422438,-0.002808898,0.300814,-0.01117499,-0.9536133,-0.5736577,-0.01208039,0.8190061,0.06706943,0.05516005,-0.1835558,-0.008957891,-0.02793916,0.008805043,0.9995307,-0.05600985,0.01741536,0.9982783
Fixation,3.9703,0.03167694,0.0498296,-0.05732596,-0.1337066,0.2580853,-0.0145291,-0.9567149,-0.4899428,-0.2633377,0.8310291,0.09976183,0.05007696,-0.05419929,-0.00288881,0.3009024,-0.01121335,-0.9535846,-0.5738071,-0.0122577,0.8188987,0.06703913,0.05509937,-0.1835361,-0.008891306,-0.02803243,0.008863049,0.9995282,-0.05619601,0.01727732,0.9982703
Fixation,3.9816,0.03165503,0.04977906,-0.05731468,-0.1338016,0.2581967,-0.0145638,-0.9566711,-0.4901213,-0.2635289,0.8308632,0.09973913,0.05003178,-0.05417148,-0.002985784,0.3010188,-0.01122824,-0.9535474,-0.5740044,-0.01245399,0.8187575,0.06701827,0.055053,-0.1835153,-0.008801796,-0.02815468,0.008902898,0.9995252,-0.05643934,0.01709392,0.9982597
Fixation,3.9932,0.03162731,0.04975057,-0.05730886,-0.1339114,0.2582709,-0.01455359,-0.9566358,-0.4902447,-0.2637264,0.8307277,0.09971093,0.05000377,-0.05415508,-0.00291936,0.3010857,-0.01119801,-0.9535269,-0.5741213,-0.0123105,0.8186777,0.06699141,0.05502665,-0.1835028,-0.008688824,-0.02823297,0.008908166,0.9995239,-0.05659387,0.01686637,0.9982548
Fixation,4.0036,0.0316253,0.04973567,-0.05730574,-0.1340492,0.2583033,-0.01451598,-0.9566084,-0.4902984,-0.2639641,0.8306205,0.09970872,0.04998744,-0.05414767,-0.003056597,0.3011169,-0.01115012,-0.9535171,-0.574172,-0.01254401,0.8186386,0.06698982,0.05501306,-0.1834959,-0.008543637,-0.02826519,0.008899459,0.9995244,-0.05665556,0.01657606,0.9982561
Fixation,4.0152,0.03166315,0.04966533,-0.05728675,-0.1342804,0.2583493,-0.0145045,-0.9565637,-0.4903598,-0.2643899,0.8304488,0.09974585,0.04991531,-0.0541131,-0.003131142,0.3012266,-0.01111634,-0.9534827,-0.5743591,-0.01266806,0.8185055,0.06702919,0.0549432,-0.183468,-0.008462385,-0.02837989,0.008886443,0.9995219,-0.05688304,0.01641229,0.998246
Fixation,4.0259,0.0316629,0.04967022,-0.05728142,-0.1342981,0.2583739,-0.01442971,-0.9565557,-0.4904223,-0.2643838,0.8304139,0.09974554,0.04991043,-0.05410568,-0.003145815,0.3012418,-0.01103815,-0.9534787,-0.5743859,-0.01264924,0.8184869,0.06702987,0.05494368,-0.1834612,-0.008426805,-0.02839486,0.008815141,0.9995224,-0.05691116,0.01634495,0.9982454
Fixation,4.0377,0.03166893,0.04967427,-0.05727683,-0.1342855,0.2583959,-0.01438365,-0.9565522,-0.4904753,-0.2643356,0.8303979,0.09975149,0.04990757,-0.05409891,-0.002888035,0.3011954,-0.01098287,-0.9534948,-0.5743131,-0.01212343,0.8185459,0.06703663,0.05494404,-0.1834555,-0.008427714,-0.02841041,0.008764793,0.9995224,-0.05694142,0.01634935,0.9982436
Fixation,4.0482,0.03170703,0.04963052,-0.05725483,-0.1345756,0.2583638,-0.01439078,-0.9565201,-0.490387,-0.2648846,0.8302752,0.09978929,0.04986334,-0.05407062,-0.002896111,0.3012396,-0.0109763,-0.953481,-0.5743888,-0.01213576,0.8184927,0.06707533,0.05490029,-0.1834301,-0.008418026,-0.02845661,0.008760305,0.9995212,-0.05703346,0.01632941,0.9982387
Fixation,4.0593,0.03174064,0.04961371,-0.05724093,-0.1345638,0.2583529,-0.01446115,-0.9565235,-0.4903494,-0.264899,0.8302927,0.09982289,0.04985559,-0.05405695,-0.002887173,0.3012375,-0.01104798,-0.9534808,-0.5743845,-0.01216186,0.8184953,0.06710824,0.05488765,-0.1834166,-0.008446266,-0.02845527,0.008826805,0.9995204,-0.05703236,0.01638209,0.9982379
Fixation,4.0705,0.03176401,0.04962242,-0.05723252,-0.1345038,0.2583829,-0.01448942,-0.9565235,-0.4904009,-0.2647998,0.830294,0.09984605,0.04986572,-0.05404403,-0.002677052,0.3011804,-0.01106978,-0.9534992,-0.5742913,-0.01177314,0.8185664,0.06713194,0.05489612,-0.1834065,-0.008510494,-0.02848815,0.008835874,0.9995189,-0.05709927,0.01650936,0.998232
Fixation,4.0815,0.03178668,0.04963064,-0.05722033,-0.1345465,0.2585648,-0.01445249,-0.9564688,-0.4907293,-0.2648529,0.830083,0.09986892,0.04986823,-0.05403581,-0.002645998,0.3011526,-0.01103443,-0.9535085,-0.5742446,-0.01169205,0.8186003,0.0671547,0.05490112,-0.1833966,-0.008530749,-0.02845854,0.008793597,0.9995199,-0.05703979,0.0165528,0.9982347
Fixation,4.0924,0.03184313,0.04962087,-0.05717572,-0.1345092,0.2585675,-0.01432777,-0.9564753,-0.4907723,-0.2647188,0.8301003,0.09992553,0.04984081,-0.05399331,-0.002603116,0.3011381,-0.01091231,-0.9535146,-0.5742224,-0.01153644,0.8186181,0.06721232,0.05488193,-0.1833531,-0.008538581,-0.02844198,0.008664531,0.9995214,-0.05700469,0.01657612,0.9982363
Fixation,4.1039,0.03188235,0.04962695,-0.05715722,-0.134569,0.2585223,-0.01420358,-0.9564809,-0.4907205,-0.2647693,0.8301148,0.09996518,0.04983306,-0.05398324,-0.002558612,0.3011052,-0.01079018,-0.9535265,-0.5741684,-0.01137737,0.8186582,0.06725179,0.05488229,-0.1833381,-0.008452897,-0.02837974,0.008565284,0.9995248,-0.0568773,0.0164116,0.9982463
Fixation,4.1151,0.03192336,0.04963529,-0.05714589,-0.1346609,0.2585415,-0.01405025,-0.956465,-0.4907878,-0.2648621,0.8300455,0.1000062,0.04982007,-0.05397148,-0.002541897,0.3011087,-0.01063283,-0.9535272,-0.5741767,-0.01125081,0.8186541,0.06729448,0.05488002,-0.1833262,-0.008425859,-0.02838173,0.00840935,0.9995263,-0.05687828,0.01636639,0.998247
Fixation,4.1264,0.03195328,0.04965758,-0.05714119,-0.1347837,0.258514,-0.01382422,-0.9564585,-0.4907892,-0.2649776,0.8300078,0.1000366,0.04981661,-0.05397446,-0.002519575,0.3010472,-0.0104034,-0.9535492,-0.5740741,-0.01106891,0.8187285,0.06732558,0.05489171,-0.1833237,-0.008254206,-0.02832487,0.008224273,0.9995309,-0.05675894,0.01603476,0.9982591
Fixation,4.1373,0.03201305,0.04960978,-0.05709793,-0.134791,0.2585707,-0.01380983,-0.9564424,-0.490893,-0.2649813,0.8299452,0.100096,0.04976618,-0.05392352,-0.002526191,0.3011011,-0.01038103,-0.9535324,-0.5741669,-0.01106909,0.8186635,0.06738625,0.05484271,-0.1832763,-0.008241576,-0.02838117,0.008204129,0.9995295,-0.05687086,0.01600971,0.9982532
Fixation,4.1481,0.03202688,0.04960656,-0.05711038,-0.1347233,0.2589205,-0.01401218,-0.9563543,-0.4914639,-0.2649424,0.8296197,0.1001097,0.04979038,-0.05393575,-0.002547216,0.3011018,-0.01058424,-0.9535299,-0.5741652,-0.01123156,0.8186625,0.067398,0.0548532,-0.1832891,-0.008277016,-0.02838418,0.008405312,0.9995275,-0.05688068,0.01606905,0.9982517
Fixation,4.1595,0.03204693,0.04959571,-0.05711588,-0.1347948,0.258974,-0.01404063,-0.9563293,-0.4915437,-0.2650887,0.8295256,0.1001294,0.04978454,-0.05393299,-0.002359836,0.30119,-0.0105946,-0.9535024,-0.5743208,-0.0108822,0.818558,0.0674184,0.05484593,-0.1832896,-0.008211332,-0.02844554,0.008441804,0.999526,-0.05700275,0.01593462,0.9982468
Fixation,4.1706,0.03206956,0.04958999,-0.05711895,-0.1348083,0.2589997,-0.01408674,-0.9563198,-0.491575,-0.2651366,0.8294918,0.1001518,0.04978478,-0.05393156,-0.00237536,0.3012214,-0.0106361,-0.953492,-0.5743738,-0.01093742,0.8185201,0.06744097,0.05484343,-0.1832903,-0.008207693,-0.02847892,0.00848572,0.9995247,-0.05707007,0.01592425,0.9982432
Fixation,4.1826,0.03209584,0.04956496,-0.05711337,-0.1334783,0.259477,-0.0141171,-0.9563765,-0.4925468,-0.2626372,0.8297104,0.1001785,0.04977036,-0.05393637,-0.002400513,0.3011485,-0.0107098,-0.9535141,-0.5742472,-0.01102832,0.8186076,0.06746548,0.05482399,-0.1832901,-0.008203872,-0.02840335,0.008564061,0.9995262,-0.0569203,0.01591347,0.9982519
Fixation,4.1928,0.03213461,0.04957318,-0.05711284,-0.133521,0.2594422,-0.01407973,-0.9563805,-0.492491,-0.2626995,0.8297238,0.1002176,0.04977548,-0.05394126,-0.002222186,0.3011144,-0.01066944,-0.9535258,-0.5741933,-0.01066327,0.8186503,0.06750397,0.05483127,-0.1832919,-0.008154687,-0.02836367,0.008542907,0.9995279,-0.05683988,0.01581706,0.998258
Fixation,4.2041,0.03216296,0.04958212,-0.05711607,-0.1335334,0.2594276,-0.01402598,-0.9563835,-0.4924788,-0.2626958,0.8297322,0.1002461,0.04977798,-0.05394748,-0.002232578,0.3010938,-0.01061767,-0.9535329,-0.5741582,-0.0106515,0.8186752,0.06753253,0.05483735,-0.1832964,-0.008130559,-0.02834148,0.008496121,0.9995291,-0.05679442,0.01577188,0.9982613
Fixation,4.2153,0.03216819,0.04955864,-0.05713261,-0.1322328,0.2598994,-0.01393539,-0.9564375,-0.4934696,-0.2601884,0.8299336,0.1002515,0.04974735,-0.05396771,-0.00223508,0.3010682,-0.0105626,-0.9535415,-0.5741149,-0.01062261,0.8187059,0.06753799,0.05481029,-0.1833147,-0.00811313,-0.02831406,0.008444049,0.9995305,-0.05673856,0.01574047,0.998265
Fixation,4.2261,0.03220247,0.04957914,-0.05713795,-0.1321619,0.2598732,-0.01399993,-0.9564534,-0.4934127,-0.2600898,0.8299983,0.1002859,0.04977465,-0.05397576,-0.00204921,0.3009224,-0.01062913,-0.9535872,-0.573868,-0.01030529,0.818883,0.06757152,0.05483305,-0.1833223,-0.008198692,-0.02829405,0.00849318,0.99953,-0.05670076,0.01590906,0.9982644
Fixation,4.2374,0.03222201,0.04960942,-0.05714606,-0.1308592,0.2604423,-0.0139067,-0.9564792,-0.4945757,-0.2575719,0.8300914,0.1003051,0.04979539,-0.05397718,-0.00203166,0.3009695,-0.01056155,-0.9535732,-0.5739499,-0.01023208,0.8188265,0.0675924,0.05485845,-0.1833269,-0.008196951,-0.02834257,0.008423015,0.9995292,-0.05679655,0.01590872,0.998259
Fixation,4.2485,0.03224972,0.04962921,-0.05715284,-0.1307561,0.2604759,-0.01395456,-0.9564833,-0.4946325,-0.2574016,0.8301103,0.1003326,0.04981804,-0.05397873,-0.001929558,0.3010052,-0.01060888,-0.9535615,-0.574013,-0.01006656,0.8187843,0.06762044,0.05487788,-0.1833321,-0.008308019,-0.0283805,0.008440292,0.999527,-0.05687441,0.0161291,0.998251
Fixation,4.2594,0.03226831,0.0496105,-0.0571739,-0.1306485,0.2604021,-0.01394125,-0.9565184,-0.4945159,-0.257196,0.8302435,0.1003517,0.04979563,-0.05401073,-0.00164131,0.3008416,-0.01060465,-0.9536138,-0.5737386,-0.009510992,0.8189833,0.06763837,0.0548557,-0.18336,-0.008413184,-0.02829935,0.008412384,0.9995287,-0.05671357,0.01634231,0.9982567
Fixation,4.2708,0.03229771,0.04963446,-0.05717908,-0.1290939,0.2609898,-0.01387349,-0.9565703,-0.4957281,-0.2542164,0.8304383,0.1003808,0.04981244,-0.05400974,-0.001565508,0.3008843,-0.01057066,-0.9536008,-0.573814,-0.009346829,0.8189324,0.06766891,0.05487502,-0.1833626,-0.008476685,-0.02834374,0.008358617,0.9995273,-0.0568024,0.01647153,0.9982495
Fixation,4.2825,0.03232742,0.04965878,-0.05718859,-0.1290414,0.2609683,-0.01382655,-0.9565839,-0.4957078,-0.2540944,0.8304877,0.1004108,0.04982948,-0.05402328,-0.001510763,0.3008559,-0.01052923,-0.9536103,-0.5737668,-0.009216921,0.8189669,0.06769885,0.05489492,-0.1833746,-0.008518065,-0.02831352,0.008303999,0.9995283,-0.0567418,0.01655786,0.9982516
Fixation,4.2927,0.03234838,0.04964352,-0.05718637,-0.1289602,0.2609748,-0.0137915,-0.9565936,-0.4957366,-0.2539235,0.8305228,0.1004317,0.04980695,-0.05402103,-0.00120193,0.3008778,-0.01049082,-0.9536043,-0.5738115,-0.008605238,0.8189422,0.06772039,0.05487478,-0.1833731,-0.008589208,-0.02831281,0.008250313,0.9995282,-0.05674062,0.01670313,0.9982492
Fixation,4.3038,0.03238025,0.04965806,-0.05719533,-0.1289299,0.260943,-0.01380102,-0.9566062,-0.4956806,-0.2538728,0.8305717,0.1004638,0.04982245,-0.05403438,-0.001171738,0.3008468,-0.01050577,-0.9536139,-0.5737588,-0.008556029,0.8189796,0.06775182,0.0548892,-0.1833847,-0.00862241,-0.02828046,0.008256653,0.9995288,-0.05667665,0.01676969,0.9982517
Fixation,4.3157,0.03240106,0.04967761,-0.05720531,-0.1276158,0.2613352,-0.01373074,-0.9566764,-0.4965219,-0.2513507,0.8308362,0.1004848,0.04983711,-0.05404832,-0.001157138,0.3008191,-0.01047216,-0.9536231,-0.5737118,-0.008507398,0.8190131,0.06777264,0.05490625,-0.1833967,-0.008627314,-0.02825104,0.008220529,0.9995298,-0.05661735,0.01678204,0.9982549
Fixation,4.3264,0.03242707,0.04971528,-0.0572174,-0.12762,0.2613127,-0.01371876,-0.9566821,-0.4964849,-0.2513533,0.8308576,0.100511,0.04987359,-0.05406376,-0.001137031,0.300592,-0.01046118,-0.9536948,-0.5733222,-0.008457853,0.8192863,0.06779843,0.05494332,-0.1834105,-0.008621267,-0.02822638,0.008212995,0.9995306,-0.05656787,0.01677079,0.9982579
Fixation,4.3371,0.03241394,0.04967391,-0.05721659,-0.1275642,0.261263,-0.01373646,-0.9567029,-0.4963975,-0.2512597,0.8309381,0.1004982,0.04983377,-0.05406979,-0.001081567,0.3005436,-0.01048759,-0.9537098,-0.5732401,-0.008366958,0.8193448,0.06778459,0.05490184,-0.1834139,-0.008681947,-0.02817596,0.008223569,0.9995314,-0.0564683,0.01689235,0.9982615
Fixation,4.3484,0.03241425,0.04970169,-0.05717904,-0.1262162,0.2616541,-0.01367303,-0.9567757,-0.497237,-0.2486764,0.8312132,0.1005198,0.04985225,-0.0540781,-0.001078292,0.3005713,-0.01045451,-0.9537015,-0.5732881,-0.008341391,0.8193114,0.06780711,0.05492246,-0.183424,-0.008675986,-0.02820466,0.008190659,0.999531,-0.05652499,0.0168818,0.9982585
Fixation,4.3598,0.03242747,0.04972351,-0.05719288,-0.1261833,0.2615885,-0.01371611,-0.9567974,-0.4971129,-0.2486396,0.8312985,0.1005334,0.04987979,-0.05410047,-0.0009715228,0.3004731,-0.01050474,-0.953732,-0.5731212,-0.008165928,0.8194299,0.06781913,0.05494654,-0.1834428,-0.00872074,-0.02814214,0.008233064,0.999532,-0.05640153,0.01696992,0.998264
Fixation,4.3705,0.03242177,0.04968917,-0.05719861,-0.1261598,0.2616143,-0.01375446,-0.9567928,-0.4971509,-0.2486142,0.8312833,0.1005275,0.04984951,-0.054102,-0.000949259,0.3005023,-0.01054036,-0.9537224,-0.5731715,-0.008145463,0.8193949,0.06781353,0.05491388,-0.1834466,-0.00875183,-0.02817309,0.008261022,0.9995306,-0.05646432,0.01702997,0.9982594
Fixation,4.3818,0.03242538,0.04968119,-0.05721358,-0.1248346,0.2618983,-0.01375249,-0.956889,-0.4977817,-0.2461092,0.8316512,0.1005313,0.04984307,-0.05412191,-0.0008552239,0.3004668,-0.01057801,-0.9537333,-0.5731122,-0.007987994,0.8194379,0.06781661,0.05490506,-0.1834652,-0.008852654,-0.02813626,0.008271762,0.9995307,-0.05639257,0.01723153,0.99826
Fixation,4.3960,0.03244743,0.04971397,-0.05723316,-0.1248053,0.2619067,-0.01369843,-0.9568913,-0.4978132,-0.2460256,0.8316571,0.1005534,0.04986775,-0.05414135,-0.0008235947,0.3004677,-0.01052455,-0.9537336,-0.5731149,-0.007895557,0.819437,0.0678393,0.05493331,-0.1834849,-0.008868452,-0.02813665,0.008211687,0.999531,-0.05639257,0.01726649,0.9982594
Fixation,4.4084,0.03245186,0.049721,-0.05724261,-0.1247559,0.2619198,-0.01371887,-0.9568939,-0.4978359,-0.2459428,0.831668,0.1005577,0.04987586,-0.05414876,-0.0008141077,0.3004133,-0.01054583,-0.9537505,-0.5730216,-0.007889127,0.8195024,0.06784387,0.0549401,-0.1834938,-0.008921184,-0.02815133,0.008217991,0.9995301,-0.05642283,0.01737129,0.9982558
Fixation,4.4156,0.03244674,0.04972172,-0.05725329,-0.1234776,0.2624098,-0.01373725,-0.9569252,-0.4988206,-0.2435272,0.8317888,0.1005521,0.04988182,-0.05414727,-0.0008169231,0.3004985,-0.01058536,-0.9537232,-0.5731675,-0.007920008,0.8194,0.06783947,0.05494356,-0.1834982,-0.008929093,-0.028241,0.008256176,0.9995272,-0.05660272,0.01738342,0.9982454
Fixation,4.4261,0.03244342,0.04972291,-0.05726637,-0.1235497,0.2624207,-0.01374426,-0.9569128,-0.4988312,-0.2436662,0.8317418,0.1005486,0.04988599,-0.05415848,-0.0008898368,0.3005122,-0.01058801,-0.9537188,-0.5731894,-0.008060961,0.8193833,0.06783606,0.05494738,-0.1835096,-0.008859657,-0.02825532,0.008278572,0.9995272,-0.0566306,0.01724311,0.9982463
Fixation,4.4374,0.03244745,0.04973638,-0.05727649,-0.1235641,0.2624597,-0.01373526,-0.9569003,-0.4989012,-0.2436869,0.8316936,0.1005524,0.04989791,-0.05416324,-0.0008479096,0.3004333,-0.01057122,-0.9537439,-0.573055,-0.00796927,0.8194782,0.06784068,0.05496025,-0.1835168,-0.0088421,-0.02829469,0.008268212,0.9995263,-0.05670879,0.01720793,0.9982424
Fixation,4.4487,0.03241948,0.04971504,-0.05727738,-0.1224372,0.2628386,-0.01373711,-0.9569411,-0.4996783,-0.2415516,0.83185,0.1005238,0.04987943,-0.05415051,-0.0008565537,0.3005286,-0.01058974,-0.9537137,-0.5732184,-0.007998856,0.8193636,0.06781373,0.05494046,-0.1835106,-0.008838636,-0.02839473,0.008287719,0.9995233,-0.05690889,0.01719819,0.9982312
Fixation,4.4593,0.03240298,0.04969203,-0.05728661,-0.1224038,0.2629606,-0.01375391,-0.9569116,-0.4998931,-0.2414927,0.8317381,0.1005065,0.04985571,-0.05414245,-0.0008233968,0.3006495,-0.01059229,-0.9536756,-0.5734266,-0.00793964,0.8192185,0.0677989,0.05491662,-0.1835111,-0.008870955,-0.02852136,0.008280246,0.9995195,-0.05716221,0.01726106,0.9982157
Fixation,4.4708,0.03241998,0.04971111,-0.05730102,-0.122417,0.262918,-0.01370887,-0.9569223,-0.4998279,-0.2414957,0.8317764,0.1005238,0.04986989,-0.05416357,-0.0007882174,0.3005153,-0.01055062,-0.9537184,-0.5731974,-0.007844723,0.8193798,0.06781564,0.05493355,-0.1835288,-0.008848932,-0.02847199,0.008245508,0.9995214,-0.05706266,0.01721986,0.9982221
Fixation,4.4820,0.03243594,0.04972124,-0.05730894,-0.1223802,0.2628788,-0.01374266,-0.9569373,-0.4997534,-0.2414457,0.8318357,0.1005395,0.04988146,-0.05416539,-0.0007149401,0.3005574,-0.01058139,-0.9537048,-0.5732709,-0.007724311,0.8193295,0.06783209,0.05494308,-0.1835344,-0.008927727,-0.02851638,0.008254775,0.9995194,-0.05715275,0.01737608,0.9982142
Fixation,4.4927,0.03244217,0.04969871,-0.05731043,-0.1223237,0.2628841,-0.01373015,-0.9569433,-0.4997713,-0.2413325,0.8318577,0.1005457,0.04985547,-0.05416653,-0.0006575063,0.3005595,-0.01057058,-0.9537043,-0.5732759,-0.007608308,0.8193271,0.06783864,0.05491805,-0.1835362,-0.008980016,-0.02851846,0.008228664,0.9995191,-0.05715727,0.01748206,0.9982121
Fixation,4.5038,0.0324599,0.04969764,-0.0573186,-0.1222798,0.2628804,-0.01376509,-0.9569494,-0.4997601,-0.2412684,0.8318831,0.1005635,0.04985774,-0.05417474,-0.0006387881,0.3004918,-0.01060769,-0.9537252,-0.5731598,-0.007593504,0.8194085,0.06785614,0.05491781,-0.1835449,-0.009031269,-0.02851799,0.008252418,0.9995185,-0.05715758,0.01758315,0.9982103
Fixation,4.5152,0.03248981,0.04970932,-0.05732263,-0.1225543,0.2627538,-0.01373359,-0.9569495,-0.4995181,-0.2417736,0.8318818,0.1005937,0.04986131,-0.05418538,-0.0005265847,0.3004448,-0.01057601,-0.9537405,-0.5730815,-0.007359463,0.8194653,0.06788611,0.05492377,-0.1835534,-0.00913065,-0.02846828,0.008191618,0.9995194,-0.05705879,0.01778612,0.9982124
Fixation,4.5266,0.0325178,0.04973173,-0.05731133,-0.1225604,0.2627723,-0.01373242,-0.9569437,-0.4995505,-0.2417838,0.8318594,0.1006216,0.04988348,-0.0541715,-0.0005326653,0.3004629,-0.01057226,-0.9537348,-0.5731126,-0.007369188,0.8194435,0.06791435,0.0549463,-0.1835407,-0.009123739,-0.02848726,0.008189548,0.999519,-0.05709655,0.0177721,0.9982105
Fixation,4.5380,0.03250314,0.04970765,-0.05728503,-0.12259,0.2627171,-0.01369223,-0.9569556,-0.4994602,-0.2418207,0.8319028,0.1006073,0.04985595,-0.05415353,-0.0005584075,0.3003686,-0.01053793,-0.9537649,-0.5729504,-0.007395704,0.8195568,0.06789918,0.05492079,-0.1835183,-0.009087251,-0.02842612,0.008164993,0.9995213,-0.05697342,0.0177016,0.9982188
Fixation,4.5489,0.03253682,0.04971409,-0.05727266,-0.1226391,0.2627201,-0.01364257,-0.9569492,-0.4994733,-0.2418871,0.8318756,0.1006413,0.04985785,-0.0541473,-0.0006037102,0.3003262,-0.01049139,-0.9537787,-0.5728768,-0.007453291,0.8196076,0.06793262,0.0549258,-0.1835085,-0.009031056,-0.02838119,0.008132907,0.9995233,-0.05688221,0.01759186,0.9982259
Fixation,4.5597,0.03257068,0.04970646,-0.05725462,-0.1227052,0.2626875,-0.01358409,-0.9569505,-0.4994241,-0.2419823,0.8318775,0.1006754,0.0498451,-0.05413463,-0.0005929936,0.3001946,-0.01043219,-0.9538208,-0.5726512,-0.007394591,0.8197657,0.06796634,0.05491674,-0.1834925,-0.008953732,-0.02834193,0.008096455,0.9995254,-0.05680194,0.01744003,0.9982331
Fixation,4.5709,0.03257947,0.04969156,-0.05724423,-0.1227664,0.2626048,-0.01362373,-0.9569648,-0.499262,-0.2421215,0.8319343,0.1006847,0.04983854,-0.05413496,-0.0006561792,0.3001198,-0.01047956,-0.9538438,-0.572521,-0.007542034,0.8198554,0.06797349,0.05490696,-0.1834872,-0.008906052,-0.02826405,0.00815981,0.9995275,-0.05664673,0.01734243,0.9982436
Fixation,4.5821,0.03259952,0.04967594,-0.05722981,-0.1229768,0.262465,-0.0136195,-0.9569761,-0.4989958,-0.242521,0.8319777,0.1007051,0.04982269,-0.05412864,-0.0006569768,0.3000631,-0.01047743,-0.9538617,-0.5724236,-0.007541111,0.8199235,0.06799281,0.05489123,-0.183477,-0.008904826,-0.02820462,0.008158373,0.9995292,-0.05652798,0.01734106,0.9982504
Fixation,4.5928,0.03263874,0.04969299,-0.05720753,-0.1230154,0.2624699,-0.01364267,-0.9569696,-0.4989949,-0.2426055,0.8319536,0.1007442,0.04984379,-0.05410517,-0.000696674,0.3000717,-0.01049825,-0.9538587,-0.5724374,-0.007629513,0.819913,0.06803181,0.0549109,-0.1834538,-0.008872306,-0.02821385,0.008189181,0.999529,-0.05654644,0.01727416,0.9982505
Fixation,4.6039,0.03266092,0.04969096,-0.05719351,-0.1229838,0.2623494,-0.01359119,-0.9570073,-0.4987976,-0.2425241,0.8320956,0.1007672,0.04983604,-0.05410902,-0.0004834738,0.2998939,-0.01045843,-0.9539151,-0.5721366,-0.007195224,0.8201268,0.0680528,0.05490553,-0.1834493,-0.008895429,-0.02808218,0.008147769,0.9995328,-0.05628308,0.01732493,0.9982646
Fixation,4.6148,0.03263639,0.04966497,-0.05717382,-0.1231963,0.2623275,-0.01359768,-0.956986,-0.4987371,-0.2429284,0.8320139,0.1007426,0.04980946,-0.05408622,-0.0004747203,0.2999157,-0.01045672,-0.9539083,-0.5721742,-0.007177948,0.8201007,0.0680286,0.05487907,-0.183428,-0.008903336,-0.02810496,0.008143585,0.9995322,-0.05632864,0.01734059,0.9982617
Fixation,4.6263,0.03264755,0.0496608,-0.05715443,-0.1231846,0.2623341,-0.01358943,-0.9569857,-0.498752,-0.2429017,0.8320127,0.1007537,0.04980373,-0.05406607,-0.000166737,0.2998698,-0.01043951,-0.953923,-0.572102,-0.006579096,0.8201562,0.06803996,0.05487394,-0.1834083,-0.008912675,-0.02811038,0.008131991,0.999532,-0.05633941,0.01735982,0.9982607
Fixation,4.6373,0.0326739,0.04967344,-0.05714311,-0.1231794,0.2623334,-0.01355574,-0.9569871,-0.4987598,-0.2428744,0.8320161,0.1007801,0.04981184,-0.05405544,-0.0001602974,0.2998649,-0.01040642,-0.9539249,-0.572094,-0.006546866,0.820162,0.06806659,0.05488431,-0.1833974,-0.00890985,-0.02810501,0.008098435,0.9995325,-0.05632804,0.01735616,0.9982615
Fixation,4.6486,0.0326862,0.04968691,-0.05713825,-0.1236398,0.2622224,-0.01355448,-0.9569582,-0.49852,-0.2437449,0.8319052,0.1007924,0.04982388,-0.05405164,-0.0001634709,0.2998576,-0.01039424,-0.9539273,-0.5720813,-0.006545464,0.8201708,0.06807891,0.05489719,-0.183393,-0.008903489,-0.02809716,0.008087634,0.9995328,-0.05631209,0.01734418,0.9982626
Fixation,4.6598,0.03267508,0.04965079,-0.05713993,-0.1236096,0.2623025,-0.01352286,-0.9569405,-0.4986728,-0.2436682,0.8318361,0.1007808,0.04978132,-0.05404272,-0.0001317589,0.2999316,-0.01035381,-0.9539045,-0.5722095,-0.006462241,0.8200819,0.06806925,0.05485737,-0.1833893,-0.008922808,-0.0281744,0.008039596,0.9995309,-0.05646583,0.01738422,0.9982532
Fixation,4.6707,0.03268955,0.04967237,-0.05713435,-0.1235824,0.2622927,-0.01343812,-0.956948,-0.4986794,-0.2435734,0.8318599,0.1007955,0.04979098,-0.05404007,3.175857E-05,0.2998063,-0.01026775,-0.9539449,-0.5719981,-0.006096083,0.8202323,0.06808437,0.05487263,-0.1833853,-0.0089299,-0.02815206,0.007952872,0.9995321,-0.05641982,0.01740366,0.9982554
Fixation,4.6818,0.03269513,0.04969621,-0.05712955,-0.1222631,0.2626356,-0.01343574,-0.9570234,-0.4994114,-0.2410748,0.8321486,0.1008013,0.04981577,-0.05404016,0.0001446828,0.2997712,-0.01030433,-0.9539555,-0.5719398,-0.005901838,0.8202744,0.06808949,0.05489516,-0.1833843,-0.009048585,-0.02811553,0.007957464,0.999532,-0.05634874,0.01764124,0.9982553
Fixation,4.6929,0.03264511,0.04968596,-0.05713466,-0.1221982,0.2626901,-0.01354433,-0.9570152,-0.4994866,-0.241007,0.832123,0.1007508,0.04981697,-0.05403596,0.0002061334,0.2998356,-0.01040759,-0.9539341,-0.5720511,-0.005847856,0.8201972,0.06803948,0.05488944,-0.1833855,-0.009135746,-0.02818399,0.008039625,0.9995287,-0.05648831,0.0178097,0.9982444
Fixation,4.7039,0.03262857,0.04969072,-0.05713133,-0.1221327,0.262689,-0.01360845,-0.957023,-0.4994748,-0.2409172,0.8321562,0.1007342,0.04982829,-0.05403188,0.0003574528,0.2996866,-0.01047037,-0.9539802,-0.5717976,-0.005593653,0.8203757,0.06802256,0.05489635,-0.1833826,-0.00921502,-0.02818942,0.008085997,0.9995274,-0.05650123,0.01796545,0.9982409
Fixation,4.7150,0.03262639,0.04969525,-0.05712397,-0.1207452,0.2631084,-0.01364689,-0.9570833,-0.5003377,-0.2383077,0.8323892,0.1007319,0.04983985,-0.05402137,0.0004249336,0.2997079,-0.01054196,-0.9539727,-0.5718352,-0.005508265,0.82035,0.06802016,0.05490315,-0.1833745,-0.009299417,-0.02821245,0.008136327,0.9995256,-0.05654945,0.01813092,0.9982352
Fixation,4.7263,0.03262211,0.04971051,-0.05711642,-0.120743,0.263126,-0.01372368,-0.9570776,-0.50035,-0.2383429,0.8323717,0.1007274,0.04986501,-0.05401005,0.0004244293,0.2997341,-0.01061595,-0.9539636,-0.5718799,-0.005554142,0.8203185,0.06801549,0.05492318,-0.1833652,-0.009319058,-0.02824066,0.008207483,0.999524,-0.05660741,0.01816567,0.9982312
Fixation,4.7371,0.03253974,0.04969633,-0.05712074,-0.120722,0.2631619,-0.01380603,-0.9570692,-0.500395,-0.238345,0.832344,0.1006447,0.04986036,-0.05400801,0.000465855,0.2996763,-0.01069254,-0.9539809,-0.5717809,-0.005519765,0.8203878,0.06793299,0.0549134,-0.1833666,-0.009357731,-0.02828775,0.008277221,0.9995217,-0.05670335,0.01823822,0.9982245
Fixation,4.7485,0.03252424,0.04971123,-0.05711304,-0.1195688,0.2637301,-0.01378805,-0.9570578,-0.5015126,-0.2361412,0.8322995,0.1006289,0.0498749,-0.05399403,0.0004951424,0.29972,-0.01069699,-0.9539672,-0.5718567,-0.005467504,0.8203353,0.06791812,0.05492771,-0.1833559,-0.009387036,-0.02833365,0.008273245,0.9995202,-0.05679543,0.01829624,0.9982182
Fixation,4.7605,0.03252234,0.04972219,-0.05710733,-0.1196114,0.2638742,-0.01374167,-0.9570134,-0.501775,-0.2361916,0.832127,0.1006262,0.04987872,-0.05396874,0.000454057,0.2998576,-0.01063136,-0.9539247,-0.5720928,-0.005509514,0.8201705,0.06791852,0.05493593,-0.1833394,-0.009329344,-0.02847715,0.008220435,0.9995171,-0.05708018,0.01818149,0.9982041
Fixation,4.7704,0.03248996,0.04967499,-0.05713911,-0.1197186,0.2638874,-0.01387703,-0.9569944,-0.5017549,-0.2364641,0.8320618,0.1005935,0.04985237,-0.0539961,0.0004969435,0.2997309,-0.01075436,-0.9539631,-0.5718751,-0.005498698,0.8203223,0.06788491,0.05490065,-0.1833682,-0.009255878,-0.02851153,0.008374589,0.9995155,-0.05715046,0.01802524,0.9982029
Fixation,4.7818,0.03248658,0.04964411,-0.05713976,-0.1201304,0.2637924,-0.01383946,-0.9569696,-0.5015575,-0.2372237,0.8319646,0.1005894,0.04981673,-0.05397999,0.0003943052,0.2998492,-0.01069089,-0.9539267,-0.5720767,-0.00565903,0.8201807,0.06788337,0.05486917,-0.1833589,-0.009139606,-0.02863487,0.008340758,0.9995134,-0.05739433,0.01779264,0.998193
Fixation,4.7927,0.03249636,0.04965007,-0.05712641,-0.1200954,0.263891,-0.01372922,-0.9569483,-0.5017625,-0.2370963,0.8318772,0.1005987,0.04980552,-0.05395477,0.0004335251,0.2999323,-0.01057054,-0.9539019,-0.5722212,-0.005513811,0.8200809,0.06789555,0.05486619,-0.1833394,-0.009144395,-0.02872086,0.008213768,0.9995119,-0.05756389,0.01780805,0.998183
Fixation,4.8039,0.03251113,0.04966056,-0.0570985,-0.1200029,0.2639289,-0.01361474,-0.9569511,-0.5018666,-0.2368604,0.8318816,0.1006133,0.04979753,-0.05392373,0.0005725566,0.2998805,-0.01045411,-0.9539194,-0.5721356,-0.005177618,0.8201427,0.06791205,0.05486608,-0.1833105,-0.009206699,-0.0287422,0.00807673,0.9995118,-0.05760505,0.01794012,0.9981782
Fixation,4.8150,0.03249036,0.04967928,-0.05708217,-0.1205368,0.2635676,-0.01335458,-0.9569873,-0.5012422,-0.237744,0.832006,0.1005933,0.04977977,-0.05392236,0.000631617,0.2997757,-0.01019316,-0.9539551,-0.571958,-0.004906256,0.8202682,0.06789269,0.05486619,-0.1833017,-0.009192658,-0.02863009,0.007810208,0.9995173,-0.05737614,0.01792923,0.9981917
Fixation,4.8261,0.03251619,0.04969537,-0.05704974,-0.1205147,0.2635258,-0.01319821,-0.9570038,-0.5012091,-0.2376222,0.8320608,0.1006196,0.04977512,-0.05389849,0.0006593764,0.2997158,-0.01004423,-0.9539754,-0.5718563,-0.00476277,0.82034,0.06791929,0.05487168,-0.1832735,-0.009178921,-0.02856599,0.007659714,0.9995204,-0.05724519,0.01791142,0.9981995
Fixation,4.8370,0.03254276,0.0496999,-0.05702571,-0.120505,0.2634364,-0.01324286,-0.957029,-0.5010409,-0.2376309,0.8321596,0.1006467,0.04978669,-0.05388626,0.0008461275,0.2994886,-0.01009407,-0.9540461,-0.5714691,-0.004431628,0.8206117,0.06794427,0.05487967,-0.1832559,-0.00920206,-0.02847965,0.007711817,0.9995223,-0.05707403,0.01795607,0.9982085
Fixation,4.8485,0.03255058,0.04969203,-0.05702588,-0.12107,0.2633674,-0.01333137,-0.9569754,-0.5008442,-0.2387441,0.8319593,0.1006546,0.04979134,-0.053889,0.000773109,0.2994712,-0.01016957,-0.9540509,-0.5714373,-0.004615813,0.8206328,0.06795088,0.05487907,-0.1832569,-0.009152384,-0.02846203,0.007804445,0.9995225,-0.05703973,0.01785177,0.9982123
Fixation,4.8598,0.03255158,0.0496664,-0.05702951,-0.1210521,0.2632025,-0.01341556,-0.9570219,-0.5005332,-0.2387611,0.8321416,0.1006566,0.04977906,-0.05391437,0.0007879063,0.2993185,-0.01027463,-0.9540976,-0.5711744,-0.004647296,0.8208156,0.06794889,0.05485952,-0.1832723,-0.009195506,-0.028303,0.007902415,0.9995258,-0.05672449,0.01793497,0.9982288
Fixation,4.8708,0.03257315,0.04967129,-0.05702107,-0.1212513,0.2632697,-0.01351196,-0.9569768,-0.5006093,-0.239184,0.8319743,0.1006776,0.04980159,-0.0538943,0.0006179637,0.2993329,-0.01035265,-0.9540924,-0.5711953,-0.005018589,0.8207988,0.0679701,0.05487621,-0.1832561,-0.009020776,-0.02839071,0.008033865,0.9995239,-0.05689932,0.01757679,0.9982252
Fixation,4.8816,0.03259298,0.04966474,-0.05701192,-0.121602,0.2630654,-0.01354755,-0.956988,-0.5002061,-0.239871,0.8320191,0.1006979,0.04980206,-0.05389628,0.0005518515,0.2992555,-0.01038919,-0.9541163,-0.5710605,-0.005164985,0.8208917,0.06798835,0.05487418,-0.1832522,-0.00896725,-0.02830986,0.008087479,0.9995263,-0.05673794,0.01746809,0.9982363
Fixation,4.8930,0.03255713,0.04965079,-0.05703889,-0.121671,0.2629662,-0.01361531,-0.9570056,-0.500007,-0.2400403,0.83209,0.1006626,0.04980063,-0.0539358,0.000479824,0.299168,-0.01046634,-0.954143,-0.5709081,-0.005346743,0.8209966,0.06795037,0.05486739,-0.1832852,-0.008919097,-0.02821886,0.008181828,0.9995285,-0.05655706,0.01736802,0.9982483
Fixation,4.9039,0.03257218,0.04965639,-0.05701983,-0.1216869,0.262877,-0.01351358,-0.9570295,-0.4998732,-0.2400208,0.8321759,0.1006783,0.04979491,-0.05393092,0.0006362186,0.2989012,-0.01037038,-0.9542275,-0.5704527,-0.004985241,0.8213153,0.06796498,0.05486774,-0.1832732,-0.008882686,-0.02811429,0.008099084,0.9995325,-0.05634618,0.01730167,0.9982614
Fixation,4.9150,0.03257519,0.04966664,-0.05700894,-0.1219668,0.2627729,-0.01346051,-0.9570232,-0.499676,-0.2405242,0.832149,0.1006816,0.04979682,-0.05392636,0.0006631194,0.2988567,-0.01031573,-0.9542421,-0.5703771,-0.004900296,0.8213684,0.06796803,0.05487347,-0.1832657,-0.008893789,-0.02806724,0.008039431,0.9995341,-0.05625134,0.017328,0.9982663
Fixation,4.9259,0.03256676,0.0496707,-0.05699767,-0.1218886,0.2627362,-0.01342237,-0.9570438,-0.499628,-0.2403585,0.8322257,0.1006735,0.0497942,-0.05392111,0.0007431558,0.2988139,-0.01028558,-0.9542557,-0.570305,-0.004728629,0.8214194,0.06795959,0.05487299,-0.1832582,-0.008962685,-0.02802215,0.007988898,0.9995352,-0.05616144,0.01746931,0.9982688
Fixation,4.9370,0.03251769,0.04963064,-0.0570242,-0.1218866,0.262805,-0.01352584,-0.9570237,-0.4997241,-0.2404061,0.8321543,0.1006239,0.04976666,-0.05393624,0.0008155466,0.298818,-0.01037688,-0.9542534,-0.570313,-0.004645119,0.8214143,0.06791063,0.05483913,-0.1832791,-0.008986495,-0.02810652,0.008079212,0.9995319,-0.05633193,0.01751042,0.9982585
Fixation,4.9483,0.03249089,0.04959989,-0.0570254,-0.1221639,0.2626036,-0.01358726,-0.9570428,-0.499326,-0.2409683,0.8322307,0.1005967,0.04974425,-0.05392854,0.0007534502,0.2988807,-0.0104243,-0.9542333,-0.5704195,-0.004793307,0.8213395,0.06788398,0.05481339,-0.1832752,-0.008939523,-0.02817262,0.008141376,0.99953,-0.05646431,0.01741191,0.9982527
Fixation,4.9589,0.03246648,0.0495801,-0.05701789,-0.122356,0.2627055,-0.01369547,-0.9569887,-0.4994609,-0.2413824,0.8320296,0.1005714,0.04974294,-0.05390432,0.0005562087,0.2989993,-0.01051114,-0.9541953,-0.5706191,-0.005224182,0.8211982,0.06785961,0.05480576,-0.1832573,-0.008773118,-0.02829752,0.008277913,0.9995268,-0.0567135,0.01706944,0.9982446
Fixation,4.9704,0.03239015,0.04951036,-0.05705145,-0.1222691,0.262825,-0.01381828,-0.9569653,-0.4996496,-0.2412781,0.8319466,0.1004942,0.04968476,-0.0539193,0.0007396844,0.2990449,-0.01061757,-0.9541797,-0.5707009,-0.004938679,0.8211432,0.06778414,0.05474019,-0.1832823,-0.008882889,-0.02843395,0.008360208,0.9995213,-0.0569892,0.01728185,0.9982252
Fixation,4.9816,0.03235936,0.04948926,-0.05706389,-0.122312,0.2628647,-0.01386594,-0.9569481,-0.4997039,-0.2413821,0.8318838,0.1004631,0.04967058,-0.05392521,0.0006948487,0.2990909,-0.01065808,-0.9541649,-0.5707788,-0.005049467,0.8210883,0.0677534,0.05472326,-0.1832911,-0.008850669,-0.02848244,0.008411117,0.9995198,-0.05708642,0.0172137,0.9982209
Fixation,4.9926,0.03233729,0.04947805,-0.05707319,-0.122866,0.2627526,-0.01396225,-0.9569065,-0.4994284,-0.2424799,0.83173,0.1004401,0.04967213,-0.0539147,0.00057443,0.2992305,-0.01072222,-0.9541205,-0.5710163,-0.005320684,0.8209215,0.06773212,0.05472028,-0.1832891,-0.008751983,-0.02862928,0.008504812,0.9995156,-0.0573797,0.01700851,0.9982075
Fixation,5.0040,0.03232795,0.049492,-0.05708162,-0.1227367,0.2628014,-0.01389988,-0.9569106,-0.4995429,-0.242202,0.8317422,0.1004305,0.04967308,-0.05391775,0.0008870992,0.2991489,-0.01065323,-0.9541466,-0.5708827,-0.004680959,0.8210183,0.06772431,0.05472577,-0.1832958,-0.0088623,-0.02866723,0.008407869,0.9995143,-0.05745563,0.01723393,0.9981993
Fixation,5.0152,0.0323123,0.049492,-0.05710896,-0.1215377,0.2629957,-0.01389285,-0.9570104,-0.5000021,-0.2399331,0.8321238,0.1004146,0.04967332,-0.05393862,0.0009590792,0.2991936,-0.01067317,-0.9541323,-0.5709609,-0.004556514,0.8209646,0.06770928,0.05472469,-0.1833206,-0.008936912,-0.02871427,0.008407263,0.9995124,-0.0575508,0.01738229,0.9981912
Fixation,5.0260,0.0322971,0.0495199,-0.05713324,-0.1213911,0.2630169,-0.01390686,-0.957023,-0.5000501,-0.2396635,0.8321726,0.1003993,0.04969835,-0.05396011,0.001106242,0.2992118,-0.01068998,-0.9541262,-0.5709953,-0.004286148,0.8209421,0.06769463,0.05474877,-0.1833449,-0.009083072,-0.02873358,0.00838335,0.9995107,-0.05759134,0.01767549,0.9981838
Fixation,5.0369,0.0323015,0.04954398,-0.0571405,-0.121363,0.2630664,-0.01385995,-0.9570136,-0.5001521,-0.2395843,0.8321342,0.1004034,0.04971457,-0.05396133,0.001314663,0.2992236,-0.01063291,-0.9541229,-0.5710201,-0.003854533,0.820927,0.0677002,0.05476856,-0.1833491,-0.009097802,-0.02877743,0.008325189,0.9995098,-0.05767813,0.01770753,0.9981782
Fixation,5.0484,0.03230064,0.04957128,-0.05715698,-0.1211025,0.2630839,-0.01382538,-0.9570423,-0.5002162,-0.2390749,0.8322421,0.1004022,0.04973018,-0.05397048,0.001530892,0.2992732,-0.01060065,-0.9541074,-0.57111,-0.003423711,0.8208665,0.067701,0.05478668,-0.1833638,-0.009297047,-0.02882918,0.008235136,0.9995072,-0.05778307,0.01811011,0.9981649
Fixation,5.0591,0.03233711,0.04957926,-0.05717349,-0.1211597,0.2631047,-0.01384521,-0.957029,-0.5002427,-0.2391923,0.8321925,0.1004385,0.0497421,-0.05398357,0.001472606,0.2992976,-0.01061546,-0.9540997,-0.5711508,-0.003544339,0.8208376,0.06773746,0.05479765,-0.183378,-0.00924494,-0.02885487,0.008265102,0.9995067,-0.05783409,0.01800378,0.9981639
Fixation,5.0707,0.03237281,0.04959977,-0.05718106,-0.1210516,0.2631375,-0.01385095,-0.9570336,-0.5003096,-0.2389904,0.8322103,0.100474,0.04975963,-0.05398675,0.001617574,0.2991737,-0.01061902,-0.9541382,-0.5709404,-0.003267087,0.820985,0.06777383,0.05481493,-0.1833844,-0.00935102,-0.02888616,0.008240857,0.999505,-0.05789784,0.01821669,0.9981563
Fixation,5.0818,0.03240016,0.04963648,-0.05717961,-0.1212599,0.2627006,-0.0138665,-0.957127,-0.4995129,-0.2394077,0.8325688,0.1005017,0.04979503,-0.05399129,0.001727545,0.2991307,-0.01063799,-0.9541513,-0.5708687,-0.003067619,0.8210356,0.0678008,0.05484915,-0.1833872,-0.009462072,-0.02884142,0.008229462,0.9995053,-0.05781004,0.01844008,0.9981573
Fixation,5.0927,0.03242581,0.04964125,-0.05722142,-0.121204,0.2627026,-0.01374559,-0.9571354,-0.4995517,-0.2392393,0.8325939,0.1005275,0.04978204,-0.05403505,0.0017881,0.2991167,-0.01052005,-0.9541569,-0.5708461,-0.002881187,0.821052,0.06782763,0.05484438,-0.1834303,-0.009488353,-0.02882577,0.008099584,0.9995067,-0.05777681,0.01850039,0.9981581
Fixation,5.1037,0.03245223,0.0496465,-0.05723881,-0.1211879,0.2626392,-0.01367235,-0.9571558,-0.4994594,-0.2391732,0.8326683,0.1005544,0.04977822,-0.05406261,0.001812675,0.2987918,-0.01045424,-0.9542594,-0.5702877,-0.002787759,0.8214403,0.06785382,0.05484486,-0.1834529,-0.00948922,-0.02875045,0.008033376,0.9995093,-0.05762514,0.0185072,0.9981667
Fixation,5.1147,0.03249902,0.04964006,-0.05723575,-0.1212551,0.2625875,-0.01355684,-0.9571632,-0.4993905,-0.2392416,0.83269,0.1006016,0.04975939,-0.05406856,0.001749098,0.2987293,-0.01034377,-0.9542803,-0.5701792,-0.002841716,0.8215154,0.06790069,0.05483353,-0.1834536,-0.009398165,-0.0286841,0.007944622,0.9995128,-0.05748957,0.0183314,0.9981778
Fixation,5.1261,0.0325601,0.0498935,-0.05713346,-0.1219628,0.2622307,-0.01353153,-0.9571714,-0.4986988,-0.2405755,0.8327202,0.1006287,0.04975629,-0.0540853,0.001719196,0.2985989,-0.01031709,-0.9543214,-0.5699541,-0.002880013,0.8216715,0.06792539,0.05483222,-0.183461,-0.009362358,-0.02854724,0.007927728,0.9995171,-0.05721537,0.01826304,0.9981948
Fixation,5.1377,0.03257616,0.04989362,-0.05713274,-0.1219783,0.2621898,-0.01353834,-0.9571806,-0.4986232,-0.2406097,0.8327556,0.100645,0.04975855,-0.05409016,0.001707744,0.2983834,-0.01032717,-0.9543887,-0.5695827,-0.002903208,0.8219289,0.06794078,0.05483365,-0.1834631,-0.009350279,-0.02850658,0.00794321,0.9995183,-0.05713423,0.01823868,0.9981999
Fixation,5.1510,0.03260643,0.04990733,-0.05712608,-0.1226001,0.26205,-0.013669,-0.9571375,-0.4982842,-0.2418543,0.832598,0.1006756,0.04978871,-0.0540905,0.001692721,0.2983342,-0.01044844,-0.9544028,-0.5694973,-0.00300318,0.8219877,0.06796922,0.05485559,-0.1834603,-0.009368772,-0.02845608,0.008064264,0.9995186,-0.05703588,0.01826957,0.9982049
Fixation,5.1622,0.03263055,0.04990745,-0.05711577,-0.1226098,0.2620421,-0.01372171,-0.9571377,-0.498256,-0.2419002,0.8326015,0.1006998,0.04979622,-0.05408036,0.00175069,0.2981808,-0.01049831,-0.9544501,-0.5692341,-0.002918896,0.8221703,0.06799278,0.0548594,-0.1834501,-0.009371947,-0.0284553,0.008118323,0.9995182,-0.05703535,0.01827284,0.9982049
Fixation,5.1740,0.03258054,0.04987574,-0.05713308,-0.1226794,0.2620727,-0.0137985,-0.9571193,-0.4982841,-0.2420702,0.8325353,0.1006495,0.0497762,-0.05409188,0.001677801,0.2982221,-0.01056779,-0.9544365,-0.5693036,-0.003100389,0.8221215,0.06794244,0.0548346,-0.1834639,-0.009320542,-0.02849909,0.008204744,0.9995167,-0.05712359,0.01816442,0.9982018
Fixation,5.1845,0.03258293,0.04987442,-0.0571315,-0.1234377,0.2618589,-0.01379128,-0.9570804,-0.4978353,-0.2435024,0.8323861,0.1006522,0.04977357,-0.05409617,0.001633028,0.2981815,-0.01054586,-0.9544496,-0.5692329,-0.003171877,0.8221702,0.06794437,0.05483341,-0.1834649,-0.009271568,-0.02845638,0.008195972,0.9995185,-0.05703733,0.01806775,0.9982085
Fixation,5.1954,0.03260693,0.04987121,-0.05712059,-0.1234154,0.2618157,-0.01378672,-0.9570951,-0.4977621,-0.2434597,0.8324424,0.1006764,0.04976988,-0.05409145,0.001655663,0.2981379,-0.01054782,-0.9544632,-0.5691582,-0.003128868,0.8222221,0.06796783,0.0548296,-0.1834574,-0.009293957,-0.02841072,0.008191943,0.9995196,-0.05694641,0.01811351,0.9982129
Fixation,5.2070,0.0326028,0.04986906,-0.05713128,-0.1235069,0.2618519,-0.01370768,-0.9570746,-0.4978376,-0.2435895,0.8323593,0.1006721,0.04975939,-0.05409821,0.001668246,0.297963,-0.010457,-0.9545187,-0.5688573,-0.003046855,0.8224306,0.06796463,0.05482483,-0.183465,-0.009184467,-0.02844008,0.008132684,0.9995202,-0.05700227,0.01789753,0.9982136
Fixation,5.2182,0.03260758,0.04985452,-0.05713778,-0.1242552,0.2615368,-0.01367507,-0.9570644,-0.4972167,-0.2449935,0.8323183,0.1006766,0.04973841,-0.0540984,0.001635025,0.2980078,-0.01039987,-0.9545054,-0.5689341,-0.003077202,0.8223774,0.06797044,0.05480766,-0.1834677,-0.009136951,-0.02848652,0.008086454,0.9995197,-0.05709344,0.01780441,0.9982101
Fixation,5.2291,0.03262764,0.04984426,-0.0571363,-0.1241955,0.2615115,-0.01364477,-0.9570795,-0.4971853,-0.2448665,0.8323744,0.1006968,0.04972279,-0.05410115,0.001696205,0.2979774,-0.01037547,-0.954515,-0.5688831,-0.002945204,0.8224131,0.06799051,0.05479372,-0.1834689,-0.009189287,-0.02845459,0.008046554,0.9995205,-0.05702978,0.01791184,0.9982118
Fixation,5.2399,0.03263841,0.04986382,-0.05712626,-0.1241825,0.2616058,-0.01365993,-0.9570552,-0.4973497,-0.244846,0.8322822,0.100707,0.04974246,-0.05407767,0.001802929,0.2980629,-0.0103759,-0.9544882,-0.5690325,-0.002743595,0.8223105,0.06800254,0.05481327,-0.183452,-0.009202217,-0.02855308,0.008045711,0.9995176,-0.0572267,0.01793609,0.9982001
Fixation,5.2513,0.03264527,0.04986715,-0.05712986,-0.1246223,0.2613704,-0.01366423,-0.9570623,-0.4968898,-0.2456855,0.8323095,0.100714,0.04974544,-0.05408407,0.001799067,0.2980433,-0.01037216,-0.9544943,-0.5689985,-0.002748309,0.8223339,0.06800916,0.05481648,-0.183457,-0.009197515,-0.02853252,0.008043252,0.9995182,-0.05718551,0.01792718,0.9982026
Fixation,5.2623,0.0326416,0.04985487,-0.05714835,-0.1245995,0.2613727,-0.01360413,-0.9570655,-0.4969115,-0.2456112,0.8323185,0.1007103,0.04972446,-0.05410335,0.001824248,0.2980376,-0.0103132,-0.9544967,-0.5689894,-0.002664963,0.8223405,0.06800605,0.05479968,-0.183476,-0.009205802,-0.02852612,0.007979697,0.9995188,-0.05717171,0.01794749,0.998203
Fixation,5.2733,0.03266362,0.04985034,-0.05713867,-0.1246296,0.261356,-0.01359886,-0.9570662,-0.4968803,-0.2456658,0.832321,0.1007325,0.04972053,-0.05409604,0.001897972,0.2979399,-0.0103055,-0.9545271,-0.5688226,-0.00251751,0.8224564,0.0680278,0.05479586,-0.1834672,-0.009175663,-0.02850907,0.007983916,0.9995195,-0.05713727,0.01788728,0.9982061
Fixation,5.2851,0.03268478,0.04984915,-0.05712683,-0.1252473,0.2611519,-0.01354924,-0.9570419,-0.4964726,-0.2468106,0.8322256,0.1007537,0.04971349,-0.05408538,0.001814162,0.2979329,-0.01024019,-0.9545302,-0.568809,-0.002638432,0.8224654,0.06804923,0.05479312,-0.183455,-0.009077317,-0.02850111,0.007943755,0.999521,-0.05711913,0.01769313,0.9982105
Fixation,5.2956,0.03268675,0.04982448,-0.05711668,-0.1253017,0.2610871,-0.01355487,-0.9570524,-0.4963513,-0.2469187,0.832266,0.100756,0.04969227,-0.05408404,0.00175902,0.2978716,-0.01025219,-0.9545493,-0.5687024,-0.00274953,0.8225388,0.0680501,0.05477107,-0.183449,-0.009027575,-0.02843706,0.007970528,0.999523,-0.0569909,0.01759322,0.9982197
Fixation,5.3065,0.03270878,0.04980385,-0.05709899,-0.1254322,0.2610648,-0.01353866,-0.9570416,-0.4963034,-0.2471566,0.8322239,0.1007782,0.0496738,-0.05406944,0.001807299,0.297729,-0.0102281,-0.954594,-0.5684575,-0.002639932,0.8227084,0.06807164,0.05475366,-0.1834316,-0.008896713,-0.02841591,0.007988513,0.9995247,-0.05694694,0.01733097,0.9982268
Fixation,5.3177,0.03271572,0.04979575,-0.05707838,-0.1259054,0.2609873,-0.01345646,-0.9570019,-0.4961421,-0.2480073,0.832067,0.1007855,0.04965401,-0.05405638,0.001808821,0.2976762,-0.01013962,-0.9546114,-0.5683668,-0.002583203,0.8227712,0.06807872,0.05473983,-0.1834146,-0.008874319,-0.02835995,0.007903158,0.9995272,-0.05683336,0.01729198,0.9982339
Fixation,5.3292,0.03273434,0.04979718,-0.05705827,-0.1258718,0.2609464,-0.01345928,-0.9570172,-0.4960722,-0.2479473,0.8321265,0.1008043,0.04965556,-0.05404202,0.001842429,0.2976354,-0.01014914,-0.9546239,-0.5682972,-0.002523836,0.8228195,0.06809682,0.05474067,-0.1833979,-0.00890931,-0.02831738,0.007903426,0.9995281,-0.05674886,0.0173626,0.9982375
Fixation,5.3438,0.03273936,0.04976869,-0.05703558,-0.1258826,0.2609349,-0.01359213,-0.9570172,-0.4960164,-0.248037,0.8321331,0.1008094,0.04964507,-0.05401856,0.001902622,0.2975082,-0.01027885,-0.9546621,-0.5680787,-0.002483365,0.8229705,0.06810059,0.05472124,-0.183375,-0.008930089,-0.02832393,0.008035413,0.9995266,-0.05676455,0.01739653,0.998236
Fixation,5.3579,0.03274973,0.04977834,-0.05702689,-0.1265377,0.2606669,-0.01359193,-0.9570038,-0.4954786,-0.2492801,0.8320819,0.1008198,0.04965127,-0.0540124,0.001948961,0.2974899,-0.01026521,-0.9546678,-0.568048,-0.002386372,0.822992,0.068111,0.05472851,-0.1833681,-0.008971038,-0.02830467,0.00800983,0.999527,-0.05672627,0.01748016,0.9982367
Fixation,5.3641,0.03275858,0.04977453,-0.0570229,-0.1265367,0.2606702,-0.0135109,-0.9570042,-0.4955056,-0.249236,0.8320791,0.1008287,0.04963672,-0.05400941,0.001952943,0.297483,-0.01018455,-0.9546708,-0.5680365,-0.002330627,0.8230001,0.06812054,0.05471933,-0.1833644,-0.008953075,-0.0282969,0.007931131,0.999528,-0.0567091,0.01744884,0.9982383
Fixation,5.3736,0.03275164,0.04976118,-0.05703683,-0.1266486,0.2606736,-0.01353805,-0.9569881,-0.4954939,-0.2494605,0.8320188,0.1008217,0.04963028,-0.05402209,0.001996281,0.2973525,-0.01020126,-0.9547112,-0.5678122,-0.002254997,0.823155,0.06811317,0.05471134,-0.1833766,-0.008849488,-0.0283076,0.007983084,0.9995282,-0.05672979,0.01723866,0.9982407
Fixation,5.3851,0.0327557,0.04975104,-0.05704768,-0.1273549,0.2604464,-0.01356048,-0.9569559,-0.4950174,-0.2508096,0.8318968,0.1008259,0.04962325,-0.05403501,0.001926722,0.2973388,-0.01020724,-0.9547156,-0.5677872,-0.002391071,0.8231719,0.06811678,0.05470383,-0.1833879,-0.008784155,-0.02829323,0.008007698,0.999529,-0.05670048,0.01710691,0.9982446
Fixation,5.3959,0.03276411,0.04974842,-0.05705097,-0.1273511,0.2604472,-0.01357033,-0.956956,-0.4950167,-0.2508075,0.8318979,0.1008343,0.0496217,-0.05403802,0.001930149,0.2973407,-0.01021703,-0.9547148,-0.5677905,-0.002390394,0.8231696,0.06812513,0.05470157,-0.1833911,-0.008790095,-0.02829532,0.00801619,0.9995288,-0.05670489,0.01711827,0.9982442
Fixation,5.4069,0.03277545,0.04974639,-0.05705081,-0.1273543,0.260518,-0.01358907,-0.9569361,-0.495137,-0.2508202,0.8318225,0.1008452,0.04962111,-0.0540276,0.00192123,0.2974065,-0.01022606,-0.9546943,-0.5679038,-0.002414217,0.8230914,0.06813733,0.05470026,-0.1833856,-0.008788763,-0.02837069,0.008025488,0.9995266,-0.05685558,0.01711383,0.9982357
Fixation,5.4178,0.03275515,0.0497371,-0.05706645,-0.127779,0.2601989,-0.01359806,-0.9569662,-0.494528,-0.2516368,0.8319381,0.1008248,0.04961193,-0.05404234,0.001913454,0.297413,-0.01022465,-0.9546923,-0.5679148,-0.002428365,0.8230838,0.0681171,0.05469131,-0.1834007,-0.008780885,-0.02837741,0.008026203,0.9995265,-0.0568689,0.01709793,0.9982352
Fixation,5.4288,0.03275224,0.04974008,-0.05707715,-0.1277075,0.2601764,-0.01368858,-0.9569805,-0.4944713,-0.25155,0.8319981,0.100822,0.04962516,-0.05405474,0.001982185,0.2974,-0.01032015,-0.9546952,-0.5678936,-0.002353664,0.8230986,0.06811333,0.05469799,-0.1834132,-0.008872882,-0.02836459,0.008099639,0.9995254,-0.05684598,0.01727786,0.9982334
Fixation,5.4401,0.03275474,0.04974473,-0.05708255,-0.1276553,0.2602331,-0.01371752,-0.9569716,-0.4945692,-0.2514646,0.8319657,0.1008242,0.049631,-0.05405184,0.002123896,0.2973524,-0.01034001,-0.9547095,-0.5678142,-0.002093846,0.8231541,0.06811653,0.0547024,-0.1834149,-0.008928686,-0.02842512,0.008107685,0.9995232,-0.05696792,0.01738793,0.9982246
Fixation,5.4521,0.03275051,0.04973292,-0.05709994,-0.1279863,0.2601371,-0.01374819,-0.9569531,-0.494359,-0.2521066,0.8318964,0.1008198,0.0496223,-0.05406717,0.002113057,0.2973669,-0.01036043,-0.9547048,-0.5678391,-0.002127011,0.8231369,0.06811226,0.05469227,-0.1834311,-0.008923747,-0.02844047,0.008130216,0.9995226,-0.05699889,0.01737652,0.998223
Fixation,5.4624,0.03274537,0.04971457,-0.05712352,-0.1280426,0.2601724,-0.01378205,-0.9569355,-0.4944071,-0.2522284,0.8318308,0.1008144,0.04960954,-0.05408505,0.00205513,0.2974076,-0.01038696,-0.9546919,-0.5679079,-0.002254291,0.8230891,0.06810723,0.05467761,-0.1834513,-0.008875087,-0.02848317,0.008171233,0.9995215,-0.05708412,0.01727619,0.9982199
Fixation,5.4733,0.03275275,0.04971647,-0.05713713,-0.1280631,0.2602143,-0.01375124,-0.9569218,-0.4944873,-0.2522493,0.8317767,0.1008216,0.04960728,-0.05409331,0.00210391,0.2973247,-0.01034727,-0.9547181,-0.5677661,-0.002135719,0.8231872,0.0681154,0.05467784,-0.1834618,-0.008846289,-0.0285225,0.008140732,0.9995208,-0.05716169,0.01721971,0.9982165
Fixation,5.4846,0.03275879,0.04972839,-0.05715562,-0.1280581,0.2602108,-0.01379036,-0.9569228,-0.4944713,-0.2522602,0.8317829,0.1008276,0.0496242,-0.0541116,0.002107518,0.297326,-0.01038668,-0.9547172,-0.5677684,-0.002152295,0.8231856,0.0681211,0.05469203,-0.1834804,-0.008860403,-0.02852417,0.008177699,0.9995204,-0.05716589,0.01724578,0.9982157
Fixation,5.4955,0.03274562,0.04971707,-0.05716711,-0.128302,0.2601423,-0.0137174,-0.9569099,-0.4943455,-0.2526838,0.8317292,0.1008142,0.04960084,-0.05411857,0.002138394,0.2973574,-0.01030304,-0.9547082,-0.5678232,-0.002044287,0.823148,0.06810923,0.05467451,-0.1834895,-0.008867508,-0.0285565,0.008088693,0.9995201,-0.05722904,0.01726454,0.9982118
Fixation,5.5067,0.03275115,0.04973733,-0.05719412,-0.1282608,0.2601476,-0.01373637,-0.9569137,-0.4943539,-0.252616,0.8317448,0.1008197,0.0496223,-0.0541446,0.002262734,0.297208,-0.01031934,-0.9547544,-0.5675679,-0.001813271,0.8233246,0.06811479,0.05469453,-0.1835165,-0.008912057,-0.02856332,0.008096615,0.9995195,-0.0572435,0.01735302,0.9982094
Fixation,5.5180,0.03275687,0.04977,-0.05721828,-0.1281907,0.2601519,-0.01372835,-0.956922,-0.4943705,-0.2524799,0.8317763,0.1008254,0.04965162,-0.05416848,0.002333727,0.2972091,-0.01031358,-0.9547539,-0.5675712,-0.001674308,0.8233227,0.06812079,0.05472457,-0.1835412,-0.008978858,-0.02856445,0.008071903,0.9995191,-0.05724637,0.01748794,0.9982069
Fixation,5.5288,0.03276609,0.04980791,-0.05723641,-0.1287629,0.2599618,-0.01377368,-0.9568962,-0.4939659,-0.2535867,0.8316799,0.1008345,0.04969215,-0.05418257,0.002367257,0.297237,-0.01034127,-0.9547448,-0.56762,-0.001627363,0.8232891,0.06813022,0.05476308,-0.1835576,-0.009018579,-0.02859394,0.0080894,0.9995177,-0.0573062,0.01756584,0.9982021
Fixation,5.5400,0.03276235,0.0498054,-0.05728763,-0.1285391,0.2599866,-0.01378118,-0.9569194,-0.4940296,-0.2531689,0.8317693,0.1008306,0.04968357,-0.05423077,0.002610042,0.2971947,-0.01035327,-0.9547573,-0.5675517,-0.001169964,0.823337,0.0681273,0.05475402,-0.1836095,-0.009238965,-0.02861339,0.008040964,0.9995155,-0.05734763,0.01800882,0.9981918
Fixation,5.5517,0.03277473,0.04984021,-0.05731783,-0.1283858,0.2595274,-0.01383124,-0.957064,-0.4932172,-0.252926,0.8323253,0.1008431,0.04972482,-0.05426366,0.002652311,0.2971753,-0.0104141,-0.9547625,-0.567519,-0.001124973,0.8233595,0.06813897,0.05479121,-0.1836416,-0.009296098,-0.02859356,0.008088208,0.9995152,-0.05730977,0.01812064,0.998192
Fixation,5.5626,0.03278292,0.04987144,-0.05734095,-0.1282868,0.2595315,-0.01383703,-0.957076,-0.4932325,-0.2527427,0.8323718,0.1008513,0.0497539,-0.05428635,0.002751809,0.2971771,-0.01042323,-0.9547615,-0.5675238,-0.0009404491,0.8233564,0.06814741,0.05481982,-0.1836655,-0.009394365,-0.02859553,0.008070149,0.9995143,-0.05731491,0.01831806,0.9981881
Fixation,5.5733,0.03277059,0.04989612,-0.05734354,-0.128149,0.2595124,-0.0137986,-0.9571002,-0.4932221,-0.2524647,0.8324623,0.1008391,0.04976964,-0.05429267,0.002890491,0.297117,-0.01039312,-0.9547802,-0.567423,-0.0006563757,0.8234262,0.06813543,0.05483794,-0.1836713,-0.009521365,-0.02856624,0.008003601,0.9995145,-0.05725715,0.01857622,0.9981866
Fixation,5.5844,0.03278597,0.04993188,-0.05735506,-0.1280684,0.2594602,-0.01375575,-0.9571258,-0.4931488,-0.2522933,0.8325577,0.1008548,0.04979837,-0.05431247,0.002973255,0.297058,-0.01036102,-0.9547986,-0.5673227,-0.0004779263,0.8234954,0.06815059,0.05486894,-0.1836878,-0.009592478,-0.02850423,0.00795061,0.999516,-0.0571334,0.01872242,0.998191
Fixation,5.5959,0.03280289,0.0499624,-0.05736536,-0.1265595,0.2601805,-0.0136497,-0.9571324,-0.4945993,-0.2493712,0.8325776,0.1008719,0.04981613,-0.05432653,0.003087969,0.2970302,-0.01029503,-0.9548076,-0.567277,-0.000219035,0.8235271,0.06816811,0.05489123,-0.183701,-0.009685174,-0.02847477,0.007856236,0.9995167,-0.0570742,0.01891358,0.9981908
Fixation,5.6070,0.03281729,0.04998195,-0.05737067,-0.1265051,0.2601181,-0.01367873,-0.9571562,-0.4944864,-0.2492865,0.8326701,0.1008867,0.0498389,-0.0543402,0.00327023,0.2969388,-0.01033043,-0.9548351,-0.5671227,0.0001100483,0.8236333,0.06818151,0.05491161,-0.1837113,-0.009747524,-0.02841298,0.007879841,0.9995177,-0.05695218,0.01903787,0.9981954
Fixation,5.6182,0.03279035,0.04998291,-0.05738433,-0.1264673,0.260048,-0.01363576,-0.9571809,-0.494377,-0.249196,0.8327621,0.1008602,0.04983437,-0.05436452,0.003309857,0.2968635,-0.01029881,-0.9548587,-0.5669935,0.0002062134,0.8237222,0.068154,0.05490923,-0.1837308,-0.009777245,-0.02833399,0.007839,0.9995199,-0.05679407,0.01910088,0.9982032
Fixation,5.6292,0.03280858,0.04998827,-0.05739011,-0.1252622,0.2606999,-0.01356406,-0.957163,-0.4956664,-0.246865,0.8326899,0.1008782,0.0498333,-0.0543661,0.003312775,0.2968929,-0.01025099,-0.95485,-0.5670444,0.0002395147,0.8236872,0.06817308,0.05491138,-0.1837342,-0.00976712,-0.0283645,0.007792047,0.9995196,-0.05685395,0.01908282,0.9982001
Fixation,5.6401,0.03282038,0.04998195,-0.0574026,-0.1253263,0.2606241,-0.01354194,-0.9571756,-0.4955316,-0.2469772,0.8327368,0.1008905,0.04982722,-0.05438943,0.003149382,0.2966681,-0.01023846,-0.9549206,-0.5666535,-6.003212E-05,0.8239562,0.06818383,0.05490625,-0.1837517,-0.009701897,-0.02828562,0.007795841,0.9995224,-0.05669549,0.01895351,0.9982116
Fixation,5.6512,0.03279919,0.04994166,-0.05741403,-0.1253976,0.2605866,-0.01348267,-0.9571773,-0.4954738,-0.2470824,0.8327401,0.1008696,0.04978204,-0.05440697,0.003079561,0.2966262,-0.01018201,-0.9549344,-0.5665799,-0.0001589451,0.8240068,0.0681624,0.05486476,-0.1837655,-0.0096195,-0.0282413,0.007760477,0.9995248,-0.05660507,0.01879152,0.9982198
Fixation,5.6623,0.03279224,0.04992819,-0.05742057,-0.1242101,0.2611511,-0.01348608,-0.9571782,-0.496586,-0.2448262,0.8327439,0.1008625,0.04977381,-0.05441163,0.00303658,0.2966399,-0.01021173,-0.95493,-0.5666027,-0.0002589701,0.8239911,0.06815522,0.05485451,-0.1837707,-0.009586106,-0.02825579,0.007800626,0.9995243,-0.05663425,0.01872227,0.9982194
Fixation,5.6737,0.03279451,0.04992259,-0.05742542,-0.1242485,0.2611381,-0.01347324,-0.957177,-0.4965627,-0.2448923,0.8327384,0.1008649,0.04976797,-0.05441843,0.003077768,0.2964703,-0.01019592,-0.9549827,-0.5663108,-0.000167144,0.8241917,0.06815732,0.05484939,-0.1837762,-0.009545961,-0.02824191,0.007798993,0.9995251,-0.05660589,0.01864234,0.9982225
Fixation,5.6844,0.03278619,0.0499208,-0.05742938,-0.1230677,0.2616058,-0.0134024,-0.9572028,-0.4975209,-0.2426138,0.8328335,0.1008569,0.04976177,-0.05442978,0.003065678,0.2964187,-0.01015994,-0.9549992,-0.5662215,-0.0001677522,0.8242531,0.06814862,0.05484569,-0.1837838,-0.009524691,-0.02818756,0.00776781,0.9995271,-0.05649643,0.01860246,0.9982295
Fixation,5.6956,0.03278261,0.04992783,-0.05742699,-0.1230636,0.2616253,-0.01343049,-0.9571975,-0.4975486,-0.24262,0.8328151,0.1008532,0.04977214,-0.05442417,0.003068832,0.2964411,-0.01018537,-0.9549919,-0.5662603,-0.0001773052,0.8242265,0.0681451,0.05485427,-0.1837798,-0.009534552,-0.02821125,0.00779136,0.9995261,-0.05654434,0.01862046,0.9982265
Fixation,5.7066,0.03276628,0.04992855,-0.05743299,-0.1230434,0.2615755,-0.01350324,-0.9572127,-0.4974438,-0.2426217,0.8328772,0.1008371,0.04978263,-0.05443596,0.003051231,0.2962802,-0.01026489,-0.9550411,-0.5659822,-0.0002544643,0.8244175,0.06812754,0.0548594,-0.1837892,-0.00957315,-0.02816914,0.007863161,0.9995264,-0.05646215,0.01869424,0.9982297
Fixation,5.7178,0.03275513,0.04993486,-0.0574351,-0.1231141,0.261571,-0.01357452,-0.9572039,-0.4974112,-0.2427919,0.8328471,0.1008256,0.04979765,-0.05442967,0.003038745,0.2963392,-0.01032723,-0.9550221,-0.5660837,-0.0003165868,0.8243477,0.06811655,0.05487013,-0.183787,-0.009577838,-0.02823127,0.007926322,0.9995241,-0.0565875,0.01869902,0.9982225
Fixation,5.7288,0.03273309,0.04995632,-0.05744095,-0.1230794,0.2615827,-0.01363111,-0.9572044,-0.4974209,-0.2427557,0.8328518,0.1008035,0.04982543,-0.05443298,0.003071681,0.2963565,-0.01038305,-0.955016,-0.5661142,-0.0002871579,0.8243268,0.06809431,0.05489409,-0.183792,-0.009624565,-0.02824988,0.007971137,0.9995228,-0.05662625,0.01878958,0.9982186
Fixation,5.7404,0.03271446,0.0499475,-0.05744237,-0.1230338,0.2616288,-0.01368202,-0.957197,-0.4974938,-0.2426944,0.8328261,0.1007845,0.04982114,-0.05442718,0.003272042,0.2963647,-0.01042442,-0.9550124,-0.5661321,7.082243E-05,0.8243145,0.06807604,0.05488682,-0.1837903,-0.009679525,-0.02830259,0.00800341,0.9995205,-0.05673298,0.01889673,0.9982105
Fixation,5.7517,0.03269861,0.04994118,-0.0574466,-0.123015,0.2617189,-0.01363672,-0.9571753,-0.4976668,-0.2426317,0.832741,0.1007682,0.04980671,-0.05441962,0.003292662,0.2964472,-0.01036838,-0.9549873,-0.566275,0.0001415452,0.8242164,0.06806188,0.05487621,-0.1837884,-0.009684199,-0.02838858,0.007943572,0.9995185,-0.05690368,0.01890806,0.9982006
Fixation,5.7621,0.03268575,0.04992461,-0.05746632,-0.1219598,0.2622135,-0.01356578,-0.957176,-0.49866,-0.2405883,0.8327397,0.1007547,0.04978752,-0.05442499,0.003146359,0.2965498,-0.01030879,-0.9549566,-0.5664493,-0.0001048669,0.8240966,0.06805049,0.05486083,-0.1837991,-0.009527133,-0.02849546,0.007925174,0.9995171,-0.0571144,0.0185934,0.9981945
Fixation,5.7735,0.03268997,0.04984593,-0.05747152,-0.1220765,0.2622253,-0.01355288,-0.9571581,-0.4986731,-0.2408008,0.8326705,0.1007588,0.04971039,-0.05442848,0.003029332,0.2965633,-0.01029022,-0.954953,-0.5664704,-0.0003176634,0.8240821,0.06805469,0.05478477,-0.1838022,-0.009409416,-0.0285093,0.00793875,0.9995177,-0.05714051,0.0183571,0.9981974
Fixation,5.7851,0.03269391,0.04979193,-0.05746572,-0.1222389,0.2622904,-0.01354471,-0.9571196,-0.4987752,-0.2410997,0.8325228,0.1007623,0.04965913,-0.0544133,0.002758848,0.2966891,-0.01027119,-0.9549149,-0.5666824,-0.0008257702,0.8239359,0.06805924,0.05473483,-0.1837899,-0.009246109,-0.02858008,0.00796077,0.9995171,-0.05727977,0.01802825,0.9981954
Fixation,5.7954,0.03269814,0.04979992,-0.05745918,-0.1209222,0.2628042,-0.01338279,-0.9571483,-0.4998485,-0.2385151,0.8326236,0.1007668,0.04965091,-0.05441299,0.002749941,0.2966456,-0.01014649,-0.9549298,-0.5666072,-0.0007678238,0.8239877,0.06806405,0.05473506,-0.1837862,-0.009204007,-0.02853366,0.007843255,0.9995197,-0.05718429,0.01795158,0.9982022
Fixation,5.8069,0.03271241,0.04983091,-0.05744437,-0.120919,0.2627868,-0.01328939,-0.9571548,-0.4998414,-0.2384608,0.8326434,0.1007812,0.04966986,-0.05440222,0.002853296,0.2965316,-0.0100529,-0.9549659,-0.5664124,-0.0005124062,0.8241218,0.06807881,0.0547601,-0.1837732,-0.009185905,-0.02850343,0.007754738,0.9995214,-0.05712205,0.01792094,0.9982063
Fixation,5.8179,0.03273203,0.04989016,-0.05742045,-0.1208572,0.2626941,-0.01318286,-0.9571894,-0.4997095,-0.2382926,0.8327707,0.1008015,0.04971457,-0.05439324,0.002918954,0.2964259,-0.009961449,-0.9549994,-0.5662314,-0.0003304654,0.8242463,0.0680981,0.05481112,-0.1837574,-0.009224646,-0.0283923,0.007649394,0.999525,-0.05689876,0.01800616,0.9982176
Fixation,5.8289,0.03275695,0.04994082,-0.05740203,-0.119785,0.2628915,-0.01305337,-0.9572718,-0.50019,-0.2361968,0.8330793,0.100827,0.04975367,-0.05439001,0.002912479,0.2963196,-0.00987236,-0.9550334,-0.5660477,-0.0002877186,0.8243724,0.06812242,0.05485642,-0.1837466,-0.009194557,-0.02828044,0.007565757,0.9995291,-0.05667338,0.01795253,0.9982314
Fixation,5.8401,0.03279598,0.0499841,-0.05738899,-0.1197755,0.2627777,-0.01307788,-0.9573039,-0.4999835,-0.2361962,0.8332034,0.1008668,0.04980171,-0.05439251,0.003051758,0.2960071,-0.009906422,-0.9551295,-0.5655107,-3.509549E-05,0.8247409,0.06815968,0.05490184,-0.1837418,-0.009213537,-0.02816642,0.007601556,0.9995319,-0.05644655,0.01799023,0.9982435
Fixation,5.8513,0.03282035,0.05000854,-0.05737909,-0.1197469,0.2626936,-0.01308486,-0.9573305,-0.4998355,-0.2361493,0.8333055,0.1008916,0.04982769,-0.05439435,0.00308026,0.2959244,-0.009925102,-0.9551549,-0.5653685,1.008995E-05,0.8248385,0.06818286,0.05492651,-0.1837384,-0.009246108,-0.02807996,0.00761219,0.999534,-0.05627451,0.0180561,0.998252
Fixation,5.8624,0.03286166,0.05004394,-0.05737519,-0.1186672,0.2628712,-0.013117,-0.9574158,-0.5002409,-0.2341238,0.8336337,0.100933,0.04987216,-0.0543919,0.003048355,0.2959145,-0.009986691,-0.9551573,-0.5653507,-8.709729E-05,0.8248506,0.06822336,0.05496681,-0.1837351,-0.00923196,-0.02807003,0.007680128,0.9995338,-0.05625569,0.01802415,0.9982537
Fixation,5.8738,0.03286706,0.05006909,-0.05739335,-0.1186416,0.262797,-0.01307864,-0.9574398,-0.5001212,-0.2340584,0.8337238,0.1009389,0.04989278,-0.05442116,0.003169141,0.2957942,-0.009956026,-0.9551946,-0.5651451,0.0001644241,0.8249915,0.06822807,0.05498934,-0.1837592,-0.009250561,-0.02798802,0.007646445,0.9995362,-0.05609154,0.01806452,0.9982622
Fixation,5.8851,0.03288676,0.0501157,-0.05741004,-0.1185477,0.2627285,-0.01309541,-0.9574699,-0.5000044,-0.2338928,0.8338404,0.100959,0.04993987,-0.05444738,0.00326306,0.2957261,-0.009984614,-0.955215,-0.5650292,0.0003284262,0.8250708,0.06824688,0.05503464,-0.1837818,-0.009348786,-0.02791703,0.00764897,0.9995373,-0.05595123,0.01826185,0.9982665
Fixation,5.8955,0.03295932,0.05016971,-0.05743814,-0.1185731,0.2626114,-0.01313207,-0.9574984,-0.4997858,-0.2339644,0.8339514,0.1010314,0.04999053,-0.05447044,0.00348752,0.2957585,-0.01001872,-0.9552039,-0.5650893,0.0007363413,0.8250294,0.06832023,0.05508327,-0.1838096,-0.009574101,-0.0279514,0.007621319,0.9995344,-0.05602271,0.01871323,0.9982541
Fixation,5.9067,0.0329547,0.05023217,-0.05745659,-0.1184635,0.2625881,-0.01303443,-0.9575197,-0.4997783,-0.2337077,0.8340278,0.1010269,0.05003726,-0.05449404,0.003814011,0.295589,-0.009921799,-0.9552561,-0.5648021,0.001421166,0.8252252,0.06831631,0.05513632,-0.1838315,-0.009659224,-0.02791162,0.007504256,0.9995356,-0.05594228,0.01889056,0.9982553
Fixation,5.9181,0.03295046,0.05028176,-0.05747189,-0.1182919,0.2626323,-0.0129474,-0.95753,-0.4998934,-0.2333369,0.8340626,0.1010225,0.05006945,-0.054505,0.003989652,0.2956172,-0.009835909,-0.9552476,-0.5648537,0.001806884,0.8251892,0.06831378,0.05517459,-0.183846,-0.009805274,-0.02794073,0.007374208,0.9995343,-0.05600004,0.01918933,0.9982464
Fixation,5.9294,0.03294825,0.05030549,-0.05748983,-0.118518,0.2622364,-0.0129286,-0.9576108,-0.4991762,-0.233769,0.8343711,0.10102,0.05008554,-0.05451874,0.004114671,0.2956449,-0.009811153,-0.9552387,-0.5649037,0.00205975,0.8251543,0.06831255,0.05519271,-0.1838629,-0.009919003,-0.02796981,0.007316655,0.9995328,-0.05605864,0.01941945,0.9982386
Fixation,5.9404,0.03298373,0.05027437,-0.0575062,-0.1183866,0.2623512,-0.01292402,-0.9575956,-0.4993927,-0.2335142,0.8343129,0.1010548,0.05004811,-0.05451938,0.004415623,0.2955996,-0.009790703,-0.9552516,-0.5648305,0.002647805,0.8252028,0.06835001,0.05515623,-0.1838723,-0.01004266,-0.02808349,0.007266661,0.9995287,-0.05628646,0.0196677,0.9982209
Fixation,5.9515,0.03295899,0.05026424,-0.05752905,-0.1185041,0.2624392,-0.01303977,-0.9575555,-0.4995096,-0.2337929,0.8341649,0.1010295,0.05005527,-0.05452771,0.004293536,0.2957032,-0.009890079,-0.955219,-0.5650076,0.002353478,0.8250823,0.06832534,0.05515659,-0.1838867,-0.009951655,-0.02819236,0.007394844,0.9995256,-0.05650515,0.01947691,0.9982123
Fixation,5.9625,0.03293883,0.05023777,-0.05756449,-0.1191215,0.2621418,-0.0131887,-0.9575583,-0.49889,-0.2350462,0.8341835,0.1010082,0.05004632,-0.05453628,0.004220393,0.2958927,-0.01000179,-0.9551595,-0.565334,0.002143381,0.8248593,0.06830641,0.05513978,-0.1839078,-0.009911021,-0.0283913,0.007521476,0.9995195,-0.05690441,0.01938543,0.9981914
Fixation,5.9735,0.03293175,0.05022573,-0.05759265,-0.1190961,0.262279,-0.01323866,-0.9575232,-0.499123,-0.2350189,0.8340517,0.1010002,0.05003786,-0.05454443,0.004333442,0.2959077,-0.01003116,-0.9551541,-0.5653619,0.002341616,0.8248397,0.06830095,0.05512905,-0.1839259,-0.009942864,-0.02853806,0.007546203,0.9995148,-0.05719848,0.01944537,0.9981734
Fixation,5.9854,0.03293068,0.05022597,-0.05759849,-0.1190631,0.262228,-0.01325538,-0.957541,-0.4990317,-0.2349675,0.8341209,0.1009995,0.05004013,-0.05455721,0.004366009,0.2958586,-0.01005545,-0.9551688,-0.5652777,0.00239057,0.8248972,0.06829911,0.05512977,-0.1839357,-0.009980804,-0.02848687,0.007561012,0.9995158,-0.05709708,0.01952116,0.9981778
Fixation,5.9958,0.0329387,0.05023062,-0.05760086,-0.1195878,0.2619286,-0.01326154,-0.9575575,-0.4984517,-0.2359715,0.8341843,0.101007,0.05004299,-0.05454881,0.004363507,0.2959342,-0.01004017,-0.9551457,-0.5654082,0.002393111,0.8248078,0.06830826,0.05513358,-0.1839324,-0.009974217,-0.02856588,0.007546725,0.9995137,-0.05725452,0.01950758,0.998169
Fixation,6.0070,0.03294793,0.05024219,-0.0576085,-0.1196247,0.2618792,-0.01326333,-0.9575664,-0.4983603,-0.236044,0.8342184,0.1010166,0.0500567,-0.05456327,0.004326254,0.2958869,-0.01004698,-0.9551604,-0.5653259,0.002318994,0.8248644,0.06831669,0.05514681,-0.1839432,-0.00994021,-0.0285164,0.007563442,0.9995153,-0.05715551,0.01943942,0.998176
Fixation,6.0183,0.03302091,0.05029416,-0.05761003,-0.119714,0.2618847,-0.01320199,-0.9575545,-0.4983768,-0.2361802,0.83417,0.1010895,0.05010319,-0.05456487,0.004328274,0.2957792,-0.009978874,-0.9551945,-0.5651397,0.0023656,0.8249918,0.06839002,0.0551976,-0.1839438,-0.009838223,-0.02851659,0.007524684,0.9995166,-0.05715366,0.01923778,0.99818
Fixation,6.0293,0.03303264,0.05032039,-0.05760887,-0.1202471,0.2618122,-0.0132162,-0.9575074,-0.4981958,-0.2371953,0.83399,0.1011012,0.050125,-0.05456311,0.00445477,0.2957817,-0.009979219,-0.955193,-0.5651461,0.002606989,0.8249867,0.06840216,0.05521953,-0.1839435,-0.009960163,-0.02851934,0.007491049,0.9995156,-0.05716028,0.0194834,0.9981749
Fixation,6.0400,0.03306117,0.05037284,-0.05762519,-0.1203095,0.2618173,-0.01322368,-0.957498,-0.4981972,-0.2373167,0.8339546,0.1011297,0.05018032,-0.05457845,0.004391647,0.2957894,-0.009983722,-0.9551909,-0.5651584,0.002483564,0.8249786,0.06843056,0.05527449,-0.1839587,-0.009900559,-0.02852739,0.007512308,0.9995158,-0.0571759,0.01936292,0.9981763
Fixation,6.0517,0.03308908,0.05034733,-0.05762902,-0.1202612,0.2617818,-0.01331215,-0.9575126,-0.4981169,-0.2372729,0.834015,0.1011578,0.05016553,-0.05458585,0.004481324,0.2956801,-0.01007586,-0.9552234,-0.5649714,0.002602871,0.8251064,0.06845738,0.05525351,-0.1839651,-0.009969842,-0.02850115,0.007590695,0.9995152,-0.05712603,0.01949733,0.9981766
Fixation,6.0630,0.03312829,0.05034614,-0.05765374,-0.1211804,0.2619208,-0.01333788,-0.9573584,-0.4982716,-0.239013,0.8334256,0.1011969,0.0501684,-0.05460706,0.004347981,0.2957065,-0.01007127,-0.9552159,-0.5650147,0.00235024,0.8250775,0.06849658,0.05525649,-0.1839868,-0.009840136,-0.02852863,0.007621983,0.9995155,-0.05717962,0.01923585,0.9981786
Fixation,6.0737,0.03316018,0.05035818,-0.05765208,-0.1211672,0.2618934,-0.01329691,-0.9573681,-0.4982345,-0.238968,0.8334607,0.1012289,0.05017507,-0.05460996,0.004362578,0.2956744,-0.01003471,-0.9552262,-0.5649594,0.002400485,0.8251153,0.06852844,0.05526555,-0.1839875,-0.009844419,-0.02849475,0.007582943,0.9995167,-0.05711125,0.01924717,0.9981823
Fixation,6.0850,0.03318327,0.0503583,-0.05764422,-0.1211058,0.2618518,-0.01319435,-0.9573886,-0.498192,-0.2388006,0.8335341,0.1012523,0.05016041,-0.05460983,0.004643523,0.2955266,-0.009933861,-0.9552716,-0.5647087,0.003000211,0.8252849,0.06855187,0.05525744,-0.183984,-0.009882079,-0.0284365,0.007475054,0.9995188,-0.05699338,0.01932952,0.9981874
Fixation,6.0961,0.03319959,0.05035138,-0.05762667,-0.1218039,0.2618604,-0.01313902,-0.9572985,-0.4981564,-0.2400866,0.8331859,0.1012689,0.05014467,-0.05459876,0.004638653,0.2954812,-0.009864471,-0.9552864,-0.5646298,0.003032953,0.8253387,0.06856823,0.05524635,-0.1839696,-0.009858817,-0.0283886,0.007409647,0.9995209,-0.05689611,0.01928749,0.9981938
Fixation,6.1070,0.0332421,0.05035603,-0.05761545,-0.1218284,0.2617984,-0.01303193,-0.9573138,-0.4980711,-0.2400795,0.8332389,0.1013119,0.0501368,-0.054598,0.004920438,0.2953148,-0.009756329,-0.9553376,-0.5643467,0.003638983,0.8255299,0.06861065,0.05524528,-0.1839633,-0.009811978,-0.0283114,0.007320311,0.9995242,-0.05673951,0.01920012,0.9982044
Fixation,6.1179,0.03326987,0.05034781,-0.05761006,-0.1219052,0.2617365,-0.01297341,-0.9573218,-0.497969,-0.2401962,0.8332663,0.10134,0.05012417,-0.05460211,0.004845045,0.2952491,-0.00970375,-0.9553587,-0.5642316,0.003527466,0.825609,0.0686378,0.0552361,-0.183962,-0.009725301,-0.02824232,0.007290048,0.9995272,-0.05659973,0.01902963,0.9982156
Fixation,6.1295,0.03324652,0.0502373,-0.0576969,-0.1227048,0.2618411,-0.01296874,-0.9571911,-0.4980812,-0.2416953,0.8327656,0.1013488,0.050102,-0.05461753,0.004764891,0.295231,-0.009678221,-0.9553651,-0.5641989,0.0033898,0.825632,0.06864623,0.05521548,-0.1839752,-0.009641252,-0.02822303,0.007286996,0.9995286,-0.05655997,0.01886209,0.998221
Fixation,6.1404,0.03326373,0.05021596,-0.05771919,-0.1228208,0.2618387,-0.01302519,-0.957176,-0.498052,-0.2419433,0.832711,0.101366,0.05009151,-0.05463888,0.004640877,0.2951528,-0.009729855,-0.9553893,-0.5640618,0.003124101,0.8257266,0.06866268,0.05520141,-0.1839961,-0.009540831,-0.02823166,0.007369023,0.9995287,-0.05657733,0.01865659,0.9982239
Fixation,6.1515,0.03328728,0.05021274,-0.0577205,-0.1229265,0.2618099,-0.0131029,-0.9571693,-0.4979713,-0.242184,0.8326893,0.1013897,0.05010223,-0.05464262,0.00453184,0.2951371,-0.009806923,-0.9553939,-0.5640333,0.00287061,0.8257471,0.06868496,0.05520678,-0.1839978,-0.009456459,-0.0282156,0.007472543,0.9995292,-0.05654596,0.01848233,0.9982289
Fixation,6.1630,0.03331836,0.05020988,-0.05771526,-0.1233374,0.2616812,-0.01316882,-0.9571507,-0.4976883,-0.2429971,0.8326216,0.1014206,0.0501076,-0.05463418,0.004494485,0.2951601,-0.009859877,-0.9553864,-0.5640725,0.002767456,0.8257206,0.06871571,0.05520844,-0.1839907,-0.009434651,-0.02823985,0.007533514,0.9995283,-0.05659522,0.01843491,0.998227
Fixation,6.1740,0.03331821,0.05022335,-0.05772885,-0.123345,0.2616706,-0.01314494,-0.957153,-0.4976749,-0.2429993,0.832629,0.1014206,0.05011833,-0.05464965,0.004745946,0.2951023,-0.009829737,-0.9554033,-0.5639767,0.00326703,0.8257842,0.06871559,0.05522072,-0.1840051,-0.00942207,-0.02822596,0.007513675,0.9995289,-0.05656692,0.0184111,0.998229
Fixation,6.1847,0.03334159,0.05023599,-0.05772024,-0.1233267,0.2616242,-0.01313792,-0.9571681,-0.4975962,-0.2429632,0.8326866,0.1014442,0.05013025,-0.05464771,0.004764555,0.2950552,-0.009829617,-0.9554178,-0.5638956,0.003303721,0.8258395,0.06873841,0.05523264,-0.1840002,-0.00944,-0.02817675,0.007508681,0.9995302,-0.05646879,0.01844799,0.9982339
Fixation,6.1960,0.03336101,0.05025196,-0.05771883,-0.1237795,0.2616349,-0.01308486,-0.9571075,-0.4975861,-0.2437874,0.8324517,0.1014637,0.05013716,-0.05464649,0.004777022,0.2950537,-0.009763962,-0.9554189,-0.563893,0.003366328,0.8258411,0.06875848,0.05524409,-0.1839988,-0.009434414,-0.02817483,0.00744209,0.9995308,-0.05646364,0.01844062,0.9982343
Fixation,6.2071,0.03338122,0.05027485,-0.05772394,-0.1236906,0.2615994,-0.0130482,-0.9571291,-0.497541,-0.2436025,0.8325328,0.1014841,0.05015314,-0.05465744,0.005015466,0.2949324,-0.009730808,-0.9554554,-0.5636871,0.003844248,0.8259795,0.06877869,0.05526209,-0.1840077,-0.009514211,-0.02813079,0.007390498,0.9995316,-0.05637586,0.01860371,0.9982363
Fixation,6.2181,0.03336506,0.05027401,-0.05773212,-0.123684,0.2616779,-0.01298935,-0.9571093,-0.4976956,-0.2435563,0.8324539,0.1014675,0.05014312,-0.05465566,0.00502408,0.295002,-0.009662247,-0.9554346,-0.5638074,0.003899594,0.8258972,0.06876412,0.05525672,-0.1840106,-0.009504091,-0.0282033,0.007321985,0.9995303,-0.05651927,0.01858624,0.9982285
Fixation,6.2291,0.03338347,0.05028665,-0.05773394,-0.123913,0.2620101,-0.01299367,-0.9569888,-0.4982613,-0.2439755,0.8319926,0.1014854,0.05014968,-0.05464737,0.005151663,0.2950713,-0.009649367,-0.9554126,-0.5639291,0.004149427,0.8258128,0.06878395,0.05526435,-0.1840083,-0.009623509,-0.02827593,0.007275238,0.9995273,-0.05666516,0.01882649,0.9982157
Fixation,6.2403,0.03338754,0.05031335,-0.05773913,-0.1239377,0.2621076,-0.01301171,-0.9569586,-0.4984269,-0.2440275,0.8318781,0.1014889,0.05017793,-0.05463852,0.005208201,0.2950178,-0.009649828,-0.9554289,-0.5638375,0.004258389,0.8258747,0.06878919,0.05529225,-0.184006,-0.009599944,-0.02837929,0.007285619,0.9995246,-0.05687148,0.01877724,0.9982049
Fixation,6.2512,0.03340216,0.05029535,-0.05778463,-0.1239057,0.2621095,-0.01301059,-0.9569622,-0.4984337,-0.2439666,0.831892,0.1015035,0.05015874,-0.05468386,0.005240438,0.2950185,-0.00964959,-0.9554285,-0.5638393,0.004320112,0.8258733,0.06880393,0.05527318,-0.1840517,-0.009630939,-0.02838012,0.007276755,0.9995244,-0.05687341,0.01883969,0.9982036
Fixation,6.2624,0.03340712,0.05029428,-0.05780246,-0.1243569,0.2624272,-0.01301996,-0.9568166,-0.4989512,-0.2448071,0.8313346,0.1015082,0.05015743,-0.05469684,0.005210039,0.2950529,-0.00963957,-0.9554182,-0.5638982,0.004267166,0.8258333,0.06880933,0.05527246,-0.1840667,-0.009598945,-0.028416,0.007275171,0.9995236,-0.05694459,0.01877528,0.9982008
Fixation,6.2733,0.0334117,0.05029738,-0.05780185,-0.1242993,0.262444,-0.0130451,-0.9568191,-0.4989798,-0.2447111,0.8313457,0.1015127,0.05016184,-0.05469359,0.005267298,0.2950707,-0.00966423,-0.9554121,-0.56393,0.004361618,0.8258111,0.06881408,0.0552752,-0.1840653,-0.009660704,-0.02843485,0.007283557,0.9995224,-0.05698327,0.01889797,0.9981962
Fixation,6.2851,0.03341426,0.05030882,-0.05780097,-0.1243399,0.2624471,-0.01304992,-0.9568129,-0.4989803,-0.2447899,0.8313222,0.1015152,0.05017507,-0.05469208,0.005280388,0.2948974,-0.009664301,-0.9554654,-0.5636306,0.004390502,0.8260153,0.06881656,0.0552882,-0.1840638,-0.009621942,-0.02844001,0.007297359,0.9995226,-0.05699328,0.01881962,0.9981972
Fixation,6.2989,0.03340927,0.05031431,-0.05780614,-0.1246893,0.2623671,-0.01311893,-0.9567884,-0.498788,-0.2454865,0.8312322,0.1015104,0.05018723,-0.05470021,0.005327958,0.2948761,-0.009727634,-0.9554712,-0.5635949,0.004444527,0.8260394,0.06881083,0.05529618,-0.1840711,-0.009684739,-0.02841809,0.007345693,0.9995222,-0.05695131,0.01894272,0.9981973
Fixation,6.3163,0.03340838,0.0503273,-0.05779367,-0.1246227,0.2623626,-0.0132209,-0.9567969,-0.4987602,-0.2454146,0.8312701,0.1015095,0.05021191,-0.05468677,0.005444542,0.2948576,-0.00982987,-0.9554752,-0.5635653,0.004607424,0.8260587,0.06880923,0.05531371,-0.1840591,-0.009774003,-0.02842524,0.007428744,0.9995205,-0.05696843,0.01911631,0.998193
Fixation,6.3234,0.03340838,0.0503273,-0.05779367,-0.1246227,0.2623626,-0.0132209,-0.9567969,-0.4987602,-0.2454146,0.8312701,0.1015095,0.05021191,-0.05468677,0.005444542,0.2948576,-0.00982987,-0.9554752,-0.5635653,0.004607424,0.8260587,0.06880923,0.05531371,-0.1840591,-0.009774003,-0.02842524,0.007428744,0.9995205,-0.05696843,0.01911631,0.998193
Fixation,6.3310,0.03340064,0.05030525,-0.05779327,-0.1251155,0.262428,-0.01328073,-0.9567138,-0.4988137,-0.24637,0.8309553,0.1015015,0.05019772,-0.05468035,0.005367068,0.2949008,-0.009870121,-0.9554619,-0.5636389,0.004434644,0.8260094,0.06880143,0.05529666,-0.1840549,-0.009710099,-0.02847049,0.007488173,0.9995194,-0.05705904,0.01898448,0.9981903
Fixation,6.3406,0.03339102,0.05026698,-0.0577972,-0.1251687,0.262396,-0.01323458,-0.9567163,-0.498764,-0.2464472,0.8309623,0.1014921,0.05015564,-0.05468944,0.005315006,0.2948653,-0.009826914,-0.9554735,-0.5635764,0.004361464,0.8260525,0.06879159,0.05525744,-0.1840609,-0.009648397,-0.02843299,0.007460545,0.9995213,-0.05698273,0.01886331,0.998197
Fixation,6.3515,0.0333894,0.05024374,-0.05779587,-0.1253044,0.2624317,-0.01317918,-0.9566895,-0.4988284,-0.2466722,0.8308569,0.1014902,0.05012846,-0.05468373,0.00517498,0.2947173,-0.009761335,-0.9555206,-0.563318,0.004135931,0.8262299,0.0687906,0.05523455,-0.1840558,-0.009501033,-0.0284663,0.007434546,0.999522,-0.05704664,0.01856972,0.9981988
Fixation,6.3637,0.03338656,0.05022192,-0.05778161,-0.1254968,0.2625841,-0.01325734,-0.9566214,-0.4990595,-0.2470682,0.8306003,0.1014871,0.05011308,-0.05466354,0.005247682,0.2947581,-0.009828429,-0.955507,-0.56339,0.004234375,0.8261802,0.06878787,0.05521464,-0.1840393,-0.009589002,-0.02850941,0.007479671,0.9995195,-0.05713486,0.01874231,0.9981905
Fixation,6.3739,0.03337864,0.05021012,-0.05775858,-0.1255241,0.2625295,-0.0132659,-0.9566327,-0.4989582,-0.2471263,0.830644,0.1014796,0.05010414,-0.05464792,0.005219887,0.2947064,-0.009843386,-0.9555229,-0.5633003,0.004173624,0.8262417,0.06877904,0.05520475,-0.1840199,-0.009566252,-0.02845537,0.00750162,0.9995211,-0.05702701,0.01869642,0.9981976
Fixation,6.3850,0.03337594,0.05019808,-0.05773614,-0.1255649,0.2626122,-0.01328056,-0.9566044,-0.4990967,-0.2472071,0.8305366,0.1014763,0.05009377,-0.05461353,0.005149257,0.2947173,-0.009845562,-0.9555199,-0.5633179,0.004037121,0.8262304,0.0687773,0.05519414,-0.1839909,-0.00952666,-0.02854357,0.007514371,0.9995189,-0.05720286,0.01861518,0.998189
Fixation,6.3958,0.03336673,0.05018079,-0.05771878,-0.1261921,0.2627819,-0.01325784,-0.9564756,-0.4993428,-0.2483672,0.8300425,0.1014671,0.05007327,-0.05459682,0.005086336,0.2947135,-0.009804359,-0.9555218,-0.56331,0.003941258,0.8262362,0.06876824,0.05517626,-0.1839731,-0.009455018,-0.02853927,0.007491498,0.9995199,-0.05719279,0.01847335,0.9981923
Fixation,6.4071,0.03336193,0.05016935,-0.05770484,-0.1263162,0.2627843,-0.01330391,-0.9564579,-0.4993233,-0.2486244,0.8299772,0.1014623,0.0500716,-0.05458138,0.005076136,0.2948653,-0.009843057,-0.9554747,-0.5635726,0.003895486,0.8260574,0.06876282,0.05517173,-0.1839573,-0.009344091,-0.02855201,0.007564845,0.99952,-0.05721799,0.01824723,0.9981949
Fixation,6.4182,0.03331089,0.05007458,-0.05767293,-0.1263999,0.262785,-0.01329362,-0.9564468,-0.4993191,-0.2487762,0.8299343,0.1014112,0.0499779,-0.05454934,0.0049922,0.2948672,-0.009829919,-0.9554747,-0.5635744,0.0037428,0.8260568,0.06871167,0.05507874,-0.1839245,-0.009259701,-0.02855382,0.007574634,0.9995207,-0.05722056,0.01807795,0.9981979
Fixation,6.4293,0.03331368,0.05005622,-0.05765674,-0.1269487,0.2626491,-0.01336025,-0.9564105,-0.4990087,-0.2498482,0.8297989,0.1014141,0.04997063,-0.05453368,0.004872339,0.2948651,-0.009882759,-0.9554754,-0.5635689,0.003482639,0.8260617,0.06871355,0.05506778,-0.1839076,-0.009158345,-0.02855168,0.007657616,0.999521,-0.05721627,0.01787064,0.9982018
Fixation,6.4401,0.03331202,0.05004346,-0.0576494,-0.1269848,0.2626441,-0.01336299,-0.9564071,-0.4989955,-0.2499178,0.8297859,0.1014124,0.04995942,-0.0545269,0.004949457,0.2948261,-0.009881434,-0.9554871,-0.5635029,0.003631675,0.8261061,0.06871171,0.05505633,-0.1839002,-0.009123721,-0.02854793,0.00766948,0.9995214,-0.05720848,0.01780081,0.9982036
Fixation,6.4514,0.03330681,0.05001259,-0.05764009,-0.127073,0.2626585,-0.0133886,-0.956391,-0.4990058,-0.2500961,0.829726,0.1014071,0.04993439,-0.05451487,0.00485989,0.2948463,-0.009901783,-0.9554811,-0.5635364,0.003448058,0.8260841,0.0687063,0.05502975,-0.1838886,-0.009042851,-0.02856904,0.00771301,0.9995212,-0.05725021,0.01763633,0.9982041
Fixation,6.4625,0.03330244,0.0499965,-0.0576402,-0.1259089,0.2626959,-0.01338667,-0.9565347,-0.4991845,-0.2479058,0.8302756,0.1014028,0.04992461,-0.0545172,0.004793853,0.2948315,-0.009933669,-0.9554856,-0.5635098,0.003303398,0.8261028,0.06870122,0.05501783,-0.1838894,-0.008987755,-0.02855362,0.007761421,0.9995217,-0.05721945,0.01752368,0.9982078
Fixation,6.4738,0.0332981,0.0499922,-0.05763558,-0.1259086,0.2626945,-0.01340712,-0.9565349,-0.4991768,-0.2479159,0.8302773,0.1013985,0.04992306,-0.05451242,0.004746695,0.2949242,-0.009956073,-0.955457,-0.5636693,0.003197952,0.8259944,0.06869669,0.05501485,-0.1838847,-0.008992943,-0.02855494,0.007781212,0.9995215,-0.0572225,0.01753289,0.9982075
Fixation,6.4844,0.0332948,0.05000305,-0.05764876,-0.1258778,0.262686,-0.01340665,-0.9565412,-0.4991648,-0.2478581,0.8303016,0.1013952,0.0499332,-0.05452687,0.004777715,0.2949149,-0.009957807,-0.9554597,-0.5636538,0.003256417,0.8260047,0.06869335,0.05502474,-0.1838989,-0.009023299,-0.02854523,0.0077746,0.9995216,-0.05720346,0.01759411,0.9982075
Fixation,6.4961,0.03328734,0.04999852,-0.057654,-0.126015,0.2628217,-0.01348792,-0.9564847,-0.4993705,-0.2481526,0.83009,0.1013875,0.04993606,-0.05452447,0.004830637,0.294968,-0.01002806,-0.9554423,-0.5637468,0.003314876,0.825941,0.06868607,0.05502307,-0.1839009,-0.009093058,-0.02860123,0.007828034,0.9995189,-0.05731731,0.01772958,0.9981986
Fixation,6.5070,0.03327924,0.05002654,-0.05766591,-0.1258664,0.2628451,-0.01342934,-0.9564987,-0.4994414,-0.2478418,0.8301402,0.1013793,0.04995155,-0.05453455,0.005216058,0.2949472,-0.009965041,-0.9554474,-0.5637169,0.004089016,0.8259579,0.06867912,0.05504251,-0.1839131,-0.009224067,-0.02861262,0.007733413,0.9995181,-0.05734032,0.0179967,0.9981925
Fixation,6.5180,0.03327125,0.05005515,-0.05766483,-0.125755,0.2628848,-0.01341734,-0.9565026,-0.4995255,-0.2476243,0.8301545,0.101371,0.04997456,-0.05452842,0.005328737,0.2949812,-0.009951563,-0.9554364,-0.5637776,0.00431149,0.8259154,0.06867205,0.05506659,-0.1839104,-0.009329016,-0.02864836,0.007690229,0.9995164,-0.05741249,0.01820838,0.9981845
Fixation,6.5299,0.03326696,0.05007422,-0.05766986,-0.1245387,0.2633891,-0.01338507,-0.9565235,-0.5005418,-0.2452993,0.8302326,0.1013665,0.04999185,-0.05452937,0.005358891,0.2950094,-0.009945662,-0.9554276,-0.5638268,0.004371937,0.8258815,0.06866828,0.05508435,-0.1839136,-0.009356478,-0.02867786,0.00767643,0.9995154,-0.05747157,0.0182636,0.9981801
Fixation,6.5402,0.03324975,0.0500623,-0.05769193,-0.1245226,0.2633805,-0.01336958,-0.9565281,-0.5005321,-0.2452614,0.8302497,0.1013494,0.04997766,-0.05455296,0.005346591,0.2950824,-0.009933429,-0.9554052,-0.5639527,0.004353963,0.8257956,0.06865112,0.055071,-0.1839366,-0.00936886,-0.02866651,0.007658846,0.9995158,-0.05744878,0.01828954,0.9981809
Fixation,6.5523,0.03323986,0.05006409,-0.05770178,-0.1244896,0.26345,-0.01339011,-0.956513,-0.5006528,-0.2452072,0.8301929,0.101339,0.04997993,-0.0545528,0.005379212,0.2951522,-0.009945499,-0.9553834,-0.564074,0.004407547,0.8257124,0.06864211,0.05507255,-0.1839416,-0.009403484,-0.0287397,0.007661631,0.9995133,-0.05759551,0.01835743,0.9981712
Fixation,6.5629,0.03322957,0.0500778,-0.05770687,-0.1232967,0.2639244,-0.01340574,-0.9565365,-0.501601,-0.2429518,0.8302836,0.1013285,0.04999852,-0.05455289,0.005393627,0.2951872,-0.009986616,-0.955372,-0.5641349,0.004409998,0.8256708,0.06863193,0.0550884,-0.1839443,-0.009428359,-0.02877647,0.007697335,0.9995118,-0.05766999,0.01840451,0.998166
Fixation,6.5738,0.03321319,0.05006003,-0.05772433,-0.1233112,0.2639231,-0.01349309,-0.9565338,-0.5015751,-0.243025,0.8302779,0.1013121,0.0499928,-0.05456898,0.00537632,0.2951971,-0.01007284,-0.9553682,-0.5641522,0.00432578,0.8256595,0.06861479,0.05507672,-0.1839612,-0.009434753,-0.02878723,0.007785035,0.9995108,-0.05769319,0.01841206,0.9981645
Fixation,6.5848,0.03319865,0.05005169,-0.057736,-0.1232754,0.2639601,-0.0135538,-0.9565274,-0.5016284,-0.2429878,0.8302565,0.1012973,0.04999077,-0.0545745,0.005497929,0.2952734,-0.01012695,-0.9553434,-0.5642862,0.004524383,0.8255668,0.06860037,0.05507088,-0.1839702,-0.00948283,-0.02883232,0.00783013,0.9995086,-0.05778482,0.01850482,0.9981576
Fixation,6.5960,0.03318908,0.05006444,-0.05774023,-0.1221353,0.2644702,-0.01353037,-0.956533,-0.5026439,-0.2408097,0.830277,0.1012878,0.05000675,-0.05457933,0.005422727,0.2952702,-0.01013189,-0.9553447,-0.5642796,0.004377859,0.8255722,0.06859048,0.05508637,-0.183974,-0.009411699,-0.02882893,0.007855022,0.9995092,-0.05777742,0.01836126,0.9981606
Fixation,6.6068,0.03318577,0.0500828,-0.05773735,-0.1222045,0.2644325,-0.0135734,-0.956534,-0.50256,-0.2409641,0.830283,0.1012847,0.05003345,-0.0545808,0.005351724,0.2952406,-0.01017724,-0.9553537,-0.5642273,0.004216108,0.8256087,0.06858613,0.05510998,-0.1839728,-0.009355438,-0.028798,0.007917772,0.9995101,-0.05771593,0.01824568,0.9981663
Fixation,6.6177,0.03312666,0.05009985,-0.05773297,-0.122192,0.2643788,-0.01360213,-0.95655,-0.5024589,-0.2409578,0.8303459,0.1012259,0.05005479,-0.0545835,0.005274002,0.2951536,-0.01021558,-0.9553807,-0.5640758,0.00404703,0.8257131,0.06852606,0.05512893,-0.1839723,-0.009376369,-0.02874615,0.007949422,0.9995112,-0.05761328,0.01828654,0.9981715
Fixation,6.6293,0.03311136,0.05012321,-0.05772741,-0.1225249,0.2643017,-0.01370355,-0.9565273,-0.5022656,-0.2416405,0.8302645,0.1012104,0.05009425,-0.0545745,0.005153311,0.2951792,-0.01030552,-0.9553725,-0.5641184,0.003762712,0.8256853,0.06850985,0.05516207,-0.1839641,-0.009284135,-0.02877326,0.008068337,0.9995103,-0.05766815,0.01809487,0.9981718
Fixation,6.6401,0.03309411,0.05013335,-0.05772873,-0.1224985,0.2642952,-0.01378222,-0.9565313,-0.5022367,-0.2416324,0.8302843,0.1011931,0.05011404,-0.05457545,0.005177485,0.2951817,-0.0103852,-0.9553707,-0.5641234,0.003761791,0.8256819,0.06849194,0.05517638,-0.1839657,-0.009328747,-0.02877622,0.008138642,0.9995092,-0.05767605,0.01817994,0.9981698
Fixation,6.6512,0.0330744,0.05014813,-0.05772247,-0.1224268,0.264304,-0.01382757,-0.9565375,-0.5022476,-0.241521,0.8303102,0.1011734,0.05013251,-0.05456738,0.005322974,0.2952933,-0.01042988,-0.955335,-0.564319,0.0040107,0.8255471,0.06847216,0.05519199,-0.1839593,-0.009409335,-0.02878905,0.00816413,0.9995079,-0.05770339,0.01833933,0.9981653
Fixation,6.6622,0.0330498,0.050179,-0.05771677,-0.1225759,0.2642447,-0.0138955,-0.9565338,-0.5021115,-0.2418397,0.8302997,0.1011489,0.05017114,-0.05456498,0.005354705,0.2952699,-0.01049754,-0.9553412,-0.5642795,0.004031925,0.825574,0.0684467,0.05522597,-0.1839558,-0.009458027,-0.02876499,0.008220861,0.9995077,-0.05765716,0.01843379,0.9981663
Fixation,6.6734,0.03303088,0.05019772,-0.05770623,-0.1223957,0.2642651,-0.01394776,-0.9565505,-0.5021515,-0.2415271,0.8303666,0.1011298,0.05019104,-0.05455116,0.005534676,0.2952909,-0.01055256,-0.9553331,-0.5643191,0.00434277,0.8255454,0.06842808,0.0552423,-0.1839455,-0.009646147,-0.02878739,0.008225664,0.9995052,-0.05770497,0.01880916,0.9981565
Fixation,6.6846,0.03301478,0.0502044,-0.05769871,-0.1222586,0.2642837,-0.01404821,-0.9565614,-0.5021722,-0.2413212,0.8304139,0.1011136,0.05020654,-0.05453967,0.005525946,0.2952388,-0.01065772,-0.9553481,-0.5642294,0.00426526,0.8256071,0.06841177,0.05525112,-0.1839375,-0.009803351,-0.02881581,0.008287366,0.9995024,-0.05776542,0.01911933,0.9981471
Fixation,6.6958,0.0329512,0.05015194,-0.05769221,-0.1226467,0.2641781,-0.01416052,-0.9565392,-0.50192,-0.2421145,0.8303354,0.1010495,0.05016613,-0.05452286,0.005537035,0.2953112,-0.01075148,-0.9553246,-0.5643551,0.004229265,0.8255213,0.06834826,0.05520439,-0.183926,-0.009839091,-0.02889198,0.008374619,0.9994991,-0.05791982,0.01918441,0.9981369
Fixation,6.7069,0.03292367,0.05011702,-0.05768324,-0.1226754,0.2642708,-0.0141763,-0.9565097,-0.502077,-0.2421731,0.8302234,0.1010213,0.05013263,-0.05450054,0.005507659,0.2954052,-0.0107538,-0.9552957,-0.5645171,0.004169426,0.8254108,0.06832182,0.05517066,-0.1839098,-0.009811355,-0.02899031,0.008384555,0.9994964,-0.05811596,0.01912669,0.9981266
Fixation,6.7178,0.03290472,0.05007792,-0.05766152,-0.1228279,0.2643991,-0.01421166,-0.9564541,-0.5022801,-0.2424735,0.8300128,0.1010015,0.05010068,-0.0544598,0.005307103,0.2957743,-0.01076966,-0.9551824,-0.565151,0.003767726,0.8249788,0.06830402,0.05513752,-0.1838768,-0.009665704,-0.02913165,0.008438117,0.9994932,-0.05839689,0.01882998,0.9981158
Fixation,6.7293,0.03289076,0.05006325,-0.05763828,-0.1216507,0.2647153,-0.01414042,-0.9565182,-0.5029697,-0.2402086,0.8302538,0.1009872,0.05008268,-0.05442892,0.005222396,0.2958288,-0.01072189,-0.9551666,-0.5652435,0.003632827,0.8249161,0.06829096,0.05512249,-0.1838486,-0.009571269,-0.02918831,0.008414689,0.9994927,-0.05850808,0.01864161,0.9981129
Fixation,6.7402,0.03282401,0.05003035,-0.05764059,-0.1217261,0.2647709,-0.01405067,-0.9564945,-0.5030831,-0.2403011,0.8301583,0.1009201,0.05003929,-0.05442477,0.005149199,0.2958747,-0.01062313,-0.9551539,-0.5653211,0.003550324,0.8248633,0.06822553,0.05508578,-0.1838465,-0.00947427,-0.02923583,0.00833906,0.9994929,-0.05860001,0.01845133,0.998111
Fixation,6.7513,0.032827,0.05007517,-0.05761473,-0.1217848,0.2648205,-0.01388396,-0.9564757,-0.503207,-0.2403219,0.8300772,0.1009229,0.05006301,-0.05439464,0.005106736,0.295944,-0.01044937,-0.9551345,-0.5654394,0.003570383,0.8247821,0.06823042,0.0551213,-0.1838174,-0.009375702,-0.02926658,0.008186135,0.9994941,-0.05865705,0.01826276,0.9981111
Fixation,6.7629,0.03281969,0.05010879,-0.05759888,-0.120368,0.2650867,-0.01376514,-0.956583,-0.503841,-0.2375819,0.8304812,0.1009155,0.05008626,-0.05437671,0.0050921,0.2959587,-0.0103663,-0.9551309,-0.5654643,0.003591252,0.824765,0.06822406,0.05515027,-0.1838001,-0.00933934,-0.02928159,0.008109995,0.9994947,-0.05868508,0.0181943,0.9981107
Fixation,6.7736,0.03280332,0.05010772,-0.05760609,-0.1203639,0.2651371,-0.01372469,-0.9565702,-0.5039406,-0.2375508,0.8304297,0.1008988,0.05007887,-0.05437753,0.00509753,0.2960033,-0.01031977,-0.9551176,-0.5655411,0.003628109,0.8247121,0.06820872,0.05514598,-0.1838039,-0.009332082,-0.02932801,0.008063635,0.9994938,-0.05877683,0.01818174,0.9981056
Fixation,6.7848,0.0327888,0.05012619,-0.05761132,-0.1203668,0.2651813,-0.01376191,-0.956557,-0.5040091,-0.2375741,0.8303815,0.100884,0.05010164,-0.05437593,0.005043076,0.2960917,-0.01035254,-0.9550901,-0.5656929,0.003502579,0.8246086,0.06819451,0.05516648,-0.1838056,-0.009336467,-0.02937849,0.008094517,0.999492,-0.05887828,0.01818784,0.9980994
Fixation,6.7956,0.03278091,0.05015147,-0.05761718,-0.1190955,0.2653028,-0.01376968,-0.9566823,-0.5043412,-0.2351794,0.8308613,0.1008756,0.05013001,-0.05437032,0.005082526,0.2961717,-0.01038589,-0.9550648,-0.5658318,0.003556272,0.824513,0.06818746,0.05519271,-0.183806,-0.009383365,-0.02946241,0.008115929,0.9994889,-0.05904701,0.01827891,0.9980878
Fixation,6.8068,0.03276949,0.05018604,-0.05763694,-0.1190382,0.2653093,-0.01383499,-0.9566867,-0.5043419,-0.2351056,0.8308818,0.1008641,0.05017149,-0.05438823,0.00513826,0.2961841,-0.01045168,-0.9550598,-0.5658545,0.003623449,0.8244971,0.06817574,0.05522978,-0.1838255,-0.009454679,-0.02947583,0.008164357,0.9994875,-0.05907583,0.01841836,0.9980836
Fixation,6.8179,0.03273428,0.05019784,-0.05768124,-0.1188803,0.2653316,-0.01386745,-0.9566997,-0.5043882,-0.2348245,0.8309332,0.1008287,0.05018234,-0.05442926,0.00525113,0.2962703,-0.01048795,-0.9550322,-0.5660055,0.003815459,0.8243927,0.06814096,0.05523849,-0.1838697,-0.009616056,-0.02949831,0.008155227,0.9994853,-0.0591231,0.01874108,0.9980748
Fixation,6.8292,0.03272437,0.0502429,-0.05769527,-0.1186932,0.26531,-0.01398097,-0.9567273,-0.5043398,-0.2345326,0.831045,0.1008189,0.05023718,-0.05444489,0.005436067,0.2962571,-0.01060941,-0.9550338,-0.5659865,0.004097026,0.8244044,0.06813029,0.05528533,-0.1838868,-0.009826779,-0.02948536,0.008222704,0.9994831,-0.05910184,0.0191585,0.9980681
Fixation,6.8400,0.03272289,0.05026019,-0.05771349,-0.1174623,0.2654379,-0.01381082,-0.9568462,-0.504722,-0.2321186,0.8314906,0.1008173,0.05023694,-0.05446235,0.005417658,0.2962624,-0.01047189,-0.9550338,-0.5659947,0.004143243,0.8243985,0.06813014,0.05529439,-0.183904,-0.009772186,-0.02949026,0.00809513,0.9994845,-0.05910832,0.01905684,0.9980696
Fixation,6.8511,0.03273186,0.05027544,-0.0577384,-0.1173914,0.2653871,-0.01379845,-0.9568692,-0.5046418,-0.2319802,0.831578,0.1008267,0.05024922,-0.05449479,0.005374864,0.2962752,-0.01047232,-0.9550301,-0.566016,0.004060938,0.8243843,0.06813868,0.05530703,-0.1839335,-0.009840492,-0.02943421,0.008072671,0.9994857,-0.05899701,0.01919564,0.9980736
Fixation,6.8624,0.03271923,0.0502739,-0.05776341,-0.1172612,0.2653523,-0.01377256,-0.9568951,-0.5045987,-0.2317225,0.8316759,0.1008143,0.05024087,-0.05452541,0.005506631,0.2962341,-0.01045536,-0.9550423,-0.5659474,0.004323664,0.82443,0.0681261,0.0553,-0.1839626,-0.009962913,-0.02939136,0.008021088,0.9994862,-0.05891235,0.01944409,0.9980738
Fixation,6.8738,0.03270712,0.05026686,-0.05778277,-0.1177208,0.2654854,-0.01387501,-0.9568003,-0.5047663,-0.2326379,0.8313186,0.1008018,0.05024695,-0.05453646,0.005442473,0.2962934,-0.01053695,-0.9550233,-0.5660489,0.004151321,0.8243612,0.06811377,0.05530047,-0.1839773,-0.009922938,-0.02945372,0.008116777,0.9994839,-0.05903813,0.0193575,0.998068
Fixation,6.8843,0.03269266,0.05025923,-0.05779578,-0.1176299,0.2654698,-0.01393667,-0.9568149,-0.5047323,-0.2324995,0.831378,0.1007874,0.05024493,-0.05455086,0.005580723,0.2962798,-0.01060161,-0.955026,-0.5660282,0.004377385,0.8243743,0.06809881,0.05529404,-0.1839921,-0.01002709,-0.02944293,0.008156448,0.9994829,-0.05901898,0.01956351,0.9980651
Fixation,6.8955,0.03264709,0.05024719,-0.05783639,-0.1180402,0.2655426,-0.01400513,-0.9567432,-0.5048057,-0.2333062,0.8311073,0.100742,0.05024183,-0.05459509,0.005549307,0.296255,-0.01066121,-0.9550332,-0.5659851,0.004282672,0.8244044,0.06805225,0.05528688,-0.1840345,-0.01001281,-0.02941718,0.008222328,0.9994833,-0.05896861,0.01953152,0.9980687
Fixation,6.9071,0.03264477,0.05024135,-0.05782877,-0.11801,0.2655644,-0.01412686,-0.9567391,-0.5048175,-0.2333128,0.8310984,0.1007394,0.05025077,-0.05458246,0.005575985,0.2962901,-0.01078007,-0.9550209,-0.5660467,0.004262312,0.8243622,0.06804931,0.05528772,-0.1840249,-0.01007035,-0.02945446,0.008329618,0.9994807,-0.0590461,0.01963956,0.9980621
Fixation,6.9212,0.03262569,0.05022943,-0.05783335,-0.1181098,0.2655019,-0.01425672,-0.9567422,-0.504666,-0.2335716,0.8311177,0.1007207,0.05025995,-0.05459342,0.005421389,0.2962327,-0.01091498,-0.9550381,-0.5659454,0.003888517,0.8244336,0.06802806,0.05528772,-0.1840322,-0.01000563,-0.02940981,0.008486329,0.9994813,-0.05895893,0.01950172,0.9980699
Fixation,6.9320,0.0326275,0.05020285,-0.05787785,-0.1185831,0.2654567,-0.01433841,-0.956695,-0.5045215,-0.2345081,0.8309416,0.1007227,0.05024362,-0.05464379,0.005406588,0.2961918,-0.01098905,-0.95505,-0.5658747,0.003817395,0.8244824,0.06802858,0.05526638,-0.1840798,-0.01001124,-0.02936731,0.008561729,0.9994819,-0.05887561,0.01950925,0.9980747
Fixation,6.9431,0.0326096,0.05020225,-0.05789515,-0.1185983,0.2654608,-0.01439783,-0.956691,-0.5045128,-0.2345681,0.83093,0.1007048,0.05025136,-0.05465949,0.005389413,0.2962033,-0.01104692,-0.9550459,-0.5658947,0.003750003,0.8244691,0.06801021,0.05527008,-0.1840963,-0.01001021,-0.02937969,0.00862207,0.999481,-0.0589015,0.01950339,0.9980733
Fixation,6.9542,0.03258636,0.05021036,-0.05789937,-0.1186208,0.2654611,-0.01444502,-0.9566875,-0.5044996,-0.2346352,0.8309191,0.1006815,0.05026627,-0.05466282,0.005203965,0.2962208,-0.01109777,-0.9550409,-0.5659215,0.003365217,0.8244523,0.06798653,0.05528188,-0.1840999,-0.009999414,-0.02938678,0.008672818,0.9994805,-0.05891646,0.01947871,0.9980729
Fixation,6.9650,0.0325612,0.05019557,-0.05790399,-0.117579,0.2658015,-0.01449839,-0.9567207,-0.5051863,-0.232688,0.8310494,0.1006559,0.05026114,-0.05465978,0.005211698,0.2962745,-0.01117197,-0.9550233,-0.5660146,0.003334642,0.8243884,0.06796136,0.05527163,-0.1841009,-0.01002672,-0.02944343,0.008742123,0.9994779,-0.05903142,0.01952817,0.9980651
Fixation,6.9763,0.03253156,0.05014968,-0.05791999,-0.1176443,0.2658889,-0.01458366,-0.9566872,-0.5053136,-0.2328528,0.8309258,0.1006256,0.05022705,-0.05466196,0.00514347,0.2963725,-0.01124325,-0.9549924,-0.5661826,0.003159566,0.8242738,0.06793208,0.05523252,-0.1841092,-0.009980032,-0.02954621,0.008828876,0.9994746,-0.0592376,0.01942786,0.9980549
Fixation,6.9876,0.03249656,0.05015874,-0.05792997,-0.1176458,0.2660255,-0.01458341,-0.956649,-0.5055547,-0.2328506,0.8307797,0.1005897,0.05023408,-0.05465275,0.004966675,0.2965411,-0.01123096,-0.9549412,-0.5664701,0.002824883,0.8240775,0.06789898,0.05524075,-0.1841091,-0.009973726,-0.0296869,0.008811894,0.9994707,-0.05951814,0.0194137,0.9980384
Fixation,6.9987,0.0324684,0.0501709,-0.05793568,-0.1180858,0.2662777,-0.01460747,-0.9565243,-0.5059523,-0.2336832,0.8303038,0.1005609,0.05024314,-0.05464479,0.005049958,0.2966361,-0.01122892,-0.9549112,-0.5666357,0.002982716,0.8239631,0.06787232,0.05524993,-0.1841085,-0.01005335,-0.02978645,0.008787386,0.9994671,-0.05971783,0.01957248,0.9980234
Fixation,7.0096,0.03246725,0.05018222,-0.05794606,-0.1181081,0.2663931,-0.01452078,-0.9564906,-0.506175,-0.233675,0.8301703,0.100559,0.05024183,-0.05464034,0.005030135,0.2967401,-0.01112746,-0.9548802,-0.5668143,0.003002426,0.8238401,0.06787343,0.05525565,-0.1841107,-0.01000697,-0.02989471,0.008694716,0.9994652,-0.05993145,0.01948339,0.9980123
Fixation,7.0213,0.03244961,0.05019844,-0.05794857,-0.1181412,0.2664741,-0.01439391,-0.956466,-0.5063458,-0.2336673,0.8300683,0.100541,0.05024099,-0.0546335,0.005041939,0.2968549,-0.01098934,-0.9548461,-0.5670123,0.003104071,0.8237035,0.06785787,0.055264,-0.1841076,-0.009941658,-0.02996264,0.008570284,0.9994649,-0.06006363,0.0193591,0.9980068
Fixation,7.0326,0.0324321,0.05021274,-0.05794715,-0.1189168,0.2664963,-0.01433812,-0.9563645,-0.506325,-0.2350977,0.8296771,0.1005227,0.0502429,-0.05461758,0.005057421,0.2969562,-0.01089798,-0.9548155,-0.5671871,0.003185364,0.8235828,0.06784259,0.0552721,-0.1840985,-0.009932004,-0.03006827,0.008477884,0.9994625,-0.06027263,0.0193435,0.9979945
Fixation,7.0431,0.0324066,0.05022109,-0.05794806,-0.1189246,0.2665201,-0.01427254,-0.9563578,-0.5063824,-0.2350768,0.829648,0.1004971,0.0502423,-0.05461622,0.005051471,0.2969721,-0.01082964,-0.9548114,-0.5672141,0.003214202,0.8235641,0.06781793,0.05527616,-0.184098,-0.009907938,-0.03008447,0.008413613,0.9994628,-0.06030334,0.01929899,0.9979935
Fixation,7.0545,0.03238589,0.05018699,-0.05794569,-0.1189353,0.2666449,-0.01431955,-0.9563211,-0.5065899,-0.2351171,0.8295099,0.1004755,0.05021286,-0.05459553,0.004818668,0.2970673,-0.01086623,-0.9547826,-0.567374,0.002745557,0.8234556,0.06779854,0.05524457,-0.1840861,-0.009904263,-0.03021934,0.008445622,0.9994586,-0.06057324,0.01928736,0.9979774
Fixation,7.0660,0.03236226,0.05018389,-0.05794786,-0.1195992,0.2666666,-0.01437626,-0.9562314,-0.5065511,-0.2363963,0.8291699,0.1004517,0.05021572,-0.05459368,0.00477298,0.297096,-0.01090011,-0.9547735,-0.5674229,0.002637472,0.8234224,0.06777481,0.05524516,-0.1840858,-0.009869308,-0.03024956,0.008490437,0.9994576,-0.06063389,0.01921425,0.9979751
Fixation,7.0767,0.03234143,0.05016947,-0.05794879,-0.1196563,0.2666657,-0.0144822,-0.9562228,-0.5065179,-0.2365601,0.8291435,0.1004308,0.05021703,-0.0545928,0.004712257,0.2971095,-0.0110034,-0.9547684,-0.5674453,0.002459798,0.8234074,0.06775295,0.05523932,-0.1840855,-0.009838492,-0.03026423,0.008606193,0.9994565,-0.06066491,0.01914537,0.9979746
Fixation,7.0878,0.03231066,0.0501157,-0.05796878,-0.1196792,0.2666372,-0.01459218,-0.9562262,-0.5064381,-0.2366625,0.829163,0.1004001,0.050179,-0.05461489,0.004506375,0.2970745,-0.01112066,-0.954779,-0.5673812,0.001997854,0.8234529,0.06772083,0.05519354,-0.1841067,-0.009843169,-0.03024991,0.008721154,0.9994559,-0.06063859,0.019148,0.9979761
Fixation,7.0989,0.03228571,0.05008996,-0.05797812,-0.1197814,0.2666547,-0.01465964,-0.9562075,-0.5064426,-0.2368899,0.8290954,0.1003749,0.05016494,-0.05462035,0.0044015,0.2971029,-0.01118198,-0.9547698,-0.5674281,0.001760445,0.823421,0.06769531,0.05517519,-0.1841132,-0.009758548,-0.03027985,0.008808265,0.999455,-0.06069861,0.01897303,0.9979758
Fixation,7.1097,0.03226403,0.05008721,-0.05797908,-0.1203561,0.2667701,-0.01470583,-0.9561024,-0.5065792,-0.2379917,0.8286963,0.1003535,0.05016899,-0.05462689,0.00433067,0.2970645,-0.01121556,-0.9547818,-0.5673608,0.001606198,0.8234678,0.0676726,0.05517685,-0.1841165,-0.009699346,-0.03023986,0.008859712,0.9994563,-0.06061871,0.01885231,0.9979829
Fixation,7.1210,0.03225844,0.05008972,-0.05797124,-0.1203066,0.2667312,-0.01470844,-0.9561195,-0.5065148,-0.2379013,0.8287616,0.1003482,0.05017102,-0.05462458,0.004234011,0.2969899,-0.01122896,-0.9548053,-0.5672301,0.001415539,0.8235582,0.06766658,0.0551784,-0.184112,-0.009749814,-0.03019876,0.008855339,0.9994571,-0.06053741,0.0189542,0.997986
Fixation,7.1317,0.03221242,0.05005491,-0.0579583,-0.1203277,0.2667106,-0.01479109,-0.9561213,-0.5064558,-0.2379857,0.8287734,0.1003022,0.05014813,-0.05461309,0.00421025,0.2969801,-0.01131288,-0.9548075,-0.5672128,0.001320553,0.8235702,0.06761954,0.05514967,-0.1840999,-0.009749426,-0.03018896,0.008942592,0.9994566,-0.06051949,0.01894832,0.9979872
Fixation,7.1433,0.03229674,0.0502398,-0.0578616,-0.1208496,0.2665341,-0.01475758,-0.9561052,-0.5061023,-0.2389568,0.8287099,0.1002822,0.05014348,-0.05461222,0.004187902,0.2969533,-0.01126854,-0.9548163,-0.5671661,0.001304891,0.8236024,0.06759929,0.05514812,-0.1840968,-0.009716036,-0.03016067,0.008905943,0.9994582,-0.06046172,0.01888433,0.9979919
Fixation,7.1544,0.0322734,0.05025053,-0.05785859,-0.1208312,0.2665728,-0.01478818,-0.9560963,-0.5061648,-0.2389367,0.8286775,0.1002586,0.05015707,-0.0546033,0.004056527,0.2969857,-0.01129888,-0.9548065,-0.5672193,0.001035187,0.8235661,0.06757629,0.05515993,-0.1840909,-0.009740004,-0.03020401,0.008926016,0.9994565,-0.06054907,0.01893022,0.9979857
Fixation,7.1650,0.03226469,0.05025983,-0.05785571,-0.1208136,0.2666054,-0.01481547,-0.956089,-0.5062172,-0.2389169,0.8286513,0.1002496,0.05016887,-0.05459544,0.004073362,0.2970204,-0.01132226,-0.9547953,-0.5672796,0.001052567,0.8235246,0.06756787,0.05517018,-0.1840857,-0.009762459,-0.03024056,0.008943931,0.999455,-0.06062279,0.01897334,0.9979804
Fixation,7.1768,0.03223377,0.05023849,-0.05783837,-0.1197413,0.26693,-0.01481485,-0.9561334,-0.5068935,-0.2368864,0.8288208,0.1002187,0.05015087,-0.05457867,0.004087638,0.2970163,-0.01135119,-0.9547963,-0.5672728,0.001062746,0.8235292,0.06753667,0.05515027,-0.1840689,-0.009783969,-0.0302364,0.008967985,0.9994547,-0.06061532,0.01901495,0.9979801
Fixation,7.1877,0.03221836,0.05024683,-0.05782597,-0.1195924,0.2670194,-0.01483487,-0.9561267,-0.5070604,-0.2366133,0.8287967,0.1002027,0.05015588,-0.05455377,0.004022786,0.296993,-0.01137,-0.9548035,-0.5672315,0.0009283172,0.8235579,0.06752271,0.05515456,-0.1840514,-0.009931322,-0.03032651,0.008940291,0.9994507,-0.06079727,0.01930948,0.9979634
Fixation,7.1983,0.03220613,0.05027854,-0.05782355,-0.1195412,0.2669823,-0.01485585,-0.9561431,-0.5069948,-0.2365294,0.8288607,0.1001907,0.05018938,-0.0545563,0.004073721,0.2969575,-0.0113972,-0.954814,-0.5671712,0.001010325,0.8235993,0.06750992,0.05518615,-0.1840522,-0.009987717,-0.03028957,0.008952958,0.9994512,-0.06072474,0.01942211,0.9979656
Fixation,7.2094,0.03220563,0.05028188,-0.05780847,-0.1184364,0.2669585,-0.01477317,-0.9562885,-0.5070793,-0.2344064,0.8294119,0.1001901,0.05018401,-0.05453855,0.00412605,0.2969755,-0.01134438,-0.9548088,-0.5672033,0.001141172,0.823577,0.0675103,0.05518448,-0.184036,-0.01002396,-0.03030819,0.008887989,0.9994508,-0.06076128,0.01949816,0.9979619
Fixation,7.2211,0.03220309,0.05027831,-0.05779464,-0.1184183,0.2669278,-0.01476955,-0.9562994,-0.5070279,-0.2343715,0.8294533,0.1001877,0.05017996,-0.05452913,0.004067785,0.2966481,-0.01134545,-0.9549108,-0.5666374,0.00103753,0.8239667,0.06750741,0.05518043,-0.1840247,-0.01004189,-0.03027555,0.008884053,0.9994517,-0.06069633,0.01953483,0.9979651
Fixation,7.2324,0.03220258,0.05028343,-0.05778788,-0.1185814,0.2665108,-0.01478623,-0.9563953,-0.5062726,-0.2347027,0.8298209,0.1001875,0.05018902,-0.05452688,0.004025272,0.2966171,-0.01136445,-0.9549204,-0.5665829,0.0009458475,0.8240042,0.06750619,0.05518818,-0.1840199,-0.01000605,-0.03024308,0.008913841,0.9994528,-0.06063145,0.01946198,0.9979705
Fixation,7.2430,0.03220686,0.05029058,-0.05778326,-0.1186205,0.2664846,-0.01475767,-0.9563982,-0.5062296,-0.2347623,0.8298303,0.1001919,0.05019403,-0.05452632,0.003986694,0.296589,-0.01133824,-0.9549296,-0.5665337,0.0008884319,0.8240381,0.06751022,0.05519485,-0.1840169,-0.009961886,-0.03021353,0.008898995,0.9994542,-0.06057138,0.01937516,0.9979758
Fixation,7.2544,0.03220851,0.05028868,-0.05775065,-0.1186026,0.266471,-0.01470134,-0.956405,-0.5062212,-0.2346991,0.8298532,0.1001937,0.05018425,-0.05449659,0.00379543,0.296369,-0.01128963,-0.9549993,-0.5661501,0.0005574739,0.824302,0.06751218,0.05518889,-0.1839859,-0.009966621,-0.03019174,0.008842172,0.9994553,-0.06052685,0.01938846,0.9979783
Fixation,7.2655,0.0322085,0.05030143,-0.05773322,-0.1175739,0.2665865,-0.01464179,-0.9565007,-0.5065374,-0.2327257,0.830216,0.1001938,0.05019307,-0.05448227,0.003804591,0.2963471,-0.01126162,-0.9550064,-0.5661125,0.0005921209,0.8243278,0.06751218,0.0551995,-0.1839701,-0.009967982,-0.03016862,0.008812808,0.9994563,-0.06048012,0.01939338,0.997981
Fixation,7.2765,0.03221647,0.05030668,-0.0577324,-0.1176214,0.2665437,-0.0146857,-0.9565061,-0.5064468,-0.2328399,0.8302393,0.1002021,0.05020618,-0.05448661,0.003755558,0.2963115,-0.01130908,-0.955017,-0.56605,0.0004712259,0.8243708,0.06751908,0.0552094,-0.1839716,-0.009933463,-0.03013161,0.008871774,0.9994572,-0.06040676,0.0193215,0.9979869
Fixation,7.2910,0.03221349,0.05029488,-0.0577182,-0.1175916,0.2664755,-0.01464049,-0.9565295,-0.5063402,-0.2327624,0.830326,0.1001996,0.05018854,-0.05448278,0.003771723,0.2960626,-0.01127298,-0.9550946,-0.5656206,0.0005296879,0.8246654,0.06751557,0.05519414,-0.183963,-0.009954244,-0.0300547,0.008829667,0.9994597,-0.06025271,0.01936699,0.9979953
Fixation,7.3021,0.032208,0.05025649,-0.05771924,-0.1166018,0.2665649,-0.01461329,-0.9566262,-0.506598,-0.2308795,0.8306944,0.1001942,0.05015147,-0.05448709,0.003745405,0.29604,-0.01127654,-0.9551016,-0.5655811,0.0004778714,0.8246925,0.06750968,0.05515695,-0.1839655,-0.009929858,-0.03003107,0.008840207,0.9994606,-0.0602053,0.01931804,0.9979991
Fixation,7.3094,0.03220092,0.05024564,-0.05771436,-0.1166458,0.2665566,-0.01459492,-0.9566234,-0.5065838,-0.230953,0.8306826,0.1001872,0.05013978,-0.05448357,0.003701647,0.2960311,-0.01125798,-0.9551048,-0.5655648,0.0004054983,0.8247038,0.06750253,0.05514634,-0.1839608,-0.009882744,-0.03002154,0.008834051,0.9994614,-0.06018534,0.01922442,0.9980021
Fixation,7.3207,0.03220111,0.05024529,-0.05770562,-0.1166562,0.2665559,-0.01460284,-0.9566222,-0.5065797,-0.2309767,0.8306785,0.1001874,0.05014074,-0.05447476,0.003742017,0.2957587,-0.01126212,-0.955189,-0.5650951,0.000486928,0.8250256,0.06750263,0.05514681,-0.183952,-0.009874503,-0.03002214,0.008844246,0.9994614,-0.06018661,0.01920732,0.9980024
Fixation,7.3318,0.03218798,0.05022228,-0.0577165,-0.1166629,0.266191,-0.0145802,-0.9567234,-0.5059404,-0.2309906,0.8310642,0.1001745,0.05011547,-0.05448968,0.003742015,0.2957304,-0.01124526,-0.9551979,-0.5650462,0.0004976005,0.8250591,0.06748927,0.05512273,-0.1839649,-0.009870031,-0.02999237,0.008828098,0.9994624,-0.06012676,0.0191999,0.9980061
Fixation,7.3429,0.03218551,0.05021262,-0.05771608,-0.1167054,0.2662174,-0.01458418,-0.9567107,-0.505982,-0.2310717,0.8310162,0.1001718,0.05010724,-0.0544854,0.003699162,0.295758,-0.01124457,-0.9551896,-0.5650932,0.0004154551,0.825027,0.06748705,0.05511439,-0.1839621,-0.009828518,-0.03002133,0.008838779,0.9994618,-0.06018409,0.01911576,0.9980043
Fixation,7.3543,0.03217633,0.05021036,-0.05771385,-0.1168018,0.266228,-0.01458827,-0.956696,-0.5059907,-0.2312552,0.83096,0.1001626,0.05010831,-0.05448141,0.003512284,0.2955205,-0.01124524,-0.9552638,-0.5646791,6.391667E-05,0.8253105,0.06747775,0.05511546,-0.183958,-0.009734859,-0.03003553,0.008864392,0.9994621,-0.06021133,0.01892675,0.9980062
Fixation,7.3651,0.0321624,0.05020237,-0.05771826,-0.1168329,0.2662524,-0.01452237,-0.9566864,-0.5060468,-0.2312782,0.8309194,0.1001485,0.0500921,-0.05448342,0.003482795,0.2955378,-0.01117585,-0.9552594,-0.5647084,4.817173E-05,0.8252906,0.0674646,0.0551039,-0.1839607,-0.009687915,-0.03005314,0.008805325,0.9994625,-0.06024458,0.01883616,0.9980059
Fixation,7.3766,0.03214625,0.05016923,-0.05772353,-0.1175117,0.2660034,-0.01455625,-0.956672,-0.5055349,-0.2325843,0.8308664,0.100132,0.05006325,-0.05448093,0.00339385,0.2955935,-0.01118537,-0.9552423,-0.5648028,-0.000128746,0.8252259,0.06744881,0.05507433,-0.1839611,-0.009604673,-0.03011139,0.008838028,0.9994614,-0.06036012,0.01866675,0.9980021
Fixation,7.3877,0.03212878,0.05015635,-0.05772635,-0.1175613,0.266047,-0.01456711,-0.9566537,-0.5056046,-0.232682,0.8307967,0.1001142,0.05005264,-0.05447734,0.001768724,0.296687,-0.01124379,-0.954907,-0.5666567,-0.003293836,0.8239474,0.06743176,0.05506325,-0.1839601,-0.009557185,-0.03015914,0.00885486,0.9994602,-0.06045497,0.01856994,0.9979982
Fixation,7.3992,0.03211021,0.05016112,-0.05772872,-0.1175945,0.2660516,-0.01458133,-0.9566481,-0.5056061,-0.2327518,0.8307762,0.1000956,0.05006027,-0.05447876,0.001734911,0.2966941,-0.01125626,-0.9549047,-0.5666682,-0.00336598,0.8239392,0.06741305,0.05507004,-0.1839617,-0.009527935,-0.03016664,0.008875893,0.9994601,-0.06046985,0.01851007,0.9979984
Fixation,7.4097,0.03210748,0.05013871,-0.05773451,-0.1183552,0.2662193,-0.01460735,-0.9565072,-0.5058236,-0.2341927,0.8302387,0.1000927,0.05003572,-0.05448102,0.001795763,0.2967181,-0.01125608,-0.9548972,-0.566711,-0.003250226,0.8239103,0.06741082,0.05504549,-0.1839662,-0.009586475,-0.03019183,0.0088593,0.9994589,-0.06052085,0.01862762,0.9979931
Fixation,7.4213,0.03211644,0.05013514,-0.05774426,-0.1183448,0.266268,-0.01463404,-0.9564945,-0.5059041,-0.2341855,0.8301917,0.1001013,0.05003464,-0.05448352,0.0001278329,0.2977926,-0.01133456,-0.9545634,-0.5685266,-0.006506645,0.8226392,0.06742027,0.0550431,-0.1839724,-0.009601235,-0.03024514,0.008876406,0.999457,-0.06062788,0.01865511,0.9979861
Fixation,7.4320,0.03211095,0.05013776,-0.05775638,-0.1182997,0.2662733,-0.01465769,-0.9564983,-0.505912,-0.2341129,0.8302073,0.1000958,0.05003893,-0.0544946,0.0001724688,0.2977992,-0.01135887,-0.954561,-0.568539,-0.006436061,0.8226312,0.06741478,0.05504584,-0.1839845,-0.00965075,-0.03025232,0.008887777,0.9994562,-0.06064328,0.01875325,0.9979833
Fixation,7.4430,0.03210191,0.05014479,-0.05776867,-0.117177,0.2667502,-0.01459742,-0.9565045,-0.5068746,-0.2319483,0.8302278,0.1000868,0.05004132,-0.05450832,0.0001904401,0.297789,-0.01132895,-0.9545645,-0.568522,-0.006383698,0.8226433,0.06740595,0.05505025,-0.1839976,-0.009660035,-0.03024139,0.008854192,0.9994567,-0.06062099,0.01877405,0.9979843
Fixation,7.4545,0.03212743,0.05013824,-0.05776032,-0.1171939,0.2667805,-0.01461102,-0.9564937,-0.506923,-0.2319864,0.8301875,0.1001121,0.05003667,-0.05449547,-0.0005526883,0.2977067,-0.01135939,-0.9545897,-0.568363,-0.007818712,0.8227408,0.06743174,0.05504501,-0.1839868,-0.009645619,-0.03027476,0.008867584,0.9994557,-0.06068762,0.01874381,0.9979808
Fixation,7.4656,0.03213131,0.05014873,-0.0577612,-0.1171796,0.2667893,-0.01460863,-0.9564931,-0.5069407,-0.2319578,0.8301848,0.1001159,0.05004621,-0.05449518,-0.0005381802,0.2977148,-0.0113564,-0.9545872,-0.5683773,-0.007789416,0.8227312,0.06743579,0.05505478,-0.1839872,-0.009658772,-0.03028315,0.008860746,0.9994555,-0.0607045,0.01877036,0.9979793
Fixation,7.4765,0.03213248,0.05016196,-0.05776601,-0.117904,0.2668813,-0.01462513,-0.9563782,-0.5070302,-0.2333279,0.829746,0.1001171,0.05005825,-0.05449901,-0.0005237498,0.2977215,-0.01135026,-0.9545851,-0.5683892,-0.007758362,0.8227232,0.06743715,0.05506718,-0.1839916,-0.009671007,-0.0302902,0.008850907,0.9994552,-0.06071858,0.01879529,0.997978
Fixation,7.4877,0.03215564,0.050156,-0.05776632,-0.1178995,0.2668582,-0.01460342,-0.9563855,-0.5069953,-0.2333088,0.8297728,0.1001404,0.05004954,-0.05450293,-0.0006859214,0.2976918,-0.01133673,-0.9545945,-0.5683344,-0.008059255,0.8227582,0.06746018,0.05505979,-0.1839938,-0.009671036,-0.03026348,0.008831827,0.9994562,-0.06066487,0.01879699,0.9979812
Fixation,7.4984,0.03217305,0.05015469,-0.05776881,-0.1179399,0.2668521,-0.01455075,-0.956383,-0.5069933,-0.2333571,0.8297603,0.1001579,0.05004263,-0.05450707,-0.0007249485,0.2976809,-0.01128392,-0.9545985,-0.5683152,-0.008102084,0.8227711,0.06747781,0.05505633,-0.1839966,-0.009619283,-0.0302515,0.008791534,0.9994574,-0.06063932,0.01869622,0.9979846
Fixation,7.5094,0.03218782,0.05014551,-0.05777202,-0.1167758,0.2671793,-0.01450382,-0.9564352,-0.5076919,-0.2311272,0.8299573,0.1001725,0.05003202,-0.05450829,-0.0007450446,0.2976952,-0.01126689,-0.9545942,-0.5683395,-0.008130629,0.822754,0.06749287,0.0550468,-0.1839985,-0.009595319,-0.03026628,0.008780427,0.9994572,-0.0606682,0.01864872,0.9979838
Fixation,7.5211,0.03219974,0.0501405,-0.05776759,-0.1167935,0.2671654,-0.01449658,-0.9564371,-0.5076675,-0.2311573,0.8299639,0.1001846,0.05002677,-0.0545059,-0.0008645197,0.2972905,-0.01126122,-0.9547203,-0.5676391,-0.008346457,0.8232352,0.06750461,0.05504191,-0.183995,-0.009576742,-0.03025153,0.008779418,0.9994579,-0.06063841,0.01861192,0.9979863
Fixation,7.5321,0.03221256,0.05013573,-0.05776521,-0.1172233,0.2670047,-0.01453046,-0.9564288,-0.5073353,-0.2319908,0.8299344,0.1001975,0.05002475,-0.05450664,-0.0008502626,0.2972682,-0.01128639,-0.954727,-0.5676008,-0.008333708,0.8232617,0.06751695,0.05503833,-0.1839944,-0.009597279,-0.03022851,0.00880001,0.9994582,-0.06059317,0.01865214,0.9979883
Fixation,7.5429,0.03222945,0.0501194,-0.05776504,-0.1172191,0.2669633,-0.01447419,-0.9564418,-0.5072764,-0.2319547,0.8299806,0.1002147,0.0500015,-0.05451321,-0.00084444,0.2972211,-0.0112357,-0.9547422,-0.5675201,-0.008291417,0.8233178,0.06753372,0.05501866,-0.1839977,-0.009589402,-0.0301786,0.008749978,0.9994602,-0.06049243,0.01864033,0.9979946
Fixation,7.5544,0.03224511,0.05011809,-0.05776046,-0.1172298,0.2669318,-0.01445778,-0.9564494,-0.5072237,-0.2319672,0.8300092,0.1002306,0.04999888,-0.05451329,-0.0007136464,0.2971496,-0.01121838,-0.9547648,-0.5674,-0.008029805,0.8234032,0.06754904,0.05501688,-0.1839954,-0.009576201,-0.03014438,0.008740649,0.9994615,-0.06042369,0.01861512,0.9979993
Fixation,7.5654,0.03225418,0.05012369,-0.05775429,-0.1172399,0.2668431,-0.01444537,-0.9564732,-0.5070693,-0.231983,0.8300992,0.1002403,0.0500046,-0.05451974,-0.0007234951,0.2970611,-0.01121651,-0.9547924,-0.5672472,-0.008045551,0.8235083,0.06755695,0.0550226,-0.1839957,-0.00956642,-0.03005171,0.008742156,0.9994643,-0.0602385,0.01859716,0.9980108
Fixation,7.5764,0.03228476,0.05008972,-0.05773671,-0.1176209,0.2664939,-0.01446222,-0.9565235,-0.5064133,-0.2327225,0.8302926,0.1002714,0.04997265,-0.05451246,-0.0007202299,0.2969887,-0.01123328,-0.9548147,-0.5671221,-0.008047687,0.8235945,0.06758643,0.05498958,-0.1839835,-0.009574234,-0.02997602,0.00875799,0.9994664,-0.06008776,0.01861319,0.9980195
Fixation,7.5878,0.03229945,0.05008793,-0.05772778,-0.1176268,0.2664427,-0.01450317,-0.9565364,-0.5063124,-0.2327572,0.8303444,0.1002864,0.04997718,-0.05451,-0.0007274384,0.2969431,-0.01127994,-0.9548283,-0.5670429,-0.008088158,0.8236486,0.06760006,0.05499089,-0.183978,-0.009579913,-0.02992879,0.008805217,0.9994673,-0.05999441,0.01862256,0.998025
Fixation,7.5989,0.03230087,0.05009508,-0.05772441,-0.1176026,0.2663733,-0.01454908,-0.956558,-0.506181,-0.2327383,0.8304299,0.1002882,0.04999089,-0.05451567,-5.456619E-06,0.2972597,-0.01131647,-0.9547296,-0.5676051,-0.006738282,0.8232734,0.06760021,0.05500078,-0.1839797,-0.009616924,-0.02986244,0.008852318,0.9994686,-0.05986341,0.01869492,0.9980315
Fixation,7.6098,0.03231265,0.05010486,-0.05771404,-0.1165161,0.2663176,-0.01457959,-0.956706,-0.5061777,-0.2307089,0.8309979,0.1003003,0.05000818,-0.05451142,3.300933E-05,0.2972159,-0.01138408,-0.9547424,-0.56753,-0.006704027,0.8233254,0.0676109,0.05501366,-0.1839731,-0.00967223,-0.02981729,0.008907403,0.9994689,-0.05977522,0.018803,0.9980348
Fixation,7.6210,0.03233129,0.05008757,-0.0577116,-0.1164714,0.2663884,-0.01459929,-0.9566915,-0.5063022,-0.2306325,0.8309433,0.1003185,0.04999101,-0.05449885,7.746555E-05,0.2972866,-0.01139649,-0.9547203,-0.5676528,-0.006628132,0.8232414,0.06763049,0.05499578,-0.1839659,-0.009718234,-0.02989137,0.008906928,0.9994662,-0.05992395,0.01889361,0.9980241
Fixation,7.6320,0.0323334,0.05009007,-0.05771001,-0.1164825,0.2664539,-0.0146165,-0.9566716,-0.5064126,-0.2306602,0.8308683,0.1003201,0.04999518,-0.05448776,-0.0001661289,0.297426,-0.01141271,-0.9546766,-0.5678875,-0.007106074,0.8230754,0.06763336,0.05499923,-0.1839592,-0.009709194,-0.02996138,0.008918046,0.9994641,-0.06006382,0.01887359,0.9980161
Fixation,7.6431,0.03233141,0.05006516,-0.05772327,-0.1169871,0.2661993,-0.01467475,-0.95668,-0.5059015,-0.2316513,0.8309039,0.100318,0.04997623,-0.05449808,-0.000175117,0.2974467,-0.01145606,-0.9546697,-0.5679227,-0.007149491,0.8230509,0.0676312,0.0549773,-0.183971,-0.009712139,-0.02998342,0.008962066,0.999463,-0.06010873,0.01887642,0.9980133
Fixation,7.6546,0.03236143,0.0499934,-0.05771389,-0.1171411,0.266315,-0.01469433,-0.9566287,-0.5060865,-0.2319477,0.8307086,0.1003472,0.04990995,-0.05447181,-0.0003236555,0.2976617,-0.01145676,-0.9546027,-0.5682898,-0.0074384,0.8227949,0.06766231,0.05491078,-0.1839514,-0.009562127,-0.03010954,0.009003274,0.9994603,-0.06035876,0.01857176,0.998004
Fixation,7.6676,0.03237678,0.04997861,-0.05770749,-0.117309,0.2663897,-0.01456382,-0.9565893,-0.5062342,-0.2321924,0.8305502,0.1003621,0.04988182,-0.05445671,-0.0004886073,0.2977253,-0.01131263,-0.9545845,-0.5683969,-0.007668944,0.8227188,0.06767933,0.0548923,-0.1839385,-0.009364374,-0.03017468,0.008908352,0.9994611,-0.06048369,0.01818104,0.9980036
Fixation,7.6785,0.03239203,0.05000484,-0.05769775,-0.1163241,0.2665683,-0.0143667,-0.9566628,-0.5066895,-0.2302253,0.8308201,0.1003771,0.04988372,-0.05444257,-0.0004470819,0.2977565,-0.01113847,-0.9545768,-0.5684528,-0.007486652,0.8226818,0.06769674,0.05490601,-0.1839263,-0.00935749,-0.03020551,0.008729232,0.9994618,-0.06054188,0.01817757,0.9980001
Fixation,7.6900,0.03243988,0.05002451,-0.05768555,-0.1162775,0.266555,-0.01414674,-0.9566754,-0.5067233,-0.2300215,0.8308559,0.1004252,0.04987311,-0.05443595,6.612856E-06,0.2982161,-0.0109146,-0.954436,-0.5692565,-0.006497197,0.8221343,0.06774625,0.05491018,-0.1839169,-0.009351417,-0.03016264,0.008507871,0.999465,-0.06045213,0.01817959,0.9980055
Fixation,7.7011,0.03249379,0.05005336,-0.05767615,-0.1163031,0.266527,-0.01394042,-0.9566832,-0.5067211,-0.2299615,0.8308739,0.1004794,0.04987597,-0.0544338,-1.2693E-05,0.2981662,-0.01071241,-0.9544539,-0.5691715,-0.006412385,0.8221939,0.06780133,0.05492675,-0.1839105,-0.009278481,-0.03010838,0.008318692,0.999469,-0.06033915,0.01804618,0.9980148
Fixation,7.7122,0.03253326,0.05008829,-0.05766694,-0.1150469,0.2663828,-0.01385472,-0.9568765,-0.5066029,-0.2275526,0.8316089,0.1005197,0.04990077,-0.05444282,0.0001546848,0.2980362,-0.01067912,-0.9544948,-0.5689514,-0.00607024,0.8223487,0.06783992,0.05495405,-0.1839122,-0.009430976,-0.02997196,0.008242423,0.9994723,-0.06006775,0.01835791,0.9980255
Fixation,7.7233,0.03255149,0.05011213,-0.05767067,-0.115057,0.2663248,-0.01389684,-0.9568908,-0.5064896,-0.2275961,0.831666,0.1005383,0.04993129,-0.05445397,-4.371023E-05,0.2982773,-0.01073514,-0.9544189,-0.5693621,-0.006487533,0.8220612,0.06785698,0.05498123,-0.1839198,-0.009433032,-0.02991784,0.0082925,0.9994735,-0.05996062,0.01835994,0.9980319
Fixation,7.7342,0.03255831,0.05008459,-0.05768106,-0.1150281,0.2662815,-0.01399326,-0.9569049,-0.5063928,-0.2275943,0.8317254,0.1005454,0.04991627,-0.05446891,-1.773518E-05,0.2982445,-0.01083698,-0.954428,-0.5693055,-0.006497995,0.8221004,0.06786251,0.05495942,-0.1839332,-0.009485569,-0.02988454,0.008383788,0.9994732,-0.05989665,0.01846005,0.9980339
Fixation,7.7451,0.03257417,0.05010378,-0.05769606,-0.114161,0.2664275,-0.01406865,-0.9569669,-0.5067125,-0.2259931,0.8319673,0.1005612,0.04994977,-0.05448326,-5.24642E-05,0.2982493,-0.0109363,-0.9544254,-0.5693122,-0.006623634,0.8220947,0.0678774,0.05498612,-0.1839478,-0.009478894,-0.02989046,0.008488758,0.9994722,-0.0599103,0.01844032,0.9980334
Fixation,7.7564,0.03258263,0.05011344,-0.05771562,-0.1141538,0.2663237,-0.01414029,-0.9569957,-0.506513,-0.2260211,0.8320812,0.1005704,0.04997027,-0.05451624,0.0003897832,0.2982299,-0.01100747,-0.9544306,-0.5692881,-0.00582147,0.8221176,0.06788386,0.0550009,-0.1839746,-0.009506422,-0.02979226,0.008568663,0.9994742,-0.05971611,0.01849229,0.9980441
Fixation,7.7677,0.03259854,0.0501405,-0.05773527,-0.1141613,0.2662083,-0.01417966,-0.9570263,-0.5062992,-0.2260603,0.8322006,0.100587,0.05000448,-0.05455141,0.0003808844,0.2981208,-0.01106005,-0.954464,-0.5690995,-0.005867382,0.8222477,0.06789783,0.05503142,-0.1840024,-0.009512252,-0.02967854,0.0086224,0.999477,-0.05949007,0.01850276,0.9980574
Fixation,7.7787,0.03259676,0.05013573,-0.05770851,-0.1146294,0.2660324,-0.01413361,-0.95702,-0.5059565,-0.2269252,0.8321737,0.1005855,0.04999089,-0.05453148,0.000434937,0.2980723,-0.01100719,-0.9544798,-0.5690175,-0.005731598,0.8223054,0.06789607,0.05502164,-0.1839796,-0.009550143,-0.02962726,0.008557232,0.9994788,-0.05938708,0.01858328,0.998062
Fixation,7.7899,0.0325961,0.0501852,-0.05772347,-0.1145439,0.2659659,-0.01403768,-0.9570501,-0.5058696,-0.2267157,0.8322836,0.1005853,0.05002606,-0.0545575,0.0003723633,0.2982862,-0.01092936,-0.9544138,-0.5693852,-0.005809378,0.8220504,0.06789543,0.05506265,-0.1840009,-0.009613223,-0.02954433,0.008452522,0.9994815,-0.05922054,0.01871703,0.9980695
Fixation,7.8014,0.03258372,0.05026007,-0.05774707,-0.1135364,0.265842,-0.01390771,-0.9572065,-0.5057732,-0.2247502,0.8328751,0.1005738,0.0500896,-0.05459861,0.000368313,0.2981637,-0.0108424,-0.9544531,-0.5691745,-0.005762546,0.8221965,0.06788225,0.05513203,-0.1840333,-0.009586101,-0.02941517,0.008370697,0.9994863,-0.0589606,0.0186699,0.9980857
Fixation,7.8125,0.03258657,0.05024707,-0.05773734,-0.1133979,0.2660133,-0.0139772,-0.9571743,-0.5060722,-0.2245193,0.8327557,0.1005754,0.05007899,-0.05456403,0.0005056016,0.2983361,-0.01089578,-0.9543986,-0.5694742,-0.005536119,0.8219905,0.06788728,0.05511796,-0.1840121,-0.009732339,-0.02959631,0.008383877,0.9994794,-0.059325,0.01895828,0.9980587
Fixation,7.8236,0.03257442,0.05027473,-0.05775993,-0.1133089,0.2660636,-0.01395949,-0.9571711,-0.5061734,-0.2243402,0.8327425,0.100563,0.05010092,-0.05458003,0.0009395718,0.2984058,-0.01086524,-0.9543768,-0.5696036,-0.00469109,0.8219062,0.06787618,0.05514157,-0.184032,-0.009813461,-0.02964346,0.008339495,0.9994776,-0.05941963,0.01912224,0.9980499
Fixation,7.8347,0.03253776,0.05026829,-0.05778843,-0.1132732,0.2661861,-0.01413003,-0.9571387,-0.5063528,-0.2243587,0.8326284,0.1005254,0.05011392,-0.05458871,0.0009700774,0.2985441,-0.01102115,-0.9543318,-0.5698417,-0.00472905,0.8217409,0.06783998,0.05514383,-0.184051,-0.009884655,-0.02978977,0.008480508,0.9994714,-0.0597157,0.01925359,0.9980297
Fixation,7.8457,0.03251041,0.05027843,-0.05781063,-0.1138537,0.2663829,-0.014292,-0.9570127,-0.5066093,-0.2255331,0.832155,0.1004972,0.05013931,-0.05459052,0.001022886,0.2986861,-0.01114958,-0.9542857,-0.5700867,-0.004708202,0.8215711,0.06781346,0.05516064,-0.1840635,-0.009969894,-0.02993974,0.008589014,0.999465,-0.0600187,0.01941481,0.9980084
Fixation,7.8567,0.03247646,0.05024445,-0.05782326,-0.1137954,0.2664314,-0.01433606,-0.9570054,-0.5066898,-0.2254449,0.8321298,0.1004629,0.05010855,-0.05459577,0.001129391,0.2989626,-0.01118968,-0.9541986,-0.5705646,-0.004535263,0.8212402,0.06777998,0.05512726,-0.1840729,-0.01003564,-0.02999349,0.008611682,0.9994626,-0.06012759,0.0195439,0.9979994
Fixation,7.8674,0.03245657,0.05025077,-0.0578379,-0.1143912,0.2665193,-0.01438425,-0.9569092,-0.5067787,-0.2265913,0.8317643,0.1004422,0.05011737,-0.05459469,0.001128342,0.2990729,-0.01120745,-0.9541638,-0.5707543,-0.004550443,0.8211083,0.06776135,0.05513489,-0.1840794,-0.01003922,-0.0301092,0.008628396,0.999459,-0.06035905,0.01954799,0.9979853
Fixation,7.8787,0.03244665,0.0502218,-0.05785052,-0.1145791,0.2665464,-0.01437153,-0.9568794,-0.5068123,-0.2269381,0.8316492,0.1004321,0.05009198,-0.05460331,0.0009397125,0.2991034,-0.01118511,-0.9541547,-0.5708029,-0.004897747,0.8210725,0.06775147,0.05511081,-0.1840881,-0.009851519,-0.03014091,0.008657679,0.9994596,-0.06041982,0.01917049,0.9979889
Fixation,7.8911,0.0324455,0.05019641,-0.05786785,-0.1147587,0.2666183,-0.01429328,-0.956839,-0.5069409,-0.2272329,0.8314903,0.1004305,0.05006051,-0.05461145,0.0007262193,0.2988778,-0.01109168,-0.9542267,-0.5704105,-0.005244161,0.821343,0.06775151,0.0550853,-0.1840987,-0.00965487,-0.03021019,0.008616406,0.9994598,-0.06055413,0.0187787,0.9979883
Fixation,7.9007,0.03245341,0.05017865,-0.05787993,-0.1148234,0.2666761,-0.0142451,-0.9568158,-0.5070485,-0.2273274,0.8313988,0.1004381,0.05003762,-0.05461606,0.0006626481,0.2989313,-0.0110347,-0.9542106,-0.5705014,-0.005332624,0.8212793,0.06776045,0.05506599,-0.1841061,-0.009578177,-0.0302656,0.008578373,0.9994592,-0.0606628,0.01862673,0.9979845
Fixation,7.9122,0.03245365,0.05018342,-0.05788038,-0.1155291,0.2667053,-0.01419068,-0.9567236,-0.5070476,-0.2286282,0.8310426,0.1004385,0.05003357,-0.05462032,0.0006403653,0.2989051,-0.01096204,-0.9542197,-0.5704563,-0.00533112,0.8213107,0.06776094,0.05506694,-0.1841081,-0.00953716,-0.03023748,0.008514589,0.999461,-0.06060478,0.01854912,0.9979895
Fixation,7.9233,0.03247052,0.05018091,-0.05787,-0.1155298,0.2666933,-0.01421724,-0.9567264,-0.5070201,-0.2286441,0.8310551,0.1004554,0.05003476,-0.05461118,0.0006388096,0.2988963,-0.01098982,-0.9542221,-0.570441,-0.005350502,0.8213212,0.06777744,0.05506623,-0.1840985,-0.009543178,-0.03022853,0.008541813,0.9994609,-0.0605875,0.01855965,0.9979903
Fixation,7.9339,0.03248237,0.05013239,-0.05786825,-0.1155995,0.2666597,-0.01423254,-0.9567271,-0.5069506,-0.2287848,0.8310587,0.1004675,0.04999077,-0.05461374,0.0007219189,0.2987647,-0.01100136,-0.9542632,-0.5702162,-0.005195836,0.8214782,0.06778854,0.05502105,-0.1840983,-0.009479761,-0.03019788,0.008577325,0.9994622,-0.06052589,0.01843129,0.9979964
Fixation,7.9457,0.03250441,0.050107,-0.05786205,-0.115867,0.2665739,-0.01427053,-0.9567181,-0.5067652,-0.2293124,0.8310264,0.1004897,0.0499692,-0.05461185,0.000741045,0.2987341,-0.0110359,-0.9542723,-0.5701637,-0.005179279,0.8215148,0.06780991,0.05499721,-0.1840947,-0.009507555,-0.03016615,0.008605603,0.9994626,-0.06046351,0.0184857,0.9979992
Fixation,7.9568,0.03253203,0.05009377,-0.05784597,-0.1157539,0.2665277,-0.01424325,-0.9567451,-0.5067006,-0.2290864,0.8311281,0.1005177,0.04994977,-0.05460295,0.0008556442,0.2986823,-0.01101829,-0.9542886,-0.5700771,-0.004948872,0.8215762,0.06783736,0.05497909,-0.1840833,-0.009613244,-0.03011179,0.008558032,0.9994637,-0.06035582,0.01870078,0.9980018
Fixation,7.9679,0.03256872,0.05010569,-0.05783447,-0.1158154,0.2664389,-0.0141328,-0.9567641,-0.5065647,-0.229147,0.8311942,0.100555,0.04995036,-0.05460556,0.0006960673,0.2984689,-0.01091964,-0.9543567,-0.5697069,-0.005189751,0.8218316,0.06787354,0.05498648,-0.1840783,-0.009530016,-0.03000817,0.008477231,0.9994683,-0.060146,0.01854113,0.9980174
Fixation,7.9790,0.03261443,0.05007029,-0.05780704,-0.116365,0.2662537,-0.01405053,-0.9567501,-0.5062065,-0.2301465,0.8311363,0.100601,0.04990089,-0.05458509,0.0007525557,0.2984196,-0.01082808,-0.9543731,-0.5696235,-0.005026185,0.8218904,0.06791963,0.05494332,-0.1840548,-0.009559812,-0.02995568,0.00837414,0.9994705,-0.06003974,0.0186078,0.9980226
Fixation,7.9903,0.03265405,0.05006599,-0.05780079,-0.1164383,0.2661351,-0.01390191,-0.9567763,-0.5060261,-0.2302104,0.8312284,0.1006415,0.0498811,-0.05459775,0.0008877604,0.2981279,-0.01068539,-0.9544657,-0.5691247,-0.004676552,0.822238,0.06795859,0.05493259,-0.1840573,-0.009457023,-0.02981685,0.00826312,0.9994765,-0.05975878,0.01841138,0.9980431
Fixation,8.0013,0.03269321,0.05006099,-0.05780159,-0.1164635,0.2660623,-0.01378552,-0.9567952,-0.5059233,-0.2301991,0.8312942,0.1006812,0.04986262,-0.05461061,0.0008660387,0.2980439,-0.01057796,-0.9544932,-0.56898,-0.004652137,0.8223382,0.06799758,0.05492151,-0.1840639,-0.009407308,-0.02972787,0.00816603,0.9994804,-0.05957849,0.01831932,0.9980555
Fixation,8.0125,0.0327008,0.05001867,-0.05780822,-0.1155391,0.266244,-0.01366923,-0.9568584,-0.506357,-0.2283878,0.8315297,0.1006889,0.04981005,-0.05461977,0.0008226968,0.2980269,-0.01048836,-0.9544995,-0.5689504,-0.004681101,0.8223585,0.06800564,0.0548749,-0.1840711,-0.009341453,-0.02970934,0.008091538,0.9994822,-0.05953908,0.01819244,0.9980602
Fixation,8.0236,0.03272564,0.04999828,-0.05781284,-0.1155789,0.2662752,-0.01383906,-0.9568425,-0.5063679,-0.2285515,0.8314781,0.1007134,0.04981267,-0.05461717,0.0008459225,0.2981589,-0.01065027,-0.9544564,-0.5691773,-0.004736154,0.8222011,0.06802949,0.05486643,-0.184072,-0.009341734,-0.02976394,0.00826081,0.9994792,-0.05965121,0.01818199,0.9980537
Fixation,8.0346,0.03274205,0.04999197,-0.05782018,-0.1156099,0.2662804,-0.01406145,-0.9568341,-0.506321,-0.2287276,0.8314582,0.1007297,0.04983664,-0.05462007,0.0008076476,0.2981898,-0.01086926,-0.9544444,-0.5692288,-0.004940495,0.8221643,0.06804416,0.05487525,-0.1840774,-0.009363863,-0.02979831,0.008481815,0.9994761,-0.05972425,0.01821242,0.9980488
Fixation,8.0457,0.03274372,0.0499959,-0.0578282,-0.1147126,0.2663519,-0.01398053,-0.9569233,-0.5065492,-0.2269898,0.8317953,0.1007312,0.04983366,-0.0546256,0.0007833805,0.2982078,-0.01081128,-0.9544395,-0.5692595,-0.004952638,0.822143,0.06804653,0.05487645,-0.1840837,-0.00932483,-0.0298166,0.008432425,0.9994763,-0.05975924,0.01813704,0.998048
Fixation,8.0564,0.03275377,0.04998124,-0.05783016,-0.114718,0.2663159,-0.01402654,-0.956932,-0.5064742,-0.2270257,0.8318312,0.1007415,0.04982579,-0.05463187,0.000850244,0.2981108,-0.01085844,-0.9544691,-0.5690936,-0.004850972,0.8222584,0.0680557,0.054865,-0.184088,-0.0093316,-0.02978538,0.008482441,0.9994768,-0.0596979,0.01814813,0.9980515
Fixation,8.0683,0.03276966,0.0499835,-0.05783344,-0.1147081,0.2662892,-0.01402626,-0.9569407,-0.506428,-0.2270077,0.8318642,0.1007576,0.04982829,-0.05463891,0.0008602794,0.2980842,-0.01086171,-0.9544774,-0.569048,-0.004833173,0.8222901,0.06807125,0.05486727,-0.1840933,-0.009342194,-0.02975756,0.008483042,0.9994775,-0.05964252,0.01816976,0.9980544
Fixation,8.0792,0.03278636,0.04999053,-0.05783715,-0.113768,0.2663561,-0.01387452,-0.9570365,-0.506668,-0.2251514,0.8322226,0.1007748,0.04981863,-0.05465425,0.0008967943,0.2980025,-0.01074528,-0.9545042,-0.5689085,-0.00469225,0.8223875,0.06808807,0.0548656,-0.1841031,-0.009346123,-0.02967095,0.00836156,0.9994811,-0.05946741,0.01818636,0.9980646
Fixation,8.0901,0.03280748,0.05000377,-0.05783588,-0.1138207,0.2663903,-0.01387481,-0.9570207,-0.5067235,-0.2252497,0.8321621,0.1007957,0.04983294,-0.05464807,0.0009026188,0.2979807,-0.0107376,-0.9545111,-0.5688712,-0.004676078,0.8224133,0.06810954,0.05488026,-0.1840987,-0.009293576,-0.0297077,0.008370286,0.9994804,-0.05954011,0.01808017,0.9980622
Fixation,8.1009,0.03283551,0.05000091,-0.05781335,-0.1137868,0.2663803,-0.01385969,-0.9570277,-0.5067126,-0.2251782,0.8321882,0.1008238,0.04982722,-0.05462725,0.0009371517,0.2979683,-0.01072491,-0.954515,-0.5688505,-0.004602317,0.822428,0.06813763,0.05487549,-0.1840774,-0.009323432,-0.02969459,0.00834883,0.9994807,-0.05951402,0.01814135,0.9980626
Fixation,8.1123,0.03285507,0.05003011,-0.0578157,-0.1126999,0.2667601,-0.01380107,-0.9570514,-0.5074955,-0.2230823,0.8322756,0.1008432,0.04984975,-0.05462723,0.001010214,0.2979841,-0.01069298,-0.9545105,-0.5688795,-0.004444157,0.8224089,0.06815791,0.05490029,-0.1840791,-0.009385154,-0.02971087,0.008298292,0.99948,-0.05954661,0.01826745,0.9980584
Fixation,8.1236,0.03287883,0.05008399,-0.05781938,-0.112659,0.2667699,-0.01372878,-0.9570546,-0.5075334,-0.2229664,0.8322835,0.1008669,0.04989266,-0.05463076,0.001307118,0.2978201,-0.01061274,-0.9545622,-0.5686033,-0.003825923,0.822603,0.06818248,0.05494809,-0.1840829,-0.009407626,-0.02971097,0.008217676,0.9994805,-0.05954568,0.01831716,0.9980575
Fixation,8.1347,0.03287534,0.05006802,-0.05778754,-0.1125481,0.26677,-0.01376082,-0.9570671,-0.5075361,-0.2227742,0.8323334,0.1008634,0.04987764,-0.05459863,0.001417647,0.2978206,-0.01064818,-0.9545615,-0.5686064,-0.003636033,0.8226018,0.06817901,0.05493081,-0.1840521,-0.009523609,-0.02971185,0.008222027,0.9994793,-0.05954937,0.01854872,0.998053
Fixation,8.1454,0.03291014,0.05014002,-0.05780056,-0.1129708,0.2664764,-0.01373632,-0.9570994,-0.5069852,-0.2235694,0.8324558,0.1008784,0.04989696,-0.054612,0.001462374,0.2978124,-0.01061445,-0.9545643,-0.5685932,-0.003530368,0.8226113,0.06819427,0.0549525,-0.1840652,-0.009557609,-0.029703,0.008177537,0.9994796,-0.0595314,0.01861948,0.9980528
Fixation,8.1568,0.03292873,0.05015492,-0.05780367,-0.1128968,0.2664783,-0.01379132,-0.9571068,-0.5069824,-0.2234588,0.8324872,0.100897,0.04991698,-0.05461411,0.001740044,0.2976771,-0.01066417,-0.9546055,-0.5683655,-0.003026848,0.8227707,0.06821264,0.05496871,-0.1840687,-0.009642923,-0.02970966,0.008212635,0.9994783,-0.05954671,0.0187878,0.9980487
Fixation,8.1680,0.03294057,0.0501703,-0.05781199,-0.1128734,0.2664689,-0.01375587,-0.9571127,-0.5069763,-0.2233962,0.8325078,0.1009089,0.049927,-0.05462436,0.00176472,0.2976633,-0.01063088,-0.9546101,-0.5683423,-0.002959605,0.8227869,0.06822468,0.05498111,-0.1840781,-0.009657749,-0.02969496,0.008173999,0.9994789,-0.05951686,0.01881998,0.9980499
Fixation,8.1788,0.03295803,0.0501349,-0.05778149,-0.1136553,0.2663994,-0.01382669,-0.9570385,-0.5067661,-0.2249119,0.8322276,0.1009264,0.04989731,-0.05459403,0.001790809,0.2976616,-0.01068021,-0.95461,-0.5683398,-0.002939131,0.8227887,0.06824174,0.05494809,-0.1840481,-0.009696159,-0.02969359,0.008214499,0.9994783,-0.05951549,0.01889436,0.9980485
Fixation,8.1903,0.03296725,0.05012178,-0.05778323,-0.1136081,0.2663458,-0.0137682,-0.9570599,-0.5066894,-0.2247936,0.8323063,0.100936,0.04987586,-0.05460433,0.001840137,0.297601,-0.01063018,-0.9546294,-0.5682364,-0.002813807,0.8228605,0.06825078,0.05493009,-0.1840546,-0.009730298,-0.02962971,0.008153358,0.9994804,-0.05938729,0.01896732,0.9980548
Fixation,8.2012,0.03296813,0.05011201,-0.05778268,-0.1137564,0.2663693,-0.01378533,-0.9570355,-0.5067133,-0.2250818,0.8322138,0.1009367,0.0498724,-0.05459992,0.001721751,0.2975762,-0.01063815,-0.9546373,-0.5681913,-0.003044025,0.8228909,0.0682515,0.0549258,-0.1840507,-0.009588515,-0.0296602,0.00820246,0.9994804,-0.05944689,0.01868049,0.9980567
Fixation,8.2120,0.03298481,0.0500809,-0.05777163,-0.1145782,0.2660306,-0.01375634,-0.9570321,-0.5060472,-0.2266292,0.8321992,0.1009531,0.04983795,-0.0545827,0.00160483,0.2976214,-0.01058243,-0.954624,-0.568267,-0.003235096,0.8228379,0.06826892,0.05489504,-0.1840352,-0.009460844,-0.02970693,0.008180035,0.9994804,-0.05953776,0.01842585,0.998056
Fixation,8.2234,0.0329866,0.05006003,-0.05775968,-0.1146618,0.2660307,-0.01374,-0.9570222,-0.5060438,-0.2267783,0.8321607,0.1009548,0.04981756,-0.05457082,0.001521191,0.2976221,-0.0105634,-0.9546241,-0.5682665,-0.003383472,0.8228376,0.06827065,0.05487573,-0.1840224,-0.009375169,-0.02970744,0.008184219,0.9994811,-0.05953751,0.01825435,0.9980592
Fixation,8.2347,0.03298102,0.05004799,-0.05774516,-0.1147256,0.2660602,-0.01378658,-0.9570057,-0.506079,-0.2269223,0.8321,0.1009491,0.04981303,-0.05455128,0.001646905,0.2977435,-0.01059879,-0.9545857,-0.5684782,-0.00316722,0.8226922,0.06826498,0.05486834,-0.1840048,-0.009322765,-0.02974552,0.008240725,0.9994801,-0.05961376,0.01814559,0.9980566
Fixation,8.2459,0.03297161,0.05003381,-0.0577336,-0.1137992,0.2661284,-0.01375326,-0.9570979,-0.5062917,-0.2251541,0.8324508,0.1009396,0.04979908,-0.0545386,0.001611509,0.2977518,-0.01059062,-0.9545832,-0.5684918,-0.00323011,0.8226826,0.06825563,0.05485487,-0.1839923,-0.009286462,-0.02975413,0.008242339,0.9994801,-0.0596304,0.01807278,0.9980569
Fixation,8.2568,0.03297617,0.04996741,-0.05772045,-0.1138339,0.2661572,-0.01375275,-0.9570857,-0.5063396,-0.2252183,0.8324044,0.100944,0.04973316,-0.05452136,0.001576626,0.2977811,-0.01058548,-0.9545742,-0.5685416,-0.0032943,0.8226479,0.06826052,0.0547893,-0.1839766,-0.009251442,-0.02978471,0.00824664,0.9994795,-0.05969101,0.018002,0.9980546
Fixation,8.2678,0.03296877,0.04993951,-0.05771741,-0.1139123,0.2661747,-0.01376796,-0.9570713,-0.5063596,-0.2253738,0.83235,0.1009364,0.04970932,-0.05451548,0.001581286,0.2978202,-0.01059347,-0.954562,-0.5686091,-0.003291027,0.8226013,0.06825306,0.05476463,-0.1839714,-0.009177697,-0.02980678,0.008277914,0.9994793,-0.05973447,0.01785236,0.9980546
Fixation,8.2791,0.03296161,0.049927,-0.05770718,-0.1147048,0.2654141,-0.01373958,-0.9571882,-0.5049506,-0.2268815,0.8327963,0.1009291,0.04969203,-0.05450063,0.001528295,0.2978534,-0.01054327,-0.9545522,-0.5686655,-0.003363023,0.822562,0.06824664,0.05475068,-0.1839581,-0.009113098,-0.02984122,0.008243673,0.9994791,-0.05980161,0.0177247,0.9980529
Fixation,8.2902,0.03295526,0.04990709,-0.05770431,-0.1146453,0.2654128,-0.01377506,-0.9571953,-0.5049452,-0.226788,0.8328251,0.1009227,0.04967499,-0.0544975,0.001587036,0.2978544,-0.01058068,-0.9545514,-0.5686682,-0.00327319,0.8225604,0.06824013,0.05473125,-0.1839558,-0.009179736,-0.02984256,0.008263875,0.9994783,-0.05980569,0.01785666,0.9980503
Fixation,8.3012,0.03294695,0.04988384,-0.05769648,-0.1147056,0.2654246,-0.01379557,-0.9571845,-0.5049559,-0.2269122,0.8327848,0.1009143,0.04965627,-0.05448755,0.001519089,0.297814,-0.01059735,-0.9545639,-0.5685971,-0.003411944,0.8226091,0.06823169,0.0547111,-0.1839463,-0.00912514,-0.02985905,0.00829655,0.999478,-0.05983834,0.0177453,0.9980503
Fixation,8.3122,0.03294003,0.04987991,-0.05770354,-0.1152272,0.2652762,-0.01382048,-0.9571626,-0.5046399,-0.2279149,0.8327025,0.1009074,0.04965687,-0.05449476,0.001425326,0.2978142,-0.01060805,-0.9545639,-0.5685955,-0.003597328,0.8226094,0.06822439,0.05471087,-0.1839526,-0.009037719,-0.02985934,0.008332096,0.9994785,-0.05983813,0.01756843,0.9980535
Fixation,8.3234,0.03292789,0.04987538,-0.0577138,-0.1152426,0.2653098,-0.01382678,-0.9571514,-0.5046964,-0.227946,0.8326597,0.100895,0.04965317,-0.05450017,0.001409663,0.2978484,-0.0106097,-0.9545532,-0.5686542,-0.003628965,0.8225687,0.06821264,0.05470717,-0.1839602,-0.009023026,-0.02989516,0.008337726,0.9994776,-0.05990956,0.01753811,0.9980497
Fixation,8.3340,0.03293323,0.0498668,-0.05772319,-0.1152977,0.2653511,-0.01381227,-0.9571335,-0.5047677,-0.2280408,0.8325905,0.1009001,0.04964364,-0.05450391,0.001430027,0.2978887,-0.01058614,-0.9545408,-0.5687241,-0.003576943,0.8225206,0.06821854,0.05469894,-0.1839661,-0.008964334,-0.0299374,0.008331794,0.9994769,-0.05999285,0.01742042,0.9980468
Fixation,8.3487,0.03294142,0.04987097,-0.05773288,-0.116011,0.2649075,-0.01386642,-0.9571694,-0.5039054,-0.2294309,0.8327309,0.1009079,0.0496521,-0.05450547,0.00142007,0.2979457,-0.01061606,-0.9545228,-0.568822,-0.003615042,0.8224527,0.06822716,0.05470538,-0.1839715,-0.008962711,-0.0299974,0.008363012,0.9994748,-0.0601132,0.01741427,0.9980397
Fixation,8.3650,0.03293148,0.04992414,-0.0577544,-0.1158124,0.2648849,-0.01391383,-0.957199,-0.5038723,-0.2290821,0.832847,0.1008981,0.04970598,-0.05452979,0.001668057,0.2978714,-0.01067096,-0.954545,-0.5686988,-0.003172677,0.8225397,0.06822404,0.054726,-0.1839819,-0.009065638,-0.02998565,0.008355883,0.9994743,-0.06009128,0.01762063,0.9980373
Fixation,8.3720,0.03293148,0.04992414,-0.0577544,-0.1158124,0.2648849,-0.01391383,-0.957199,-0.5038723,-0.2290821,0.832847,0.1008981,0.04970598,-0.05452979,0.001668057,0.2978714,-0.01067096,-0.954545,-0.5686988,-0.003172677,0.8225397,0.068217,0.05475569,-0.1839965,-0.00916896,-0.02997443,0.008364378,0.9994736,-0.06007068,0.01782683,0.998035
Fixation,8.3792,0.03291775,0.04993105,-0.05775635,-0.1164494,0.2643867,-0.01392633,-0.9572592,-0.5029299,-0.2303085,0.8330784,0.1008845,0.04970872,-0.05453464,0.001790325,0.2978493,-0.01067138,-0.9545516,-0.5686632,-0.002939013,0.8225652,0.06820336,0.05475855,-0.1840011,-0.009286859,-0.02995136,0.008331977,0.9994735,-0.06002593,0.01806483,0.9980333
Fixation,8.3902,0.03290699,0.04995561,-0.05777273,-0.1163514,0.2643935,-0.01392067,-0.9572694,-0.5029522,-0.2301203,0.8331169,0.1008737,0.04972947,-0.05455038,0.001889184,0.2978525,-0.0106684,-0.9545504,-0.5686707,-0.002748575,0.8225607,0.06819296,0.05477977,-0.1840181,-0.009381258,-0.02995477,0.008302473,0.9994727,-0.06003374,0.01825523,0.9980294
Fixation,8.4011,0.03290278,0.04997909,-0.05778643,-0.1162925,0.2643771,-0.01394699,-0.9572807,-0.5029222,-0.2300236,0.8331617,0.1008696,0.04975498,-0.05456607,0.00205952,0.2977781,-0.01069485,-0.954573,-0.5685459,-0.002437464,0.8226479,0.06818845,0.05480313,-0.1840335,-0.009445652,-0.02993947,0.008315934,0.9994725,-0.06000445,0.01838339,0.9980288
Fixation,8.4126,0.03289182,0.0499649,-0.05780908,-0.1168847,0.2638047,-0.01399603,-0.9573658,-0.5018433,-0.2311872,0.8334901,0.1008587,0.04974282,-0.0545907,0.002143398,0.297763,-0.01073314,-0.9545771,-0.5685216,-0.002299787,0.8226652,0.0681772,0.05478859,-0.1840581,-0.009536758,-0.02992397,0.008330303,0.999472,-0.05997523,0.01856489,0.9980272
Fixation,8.4232,0.03288802,0.04999161,-0.05782262,-0.1168699,0.2638153,-0.0140251,-0.9573642,-0.5018564,-0.2311741,0.8334858,0.1008549,0.04977274,-0.0546023,0.002157309,0.2977764,-0.01076119,-0.9545726,-0.5685447,-0.00229024,0.8226492,0.06817336,0.05481672,-0.1840708,-0.009557683,-0.02993817,0.008353511,0.9994711,-0.06000436,0.01860508,0.9980247
Fixation,8.4348,0.0328863,0.05001986,-0.05784031,-0.1168647,0.2637774,-0.01403343,-0.9573752,-0.5017879,-0.2311702,0.8335282,0.1008534,0.04980266,-0.05462517,0.002235499,0.2976493,-0.0107715,-0.954612,-0.5683273,-0.002144191,0.8227998,0.06817105,0.05484557,-0.1840913,-0.009565983,-0.0299001,0.008365019,0.9994721,-0.05992867,0.01862164,0.9980289
Fixation,8.4456,0.03287971,0.05004287,-0.05784658,-0.1174123,0.2631413,-0.01402589,-0.9574833,-0.5006132,-0.2322222,0.833942,0.1008469,0.04982257,-0.05463329,0.002256887,0.2976361,-0.01075433,-0.9546162,-0.568305,-0.00209283,0.8228154,0.06816451,0.05486679,-0.1840987,-0.009581983,-0.02988613,0.008342789,0.9994726,-0.05990062,0.01865519,0.99803
Fixation,8.4569,0.03286505,0.05004764,-0.05782929,-0.1173306,0.2631066,-0.01402002,-0.957503,-0.5005608,-0.2320664,0.8340169,0.1008324,0.04982471,-0.05462112,0.00233925,0.2975989,-0.0107558,-0.9546276,-0.5682425,-0.001935605,0.8228589,0.0681496,0.05486894,-0.1840848,-0.009661759,-0.02984729,0.008322227,0.9994732,-0.05982394,0.01881655,0.9980316
Fixation,8.4678,0.03286584,0.05006552,-0.05783577,-0.1172916,0.2630981,-0.01403925,-0.9575098,-0.5005447,-0.2320031,0.8340441,0.1008333,0.04984415,-0.05462855,0.002430783,0.297535,-0.01077538,-0.954647,-0.5681342,-0.001771024,0.822934,0.06815023,0.05488682,-0.1840922,-0.009704763,-0.0298399,0.008332632,0.9994729,-0.05981007,0.01890201,0.9980308
Fixation,8.4793,0.03286577,0.05008435,-0.05784129,-0.1176889,0.2626703,-0.0141194,-0.9575773,-0.4997309,-0.2328099,0.8343073,0.1008336,0.04987097,-0.05464135,0.002497616,0.2974828,-0.01085419,-0.9546622,-0.5680454,-0.001689112,0.8229955,0.06814894,0.05490851,-0.1841024,-0.009790405,-0.02978585,0.008390811,0.9994732,-0.05970462,0.01907064,0.9980339
Fixation,8.4905,0.03286378,0.05010355,-0.05784559,-0.117529,0.2626354,-0.01417335,-0.9576057,-0.4996708,-0.2325378,0.8344191,0.1008318,0.04989302,-0.05464996,0.002673765,0.2973465,-0.01091666,-0.9547035,-0.5678139,-0.001386756,0.8231558,0.06814642,0.0549264,-0.1841106,-0.009960745,-0.02975233,0.00840958,0.9994723,-0.05964078,0.01941057,0.9980311
Fixation,8.5011,0.03285723,0.05006635,-0.05784007,-0.1174997,0.2626364,-0.01411373,-0.95761,-0.4996897,-0.2324513,0.8344319,0.1008253,0.04984713,-0.05464537,0.002705363,0.2973397,-0.0108585,-0.9547063,-0.5678029,-0.001291675,0.8231636,0.06814042,0.05488443,-0.1841057,-0.009975556,-0.02974476,0.008345103,0.9994729,-0.05962466,0.01944415,0.9980315
Fixation,8.5122,0.03285625,0.05008411,-0.0578398,-0.1164502,0.2627504,-0.01405481,-0.9577078,-0.5000029,-0.2304363,0.8348032,0.1008249,0.04986203,-0.05465711,0.002711469,0.2972552,-0.0108387,-0.9547327,-0.5676574,-0.001266265,0.8232639,0.06813853,0.05490077,-0.1841117,-0.009976236,-0.02965619,0.008324783,0.9994757,-0.05944738,0.01944825,0.998042
Fixation,8.5233,0.03285565,0.05008388,-0.05784488,-0.1164895,0.2627236,-0.01401986,-0.9577109,-0.4999601,-0.2304933,0.834813,0.1008244,0.04985869,-0.05466645,0.002905577,0.2972056,-0.01079889,-0.954748,-0.5675756,-0.0008707908,0.8233208,0.06813773,0.05489969,-0.1841185,-0.009930467,-0.02962526,0.008303686,0.9994773,-0.05938448,0.01935855,0.9980475
Fixation,8.5350,0.03287566,0.05005383,-0.0578405,-0.1165386,0.2626993,-0.01397565,-0.9577122,-0.4999232,-0.2305637,0.8348157,0.1008446,0.04982471,-0.05466609,0.002857706,0.297178,-0.01075627,-0.9547573,-0.5675271,-0.0009362195,0.8233542,0.06815763,0.05486858,-0.1841156,-0.009872942,-0.02959602,0.008275628,0.9994789,-0.05932461,0.01924574,0.9980532
Fixation,8.5457,0.03288743,0.05004287,-0.05783483,-0.1155949,0.2628988,-0.01392359,-0.9577726,-0.5003756,-0.2287482,0.835044,0.1008564,0.04981101,-0.054661,0.002835147,0.2971743,-0.01072988,-0.9547588,-0.5675203,-0.0009635282,0.8233588,0.06816952,0.05485666,-0.18411,-0.00984413,-0.02959193,0.0082563,0.9994795,-0.05931561,0.01918937,0.9980548
Fixation,8.5569,0.0328902,0.05004871,-0.05782949,-0.115597,0.2628962,-0.01391036,-0.9577733,-0.5003738,-0.2287453,0.8350459,0.1008592,0.0498153,-0.05465625,0.002833514,0.2971702,-0.01071701,-0.9547602,-0.5675132,-0.0009589009,0.8233637,0.06817235,0.05486166,-0.1841049,-0.009839103,-0.02958753,0.008244361,0.9994798,-0.0593065,0.01918011,0.9980555
Fixation,8.5679,0.03287804,0.05005777,-0.05783039,-0.1156079,0.2628376,-0.01392411,-0.9577878,-0.5002659,-0.2287753,0.8351023,0.1008474,0.04982734,-0.0546651,0.003066206,0.297223,-0.01073103,-0.9547429,-0.5676089,-0.0005241428,0.8232982,0.06815924,0.05487239,-0.1841099,-0.009833544,-0.02952942,0.008267414,0.9994814,-0.05919082,0.01916862,0.9980626
Fixation,8.5790,0.03290717,0.05001116,-0.05785206,-0.1156373,0.2628701,-0.0139956,-0.9577742,-0.5003036,-0.2288669,0.8350546,0.1008763,0.0497905,-0.05468099,0.00303421,0.2972639,-0.01079686,-0.9547295,-0.5676787,-0.000625337,0.8232499,0.06818821,0.05483103,-0.1841284,-0.009820377,-0.02957272,0.008339253,0.9994796,-0.05927845,0.01913731,0.998058
Fixation,8.5903,0.03289944,0.05001962,-0.05784995,-0.1146842,0.2628753,-0.01401551,-0.9578872,-0.5003949,-0.2270777,0.8354883,0.1008686,0.04980409,-0.05467803,0.003067837,0.2972694,-0.01084373,-0.9547271,-0.5676889,-0.0005891258,0.823243,0.06818021,0.0548414,-0.1841263,-0.00986536,-0.02957886,0.008375325,0.9994787,-0.05929213,0.01922497,0.9980555
Fixation,8.6016,0.03289625,0.0500313,-0.05784184,-0.1146492,0.2629276,-0.01408235,-0.957876,-0.500475,-0.2270447,0.8354493,0.100865,0.04982269,-0.05466158,0.003257472,0.2974889,-0.01090142,-0.9546575,-0.568071,-0.0002665636,0.8229795,0.06817732,0.05485582,-0.1841144,-0.009913461,-0.02964009,0.008425131,0.999476,-0.05941617,0.01931709,0.9980464
Fixation,8.6120,0.03289722,0.05004525,-0.05784009,-0.1137075,0.2630202,-0.01394855,-0.9579647,-0.5007561,-0.2251929,0.8357819,0.1008654,0.04982376,-0.05464797,0.003179895,0.2975734,-0.0107832,-0.9546328,-0.5682152,-0.0003463197,0.82288,0.06818025,0.05486488,-0.1841054,-0.00980683,-0.02972761,0.008331806,0.9994752,-0.05958743,0.019108,0.9980402
Fixation,8.6233,0.03288786,0.04999518,-0.05784028,-0.1137026,0.2630277,-0.01403088,-0.9579621,-0.5007504,-0.2252265,0.8357763,0.1008559,0.04978442,-0.05464581,0.003182009,0.2975897,-0.01086415,-0.9546268,-0.5682434,-0.0003908589,0.8228604,0.06817037,0.05481994,-0.1841046,-0.009830629,-0.02974538,0.008409141,0.9994738,-0.05962479,0.01915065,0.9980372
Fixation,8.6344,0.03288462,0.04993105,-0.05784288,-0.113945,0.2631607,-0.01402101,-0.9578968,-0.5009664,-0.2256747,0.8355259,0.1008518,0.0497241,-0.05462947,0.002853822,0.297641,-0.01083128,-0.9546122,-0.5683253,-0.0009990809,0.8228033,0.06816849,0.05476177,-0.184095,-0.009586559,-0.02988785,0.0084406,0.9994717,-0.05990595,0.01865845,0.9980296
Fixation,8.6455,0.03288203,0.04989791,-0.05784497,-0.1132983,0.263438,-0.0139648,-0.9578982,-0.5015293,-0.2244141,0.8355278,0.1008489,0.04969168,-0.05462348,0.002654298,0.2977006,-0.0107839,-0.9545947,-0.5684241,-0.001353187,0.8227346,0.06816652,0.0547322,-0.1840909,-0.009381574,-0.02994975,0.008448396,0.9994717,-0.06002636,0.01824718,0.99803
Fixation,8.6566,0.03288074,0.04988503,-0.05781474,-0.1133266,0.2634948,-0.01377474,-0.957882,-0.5016717,-0.2243662,0.8354552,0.1008473,0.04965377,-0.0545883,0.002632266,0.297736,-0.01058744,-0.9545859,-0.5684848,-0.001279078,0.8226928,0.06816743,0.05470765,-0.1840573,-0.009307466,-0.0299854,0.008264969,0.9994729,-0.06009304,0.01810946,0.9980285
Fixation,8.6674,0.03289515,0.04991543,-0.05779603,-0.113246,0.2635641,-0.01361155,-0.9578748,-0.5018399,-0.2241259,0.8354186,0.1008612,0.04965901,-0.05456264,0.002818833,0.2978015,-0.01041719,-0.9545668,-0.5686016,-0.0008229818,0.8226126,0.06818426,0.05472445,-0.1840353,-0.009345932,-0.03003432,0.008080237,0.9994726,-0.060188,0.01819664,0.9980212
Fixation,8.6786,0.03291086,0.04995573,-0.05778367,-0.1121684,0.263709,-0.01333648,-0.9579656,-0.5022565,-0.2219408,0.8357516,0.1008773,0.04966795,-0.05456056,0.002821287,0.2977296,-0.01017941,-0.9545918,-0.568478,-0.0006750696,0.8226982,0.06820122,0.05474949,-0.1840276,-0.00928442,-0.02995743,0.007850855,0.9994772,-0.06002932,0.01808875,0.9980327
Fixation,8.6903,0.03291378,0.04995036,-0.05777963,-0.112114,0.2636806,-0.0132565,-0.9579809,-0.5022294,-0.2217971,0.835806,0.1008804,0.04965079,-0.05456187,0.002878701,0.2976913,-0.0101054,-0.9546044,-0.568413,-0.0005205353,0.8227432,0.06820448,0.05473757,-0.1840266,-0.009319852,-0.02991685,0.007764275,0.9994788,-0.05994724,0.01816542,0.9980363
Fixation,8.7012,0.03292091,0.0499413,-0.05777974,-0.1121389,0.263576,-0.01329303,-0.9580063,-0.5020335,-0.221867,0.8359051,0.1008883,0.04964888,-0.05457601,0.002910216,0.2976166,-0.0101517,-0.9546271,-0.5682847,-0.0004862868,0.8228318,0.06820982,0.05473232,-0.1840339,-0.009307458,-0.02981433,0.007817869,0.9994816,-0.05974328,0.0181391,0.998049
Fixation,8.7119,0.03293123,0.04994392,-0.05778072,-0.1110329,0.263662,-0.01339292,-0.95811,-0.5022604,-0.2198258,0.8363081,0.1008991,0.04966891,-0.05458587,0.002937563,0.2975536,-0.01029084,-0.9546452,-0.5681766,-0.000515495,0.8229064,0.06821813,0.05474293,-0.1840402,-0.009371308,-0.02974937,0.00794477,0.9994819,-0.05961682,0.0182602,0.9980543
Fixation,8.7233,0.0329366,0.04994154,-0.05778003,-0.1110475,0.2636661,-0.01350656,-0.9581055,-0.5022402,-0.2199129,0.8362973,0.1009044,0.0496819,-0.0545828,0.002918994,0.2975705,-0.01040262,-0.9546387,-0.5682054,-0.0006178562,0.8228866,0.06822264,0.0547483,-0.1840384,-0.009383473,-0.02976782,0.008057351,0.9994803,-0.05965591,0.01827749,0.9980516
Fixation,8.7385,0.03292754,0.04989958,-0.05779179,-0.1112118,0.2635406,-0.01363419,-0.9581193,-0.501974,-0.2202946,0.8363566,0.1008961,0.04966342,-0.05460984,0.002809383,0.2972937,-0.01053538,-0.9547238,-0.567726,-0.0008998346,0.8232172,0.06821045,0.0547204,-0.1840569,-0.009256793,-0.02965855,0.00823408,0.9994833,-0.0594389,0.0180156,0.9980693
Fixation,8.7490,0.03293462,0.04991293,-0.05779212,-0.110425,0.2637171,-0.01362881,-0.9581618,-0.5023574,-0.2187983,0.8365192,0.1009032,0.04967952,-0.05461039,0.002794234,0.2972924,-0.01055154,-0.9547241,-0.5677233,-0.0009383368,0.8232189,0.06821731,0.0547353,-0.1840573,-0.009246545,-0.02965724,0.00825372,0.9994833,-0.05943647,0.01799397,0.9980699
Fixation,8.7601,0.03294031,0.04991817,-0.05779044,-0.1104187,0.263674,-0.01361294,-0.9581746,-0.5022852,-0.2187796,0.8365675,0.1009092,0.04968309,-0.05461501,0.002852576,0.2972773,-0.01053976,-0.9547287,-0.5676985,-0.0008195913,0.8232361,0.06822254,0.05473959,-0.1840589,-0.009250369,-0.02961071,0.008241996,0.9994847,-0.05934338,0.0180031,0.9980752
Fixation,8.7715,0.03294363,0.04993534,-0.05778994,-0.1104116,0.2635928,-0.01351408,-0.9581991,-0.5021646,-0.2187171,0.8366562,0.1009131,0.04968822,-0.05462745,0.002862966,0.2971866,-0.01045145,-0.954758,-0.5675423,-0.0007451838,0.8233439,0.06822553,0.0547508,-0.184065,-0.00923674,-0.029515,0.008154497,0.9994884,-0.05915045,0.01798267,0.9980871
Fixation,8.7822,0.03293819,0.04993427,-0.05777095,-0.1095604,0.2635538,-0.01339522,-0.9583092,-0.5021969,-0.2170462,0.8370718,0.1009076,0.04967332,-0.05460867,0.002902,0.2971846,-0.0103571,-0.9547595,-0.5675398,-0.0006145206,0.8233458,0.06822103,0.05474246,-0.1840462,-0.009248968,-0.02951237,0.008053134,0.9994892,-0.05914357,0.01801315,0.9980869
Fixation,8.7936,0.0329303,0.04994333,-0.05776703,-0.1094754,0.2636022,-0.01335304,-0.9583063,-0.5022996,-0.2168616,0.8370581,0.1008994,0.04967356,-0.05459877,0.002988943,0.2972254,-0.01031258,-0.954747,-0.5676117,-0.0004229522,0.8232963,0.06821436,0.05474579,-0.1840399,-0.009320688,-0.02955486,0.007986717,0.9994878,-0.05922832,0.01815973,0.9980793
Fixation,8.8047,0.03290825,0.04995513,-0.05777591,-0.1093422,0.2637404,-0.01346698,-0.9582818,-0.5025302,-0.2166648,0.8369706,0.1008764,0.04969442,-0.05458676,0.00307279,0.2971308,-0.01041395,-0.9547751,-0.5674501,-0.0003209636,0.8234077,0.06819365,0.05475986,-0.1840394,-0.009473227,-0.02970719,0.008049063,0.9994813,-0.05953606,0.0184584,0.9980555
Fixation,8.8160,0.03290981,0.04994297,-0.05778158,-0.1083162,0.2640399,-0.01354125,-0.9583148,-0.5031332,-0.2147529,0.837101,0.1008772,0.04969108,-0.05457442,0.00316086,0.2972558,-0.01050254,-0.9547349,-0.5676675,-0.0002083145,0.8232579,0.0681963,0.05475056,-0.1840368,-0.009581706,-0.02983885,0.008110244,0.9994759,-0.05980185,0.01866937,0.9980357
Fixation,8.8266,0.0328858,0.0499413,-0.05780235,-0.1082778,0.264222,-0.01360822,-0.958268,-0.5034441,-0.2147094,0.8369253,0.1008519,0.04969442,-0.05456871,0.003197398,0.2974413,-0.01054925,-0.9546765,-0.5679879,-0.0001706067,0.8230369,0.06817438,0.0547508,-0.1840443,-0.009629223,-0.03003335,0.008144701,0.9994693,-0.06019168,0.018759,0.9980106
Fixation,8.8378,0.03286969,0.04992962,-0.05781372,-0.1082972,0.2641886,-0.01360832,-0.958275,-0.5033831,-0.2147474,0.8369522,0.100836,0.04968381,-0.05458473,0.003350808,0.2975067,-0.01054804,-0.9546556,-0.5681035,0.0001215101,0.8229571,0.06815776,0.05473995,-0.1840579,-0.009611278,-0.0299994,0.008153262,0.9994705,-0.06012375,0.01872319,0.9980153
Fixation,8.8488,0.03288566,0.04991031,-0.05781744,-0.1075739,0.2646774,-0.01356532,-0.9582222,-0.504321,-0.2133402,0.8367474,0.1008513,0.04966259,-0.05457469,0.003268503,0.2976046,-0.01051142,-0.9546258,-0.5682708,-1.610117E-05,0.8228416,0.06817509,0.05472112,-0.1840536,-0.009522049,-0.03010162,0.008139749,0.9994683,-0.06032625,0.01854393,0.9980065
Fixation,8.8600,0.03289666,0.04988813,-0.05782682,-0.1076119,0.264746,-0.01351473,-0.9581997,-0.5044504,-0.2133833,0.8366585,0.1008619,0.04963386,-0.05457516,0.003231994,0.2976677,-0.01045196,-0.9546069,-0.5683787,-5.185232E-05,0.822767,0.06818735,0.05469632,-0.1840578,-0.00947083,-0.03016728,0.008092052,0.9994673,-0.06045569,0.01844334,0.9980005
Fixation,8.8712,0.03289125,0.04989338,-0.05783606,-0.1076834,0.2647478,-0.01336231,-0.9581933,-0.5044814,-0.2134383,0.8366258,0.1008565,0.04962111,-0.05458636,0.003234721,0.2976358,-0.0102957,-0.9546185,-0.5683239,4.710862E-05,0.8228049,0.06818299,0.05469394,-0.184067,-0.009365041,-0.03015301,0.007961725,0.9994698,-0.06042316,0.01824001,0.9980062
Fixation,8.8823,0.03307745,0.05028701,-0.05754571,-0.106606,0.2647213,-0.01330023,-0.958322,-0.5045408,-0.2113674,0.8371156,0.1008673,0.04961848,-0.05458654,0.003223692,0.297657,-0.01026289,-0.9546123,-0.5683603,4.511187E-05,0.8227798,0.06819449,0.05469346,-0.1840684,-0.009345572,-0.03017499,0.007933001,0.9994695,-0.06046623,0.01820247,0.9980043
Fixation,8.8933,0.03308593,0.05026948,-0.05754473,-0.1065787,0.2646983,-0.01327065,-0.9583318,-0.5045088,-0.211301,0.8371516,0.1008759,0.04959655,-0.05458926,0.003252058,0.2976305,-0.01023709,-0.9546207,-0.5683151,0.0001152246,0.822811,0.06820291,0.05467331,-0.1840695,-0.009365993,-0.03014708,0.007900626,0.9994704,-0.06041021,0.0182457,0.9980069
Fixation,8.9052,0.03309507,0.05027056,-0.05755124,-0.1066462,0.2646967,-0.01317656,-0.958326,-0.504521,-0.2113793,0.8371245,0.100885,0.04958737,-0.05459737,0.003317103,0.2975861,-0.01013734,-0.9546354,-0.5682396,0.0002997862,0.8228631,0.06821254,0.05467057,-0.184076,-0.009277922,-0.03013621,0.00782599,0.9994721,-0.06038582,0.01807436,0.9980115
Fixation,8.9157,0.03312677,0.05026019,-0.05755105,-0.1056821,0.2644253,-0.01314751,-0.9585081,-0.5041288,-0.2095474,0.8378211,0.1009172,0.04957783,-0.05460908,0.003328606,0.297502,-0.01014756,-0.9546615,-0.568095,0.0003175451,0.8229629,0.06824304,0.05466044,-0.1840821,-0.009291844,-0.0300483,0.007833044,0.9994746,-0.06021059,0.01810318,0.9980215
Fixation,8.9266,0.03316473,0.05024803,-0.05754306,-0.1056517,0.2643719,-0.01313842,-0.9585263,-0.5040386,-0.2094866,0.8378904,0.1009555,0.04956436,-0.05460872,0.003359489,0.2974477,-0.01014566,-0.9546784,-0.5680019,0.0003788578,0.8230272,0.06828036,0.05464709,-0.1840784,-0.009321137,-0.02999139,0.007823103,0.9994761,-0.0600972,0.01816326,0.9980273
Fixation,8.9378,0.03321744,0.05023968,-0.05753114,-0.1056085,0.2642456,-0.01314786,-0.9585658,-0.5038166,-0.209414,0.8380421,0.101009,0.04955769,-0.05461435,0.003498073,0.2972334,-0.01016738,-0.9547443,-0.5676349,0.000635358,0.8232802,0.06833128,0.05463874,-0.184076,-0.009369434,-0.02986126,0.007836274,0.9994794,-0.05983828,0.01826111,0.998041
Fixation,8.9492,0.03325944,0.05024397,-0.05752075,-0.1046082,0.2640216,-0.01303218,-0.9587387,-0.5035289,-0.2074655,0.8386995,0.1010514,0.04955101,-0.054617,0.003523964,0.2971412,-0.0100919,-0.9547737,-0.5674764,0.0007317397,0.8233894,0.06837273,0.05463731,-0.1840724,-0.009374196,-0.02976433,0.007756922,0.9994829,-0.05964331,0.01827694,0.9980524
Fixation,8.9602,0.03330287,0.05024767,-0.05750255,-0.1045615,0.2639017,-0.0128698,-0.958779,-0.5033555,-0.2072954,0.8388456,0.1010955,0.04953361,-0.05461802,0.003576248,0.2970051,-0.009945724,-0.9548174,-0.5672424,0.000921465,0.8235503,0.06841566,0.05463004,-0.1840642,-0.00938544,-0.029621,0.007602545,0.9994882,-0.05935439,0.01831088,0.998069
Fixation,8.9711,0.03333419,0.05021751,-0.05748537,-0.1045877,0.2637908,-0.01273838,-0.9588084,-0.503185,-0.2072796,0.8389517,0.1011274,0.04948854,-0.05461831,0.003701078,0.2969075,-0.009822615,-0.9548485,-0.5670761,0.001235121,0.8236645,0.06844624,0.05459309,-0.1840556,-0.009332419,-0.02949221,0.007494305,0.9994934,-0.05909441,0.01821334,0.9980862
Fixation,8.9824,0.03336149,0.05020463,-0.05747605,-0.1033634,0.263643,-0.01262214,-0.9589834,-0.5030491,-0.204903,0.8396168,0.101155,0.04946649,-0.05461894,0.003688885,0.2968379,-0.009749541,-0.954871,-0.5669558,0.001256751,0.8237473,0.06847318,0.05457592,-0.1840511,-0.009301117,-0.0294189,0.007427421,0.9994963,-0.05894633,0.01815585,0.998096
Fixation,8.9936,0.03338873,0.05019999,-0.05746732,-0.1034292,0.2635735,-0.01250374,-0.9589969,-0.5029458,-0.2049679,0.8396628,0.1011826,0.04944921,-0.05462162,0.003626611,0.296759,-0.009637361,-0.9548969,-0.5668185,0.001206131,0.8238419,0.06850009,0.05456614,-0.1840474,-0.009211079,-0.02933556,0.007336358,0.9995003,-0.05877694,0.01798252,0.9981092
Fixation,9.0043,0.033411,0.05017865,-0.05747083,-0.1034851,0.2635591,-0.0125907,-0.9589937,-0.5028971,-0.2051199,0.8396549,0.101205,0.04944122,-0.05462582,0.003614958,0.2968103,-0.009722383,-0.9548802,-0.5669068,0.001132297,0.8237812,0.06852143,0.0545522,-0.184051,-0.009177322,-0.02933197,0.007435102,0.9995,-0.05877107,0.01790929,0.9981108
Fixation,9.0156,0.03343011,0.05015039,-0.05746973,-0.1027902,0.2637849,-0.01273784,-0.9590044,-0.5033232,-0.2038725,0.8397034,0.1012241,0.04943717,-0.05461829,0.003528497,0.2968569,-0.009883254,-0.9548643,-0.5669858,0.0008706483,0.8237271,0.0685396,0.05453718,-0.1840462,-0.009137219,-0.02938164,0.007613138,0.9994975,-0.05887288,0.01781788,0.9981065
Fixation,9.0274,0.03344194,0.05010855,-0.05746546,-0.102782,0.2638389,-0.01283125,-0.9589893,-0.5033996,-0.2039045,0.8396498,0.1012357,0.04940653,-0.05460511,0.003560306,0.2968941,-0.009969413,-0.9548517,-0.5670508,0.0008794083,0.8236824,0.06855156,0.05450058,-0.1840376,-0.009165489,-0.02944754,0.007695474,0.9994947,-0.05900639,0.01786849,0.9980977
Fixation,9.0377,0.03343699,0.05012083,-0.0574766,-0.1028644,0.2638545,-0.01287294,-0.9589756,-0.5034117,-0.2040821,0.8395994,0.1012307,0.04942667,-0.05461339,0.003476114,0.2969159,-0.01000623,-0.9548449,-0.5670868,0.000696281,0.8236578,0.06854637,0.0545181,-0.1840466,-0.009094265,-0.02947043,0.007753493,0.9994942,-0.05905207,0.01772233,0.9980976
Fixation,9.0488,0.03344135,0.05012429,-0.05748481,-0.1019225,0.2640132,-0.0128441,-0.9590328,-0.5037764,-0.202276,0.8398177,0.1012352,0.04942739,-0.0546252,0.003553294,0.2968889,-0.01000632,-0.954853,-0.5670416,0.0008442197,0.8236887,0.06855058,0.05451894,-0.1840574,-0.009168657,-0.02944237,0.007732922,0.9994946,-0.05899678,0.01787269,0.9980982
Fixation,9.0604,0.0334634,0.05013418,-0.05749718,-0.1018105,0.2640255,-0.01283632,-0.9590414,-0.5038091,-0.2020592,0.8398502,0.1012571,0.04943275,-0.05463604,0.003666066,0.2968976,-0.0100011,-0.95485,-0.5670586,0.001062484,0.8236768,0.06857309,0.05452478,-0.18407,-0.009275868,-0.02945145,0.007697565,0.9994935,-0.05901588,0.01808893,0.9980931
Fixation,9.0714,0.03346512,0.05015719,-0.05751561,-0.1017644,0.2640367,-0.01280437,-0.9590437,-0.5038393,-0.2019546,0.8398573,0.1012587,0.04944992,-0.05465342,0.003729702,0.2969224,-0.009969379,-0.9548423,-0.5671025,0.001202292,0.8236464,0.0685753,0.05454421,-0.1840882,-0.009313084,-0.02945815,0.0076546,0.9994934,-0.05902902,0.01816575,0.998091
Fixation,9.0821,0.03346197,0.05018449,-0.05753971,-0.1017518,0.2641055,-0.01278785,-0.9590263,-0.5039659,-0.20192,0.8397897,0.1012552,0.04947376,-0.05466814,0.003742925,0.2969883,-0.009945849,-0.9548221,-0.5672164,0.001240053,0.8235679,0.06857328,0.05456972,-0.1841075,-0.00931943,-0.02952693,0.007628171,0.9994915,-0.05916601,0.01817891,0.9980826
Fixation,9.0932,0.0334714,0.05019283,-0.05755431,-0.1009226,0.2643855,-0.01279535,-0.9590367,-0.5045281,-0.2003428,0.8398299,0.1012639,0.0494808,-0.05466586,0.003852216,0.2971048,-0.009963556,-0.9547852,-0.5674193,0.001435637,0.8234278,0.06858446,0.05457544,-0.1841144,-0.009429344,-0.02964919,0.007615489,0.9994869,-0.05941157,0.01839743,0.998064
Fixation,9.1044,0.03346476,0.05021977,-0.05758002,-0.1008301,0.2644413,-0.01278872,-0.959031,-0.5046358,-0.2001621,0.8398082,0.1012569,0.04950321,-0.05468392,0.003923052,0.2971409,-0.00995462,-0.9547737,-0.5674827,0.001575405,0.8233838,0.06857887,0.05459881,-0.1841369,-0.009516502,-0.02970366,0.007581146,0.9994847,-0.059521,0.01857282,0.9980543
Fixation,9.1161,0.03345858,0.05025256,-0.05760264,-0.1007426,0.264483,-0.01282677,-0.9590283,-0.5047089,-0.200015,0.8397993,0.1012504,0.0495379,-0.05470023,0.004009689,0.2971836,-0.009990889,-0.9547597,-0.5675579,0.001718321,0.8233317,0.06857321,0.05463111,-0.1841572,-0.009609652,-0.02974869,0.007592663,0.9994824,-0.05961252,0.01875761,0.9980453
Fixation,9.1269,0.03345123,0.05029845,-0.05763672,-0.1015805,0.2643312,-0.0128373,-0.9589816,-0.5043694,-0.2016142,0.8396209,0.1012428,0.04957807,-0.05472923,0.004111489,0.2972173,-0.009975038,-0.9547489,-0.5676178,0.001921372,0.82329,0.06856672,0.05467248,-0.1841895,-0.009703415,-0.02978397,0.007549935,0.9994807,-0.05968353,0.01894702,0.9980375
Fixation,9.1380,0.03345792,0.0502764,-0.05764615,-0.1015024,0.2643315,-0.01287682,-0.9589892,-0.5043681,-0.2014869,0.8396522,0.1012495,0.04955888,-0.05473808,0.004100814,0.2972012,-0.01001945,-0.9547536,-0.5675901,0.00187495,0.8233092,0.06857331,0.05465043,-0.1841994,-0.009789005,-0.02978684,0.007569576,0.9994797,-0.05969087,0.01911687,0.9980338
Fixation,9.1491,0.03345216,0.0503,-0.05766211,-0.101461,0.2643283,-0.01290631,-0.9589941,-0.5043597,-0.2014241,0.8396724,0.1012438,0.04958522,-0.05475408,0.00414136,0.2972,-0.01005053,-0.9547533,-0.5675886,0.001933918,0.82331,0.06856739,0.05467474,-0.1842159,-0.009836411,-0.02978581,0.007588628,0.9994791,-0.05968988,0.01921051,0.9980321
Fixation,9.1609,0.0334475,0.05031276,-0.05768577,-0.1008361,0.264572,-0.01289873,-0.958993,-0.5048441,-0.2002275,0.8396674,0.1012391,0.0495981,-0.05477766,0.004169147,0.2972,-0.01005929,-0.9547532,-0.5675891,0.001981769,0.8233096,0.06856274,0.05468714,-0.1842398,-0.009865529,-0.02978587,0.007589601,0.9994788,-0.05969043,0.01926865,0.998031
Fixation,9.1715,0.03345809,0.05030453,-0.0576882,-0.100827,0.2645397,-0.01291365,-0.9590025,-0.5047845,-0.2002191,0.8397053,0.1012499,0.04959202,-0.05478439,0.004220896,0.2970649,-0.01007588,-0.9547948,-0.5673571,0.002073801,0.8234693,0.06857277,0.05467975,-0.1842446,-0.009878898,-0.02975408,0.007605349,0.9994795,-0.05962745,0.01929493,0.9980342
Fixation,9.1823,0.0334582,0.05030787,-0.05769383,-0.1007919,0.2644936,-0.01294862,-0.9590185,-0.5046982,-0.2001723,0.8397683,0.1012503,0.04959941,-0.05479601,0.004254965,0.297022,-0.01011689,-0.9548076,-0.5672837,0.002115472,0.8235197,0.06857204,0.05468452,-0.1842537,-0.009922769,-0.02970945,0.007635841,0.9994801,-0.05953956,0.01938151,0.9980378
Fixation,9.1933,0.03345177,0.05032218,-0.05771583,-0.1001737,0.2647178,-0.01296292,-0.9590213,-0.5051429,-0.1990004,0.8397795,0.1012442,0.04961729,-0.05482578,0.004288061,0.2969665,-0.01015318,-0.9548243,-0.5671887,0.002158381,0.823585,0.06856465,0.0546999,-0.1842802,-0.009964449,-0.02965166,0.007662093,0.9994813,-0.05942526,0.01946417,0.998043
Fixation,9.2044,0.03344757,0.0503391,-0.05773202,-0.1001922,0.2646886,-0.01304597,-0.9590263,-0.5050724,-0.19908,0.839803,0.1012403,0.04964614,-0.05484484,0.004301792,0.2969182,-0.010237,-0.9548384,-0.5671059,0.002135931,0.8236421,0.06855941,0.05472291,-0.1842979,-0.009966827,-0.02963126,0.007749813,0.9994811,-0.05938625,0.01946404,0.9980453
Fixation,9.2157,0.03345173,0.05032468,-0.05773006,-0.1001741,0.2646843,-0.01304072,-0.9590294,-0.5050672,-0.1990431,0.8398148,0.1012445,0.04963052,-0.05484356,0.004320086,0.296913,-0.01023286,-0.9548399,-0.5670972,0.002173443,0.823648,0.06856358,0.05470777,-0.1842964,-0.009983346,-0.0296258,0.007740933,0.9994813,-0.05937543,0.01949767,0.9980453
Fixation,9.2268,0.03344025,0.05032372,-0.05774968,-0.09953725,0.2649767,-0.01303638,-0.959015,-0.5056381,-0.1978241,0.8397594,0.1012332,0.04963148,-0.05486856,0.00432631,0.2968749,-0.01024851,-0.9548516,-0.5670317,0.002176916,0.8236931,0.06855145,0.05470753,-0.1843189,-0.009993582,-0.02958608,0.007754462,0.9994822,-0.05929652,0.01951797,0.9980496
Fixation,9.2389,0.0334335,0.05031776,-0.05776272,-0.09953652,0.2649961,-0.0130035,-0.9590102,-0.5056794,-0.1978048,0.8397391,0.1012263,0.04962075,-0.05487935,0.004316572,0.2968303,-0.01021365,-0.9548659,-0.5669544,0.002180051,0.8237463,0.06854522,0.0546993,-0.1843307,-0.009985969,-0.02960247,0.00772046,0.999482,-0.05932847,0.0195045,0.9980479
Fixation,9.2491,0.03342408,0.05031455,-0.05777974,-0.09954157,0.2649629,-0.01302119,-0.9590186,-0.5056162,-0.1978247,0.8397723,0.1012171,0.04962051,-0.05490078,0.004310913,0.2967994,-0.01023466,-0.9548753,-0.566901,0.00215749,0.8237831,0.06853519,0.05469751,-0.18435,-0.009986189,-0.02957025,0.007742312,0.9994829,-0.05926456,0.01950417,0.9980518
Fixation,9.2602,0.03345559,0.05027056,-0.05777242,-0.09878802,0.2654073,-0.01294305,-0.9589747,-0.5064806,-0.1963408,0.8395998,0.1012481,0.04956293,-0.05488315,0.004449601,0.2968692,-0.01016766,-0.9548537,-0.5670238,0.002460508,0.8236977,0.06856859,0.0546447,-0.1843385,-0.01010173,-0.02964312,0.007640311,0.9994803,-0.05940979,0.01973999,0.9980385
Fixation,9.2711,0.03343324,0.05028486,-0.05779111,-0.09885631,0.2654115,-0.01293068,-0.9589667,-0.5064849,-0.1964637,0.8395684,0.1012257,0.04957771,-0.0549014,0.004450716,0.2969304,-0.01015104,-0.9548348,-0.5671293,0.002471094,0.823625,0.06854624,0.05466032,-0.1843562,-0.010032,-0.02964768,0.007644163,0.9994808,-0.05941795,0.01960032,0.9980407
Fixation,9.2826,0.03342195,0.05029047,-0.05780204,-0.09835251,0.2656993,-0.01288985,-0.9589393,-0.5070435,-0.1954778,0.8394613,0.1012142,0.04957938,-0.05490833,0.004444549,0.2969588,-0.01011951,-0.9548264,-0.5671781,0.002477393,0.8235914,0.0685356,0.05466425,-0.184365,-0.01001756,-0.02967719,0.00761536,0.9994803,-0.0594761,0.01957271,0.9980378
Fixation,9.2935,0.03341634,0.05029917,-0.05779397,-0.09834127,0.2657378,-0.01283766,-0.9589305,-0.5071232,-0.1954278,0.8394248,0.1012083,0.04958034,-0.05489561,0.004457483,0.2969913,-0.01006388,-0.9548168,-0.5672343,0.00253439,0.8235526,0.06853092,0.05466902,-0.1843544,-0.01001506,-0.02971094,0.007558198,0.9994798,-0.05954236,0.01957057,0.9980339
Fixation,9.3046,0.03341942,0.05030942,-0.05779955,-0.09831558,0.2657419,-0.01279782,-0.9589326,-0.5071406,-0.1953579,0.8394306,0.1012113,0.04958463,-0.0549012,0.004521172,0.2968383,-0.01002243,-0.9548644,-0.5669713,0.00268413,0.8237332,0.0685344,0.05467594,-0.1843601,-0.01003059,-0.02971016,0.007513192,0.99948,-0.05954016,0.01960432,0.9980334
Fixation,9.3154,0.03342223,0.05032349,-0.05781321,-0.09768215,0.266036,-0.01272017,-0.9589168,-0.5077277,-0.1941061,0.8393661,0.1012141,0.04959249,-0.05491519,0.004465684,0.2968372,-0.009960608,-0.9548657,-0.5669684,0.002614898,0.8237354,0.06853756,0.05468798,-0.1843733,-0.009960553,-0.0297086,0.00746853,0.9994811,-0.05953515,0.01946701,0.9980364
Fixation,9.3268,0.03343341,0.05032265,-0.05781973,-0.09764525,0.2660217,-0.01267154,-0.9589251,-0.5077152,-0.1940108,0.8393957,0.1012253,0.04958427,-0.05492441,0.004504242,0.2968175,-0.009914991,-0.9548722,-0.5669349,0.002716066,0.8237582,0.06854896,0.05468285,-0.1843815,-0.009985473,-0.02968769,0.007414303,0.9994819,-0.05949268,0.01952037,0.9980379
Fixation,9.3381,0.03345775,0.05031133,-0.05781499,-0.09766087,0.2659984,-0.0126034,-0.9589309,-0.5076864,-0.194005,0.8394144,0.1012497,0.04956472,-0.05492389,0.004386531,0.2965585,-0.009850564,-0.9549538,-0.5664857,0.002535332,0.8240677,0.06857341,0.05466783,-0.1843786,-0.00995477,-0.02965665,0.007354696,0.9994835,-0.05942909,0.01946303,0.9980428
Fixation,9.3521,0.03346905,0.05031419,-0.05782303,-0.1035061,0.2619505,-0.01274204,-0.9594301,-0.5000086,-0.2052892,0.8413368,0.1012613,0.04956686,-0.05493891,0.004434432,0.2965083,-0.009857948,-0.9549691,-0.5663999,0.002623565,0.8241264,0.06858409,0.0546695,-0.1843907,-0.01000295,-0.02960423,0.007349129,0.9994847,-0.05932497,0.01956046,0.9980471
Fixation,9.3667,0.03347971,0.05032384,-0.05782625,-0.1034203,0.2618929,-0.01272729,-0.9594553,-0.4999165,-0.2051207,0.8414327,0.1012723,0.04957283,-0.05495045,0.00444091,0.2961936,-0.009853271,-0.9550668,-0.5658568,0.00264578,0.8244993,0.06859421,0.05467594,-0.184399,-0.01008509,-0.02954111,0.007321222,0.9994859,-0.05919951,0.01972725,0.9980512
Fixation,9.3734,0.03349577,0.05033958,-0.0578269,-0.1034295,0.2618561,-0.01272349,-0.9594644,-0.4998513,-0.2051374,0.8414674,0.1012886,0.0495888,-0.05495629,0.004431745,0.2961572,-0.009853289,-0.9550781,-0.5657938,0.00262908,0.8245426,0.06860973,0.05469191,-0.1844023,-0.0100763,-0.02950303,0.007323816,0.9994871,-0.05912339,0.01971011,0.9980561
Fixation,9.3821,0.03351522,0.05034947,-0.05782324,-0.1034505,0.2618467,-0.0127305,-0.9594646,-0.4998312,-0.2051811,0.8414686,0.1013081,0.04960048,-0.05495383,0.004410419,0.2961492,-0.009860557,-0.9550807,-0.5657797,0.00258422,0.8245524,0.06862897,0.054703,-0.1843991,-0.01005771,-0.02949461,0.007336558,0.9994875,-0.05910657,0.01967233,0.9980578
Fixation,9.3934,0.03352829,0.05036807,-0.05782991,-0.1121341,0.2558023,-0.01293906,-0.9601166,-0.4882982,-0.2219432,0.8439823,0.1013215,0.04962158,-0.05496877,0.004391871,0.2960912,-0.009875414,-0.9550986,-0.5656793,0.002541292,0.8246214,0.06864107,0.05472314,-0.1844099,-0.01004388,-0.02943401,0.007356032,0.9994892,-0.05898572,0.01964446,0.9980655
Fixation,9.4048,0.03353801,0.0503757,-0.05783432,-0.1120893,0.2558097,-0.01294835,-0.9601197,-0.488313,-0.2218629,0.8439948,0.1013312,0.04962897,-0.05497205,0.004436519,0.2960983,-0.009885633,-0.955096,-0.5656923,0.002620365,0.8246123,0.06865091,0.05472994,-0.1844141,-0.01008962,-0.02944159,0.007353893,0.9994885,-0.05900145,0.01973591,0.9980628
Fixation,9.4156,0.03356196,0.05039215,-0.05780683,-0.1121019,0.2558231,-0.01290604,-0.9601152,-0.4883457,-0.2218649,0.8439754,0.1013551,0.04963994,-0.05494335,0.004453117,0.2957845,-0.009838168,-0.9551937,-0.5651506,0.002687225,0.8249834,0.06867533,0.05474389,-0.1843858,-0.01006721,-0.02945053,0.007314289,0.9994888,-0.05901821,0.0196933,0.9980626
Fixation,9.4264,0.03356161,0.05039406,-0.05780418,-0.1152698,0.2526715,-0.01302386,-0.960573,-0.4824164,-0.2280316,0.84574,0.1013549,0.04965103,-0.05494344,0.00439837,0.2957662,-0.009892764,-0.9551991,-0.5651183,0.002550747,0.825006,0.06867412,0.05475116,-0.1843842,-0.01002908,-0.02943164,0.007381602,0.9994892,-0.05898128,0.01961341,0.9980664
Fixation,9.4376,0.03356128,0.05038726,-0.05780128,-0.1153137,0.2526984,-0.01304511,-0.9605603,-0.4824555,-0.2281246,0.8456925,0.1013544,0.04964781,-0.05493641,0.004167755,0.2955188,-0.009911837,-0.9552764,-0.5646868,0.002104449,0.8253026,0.06867395,0.05474687,-0.1843788,-0.009989817,-0.02946308,0.007408728,0.9994885,-0.05904405,0.01953285,0.9980643
Fixation,9.4491,0.03355257,0.05038273,-0.05779714,-0.1153569,0.2526969,-0.01310178,-0.9605548,-0.4824356,-0.2282348,0.8456742,0.1013458,0.0496521,-0.05493151,0.00412194,0.2955249,-0.009966267,-0.9552742,-0.5646968,0.001984604,0.825296,0.06866474,0.05474734,-0.184374,-0.009960208,-0.02946981,0.007473401,0.9994881,-0.05905832,0.01946974,0.9980646
Fixation,9.4604,0.0335262,0.05036104,-0.05779778,-0.115964,0.2513925,-0.01310381,-0.9608239,-0.4800486,-0.2294303,0.8467084,0.1013194,0.04963541,-0.05492935,0.003936015,0.2955486,-0.009955863,-0.9552678,-0.5647344,0.001635015,0.8252711,0.06863827,0.05473113,-0.1843715,-0.009778245,-0.02949425,0.00751299,0.9994889,-0.05910528,0.01910332,0.9980689
Fixation,9.4710,0.03351493,0.05033755,-0.05779592,-0.1160116,0.2514446,-0.01303406,-0.9608055,-0.4801546,-0.2294838,0.8466338,0.1013077,0.04960322,-0.05492134,0.003688885,0.2952676,-0.009881592,-0.9553564,-0.5642446,0.001212972,0.8256068,0.06862814,0.05470419,-0.1843658,-0.009714331,-0.02954018,0.007449766,0.9994887,-0.05919489,0.01897859,0.998066
Fixation,9.4826,0.03351256,0.0503279,-0.05779377,-0.1159925,0.2514477,-0.01309861,-0.960806,-0.4801463,-0.2294798,0.8466396,0.1013054,0.04960155,-0.05491769,0.003705266,0.2952776,-0.00994608,-0.9553525,-0.5642622,0.001205961,0.8255948,0.06862541,0.05469811,-0.1843632,-0.00974732,-0.02955108,0.007507502,0.9994876,-0.05921822,0.01904094,0.9980634
Fixation,9.4933,0.03351805,0.05031264,-0.05778547,-0.1166105,0.2518292,-0.01312998,-0.9606308,-0.4807676,-0.2306523,0.8459681,0.1013108,0.0495882,-0.05490582,0.003680252,0.2953034,-0.009953424,-0.9553447,-0.5643063,0.001153259,0.8255647,0.06863113,0.05468416,-0.1843529,-0.009725147,-0.02957803,0.007521165,0.9994869,-0.059272,0.01899539,0.9980611
Fixation,9.5046,0.03352584,0.0503031,-0.05777786,-0.1166331,0.2518734,-0.01313159,-0.9606166,-0.4808444,-0.2306943,0.8459131,0.1013183,0.04957879,-0.05489201,0.003444566,0.2950917,-0.009952902,-0.9554109,-0.5639362,0.0007079146,0.8258181,0.0686395,0.0546751,-0.1843418,-0.009701882,-0.02962415,0.007522292,0.9994857,-0.0593638,0.0189481,0.9980566
Fixation,9.5158,0.0335212,0.0503118,-0.05778027,-0.116701,0.2518723,-0.01312018,-0.9606087,-0.4808391,-0.2308171,0.8458825,0.1013137,0.04958797,-0.0548947,0.003376758,0.2950911,-0.009938641,-0.9554115,-0.563934,0.0005867775,0.8258197,0.06863479,0.05468524,-0.1843437,-0.009632732,-0.02962337,0.007526637,0.9994864,-0.05936131,0.01880964,0.9980593
Fixation,9.5270,0.0335178,0.05031776,-0.05778104,-0.1172078,0.2515948,-0.01314247,-0.9606194,-0.4802929,-0.2317972,0.8459248,0.1013101,0.04959476,-0.05489114,0.003375871,0.2951216,-0.009944886,-0.955402,-0.5639868,0.0005807248,0.8257837,0.06863175,0.05469155,-0.1843423,-0.009633503,-0.02965539,0.007532773,0.9994854,-0.05942539,0.01881032,0.9980555
Fixation,9.5380,0.03348177,0.0502826,-0.05777842,-0.1171731,0.2515742,-0.01324838,-0.9606276,-0.4802336,-0.2317853,0.8459617,0.1012742,0.04957294,-0.05488965,0.003396197,0.2948089,-0.01005211,-0.9554973,-0.5634465,0.0005632103,0.8261524,0.06859477,0.05466235,-0.1843408,-0.009691757,-0.02964685,0.007629951,0.9994844,-0.05941102,0.01892111,0.9980543
Fixation,9.5492,0.033469,0.05026817,-0.05777991,-0.1172531,0.2516029,-0.01329048,-0.9606098,-0.4802677,-0.2319568,0.8458954,0.1012613,0.04956579,-0.05488637,0.003313918,0.2948441,-0.01008661,-0.9554864,-0.563506,0.0003848523,0.8261119,0.06858197,0.05465281,-0.1843392,-0.009621601,-0.02968384,0.007684985,0.9994835,-0.05948491,0.01877702,0.9980526
Fixation,9.5606,0.03345671,0.05024612,-0.05778541,-0.1138578,0.252852,-0.0133036,-0.9606901,-0.4827953,-0.2254917,0.8462046,0.1012493,0.04956055,-0.05489402,0.003217451,0.2948306,-0.01018886,-0.9554899,-0.5634809,0.0001405063,0.8261291,0.06856837,0.05464053,-0.1843452,-0.009555876,-0.02967032,0.007809294,0.9994836,-0.05945925,0.01863847,0.9980567
Fixation,9.5710,0.03345567,0.05022538,-0.05778691,-0.1138486,0.2528864,-0.01333629,-0.9606816,-0.48285,-0.2254896,0.8461739,0.1012481,0.04954326,-0.0548902,0.003164908,0.2945635,-0.01021712,-0.9555721,-0.563018,2.94121E-05,0.8264446,0.06856762,0.05462122,-0.1843441,-0.009571101,-0.0297095,0.007834637,0.999482,-0.05953819,0.01866676,0.9980515
Fixation,9.5823,0.03346525,0.05022502,-0.05775756,-0.1139818,0.2529208,-0.01334805,-0.9606566,-0.4828973,-0.2257467,0.8460784,0.1012575,0.04954791,-0.05485574,0.003030509,0.2946022,-0.01021877,-0.9555606,-0.5630823,-0.0002292744,0.8264008,0.06857734,0.05462551,-0.1843109,-0.009441941,-0.02974983,0.007871835,0.9994818,-0.05961749,0.01840572,0.9980516
Fixation,9.5937,0.03346358,0.05022013,-0.05774785,-0.1108664,0.2534799,-0.0132357,-0.9608753,-0.4841904,-0.2197676,0.8469132,0.1012554,0.04953909,-0.05483773,0.003018441,0.294661,-0.01018523,-0.9555429,-0.563184,-0.0002338835,0.8263316,0.06857672,0.05461895,-0.1842967,-0.009421315,-0.02981113,0.007842484,0.9994804,-0.05973905,0.01836525,0.9980451
Fixation,9.6045,0.03346045,0.05019343,-0.05775475,-0.1109194,0.2535543,-0.01323832,-0.9608496,-0.4843183,-0.219867,0.8468142,0.1012519,0.0495131,-0.05483418,0.002860125,0.2945087,-0.01017831,-0.9555904,-0.5629176,-0.0005289875,0.8265129,0.06857454,0.05459344,-0.1842976,-0.009367624,-0.02988918,0.00784818,0.9994785,-0.05989422,0.01825633,0.9980378
Fixation,9.6157,0.03348533,0.05012453,-0.05773951,-0.1110013,0.2536606,-0.01322211,-0.9608123,-0.4845051,-0.2200106,0.84667,0.1012761,0.04944277,-0.05480433,0.002778663,0.2946135,-0.01014615,-0.9555586,-0.5630972,-0.0006680354,0.8263904,0.0686009,0.05452526,-0.184274,-0.009280414,-0.02999846,0.007838407,0.9994761,-0.06011098,0.01808082,0.9980279
Fixation,9.6272,0.0334967,0.0500989,-0.05773097,-0.1120387,0.2535554,-0.01324288,-0.9607193,-0.4842237,-0.221991,0.846314,0.1012874,0.04941809,-0.05479292,0.002708134,0.2946352,-0.01013421,-0.9555523,-0.5631335,-0.000796264,0.8263655,0.06861248,0.0545013,-0.1842633,-0.009209222,-0.03002102,0.007845557,0.9994761,-0.06015509,0.01793773,0.9980279
Fixation,9.6377,0.03350792,0.05013013,-0.05773126,-0.1120461,0.2535739,-0.01307788,-0.9607159,-0.4842944,-0.2219213,0.8462919,0.1012983,0.04942751,-0.05479325,0.002602916,0.2944312,-0.009969732,-0.9556172,-0.5627789,-0.0008960175,0.826607,0.06862509,0.05452204,-0.1842631,-0.00916441,-0.03002007,0.007685479,0.9994777,-0.06014964,0.01785781,0.9980296
Fixation,9.6489,0.03353064,0.05014861,-0.05771998,-0.1119625,0.253601,-0.01291048,-0.9607207,-0.4843886,-0.2216776,0.8463019,0.1013208,0.04942107,-0.05478094,0.002693884,0.2944372,-0.009804009,-0.9556168,-0.562791,-0.0006246888,0.8265989,0.06864952,0.05452704,-0.1842517,-0.00920808,-0.03002526,0.007501521,0.9994786,-0.06015736,0.01795609,0.9980274
Fixation,9.6605,0.03356224,0.05017686,-0.05768286,-0.1126239,0.2530805,-0.01276559,-0.9607826,-0.4834353,-0.2228757,0.8465322,0.1013525,0.04942954,-0.05475156,0.002677096,0.2943836,-0.009648713,-0.955635,-0.5626981,-0.0005641929,0.8266623,0.06868164,0.054546,-0.184218,-0.009150716,-0.02996808,0.007356491,0.9994819,-0.06003974,0.01785103,0.9980364
Fixation,9.6714,0.03360556,0.05020821,-0.05766546,-0.1126001,0.2530224,-0.01262229,-0.9608026,-0.4833667,-0.2227604,0.8466017,0.101396,0.04944217,-0.05474456,0.002706889,0.29431,-0.00951453,-0.9556589,-0.5625715,-0.0004267185,0.8267485,0.06872517,0.05456781,-0.1842059,-0.009143891,-0.02989027,0.007219526,0.9994853,-0.05988181,0.01784678,0.9980459
Fixation,9.6822,0.03363638,0.0502367,-0.05767,-0.1125946,0.2529375,-0.01265736,-0.9608251,-0.4832071,-0.2227705,0.8466901,0.1014274,0.04947639,-0.05476037,0.002677027,0.2939515,-0.009558795,-0.9557688,-0.5619504,-0.0005024057,0.8271708,0.06875453,0.05459905,-0.1842164,-0.009159815,-0.02980727,0.007262372,0.9994873,-0.05971703,0.0178773,0.9980552
Fixation,9.6934,0.03366013,0.05021513,-0.05766086,-0.1138611,0.2529658,-0.0128026,-0.9606665,-0.483116,-0.2252424,0.8460879,0.1014515,0.04946852,-0.0547554,0.002708715,0.2939211,-0.0096716,-0.9557769,-0.5618984,-0.00050752,0.8272061,0.06877701,0.05458343,-0.18421,-0.009220337,-0.0297763,0.00736285,0.999487,-0.05965783,0.01799274,0.9980567
Fixation,9.7047,0.03367936,0.05023205,-0.05767971,-0.1138507,0.2528892,-0.01283141,-0.9606875,-0.4829732,-0.2252398,0.8461701,0.1014712,0.04949009,-0.05478445,0.002717863,0.2938488,-0.009709888,-0.9557987,-0.5617735,-0.0005110186,0.827291,0.06879497,0.05460238,-0.1842344,-0.009239411,-0.02970102,0.007397643,0.9994888,-0.05950837,0.01802994,0.998065
Fixation,9.7161,0.03369689,0.05025804,-0.05770043,-0.1138726,0.2528354,-0.01289301,-0.9606982,-0.4828607,-0.2253141,0.8462146,0.1014891,0.04952574,-0.05481164,0.002594142,0.2935407,-0.009777669,-0.9558931,-0.5612378,-0.0007808423,0.8276542,0.06881124,0.05463338,-0.1842584,-0.009233418,-0.02965404,0.00746864,0.9994897,-0.05941574,0.01801446,0.9980708
Fixation,9.7272,0.03371761,0.05028486,-0.05771445,-0.1119973,0.2532998,-0.01287089,-0.9607967,-0.4838562,-0.2217336,0.8465917,0.1015103,0.04955769,-0.05483588,0.002582601,0.2934687,-0.009814371,-0.9559148,-0.5611129,-0.0008229301,0.8277388,0.06883064,0.05466306,-0.1842777,-0.009232115,-0.02957905,0.007507402,0.9994916,-0.05926664,0.01801072,0.9980797
Fixation,9.7382,0.03372489,0.0503099,-0.05767782,-0.1120688,0.2531612,-0.01289554,-0.9608245,-0.4835966,-0.2218863,0.8467,0.1015185,0.04959011,-0.0548181,0.002509435,0.2933371,-0.009852288,-0.955955,-0.5608836,-0.0009822692,0.8278941,0.06883561,0.05469275,-0.1842503,-0.009171794,-0.02944161,0.007563929,0.9994958,-0.05899228,0.01788895,0.9980981
Fixation,9.7497,0.03372878,0.05034244,-0.0577166,-0.1118965,0.2531864,-0.01276987,-0.9608396,-0.4836852,-0.2214956,0.8467516,0.1015221,0.04960072,-0.05485553,0.0026367,0.2931168,-0.009731796,-0.9560235,-0.5605044,-0.0006636102,0.8281512,0.06884108,0.0547117,-0.1842897,-0.00931184,-0.02944754,0.007400523,0.9994956,-0.0590032,0.01817843,0.9980922
Fixation,9.7599,0.03372339,0.0503788,-0.05774585,-0.1100933,0.2542779,-0.01270039,-0.9607607,-0.485804,-0.2180055,0.8464444,0.1015165,0.04962897,-0.05488285,0.002774485,0.2931278,-0.009705766,-0.95602,-0.5605259,-0.0003851331,0.8281368,0.06883643,0.05474186,-0.1843191,-0.009437791,-0.02945899,0.00733888,0.9994946,-0.05902672,0.01843365,0.9980862
Fixation,9.7716,0.03370551,0.05040252,-0.05774669,-0.109924,0.2542821,-0.01270692,-0.9607788,-0.4858241,-0.2176877,0.8465146,0.1014986,0.04964852,-0.05488313,0.002944394,0.2931282,-0.009718684,-0.9560193,-0.5605297,-6.784592E-05,0.8281344,0.0688189,0.05476081,-0.1843212,-0.009605047,-0.02945964,0.007306327,0.9994931,-0.05902977,0.01876987,0.9980797
Fixation,9.7828,0.03368333,0.05041575,-0.0577571,-0.1098063,0.2544083,-0.01283297,-0.9607571,-0.4860309,-0.2175241,0.8464379,0.1014757,0.04967308,-0.05487406,0.002982782,0.2929156,-0.009833436,-0.9560831,-0.5601621,-5.715946E-05,0.828383,0.06879791,0.05477762,-0.1843229,-0.009744878,-0.02960145,0.007386659,0.999487,-0.05931649,0.01904245,0.9980576
Fixation,9.7940,0.03365662,0.05042648,-0.05780301,-0.1104381,0.2541069,-0.01298425,-0.9607625,-0.4854049,-0.2188084,0.8464662,0.1014485,0.04969692,-0.05490451,0.003082582,0.2930222,-0.009958533,-0.9560488,-0.5603485,5.805492E-05,0.8282569,0.06877189,0.054793,-0.1843621,-0.009874061,-0.02971389,0.00748042,0.9994817,-0.05954469,0.01929334,0.9980392
Fixation,9.8051,0.033632,0.05043304,-0.05784749,-0.1103858,0.2542417,-0.01309426,-0.9607313,-0.485625,-0.2187605,0.8463523,0.1014231,0.04971445,-0.05492851,0.003130537,0.2931027,-0.01005349,-0.956023,-0.5604888,9.231782E-05,0.828162,0.06874855,0.05480409,-0.1843966,-0.009945826,-0.02986428,0.007558991,0.9994759,-0.05984762,0.01942974,0.9980184
Fixation,9.8156,0.03361399,0.05044556,-0.05787353,-0.1103564,0.254322,-0.01315362,-0.9607127,-0.4857575,-0.218732,0.8462836,0.1014046,0.04973269,-0.05494246,0.003157959,0.2931874,-0.01010415,-0.9559965,-0.560636,0.0001131794,0.8280624,0.06873135,0.05481899,-0.1844168,-0.009985549,-0.02995316,0.007600207,0.9994726,-0.06002651,0.01950526,0.9980062
Fixation,9.8268,0.03360632,0.05047238,-0.05790642,-0.1108615,0.2540219,-0.01321741,-0.960733,-0.4851639,-0.2197317,0.8463652,0.1013967,0.04976285,-0.05496879,0.003246626,0.2932316,-0.01015172,-0.955982,-0.5607142,0.0002538231,0.8280094,0.06872412,0.05484593,-0.1844472,-0.01008357,-0.02999987,0.007622436,0.99947,-0.06012167,0.01969911,0.9979967
Fixation,9.8383,0.03361157,0.05051255,-0.05793973,-0.110804,0.2540659,-0.01322784,-0.9607279,-0.4852449,-0.2196265,0.846346,0.1014017,0.04980206,-0.05499586,0.003427569,0.293012,-0.01015346,-0.9560487,-0.5603371,0.0006036735,0.8282645,0.06873005,0.05488467,-0.1844778,-0.01014093,-0.03004476,0.007614286,0.9994681,-0.06021199,0.01981353,0.9979889
Fixation,9.8493,0.03361617,0.05055916,-0.05797362,-0.1107901,0.2540926,-0.01326221,-0.960722,-0.4852861,-0.2196167,0.846325,0.1014061,0.04985237,-0.05502548,0.003440238,0.2930417,-0.01018497,-0.9560392,-0.5603889,0.0006087641,0.8282294,0.06873483,0.05493283,-0.1845097,-0.01016143,-0.03007606,0.007641194,0.9994668,-0.06027534,0.01985238,0.9979843
Fixation,9.8609,0.03362582,0.0506047,-0.0579876,-0.1089217,0.2550687,-0.01315262,-0.9606785,-0.4872129,-0.2159871,0.846152,0.1014157,0.04988384,-0.05504209,0.003625684,0.2930196,-0.01012557,-0.956046,-0.5603538,0.0009986591,0.8282527,0.06874517,0.05496848,-0.1845265,-0.01032462,-0.03005267,0.007535012,0.9994666,-0.06022888,0.02018533,0.9979805
Fixation,9.8714,0.03364361,0.05067492,-0.0580199,-0.1087594,0.255035,-0.01314947,-0.9607058,-0.487167,-0.2156787,0.8462571,0.1014337,0.04994941,-0.05507926,0.003775377,0.2926998,-0.01013096,-0.9561433,-0.5598024,0.001288943,0.8286251,0.06876283,0.0550338,-0.1845629,-0.01048404,-0.03001347,0.007499076,0.9994664,-0.06015215,0.02050674,0.9979786
Fixation,9.8826,0.0336684,0.05070925,-0.05804343,-0.1087265,0.2549962,-0.01313208,-0.9607201,-0.4871044,-0.2156087,0.8463109,0.1014587,0.049981,-0.05510849,0.003809059,0.292659,-0.01011953,-0.9561558,-0.5597322,0.001360964,0.8286724,0.06878724,0.05506623,-0.1845896,-0.01051356,-0.02997074,0.007479339,0.9994675,-0.06006683,0.02056761,0.9979824
Fixation,9.8938,0.03349444,0.05029821,-0.0583533,-0.1089413,0.2543917,-0.01315003,-0.9608558,-0.4860023,-0.2160442,0.8468333,0.1014875,0.04998708,-0.05513468,0.003837885,0.2926509,-0.01013759,-0.9561579,-0.5597188,0.001405698,0.8286814,0.0688158,0.055071,-0.1846156,-0.01054614,-0.02996248,0.007489185,0.9994673,-0.060051,0.02063225,0.9979821
Fixation,9.9052,0.03353891,0.05035365,-0.05839716,-0.1088723,0.2543713,-0.01312088,-0.9608694,-0.4859782,-0.2158993,0.8468841,0.1015321,0.05003691,-0.05518195,0.003810003,0.2924283,-0.01011512,-0.9562264,-0.5593325,0.001370555,0.8289423,0.06886037,0.05512261,-0.1846619,-0.01060782,-0.02993623,0.007447783,0.9994678,-0.05999861,0.02075842,0.9979826
Fixation,9.9158,0.03355937,0.05034554,-0.05838733,-0.1089589,0.2543199,-0.01302155,-0.9608745,-0.4859013,-0.2160148,0.8468987,0.1015529,0.05001891,-0.05518072,0.003726743,0.2923693,-0.01001909,-0.9562458,-0.5592285,0.001268814,0.8290126,0.06888069,0.05511105,-0.1846554,-0.01050227,-0.02987365,0.007377378,0.9994713,-0.05987067,0.02055265,0.9979945
Fixation,9.9269,0.03359618,0.05036092,-0.05840202,-0.1094525,0.2534376,-0.01289883,-0.9610532,-0.4843104,-0.2169174,0.8475791,0.1015897,0.05001855,-0.05519705,0.003688126,0.2923584,-0.009889805,-0.9562506,-0.5592088,0.00127081,0.8290259,0.06891843,0.05511951,-0.1846702,-0.01043094,-0.0298614,0.0072629,0.9994733,-0.05984287,0.02041714,0.997999
Fixation,9.9381,0.03353969,0.05030191,-0.05839736,-0.1094467,0.2533612,-0.01281285,-0.9610752,-0.4841936,-0.2168655,0.8476591,0.1015337,0.04994917,-0.05520441,0.003609714,0.2920848,-0.009814741,-0.9563352,-0.5587329,0.00117072,0.8293469,0.06886155,0.05505526,-0.1846717,-0.01041976,-0.02977239,0.007187456,0.9994766,-0.05966339,0.02040064,0.99801
Fixation,9.9498,0.03358763,0.05032063,-0.05839892,-0.1096347,0.2533478,-0.01269718,-0.9610588,-0.4841802,-0.2171643,0.8475902,0.1015818,0.04995811,-0.05520935,0.003425197,0.292064,-0.009693862,-0.9563436,-0.5586935,0.0008888734,0.8293738,0.06890979,0.05507231,-0.1846729,-0.01020995,-0.02974954,0.007119573,0.9994799,-0.05961352,0.01998567,0.9980214
Fixation,9.9605,0.03360568,0.05032027,-0.05839882,-0.110849,0.2520367,-0.01268992,-0.9612643,-0.4817344,-0.219507,0.84838,0.1015998,0.04995501,-0.0552087,0.003379921,0.2920685,-0.009661263,-0.9563426,-0.5587004,0.0008212235,0.8293691,0.06892805,0.05507123,-0.184672,-0.01015768,-0.02975399,0.007100039,0.9994804,-0.05962129,0.0198823,0.998023
Fixation,9.9720,0.03359387,0.05030036,-0.0583831,-0.110928,0.2520231,-0.01271648,-0.9612584,-0.4816974,-0.2196706,0.8483587,0.1015881,0.04994094,-0.05519435,0.003299417,0.29206,-0.009685911,-0.9563453,-0.5586843,0.0006530285,0.8293801,0.06891567,0.05505562,-0.1846563,-0.01008653,-0.02974527,0.007145069,0.9994811,-0.05960381,0.01973753,0.998027
Fixation,9.9828,0.03357662,0.05027223,-0.05835813,-0.1109162,0.2521109,-0.01284731,-0.961235,-0.4818257,-0.219711,0.8482754,0.1015702,0.04992843,-0.05515506,0.00290359,0.2895431,-0.0097971,-0.9571105,-0.5543064,-0.0001152521,0.8323127,0.06889866,0.05503488,-0.1846243,-0.01012442,-0.02985114,0.007258506,0.9994767,-0.05981802,0.01980489,0.9980128
Fixation,9.9942,0.03359269,0.05026901,-0.05838648,-0.1096135,0.2518399,-0.01285076,-0.9614553,-0.4814485,-0.2172496,0.8491231,0.1015865,0.04993522,-0.05518582,0.002781709,0.289528,-0.009841561,-0.957115,-0.5542778,-0.0003739828,0.8323317,0.06891378,0.05503845,-0.1846529,-0.01001838,-0.02983554,0.007333301,0.9994777,-0.05978685,0.01958871,0.9980189
Fixation,10.0046,0.03360169,0.05025804,-0.05839273,-0.1096788,0.251904,-0.01296078,-0.9614297,-0.4815329,-0.2174266,0.8490299,0.1015951,0.04993975,-0.05518131,0.002711978,0.2896045,-0.00994071,-0.957091,-0.5544097,-0.0005665305,0.8322437,0.06892267,0.05503631,-0.1846532,-0.009976816,-0.02991622,0.007446826,0.9994749,-0.05994961,0.01949759,0.998011
Fixation,10.0160,0.03361196,0.05025721,-0.05837659,-0.1098242,0.2519289,-0.01295992,-0.9614066,-0.4815655,-0.2177014,0.848941,0.1016052,0.04994249,-0.05516148,0.001309749,0.2855066,-0.009937519,-0.9583244,-0.5472419,-0.003164126,0.8369685,0.06893298,0.05503953,-0.1846337,-0.009833186,-0.02994538,0.007475636,0.9994752,-0.06000635,0.01920833,0.9980131
Fixation,10.0271,0.03362085,0.05025935,-0.05839628,-0.1104372,0.2509877,-0.01284868,-0.9615839,-0.4798536,-0.2188389,0.8496176,0.1016141,0.04992664,-0.05518377,0.001376237,0.2854878,-0.00981763,-0.9583311,-0.5472106,-0.002967845,0.8369897,0.06894289,0.0550319,-0.184655,-0.009866707,-0.02992467,0.007342817,0.9994765,-0.0599629,0.01928362,0.9980143
Fixation,10.0379,0.0336246,0.05028141,-0.05842371,-0.11043,0.2510232,-0.01280171,-0.9615762,-0.4799286,-0.2188008,0.8495851,0.1016176,0.04994166,-0.05520698,0.001385073,0.2855175,-0.009767146,-0.9583228,-0.5472628,-0.002922688,0.8369557,0.06894752,0.05505037,-0.1846802,-0.009862232,-0.02995516,0.007291571,0.999476,-0.06002275,0.01927729,0.9980109
Fixation,10.0493,0.03362007,0.05028951,-0.05845212,-0.1103549,0.2510769,-0.01274304,-0.9615715,-0.4800443,-0.2186272,0.8495644,0.1016127,0.04993916,-0.05522893,0.001364023,0.2829807,-0.009688262,-0.9590757,-0.5428262,-0.002866778,0.8398402,0.06894436,0.05505204,-0.1847058,-0.009921265,-0.0300012,0.007211702,0.9994746,-0.06011397,0.01939939,0.998003
Fixation,10.0605,0.03360896,0.05030525,-0.05849145,-0.1111727,0.2500744,-0.01277166,-0.9617382,-0.4781724,-0.2202259,0.8502069,0.1016006,0.04995096,-0.05524805,0.001478494,0.2831216,-0.009685884,-0.959034,-0.5430752,-0.002648715,0.8396799,0.06893542,0.05506408,-0.1847357,-0.0100311,-0.03014811,0.007179407,0.9994693,-0.06040826,0.01961867,0.997981
Fixation,10.0714,0.03359471,0.05035126,-0.05852712,-0.1110576,0.2501919,-0.01282974,-0.9617202,-0.4783795,-0.2200325,0.8501405,0.1015856,0.04999971,-0.05526656,0.001592418,0.2832409,-0.009733808,-0.9589981,-0.5432858,-0.002459773,0.8395442,0.0689226,0.0551095,-0.1847637,-0.01015323,-0.03027283,0.007196041,0.9994642,-0.06065934,0.0198599,0.9979609
Fixation,10.0826,0.03356959,0.05042064,-0.05857284,-0.1107822,0.2504374,-0.01289665,-0.9616871,-0.4788274,-0.2195353,0.8500168,0.1015588,0.05006659,-0.05527736,0.0009936425,0.2825959,-0.009800433,-0.9591885,-0.542145,-0.003632945,0.8402771,0.06890097,0.05517328,-0.1847939,-0.01043064,-0.03052572,0.007170391,0.9994538,-0.06116769,0.02041212,0.9979188
Fixation,10.0939,0.03357999,0.05045664,-0.05859172,-0.1092217,0.2501868,-0.01287461,-0.9619311,-0.4785126,-0.2165697,0.8509544,0.1015686,0.05010021,-0.05528428,0.00114484,0.2826782,-0.009818451,-0.9591639,-0.5422918,-0.003354743,0.8401835,0.06891269,0.0552057,-0.1848081,-0.01058129,-0.03061158,0.00714893,0.9994498,-0.06134077,0.02071325,0.9979019
Fixation,10.1050,0.03356664,0.0505085,-0.05864056,-0.1090779,0.2503284,-0.01287702,-0.9619106,-0.4787779,-0.2162934,0.8508754,0.1015542,0.05014622,-0.05531351,0.0006972309,0.281499,-0.009816411,-0.959511,-0.5402166,-0.004188619,0.8415156,0.06890158,0.05525231,-0.1848481,-0.01071863,-0.0307535,0.007102698,0.9994443,-0.06162508,0.02098848,0.9978787
Fixation,10.1157,0.03355966,0.05056202,-0.0586907,-0.1089812,0.250378,-0.01291759,-0.961908,-0.4788657,-0.2161283,0.8508679,0.1015469,0.05020177,-0.05535623,0.0007932428,0.2815498,-0.009854224,-0.9594957,-0.5403073,-0.004026684,0.8414581,0.06889518,0.05530524,-0.1848954,-0.01082094,-0.03080685,0.007114699,0.9994415,-0.06173326,0.02119144,0.9978677
Fixation,10.1269,0.03357324,0.05060279,-0.05872348,-0.1076938,0.2501279,-0.01288639,-0.9621186,-0.4785298,-0.2136749,0.8516762,0.10156,0.05023968,-0.05538044,0.000898555,0.2816089,-0.00985778,-0.9594783,-0.540413,-0.00382779,0.8413912,0.06890979,0.05534291,-0.1849247,-0.01092361,-0.03086837,0.007091143,0.9994386,-0.061857,0.02139718,0.9978557
Fixation,10.1384,0.03358195,0.05065989,-0.05875964,-0.1075415,0.2501662,-0.01288829,-0.9621256,-0.4786106,-0.2133853,0.8517033,0.1015685,0.05029225,-0.05541141,0.0005993145,0.2808346,-0.009867079,-0.9597053,-0.5390488,-0.004391705,0.8422631,0.06891934,0.05539536,-0.1849596,-0.01107228,-0.0309042,0.007054828,0.9994361,-0.06192977,0.02169603,0.9978447
Fixation,10.1497,0.03358551,0.05073118,-0.05880111,-0.1074323,0.2501353,-0.01291031,-0.9621455,-0.4785591,-0.2131896,0.8517813,0.1015722,0.0503639,-0.05545702,0.0007084608,0.2808037,-0.009895924,-0.9597139,-0.5389965,-0.004197785,0.8422976,0.06892256,0.0554651,-0.1850044,-0.01118524,-0.03087237,0.007055599,0.9994358,-0.06186774,0.02192222,0.9978436
Fixation,10.1608,0.03359786,0.05079138,-0.05883317,-0.1063592,0.2499726,-0.01286414,-0.9623076,-0.4783647,-0.2111318,0.8524028,0.1015848,0.05041802,-0.05549378,0.0008612666,0.2807682,-0.009887125,-0.9597243,-0.5389372,-0.003898824,0.842337,0.06893495,0.0555197,-0.1850403,-0.01133103,-0.03083534,0.007009007,0.9994357,-0.06179472,0.02221701,0.9978416
Fixation,10.1713,0.0335932,0.05081379,-0.05880638,-0.1061898,0.2499339,-0.01285282,-0.9623365,-0.4783114,-0.2108053,0.8525136,0.1015804,0.05043483,-0.0554728,0.0006637006,0.2803147,-0.009893098,-0.959857,-0.5381373,-0.004272247,0.8428464,0.06893021,0.05553675,-0.1850181,-0.01149589,-0.03079013,0.006965079,0.9994355,-0.06170564,0.02254989,0.9978396
Fixation,10.1827,0.03360619,0.05082834,-0.05882509,-0.1062476,0.2498506,-0.01282018,-0.9623523,-0.4781643,-0.2109014,0.8525723,0.1015939,0.05044782,-0.05550356,0.0006065854,0.2802306,-0.009868068,-0.9598818,-0.5379884,-0.004366167,0.8429409,0.06894219,0.05555141,-0.1850425,-0.01143454,-0.03070217,0.006955904,0.999439,-0.06152897,0.02242913,0.9978533
Fixation,10.1939,0.03362203,0.0508486,-0.05884749,-0.1053413,0.2493694,-0.01277475,-0.9625773,-0.4773831,-0.2091695,0.8534363,0.1016104,0.05046749,-0.05553844,0.0006053998,0.2801425,-0.009863307,-0.9599076,-0.5378337,-0.004364006,0.8430397,0.06895692,0.05557132,-0.1850713,-0.01143243,-0.03061039,0.006952361,0.9994419,-0.06134558,0.02242646,0.9978646
Fixation,10.2047,0.03363869,0.05085802,-0.05886644,-0.1054125,0.249269,-0.01273124,-0.9625961,-0.4772067,-0.2092863,0.8535063,0.1016277,0.05047452,-0.05557197,0.0005351277,0.2800407,-0.009828803,-0.9599377,-0.5376537,-0.004477551,0.8431538,0.06897239,0.05558074,-0.1850971,-0.01135602,-0.03050409,0.006937468,0.999446,-0.06113194,0.02227621,0.9978811
Fixation,10.2160,0.03364678,0.05081093,-0.05882712,-0.1054938,0.2492456,-0.01265753,-0.9625942,-0.4771742,-0.2094051,0.8534954,0.101636,0.05042028,-0.05553691,0.0002280772,0.279608,-0.009758712,-0.9600646,-0.5368879,-0.005019289,0.8436387,0.06898054,0.05553138,-0.1850591,-0.01126075,-0.03047338,0.006886707,0.9994485,-0.06106824,0.02208936,0.9978892
Fixation,10.2269,0.03365117,0.05079699,-0.05884118,-0.1044773,0.2488256,-0.01257843,-0.9628147,-0.4765175,-0.2074442,0.8543407,0.1016409,0.05040562,-0.05556183,9.278115E-05,0.2795334,-0.009721119,-0.9600868,-0.5367545,-0.0052566,0.8437221,0.06898394,0.05551934,-0.1850774,-0.01112056,-0.0303954,0.006884846,0.9994524,-0.06091065,0.0218104,0.9979049
Fixation,10.2381,0.03365045,0.05078077,-0.05885028,-0.1046017,0.2487827,-0.01257426,-0.9628123,-0.4764315,-0.2076801,0.8543313,0.1016405,0.05039287,-0.05557683,-3.215112E-05,0.2794937,-0.009717626,-0.9600984,-0.5366823,-0.005493767,0.8437666,0.06898239,0.05550694,-0.1850884,-0.01099884,-0.03035392,0.00691309,0.9994548,-0.06082681,0.021566,0.9979153
Fixation,10.2495,0.03365717,0.05072403,-0.05885384,-0.1047654,0.248799,-0.01256996,-0.9627904,-0.4764488,-0.2079891,0.8542465,0.1016471,0.05033982,-0.05557797,-0.0009648419,0.2793032,-0.009727825,-0.9601532,-0.536329,-0.007286818,0.8439776,0.06898901,0.05545461,-0.1850891,-0.01083675,-0.03037409,0.006943147,0.9994557,-0.06086559,0.02123992,0.99792
Fixation,10.2606,0.03365825,0.05070174,-0.0588613,-0.1064592,0.2498196,-0.01257215,-0.9623402,-0.478146,-0.2111814,0.8525133,0.1016483,0.05031252,-0.05558776,-0.001040477,0.2792881,-0.009672009,-0.9601581,-0.5363014,-0.007400601,0.8439941,0.06899019,0.05543113,-0.1850969,-0.01074961,-0.0303577,0.006908171,0.9994574,-0.06083098,0.02106812,0.9979257
Fixation,10.2715,0.03365721,0.05069208,-0.05887676,-0.1065086,0.2498254,-0.01257251,-0.9623332,-0.4781524,-0.2112753,0.8524864,0.1016472,0.05030429,-0.05560234,-0.001090147,0.2792951,-0.009670202,-0.960156,-0.5363126,-0.007495101,0.8439862,0.06898911,0.05542302,-0.1851114,-0.01070105,-0.03036493,0.006918777,0.9994577,-0.060845,0.02097031,0.9979269
Fixation,10.2826,0.03365106,0.0507009,-0.05888579,-0.106535,0.2498167,-0.01252337,-0.9623332,-0.4781454,-0.2113014,0.8524839,0.1016411,0.05030739,-0.05561331,-0.001146016,0.2814623,-0.009641329,-0.9595232,-0.5401171,-0.007626599,0.8415553,0.06898317,0.05542946,-0.1851211,-0.01066459,-0.03035076,0.006878047,0.9994588,-0.06081536,0.02090013,0.9979302
Fixation,10.2939,0.03364963,0.05068135,-0.05888068,-0.1031582,0.2515068,-0.01246275,-0.9622617,-0.4814594,-0.2047993,0.8522055,0.1016396,0.05029082,-0.05560531,-0.001147388,0.2814825,-0.009663814,-0.959517,-0.5401524,-0.007642265,0.8415325,0.0689818,0.05541134,-0.1851145,-0.01066888,-0.03037214,0.006899954,0.9994579,-0.06085858,0.02090706,0.9979274
Fixation,10.3044,0.03364891,0.05067492,-0.05889523,-0.1031533,0.251538,-0.01247673,-0.9622537,-0.4815127,-0.204796,0.8521761,0.1016386,0.0502857,-0.05561529,-0.001142845,0.2815146,-0.009674558,-0.9595075,-0.5402087,-0.007640196,0.8414964,0.0689814,0.0554055,-0.1851268,-0.01067589,-0.0304057,0.006908891,0.9994568,-0.06092587,0.02092005,0.997923
Fixation,10.3155,0.03364916,0.05068123,-0.05890967,-0.1032049,0.2515592,-0.01246284,-0.962243,-0.4815497,-0.2048867,0.8521334,0.1016387,0.0502913,-0.0556269,-0.0025479,0.2838602,-0.009718049,-0.9588131,-0.5442882,-0.01040305,0.8388338,0.06898195,0.05541229,-0.1851392,-0.01062157,-0.03042714,0.006904582,0.9994567,-0.0609679,0.02081143,0.9979227
Fixation,10.3269,0.03364689,0.05068803,-0.05892162,-0.09999353,0.2535773,-0.01232764,-0.962054,-0.4854447,-0.1986504,0.8513997,0.1016368,0.05029082,-0.05564553,-0.002539707,0.2838134,-0.009664668,-0.9588275,-0.544207,-0.01035621,0.838887,0.06897957,0.05541539,-0.1851546,-0.01061606,-0.03037761,0.006851393,0.9994586,-0.06086779,0.02080436,0.997929
Fixation,10.3380,0.03365869,0.05062664,-0.05890665,-0.1000591,0.2536275,-0.01235956,-0.9620335,-0.485523,-0.1987899,0.8513225,0.1016482,0.05023491,-0.055623,-0.00260656,0.2838674,-0.009689257,-0.958811,-0.5443,-0.01049932,0.838825,0.06899167,0.05535781,-0.1851351,-0.01055749,-0.03043436,0.006891597,0.9994572,-0.0609812,0.02068404,0.9979246
Fixation,10.3524,0.03365938,0.05064678,-0.05892736,-0.1000819,0.2535634,-0.01224976,-0.9620495,-0.4854291,-0.1987796,0.8513784,0.1016493,0.05024195,-0.05565422,-0.003795264,0.2846272,-0.009628396,-0.9585825,-0.5456043,-0.01275716,0.8379459,0.06899228,0.05537188,-0.1851608,-0.01051253,-0.03035671,0.006797371,0.9994608,-0.0608236,0.02060103,0.9979359
Fixation,10.3677,0.03366191,0.05065382,-0.05893452,-0.09846298,0.2556027,-0.01218935,-0.9616776,-0.4892144,-0.1956105,0.8499446,0.101652,0.05024719,-0.05566456,-0.003855309,0.2846059,-0.00960016,-0.9585888,-0.5455661,-0.01285584,0.8379692,0.06899462,0.05537903,-0.185169,-0.01044734,-0.03033414,0.006785676,0.9994622,-0.06077743,0.02047178,0.9979414
Fixation,10.3745,0.0336388,0.05060458,-0.05890574,-0.09849565,0.2555552,-0.01219364,-0.9616868,-0.4891261,-0.1956762,0.8499803,0.1016292,0.0502001,-0.05564233,-0.003415337,0.2858214,-0.009604379,-0.9582287,-0.5476989,-0.01203562,0.836589,0.06897074,0.05533135,-0.1851433,-0.01041768,-0.0302865,0.006802338,0.9994638,-0.06068224,0.02041214,0.9979484
Fixation,10.3825,0.03362604,0.05059147,-0.05890205,-0.09855071,0.2555421,-0.01218111,-0.9616848,-0.489101,-0.195775,0.849972,0.1016166,0.05018699,-0.05564059,-0.00347027,0.2858084,-0.009591475,-0.9582325,-0.5476753,-0.0121333,0.836603,0.06895778,0.05531907,-0.1851401,-0.01036132,-0.03027291,0.006804125,0.9994648,-0.06065442,0.02029959,0.9979524
Fixation,10.3935,0.03362842,0.05060589,-0.05890597,-0.1020398,0.2550542,-0.01234655,-0.9614483,-0.4879232,-0.2025101,0.8490704,0.1016189,0.05021274,-0.0556433,-0.00355049,0.2858176,-0.00965722,-0.9582288,-0.5476887,-0.01232477,0.8365914,0.06895945,0.05534041,-0.1851428,-0.01030064,-0.03028346,0.006888151,0.9994646,-0.06067639,0.02017305,0.9979536
Fixation,10.4045,0.03362327,0.05062377,-0.05892466,-0.1020534,0.2550285,-0.01234931,-0.9614536,-0.4878755,-0.2025381,0.8490912,0.101614,0.05023181,-0.05566552,-0.003564231,0.2857928,-0.009662153,-0.9582362,-0.5476452,-0.0123535,0.8366195,0.06895391,0.05535913,-0.1851632,-0.01028871,-0.03025768,0.006896737,0.9994654,-0.06062493,0.02014906,0.9979572
Fixation,10.4160,0.03363046,0.05060101,-0.05889662,-0.1020432,0.25503,-0.01240869,-0.9614536,-0.4878666,-0.2025489,0.8490937,0.1016212,0.05021656,-0.05563643,-0.003672711,0.2859426,-0.009726081,-0.9581904,-0.5479034,-0.01260051,0.8364467,0.06896067,0.05533981,-0.1851349,-0.01031198,-0.03026571,0.006951731,0.9994645,-0.06064238,0.02019212,0.9979553
Fixation,10.4269,0.03362563,0.05061638,-0.05891469,-0.1004983,0.2562001,-0.01238562,-0.9613055,-0.4900837,-0.1995656,0.8485232,0.1016168,0.05023491,-0.05566398,-0.00368676,0.2858758,-0.009745033,-0.9582101,-0.5477862,-0.01263712,0.8365229,0.06895477,0.05535686,-0.1851578,-0.0103035,-0.03019632,0.006974446,0.9994665,-0.06050415,0.02017481,0.997964
Fixation,10.4378,0.03362658,0.05062556,-0.05892758,-0.1005431,0.2562086,-0.01237391,-0.9612987,-0.4900978,-0.1996445,0.8484964,0.1016177,0.05024374,-0.05567579,-0.003731355,0.2858841,-0.009731143,-0.9582076,-0.5478,-0.01271478,0.8365127,0.06895582,0.05536652,-0.1851696,-0.01025681,-0.03020483,0.006972381,0.9994668,-0.06052047,0.02008149,0.9979649
Fixation,10.4488,0.03363591,0.05062044,-0.05891228,-0.1005458,0.2561987,-0.01233712,-0.9613015,-0.4900876,-0.1996311,0.8485055,0.1016271,0.05023396,-0.05566239,-0.00330591,0.2862332,-0.009685536,-0.9581053,-0.5484191,-0.01187946,0.8361192,0.06896529,0.05535913,-0.1851552,-0.01024613,-0.03019061,0.006938471,0.9994676,-0.06049125,0.0200624,0.9979671
Fixation,10.4602,0.0336416,0.05063486,-0.05891229,-0.102715,0.2553417,-0.01244933,-0.9612988,-0.4883619,-0.2038373,0.8485004,0.1016328,0.05025625,-0.05566171,-0.003326751,0.286238,-0.009740742,-0.9581032,-0.5484263,-0.01195108,0.8361135,0.0689705,0.05537784,-0.1851548,-0.01024018,-0.03019644,0.006997124,0.9994671,-0.06050399,0.02004686,0.9979666
Fixation,10.4713,0.03364208,0.05067647,-0.05892453,-0.1025856,0.255315,-0.01252724,-0.9613187,-0.4883079,-0.2036318,0.8485808,0.1016334,0.05030489,-0.05567671,-0.003199167,0.2862162,-0.009825139,-0.9581094,-0.54839,-0.01175453,0.8361401,0.06897029,0.05542064,-0.18517,-0.01038524,-0.03017472,0.007046098,0.9994659,-0.06046356,0.02033416,0.9979632
Fixation,10.4823,0.03363445,0.05071497,-0.05891988,-0.1024594,0.2553703,-0.01243433,-0.9613186,-0.4884364,-0.203343,0.8485762,0.1016254,0.0503267,-0.05566584,-0.002930499,0.2867352,-0.009730951,-0.957956,-0.5493023,-0.01119499,0.8355487,0.06896444,0.05544901,-0.185163,-0.01048626,-0.03021792,0.006921406,0.9994644,-0.06054862,0.02054299,0.9979538
Fixation,10.4934,0.03362053,0.05071783,-0.05888101,-0.1042749,0.2537872,-0.01243585,-0.9615426,-0.4854609,-0.2068416,0.8494377,0.1016117,0.05032063,-0.05563252,-0.002793507,0.2866944,-0.009696855,-0.957969,-0.5492345,-0.01091225,0.835597,0.06895067,0.05544531,-0.1851282,-0.01060997,-0.03017482,0.006853615,0.9994648,-0.06046278,0.02079498,0.9979538
Fixation,10.5050,0.03361261,0.05073023,-0.05887992,-0.1042362,0.2538019,-0.01238753,-0.9615436,-0.4855007,-0.2067433,0.8494388,0.1016037,0.05032527,-0.05563013,-0.002753088,0.2867033,-0.009648611,-0.9579669,-0.5492515,-0.01080731,0.8355873,0.06894342,0.05545318,-0.1851267,-0.01063657,-0.0301834,0.006796487,0.9994647,-0.06047907,0.02085146,0.9979516
Fixation,10.5155,0.03360993,0.05072904,-0.058887,-0.1040917,0.2539115,-0.01237829,-0.9615304,-0.4857104,-0.2064607,0.8493877,0.1016003,0.05031729,-0.05562221,-0.002947873,0.2870464,-0.009645256,-0.9578636,-0.5498458,-0.01118459,0.8351913,0.06894264,0.05544639,-0.1851273,-0.01077282,-0.0302914,0.006742561,0.9994603,-0.06069539,0.02112554,0.9979327
Fixation,10.5272,0.03359833,0.05068254,-0.05889202,-0.1043223,0.2538949,-0.0124059,-0.9615095,-0.4856563,-0.2069133,0.8493085,0.1015888,0.05028129,-0.05562885,-0.003180492,0.2870381,-0.00966645,-0.9578652,-0.5498261,-0.01164224,0.835198,0.06893009,0.05540872,-0.185131,-0.01055358,-0.03028315,0.006823149,0.9994624,-0.06067776,0.02068257,0.9979431
Fixation,10.5380,0.03359919,0.05059624,-0.0588594,-0.102954,0.2547676,-0.01237741,-0.9614265,-0.487332,-0.2042721,0.8489879,0.1015895,0.05019963,-0.05559234,-0.003319374,0.2870673,-0.009667705,-0.9578559,-0.5498741,-0.01190953,0.8351627,0.06893093,0.05532694,-0.1850951,-0.01041963,-0.03031382,0.006859852,0.9994626,-0.06073801,0.02041216,0.997945
Fixation,10.5491,0.03359274,0.05056942,-0.05885367,-0.1029861,0.2548151,-0.01242402,-0.9614098,-0.4874045,-0.2043554,0.8489262,0.1015827,0.05017924,-0.05557925,-0.003675643,0.2872574,-0.009718975,-0.9577971,-0.5501971,-0.01262474,0.8349394,0.0689247,0.05530381,-0.1850853,-0.01039719,-0.0303688,0.006906931,0.9994608,-0.06084848,0.02036366,0.9979393
Fixation,10.5617,0.03357478,0.05056012,-0.05884553,-0.1032031,0.2547954,-0.01236751,-0.9613925,-0.4873641,-0.2047398,0.8488568,0.1015649,0.05016887,-0.0555744,-0.003891891,0.2872374,-0.009657457,-0.9578028,-0.5501585,-0.0130033,0.834959,0.06890641,0.05529761,-0.1850767,-0.01017248,-0.03034736,0.006903565,0.9994638,-0.06080263,0.01991503,0.9979511
Fixation,10.5712,0.03360105,0.05055642,-0.05877376,-0.1018283,0.2559137,-0.01227013,-0.9612433,-0.4894918,-0.2020437,0.8482783,0.1015909,0.05015826,-0.05549711,-0.003965504,0.287278,-0.009587361,-0.9577911,-0.5502285,-0.01310472,0.8349113,0.06893363,0.05529177,-0.1850011,-0.01008313,-0.0303887,0.006854368,0.9994638,-0.06088305,0.01973885,0.9979497
Fixation,10.5826,0.03360179,0.05059147,-0.05874879,-0.1018478,0.2558729,-0.01211758,-0.9612541,-0.4894494,-0.2020044,0.8483122,0.1015919,0.05017436,-0.05548004,-0.004197232,0.2872172,-0.009445694,-0.9578097,-0.5501196,-0.01346623,0.8349773,0.06893496,0.05531788,-0.1849797,-0.01003071,-0.03032993,0.006715702,0.9994671,-0.06076226,0.01964336,0.997959
Fixation,10.5937,0.03359934,0.05060947,-0.0587412,-0.1032083,0.2552131,-0.01217525,-0.9612836,-0.4881512,-0.2046394,0.8484286,0.1015896,0.05019593,-0.05547605,-0.004206393,0.2871919,-0.009470999,-0.9578171,-0.5500749,-0.0134979,0.8350063,0.06893192,0.05533767,-0.184974,-0.01002849,-0.03030383,0.00674282,0.9994677,-0.06071063,0.01963763,0.9979622
Fixation,10.6045,0.03359403,0.05063081,-0.05873513,-0.1033387,0.2552379,-0.01212067,-0.9612637,-0.4881968,-0.2048587,0.8483495,0.1015842,0.05021346,-0.05546714,-0.004335666,0.287214,-0.00940981,-0.9578104,-0.5501116,-0.01371075,0.8349786,0.06892709,0.05535924,-0.184965,-0.009887727,-0.03032626,0.006716811,0.9994686,-0.06075312,0.01935755,0.9979651
Fixation,10.6155,0.03359258,0.05061126,-0.05873058,-0.1033916,0.2553166,-0.01216563,-0.9612365,-0.4883237,-0.2049797,0.8482472,0.1015822,0.05020034,-0.05545085,-0.004421749,0.2870827,-0.009443935,-0.9578491,-0.5498803,-0.01389312,0.8351279,0.06892625,0.05534375,-0.184954,-0.009843703,-0.03041359,0.006763543,0.9994661,-0.06092786,0.01926549,0.9979562
Fixation,10.6269,0.03358056,0.05061293,-0.0587446,-0.1033891,0.2553904,-0.01219805,-0.9612167,-0.4884488,-0.2049893,0.8481728,0.1015697,0.05020511,-0.05545407,-0.004420301,0.2871585,-0.009468665,-0.9578261,-0.5500122,-0.01390577,0.8350409,0.06891499,0.05534697,-0.1849625,-0.009851202,-0.03049311,0.006786136,0.9994634,-0.06108719,0.01927797,0.9979463
Fixation,10.6377,0.03356871,0.05062222,-0.05876412,-0.1046155,0.2549106,-0.01227837,-0.9612104,-0.4874765,-0.2073749,0.8481523,0.1015575,0.05022001,-0.05546687,-0.004413653,0.2872055,-0.009511949,-0.9578116,-0.5500935,-0.01391866,0.834987,0.06890339,0.05535877,-0.1849787,-0.009868612,-0.0305427,0.006825665,0.9994615,-0.06118722,0.01930965,0.9979395
Fixation,10.6494,0.03356647,0.05064213,-0.05878035,-0.1046652,0.2549128,-0.01223826,-0.9612049,-0.4874851,-0.2074488,0.8481293,0.1015553,0.05023599,-0.05548333,-0.004473921,0.2872888,-0.009471186,-0.9577867,-0.550238,-0.01401206,0.8348903,0.06890137,0.05537772,-0.1849944,-0.009810883,-0.03054148,0.006797854,0.9994622,-0.0611835,0.01919598,0.9979419
Fixation,10.6603,0.03361006,0.05064499,-0.0587458,-0.1057326,0.2544655,-0.01227624,-0.9612061,-0.4865916,-0.2095093,0.8481359,0.1015986,0.05023563,-0.05544405,-0.004352106,0.2873204,-0.009478109,-0.9577778,-0.5502957,-0.01378321,0.8348561,0.06894566,0.05537689,-0.1849586,-0.00993024,-0.03057446,0.006772727,0.9994602,-0.06125042,0.01943562,0.9979332
Fixation,10.6709,0.03360829,0.05064607,-0.05876526,-0.1056927,0.2544441,-0.01220453,-0.9612171,-0.4865721,-0.2093979,0.8481746,0.101597,0.05022645,-0.05546763,-0.00430969,0.2872914,-0.009410466,-0.9577873,-0.550247,-0.01366262,0.8348902,0.06894425,0.05537236,-0.1849804,-0.009953883,-0.03054312,0.006696792,0.9994615,-0.06118666,0.01948796,0.9979361
Fixation,10.6827,0.0336072,0.05064261,-0.05878131,-0.1056929,0.2544585,-0.01213937,-0.9612141,-0.4866121,-0.209365,0.8481597,0.1015958,0.05021417,-0.05548264,-0.004482108,0.2874534,-0.009350723,-0.9577385,-0.5505264,-0.01396117,0.8347009,0.06894385,0.05536461,-0.1849957,-0.009938604,-0.03055031,0.00663216,0.9994618,-0.06119956,0.01946128,0.9979358
Fixation,10.6938,0.03360453,0.05056286,-0.05876118,-0.106706,0.2543977,-0.01214232,-0.9611182,-0.4864213,-0.2112921,0.8477913,0.101593,0.05013347,-0.05546138,-0.004567042,0.2874628,-0.009322708,-0.9577356,-0.5505415,-0.0141079,0.8346886,0.06894132,0.05528569,-0.1849741,-0.009849288,-0.03055978,0.006626907,0.9994624,-0.06121725,0.01928295,0.9979382
Fixation,10.7046,0.03359571,0.05054736,-0.05877829,-0.1066563,0.2543465,-0.01212905,-0.9611375,-0.4863367,-0.2111927,0.8478645,0.1015846,0.05011547,-0.05548592,-0.004516693,0.2874098,-0.009316681,-0.9577518,-0.5504503,-0.01400715,0.8347505,0.06893201,0.05526817,-0.1849956,-0.009896569,-0.03050434,0.006608741,0.9994638,-0.06110678,0.01937933,0.9979431
Fixation,10.7157,0.03359314,0.05052233,-0.05879939,-0.1066825,0.2543532,-0.01222218,-0.9611316,-0.4863259,-0.2112894,0.8478466,0.101582,0.05010343,-0.05550465,-0.004628563,0.2874509,-0.00941033,-0.957738,-0.5505181,-0.01427592,0.8347011,0.06892875,0.05524993,-0.1850154,-0.009891536,-0.03052278,0.00670399,0.9994627,-0.06114539,0.01936319,0.997941
Fixation,10.7265,0.03359773,0.0504874,-0.05879354,-0.1076974,0.2541885,-0.01232203,-0.9610607,-0.4859271,-0.2132718,0.8475789,0.1015868,0.05007923,-0.05550306,-0.004654003,0.2874205,-0.009484529,-0.9577462,-0.5504636,-0.0143668,0.8347355,0.06893221,0.05522072,-0.1850118,-0.009886219,-0.03049231,0.006782611,0.9994631,-0.06108598,0.01934819,0.997945
Fixation,10.7432,0.03360514,0.05046082,-0.05878787,-0.1076728,0.2541236,-0.01234685,-0.9610803,-0.4858075,-0.2132397,0.8476555,0.1015947,0.0500561,-0.05550611,-0.004769202,0.2871519,-0.009519606,-0.957826,-0.5499923,-0.01460328,0.8350421,0.06893859,0.05519533,-0.1850109,-0.009917893,-0.03042793,0.006808596,0.9994646,-0.06095832,0.01941082,0.9979516
Fixation,10.7541,0.03361453,0.05047035,-0.05879979,-0.1076845,0.2540947,-0.01235423,-0.9610866,-0.4857533,-0.2132666,0.8476799,0.1016043,0.05006742,-0.05552195,-0.00478121,0.2871244,-0.009529625,-0.957834,-0.5499439,-0.01463159,0.8350734,0.0689475,0.05520594,-0.1850248,-0.009908976,-0.03039944,0.006821718,0.9994655,-0.06090156,0.01939261,0.9979554
Fixation,10.7654,0.03362152,0.05047929,-0.05881074,-0.1066486,0.2537733,-0.01231961,-0.9612874,-0.4852704,-0.2112927,0.8484504,0.1016116,0.05007732,-0.05554055,-0.004793528,0.2870706,-0.00953361,-0.95785,-0.5498497,-0.0146566,0.835135,0.06895372,0.0552156,-0.1850397,-0.00989831,-0.03034334,0.006829425,0.9994672,-0.06078955,0.01937162,0.9979626
Fixation,10.7766,0.03366296,0.05048978,-0.05878577,-0.1065994,0.2537676,-0.01226434,-0.9612951,-0.4852764,-0.2111715,0.8484771,0.1016531,0.05007911,-0.05551727,-0.004742198,0.2870584,-0.009480996,-0.9578544,-0.5498304,-0.01452787,0.8351499,0.06899562,0.05522096,-0.1850159,-0.009934378,-0.0303298,0.006765506,0.9994677,-0.06076173,0.01944779,0.9979628
Fixation,10.7875,0.03367442,0.05049908,-0.05879389,-0.1065986,0.2537242,-0.01223667,-0.961307,-0.4852048,-0.2111574,0.8485215,0.1016649,0.05008531,-0.05553189,-0.004496275,0.2872335,-0.009452466,-0.9578034,-0.5501415,-0.01404323,0.8349534,0.06900669,0.05522871,-0.1850274,-0.009930282,-0.03028191,0.006743539,0.9994693,-0.06066561,0.01944161,0.9979688
Fixation,10.7990,0.03368691,0.05048788,-0.05880892,-0.1079012,0.2529835,-0.01230382,-0.961356,-0.4837593,-0.2136882,0.8487133,0.1016772,0.05008054,-0.05554324,-0.004563513,0.2872601,-0.009484382,-0.9577948,-0.550186,-0.01419079,0.8349216,0.06901905,0.05522168,-0.1850399,-0.009873463,-0.03031016,0.006791402,0.9994687,-0.06072221,0.01932474,0.9979676
Fixation,10.8097,0.03371112,0.05046618,-0.0588033,-0.1079517,0.2530129,-0.01230958,-0.9613425,-0.4838064,-0.213786,0.8486618,0.1017012,0.05006063,-0.05553335,-0.004614452,0.2872908,-0.009485143,-0.9577854,-0.5502384,-0.0142893,0.8348854,0.0690435,0.05520177,-0.1850316,-0.009824337,-0.0303423,0.006804909,0.9994681,-0.06078603,0.01922527,0.9979656
Fixation,10.8208,0.03372274,0.05047059,-0.05880666,-0.1079665,0.2530367,-0.01224101,-0.9613355,-0.4838631,-0.213779,0.8486313,0.1017127,0.05005598,-0.05553442,-0.004465542,0.2873419,-0.009409277,-0.9577715,-0.5503317,-0.0139613,0.8348294,0.06905595,0.05520189,-0.1850334,-0.009793726,-0.03035897,0.006739141,0.9994684,-0.06081767,0.01916785,0.9979649
Fixation,10.8318,0.03373782,0.05048895,-0.0588121,-0.1083754,0.2524497,-0.01220307,-0.9614443,-0.4827876,-0.2145551,0.8490478,0.1017275,0.05006456,-0.05553517,-0.004357745,0.2873739,-0.009360991,-0.9577628,-0.5503905,-0.01372758,0.8347945,0.06907219,0.05521381,-0.1850373,-0.009885284,-0.0303916,0.006664269,0.999467,-0.06088256,0.01935496,0.9979573
Fixation,10.8433,0.03374931,0.05050075,-0.05881549,-0.1083189,0.2524715,-0.01209177,-0.9614463,-0.4828561,-0.2143912,0.8490503,0.1017388,0.05005968,-0.05553728,-0.004296997,0.287383,-0.009250117,-0.9577615,-0.5504091,-0.01354765,0.8347852,0.06908496,0.05521655,-0.1850403,-0.009915316,-0.03039931,0.006541367,0.9994673,-0.06089595,0.01942236,0.9979551
Fixation,10.8545,0.0337745,0.0504787,-0.05880125,-0.1083069,0.2524428,-0.01206756,-0.9614555,-0.482811,-0.2143573,0.8490845,0.1017642,0.05003452,-0.05552745,-0.004587064,0.2870577,-0.009236447,-0.9578578,-0.5498362,-0.0140903,0.8351536,0.06910996,0.05519283,-0.1850284,-0.009922502,-0.03036666,0.006518619,0.9994683,-0.06083038,0.01943855,0.9979588
Fixation,10.8655,0.03379523,0.05046713,-0.05880702,-0.1090667,0.2520867,-0.01203229,-0.9614635,-0.4821196,-0.2157937,0.8491135,0.1017852,0.050017,-0.05554052,-0.004606491,0.287007,-0.009186435,-0.9578734,-0.5497481,-0.01409801,0.8352116,0.06913043,0.05517876,-0.1850377,-0.009891029,-0.03031296,0.006475949,0.9994705,-0.06072193,0.01937898,0.9979666
Fixation,10.8766,0.0338067,0.05045736,-0.05881681,-0.1090652,0.2520785,-0.01203445,-0.9614658,-0.4821046,-0.2157921,0.8491224,0.1017967,0.05000758,-0.05555142,-0.004605041,0.2869991,-0.009189519,-0.9578757,-0.5497344,-0.01409688,0.8352206,0.06914178,0.05516899,-0.1850481,-0.009893255,-0.03030481,0.006478653,0.9994708,-0.06070574,0.01938337,0.9979675
Fixation,10.8875,0.03381915,0.05044377,-0.05882128,-0.1090769,0.2520334,-0.01203025,-0.9614763,-0.4820239,-0.2158138,0.8491628,0.1018095,0.04999435,-0.05556224,-0.004266986,0.2870575,-0.009180045,-0.9578599,-0.5498435,-0.01344475,0.8351595,0.06915361,0.05515575,-0.1850557,-0.009882214,-0.03025833,0.006482495,0.9994723,-0.06061285,0.0193617,0.9979736
Fixation,10.8987,0.03381722,0.05039501,-0.05880395,-0.1098747,0.2517586,-0.01213918,-0.9614561,-0.4814421,-0.2173917,0.8490903,0.1018283,0.04999185,-0.05554973,-0.004296573,0.2871049,-0.009262997,-0.9578447,-0.5499243,-0.0135498,0.8351046,0.06917246,0.05514765,-0.1850464,-0.009874852,-0.03030903,0.006569692,0.9994702,-0.06071569,0.019341,0.9979677
Fixation,10.9102,0.03383072,0.05039644,-0.05882014,-0.1098489,0.2516755,-0.01223064,-0.9614797,-0.4812748,-0.2173913,0.8491853,0.1018424,0.05000579,-0.05557615,-0.004273964,0.2870318,-0.009363912,-0.9578658,-0.5497959,-0.01356325,0.8351889,0.06918416,0.05515468,-0.1850684,-0.009922992,-0.0302342,0.006662235,0.9994714,-0.06056864,0.01943264,0.9979749
Fixation,10.9212,0.03384277,0.05041051,-0.05883115,-0.1098119,0.2516309,-0.01225887,-0.9614952,-0.4811914,-0.2173366,0.8492465,0.1018547,0.05002332,-0.05559301,-0.003956525,0.286887,-0.009388921,-0.9579102,-0.5495497,-0.01296711,0.8353604,0.06919545,0.05516994,-0.1850829,-0.009966979,-0.03019086,0.006686551,0.9994721,-0.06048314,0.01951969,0.9979783
Fixation,10.9322,0.03385592,0.0504384,-0.0588135,-0.1104978,0.2516924,-0.01230288,-0.9614,-0.4812352,-0.2186582,0.8488824,0.1018682,0.05005074,-0.05558324,-0.003819651,0.2868295,-0.009418964,-0.9579278,-0.5494519,-0.01272117,0.8354285,0.06920797,0.05519521,-0.1850708,-0.01010717,-0.03013112,0.006680954,0.9994725,-0.06036551,0.01980106,0.9979799
Fixation,10.9432,0.03387142,0.05048382,-0.0588167,-0.1104076,0.2515851,-0.01229513,-0.9614385,-0.4810522,-0.2184867,0.8490303,0.1018845,0.05009413,-0.05560167,-0.003728759,0.2867209,-0.009426462,-0.9579605,-0.5492643,-0.01254953,0.8355545,0.06922223,0.05523825,-0.1850828,-0.0101973,-0.03001784,0.006666041,0.9994751,-0.06014012,0.0199837,0.9979899
Fixation,10.9541,0.0338774,0.05050886,-0.05882621,-0.1103653,0.2516448,-0.0122338,-0.9614285,-0.4811766,-0.2183738,0.8489888,0.10189,0.05010891,-0.05560387,-0.003901758,0.2869519,-0.009368523,-0.9578913,-0.5496643,-0.01285155,0.8352868,0.06922961,0.05525756,-0.1850887,-0.01022328,-0.03007053,0.00659018,0.9994738,-0.06024416,0.02003946,0.9979825
Fixation,10.9654,0.03388409,0.05052459,-0.05881993,-0.1107083,0.2516611,-0.01225995,-0.9613845,-0.4811716,-0.2190372,0.8488207,0.1018966,0.05012453,-0.05559566,-0.003838394,0.2869644,-0.009383556,-0.9578876,-0.5496873,-0.01273899,0.8352733,0.0692365,0.05527222,-0.1850821,-0.01028833,-0.03008382,0.006588195,0.9994727,-0.06027148,0.02016941,0.9979782
Fixation,10.9769,0.0338941,0.05052376,-0.05881554,-0.1106306,0.251676,-0.01223044,-0.9613899,-0.4812115,-0.2188746,0.8488401,0.1019065,0.05011749,-0.05558977,-0.003759214,0.2869742,-0.009355468,-0.9578853,-0.5497063,-0.01257135,0.8352634,0.06924713,0.05526698,-0.1850776,-0.01035754,-0.03009352,0.006540503,0.999472,-0.06029074,0.02031049,0.9979742
Fixation,10.9874,0.03389493,0.05053627,-0.05882352,-0.1105979,0.2517065,-0.0122627,-0.9613853,-0.4812614,-0.2188276,0.8488238,0.1019072,0.05013287,-0.05559303,-0.003822563,0.2869417,-0.009387654,-0.9578945,-0.5496479,-0.01271064,0.8352997,0.06924821,0.05528045,-0.1850835,-0.01039585,-0.0301279,0.006560759,0.9994705,-0.0603603,0.02038536,0.9979685
Fixation,10.9989,0.03389814,0.05054879,-0.05882794,-0.1110697,0.2517142,-0.01225517,-0.961329,-0.4812379,-0.2197187,0.848607,0.1019101,0.05014241,-0.05559297,-0.003833078,0.2869736,-0.00936273,-0.9578851,-0.5497037,-0.01271701,0.835263,0.06925203,0.05529165,-0.1850854,-0.01037914,-0.03016084,0.006539006,0.9994698,-0.06042543,0.02035284,0.9979652
Fixation,11.0098,0.03393172,0.05053234,-0.05882213,-0.1110243,0.2517364,-0.01220797,-0.9613289,-0.4812923,-0.2196082,0.8486047,0.1019436,0.05011809,-0.05558486,-0.003785757,0.2869895,-0.009315058,-0.957881,-0.5497331,-0.01259926,0.8352454,0.06928637,0.05527067,-0.1850787,-0.01041251,-0.03017672,0.006480548,0.9994693,-0.06045638,0.02042284,0.9979619
Fixation,11.0210,0.03395027,0.05053163,-0.05882179,-0.1110196,0.2517069,-0.01219722,-0.9613374,-0.4812422,-0.2195949,0.8486366,0.1019623,0.0501163,-0.05558883,-0.003677339,0.2869025,-0.009304239,-0.9579076,-0.5495837,-0.01238392,0.8353469,0.0693046,0.05526936,-0.1850806,-0.01041565,-0.03014498,0.00647263,0.9994703,-0.06039286,0.02043002,0.9979656
Fixation,11.0322,0.03395711,0.05052948,-0.05881949,-0.1116713,0.2513207,-0.0122091,-0.9613628,-0.480494,-0.2208501,0.8487349,0.1019693,0.05011415,-0.05558971,-0.003684323,0.2868801,-0.009302613,-0.9579142,-0.5495446,-0.012396,0.8353724,0.06931115,0.05526733,-0.1850799,-0.01040856,-0.03012167,0.006473132,0.9994711,-0.06034623,0.02041615,0.9979687
Fixation,11.0433,0.03396302,0.05052841,-0.05882034,-0.1117335,0.2512508,-0.01220221,-0.9613739,-0.4803652,-0.220967,0.8487773,0.1019757,0.05011499,-0.05560034,-0.00386701,0.2869542,-0.009306087,-0.9578913,-0.5496699,-0.01274919,0.8352847,0.069316,0.05526817,-0.1850853,-0.01034822,-0.03005073,0.006488753,0.9994738,-0.06020412,0.02029556,0.9979798
Fixation,11.0543,0.0339841,0.05051947,-0.0587924,-0.1117282,0.2512228,-0.01220812,-0.9613818,-0.4803142,-0.2209608,0.8488078,0.101997,0.05010712,-0.05557622,-0.003861894,0.2869272,-0.009315277,-0.9578993,-0.5496228,-0.01274422,0.8353158,0.06933666,0.05525959,-0.1850594,-0.01035563,-0.03002265,0.006496639,0.9994745,-0.06014831,0.02031028,0.9979828
Fixation,11.0652,0.03399997,0.05051434,-0.05877982,-0.1122012,0.2509903,-0.01225426,-0.9613869,-0.4798476,-0.221889,0.8488295,0.1020129,0.05010843,-0.05556406,-0.003921001,0.2869247,-0.009349657,-0.9578995,-0.5496168,-0.01287714,0.8353177,0.06935202,0.05525863,-0.1850466,-0.01030741,-0.03002061,0.006545139,0.9994747,-0.06014461,0.02021101,0.9979851
Fixation,11.0766,0.03401449,0.05050611,-0.0587654,-0.112254,0.2509697,-0.01223292,-0.9613863,-0.4798113,-0.2219791,0.8488265,0.1020276,0.05009925,-0.05555278,-0.003973314,0.2869035,-0.009328788,-0.9579058,-0.5495788,-0.01296504,0.8353412,0.06936631,0.05525088,-0.1850332,-0.01025156,-0.02999825,0.006538741,0.999476,-0.06009913,0.02010008,0.99799
Fixation,11.0880,0.03401055,0.05048478,-0.05875378,-0.1123119,0.2509044,-0.01221471,-0.9613968,-0.4796936,-0.2220821,0.848866,0.102024,0.05007803,-0.05555049,-0.004056877,0.286944,-0.009317498,-0.9578935,-0.549648,-0.01311931,0.8352934,0.06936147,0.05523038,-0.1850259,-0.01019271,-0.02993051,0.006541934,0.9994786,-0.05996317,0.01998319,0.9980006
Fixation,11.0987,0.03400355,0.05045068,-0.05872819,-0.1123834,0.2508785,-0.01221993,-0.9613951,-0.4796402,-0.2222211,0.8488598,0.1020172,0.05004704,-0.05552831,-0.004128964,0.2869209,-0.009322874,-0.9579,-0.549606,-0.01326012,0.8353187,0.06935392,0.05519903,-0.1850014,-0.01012455,-0.02990653,0.00656603,0.9994798,-0.0599149,0.01984583,0.9980062
Fixation,11.1099,0.03399695,0.05042398,-0.05872268,-0.1129101,0.2505173,-0.01217403,-0.9614282,-0.4789597,-0.2232095,0.8489848,0.1020107,0.05001688,-0.05552517,-0.004255346,0.2869063,-0.009265153,-0.9579045,-0.5495787,-0.01346889,0.8353333,0.06934729,0.05517268,-0.1849958,-0.009987609,-0.02989063,0.006543085,0.9994819,-0.05988098,0.01957371,0.9980136
Fixation,11.1208,0.03399405,0.05040181,-0.05870593,-0.1130077,0.2505779,-0.01214771,-0.9614013,-0.4790662,-0.2233794,0.84888,0.1020074,0.04999304,-0.05550023,-0.004159762,0.287035,-0.009223238,-0.9578667,-0.5498058,-0.01326378,0.8351872,0.06934521,0.05515134,-0.1849737,-0.009884042,-0.029952,0.006532007,0.9994811,-0.06000206,0.01936653,0.9980103
Fixation,11.1320,0.03398315,0.05038047,-0.05868957,-0.1130428,0.2506116,-0.01216615,-0.9613882,-0.4791194,-0.2234539,0.8488303,0.1019963,0.04997456,-0.05547881,-0.004195678,0.2870709,-0.0092364,-0.9578556,-0.5498675,-0.01334071,0.8351454,0.06933457,0.05513203,-0.1849544,-0.009852614,-0.02998977,0.006553568,0.9994802,-0.06007751,0.01930191,0.9980071
Fixation,11.1429,0.03396907,0.05036211,-0.05867984,-0.1145041,0.2505983,-0.01215401,-0.9612188,-0.4789762,-0.2262185,0.8481786,0.1019821,0.04994977,-0.05546778,-0.004224543,0.2870809,-0.009180144,-0.9578531,-0.5498852,-0.01336387,0.8351334,0.06932104,0.05511093,-0.1849436,-0.009810167,-0.02999945,0.00650656,0.9994806,-0.06009539,0.01921976,0.9980076
Fixation,11.1547,0.03395959,0.05035329,-0.058673,-0.1144889,0.2506634,-0.01217721,-0.9612034,-0.4790888,-0.2261989,0.8481203,0.1019722,0.04994249,-0.05545149,-0.004073686,0.2872685,-0.009193166,-0.9577973,-0.5502151,-0.01308534,0.8349205,0.06931233,0.05510259,-0.184932,-0.009828137,-0.03006875,0.006517626,0.9994783,-0.06023424,0.01925406,0.9979985
Fixation,11.1656,0.03394538,0.05035794,-0.05866875,-0.1155064,0.2508137,-0.01221623,-0.9610419,-0.4792629,-0.228141,0.8475015,0.1019578,0.04994786,-0.0554422,-0.004075098,0.287304,-0.009197299,-0.9577866,-0.5502768,-0.01309099,0.8348796,0.06929854,0.05510771,-0.1849251,-0.009827713,-0.03010591,0.00652156,0.9994771,-0.06030852,0.01925247,0.9979941
Fixation,11.1764,0.0339266,0.05034113,-0.05866569,-0.1154694,0.2508067,-0.01217492,-0.9610487,-0.4792632,-0.2280505,0.8475257,0.101939,0.04992461,-0.05544084,-0.004036363,0.2872917,-0.009158517,-0.9577909,-0.5502569,-0.01299432,0.8348944,0.06928006,0.05508709,-0.1849232,-0.009855158,-0.03009249,0.006474234,0.9994776,-0.06028115,0.01931037,0.9979947
Fixation,11.1874,0.03391331,0.05034208,-0.05866522,-0.1154073,0.2508192,-0.01217329,-0.961053,-0.4792913,-0.2279315,0.8475418,0.1019256,0.04992342,-0.05543876,-0.004039779,0.287505,-0.009161448,-0.9577268,-0.5506285,-0.01300593,0.8346491,0.06926709,0.05508614,-0.1849225,-0.009915411,-0.03010344,0.006457282,0.9994768,-0.06030343,0.01943167,0.9979909
Fixation,11.1987,0.03391194,0.0503484,-0.05867104,-0.1163382,0.2510037,-0.01216457,-0.9608926,-0.4795447,-0.2296838,0.8469251,0.1019244,0.04992676,-0.05544844,-0.004090885,0.2874788,-0.00912628,-0.9577348,-0.5505823,-0.01308319,0.8346784,0.06926555,0.05509162,-0.1849298,-0.009857046,-0.03007566,0.006436845,0.9994783,-0.06024684,0.01931662,0.9979966
Fixation,11.2105,0.03391563,0.05033696,-0.05866466,-0.1163682,0.251019,-0.01209883,-0.9608858,-0.4795853,-0.2297072,0.8468958,0.101928,0.04990721,-0.05544095,-0.004118678,0.2874875,-0.009058091,-0.9577327,-0.5505978,-0.01309736,0.8346679,0.06926989,0.05507684,-0.1849223,-0.00981254,-0.0300838,0.006378065,0.9994789,-0.06026142,0.0192311,0.9979973
Fixation,11.2207,0.03391404,0.05032074,-0.05866823,-0.1164092,0.2509805,-0.01209003,-0.9608911,-0.479515,-0.2297818,0.8469154,0.1019267,0.04989159,-0.05544998,-0.0039875,0.2873713,-0.009046485,-0.9577683,-0.5503981,-0.0128376,0.8348036,0.06926773,0.05506158,-0.1849283,-0.009771628,-0.03004429,0.006383483,0.9994804,-0.06018212,0.01914953,0.9980037
Fixation,11.2318,0.0339052,0.05031145,-0.05868,-0.1175066,0.2510505,-0.01211548,-0.9607388,-0.4795406,-0.2318695,0.8463317,0.101918,0.04988635,-0.05546525,-0.00413305,0.2873487,-0.00904085,-0.9577745,-0.5503557,-0.01311281,0.8348274,0.06925824,0.05505645,-0.1849405,-0.009629656,-0.03002074,0.006415941,0.9994823,-0.06013397,0.01886412,0.9980121
Fixation,11.2434,0.03389564,0.05031419,-0.05869231,-0.1174856,0.2510356,-0.01217753,-0.9607444,-0.4795007,-0.2318612,0.8463566,0.1019086,0.04989696,-0.05547864,-0.004114101,0.2873403,-0.009104989,-0.9577765,-0.5503406,-0.01311324,0.8348373,0.06924805,0.05506277,-0.1849538,-0.009664566,-0.03001286,0.006473093,0.9994819,-0.06011974,0.01893057,0.9980116
Fixation,11.2543,0.03388335,0.05031908,-0.05868237,-0.1174979,0.251024,-0.01226957,-0.9607449,-0.4794567,-0.2319309,0.8463624,0.1018964,0.0499146,-0.05546878,-0.004023407,0.2876828,-0.009196697,-0.9576731,-0.5509381,-0.01299768,0.8344448,0.06923487,0.05507421,-0.184944,-0.009673259,-0.03001309,0.006566268,0.9994811,-0.06012207,0.01894233,0.9980113
Fixation,11.2654,0.03386074,0.0503329,-0.05869316,-0.1174389,0.2510368,-0.01236271,-0.9607475,-0.4794622,-0.2318653,0.8463773,0.1018737,0.04993892,-0.05547633,-0.003967517,0.2877041,-0.0092899,-0.9576661,-0.5509752,-0.0129446,0.8344212,0.06921186,0.0550921,-0.1849539,-0.009751288,-0.0300366,0.006641568,0.9994792,-0.06017144,0.01909344,0.9980054
Fixation,11.2764,0.03382703,0.05036628,-0.05872828,-0.118216,0.2510176,-0.01240082,-0.9606568,-0.4793516,-0.2333557,0.8460302,0.1018403,0.04997504,-0.05551923,-0.003963369,0.2876491,-0.009311729,-0.9576824,-0.5508791,-0.01294832,0.8344846,0.06917724,0.05512667,-0.1849931,-0.009761136,-0.02997943,0.006662222,0.9994807,-0.06005779,0.01911267,0.9980119
Fixation,11.2876,0.03381645,0.05035865,-0.05872749,-0.1180384,0.2510363,-0.01245839,-0.960673,-0.4793864,-0.2330477,0.8460954,0.1018296,0.04996967,-0.05551518,-0.003753998,0.2879088,-0.00937443,-0.9576046,-0.5513352,-0.01258765,0.8341889,0.06916687,0.05511725,-0.1849925,-0.00994767,-0.03000114,0.006675919,0.9994781,-0.06010379,0.01948438,0.9980019
Fixation,11.2990,0.03380286,0.05037582,-0.0587468,-0.1187038,0.2513111,-0.01255754,-0.9605178,-0.4797963,-0.2343459,0.8455043,0.1018156,0.04999506,-0.05552536,-0.003720297,0.2879721,-0.009445365,-0.957585,-0.5514452,-0.012565,0.8341165,0.06915356,0.05513799,-0.1850076,-0.009998376,-0.03006815,0.006734955,0.9994752,-0.06023942,0.01958124,0.9979919
Fixation,11.3099,0.03378705,0.05040181,-0.0587694,-0.1185615,0.2513542,-0.01261482,-0.9605234,-0.4798718,-0.2341038,0.8455285,0.1017995,0.05002391,-0.05554124,-0.003579159,0.2880171,-0.009502562,-0.9575714,-0.5515258,-0.0123284,0.8340667,0.06913822,0.05516315,-0.1850282,-0.01014934,-0.03011578,0.006753095,0.9994721,-0.06033685,0.01988122,0.9979801
Fixation,11.3209,0.0337744,0.05043149,-0.05878958,-0.1184462,0.25138,-0.01271826,-0.9605294,-0.4799029,-0.2339364,0.8455572,0.1017867,0.05006373,-0.05555629,-0.003489305,0.2883583,-0.009609791,-0.957468,-0.5521207,-0.01222392,0.8336746,0.0691254,0.05519581,-0.1850471,-0.01028464,-0.03015252,0.006824057,0.9994691,-0.06041338,0.02014682,0.9979701
Fixation,11.3324,0.0338033,0.05047119,-0.05878297,-0.1183959,0.2514251,-0.01267557,-0.9605244,-0.4799985,-0.2338181,0.8455356,0.1018153,0.05009556,-0.05554418,-0.00343697,0.2883967,-0.009564004,-0.9574571,-0.5521892,-0.01209796,0.833631,0.06915537,0.05523086,-0.185038,-0.01032317,-0.03019184,0.006765816,0.9994679,-0.06049123,0.02022681,0.9979638
Fixation,11.3431,0.03379792,0.05049205,-0.05880155,-0.1191285,0.251389,-0.01264702,-0.9604437,-0.4798766,-0.2351912,0.845224,0.1018099,0.05010748,-0.05556446,-0.003358672,0.2883841,-0.009515936,-0.9574617,-0.5521695,-0.01192009,0.8336467,0.06915048,0.055246,-0.1850581,-0.01038636,-0.03017789,0.006699231,0.9994681,-0.06046284,0.02035734,0.9979628
Fixation,11.3544,0.03379637,0.05050755,-0.05881927,-0.1191481,0.2514378,-0.01261143,-0.960429,-0.4799709,-0.2352085,0.8451656,0.1018081,0.05011809,-0.05557594,-0.003256818,0.28858,-0.009471634,-0.9574034,-0.5525132,-0.01170282,0.833422,0.06914984,0.05525947,-0.1850722,-0.01035766,-0.03022379,0.006662961,0.9994673,-0.06055341,0.02030153,0.9979585
Fixation,11.3715,0.03381728,0.0504837,-0.05879803,-0.1197177,0.2513465,-0.01257535,-0.9603825,-0.4797665,-0.2362712,0.8449852,0.1018291,0.05008876,-0.05555716,-0.003291551,0.2885635,-0.009420956,-0.9574088,-0.5524845,-0.01173981,0.8334405,0.06917088,0.0552336,-0.1850518,-0.01031103,-0.03020593,0.006623229,0.9994686,-0.06051634,0.02021097,0.9979626
Fixation,11.3851,0.0338482,0.05042005,-0.05878136,-0.1197586,0.2513376,-0.01262224,-0.9603791,-0.4797355,-0.2363721,0.8449746,0.10186,0.0500325,-0.05554086,-0.003334368,0.2885611,-0.00946696,-0.9574089,-0.5524788,-0.0118483,0.8334427,0.06919421,0.05521142,-0.1850336,-0.01030151,-0.03022053,0.00662683,0.9994682,-0.06054545,0.02019153,0.9979612
Fixation,11.3905,0.0338482,0.05042005,-0.05878136,-0.1197586,0.2513376,-0.01262224,-0.9603791,-0.4797355,-0.2363721,0.8449746,0.10186,0.0500325,-0.05554086,-0.003391697,0.2887852,-0.009470544,-0.9573411,-0.5528677,-0.01196393,0.8331832,0.06920123,0.05517423,-0.185035,-0.01028162,-0.03020408,0.006678796,0.9994686,-0.06051338,0.02014887,0.997964
Fixation,11.3989,0.03385878,0.05037701,-0.05877334,-0.119744,0.2513165,-0.01264117,-0.9603862,-0.4796944,-0.2363548,0.8450028,0.1018708,0.04999197,-0.05553549,-0.003377738,0.2887661,-0.009492451,-0.9573467,-0.5528345,-0.01194953,0.8332054,0.06921141,0.05513227,-0.1850286,-0.01030086,-0.03018453,0.006696543,0.9994689,-0.06047495,0.02018652,0.9979656
Fixation,11.4097,0.03392195,0.05034256,-0.05874891,-0.1205951,0.2513094,-0.01264425,-0.9602815,-0.4796059,-0.2379658,0.8446008,0.1019341,0.04995811,-0.05551382,-0.003480998,0.2887483,-0.009471824,-0.9573519,-0.5528015,-0.01213503,0.8332247,0.06927423,0.05509961,-0.1850046,-0.01019585,-0.03016565,0.006703663,0.9994704,-0.06043605,0.01997647,0.9979721
Fixation,11.4207,0.03396158,0.05034459,-0.05871492,-0.1206119,0.2512179,-0.01257365,-0.9603043,-0.4794582,-0.2379657,0.8446847,0.1019743,0.04995286,-0.05549377,-0.003495403,0.2886508,-0.009412237,-0.9573818,-0.5526322,-0.01212657,0.833337,0.06931309,0.05509841,-0.1849775,-0.01016681,-0.03006309,0.006651,0.9994742,-0.06022979,0.01992303,0.9979857
Fixation,11.4324,0.03399526,0.05036283,-0.0586854,-0.1206217,0.2511344,-0.01239663,-0.9603272,-0.4793517,-0.237899,0.8447639,0.1020086,0.04994929,-0.05547892,-0.003419596,0.2887386,-0.009245576,-0.9573572,-0.5527888,-0.01188666,0.8332366,0.06934692,0.05510616,-0.1849551,-0.01012085,-0.02995437,0.006492922,0.9994789,-0.06000896,0.01984217,0.9980006
Fixation,11.4435,0.03402371,0.05037653,-0.05866549,-0.1211458,0.2512219,-0.01229917,-0.9602395,-0.4794864,-0.2388377,0.8444225,0.1020375,0.04995155,-0.05547139,-0.003495434,0.2886532,-0.00914082,-0.9573838,-0.5526399,-0.01197,0.8333342,0.06937498,0.05511546,-0.1849406,-0.01002069,-0.02986383,0.006412481,0.9994832,-0.05982531,0.01964803,0.9980155
Fixation,11.4542,0.03408419,0.05038106,-0.05862775,-0.1212685,0.2511891,-0.01221642,-0.9602337,-0.4794375,-0.2390295,0.844396,0.1020982,0.04994929,-0.05543943,-0.003526831,0.2887494,-0.009056318,-0.9573554,-0.5528077,-0.01198287,0.8332227,0.06943536,0.05511868,-0.1849045,-0.009882954,-0.02982268,0.006364184,0.9994861,-0.05974051,0.01937616,0.9980259
Fixation,11.4661,0.03411674,0.05037379,-0.0586196,-0.1213999,0.2511206,-0.01219364,-0.9602353,-0.4793092,-0.2392692,0.8444009,0.1021312,0.04994369,-0.05544099,-0.003658386,0.288683,-0.009036861,-0.9573751,-0.5526897,-0.01222247,0.8332975,0.06946684,0.05511427,-0.1849001,-0.009751101,-0.02975326,0.006380384,0.9994894,-0.05960056,0.01911257,0.9980393
Fixation,11.4771,0.0341387,0.05037534,-0.0586189,-0.1220082,0.2513867,-0.01220223,-0.9600884,-0.4797293,-0.2404123,0.8438374,0.1021532,0.04994607,-0.05544038,-0.003729139,0.2886834,-0.009025075,-0.9573748,-0.5526891,-0.01235115,0.833296,0.06948871,0.05511749,-0.1848988,-0.009679722,-0.02975351,0.006387408,0.99949,-0.05960033,0.01896948,0.998042
Fixation,11.4879,0.03415614,0.05037391,-0.05861812,-0.1220031,0.2513418,-0.01221147,-0.9601008,-0.4796472,-0.2404091,0.8438851,0.102171,0.04994655,-0.05544572,-0.00353164,0.2887451,-0.009035054,-0.9573569,-0.5528004,-0.01197974,0.8332276,0.06950547,0.05511689,-0.1849013,-0.009688339,-0.02970856,0.006401037,0.9994912,-0.05951091,0.01898649,0.9980471
Fixation,11.4990,0.03417632,0.05038285,-0.05861526,-0.1218977,0.2513559,-0.01224809,-0.96011,-0.4796725,-0.2402276,0.8439224,0.102191,0.04995704,-0.05544046,-0.003426808,0.2887603,-0.009073809,-0.9573523,-0.5528286,-0.01180164,0.8332115,0.06952579,0.05512488,-0.1848983,-0.009799587,-0.02972488,0.006410997,0.9994895,-0.05954507,0.01920804,0.9980408
Fixation,11.5102,0.0341977,0.05041015,-0.05862023,-0.1224981,0.2512466,-0.01229243,-0.9600616,-0.4794129,-0.2413884,0.8437387,0.1022124,0.04998338,-0.05544499,-0.003282187,0.2887612,-0.009102774,-0.9573522,-0.5528325,-0.01154147,0.8332124,0.06954733,0.05514932,-0.1849045,-0.00994675,-0.0297261,0.006401313,0.9994881,-0.05954911,0.01950275,0.9980348
Fixation,11.5212,0.03421575,0.0504328,-0.05862885,-0.1224056,0.2512395,-0.01225569,-0.9600757,-0.4794176,-0.2411956,0.8437911,0.1022305,0.04999864,-0.05545541,-0.00306294,0.2890082,-0.009069294,-0.9572788,-0.5532674,-0.01110638,0.8329297,0.06956576,0.05516684,-0.1849148,-0.01002973,-0.02971127,0.006346087,0.9994881,-0.05951943,0.01967208,0.9980333
Fixation,11.5326,0.03422914,0.05040777,-0.05863918,-0.1231191,0.2512958,-0.01221732,-0.9599702,-0.4794646,-0.2425216,0.8433842,0.1022436,0.04996347,-0.05546162,-0.003004874,0.2890369,-0.009006537,-0.9572709,-0.5533191,-0.0109594,0.8328973,0.06958026,0.05513597,-0.1849234,-0.01006935,-0.02974034,0.006270054,0.9994873,-0.05957646,0.01975542,0.9980282
Fixation,11.5434,0.03424005,0.05039036,-0.05865971,-0.1230892,0.2513178,-0.01217468,-0.9599689,-0.4795174,-0.242443,0.8433769,0.1022544,0.04993927,-0.05547988,-0.002973141,0.2890527,-0.008962717,-0.9572667,-0.5533478,-0.01087357,0.8328794,0.06959185,0.05511475,-0.1849429,-0.01008852,-0.02975622,0.006219307,0.9994869,-0.05960739,0.01979655,0.9980256
Fixation,11.5542,0.03424985,0.05036211,-0.05869055,-0.1231506,0.2513784,-0.01224061,-0.9599443,-0.4796036,-0.2425894,0.8432857,0.1022638,0.04992044,-0.05550101,-0.003038358,0.2892199,-0.009018921,-0.9572154,-0.5536368,-0.01103363,0.8326852,0.06960188,0.0550921,-0.1849682,-0.01004073,-0.02982895,0.006288725,0.9994848,-0.05975345,0.01969595,0.9980189
Fixation,11.5652,0.03425926,0.05034316,-0.05871828,-0.1232624,0.251433,-0.01225488,-0.9599155,-0.4796878,-0.2428055,0.8431756,0.1022728,0.04990554,-0.05552065,-0.003151423,0.2892784,-0.009021783,-0.9571974,-0.5537362,-0.01125268,0.8326162,0.06961171,0.05507708,-0.1849907,-0.009932127,-0.0298901,0.006320307,0.9994839,-0.05987489,0.01947617,0.9980159
Fixation,11.5767,0.03426985,0.05032504,-0.05872369,-0.1237673,0.2517493,-0.01233862,-0.9597665,-0.4801869,-0.2437879,0.8426079,0.1022828,0.04989612,-0.055512,-0.003194965,0.2893775,-0.009076508,-0.9571667,-0.553907,-0.0113693,0.8325009,0.06962298,0.05506384,-0.1849885,-0.009904015,-0.02999437,0.006383385,0.9994806,-0.06008402,0.01941481,0.9980045
Fixation,11.5883,0.03427458,0.05032218,-0.05874312,-0.1237399,0.2518163,-0.01222816,-0.9597539,-0.4803372,-0.2436782,0.8425539,0.1022871,0.04987681,-0.05552406,-0.003067108,0.2896212,-0.008958333,-0.9570946,-0.5543349,-0.01106007,0.8322203,0.06962954,0.05505252,-0.1850041,-0.009904111,-0.03004736,0.006261737,0.9994798,-0.06018749,0.01942162,0.9979981
Fixation,11.5989,0.03428851,0.05033767,-0.05874871,-0.1237849,0.2518094,-0.01225082,-0.9597496,-0.4803151,-0.2437748,0.8425386,0.1023011,0.0498966,-0.05553014,-0.003113288,0.2896183,-0.008979864,-0.9570951,-0.5543287,-0.01116089,0.8322231,0.0696431,0.05507076,-0.1850096,-0.009865156,-0.03004465,0.006294598,0.9994801,-0.06018225,0.01934182,0.998
Fixation,11.6101,0.03430534,0.05032206,-0.05874967,-0.1245356,0.2516985,-0.0123941,-0.9596798,-0.4800129,-0.2452678,0.8422775,0.1023182,0.04989839,-0.05553576,-0.00313401,0.2895848,-0.009106673,-0.957104,-0.5542684,-0.01127345,0.8322617,0.06965829,0.05506396,-0.1850131,-0.009878322,-0.03001133,0.006422782,0.9994801,-0.06011835,0.01936086,0.9980035
Fixation,11.6213,0.03431654,0.05032527,-0.05875967,-0.1245241,0.2516869,-0.01229727,-0.9596855,-0.480018,-0.2451981,0.8422949,0.1023295,0.04988873,-0.05554911,-0.003118827,0.2895617,-0.009012587,-0.9571119,-0.5542298,-0.01118953,0.8322886,0.06967007,0.05506063,-0.1850247,-0.009868528,-0.02998602,0.006328253,0.9994816,-0.06006585,0.0193473,0.9980069
Fixation,11.6324,0.03433584,0.0503397,-0.0587674,-0.1245074,0.2516627,-0.0122494,-0.9596947,-0.4799885,-0.2451436,0.8423276,0.102349,0.04989672,-0.05556109,-0.002935364,0.2897345,-0.008965523,-0.9570606,-0.5545343,-0.01081388,0.8320906,0.06968945,0.05507159,-0.1850347,-0.009875178,-0.02995425,0.006281504,0.9994828,-0.06000159,0.01936383,0.9980105
Fixation,11.6438,0.03435668,0.05035162,-0.05877105,-0.1249884,0.2517966,-0.01226806,-0.9595968,-0.4801796,-0.246055,0.8419528,0.1023699,0.04990792,-0.05556678,-0.002891137,0.2897195,-0.008971217,-0.9570652,-0.554509,-0.01073229,0.8321086,0.06971016,0.05508244,-0.1850399,-0.009919406,-0.02993861,0.006275618,0.9994828,-0.05997075,0.01945278,0.9980106
Fixation,11.6554,0.03439062,0.05031574,-0.05877611,-0.1250357,0.2516943,-0.01229872,-0.9596171,-0.4799847,-0.2461638,0.8420321,0.1024045,0.04987919,-0.05558548,-0.002776574,0.289789,-0.009009114,-0.9570442,-0.5546318,-0.01053609,0.8320292,0.06974233,0.05505085,-0.1850517,-0.009883326,-0.02983936,0.006329439,0.9994859,-0.05977314,0.01937876,0.9980239
Fixation,11.6665,0.03442339,0.05030394,-0.05878494,-0.125117,0.2517333,-0.0123607,-0.9595954,-0.4800312,-0.2463466,0.8419522,0.102437,0.04987717,-0.05558761,-0.002860733,0.2898369,-0.00906233,-0.9570289,-0.5547128,-0.01072881,0.8319727,0.06977501,0.05504525,-0.1850564,-0.009815829,-0.02989016,0.006402275,0.9994845,-0.05987519,0.01923881,0.9980205
Fixation,11.6778,0.03444895,0.05030763,-0.05879533,-0.1257438,0.2520063,-0.01230706,-0.9594425,-0.480476,-0.2474909,0.8413627,0.1024628,0.04987073,-0.05560352,-0.002829555,0.2897982,-0.008992739,-0.9570414,-0.5546468,-0.01062816,0.832018,0.06980078,0.05504358,-0.1850697,-0.009827878,-0.02984873,0.006327373,0.9994861,-0.05979116,0.01926793,0.9980249
Fixation,11.6891,0.03448367,0.05031538,-0.05878262,-0.1256654,0.2519869,-0.0122463,-0.9594586,-0.4804641,-0.2473134,0.8414216,0.1024976,0.04986846,-0.05559475,-0.002558675,0.2899721,-0.008934088,-0.9569901,-0.5549552,-0.01007853,0.8318192,0.06983584,0.05504501,-0.1850597,-0.009892088,-0.02981825,0.006253752,0.9994869,-0.05972962,0.01940107,0.998026
Fixation,11.6998,0.03452546,0.05032313,-0.05876617,-0.1256257,0.2519472,-0.01210113,-0.9594761,-0.4804343,-0.2471673,0.8414816,0.1025397,0.04985666,-0.05558649,-0.002513214,0.2899148,-0.008796853,-0.9570088,-0.5548579,-0.009911012,0.8318862,0.06987824,0.05504262,-0.1850475,-0.00990029,-0.02975661,0.006110013,0.9994895,-0.05960381,0.01942685,0.998033
Fixation,11.7111,0.03456091,0.05033207,-0.05876521,-0.1261166,0.2522213,-0.0119954,-0.959341,-0.4809069,-0.2480286,0.8409581,0.1025757,0.04984844,-0.05559941,-0.002435564,0.2898168,-0.00868642,-0.9570397,-0.55469,-0.009696804,0.8320006,0.06991362,0.05504191,-0.1850542,-0.009946695,-0.02965276,0.005984157,0.9994929,-0.0593945,0.01952841,0.9980435
Fixation,11.7220,0.03459847,0.05033195,-0.0587645,-0.1260333,0.2521671,-0.01194674,-0.9593669,-0.4808301,-0.2478494,0.8410547,0.1026136,0.04984045,-0.05560729,-0.002155341,0.2900233,-0.008644907,-0.9569781,-0.5550546,-0.009139678,0.8317637,0.06995095,0.05503654,-0.1850587,-0.01001963,-0.02958811,0.005925778,0.9994944,-0.05926505,0.01967846,0.9980483
Fixation,11.7334,0.03462886,0.05031073,-0.05876385,-0.1260255,0.2521853,-0.01191738,-0.9593635,-0.4808709,-0.2478194,0.8410403,0.1026438,0.0498147,-0.05560463,-0.002146439,0.2900375,-0.008613778,-0.9569741,-0.5550798,-0.009104809,0.8317474,0.06998184,0.05501294,-0.185057,-0.01002003,-0.02960252,0.005893261,0.9994942,-0.05929319,0.01968102,0.9980466
Fixation,11.7443,0.0346542,0.0502907,-0.05877593,-0.1264593,0.2525361,-0.0119872,-0.9592132,-0.48144,-0.2486573,0.8404672,0.1026696,0.04980493,-0.05562359,-0.002214589,0.2899897,-0.008673809,-0.9569879,-0.5549948,-0.009269299,0.8318022,0.07000582,0.05499911,-0.1850722,-0.009970108,-0.0295534,0.005969519,0.9994957,-0.05919603,0.01957732,0.9980544
Fixation,11.7553,0.03467777,0.05027401,-0.05878181,-0.1264753,0.2525908,-0.01203785,-0.959196,-0.4815232,-0.2487106,0.8404038,0.1026928,0.04979444,-0.05562089,-0.002140329,0.2902221,-0.008714997,-0.9569172,-0.5553998,-0.009154806,0.8315331,0.07002975,0.05498576,-0.1850735,-0.009963698,-0.02961689,0.006014637,0.9994936,-0.05932363,0.01956103,0.9980471
Fixation,11.7665,0.03469209,0.05026424,-0.05877619,-0.1265204,0.2525368,-0.01208037,-0.9592038,-0.4814117,-0.2488191,0.8404355,0.1027075,0.04979253,-0.05562195,-0.002187331,0.2901756,-0.0087623,-0.9569309,-0.5553176,-0.00927146,0.8315867,0.07004289,0.05498052,-0.1850711,-0.009930862,-0.02956882,0.006073066,0.999495,-0.05922839,0.01949255,0.9980541
Fixation,11.7776,0.03470581,0.05027151,-0.05876072,-0.1268122,0.2525783,-0.01206123,-0.9591545,-0.4814642,-0.2493578,0.8402458,0.1027214,0.0497942,-0.05561192,-0.002108679,0.2901363,-0.008739647,-0.9569431,-0.5552511,-0.00910715,0.831633,0.07005652,0.05498374,-0.1850591,-0.01000096,-0.02952751,0.006031011,0.9994957,-0.05914588,0.01963567,0.9980562
Fixation,11.7887,0.03473075,0.05028629,-0.05876587,-0.1268157,0.2525147,-0.01206565,-0.9591708,-0.4813492,-0.2493693,0.8403082,0.1027467,0.04981077,-0.05562586,-0.002015185,0.2902164,-0.008750415,-0.956919,-0.5553919,-0.008935765,0.8315408,0.07008053,0.05499935,-0.1850688,-0.01000079,-0.02946305,0.006044661,0.9994976,-0.05901739,0.01963535,0.9980638
Fixation,11.8004,0.03475937,0.05030119,-0.05876857,-0.1268135,0.2524797,-0.01210972,-0.9591797,-0.4812755,-0.2493888,0.8403447,0.1027756,0.04983211,-0.05563265,-0.002014698,0.2901873,-0.008798705,-0.9569273,-0.5553408,-0.008962383,0.8315746,0.07010834,0.05501747,-0.1850738,-0.010014,-0.02943325,0.006091428,0.9994981,-0.05895895,0.01965937,0.9980668
Fixation,11.8109,0.03480081,0.05031753,-0.05875956,-0.1269382,0.2528762,-0.01200782,-0.9590601,-0.4819985,-0.2495557,0.8398806,0.1028168,0.0498327,-0.05562112,-0.001987273,0.2902054,-0.008687195,-0.9569229,-0.555374,-0.008845477,0.8315537,0.0701511,0.0550257,-0.1850635,-0.01001121,-0.02945072,0.00597645,0.9994982,-0.05899155,0.01966035,0.9980649
Fixation,11.8219,0.03483643,0.05034828,-0.05877461,-0.1269522,0.2528688,-0.01188421,-0.9590617,-0.4820161,-0.2495203,0.8398809,0.1028525,0.04984772,-0.05563939,-0.001963767,0.2902183,-0.008564393,-0.9569201,-0.5553979,-0.008729422,0.8315389,0.07018749,0.05504894,-0.1850797,-0.00997001,-0.02942651,0.005861351,0.9995,-0.05894047,0.01958509,0.9980693
Fixation,11.8329,0.03483921,0.05036151,-0.05878599,-0.1268542,0.2528884,-0.01198597,-0.9590682,-0.4820336,-0.2493858,0.8399109,0.1028551,0.04987121,-0.0556464,-0.001868666,0.290247,-0.008666599,-0.9569107,-0.5554486,-0.008607203,0.8315064,0.07019,0.05506563,-0.18509,-0.01008847,-0.02945771,0.005934776,0.9994975,-0.05900557,0.01981715,0.9980609
Fixation,11.8444,0.03485122,0.05038333,-0.05879952,-0.1257595,0.2533736,-0.01195151,-0.9590847,-0.4830074,-0.2472844,0.8399727,0.102867,0.04989076,-0.05565668,-0.001839868,0.2902696,-0.008656805,-0.956904,-0.5554884,-0.008546769,0.8314804,0.07020248,0.0550859,-0.1851021,-0.01011363,-0.02948112,0.005917553,0.9994967,-0.05905226,0.01986816,0.9980571
Fixation,11.8558,0.03484279,0.05038178,-0.05876174,-0.1257277,0.2533933,-0.01190829,-0.9590843,-0.4830566,-0.2472019,0.8399687,0.1028584,0.04988217,-0.05561698,-0.001575403,0.2905054,-0.008607729,-0.9568334,-0.5559034,-0.008015981,0.8312082,0.07019471,0.05508029,-0.1850635,-0.01013447,-0.02949445,0.005866029,0.9994964,-0.05907808,0.01991269,0.9980547
Fixation,11.8671,0.03485473,0.05040526,-0.05876954,-0.1256846,0.2533544,-0.0118441,-0.959101,-0.4830076,-0.24709,0.8400299,0.1028706,0.04989672,-0.05563144,-0.00152969,0.2904583,-0.00855082,-0.9568483,-0.5558228,-0.007894676,0.8312633,0.07020667,0.05509877,-0.1850751,-0.0101638,-0.02944452,0.005799589,0.999498,-0.05897736,0.01997586,0.9980595
Fixation,11.8774,0.03485845,0.0504216,-0.05877589,-0.1245568,0.2537595,-0.0117748,-0.9591419,-0.4838494,-0.2449113,0.8401834,0.1028744,0.04990637,-0.05564088,-0.001476251,0.2904359,-0.008513208,-0.9568555,-0.5557852,-0.0077702,0.8312896,0.07021058,0.05511105,-0.1850834,-0.01020557,-0.02942071,0.005749502,0.9994985,-0.05892926,0.0200626,0.9980605
Fixation,11.8886,0.03485037,0.05043399,-0.05876698,-0.1245344,0.2537652,-0.01177812,-0.9591432,-0.4838608,-0.2448703,0.8401888,0.1028663,0.04991841,-0.05563116,-0.001453746,0.2904413,-0.008516641,-0.9568539,-0.555795,-0.007729214,0.8312835,0.0702026,0.05512285,-0.1850743,-0.01022817,-0.02942636,0.005746859,0.9994981,-0.05894075,0.02010786,0.998059
Fixation,11.9007,0.03484627,0.05044496,-0.05877045,-0.1245368,0.2537734,-0.01177203,-0.9591408,-0.4838767,-0.2448716,0.8401793,0.1028621,0.04992843,-0.05563359,-0.001353904,0.2903604,-0.00850571,-0.9568786,-0.5556563,-0.007530486,0.831378,0.07019866,0.05513334,-0.1850772,-0.0102241,-0.02943397,0.005740453,0.999498,-0.05895577,0.02010001,0.9980582
Fixation,11.9117,0.03502379,0.0505805,-0.05891392,-0.1233606,0.2520551,-0.01170512,-0.9597465,-0.48093,-0.2426905,0.8425008,0.1028593,0.0499351,-0.05564255,-0.001286846,0.2903478,-0.008489508,-0.9568827,-0.5556356,-0.00739254,0.8313931,0.07019601,0.05514121,-0.1850859,-0.0102846,-0.02942058,0.005707361,0.999498,-0.05892901,0.02022306,0.9980573
Fixation,11.9223,0.03501155,0.05060923,-0.05893005,-0.1233037,0.2519729,-0.01174238,-0.959775,-0.4807787,-0.2426052,0.8426117,0.1028477,0.04996836,-0.05566956,-0.001231092,0.2902698,-0.008539167,-0.956906,-0.5555007,-0.007313402,0.8314839,0.07018249,0.05517113,-0.1851084,-0.01035165,-0.02933969,0.005741424,0.9994994,-0.05876886,0.02035603,0.998064
Fixation,11.9332,0.0350187,0.05060148,-0.05889304,-0.1232293,0.252023,-0.01175036,-0.9597713,-0.480873,-0.2424666,0.8425978,0.1028545,0.04995883,-0.05562554,-0.0009948743,0.2900422,-0.008536603,-0.9569753,-0.5551095,-0.006856091,0.831749,0.07019042,0.05516136,-0.1850685,-0.01042484,-0.02939002,0.005725779,0.9994973,-0.05886988,0.02050264,0.9980551
Fixation,11.9444,0.03500223,0.05061901,-0.0588998,-0.1124185,0.251281,-0.01144054,-0.9612955,-0.4805383,-0.2218844,0.8484399,0.1028379,0.04997575,-0.05563021,-0.000954073,0.2900563,-0.008542569,-0.956971,-0.5551347,-0.006781692,0.8317329,0.07017419,0.05517793,-0.1850745,-0.01046574,-0.02940475,0.005720718,0.9994965,-0.05889963,0.02058451,0.9980516
Fixation,11.9556,0.03497556,0.05062783,-0.05891254,-0.1123853,0.251313,-0.0114239,-0.9612913,-0.4806023,-0.2218119,0.8484226,0.102811,0.049981,-0.05563879,-0.0009561424,0.2898333,-0.00852256,-0.9570388,-0.5547472,-0.006770374,0.8319914,0.07014815,0.0551846,-0.1850854,-0.01049362,-0.02943469,0.005693304,0.9994954,-0.05895916,0.0206415,0.998047
Fixation,11.9666,0.03495683,0.05062437,-0.05892688,-0.112392,0.2513768,-0.01143537,-0.9612737,-0.4807133,-0.2218282,0.8483555,0.1027918,0.04997826,-0.05564407,-0.0009632884,0.2898974,-0.008526304,-0.9570193,-0.5548584,-0.006787278,0.8319171,0.07013019,0.05518138,-0.185095,-0.01048752,-0.02950167,0.005698173,0.9994935,-0.05909298,0.0206282,0.9980393
Fixation,11.9781,0.03493727,0.05061257,-0.05894246,-0.1059208,0.251374,-0.01130056,-0.9620105,-0.4812549,-0.2094752,0.8511838,0.1027718,0.04997313,-0.0556483,-0.0009922646,0.2899776,-0.008570142,-0.9569945,-0.554997,-0.006869483,0.8318239,0.0701112,0.0551734,-0.1851045,-0.01047079,-0.02958597,0.005747294,0.9994909,-0.05926218,0.02059083,0.9980301
Fixation,11.9890,0.03489409,0.05061543,-0.05896051,-0.1059107,0.2514602,-0.01132847,-0.9619887,-0.4814042,-0.2094671,0.8511013,0.102728,0.04997826,-0.05565391,-0.0007881122,0.2897997,-0.008580778,-0.9570486,-0.5546912,-0.006481936,0.8320311,0.07006902,0.05517721,-0.1851162,-0.0104843,-0.02967755,0.005762141,0.9994879,-0.05944552,0.02061585,0.9980186
Fixation,11.9999,0.03484844,0.05061328,-0.05897759,-0.1059071,0.2515015,-0.01135505,-0.9619781,-0.4814727,-0.2094722,0.8510613,0.1026821,0.04997897,-0.05566486,-0.0007854095,0.2898428,-0.008602837,-0.9570353,-0.5547661,-0.00649027,0.8319811,0.07002375,0.05517638,-0.1851302,-0.01049255,-0.02972288,0.005782321,0.9994864,-0.05953657,0.02063058,0.9980129
Fixation,12.0111,0.03485615,0.05057716,-0.05897512,-0.1015925,0.2518075,-0.01130906,-0.9623638,-0.4823631,-0.2012333,0.8525438,0.1026891,0.04995227,-0.05564581,-0.0008087642,0.2899597,-0.008668435,-0.9569992,-0.5549685,-0.006574967,0.8318454,0.07003231,0.05514514,-0.1851191,-0.01048681,-0.02984577,0.005850638,0.9994824,-0.05978335,0.02061353,0.9979985
Fixation,12.0218,0.03481768,0.05056965,-0.05898542,-0.1016143,0.2518947,-0.01138585,-0.9623378,-0.4825015,-0.2013106,0.8524472,0.10265,0.0499543,-0.05564283,-0.0007035807,0.2897324,-0.008728098,-0.9570677,-0.5545748,-0.006404375,0.8321093,0.0699944,0.05514276,-0.1851225,-0.01048003,-0.02994439,0.00592025,0.9994791,-0.05998168,0.02059459,0.997987
Fixation,12.0335,0.03478226,0.05056441,-0.05899939,-0.1016446,0.2519276,-0.01141509,-0.9623256,-0.4825521,-0.201382,0.8524017,0.1026144,0.04995334,-0.05565177,-0.0007351432,0.2897684,-0.008752501,-0.9570565,-0.5546365,-0.006479543,0.8320675,0.06995914,0.05514014,-0.1851336,-0.01045583,-0.02998222,0.00595171,0.999478,-0.06005761,0.02054385,0.9979835
Fixation,12.0444,0.03475622,0.05055857,-0.05901643,-0.09912378,0.251873,-0.01140393,-0.9626029,-0.4826465,-0.1965784,0.853469,0.1025881,0.04995751,-0.05566191,-0.0008075797,0.2898179,-0.008810825,-0.957041,-0.5547209,-0.006652843,0.8320099,0.06993302,0.05514026,-0.1851465,-0.01040099,-0.03003464,0.006026457,0.9994766,-0.06016319,0.02042908,0.9979795
Fixation,12.0555,0.03473568,0.05054319,-0.05896308,-0.09921952,0.2519003,-0.0114423,-0.9625855,-0.4826805,-0.1967792,0.8534034,0.1025674,0.04994953,-0.05560414,-0.0008507297,0.2895083,-0.008837851,-0.9571343,-0.5541817,-0.006745788,0.8323684,0.06991236,0.05513,-0.1850901,-0.01031494,-0.03006908,0.006082091,0.9994761,-0.06023213,0.02025331,0.9979789
Fixation,12.0664,0.03474782,0.05053782,-0.05896058,-0.09905619,0.2518727,-0.01141056,-0.9626099,-0.4826497,-0.196453,0.853496,0.1025797,0.04993582,-0.05560607,-0.0006855419,0.2894745,-0.00881554,-0.9571449,-0.5541261,-0.006416075,0.832408,0.06992471,0.05511808,-0.1850913,-0.01046869,-0.03003348,0.006017804,0.999476,-0.06016147,0.02056494,0.9979768
Fixation,12.0776,0.03471357,0.05056572,-0.05897686,-0.09563808,0.2519534,-0.01129967,-0.9629357,-0.4830685,-0.1898806,0.8547457,0.1025458,0.04996336,-0.05562881,-0.000700607,0.2894292,-0.008808534,-0.9571586,-0.5540469,-0.006440077,0.8324605,0.0698899,0.05514598,-0.1851108,-0.01045245,-0.02998606,0.006015386,0.9994776,-0.06006654,0.02053322,0.9979832
Fixation,12.0888,0.03469528,0.05058837,-0.05898411,-0.09560003,0.2519219,-0.01128261,-0.962948,-0.483018,-0.1898004,0.854792,0.1025277,0.04998302,-0.05564072,-0.0004851352,0.2888844,-0.008786431,-0.9573236,-0.5531032,-0.006005389,0.8330911,0.0698714,0.05516648,-0.1851208,-0.01048677,-0.02995097,0.00599364,0.9994784,-0.0599964,0.02060358,0.997986
Fixation,12.0999,0.03469494,0.05056643,-0.05898089,-0.09559772,0.2518867,-0.01122736,-0.962958,-0.4829661,-0.1897692,0.8548283,0.1025276,0.04995418,-0.05564316,-0.0004808027,0.2888447,-0.008735044,-0.9573361,-0.5530345,-0.005966722,0.833137,0.06987101,0.05514121,-0.1851204,-0.0104777,-0.02990892,0.005943257,0.9994801,-0.05991127,0.02058899,0.9979913
Fixation,12.1112,0.03468993,0.05056548,-0.05899037,-0.0939641,0.2517619,-0.01117643,-0.9631521,-0.4828696,-0.186631,0.8555734,0.1025232,0.04995525,-0.05566541,-0.0005207509,0.2887552,-0.008740843,-0.9573629,-0.552878,-0.006045024,0.8332403,0.06986469,0.05514181,-0.1851362,-0.01044088,-0.02981557,0.005960059,0.9994832,-0.05972479,0.02051556,0.998004
Fixation,12.1222,0.03468792,0.05057669,-0.05900013,-0.09403381,0.2517633,-0.01120774,-0.9631445,-0.4828612,-0.1867797,0.8555457,0.1025212,0.04997253,-0.0556745,-0.0006182268,0.2884639,-0.008767384,-0.9574504,-0.5523689,-0.006241991,0.8335764,0.06986231,0.05515707,-0.185145,-0.01037953,-0.02982191,0.006005843,0.9994833,-0.05973767,0.02039013,0.9980059
Fixation,12.1333,0.03468344,0.050547,-0.05899797,-0.09178133,0.251908,-0.01116026,-0.9633245,-0.4832897,-0.1824531,0.8562371,0.1025171,0.04994583,-0.05567929,-0.0006238576,0.2884148,-0.008788811,-0.9574651,-0.5522832,-0.00626429,0.833633,0.069857,0.05512893,-0.1851465,-0.0103798,-0.02977092,0.006028441,0.9994847,-0.05963631,0.02038995,0.9980119
Fixation,12.1444,0.03467282,0.0505476,-0.05900034,-0.09174827,0.2518459,-0.01119432,-0.9633435,-0.4831741,-0.1824087,0.8563118,0.1025069,0.04995084,-0.0556899,-0.0005919887,0.2883559,-0.008829824,-0.9574825,-0.5521809,-0.006225901,0.8337011,0.06984536,0.0551312,-0.1851535,-0.01042139,-0.02970988,0.006060298,0.9994859,-0.05951553,0.02047195,0.9980174
Fixation,12.1553,0.03466871,0.05055177,-0.05900751,-0.09176008,0.2518434,-0.0112044,-0.9633429,-0.4831669,-0.1824364,0.85631,0.1025028,0.04995668,-0.05569728,-0.0006042272,0.2883546,-0.008839641,-0.9574828,-0.5521784,-0.006254976,0.8337026,0.06984111,0.05513632,-0.1851607,-0.01041212,-0.02970863,0.006072971,0.999486,-0.05951319,0.0204527,0.998018
Fixation,12.1668,0.03465886,0.05054772,-0.05899988,-0.09178698,0.2517923,-0.01120594,-0.9633537,-0.4830729,-0.1824898,0.8563516,0.1024933,0.04995418,-0.05569675,-0.0006101877,0.288052,-0.008842194,-0.9575738,-0.5516514,-0.006262623,0.8340513,0.0698305,0.05513358,-0.1851565,-0.01038749,-0.02965678,0.006085622,0.9994877,-0.0594096,0.02040337,0.9980252
Fixation,12.1775,0.03465172,0.05053556,-0.05898018,-0.09030358,0.2519453,-0.01123287,-0.9634535,-0.4834465,-0.1796667,0.8567376,0.1024862,0.04995131,-0.05567616,-0.0006168653,0.288058,-0.008910556,-0.9575713,-0.5516613,-0.0063149,0.8340443,0.06982282,0.05512595,-0.1851365,-0.01039876,-0.02966383,0.006153314,0.9994869,-0.05942519,0.02042179,0.9980239
Fixation,12.1886,0.03464074,0.05053127,-0.05897924,-0.09030236,0.2519483,-0.01126342,-0.9634525,-0.4834462,-0.1796797,0.8567351,0.1024753,0.04995096,-0.0556744,-0.0006167452,0.2880635,-0.008940734,-0.9575694,-0.5516706,-0.006332151,0.834038,0.06981165,0.05512357,-0.1851352,-0.0104067,-0.02966992,0.006182377,0.9994865,-0.05943804,0.02043584,0.9980228
Fixation,12.1996,0.03462371,0.05053675,-0.05897633,-0.09025954,0.2519569,-0.01127414,-0.9634541,-0.4834627,-0.1796031,0.8567418,0.1024582,0.04995656,-0.05567018,-0.0005727802,0.2878415,-0.008950188,-0.9576361,-0.5512846,-0.0062495,0.8342939,0.06979474,0.05512834,-0.1851321,-0.01045078,-0.02967901,0.006182325,0.9994858,-0.05945672,0.02052385,0.9980199
Fixation,12.2110,0.03459312,0.05053031,-0.05894986,-0.08944957,0.2514877,-0.01131777,-0.9636517,-0.4826684,-0.178089,0.8575054,0.1024273,0.0499568,-0.05563746,-0.0005006623,0.287884,-0.009018638,-0.9576227,-0.5513595,-0.006151535,0.8342451,0.0697643,0.05512404,-0.1851032,-0.01053806,-0.02972419,0.00622934,0.9994832,-0.05954895,0.02069491,0.9980108
Fixation,12.2219,0.03458616,0.05053794,-0.05894525,-0.08950481,0.2514927,-0.01125832,-0.963646,-0.4826845,-0.1781647,0.8574806,0.1024203,0.04995811,-0.05563289,-0.0005538827,0.287885,-0.008956914,-0.9576229,-0.5513606,-0.006217944,0.8342438,0.06975774,0.05512941,-0.185098,-0.01047066,-0.02972449,0.006183524,0.9994842,-0.0595478,0.02056291,0.9980136
Fixation,12.2329,0.03458133,0.05052996,-0.05894368,-0.08947975,0.2515591,-0.01126256,-0.963631,-0.4828047,-0.1781173,0.8574228,0.102415,0.04994917,-0.05562201,-0.0005647597,0.2876655,-0.008954575,-0.957689,-0.5509779,-0.006233572,0.8344966,0.06975383,0.05512059,-0.1850918,-0.01049442,-0.02979261,0.006175519,0.9994819,-0.05968396,0.02061001,0.9980046
Fixation,12.2448,0.03457413,0.05050242,-0.05894224,-0.08783914,0.2519305,-0.01114725,-0.9636862,-0.4836055,-0.1749154,0.8576307,0.1024076,0.04991329,-0.05561838,-0.0006036414,0.2876819,-0.008882151,-0.9576846,-0.5510064,-0.006266664,0.8344775,0.06974737,0.05508959,-0.1850886,-0.01043807,-0.02980899,0.006115496,0.9994825,-0.0597148,0.02050074,0.9980049
Fixation,12.2553,0.03460501,0.05043972,-0.05890945,-0.08799638,0.251949,-0.01112414,-0.9636673,-0.4836322,-0.1752039,0.8575567,0.1024384,0.04985166,-0.05558323,-0.0007605302,0.2877014,-0.008851604,-0.957679,-0.5510376,-0.006549925,0.8344547,0.06977834,0.05502999,-0.1850531,-0.01027858,-0.02982896,0.006126462,0.9994834,-0.05975303,0.02018105,0.9980091
Fixation,12.2664,0.03461489,0.05039322,-0.05889711,-0.08804139,0.2519768,-0.01107661,-0.9636565,-0.4836878,-0.1752654,0.8575128,0.1024481,0.0497998,-0.05556758,-0.000913037,0.287318,-0.008799938,-0.9577944,-0.550367,-0.006805764,0.8348951,0.06978886,0.05498159,-0.1850385,-0.01022325,-0.02985374,0.006087748,0.9994835,-0.05980111,0.02007245,0.9980085
Fixation,12.2774,0.03463287,0.05037928,-0.05887294,-0.08716188,0.2520671,-0.0110252,-0.9637133,-0.4839189,-0.1735563,0.85773,0.1024661,0.04978657,-0.05554292,-0.001048441,0.2873237,-0.008772214,-0.9577928,-0.5503748,-0.007049309,0.8348879,0.06980678,0.05497026,-0.1850127,-0.01008527,-0.02985951,0.006095942,0.9994847,-0.05981121,0.0197961,0.9980134
Fixation,12.2886,0.0346593,0.05037379,-0.05882483,-0.08709133,0.2519761,-0.01085506,-0.9637455,-0.4837909,-0.1733382,0.8578463,0.102493,0.04975772,-0.05550968,-0.0009716806,0.2872185,-0.008613587,-0.9578259,-0.5501938,-0.006809365,0.8350092,0.06983345,0.05495226,-0.1849726,-0.01011869,-0.02974781,0.005923836,0.9994887,-0.05958508,0.01987459,0.9980254
Fixation,12.2997,0.03469258,0.05040026,-0.0587699,-0.08716958,0.2519012,-0.01068675,-0.9637599,-0.4836814,-0.1734051,0.8578945,0.1025267,0.04976487,-0.05546729,-0.0009032628,0.2868799,-0.0084436,-0.957929,-0.5496059,-0.006575122,0.8353982,0.06986686,0.0549705,-0.184923,-0.0100065,-0.02965582,0.005785263,0.9994934,-0.05939737,0.01965973,0.9980408
Fixation,12.3112,0.03471715,0.05041337,-0.05874282,-0.08586927,0.251411,-0.0105258,-0.9640064,-0.4829158,-0.1708497,0.858838,0.1025517,0.0497638,-0.05545247,-0.0009174561,0.2867942,-0.008331265,-0.9579555,-0.5494569,-0.006536481,0.8354965,0.06989127,0.05497694,-0.1849019,-0.009964003,-0.02956515,0.005681195,0.9994971,-0.05921377,0.01958205,0.9980533
Fixation,12.3223,0.03474477,0.05042613,-0.05873399,-0.0860157,0.2513124,-0.01052785,-0.964019,-0.4827288,-0.1711331,0.8588867,0.1025801,0.04978192,-0.05545731,-0.001064501,0.2867,-0.00833658,-0.9579836,-0.54929,-0.006819744,0.835604,0.06991723,0.05499458,-0.1848987,-0.009823589,-0.02946696,0.005725183,0.9995011,-0.059017,0.01929997,0.9980704
Fixation,12.3328,0.03478988,0.05038249,-0.05873244,-0.08612511,0.2512822,-0.0105406,-0.9640169,-0.4826649,-0.1713495,0.8588795,0.1026254,0.04974341,-0.05545979,-0.001093254,0.2864279,-0.008343546,-0.9580649,-0.5488148,-0.006874466,0.8359157,0.0699616,0.05495536,-0.1848983,-0.009720091,-0.02943924,0.005764857,0.9995027,-0.05896127,0.01909109,0.9980777
Fixation,12.3441,0.03480751,0.05039001,-0.05873142,-0.08551452,0.2515332,-0.01046358,-0.9640067,-0.4831698,-0.170137,0.8588367,0.1026437,0.04975069,-0.05547142,-0.001311181,0.2863425,-0.008287579,-0.9580907,-0.5486624,-0.007258633,0.8360125,0.06997803,0.05496621,-0.1849016,-0.009495344,-0.02934957,0.005767819,0.9995075,-0.05877976,0.01864277,0.9980969
Fixation,12.3552,0.03480437,0.05039692,-0.05874353,-0.08539338,0.2515564,-0.01055117,-0.9640104,-0.483204,-0.1699487,0.8588547,0.1026404,0.04976547,-0.05547925,-0.001192747,0.2863702,-0.008377151,-0.9580817,-0.5487123,-0.007083432,0.8359813,0.06997479,0.05497503,-0.1849129,-0.009632802,-0.02937949,0.005823525,0.999505,-0.05884209,0.01891388,0.9980881
Fixation,12.3669,0.03483457,0.05038631,-0.0587474,-0.08536602,0.2515193,-0.01063679,-0.9640216,-0.483124,-0.1699401,0.8589014,0.1026709,0.04976583,-0.05548728,-0.001125211,0.2861429,-0.008463814,-0.9581489,-0.548316,-0.006999961,0.8362419,0.07000388,0.05496931,-0.1849194,-0.009679561,-0.02934889,0.005903949,0.9995049,-0.05878301,0.01900299,0.9980899
Fixation,12.3774,0.03485402,0.05038631,-0.05875933,-0.08532415,0.2511371,-0.01058259,-0.9641255,-0.4824494,-0.1698417,0.8592999,0.1026906,0.04975951,-0.0555049,-0.001119995,0.2861029,-0.008417063,-0.9581613,-0.5482466,-0.006962565,0.8362878,0.07002324,0.05496609,-0.1849342,-0.00967265,-0.02930654,0.005857797,0.9995065,-0.05869748,0.01899241,0.9980952
Fixation,12.3887,0.03484292,0.05040932,-0.05876847,-0.08516144,0.2511213,-0.01062173,-0.9641436,-0.4824249,-0.1695504,0.8593712,0.1026796,0.04978335,-0.05551583,-0.0009581941,0.2860874,-0.00846334,-0.9581657,-0.5482221,-0.006678727,0.8363062,0.07001198,0.05498695,-0.1849459,-0.009840945,-0.02929089,0.005860904,0.9995053,-0.05866815,0.01932881,0.9980904
Fixation,12.4032,0.03483573,0.05040932,-0.05877347,-0.08505713,0.2511531,-0.0106195,-0.9641445,-0.4824893,-0.169349,0.8593748,0.1026721,0.04977989,-0.05551644,-0.0008782502,0.2859187,-0.008461247,-0.9582161,-0.5479289,-0.006521564,0.8364995,0.07000546,0.05498362,-0.1849496,-0.009941738,-0.02932132,0.005832472,0.9995036,-0.05872951,0.01953157,0.9980828
Fixation,12.4158,0.0348132,0.05041528,-0.05879389,-0.08451829,0.2510352,-0.01060172,-0.9642228,-0.4823157,-0.1683117,0.8596759,0.1026491,0.04978299,-0.05552752,-0.0008167839,0.2859837,-0.00845519,-0.9581969,-0.5480436,-0.006401373,0.8364252,0.06998399,0.05498719,-0.1849657,-0.009999388,-0.02938913,0.005810189,0.9995012,-0.05886513,0.01964729,0.9980726
Fixation,12.4215,0.03479638,0.05040085,-0.05880712,-0.0844599,0.2511556,-0.01070875,-0.9641954,-0.4825172,-0.1682508,0.8595749,0.1026315,0.04977977,-0.05552266,-0.0007619048,0.28611,-0.008553431,-0.9581583,-0.5482643,-0.006354495,0.8362809,0.06996808,0.0549773,-0.1849704,-0.01007739,-0.02952195,0.005889827,0.999496,-0.05913284,0.01979686,0.9980538
Fixation,12.4329,0.03477103,0.05036807,-0.05883152,-0.08449757,0.2512528,-0.01079895,-0.9641658,-0.4826737,-0.1683659,0.8594644,0.1026056,0.04975891,-0.05553238,-0.0008079429,0.2859418,-0.00863132,-0.9582078,-0.5479695,-0.006484465,0.8364732,0.06994326,0.05495095,-0.184987,-0.01005821,-0.02963129,0.005976716,0.9994925,-0.05935273,0.01975201,0.9980416
Fixation,12.4441,0.03472284,0.05033374,-0.05888056,-0.08461456,0.2514418,-0.01091344,-0.964105,-0.4829856,-0.1686428,0.8592348,0.1025562,0.04974079,-0.05555359,-0.0009291517,0.2861399,-0.008724672,-0.9581477,-0.5483123,-0.006773482,0.8362462,0.06989646,0.0549264,-0.1850207,-0.009964589,-0.02983892,0.006096346,0.9994865,-0.05976868,0.01955513,0.9980207
Fixation,12.4573,0.03471386,0.05030119,-0.05886933,-0.08450284,0.2517713,-0.01096002,-0.9640282,-0.4835769,-0.1684451,0.858941,0.1025467,0.04971611,-0.05553044,-0.001005475,0.286225,-0.008764736,-0.9581218,-0.5484592,-0.006944108,0.8361484,0.06988801,0.05489898,-0.1850027,-0.009900928,-0.02992824,0.006153945,0.9994841,-0.05994745,0.01942329,0.9980125
Fixation,12.4685,0.03469794,0.05028856,-0.05887725,-0.08449392,0.2518596,-0.01096292,-0.9640059,-0.4837357,-0.1684275,0.858855,0.1025301,0.04970264,-0.055526,-0.0009142589,0.285966,-0.008755018,-0.9581994,-0.5480088,-0.006759359,0.8364452,0.06987327,0.05488586,-0.1850043,-0.009908158,-0.03001918,0.006146566,0.9994813,-0.06012903,0.01943701,0.9980013
Fixation,12.4801,0.03468229,0.05028617,-0.0588866,-0.08381367,0.2523195,-0.0109615,-0.963945,-0.4846069,-0.1671152,0.8586203,0.1025141,0.04970074,-0.05552764,-0.0008896376,0.28602,-0.008765734,-0.9581832,-0.5481035,-0.006719221,0.8363836,0.06985828,0.05488324,-0.1850099,-0.009934562,-0.03007554,0.006150108,0.9994794,-0.06024197,0.01948884,0.9979935
Fixation,12.4912,0.03471008,0.05027521,-0.05886977,-0.08380744,0.2523039,-0.0109709,-0.9639496,-0.4845776,-0.1671083,0.8586381,0.102542,0.04969096,-0.05551288,-0.0008837153,0.2860051,-0.008776651,-0.9581875,-0.5480776,-0.006713864,0.8364006,0.0698858,0.05487287,-0.1849942,-0.00994313,-0.03006027,0.006159266,0.9994797,-0.06021173,0.01950562,0.997995
Fixation,12.5018,0.03471924,0.05027843,-0.05886923,-0.08386442,0.2523228,-0.01091569,-0.9639403,-0.4846174,-0.1671892,0.8585999,0.102551,0.04968834,-0.05551035,-0.001007273,0.2860997,-0.008720753,-0.9581597,-0.5482408,-0.006920266,0.8362919,0.06989551,0.05487418,-0.184992,-0.009874653,-0.03007556,0.006116715,0.9994801,-0.06024066,0.01937111,0.9979959
Fixation,12.5129,0.0347247,0.05029285,-0.05888045,-0.08371083,0.2527919,-0.0108741,-0.9638312,-0.4854769,-0.166864,0.8581775,0.1025564,0.04969549,-0.05552123,-0.0009502433,0.2861014,-0.008679793,-0.9581596,-0.5482451,-0.006787572,0.8362902,0.06990151,0.05488408,-0.1850034,-0.009919223,-0.03007692,0.00606245,0.99948,-0.06024284,0.01946345,0.9979939
Fixation,12.5247,0.03473331,0.05031729,-0.05888956,-0.0837601,0.2527534,-0.01086503,-0.9638371,-0.4854061,-0.1669545,0.8582,0.1025653,0.04972053,-0.05553581,-0.0009993884,0.2860636,-0.008672364,-0.9581709,-0.5481783,-0.006876865,0.8363333,0.06990957,0.05490947,-0.1850149,-0.009869926,-0.03003738,0.006068253,0.9994816,-0.06016341,0.01936507,0.9980007
Fixation,12.5356,0.0347514,0.05030441,-0.05889605,-0.08376019,0.2527555,-0.01091183,-0.9638361,-0.4854018,-0.1669782,0.8581978,0.1025834,0.04971397,-0.05554145,-0.000784427,0.2860899,-0.008712438,-0.9581629,-0.5482277,-0.006488298,0.8363039,0.06992733,0.05489981,-0.185021,-0.009880229,-0.03004397,0.006113487,0.999481,-0.06017755,0.01938285,0.9979995
Fixation,12.5465,0.03476449,0.0503056,-0.0589037,-0.08360638,0.2532709,-0.01089569,-0.9637142,-0.4863397,-0.1666644,0.8577276,0.1025964,0.04971194,-0.05554878,-0.000753358,0.2860917,-0.008696492,-0.9581625,-0.5482316,-0.006419667,0.8363019,0.06994066,0.05489886,-0.1850288,-0.009906145,-0.03004571,0.00609007,0.9994809,-0.06018088,0.01943604,0.9979982
Fixation,12.5582,0.0347777,0.05032575,-0.05890846,-0.08356822,0.2532656,-0.01081502,-0.9637198,-0.4863467,-0.1665508,0.8577457,0.1026096,0.04972041,-0.05555525,-0.0005355021,0.2860104,-0.008612042,-0.9581877,-0.548094,-0.00595249,0.8363956,0.06995452,0.05491269,-0.1850346,-0.009925543,-0.03003189,0.006003716,0.9994816,-0.06015183,0.01948019,0.9979991
Fixation,12.5689,0.03480077,0.0503186,-0.05890103,-0.0834939,0.2532466,-0.01071153,-0.9637325,-0.4863353,-0.1663569,0.8577898,0.1026327,0.04969764,-0.05555176,-0.0004575429,0.2859818,-0.008513175,-0.9581971,-0.5480461,-0.00574606,0.8364283,0.0699783,0.05489683,-0.1850297,-0.009975532,-0.03000108,0.005888373,0.9994828,-0.0600886,0.01958743,0.9980009
Fixation,12.5799,0.03483018,0.05029309,-0.05888476,-0.08326437,0.2535994,-0.01068783,-0.9636598,-0.4869873,-0.1658979,0.8575087,0.1026627,0.0496695,-0.0555478,-0.0004300382,0.2858945,-0.008500151,-0.9582233,-0.5478943,-0.005684439,0.8365282,0.07000678,0.05486953,-0.18502,-0.009998986,-0.02990983,0.005869464,0.9994854,-0.05990624,0.01963657,0.9980109
Fixation,12.5910,0.03485465,0.05029106,-0.05887974,-0.08330607,0.253529,-0.01054355,-0.9636763,-0.486883,-0.1659064,0.8575664,0.1026876,0.04965031,-0.05555435,-0.000351416,0.2858026,-0.008357589,-0.958252,-0.5477359,-0.005450731,0.8366335,0.07003134,0.05485976,-0.1850203,-0.009927557,-0.0298245,0.005745377,0.9994894,-0.05973262,0.01950227,0.9980239
Fixation,12.6024,0.03487227,0.05027354,-0.05887106,-0.08326919,0.2534757,-0.01048185,-0.9636942,-0.4868004,-0.1658058,0.8576326,0.1027056,0.04962432,-0.05555386,-0.0003124271,0.2857443,-0.008301976,-0.9582699,-0.5476352,-0.005343264,0.8367001,0.07004879,0.05483758,-0.185016,-0.009951083,-0.02976315,0.005682104,0.9994913,-0.0596091,0.01955381,0.9980302
Fixation,12.6132,0.03488371,0.05021071,-0.05883708,-0.0831738,0.2539593,-0.01042675,-0.9635757,-0.4876835,-0.1655844,0.8571736,0.1027172,0.04955685,-0.05552431,-0.0003910931,0.2857147,-0.008247595,-0.9582792,-0.5475824,-0.005462471,0.8367339,0.07006012,0.05477369,-0.1849835,-0.009861158,-0.02973166,0.005650036,0.9994934,-0.05954462,0.01937636,0.9980376
Fixation,12.6241,0.03488708,0.05018198,-0.05882672,-0.08322465,0.2539512,-0.01048397,-0.9635728,-0.4876559,-0.1657109,0.8571649,0.1027207,0.04953718,-0.05551437,-0.0003527394,0.2857212,-0.008300949,-0.9582768,-0.5475942,-0.005419559,0.8367265,0.07006283,0.05475032,-0.184973,-0.009824475,-0.02972969,0.005717757,0.9994934,-0.05954161,0.01929902,0.9980392
Fixation,12.6358,0.03489566,0.05015957,-0.05882425,-0.08336195,0.2539757,-0.01050321,-0.9635543,-0.4876877,-0.1659826,0.8570942,0.1027291,0.04952097,-0.0555082,-0.0004910436,0.2857496,-0.008313446,-0.9582682,-0.5476413,-0.005692231,0.8366938,0.07007129,0.05473304,-0.1849673,-0.00969397,-0.02975946,0.005765165,0.9994935,-0.05960054,0.01903498,0.9980408
Fixation,12.6466,0.03488215,0.05012977,-0.05879875,-0.08333316,0.2539947,-0.01053958,-0.9635513,-0.4877173,-0.1659456,0.8570846,0.1027158,0.0494982,-0.05548481,-0.0005557947,0.2857355,-0.008351547,-0.958272,-0.5476155,-0.005837873,0.8367098,0.07005709,0.05470765,-0.1849424,-0.009641229,-0.02974522,0.005818753,0.9994941,-0.05957255,0.01892654,0.9980446
Fixation,12.6583,0.03487482,0.05011833,-0.05877509,-0.08337819,0.2539268,-0.01061902,-0.9635645,-0.4875789,-0.1660734,0.8571385,0.102709,0.04949927,-0.05546967,-0.0004111548,0.2858014,-0.00843027,-0.9582518,-0.5477325,-0.005606745,0.8366348,0.07004812,0.054703,-0.184923,-0.0096167,-0.02968368,0.005912172,0.9994956,-0.05945114,0.01887271,0.9980528
Fixation,12.6687,0.03488335,0.0501225,-0.058766,-0.08343632,0.253897,-0.01058474,-0.9635677,-0.4875275,-0.1661679,0.8571494,0.1027177,0.04950082,-0.05546514,-0.0004683626,0.2857702,-0.008396773,-0.9582613,-0.5476772,-0.005696723,0.8366703,0.0700564,0.05470693,-0.1849156,-0.009552877,-0.02965087,0.005894776,0.9994973,-0.05938455,0.01874658,0.9980592
Fixation,12.6801,0.03488345,0.05013371,-0.05876236,-0.08291518,0.2542869,-0.01053765,-0.9635104,-0.4882686,-0.1651385,0.8569265,0.1027177,0.04950428,-0.05546142,-0.0003682552,0.2857694,-0.008361957,-0.9582619,-0.5476778,-0.005484953,0.8366714,0.07005707,0.05471277,-0.1849128,-0.009640658,-0.0296496,0.005835383,0.9994969,-0.05938188,0.01892558,0.9980559
Fixation,12.6909,0.03488731,0.05013859,-0.05873526,-0.08286261,0.2542295,-0.01051738,-0.9635302,-0.4881726,-0.1650289,0.8570023,0.1027219,0.04950559,-0.05544259,-0.00031491,0.2857101,-0.008348406,-0.9582797,-0.5475751,-0.005373992,0.8367393,0.07006043,0.05471504,-0.1848904,-0.009688864,-0.02958764,0.00580905,0.9994984,-0.05925816,0.01902425,0.9980614
Fixation,12.7023,0.03489145,0.05014646,-0.05872328,-0.08282122,0.2543004,-0.01055798,-0.9635146,-0.4882955,-0.1649687,0.8569439,0.1027256,0.04951692,-0.05542022,-0.0001802845,0.2858038,-0.008381491,-0.9582515,-0.5477409,-0.00513644,0.8366323,0.0700653,0.05472386,-0.1848735,-0.009736761,-0.02966366,0.005832613,0.9994955,-0.05941098,0.01911767,0.9980505
Fixation,12.7134,0.0348845,0.05015576,-0.0587232,-0.08246288,0.2544531,-0.01055014,-0.9635052,-0.4885938,-0.1642759,0.856907,0.1027187,0.04952466,-0.05542207,-0.0001233835,0.2857893,-0.008384103,-0.9582558,-0.5477165,-0.00502864,0.8366489,0.07005829,0.05473149,-0.184875,-0.009792453,-0.02964855,0.005820614,0.9994955,-0.05938119,0.01922988,0.9980502
Fixation,12.7243,0.0348831,0.05017018,-0.05872096,-0.08245942,0.2544888,-0.0105585,-0.9634959,-0.4886566,-0.1642727,0.8568718,0.1027171,0.04953969,-0.05541474,-0.0001201602,0.2858252,-0.008389492,-0.9582451,-0.5477792,-0.005026143,0.8366079,0.07005732,0.05474627,-0.1848702,-0.009796867,-0.02968606,0.005824702,0.9994943,-0.05945623,0.019238,0.9980455
Fixation,12.7351,0.03489336,0.05015683,-0.0587171,-0.08247296,0.2545158,-0.0105742,-0.9634875,-0.4887013,-0.1643059,0.8568399,0.1027272,0.0495286,-0.05540691,2.457481E-05,0.2859558,-0.008398482,-0.9582061,-0.5480096,-0.004756093,0.8364586,0.07006778,0.05473423,-0.1848641,-0.009786517,-0.02971553,0.005840546,0.9994934,-0.05951528,0.01921601,0.9980424
Fixation,12.7467,0.03488811,0.0501585,-0.05871709,-0.08236177,0.2546989,-0.01049294,-0.9634495,-0.4890506,-0.1640479,0.85669,0.1027219,0.04952002,-0.05540862,2.10302E-05,0.2859441,-0.008319702,-0.9582102,-0.5479894,-0.004717637,0.8364719,0.07006306,0.05473101,-0.1848648,-0.009762846,-0.02970254,0.005765429,0.9994945,-0.05948763,0.01917333,0.9980449
Fixation,12.7581,0.03488769,0.05016935,-0.05872696,-0.08246632,0.2547463,-0.01049212,-0.963428,-0.489129,-0.1642464,0.8566073,0.1027212,0.04953313,-0.05541184,-8.378644E-05,0.2859929,-0.008311419,-0.9581957,-0.5480729,-0.00491458,0.8364162,0.07006305,0.0547446,-0.1848702,-0.009659317,-0.02975332,0.00578402,0.9994939,-0.05958826,0.01896467,0.9980429
Fixation,12.7687,0.03490861,0.05015159,-0.05872462,-0.08247943,0.2547131,-0.01046089,-0.9634361,-0.4890739,-0.1642564,0.8566368,0.1027423,0.04951191,-0.05541451,7.875265E-06,0.2860097,-0.00828006,-0.958191,-0.548104,-0.004721263,0.8363969,0.07008374,0.05472541,-0.1848702,-0.009640248,-0.02971642,0.005759718,0.9994953,-0.0595139,0.01892845,0.998048
Fixation,12.7797,0.03491628,0.05014181,-0.05872606,-0.08250216,0.2547289,-0.01044103,-0.9634301,-0.4891042,-0.1642894,0.8566131,0.1027499,0.04949999,-0.05541397,-1.427066E-05,0.2860242,-0.008258178,-0.9581868,-0.5481291,-0.004751426,0.8363802,0.07009173,0.05471492,-0.1848704,-0.009613183,-0.02973136,0.005744163,0.9994952,-0.05954314,0.0188751,0.9980473
Fixation,12.7907,0.03491741,0.05013502,-0.05872817,-0.08241237,0.2550863,-0.01042131,-0.9633434,-0.4897537,-0.1640995,0.8562784,0.1027512,0.04949045,-0.0554201,-1.500361E-06,0.2859958,-0.008240407,-0.9581955,-0.5480797,-0.004716319,0.8364128,0.07009269,0.05470657,-0.1848747,-0.009621017,-0.02970143,0.005723927,0.9994962,-0.05948306,0.01889232,0.9980505
Fixation,12.8026,0.03491417,0.05013132,-0.05872916,-0.08235102,0.2550677,-0.01047171,-0.9633531,-0.4897158,-0.1640082,0.8563176,0.1027481,0.049492,-0.05542311,0.0001103804,0.2860242,-0.008292973,-0.9581865,-0.5481309,-0.004532452,0.8363803,0.07008894,0.05470443,-0.1848774,-0.009692821,-0.02968574,0.005760556,0.9994957,-0.05945322,0.01903385,0.9980496
Fixation,12.8132,0.03491716,0.05011296,-0.05872224,-0.08233924,0.255072,-0.01049633,-0.9633527,-0.4897201,-0.1639981,0.856317,0.1027514,0.04947615,-0.05542159,0.0001435373,0.2859854,-0.008321048,-0.9581979,-0.5480636,-0.004484322,0.8364246,0.07009128,0.05468678,-0.1848737,-0.009732177,-0.02964552,0.005779446,0.9994964,-0.05937368,0.01911188,0.9980528
Fixation,12.8242,0.03491346,0.05011189,-0.05872411,-0.08235484,0.2551123,-0.01047884,-0.9633409,-0.4897943,-0.1640181,0.8562708,0.1027474,0.04947281,-0.05541804,0.0001284559,0.2860241,-0.008299689,-0.9581865,-0.548131,-0.004501653,0.8363804,0.07008822,0.05468488,-0.1848725,-0.009712015,-0.02968566,0.00576239,0.9994955,-0.05945329,0.01907211,0.9980489
Fixation,12.8356,0.03490569,0.05010927,-0.05872923,-0.08235161,0.2551281,-0.01046857,-0.9633371,-0.4898244,-0.1640064,0.8562558,0.1027395,0.04946852,-0.05542108,0.0002194406,0.2860451,-0.008285659,-0.9581804,-0.5481693,-0.004319618,0.8363563,0.07008074,0.0546813,-0.1848766,-0.009712472,-0.0297009,0.005750264,0.9994951,-0.0594835,0.01907356,0.9980471
Fixation,12.8465,0.03490979,0.05010378,-0.05872463,-0.08227351,0.2554537,-0.01041692,-0.963258,-0.4904216,-0.1638233,0.8559489,0.1027433,0.0494566,-0.0554123,0.000196374,0.2860752,-0.008231129,-0.9581718,-0.5482217,-0.004333124,0.8363218,0.07008564,0.05467319,-0.1848694,-0.009676075,-0.02973175,0.005703282,0.9994949,-0.05954384,0.01900324,0.9980448
Fixation,12.8580,0.03491567,0.05009925,-0.05872722,-0.0823005,0.2554358,-0.01043278,-0.9632603,-0.4903851,-0.1638834,0.8559583,0.1027494,0.04945517,-0.0554172,0.0001688097,0.2860593,-0.008247595,-0.9581764,-0.5481934,-0.004395104,0.8363401,0.07009111,0.05467057,-0.184873,-0.009653715,-0.02971533,0.005726413,0.9994954,-0.05951123,0.01895736,0.9980476
Fixation,12.8687,0.03490055,0.05009913,-0.05874386,-0.08230719,0.2554897,-0.01042054,-0.9632456,-0.4904832,-0.1638888,0.8559011,0.1027339,0.0494529,-0.05542644,0.0002822643,0.2861388,-0.008227224,-0.9581528,-0.5483341,-0.004167351,0.836249,0.07007677,0.05466938,-0.1848857,-0.009643116,-0.0297698,0.00571119,0.999494,-0.05961962,0.01893643,0.9980415
Fixation,12.8797,0.03488522,0.05010486,-0.05876231,-0.08228895,0.2557437,-0.01045558,-0.9631793,-0.4909334,-0.1638659,0.8556474,0.1027183,0.04946399,-0.05544004,0.0002463288,0.2861737,-0.008258044,-0.9581422,-0.5483941,-0.004254433,0.8362091,0.07006153,0.05467832,-0.1849014,-0.009616251,-0.02980641,0.005749961,0.9994929,-0.05969318,0.01887998,0.9980382
Fixation,12.8913,0.03488269,0.05007315,-0.05875566,-0.08227698,0.2557448,-0.01046316,-0.96318,-0.4909347,-0.1638469,0.8556502,0.1027158,0.04943287,-0.05543315,0.0002581077,0.286175,-0.008265889,-0.9581417,-0.5483968,-0.004236375,0.8362076,0.07005898,0.05464673,-0.1848947,-0.00962965,-0.02980794,0.005754498,0.9994927,-0.05969647,0.01890647,0.9980375
Fixation,12.9020,0.03486753,0.0500617,-0.05876804,-0.08223529,0.2557656,-0.01049136,-0.9631777,-0.4909699,-0.1637811,0.8556426,0.1027005,0.04942381,-0.0554423,0.0003546533,0.2861362,-0.008291367,-0.9581531,-0.5483304,-0.004065295,0.836252,0.07004397,0.05463588,-0.1849059,-0.009676264,-0.0298312,0.005770477,0.9994915,-0.05974372,0.0189984,0.9980329
Fixation,12.9138,0.0348472,0.05006588,-0.05878454,-0.08219999,0.2558021,-0.01056689,-0.9631702,-0.4910248,-0.1637512,0.8556169,0.10268,0.04943657,-0.0554528,0.0003877613,0.2861777,-0.008364572,-0.95814,-0.548403,-0.004044448,0.8362044,0.07002362,0.05464363,-0.1849198,-0.009727007,-0.02987517,0.005832376,0.9994893,-0.05983328,0.01909559,0.9980257
Fixation,12.9243,0.03479354,0.05027449,-0.0587176,-0.08227318,0.2558265,-0.0106211,-0.9631569,-0.4910544,-0.1639183,0.8555679,0.1026465,0.04944432,-0.05548854,0.0004091645,0.2861348,-0.008419918,-0.9581523,-0.5483284,-0.00403438,0.8362533,0.06998886,0.05464768,-0.184953,-0.009762034,-0.02983107,0.005880666,0.99949,-0.05974652,0.01916326,0.9980296
Fixation,12.9356,0.03481425,0.05025637,-0.05870517,-0.08226112,0.2559117,-0.0106537,-0.9631349,-0.4912022,-0.1639099,0.8554847,0.1026667,0.04942906,-0.05546381,0.0003234973,0.2862304,-0.008448423,-0.9581236,-0.5484937,-0.004216491,0.836144,0.07001051,0.05463064,-0.1849344,-0.009779152,-0.02992162,0.005901825,0.999487,-0.05992797,0.01919509,0.9980181
Fixation,12.9466,0.03479625,0.05025554,-0.05872432,-0.0824098,0.2556218,-0.01064719,-0.9631993,-0.4906746,-0.1641974,0.8557323,0.1026486,0.0494287,-0.05548024,0.0002677604,0.2862507,-0.008438244,-0.9581175,-0.5485283,-0.004317816,0.8361209,0.06999273,0.05463099,-0.1849516,-0.009722631,-0.02994271,0.005906189,0.9994869,-0.05996955,0.01908159,0.9980178
Fixation,12.9578,0.03477355,0.05025864,-0.05874919,-0.08241822,0.2556441,-0.01069167,-0.9631921,-0.4907064,-0.1642357,0.8557066,0.1026258,0.04943776,-0.05550145,0.0002579503,0.2862766,-0.00848036,-0.9581095,-0.548573,-0.004361168,0.8360913,0.06996998,0.05463719,-0.1849746,-0.009723933,-0.02997003,0.00594921,0.9994859,-0.06002494,0.01908127,0.9980145
Fixation,12.9685,0.03476937,0.05025709,-0.05874405,-0.08236283,0.2556595,-0.01068824,-0.9631928,-0.4907381,-0.1641277,0.8557092,0.1026215,0.04943407,-0.0554942,-0.001021837,0.2763733,-0.008437709,-0.9610128,-0.5311794,-0.006627912,0.8472335,0.06996615,0.05463374,-0.1849689,-0.009776919,-0.02998441,0.005931912,0.999485,-0.06005391,0.01918804,0.9980107
Fixation,12.9800,0.03475555,0.05026269,-0.05876215,-0.08240949,0.2460001,-0.01062101,-0.9657018,-0.473375,-0.1643915,0.8653852,0.1026078,0.04944015,-0.05551632,-0.0009846725,0.276344,-0.008450963,-0.9610211,-0.5311283,-0.006563328,0.847266,0.06995193,0.05463898,-0.1849894,-0.009816282,-0.02995415,0.005935821,0.9994854,-0.059994,0.01926686,0.9980128
Fixation,12.9917,0.03474898,0.05029416,-0.05877838,-0.08231881,0.2460304,-0.0106381,-0.9657016,-0.4734325,-0.1642254,0.8653853,0.1026011,0.04947114,-0.05552811,-0.0008942336,0.2763737,-0.008468297,-0.9610125,-0.5311819,-0.006399568,0.8472336,0.06994583,0.05466866,-0.1850042,-0.009908115,-0.02998514,0.005929963,0.9994837,-0.06005683,0.01945038,0.9980054
Fixation,13.0019,0.03474107,0.050313,-0.05880378,-0.08229356,0.2459866,-0.01062262,-0.9657151,-0.4733576,-0.1641703,0.8654367,0.1025934,0.04948771,-0.0555598,-0.009962567,0.1929174,-0.008019978,-0.9811317,-0.3783949,-0.02264357,0.9253672,0.06993749,0.05468595,-0.1850331,-0.00993051,-0.02993824,0.005913393,0.999485,-0.05996308,0.01949672,0.9980102
Fixation,13.0130,0.03473624,0.05030537,-0.05877726,-0.08220894,0.2459601,-0.01063392,-0.9657289,-0.4733132,-0.1640141,0.8654906,0.1025887,0.0494796,-0.05553682,-0.009876975,0.1928902,-0.008028565,-0.9811378,-0.3783451,-0.02247861,0.9253916,0.06993239,0.05467677,-0.1850092,-0.01001645,-0.02991053,0.005908372,0.999485,-0.05990862,0.01966915,0.99801
Fixation,13.0242,0.03473527,0.05032015,-0.05879921,-0.07171973,0.1698779,-0.009672639,-0.9828042,-0.332526,-0.1442592,0.9319956,0.1025879,0.04949677,-0.05556041,-0.009900279,0.1928785,-0.00804351,-0.9811398,-0.3783222,-0.02252995,0.9253998,0.06993111,0.0546931,-0.1850318,-0.009995949,-0.02989897,0.005927146,0.9994854,-0.05988567,0.01962718,0.9980122
Fixation,13.0355,0.03472825,0.05031478,-0.05881663,-0.07171284,0.1698434,-0.009638199,-0.9828111,-0.3324656,-0.1442343,0.932021,0.1025811,0.04948711,-0.05558291,-0.009663357,0.005575551,-0.00624201,-0.9999183,-0.01102955,-0.01939474,0.9997511,0.0699239,0.05468535,-0.1850519,-0.009998443,-0.02986116,0.00589498,0.9994867,-0.05980955,0.01963456,0.9980167
Fixation,13.0464,0.03472444,0.05031884,-0.05883534,-0.07172295,0.1697986,-0.009638451,-0.9828181,-0.3323797,-0.1442544,0.9320485,0.1025775,0.04949176,-0.05560779,-0.009672627,0.005530251,-0.006246631,-0.9999185,-0.01093876,-0.01941277,0.9997517,0.06991948,0.05468988,-0.1850737,-0.009989068,-0.02981599,0.005900275,0.9994881,-0.05971932,0.01961607,0.9980224
Fixation,13.0574,0.0347223,0.05029297,-0.05884094,-0.01614371,0.08395101,-0.007228057,-0.996313,-0.1670496,-0.03338198,0.9853832,0.1025757,0.04946935,-0.05561864,-0.00965566,0.005490985,-0.006270711,-0.9999186,-0.01085998,-0.01937861,0.9997532,0.06991664,0.05466568,-0.1850822,-0.01000545,-0.02977722,0.005925531,0.9994889,-0.05964259,0.01964778,0.9980264
Fixation,13.0697,0.03471498,0.05030739,-0.05885369,-0.01615681,0.08390757,-0.007191778,-0.9963166,-0.1669646,-0.03340149,0.985397,0.1025686,0.04947901,-0.05563742,-0.03802511,-0.09629561,-0.006031006,-0.9946079,0.1920114,-0.07447865,0.9785625,0.06990907,0.05467784,-0.185098,-0.009990491,-0.02973272,0.00589115,0.9994906,-0.05955286,0.01962048,0.9980323
Fixation,13.0801,0.03470735,0.050331,-0.05886296,-0.01618582,0.08391255,-0.007216936,-0.9963155,-0.1669731,-0.03346355,0.9853934,0.102561,0.04950619,-0.05564603,-0.03804914,-0.09629127,-0.006061069,-0.9946073,0.1920052,-0.07452065,0.9785605,0.06990127,0.05470359,-0.1851066,-0.009962881,-0.0297384,0.005917713,0.9994906,-0.05956442,0.01956364,0.9980327
Fixation,13.0913,0.03470031,0.05032063,-0.05884175,-0.006110311,-0.05182786,-0.005512637,-0.9986221,0.1035803,-0.01163237,0.9945531,0.1025543,0.04948699,-0.05563357,-0.03803907,-0.09635322,-0.005992351,-0.9946021,0.1921221,-0.07451271,0.9785382,0.06989399,0.05468845,-0.1850901,-0.009981235,-0.02967301,0.005853901,0.9994927,-0.05943278,0.01960494,0.9980398
Fixation,13.1026,0.03468771,0.05032003,-0.05884514,-0.006140244,-0.05184697,-0.005556809,-0.9986207,0.1036192,-0.01168734,0.9945484,0.1025418,0.04949212,-0.0556396,-0.04315343,-0.1860861,-0.005218346,-0.9815714,0.3657641,-0.08277422,0.9270195,0.06988078,0.05469131,-0.1850946,-0.009947791,-0.02965458,0.005895803,0.9994934,-0.05939642,0.01953583,0.9980433
Fixation,13.1130,0.03466984,0.05030775,-0.05884458,-0.006097688,-0.05184,-0.005599584,-0.9986211,0.1036053,-0.01159799,0.9945509,0.102524,0.04948616,-0.05563796,-0.04310554,-0.1860809,-0.005255231,-0.9815744,0.3657576,-0.08266678,0.9270316,0.06986261,0.05468166,-0.1850938,-0.009986727,-0.02966227,0.005941776,0.9994925,-0.05941312,0.01961082,0.9980409
Fixation,13.1245,0.03465325,0.05029774,-0.05884388,0.0002660574,-0.1719662,-0.004210454,-0.9850939,0.3388035,0.001972295,0.9408551,0.1025074,0.04948807,-0.0556333,-0.04305883,-0.1860565,-0.005335119,-0.9815806,0.3657184,-0.08254617,0.9270578,0.06984562,0.05467737,-0.1850914,-0.01001544,-0.02969175,0.006028387,0.9994907,-0.05947401,0.0196627,0.9980362
Fixation,13.1354,0.03463875,0.05026436,-0.0588005,0.0003584204,-0.1719878,-0.004265643,-0.9850898,0.3388438,0.00217343,0.9408401,0.1024931,0.04946458,-0.05559272,-0.04058461,-0.2252834,-0.004871633,-0.9734355,0.4389932,-0.076818,0.8952006,0.06983024,0.05464792,-0.1850502,-0.01009477,-0.02967036,0.006101251,0.9994901,-0.05943365,0.0198172,0.9980356
Fixation,13.1465,0.03461818,0.05026853,-0.05879582,0.0002660537,-0.171938,-0.00431056,-0.9850983,0.3387493,0.002006476,0.9408745,0.1024723,0.04947197,-0.05558139,-0.04067428,-0.2252353,-0.004923546,-0.9734426,0.4389077,-0.07697024,0.8952293,0.06981005,0.05465519,-0.1850412,-0.009995358,-0.02972138,0.006126138,0.9994895,-0.05953488,0.01961636,0.9980335
Fixation,13.1574,0.03459538,0.05026627,-0.05878972,-0.003090225,-0.2176811,-0.003923922,-0.9760072,0.4249409,-0.004323837,0.9052108,0.1024489,0.04947329,-0.05556265,-0.040678,-0.2251455,-0.004954949,-0.9734631,0.4387448,-0.07696589,0.8953096,0.06978818,0.05465496,-0.1850284,-0.009984861,-0.02981492,0.006150866,0.9994866,-0.05972207,0.01959269,0.9980227
Fixation,13.1693,0.03456731,0.05024242,-0.0587824,-0.003061615,-0.2176565,-0.003869368,-0.976013,0.4248949,-0.004291966,0.9052325,0.1024206,0.04944324,-0.05555184,-0.03688583,-0.2262428,-0.004776851,-0.9733606,0.4407839,-0.06964497,0.8949073,0.06976084,0.0546273,-0.1850197,-0.01002612,-0.02983938,0.006104706,0.9994859,-0.05977049,0.01967761,0.9980182
Fixation,13.1802,0.03461979,0.05016017,-0.05876642,-0.003250606,-0.2174515,-0.003923574,-0.9760579,0.424516,-0.004639184,0.9054086,0.1024717,0.04936123,-0.05550778,-0.03707401,-0.2260384,-0.004839798,-0.9734006,0.4404108,-0.06998777,0.8950643,0.06981583,0.05454838,-0.1849872,-0.009830257,-0.0300499,0.006107694,0.9994814,-0.06018871,0.01928325,0.9980007
Fixation,13.1912,0.03459539,0.05012476,-0.0587669,-0.009655679,-0.2184212,-0.00414996,-0.975798,0.4263501,-0.01703111,0.9043979,0.1024473,0.04932857,-0.05550763,-0.03717034,-0.2260332,-0.004888605,-0.9733979,0.4404039,-0.07015309,0.8950547,0.06979128,0.05451596,-0.1849864,-0.009724661,-0.03005664,0.006130025,0.9994821,-0.06020137,0.01907075,0.9980041
Fixation,13.2031,0.03458759,0.05007875,-0.05875142,-0.009899491,-0.2182516,-0.004297617,-0.9758329,0.4260392,-0.01744458,0.9045365,0.1024386,0.04929292,-0.05546903,-0.03741269,-0.2258663,-0.00504288,-0.9734266,0.4401058,-0.07055899,0.8951694,0.06978485,0.05447972,-0.1849563,-0.00945266,-0.03023257,0.006209208,0.9994789,-0.06055102,0.01852003,0.9979933
Fixation,13.2137,0.03459833,0.05007422,-0.05870786,-0.0098904,-0.2183127,-0.004175886,-0.9758198,0.4261504,-0.0174792,0.9044834,0.1042864,0.04940808,-0.05446768,-0.03693322,-0.2074978,-0.005105224,-0.9775247,0.4060456,-0.07008762,0.9111612,0.06979583,0.05446649,-0.1849175,-0.009491327,-0.03016762,0.0060948,0.9994812,-0.06041963,0.01860508,0.9979997
Fixation,13.2256,0.03460816,0.05007589,-0.05866217,-0.01522597,-0.2183784,-0.004203133,-0.9757364,0.4262874,-0.02787731,0.9041581,0.1042965,0.04939008,-0.05443079,-0.03698928,-0.207554,-0.004971734,-0.9775113,0.4061407,-0.07025108,0.9111062,0.06980611,0.05445874,-0.184876,-0.009467862,-0.03010354,0.005954667,0.9994842,-0.06028878,0.01856744,0.9980083
Fixation,13.2380,0.03462241,0.05007803,-0.05863031,-0.01530376,-0.2185186,-0.004032855,-0.9757045,0.4265426,-0.02810138,0.9040309,0.1043118,0.04936659,-0.05441944,-0.03789256,-0.1972047,-0.004933636,-0.9796174,0.3867441,-0.07229455,0.919349,0.06982011,0.05444849,-0.1848541,-0.009433839,-0.02995542,0.005774123,0.9994901,-0.05998923,0.01851213,0.9980273
Fixation,13.2510,0.03464394,0.05006731,-0.05859327,-0.01776282,-0.2189991,-0.004053075,-0.975555,0.4274353,-0.03288198,0.9034477,0.1043343,0.04934597,-0.05440042,-0.03799408,-0.1973276,-0.004882479,-0.9795889,0.3869708,-0.07251026,0.9192365,0.06984062,0.05443418,-0.1848254,-0.009345267,-0.02982696,0.005707339,0.9994951,-0.05973048,0.01834063,0.998046
Fixation,13.2604,0.03466699,0.0500524,-0.0585675,-0.01779591,-0.2190685,-0.004080396,-0.9755387,0.4275649,-0.03293343,0.9033846,0.104358,0.04933369,-0.0543846,-0.03802784,-0.1973977,-0.004907619,-0.9795734,0.3871043,-0.07256462,0.9191761,0.06986259,0.05442131,-0.1848043,-0.009305986,-0.02975645,0.005727555,0.9994975,-0.05958959,0.01826175,0.9980559
Fixation,13.2729,0.03466974,0.05005777,-0.058548,-0.01787913,-0.2190497,-0.004170804,-0.975541,0.427533,-0.03305643,0.9033951,0.1043606,0.04934788,-0.05436244,-0.03808989,-0.1888585,-0.005084036,-0.9812521,0.3710229,-0.07283125,0.9257632,0.069865,0.05443275,-0.1847825,-0.009203056,-0.0297778,0.005793948,0.9994974,-0.05963232,0.0180518,0.9980572
Fixation,13.2857,0.0346561,0.050071,-0.05855945,-0.0180056,-0.2191327,-0.004162116,-0.9755201,0.4276866,-0.03330554,0.9033133,0.1043477,0.04935539,-0.05438608,-0.03821609,-0.1889412,-0.00506974,-0.9812315,0.3711776,-0.0730819,0.9256815,0.06985058,0.05444527,-0.1847989,-0.009082148,-0.02969198,0.005756534,0.9995013,-0.05945892,0.01781339,0.9980718
Fixation,13.2949,0.03467463,0.05004942,-0.05855158,-0.01797226,-0.2194274,-0.00432209,-0.9754537,0.4282378,-0.03316544,0.9030573,0.1043666,0.04935741,-0.05438119,-0.03817505,-0.1889687,-0.005232972,-0.9812269,0.371242,-0.07293904,0.9256669,0.06986736,0.05443549,-0.1847926,-0.009086399,-0.02967203,0.005925923,0.9995009,-0.05942214,0.01781206,0.998074
Fixation,13.3025,0.03467623,0.05005264,-0.05855514,-0.01797205,-0.2194491,-0.004428169,-0.9754484,0.4282818,-0.0331181,0.9030381,0.1043685,0.04937494,-0.05438765,-0.03809505,-0.1820754,-0.005406673,-0.9825315,0.3582015,-0.07289033,0.9307947,0.06986779,0.05444622,-0.1847975,-0.009060119,-0.02965258,0.006029306,0.999501,-0.05938482,0.01775363,0.9980773
Fixation,13.3135,0.03465142,0.05008435,-0.05856573,-0.01798549,-0.2194506,-0.004344013,-0.9754482,0.4282817,-0.03318124,0.9030359,0.1043436,0.04939473,-0.05439865,-0.03810527,-0.1820752,-0.005322054,-0.9825315,0.3581949,-0.07294124,0.9307932,0.06984369,0.05447185,-0.1848083,-0.009067987,-0.02964873,0.005944526,0.9995016,-0.05937571,0.01777444,0.9980775
Fixation,13.3244,0.03462224,0.05010927,-0.05857613,-0.01789247,-0.2195733,-0.004272294,-0.9754226,0.4285064,-0.03302927,0.9029348,0.1043147,0.04941285,-0.05441361,-0.03804095,-0.1821064,-0.005253978,-0.9825287,0.3582493,-0.07283908,0.9307803,0.06981456,0.054492,-0.1848217,-0.009144999,-0.02961435,0.005893128,0.9995022,-0.05930701,0.01793185,0.9980787
Fixation,13.3358,0.03464829,0.05009556,-0.0585833,-0.01757571,-0.21959,-0.004260301,-0.9754246,0.4285368,-0.03241653,0.9029427,0.1043409,0.04940975,-0.0544224,-0.03772418,-0.1821247,-0.00525378,-0.9825375,0.3582852,-0.07221715,0.9308149,0.06983992,0.05447853,-0.1848326,-0.009454748,-0.02959832,0.005960609,0.9994994,-0.05927972,0.01854718,0.9980691
Fixation,13.3466,0.0346024,0.05012357,-0.05861147,-0.01760701,-0.2195086,-0.004171162,-0.9754428,0.428383,-0.03251806,0.903012,0.1042942,0.04942441,-0.0544392,-0.03799755,-0.1773835,-0.005221451,-0.9833941,0.3492727,-0.07288074,0.9341825,0.06979588,0.05449998,-0.184855,-0.009447074,-0.02967916,0.005864229,0.9994977,-0.0594393,0.01853656,0.9980598
Fixation,13.3579,0.03455878,0.05012619,-0.05863781,-0.0175958,-0.2186888,-0.004206417,-0.975627,0.4268654,-0.03249409,0.9037312,0.1042503,0.04943848,-0.05445796,-0.03777007,-0.177336,-0.0052526,-0.9834114,0.3491853,-0.07242408,0.9342507,0.06975231,0.05450475,-0.1848796,-0.009663804,-0.02973067,0.005939275,0.9994936,-0.05954602,0.01896466,0.9980454
Fixation,13.3691,0.03450468,0.05011821,-0.05866802,-0.01749921,-0.2185864,-0.004306633,-0.9756512,0.4266789,-0.03226351,0.9038275,0.1041954,0.04944742,-0.05447311,-0.03714162,-0.1737089,-0.005381156,-0.9840817,0.3422872,-0.07123127,0.9368914,0.06969852,0.05450392,-0.1849028,-0.00973324,-0.02983868,0.006057322,0.999489,-0.05976478,0.01909505,0.9980298
Fixation,13.3801,0.03445955,0.05007339,-0.05862353,-0.01748148,-0.2184111,-0.004435028,-0.9756902,0.4263582,-0.03217569,0.903982,0.1041489,0.04942,-0.05440329,-0.03712943,-0.1735345,-0.005513699,-0.9841122,0.3419643,-0.07116541,0.9370143,0.06965455,0.05446815,-0.1848455,-0.009719757,-0.03002173,0.006181075,0.9994829,-0.06013257,0.01905833,0.9980084
Fixation,13.3943,0.03440005,0.05006146,-0.05864663,-0.01812535,-0.217822,-0.004578003,-0.9758095,0.4252715,-0.0333794,0.9044501,0.1040877,0.04942191,-0.05439661,-0.03718539,-0.173327,-0.005636245,-0.9841459,0.3415773,-0.07123788,0.93715,0.06959681,0.05446446,-0.1848528,-0.009641791,-0.03023739,0.006279644,0.9994765,-0.06056422,0.01889373,0.9979855
Fixation,13.4094,0.03434889,0.05004442,-0.05867148,-0.0181451,-0.2177069,-0.004619883,-0.9758346,0.4250595,-0.03340168,0.9045489,0.1040356,0.04940939,-0.054405,-0.03610316,-0.1707893,-0.005672112,-0.9846296,0.336738,-0.06915902,0.9390551,0.06954682,0.05445027,-0.1848691,-0.009613042,-0.03035627,0.006311988,0.999473,-0.06080191,0.01883273,0.9979722
Fixation,13.4161,0.03434248,0.04998732,-0.05868552,-0.01820253,-0.2176513,-0.004637533,-0.9758459,0.4249571,-0.033507,0.9045932,0.1040287,0.04935217,-0.0544112,-0.03616123,-0.1707332,-0.005688001,-0.9846371,0.3366319,-0.06926911,0.9390851,0.06954108,0.05439413,-0.1848786,-0.009553384,-0.03041341,0.006313281,0.9994718,-0.06091532,0.01871266,0.9979675
Fixation,13.4247,0.03430627,0.04998565,-0.05869753,-0.01824382,-0.2208323,-0.004621184,-0.9751302,0.4308491,-0.03353919,0.9018005,0.1039918,0.04935205,-0.05441074,-0.03618214,-0.1706453,-0.00570742,-0.9846515,0.3364652,-0.06930571,0.9391421,0.06950587,0.05439353,-0.1848841,-0.009529707,-0.03050333,0.006323978,0.9994692,-0.06109481,0.01866349,0.9979575
Fixation,13.4355,0.03426979,0.04999602,-0.05871518,-0.01820354,-0.2208781,-0.00464035,-0.9751205,0.4309345,-0.03345139,0.901763,0.1039557,0.04936671,-0.05443479,-0.03735613,-0.1725985,-0.005744111,-0.9842669,0.3401951,-0.07155396,0.9376286,0.06946857,0.05440557,-0.1849053,-0.009563607,-0.03045721,0.006353935,0.9994701,-0.06100367,0.01873003,0.9979618
Fixation,13.4470,0.03424973,0.05001593,-0.05873039,-0.01817609,-0.2207558,-0.004594221,-0.9751489,0.4307065,-0.03342039,0.9018731,0.1039345,0.04938126,-0.05443256,-0.03732622,-0.1724743,-0.005701778,-0.9842901,0.3399552,-0.07151283,0.9377187,0.06945041,0.05442214,-0.184912,-0.009602547,-0.0305813,0.006312613,0.9994662,-0.0612512,0.01880875,0.9979451
Fixation,13.4582,0.03424781,0.05004251,-0.0587,-0.01925163,-0.2296606,-0.00448622,-0.97307,0.4471244,-0.03540575,0.8937708,0.1039326,0.04940081,-0.0544023,-0.03736005,-0.1724731,-0.005658628,-0.9842892,0.3399496,-0.07159427,0.9377145,0.06944891,0.05444562,-0.1848815,-0.00957813,-0.03058032,0.006263502,0.9994668,-0.06124801,0.01876297,0.9979462
Fixation,13.4689,0.03422773,0.05003798,-0.05873498,-0.01913539,-0.2297046,-0.004471199,-0.973062,0.4472049,-0.03518574,0.8937392,0.1039129,0.04939902,-0.05444333,-0.03815913,-0.1746503,-0.005654328,-0.9838746,0.3440995,-0.07311254,0.9360823,0.06942818,0.0544405,-0.1849206,-0.009693985,-0.03053521,0.006280448,0.999467,-0.06115964,0.01899409,0.9979473
Fixation,13.4802,0.0342207,0.05004287,-0.05874693,-0.01912334,-0.2297094,-0.004542277,-0.9730608,0.4472162,-0.03512954,0.8937358,0.103906,0.04941404,-0.05445577,-0.03815109,-0.1746564,-0.005725865,-0.9838734,0.3441165,-0.07307158,0.9360793,0.06942046,0.05445063,-0.1849328,-0.009687167,-0.03053248,0.006352331,0.9994667,-0.06115546,0.01897609,0.9979479
Fixation,13.4912,0.0342291,0.0500567,-0.05872785,-0.02039795,-0.2403988,-0.004418886,-0.9704499,0.4667702,-0.03746579,0.8835847,0.1039139,0.04942465,-0.05442981,-0.03808222,-0.174608,-0.005687664,-0.9838849,0.3440215,-0.07295082,0.9361236,0.0694297,0.0544616,-0.1849109,-0.009762871,-0.03058034,0.00632668,0.9994646,-0.06125147,0.01912834,0.9979391
Fixation,13.5022,0.03422964,0.05008757,-0.05872031,-0.02039173,-0.2404084,-0.004369466,-0.9704478,0.4667858,-0.0374773,0.8835759,0.1039145,0.04944921,-0.05442376,-0.03907106,-0.1752266,-0.005662249,-0.9837363,0.3451959,-0.0748869,0.9355382,0.06943052,0.0544889,-0.1849043,-0.009782129,-0.03056896,0.006281101,0.999465,-0.06122811,0.01916978,0.9979397
Fixation,13.5139,0.03423115,0.05009365,-0.05873436,-0.0204777,-0.2404483,-0.004332835,-0.9704363,0.466857,-0.03766096,0.8835305,0.1039163,0.04944694,-0.05444385,-0.03915448,-0.175266,-0.005619217,-0.9837263,0.3452675,-0.07506488,0.9354975,0.06943198,0.05449212,-0.1849207,-0.009708902,-0.03052625,0.006223911,0.9994674,-0.06114084,0.01902748,0.9979478
Fixation,13.5246,0.0342413,0.05008912,-0.05874662,-0.01939652,-0.2466552,-0.004118486,-0.9689004,0.4781284,-0.03555489,0.87757,0.1039273,0.04942369,-0.05447321,-0.0392515,-0.1753804,-0.005499969,-0.9837027,0.3454761,-0.07529443,0.9354021,0.06944177,0.05447936,-0.1849409,-0.009637328,-0.03040361,0.006093182,0.9994727,-0.06089261,0.01889398,0.9979655
Fixation,13.5356,0.03428098,0.0500412,-0.05874328,-0.01943547,-0.2466892,-0.004083836,-0.9688911,0.4781888,-0.03564684,0.8775334,0.1039672,0.04936957,-0.05447494,-0.03949753,-0.1769746,-0.00545151,-0.9834075,0.348507,-0.07575477,0.9342399,0.06948137,0.05442882,-0.1849398,-0.009609176,-0.03036722,0.006050182,0.9994743,-0.06081879,0.01884079,0.997971
Fixation,13.5468,0.03429397,0.05002344,-0.05874945,-0.01946107,-0.2466905,-0.004077685,-0.9688903,0.4781907,-0.03569943,0.8775302,0.1039802,0.04935002,-0.05448138,-0.03952261,-0.1769756,-0.005443524,-0.9834063,0.3485081,-0.07580683,0.9342352,0.06949445,0.05441046,-0.1849459,-0.009586253,-0.03036562,0.00603725,0.9994746,-0.06081508,0.01879578,0.9979721
Fixation,13.5577,0.03428517,0.05002332,-0.05876395,-0.01987792,-0.2498471,-0.004165349,-0.9680723,0.4839057,-0.03640513,0.8743626,0.103972,0.04936457,-0.05450289,-0.03953051,-0.1770289,-0.005551853,-0.9833958,0.3486179,-0.0757826,0.9341962,0.06948408,0.05441821,-0.1849637,-0.00955564,-0.0303168,0.006144147,0.9994758,-0.06071924,0.01872872,0.9979792
Fixation,13.5692,0.03430262,0.05001605,-0.05875489,-0.0198007,-0.2498008,-0.004187134,-0.9680857,0.4838231,-0.03624565,0.874415,0.1039891,0.04936326,-0.05448692,-0.03945503,-0.1769828,-0.005580256,-0.983407,0.3485325,-0.07562549,0.9342408,0.0695018,0.05441272,-0.1849518,-0.009624096,-0.03036561,0.006185171,0.9994734,-0.06081828,0.01886242,0.9979706
Fixation,13.5798,0.0343153,0.04999197,-0.05873889,-0.01961056,-0.2498224,-0.004165415,-0.9680842,0.4838616,-0.03588811,0.8744084,0.104002,0.04934454,-0.05447359,-0.04070121,-0.1777967,-0.005606954,-0.9832092,0.3500791,-0.07804181,0.9334635,0.06951398,0.05438828,-0.1849389,-0.009812611,-0.0303438,0.006218019,0.999472,-0.0607776,0.0192375,0.9979659
Fixation,13.5916,0.03432055,0.05001116,-0.0587476,-0.01961079,-0.2524971,-0.004253291,-0.9673896,0.488693,-0.03579466,0.8717212,0.1040073,0.04937482,-0.05448217,-0.04082781,-0.1777973,-0.005719605,-0.9832032,0.3500887,-0.07825022,0.9334425,0.06951848,0.05441546,-0.1849462,-0.009665277,-0.03034784,0.006301865,0.9994728,-0.0607855,0.01893787,0.9979712
Fixation,13.6023,0.03431874,0.05001712,-0.05875462,-0.01966116,-0.2525285,-0.00424584,-0.9673803,0.4887492,-0.03589524,0.8716856,0.1040058,0.0493778,-0.05449386,-0.04087753,-0.1778287,-0.005707645,-0.9831955,0.3501474,-0.07835124,0.933412,0.06951644,0.05442059,-0.1849551,-0.009618785,-0.03031491,0.006281499,0.9994744,-0.06071879,0.01884661,0.997977
Fixation,13.6138,0.03435448,0.05001485,-0.05873243,-0.01969971,-0.2525223,-0.004232535,-0.9673813,0.4887375,-0.03597664,0.8716888,0.1040414,0.04937208,-0.05447089,-0.04137087,-0.17775,-0.005706052,-0.9831892,0.3499959,-0.07932229,0.9333867,0.06955244,0.05441725,-0.1849322,-0.009585586,-0.03032075,0.006257692,0.9994746,-0.0607296,0.01878162,0.9979776
Fixation,13.6245,0.0343639,0.050017,-0.05873044,-0.01964276,-0.2545651,-0.004205695,-0.966847,0.4924163,-0.03584184,0.8696215,0.104051,0.04937196,-0.0544713,-0.04142172,-0.1777656,-0.00570088,-0.9831842,0.350025,-0.07942351,0.9333673,0.06956178,0.05441904,-0.184931,-0.009536736,-0.03030418,0.006242923,0.9994757,-0.06069566,0.0186851,0.9979814
Fixation,13.6359,0.0343751,0.05002081,-0.05873239,-0.01965887,-0.2545797,-0.004201863,-0.9668428,0.4924423,-0.03587466,0.8696054,0.1040623,0.04937458,-0.05447539,-0.04143751,-0.1777802,-0.005695471,-0.9831809,0.3500523,-0.07945607,0.9333543,0.06957285,0.0544225,-0.1849339,-0.009522248,-0.03028897,0.006235126,0.9994764,-0.06066496,0.01865681,0.9979838
Fixation,13.6470,0.03438386,0.05003679,-0.05874658,-0.01962102,-0.2545804,-0.0042221,-0.9668434,0.4924444,-0.03579117,0.8696077,0.1040711,0.04939485,-0.05448955,-0.04180936,-0.1781585,-0.005726825,-0.9830965,0.3507729,-0.08016471,0.933023,0.06958135,0.05444026,-0.1849484,-0.009552811,-0.03028905,0.006265278,0.9994759,-0.06066605,0.01871607,0.9979826
Fixation,13.6580,0.03440453,0.05003667,-0.05874439,-0.01973516,-0.2558232,-0.004174043,-0.9665132,0.4946777,-0.03601294,0.8683301,0.1040915,0.04939175,-0.05448303,-0.04175361,-0.1781279,-0.005693001,-0.9831046,0.3507122,-0.08006817,0.9330541,0.06960262,0.05443752,-0.1849446,-0.009614711,-0.03031883,0.006242201,0.9994745,-0.06072583,0.0188408,0.9979767
Fixation,13.6691,0.03441608,0.0500592,-0.05875633,-0.01964327,-0.2558357,-0.004150384,-0.9665118,0.4946996,-0.03584727,0.8683245,0.1041031,0.04941523,-0.0544966,-0.04200654,-0.1787261,-0.005680511,-0.9829854,0.3518476,-0.08055312,0.9325848,0.06961401,0.05445886,-0.1849582,-0.009709446,-0.03030572,0.006246091,0.999474,-0.06070085,0.01903009,0.9979746
Fixation,13.6802,0.03442936,0.05008399,-0.05876223,-0.01952865,-0.2557777,-0.004065024,-0.9665298,0.4945924,-0.03567056,0.8683928,0.1041158,0.04943359,-0.05449405,-0.04188546,-0.1786662,-0.00560582,-0.9830018,0.3517279,-0.08034382,0.932648,0.06962849,0.05447829,-0.1849611,-0.009844125,-0.03036378,0.006195173,0.9994712,-0.06081743,0.01930162,0.9979623
Fixation,13.6911,0.03445294,0.05010819,-0.05876236,-0.01952237,-0.2557592,-0.004014392,-0.966535,0.4945572,-0.03568466,0.8684122,0.1041392,0.04945135,-0.05449159,-0.04187515,-0.1786463,-0.005556279,-0.9830062,0.3516861,-0.08034185,0.9326639,0.06965273,0.05449891,-0.1849601,-0.009864734,-0.03038148,0.006147884,0.9994708,-0.0608521,0.01934546,0.9979593
Fixation,13.7020,0.03448368,0.05011845,-0.05876322,-0.01930776,-0.256834,-0.003968714,-0.9662545,0.4964873,-0.03527383,0.867327,0.1041702,0.04945898,-0.05449658,-0.04161488,-0.1785058,-0.005524636,-0.9830429,0.3514176,-0.07984607,0.9328077,0.06968328,0.05450726,-0.1849633,-0.009896236,-0.0303512,0.006129122,0.9994715,-0.06079164,0.01940996,0.9979618
Fixation,13.7135,0.03450577,0.05011833,-0.05876999,-0.01929857,-0.2568448,-0.003960066,-0.9662519,0.4965064,-0.03526031,0.8673166,0.1041923,0.04945827,-0.05450492,-0.04160507,-0.1785168,-0.005516509,-0.9830414,0.3514377,-0.07982943,0.9328015,0.06970527,0.05450666,-0.184971,-0.009907437,-0.03033979,0.006123799,0.9994718,-0.06076887,0.01943282,0.9979627
Fixation,13.7245,0.03452573,0.05012536,-0.05878059,-0.02000608,-0.2577646,-0.003988479,-0.9659924,0.4981569,-0.03659527,0.8663143,0.1042126,0.04946399,-0.05452016,-0.04169834,-0.1785479,-0.005528358,-0.9830317,0.3514976,-0.08000743,0.9327638,0.06972486,0.05451465,-0.1849831,-0.009813357,-0.03030794,0.006117618,0.9994737,-0.06070404,0.01924556,0.9979703
Fixation,13.7359,0.0345536,0.050125,-0.05877983,-0.02003253,-0.2577801,-0.003949346,-0.9659879,0.4981831,-0.03666624,0.8662963,0.1042405,0.04945731,-0.05452179,-0.04185203,-0.1788941,-0.00548718,-0.9829625,0.3521517,-0.08031471,0.9324906,0.0697529,0.05451143,-0.1849834,-0.009799107,-0.03029059,0.006073047,0.9994746,-0.06066837,0.01922001,0.9979729
Fixation,13.7471,0.03458524,0.05014002,-0.05877705,-0.01992023,-0.2578067,-0.003880373,-0.9659834,0.4982286,-0.03648445,0.8662778,0.1042724,0.04946816,-0.0545227,-0.0417347,-0.1789206,-0.005426932,-0.982963,0.3521976,-0.08010534,0.9324913,0.06978454,0.05452216,-0.1849837,-0.00992628,-0.0302617,0.006040037,0.9994745,-0.0606115,0.01947656,0.9979714
Fixation,13.7579,0.03460923,0.05017257,-0.0587819,-0.01947241,-0.2585093,-0.003821858,-0.9658049,0.499488,-0.03563714,0.8655875,0.1042966,0.04950023,-0.05453241,-0.04162543,-0.178956,-0.005394452,-0.9829614,0.3522627,-0.07990165,0.9324841,0.06980817,0.05455256,-0.184992,-0.01003967,-0.03022504,0.006032937,0.9994745,-0.06053946,0.01970409,0.9979713
Fixation,13.7690,0.03463216,0.05019701,-0.05879121,-0.01944738,-0.258548,-0.003760596,-0.9657953,0.4995551,-0.03561978,0.8655495,0.1043198,0.04951775,-0.05454737,-0.0413233,-0.1794242,-0.005321613,-0.9828891,0.353148,-0.0793228,0.9321987,0.06983105,0.05457282,-0.1850046,-0.01008094,-0.03018335,0.005982681,0.9994757,-0.06045567,0.01979016,0.9979747
Fixation,13.7798,0.03469129,0.05019259,-0.05875176,-0.01939174,-0.2586061,-0.003684737,-0.9657812,0.4996568,-0.03555056,0.8654937,0.1043794,0.04950595,-0.05451634,-0.04126194,-0.1794823,-0.005249229,-0.9828815,0.3532528,-0.07922692,0.9321671,0.06988992,0.05456352,-0.1849701,-0.01015558,-0.03012124,0.005927845,0.9994771,-0.06033139,0.01994342,0.9979792
Fixation,13.7911,0.03471844,0.05021131,-0.0587574,-0.01961108,-0.2589011,-0.003715186,-0.9656976,0.5001861,-0.03595301,0.8651713,0.1044064,0.04952645,-0.05451909,-0.04130802,-0.1794617,-0.005274892,-0.9828832,0.3532157,-0.07930864,0.9321743,0.06991719,0.05458379,-0.1849738,-0.01010531,-0.03014297,0.005942214,0.9994769,-0.06037451,0.01984181,0.9979786
Fixation,13.8030,0.03473395,0.05022287,-0.05876682,-0.01959072,-0.2589486,-0.003673336,-0.9656854,0.5002698,-0.03593454,0.8651236,0.1044223,0.04953349,-0.0545354,-0.04128451,-0.1795094,-0.005233792,-0.9828757,0.3533031,-0.07927606,0.9321439,0.06993239,0.05459273,-0.1849869,-0.01013645,-0.03009267,0.005909484,0.9994782,-0.06027374,0.01990666,0.9979834
Fixation,13.8137,0.03473263,0.05021667,-0.05875595,-0.01952003,-0.2589818,-0.003690025,-0.9656779,0.5003302,-0.03578882,0.8650948,0.1044213,0.04953265,-0.05452909,-0.0410104,-0.1796115,-0.005248557,-0.9828684,0.3534994,-0.07873026,0.9321157,0.06993034,0.0545882,-0.184979,-0.01019909,-0.03005928,0.005946829,0.9994784,-0.06020851,0.02003003,0.9979848
Fixation,13.8244,0.03473042,0.05021441,-0.05875502,-0.01988671,-0.2593628,-0.003699284,-0.9655681,0.501012,-0.03648504,0.8646709,0.1044189,0.04952753,-0.05452609,-0.0410919,-0.179595,-0.00524762,-0.9828681,0.3534677,-0.07889093,0.9321142,0.06992847,0.05458581,-0.1849763,-0.01011968,-0.03007523,0.005928039,0.9994788,-0.0602391,0.01987223,0.9979861
Fixation,13.8356,0.03473698,0.05021513,-0.05877166,-0.01991605,-0.2593714,-0.003723416,-0.9655651,0.5010282,-0.03652899,0.8646597,0.1044256,0.04953015,-0.05454399,-0.04112311,-0.179604,-0.005269084,-0.982865,0.3534862,-0.07894424,0.9321026,0.06993479,0.05458796,-0.1849932,-0.01008455,-0.03006698,0.00594295,0.9994794,-0.06022251,0.01980122,0.9979886
Fixation,13.8470,0.0347463,0.0502187,-0.05878516,-0.01996856,-0.259305,-0.003727957,-0.9655818,0.5009093,-0.03662921,0.8647243,0.1044343,0.04953182,-0.05454805,-0.04116578,-0.1798073,-0.005267448,-0.9828261,0.3538722,-0.07902335,0.9319494,0.06994504,0.05459154,-0.1850015,-0.01003351,-0.0301354,0.005930091,0.9994779,-0.06035833,0.01969912,0.9979824
Fixation,13.8580,0.03474754,0.05020404,-0.05878405,-0.02050077,-0.2599753,-0.003764462,-0.9653903,0.5021096,-0.03762515,0.8639852,0.1044355,0.04951966,-0.05454485,-0.04119768,-0.1797929,-0.005294593,-0.9828272,0.3538469,-0.07907654,0.9319546,0.0699463,0.05457878,-0.1849989,-0.009996741,-0.03015108,0.00594918,0.9994777,-0.06038961,0.01962429,0.997982
Fixation,13.8691,0.03474889,0.05020595,-0.05879848,-0.0204728,-0.259974,-0.003753231,-0.9653913,0.5021069,-0.03757704,0.8639888,0.1044368,0.04952133,-0.05455906,-0.0411689,-0.1797916,-0.005285727,-0.9828287,0.3538439,-0.07902329,0.9319602,0.06994769,0.05457997,-0.1850135,-0.01002678,-0.0301522,0.005946471,0.9994773,-0.06039213,0.01968448,0.9979806
Fixation,13.8798,0.03475315,0.05022061,-0.05882224,-0.02046719,-0.259923,-0.003797281,-0.965405,0.5020174,-0.03754426,0.8640422,0.1044407,0.04954195,-0.05457534,-0.04109364,-0.1802653,-0.005323131,-0.9827449,0.3547471,-0.07884998,0.9316314,0.06995225,0.05459774,-0.1850335,-0.01001986,-0.03020631,0.00598862,0.9994755,-0.06050094,0.01966741,0.9979743
Fixation,13.8908,0.03475886,0.0502255,-0.058841,-0.02053617,-0.2598792,-0.003767888,-0.9654154,0.5019375,-0.03769348,0.8640822,0.1044461,0.04954457,-0.05459071,-0.04104236,-0.1802414,-0.005294537,-0.9827515,0.3546996,-0.07876029,0.9316571,0.06995843,0.0546006,-0.1850511,-0.01007627,-0.03022961,0.005970197,0.9994743,-0.06054775,0.019781,0.9979693
Fixation,13.9027,0.03476084,0.05022359,-0.05884951,-0.02044854,-0.2599089,-0.003755278,-0.9654093,0.5019906,-0.03753037,0.8640584,0.1044484,0.04954493,-0.0546033,-0.04095414,-0.180272,-0.0052885,-0.9827496,0.3547576,-0.07858859,0.9316496,0.06995994,0.05459833,-0.1850624,-0.01016357,-0.03019902,0.005984385,0.9994743,-0.06048794,0.01995502,0.9979694
Fixation,13.9133,0.03476888,0.050228,-0.0588736,-0.02047104,-0.2598925,-0.003695493,-0.9654135,0.5019587,-0.03760518,0.8640736,0.1044562,0.0495404,-0.05462523,-0.04080068,-0.1808923,-0.005215127,-0.9826424,0.3559304,-0.0782982,0.9312266,0.06996872,0.05459845,-0.1850854,-0.01015944,-0.03021402,0.005920157,0.9994743,-0.06051656,0.01995045,0.9979678
Fixation,13.9247,0.03477674,0.05024385,-0.05889306,-0.02027495,-0.2601126,-0.003698166,-0.9653583,0.5023538,-0.03722129,0.8638607,0.1044641,0.04955697,-0.05464496,-0.04082302,-0.180894,-0.005225102,-0.9826411,0.3559344,-0.07833837,0.9312217,0.06997651,0.0546149,-0.1851048,-0.01013546,-0.03021256,0.005925289,0.9994746,-0.06051349,0.01990224,0.997969
Fixation,13.9353,0.03478632,0.05023718,-0.05888221,-0.02033093,-0.2601324,-0.003652409,-0.965352,0.5023872,-0.03735279,0.8638356,0.1044738,0.04954171,-0.05463719,-0.04087515,-0.1809129,-0.005174545,-0.9826357,0.3559659,-0.07845847,0.9311995,0.06998634,0.05460453,-0.1850951,-0.01009492,-0.03019041,0.005865954,0.999476,-0.0604676,0.01982506,0.9979733
Fixation,13.9464,0.03480417,0.05026948,-0.05889221,-0.02041201,-0.2601012,-0.003687742,-0.9653586,0.5023324,-0.03749144,0.8638614,0.1044914,0.04957497,-0.05464284,-0.04069989,-0.1809663,-0.005195121,-0.9826331,0.3560698,-0.07810584,0.9311895,0.07000447,0.05463898,-0.185102,-0.01000734,-0.03022323,0.005875343,0.9994758,-0.06053236,0.01964905,0.9979728
Fixation,13.9580,0.03481054,0.05028045,-0.05890806,-0.02045875,-0.2602013,-0.003614164,-0.9653309,0.5025086,-0.03761812,0.8637534,0.1044979,0.04957771,-0.05466286,-0.04065613,-0.180994,-0.005122581,-0.9826302,0.3561169,-0.07804558,0.9311765,0.070011,0.0546447,-0.1851205,-0.01006516,-0.03019177,0.005815162,0.9994766,-0.060469,0.01976865,0.9979743
Fixation,13.9690,0.03481908,0.05029893,-0.0589163,-0.0204435,-0.2602477,-0.003621837,-0.9653186,0.502592,-0.03758383,0.8637064,0.1045069,0.0495981,-0.05467773,-0.04064171,-0.1810415,-0.005130506,-0.982622,0.3562078,-0.07801321,0.9311445,0.07001884,0.0546639,-0.1851322,-0.01007715,-0.0301441,0.005828387,0.9994777,-0.06037417,0.0197924,0.9979796
Fixation,13.9800,0.03485286,0.05025113,-0.05889654,-0.0204445,-0.2602353,-0.003547603,-0.9653223,0.5025669,-0.03762463,0.8637192,0.1045405,0.0495404,-0.05465636,-0.04036377,-0.1810472,-0.005048321,-0.9826328,0.3562135,-0.07749756,0.9311853,0.0700534,0.05461085,-0.1851118,-0.01009777,-0.0301547,0.005756677,0.9994777,-0.06039415,0.01983781,0.9979774
Fixation,13.9913,0.03486199,0.05025935,-0.05889997,-0.0205924,-0.260393,-0.00356687,-0.9652765,0.5028495,-0.03789715,0.8635429,0.1045498,0.04955292,-0.05466229,-0.04031439,-0.1810667,-0.005066946,-0.9826311,0.356252,-0.07739346,0.9311792,0.07006205,0.0546205,-0.1851169,-0.01014197,-0.03013632,0.005786244,0.9994776,-0.06035852,0.01992459,0.9979779
Fixation,14.0022,0.0348688,0.05026555,-0.05890626,-0.02060888,-0.2604666,-0.003543702,-0.9652564,0.5029802,-0.03793967,0.8634648,0.1045572,0.04955542,-0.05467931,-0.04052425,-0.1814102,-0.005043838,-0.9825593,0.3569013,-0.07780495,0.9308962,0.07006813,0.05462503,-0.1851286,-0.01013227,-0.03005931,0.005761669,0.9994802,-0.06020412,0.01990761,0.9979876
Fixation,14.0134,0.03487016,0.05024862,-0.05889639,-0.020641,-0.2605215,-0.003574638,-0.9652408,0.5030796,-0.03798453,0.863405,0.1045591,0.04954147,-0.05467737,-0.04055893,-0.1814665,-0.005070942,-0.9825473,0.3570101,-0.07786173,0.9308498,0.07006858,0.05461025,-0.1851223,-0.01009209,-0.03000328,0.005783734,0.9994821,-0.06009221,0.01982666,0.9979959
Fixation,14.0248,0.03487581,0.050228,-0.05888972,-0.02071538,-0.2607403,-0.003549418,-0.9651802,0.5034699,-0.03813719,0.8631707,0.1045649,0.04951692,-0.05467431,-0.04057177,-0.1814906,-0.0050446,-0.9825425,0.3570538,-0.07789588,0.9308302,0.07007416,0.05458772,-0.1851174,-0.01008485,-0.02997729,0.005756563,0.9994832,-0.0600397,0.01981415,0.9979993
Fixation,14.0358,0.03488401,0.05023015,-0.0588949,-0.02081203,-0.2607714,-0.003572517,-0.9651697,0.5035259,-0.03831106,0.8631303,0.1045734,0.04951787,-0.05468415,-0.04096307,-0.1815538,-0.005067493,-0.9825144,0.3571737,-0.07865357,0.9307204,0.07008196,0.05459106,-0.185124,-0.009985371,-0.02994534,0.005751686,0.9994851,-0.0599747,0.01961599,0.9980071
Fixation,14.0472,0.03488877,0.05022883,-0.05890225,-0.02090057,-0.2608221,-0.003580054,-0.9651539,0.5036166,-0.03847701,0.86307,0.1045786,0.04951394,-0.05469905,-0.04105205,-0.1816051,-0.005066766,-0.9825013,0.3572705,-0.07882708,0.9306686,0.07008619,0.05458987,-0.1851344,-0.009897982,-0.02989246,0.005734901,0.9994877,-0.05986781,0.01944296,0.998017
Fixation,14.0580,0.03490283,0.05023897,-0.05883947,-0.02131361,-0.2611165,-0.003578858,-0.9650654,0.5041414,-0.03926905,0.8627278,0.1045927,0.04952371,-0.05463729,-0.04102386,-0.1816126,-0.005057865,-0.9825011,0.3572841,-0.07877482,0.9306678,0.07010019,0.05459929,-0.1850724,-0.009927364,-0.02988468,0.005732535,0.9994876,-0.05985255,0.01950193,0.9980167
Fixation,14.0686,0.03490842,0.05025506,-0.05883004,-0.02127947,-0.2611159,-0.003562259,-0.9650663,0.50414,-0.03921187,0.8627313,0.1045983,0.04953921,-0.05462772,-0.0409885,-0.1816119,-0.005044119,-0.9825028,0.357282,-0.07871048,0.9306741,0.07010584,0.05461454,-0.1850632,-0.009964863,-0.02988495,0.00572653,0.9994873,-0.05985339,0.01957723,0.9980152
Fixation,14.0802,0.03490816,0.05027294,-0.05883668,-0.02118745,-0.2611413,-0.003610776,-0.9650613,0.5041878,-0.03900853,0.8627126,0.1045983,0.0495677,-0.05463767,-0.0410733,-0.1817366,-0.005103479,-0.9824759,0.3575229,-0.07885206,0.9305696,0.07010466,0.05463636,-0.1850722,-0.01003867,-0.02986084,0.005800418,0.9994869,-0.05980748,0.01972063,0.9980151
Fixation,14.0912,0.03490859,0.05025959,-0.05884073,-0.02115072,-0.2613734,-0.003660459,-0.9649991,0.504605,-0.03890736,0.8624732,0.104599,0.04956448,-0.05464487,-0.04100267,-0.1817626,-0.005159894,-0.9824737,0.3575771,-0.07869235,0.9305623,0.0701042,0.05462718,-0.1850784,-0.01009561,-0.02983793,0.005871725,0.9994866,-0.05976378,0.01983045,0.9980156
Fixation,14.1019,0.03490458,0.05024731,-0.05884,-0.02114999,-0.2613676,-0.003696531,-0.9650005,0.5045961,-0.03888718,0.8624793,0.104595,0.04955697,-0.05464322,-0.04100486,-0.1817575,-0.005196015,-0.9824744,0.3575702,-0.07868361,0.9305657,0.07009996,0.0546174,-0.1850772,-0.0100859,-0.02984498,0.005906255,0.9994862,-0.05977844,0.0198089,0.9980151
Fixation,14.1138,0.03490172,0.05025685,-0.05884958,-0.02112107,-0.2613355,-0.003702438,-0.9650098,0.504539,-0.03882891,0.8625153,0.1045919,0.04956841,-0.05464807,-0.04121136,-0.1818002,-0.005211037,-0.9824578,0.3576516,-0.07908209,0.9305006,0.07009742,0.05462754,-0.1850846,-0.01011216,-0.02987862,0.005919244,0.9994849,-0.05984617,0.01986018,0.99801
Fixation,14.1242,0.03490625,0.05028415,-0.0588566,-0.02132594,-0.2611632,-0.003717233,-0.9650519,0.5042307,-0.03921967,0.862678,0.1045955,0.04959965,-0.05464,-0.04113153,-0.1816959,-0.005225142,-0.9824803,0.3574552,-0.07892305,0.9305896,0.07010307,0.05465555,-0.1850847,-0.01018829,-0.02998593,0.005944374,0.9994807,-0.06006185,0.0200095,0.9979941
Fixation,14.1353,0.03491508,0.0503037,-0.05882844,-0.02132848,-0.2611323,-0.00365204,-0.9650605,0.5041727,-0.03925922,0.8627101,0.104604,0.04961038,-0.05460754,-0.04112865,-0.1816632,-0.005160599,-0.9824868,0.357388,-0.07894173,0.9306138,0.07011285,0.05467045,-0.1850545,-0.01020503,-0.03001583,0.005880266,0.99948,-0.06012047,0.02004645,0.9979898
Fixation,14.1465,0.03491974,0.05032039,-0.05883064,-0.02131956,-0.2610638,-0.003584969,-0.9650795,0.5040476,-0.03927833,0.8627823,0.104608,0.04961848,-0.0546,-0.04123906,-0.1816752,-0.005098674,-0.9824803,0.3574052,-0.07918051,0.9305869,0.07011893,0.05468225,-0.1850521,-0.01023363,-0.03008463,0.00581645,0.999478,-0.06025689,0.0201066,0.9979804
Fixation,14.1576,0.0349285,0.05029857,-0.0588568,-0.02153516,-0.26105,-0.0035564,-0.9650785,0.5040207,-0.03970945,0.8627782,0.1046162,0.04958665,-0.05461892,-0.04136603,-0.1816198,-0.005058598,-0.9824854,0.357296,-0.07944556,0.9306062,0.07012893,0.05465746,-0.1850735,-0.01011841,-0.03013773,0.005747649,0.999478,-0.06036032,0.01987981,0.9979787
Fixation,14.1687,0.03494374,0.0503006,-0.05886652,-0.02156271,-0.2610458,-0.003592109,-0.9650789,0.5040146,-0.03974402,0.8627802,0.1046315,0.04959214,-0.05462801,-0.04139635,-0.181616,-0.005092024,-0.9824847,0.3572914,-0.07949298,0.930604,0.07014398,0.05466175,-0.1850825,-0.01008172,-0.03014304,0.005773683,0.9994781,-0.06037104,0.01980485,0.9979795
Fixation,14.1797,0.03498821,0.05029428,-0.05884929,-0.02158107,-0.2610604,-0.003481815,-0.965075,0.5040359,-0.03983678,0.8627635,0.1046759,0.04957044,-0.05461322,-0.04137529,-0.181696,-0.004978666,-0.9824713,0.3574342,-0.07949087,0.9305493,0.0701892,0.05464745,-0.1850666,-0.01009599,-0.03012433,0.005663343,0.9994791,-0.06033164,0.01984026,0.9979812
Fixation,14.1909,0.03502447,0.05035794,-0.05883693,-0.02184911,-0.2615744,-0.003297728,-0.9649304,0.5049462,-0.04044054,0.8622029,0.1047124,0.04961181,-0.0546088,-0.04130645,-0.1817467,-0.004794312,-0.9824658,0.3575158,-0.07942165,0.9305239,0.07022619,0.05469811,-0.1850592,-0.01020178,-0.03006407,0.005500571,0.9994808,-0.06020915,0.02006223,0.9979842
Fixation,14.2019,0.03505178,0.05042088,-0.05882604,-0.02184431,-0.2616492,-0.003096002,-0.9649109,0.5050716,-0.0405355,0.862125,0.1047401,0.04964852,-0.05460921,-0.04128547,-0.1818192,-0.004592203,-0.9824541,0.3576373,-0.07945226,0.9304746,0.07025414,0.05474699,-0.1850546,-0.01026428,-0.02998017,0.005311525,0.9994837,-0.06003843,0.02019949,0.9979917
Fixation,14.2131,0.03508234,0.05041826,-0.05880167,-0.02186462,-0.2617773,-0.003077507,-0.9648758,0.5052997,-0.04058203,0.8619891,0.1047718,0.04964292,-0.05460344,-0.04130462,-0.1819493,-0.004569554,-0.9824294,0.3578821,-0.07949489,0.9303768,0.07028321,0.05474305,-0.1850395,-0.01024907,-0.02984682,0.0052922,0.9994879,-0.05977156,0.02017174,0.9980083
Fixation,14.2244,0.03511137,0.05044913,-0.05880316,-0.02199423,-0.2618996,-0.003096199,-0.9648395,0.5055183,-0.04082001,0.8618497,0.1048019,0.04967082,-0.05462288,-0.04128854,-0.1823399,-0.00456783,-0.9823577,0.3586232,-0.07945444,0.9300948,0.07031076,0.05477464,-0.1850488,-0.01011849,-0.02972004,0.005276512,0.9994931,-0.05951673,0.01991308,0.9980287
Fixation,14.2351,0.03512447,0.05046165,-0.05880796,-0.02228252,-0.2622342,-0.003237857,-0.9647415,0.5061208,-0.04129559,0.8614734,0.1048158,0.0497036,-0.05463827,-0.0412522,-0.1824206,-0.00470446,-0.9823436,0.3587876,-0.07933128,0.930042,0.07032166,0.05479717,-0.185059,-0.01012437,-0.02964543,0.005421766,0.9994945,-0.05937068,0.01991705,0.9980373
Fixation,14.2466,0.03512228,0.05047727,-0.05881996,-0.0223987,-0.2622591,-0.003312874,-0.9647319,0.5061678,-0.04147982,0.8614369,0.1048139,0.04972398,-0.05465399,-0.04146639,-0.1825389,-0.004770914,-0.9823122,0.3590161,-0.07972413,0.9299201,0.07031879,0.05481732,-0.1850717,-0.009991148,-0.02962135,0.005460579,0.9994963,-0.05932198,0.01964873,0.9980455
Fixation,14.2576,0.03511848,0.0504775,-0.05880519,-0.02254011,-0.2622783,-0.003372857,-0.9647231,0.5062038,-0.04172068,0.8614041,0.1048103,0.04972792,-0.05464137,-0.0415651,-0.1825538,-0.004821374,-0.982305,0.3590479,-0.0798989,0.9298929,0.07031453,0.05482125,-0.185057,-0.009883759,-0.02960799,0.005489752,0.9994977,-0.05929475,0.01943251,0.9980513
Fixation,14.2688,0.03512039,0.05051219,-0.05880981,-0.02251499,-0.2623236,-0.003400084,-0.9647112,0.5062862,-0.04165709,0.8613588,0.1048126,0.04976737,-0.0546524,-0.04154246,-0.1826007,-0.004849672,-0.9822972,0.3591392,-0.07984298,0.9298624,0.07031557,0.05485809,-0.185065,-0.009899468,-0.02956207,0.005524611,0.9994987,-0.05920387,0.01946237,0.9980562
Fixation,14.2804,0.03511784,0.050547,-0.05881929,-0.02242712,-0.2623902,-0.00333408,-0.9646955,0.5064027,-0.04152102,0.8612968,0.1048106,0.04979753,-0.05467141,-0.04138859,-0.1826782,-0.004787881,-0.9822896,0.3592822,-0.07956187,0.9298313,0.0703125,0.05488884,-0.1850803,-0.01000215,-0.02949166,0.005489261,0.9994999,-0.05906364,0.01967052,0.9980604
Fixation,14.2907,0.03511202,0.05058873,-0.05882724,-0.02276345,-0.2625298,-0.003227124,-0.96465,0.5066456,-0.04222308,0.8611199,0.1048052,0.0498246,-0.05468931,-0.04136933,-0.1827445,-0.00467154,-0.9822786,0.3593986,-0.07956503,0.929786,0.07030671,0.05492258,-0.1850936,-0.01004495,-0.02941857,0.005383247,0.9995022,-0.05891599,0.01976317,0.9980673
Fixation,14.3021,0.03511555,0.05059111,-0.05881439,-0.02262803,-0.262463,-0.003187339,-0.9646714,0.5065254,-0.04198411,0.8612022,0.1048082,0.04982758,-0.05466655,-0.04123097,-0.1826766,-0.004644249,-0.9822972,0.3592685,-0.07930534,0.9298585,0.07031115,0.05492282,-0.1850771,-0.01018674,-0.02948732,0.005382292,0.9994988,-0.05905474,0.02004584,0.9980534
Fixation,14.3137,0.03508249,0.05059922,-0.05883414,-0.02251489,-0.2623577,-0.003130803,-0.964703,0.5063354,-0.04179759,0.8613231,0.1047741,0.04983294,-0.05467092,-0.04139738,-0.182687,-0.004606194,-0.9822884,0.359284,-0.07964535,0.9298235,0.07027969,0.05492747,-0.1850902,-0.01031242,-0.02959529,0.005357532,0.9994944,-0.05927115,0.0202973,0.9980356
Fixation,14.3242,0.0350363,0.05058777,-0.05886702,-0.0228007,-0.2624613,-0.003229402,-0.9646677,0.5065231,-0.04229502,0.8611884,0.1047272,0.04983461,-0.05468838,-0.04137358,-0.1825823,-0.004702111,-0.9823084,0.3590934,-0.07956618,0.9299039,0.07023407,0.05492258,-0.1851154,-0.01031643,-0.02970671,0.005450672,0.9994906,-0.05949562,0.02029851,0.9980221
Fixation,14.3354,0.03501099,0.05052996,-0.05888346,-0.02277671,-0.2623352,-0.003301865,-0.9647023,0.5063012,-0.04221309,0.8613229,0.1047008,0.04978704,-0.05468636,-0.04135516,-0.1824553,-0.004778685,-0.9823325,0.3588588,-0.07950523,0.9299996,0.07020977,0.05486977,-0.1851225,-0.01031948,-0.02983977,0.005522618,0.9994862,-0.05976287,0.02029878,0.9980062
Fixation,14.3463,0.03496842,0.05049944,-0.05891141,-0.02283482,-0.2621757,-0.003422758,-0.9647439,0.5060213,-0.04226478,0.8614849,0.104657,0.0497694,-0.05469112,-0.04165396,-0.1822623,-0.004904691,-0.982355,0.3585012,-0.08005007,0.9300908,0.07016845,0.05484736,-0.185138,-0.01023019,-0.03000852,0.005615844,0.9994815,-0.06010083,0.02011272,0.9979897
Fixation,14.3574,0.03493375,0.05047619,-0.05892688,-0.02287951,-0.2620366,-0.003545252,-0.9647802,0.5057777,-0.04228944,0.8616267,0.1046213,0.04975998,-0.05468629,-0.041708,-0.1821224,-0.005025773,-0.9823781,0.3582453,-0.08011544,0.9301838,0.07013469,0.05483222,-0.1851425,-0.01015307,-0.03015632,0.0057152,0.9994773,-0.06039717,0.01995083,0.9979751
Fixation,14.3688,0.03490357,0.0504595,-0.0589448,-0.02303374,-0.262196,-0.003601979,-0.964733,0.5060643,-0.04255396,0.8614454,0.1045905,0.04974687,-0.05469335,-0.04179225,-0.1820458,-0.005077691,-0.9823884,0.3581039,-0.0802637,0.9302254,0.07010522,0.05481899,-0.1851541,-0.01006042,-0.03023598,0.005744018,0.9994757,-0.06055582,0.01976294,0.9979692
Fixation,14.3799,0.03487244,0.05041397,-0.0589009,-0.02317043,-0.2621582,-0.003656399,-0.9647398,0.5059984,-0.04278977,0.8614724,0.104559,0.04970241,-0.05464423,-0.04228835,-0.1820305,-0.005131842,-0.9823697,0.3580766,-0.08121729,0.9301532,0.07007442,0.05477643,-0.1851061,-0.009914116,-0.03027594,0.005754964,0.9994758,-0.06063424,0.01946937,0.9979702
Fixation,14.3910,0.03484542,0.05040944,-0.05890077,-0.02324894,-0.2620755,-0.003673388,-0.9647603,0.5058508,-0.0429339,0.8615519,0.1045313,0.04969621,-0.05463231,-0.04236765,-0.181946,-0.00514394,-0.9823819,0.3579167,-0.08137058,0.9302013,0.07004852,0.05477238,-0.1850993,-0.009834818,-0.03036164,0.005745514,0.9994741,-0.06080436,0.01931041,0.9979629
Fixation,14.4023,0.03483038,0.05042911,-0.05891075,-0.02351583,-0.2620691,-0.003727877,-0.9647554,0.5058405,-0.04342013,0.8615335,0.1045161,0.04972088,-0.05463882,-0.0423984,-0.1819225,-0.00518944,-0.9823847,0.3578759,-0.08141493,0.9302132,0.07003346,0.05479527,-0.1851071,-0.009795332,-0.03038754,0.00578217,0.9994735,-0.06085636,0.01922894,0.9979613
Fixation,14.4131,0.03481136,0.05044627,-0.0588957,-0.02345734,-0.2620958,-0.003690308,-0.9647497,0.5058868,-0.04332649,0.8615111,0.1044973,0.04973578,-0.05462756,-0.04235842,-0.181994,-0.005156449,-0.9823734,0.358009,-0.08134668,0.9301679,0.07001428,0.05481017,-0.1850946,-0.009861994,-0.03035911,0.005764198,0.9994738,-0.06079996,0.01936362,0.9979621
Fixation,14.4244,0.03479749,0.05046606,-0.05889894,-0.02345072,-0.2620997,-0.003609866,-0.9647491,0.5058902,-0.04335583,0.8615077,0.1044833,0.0497452,-0.05463156,-0.04234525,-0.1819966,-0.005076763,-0.9823739,0.3580073,-0.08134983,0.9301683,0.07000098,0.05482411,-0.1850985,-0.009891717,-0.03035244,0.005689351,0.9994741,-0.06078551,0.01942766,0.9979618
Fixation,14.4357,0.03480104,0.05047894,-0.05891243,-0.02366465,-0.2623481,-0.003681289,-0.9646761,0.5063361,-0.04372588,0.8612269,0.1044868,0.04976881,-0.05464239,-0.04230906,-0.1819813,-0.005147004,-0.9823779,0.3579843,-0.08125365,0.9301855,0.07000413,0.05484223,-0.1851109,-0.009912408,-0.03037198,0.005764741,0.9994729,-0.06082622,0.01946419,0.9979586
Fixation,14.4507,0.03479767,0.05049038,-0.05891529,-0.02356081,-0.2623271,-0.003716033,-0.9646842,0.5063008,-0.04350786,0.8612587,0.1044833,0.04978943,-0.05464184,-0.04239046,-0.1821491,-0.005193986,-0.982343,0.3583061,-0.08139178,0.9300495,0.07000052,0.05485666,-0.1851129,-0.01000182,-0.03039557,0.005827473,0.9994709,-0.06087556,0.0196388,0.9979522
Fixation,14.4631,0.03478521,0.05047667,-0.05892765,-0.02351322,-0.2625109,-0.003665721,-0.9646356,0.5066271,-0.0434388,0.8610703,0.1044707,0.04977274,-0.05465254,-0.04230827,-0.1821377,-0.005151846,-0.9823489,0.3582814,-0.08124627,0.9300718,0.06998844,0.05483997,-0.1851252,-0.01009126,-0.0304057,0.005803132,0.9994699,-0.06089629,0.01981893,0.9979473
Fixation,14.4725,0.03478596,0.05050075,-0.05893616,-0.02351711,-0.2624783,-0.003581598,-0.9646446,0.506565,-0.04349112,0.8611042,0.1044711,0.04978538,-0.0546566,-0.04230512,-0.182103,-0.005068332,-0.9823559,0.3582087,-0.08127144,0.9300975,0.06999029,0.05485797,-0.1851317,-0.01011238,-0.03043656,0.005720447,0.9994692,-0.0609565,0.01986581,0.9979427
Fixation,14.4829,0.03478448,0.05051601,-0.05895076,-0.02361277,-0.262549,-0.003518285,-0.9646233,0.5066879,-0.04370742,0.8610209,0.1044701,0.04978824,-0.05468185,-0.04256212,-0.1822027,-0.005000698,-0.9823267,0.3583907,-0.08179753,0.9299813,0.06998862,0.05486822,-0.185151,-0.01003865,-0.03036058,0.005634501,0.9994727,-0.06080226,0.01972459,0.9979549
Fixation,14.4939,0.03481487,0.05050468,-0.0589544,-0.02364518,-0.2627539,-0.00350767,-0.9645668,0.5070532,-0.0437714,0.8608026,0.1045006,0.04977202,-0.05468804,-0.04265244,-0.1822181,-0.004986234,-0.98232,0.3584183,-0.08197953,0.9299546,0.07001904,0.05485594,-0.1851551,-0.00995321,-0.03034327,0.005602099,0.9994743,-0.06076616,0.01955598,0.9979604
Fixation,14.5051,0.0348479,0.05049574,-0.05896256,-0.02372442,-0.2627963,-0.003445569,-0.9645535,0.5071256,-0.04395598,0.8607506,0.1045339,0.04975152,-0.05470273,-0.0427264,-0.1822598,-0.004916986,-0.9823094,0.3584912,-0.08214876,0.9299117,0.0700522,0.054842,-0.185166,-0.009895121,-0.0302967,0.005521099,0.9994767,-0.06067096,0.01944534,0.9979684
Fixation,14.5163,0.03485217,0.05051351,-0.05897374,-0.0238365,-0.2628459,-0.003507236,-0.964537,0.5072163,-0.04413864,0.8606877,0.1045387,0.0497725,-0.05472122,-0.04309547,-0.1826049,-0.0049726,-0.9822289,0.3591482,-0.08284318,0.9295965,0.07005556,0.05486357,-0.1851797,-0.009769425,-0.03024664,0.005549076,0.9994794,-0.0605702,0.019193,0.9979794
Fixation,14.5239,0.03485351,0.05052865,-0.05898218,-0.02366274,-0.2628342,-0.003479808,-0.9645446,0.5071953,-0.04381832,0.8607165,0.10454,0.04979169,-0.05472755,-0.04292011,-0.1825936,-0.004959798,-0.9822387,0.3591267,-0.08250432,0.9296349,0.07005692,0.05487788,-0.1851887,-0.009943779,-0.03025907,0.005573139,0.9994771,-0.06059732,0.01953988,0.997971
Fixation,14.5357,0.03487072,0.05051851,-0.0589735,-0.02373466,-0.2630222,-0.003502549,-0.9644915,0.5075315,-0.04394126,0.860512,0.1045573,0.04978645,-0.05471998,-0.04287836,-0.1826034,-0.004984461,-0.9822386,0.3591476,-0.0824132,0.9296349,0.07007373,0.05486953,-0.1851809,-0.009979285,-0.03025085,0.005606577,0.9994768,-0.06058194,0.01960892,0.9979706
Fixation,14.5469,0.03487989,0.05054235,-0.05898261,-0.02369794,-0.2630104,-0.003555675,-0.9644954,0.507513,-0.04384276,0.8605279,0.1045664,0.04981887,-0.05472714,-0.04299415,-0.1829603,-0.005041032,-0.9821669,0.3598286,-0.08261023,0.9293541,0.07008255,0.05489743,-0.1851892,-0.009999011,-0.03026512,0.005667661,0.9994758,-0.06061185,0.01964447,0.9979681
Fixation,14.5574,0.03488065,0.05057013,-0.05899818,-0.02369735,-0.2630597,-0.003529832,-0.9644821,0.5076001,-0.04385422,0.860476,0.1045676,0.04984343,-0.05474991,-0.04299161,-0.1830102,-0.005014355,-0.9821578,0.3599209,-0.08261374,0.929318,0.07008287,0.05492342,-0.1852085,-0.01000666,-0.03021315,0.005644859,0.9994774,-0.06050771,0.01966176,0.997974
Fixation,14.5686,0.0348904,0.05059922,-0.05900754,-0.02380528,-0.2632837,-0.003480925,-0.9644184,0.507997,-0.04408357,0.86023,0.1045774,0.04986644,-0.05476109,-0.04297752,-0.1830214,-0.004965123,-0.9821565,0.3599381,-0.08260384,0.9293122,0.07009285,0.05494893,-0.185219,-0.01003079,-0.03019927,0.005600422,0.9994779,-0.06047935,0.01971286,0.9979748
Fixation,14.5809,0.03490572,0.05060232,-0.05901553,-0.02382728,-0.263307,-0.003466103,-0.9644116,0.5080378,-0.04413331,0.8602034,0.1045929,0.04986668,-0.05477254,-0.0431724,-0.1833607,-0.004949804,-0.9820848,0.3605789,-0.08298272,0.92903,0.07010803,0.05495107,-0.1852286,-0.01001386,-0.03017451,0.005580645,0.9994789,-0.06042934,0.01968049,0.9979784
Fixation,14.5906,0.03490515,0.05064237,-0.05902947,-0.02384047,-0.2636344,-0.003421472,-0.964322,0.50862,-0.04417574,0.8598571,0.1045925,0.04989803,-0.05479078,-0.04324796,-0.1833874,-0.004903707,-0.9820767,0.3606252,-0.08314707,0.9289973,0.07010759,0.05498767,-0.1852441,-0.009949504,-0.0301442,0.005521055,0.9994808,-0.06036695,0.01955582,0.9979846
Fixation,14.6030,0.03490435,0.05067539,-0.05903615,-0.02380773,-0.263588,-0.003379338,-0.9643356,0.5085356,-0.04413578,0.8599091,0.1045912,0.04992688,-0.05479079,-0.04321174,-0.1833398,-0.00486534,-0.9820874,0.3605318,-0.08309139,0.9290386,0.07010767,0.05501795,-0.1852478,-0.009993585,-0.03019092,0.005488743,0.9994791,-0.0604601,0.01964534,0.9979773
Fixation,14.6131,0.03491767,0.05066872,-0.0590328,-0.02375059,-0.2635844,-0.00329249,-0.9643383,0.5085256,-0.04407151,0.8599183,0.1046044,0.04991114,-0.054787,-0.0432211,-0.1834974,-0.004783977,-0.9820579,0.3608237,-0.08313557,0.9289213,0.07012162,0.05500543,-0.1852449,-0.01007368,-0.03019216,0.005422326,0.9994786,-0.06046207,0.01980943,0.9979739
Fixation,14.6242,0.03491232,0.05070281,-0.05904151,-0.02372278,-0.2635412,-0.003286398,-0.9643508,0.5084482,-0.04402195,0.8599665,0.1045987,0.04994559,-0.05478942,-0.04319274,-0.1834534,-0.004781057,-0.9820674,0.3607402,-0.08308217,0.9289585,0.07011681,0.05503917,-0.1852507,-0.01010248,-0.03023691,0.005423126,0.999477,-0.06055177,0.01986644,0.9979674
Fixation,14.6354,0.03490815,0.050735,-0.05904827,-0.02376619,-0.2638287,-0.003266376,-0.9642712,0.50896,-0.04411057,0.8596592,0.1045944,0.04997742,-0.05479397,-0.04314158,-0.1834385,-0.004766191,-0.9820725,0.3607111,-0.08298771,0.9289783,0.07011289,0.05507028,-0.1852569,-0.01015584,-0.03025174,0.005418702,0.999476,-0.06058184,0.01997318,0.9979634
Fixation,14.6469,0.03489621,0.05075955,-0.05905822,-0.02370569,-0.2638126,-0.003218293,-0.9642773,0.5089295,-0.04401967,0.859682,0.1045823,0.04999828,-0.05480155,-0.04307732,-0.1834216,-0.00472359,-0.9820787,0.3606758,-0.08287782,0.9290017,0.07010141,0.05509174,-0.1852663,-0.01022793,-0.03026723,0.005389895,0.999475,-0.06061293,0.02011885,0.9979585
Fixation,14.6576,0.03488458,0.05072975,-0.05902232,-0.0236914,-0.2638366,-0.003219427,-0.9642711,0.5089726,-0.04399105,0.8596579,0.1045709,0.04996943,-0.05476908,-0.04323755,-0.1837235,-0.004727532,-0.9820152,0.3612473,-0.08318274,0.9287524,0.07008943,0.05506229,-0.1852323,-0.01024104,-0.03024249,0.005396007,0.9994755,-0.06056378,0.02014497,0.997961
Fixation,14.6686,0.03487371,0.05074716,-0.05903324,-0.02364056,-0.2642244,-0.003249059,-0.964166,0.509666,-0.04386989,0.8592532,0.10456,0.04999173,-0.05477899,-0.04323626,-0.1837177,-0.004763534,-0.9820161,0.3612395,-0.08316712,0.9287568,0.07007834,0.0550822,-0.1852426,-0.01023469,-0.03025025,0.005431092,0.9994752,-0.06057993,0.02013005,0.9979603
Fixation,14.6799,0.03485774,0.0507561,-0.05903482,-0.02359676,-0.2642208,-0.003198082,-0.9641682,0.5096575,-0.04381249,0.8592611,0.1045439,0.04999578,-0.05478007,-0.04318843,-0.1837135,-0.00471643,-0.9820192,0.3612277,-0.0830908,0.9287682,0.07006274,0.05508769,-0.1852445,-0.01029155,-0.0302525,0.0053951,0.9994748,-0.06058426,0.02024586,0.9979578
Fixation,14.6912,0.03486008,0.05074,-0.05901915,-0.02365122,-0.2641757,-0.003287884,-0.964179,0.5095808,-0.04387085,0.8593037,0.104546,0.04998899,-0.05475777,-0.04331801,-0.1840008,-0.004800635,-0.9819594,0.3617786,-0.0833064,0.9285345,0.07006507,0.05507755,-0.1852247,-0.01021358,-0.03030194,0.005463358,0.9994737,-0.06068359,0.02008531,0.997955
Fixation,14.7020,0.03485921,0.05072868,-0.05901017,-0.02350718,-0.2646456,-0.003300074,-0.9640535,0.5104202,-0.04357766,0.8588202,0.1045454,0.04998279,-0.05475374,-0.04327051,-0.1840378,-0.004824065,-0.9819545,0.3618509,-0.08320371,0.9285155,0.07006346,0.05506814,-0.1852187,-0.01025465,-0.0302661,0.005498362,0.9994742,-0.06061315,0.02016569,0.9979576
Fixation,14.7130,0.03485115,0.05073941,-0.05901412,-0.0234775,-0.264609,-0.003304651,-0.9640643,0.5103554,-0.04351876,0.8588617,0.1045371,0.0499953,-0.05475231,-0.04338163,-0.1842114,-0.004833663,-0.981917,0.36218,-0.08341349,0.9283684,0.07005578,0.05507934,-0.1852202,-0.01028204,-0.0303044,0.005510169,0.9994726,-0.06069015,0.02021926,0.9979519
Fixation,14.7242,0.03483846,0.05074871,-0.05902015,-0.02349286,-0.2645792,-0.003309296,-0.9640721,0.5103023,-0.04354648,0.8588919,0.1045241,0.05000436,-0.05475406,-0.04339721,-0.184181,-0.004837635,-0.981922,0.3621226,-0.08344334,0.9283881,0.07004347,0.05508876,-0.1852239,-0.01026627,-0.03033535,0.005509055,0.9994719,-0.06075177,0.02018747,0.9979488
Fixation,14.7353,0.03485033,0.05069947,-0.05899241,-0.02318245,-0.2648149,-0.003275153,-0.9640151,0.5107229,-0.04296185,0.8586713,0.1045361,0.04995406,-0.05472824,-0.04335015,-0.1841949,-0.004817666,-0.9819215,0.3621475,-0.08335812,0.928386,0.07005525,0.05503821,-0.1851976,-0.01031641,-0.03032063,0.005500386,0.9994718,-0.06072272,0.02028837,0.9979485
Fixation,14.7464,0.03483685,0.05069351,-0.05899109,-0.02317495,-0.2648209,-0.003241454,-0.9640137,0.5107322,-0.04296513,0.8586656,0.1045226,0.04994404,-0.05472787,-0.04349168,-0.1843986,-0.004786899,-0.9818771,0.3625299,-0.08364157,0.9282113,0.07004195,0.05502987,-0.1851969,-0.01033343,-0.03031334,0.005470607,0.9994721,-0.06070774,0.02032429,0.9979486
Fixation,14.7577,0.03482471,0.0507046,-0.05899119,-0.02319022,-0.2647941,-0.003284959,-0.9640205,0.5106863,-0.04297201,0.8586925,0.1045103,0.04996014,-0.05472403,-0.04351036,-0.1843721,-0.004829546,-0.9818811,0.3624832,-0.08366314,0.9282275,0.07002984,0.05504405,-0.1851948,-0.0103063,-0.03034236,0.005506755,0.9994712,-0.06076614,0.02026753,0.9979463
Fixation,14.7687,0.03482382,0.05068731,-0.05897547,-0.02333184,-0.2649283,-0.003308198,-0.9639801,0.5109255,-0.04322999,0.8585373,0.1045094,0.04994369,-0.05470742,-0.04355698,-0.1843655,-0.004847866,-0.9818802,0.3624719,-0.08374792,0.9282243,0.07002895,0.05502796,-0.1851781,-0.01025686,-0.03034966,0.005514292,0.9994715,-0.06078035,0.02016817,0.9979474
Fixation,14.7804,0.03481297,0.05067062,-0.05896494,-0.02332656,-0.2649186,-0.0032742,-0.9639831,0.5109068,-0.04323802,0.858548,0.1044984,0.0499227,-0.05469556,-0.04350102,-0.1845306,-0.004811202,-0.9818518,0.3627819,-0.08364749,0.9281123,0.07001849,0.05500889,-0.185167,-0.010272,-0.03035858,0.005483034,0.9994712,-0.06079769,0.02020023,0.9979457
Fixation,14.7911,0.03479015,0.05068851,-0.05897358,-0.02343086,-0.2648537,-0.003425292,-0.9639978,0.5107973,-0.0433602,0.858607,0.1044752,0.04995561,-0.0546947,-0.0436171,-0.1844666,-0.004954489,-0.981858,0.3626722,-0.08382372,0.9281393,0.06999553,0.05503654,-0.1851696,-0.01012848,-0.03043016,0.005594448,0.9994699,-0.06094138,0.01990574,0.9979429
Fixation,14.8026,0.03476646,0.05069172,-0.05899129,-0.02332706,-0.2649032,-0.003366645,-0.963987,0.5108835,-0.0431903,0.8585643,0.1044508,0.04995394,-0.05470293,-0.04355345,-0.1843991,-0.004904985,-0.9818738,0.3625405,-0.08371904,0.9282001,0.06997301,0.05503619,-0.1851832,-0.010202,-0.03049664,0.005556089,0.9994674,-0.06107417,0.02005425,0.9979317
Fixation,14.8132,0.03475017,0.05066311,-0.05898935,-0.02337059,-0.264855,-0.003333317,-0.9639993,0.5107958,-0.04329277,0.8586113,0.104434,0.04991877,-0.05469424,-0.04369558,-0.1845362,-0.004870168,-0.9818418,0.3627964,-0.08400685,0.9280741,0.06995772,0.05500484,-0.1851775,-0.01017065,-0.03054513,0.005509785,0.9994665,-0.06116974,0.01999386,0.9979271
Fixation,14.8306,0.03471381,0.0506773,-0.05901409,-0.0233273,-0.2650231,-0.003370096,-0.963954,0.5110974,-0.04318659,0.8584372,0.104397,0.04993832,-0.05470666,-0.04369195,-0.1844512,-0.004913183,-0.9818578,0.362639,-0.08398607,0.9281375,0.06992212,0.05502176,-0.185196,-0.01016586,-0.03063388,0.005547849,0.9994636,-0.06134769,0.01998091,0.9979165
Fixation,14.8416,0.03469209,0.05069482,-0.05903307,-0.02329533,-0.2650118,-0.003403396,-0.9639577,0.5110789,-0.04310754,0.8584521,0.1043752,0.04996169,-0.05472382,-0.0436628,-0.1844405,-0.004949241,-0.9818609,0.362622,-0.08391591,0.9281505,0.0699002,0.05504191,-0.1852143,-0.01018673,-0.03064695,0.005588669,0.9994627,-0.06137483,0.02001997,0.997914
Fixation,14.8531,0.03470294,0.05067313,-0.05903221,-0.02322663,-0.2649451,-0.003418968,-0.9639777,0.5109612,-0.04296823,0.8585293,0.1043855,0.049945,-0.05471309,-0.04364839,-0.1845724,-0.004971192,-0.9818366,0.3628738,-0.08387609,0.9280557,0.06991165,0.05502164,-0.185209,-0.01024845,-0.03071708,0.005621441,0.9994598,-0.0615162,0.02014048,0.9979029
Fixation,14.8641,0.0346763,0.05068314,-0.05905354,-0.02297871,-0.2650954,-0.003469243,-0.9639421,0.5112326,-0.04246093,0.8583929,0.1043585,0.04996681,-0.05472648,-0.0435543,-0.1845211,-0.005037487,-0.9818501,0.3627829,-0.08366854,0.92811,0.069885,0.05503631,-0.1852271,-0.01032674,-0.03077363,0.005703445,0.9994568,-0.06163162,0.02029123,0.9978927
Fixation,14.8747,0.03467026,0.05070567,-0.05905836,-0.02304512,-0.2650461,-0.00346175,-0.9639541,0.5111442,-0.04259384,0.858439,0.104352,0.04998517,-0.05472439,-0.04381564,-0.1844476,-0.005031827,-0.9818524,0.3626415,-0.08418477,0.9281186,0.06987981,0.05505788,-0.1852278,-0.01026594,-0.03082394,0.005675035,0.999456,-0.06173085,0.02017086,0.997889
Fixation,14.8859,0.03465706,0.05071998,-0.05906947,-0.02301371,-0.2650444,-0.003432094,-0.9639555,0.5111399,-0.04254907,0.8584437,0.1043387,0.04999697,-0.05473524,-0.04378191,-0.1844454,-0.005004914,-0.9818544,0.3626354,-0.08412865,0.928126,0.06986681,0.05507016,-0.1852391,-0.01030472,-0.03082497,0.005655901,0.9994557,-0.06173296,0.02024954,0.9978873
Fixation,14.8975,0.03470271,0.05069864,-0.05907375,-0.02302111,-0.2650222,-0.003412787,-0.9639614,0.5110995,-0.042574,0.8584665,0.1043842,0.04997265,-0.05473638,-0.0437876,-0.1844224,-0.004985538,-0.9818585,0.36259,-0.08414757,0.9281421,0.06991292,0.05504739,-0.1852418,-0.01030354,-0.03084723,0.005634517,0.9994552,-0.06177696,0.02024823,0.9978846
Fixation,14.9086,0.03469277,0.05070913,-0.05908151,-0.02289532,-0.265215,-0.00338287,-0.9639115,0.5114425,-0.04234374,0.8582736,0.1043739,0.04998362,-0.05473908,-0.04369788,-0.1843881,-0.004967574,-0.9818691,0.3625241,-0.08397926,0.9281831,0.06990343,0.05505657,-0.1852479,-0.01039547,-0.03088199,0.005634338,0.9994531,-0.06184734,0.02043158,0.9978765
Fixation,14.9194,0.03470667,0.05072021,-0.05907543,-0.02294771,-0.2652245,-0.003357204,-0.9639077,0.5114579,-0.04245813,0.8582587,0.1043878,0.04998899,-0.0547346,-0.04370378,-0.1847244,-0.004932364,-0.9818058,0.363158,-0.08399499,0.9279338,0.06991753,0.05506551,-0.1852422,-0.01035286,-0.03087091,0.005594714,0.9994541,-0.06182395,0.020349,0.9978796
Fixation,14.9304,0.03472259,0.05070794,-0.05907984,-0.02293195,-0.2652775,-0.003367418,-0.9638935,0.511553,-0.04242131,0.8582039,0.1044043,0.04997885,-0.0547466,-0.04368911,-0.1847787,-0.004942711,-0.9817961,0.3632619,-0.08396099,0.9278962,0.06993264,0.05505407,-0.1852506,-0.01036442,-0.0308164,0.005610942,0.9994556,-0.06171555,0.02037173,0.9978859
Fixation,14.9423,0.0347463,0.05069721,-0.05908268,-0.02278404,-0.2655649,-0.003404206,-0.9638178,0.5120674,-0.04211126,0.8579124,0.1044277,0.04997444,-0.05474428,-0.04368289,-0.1847443,-0.004988968,-0.9818026,0.3632008,-0.08393259,0.9279227,0.06995642,0.05504668,-0.1852508,-0.01036091,-0.03085386,0.005655494,0.9994542,-0.06179124,0.02036152,0.9978814
Fixation,14.9528,0.03475737,0.05069411,-0.05908616,-0.02282474,-0.2656105,-0.003450506,-0.9638041,0.5121505,-0.04216417,0.8578602,0.1044393,0.04997575,-0.05475435,-0.04401021,-0.1846949,-0.005040488,-0.9817971,0.3631096,-0.08455629,0.9279017,0.06996661,0.05504668,-0.1852571,-0.01030792,-0.03080782,0.005689269,0.999456,-0.06169942,0.02025408,0.9978892
Fixation,14.9641,0.03476446,0.0506953,-0.05908786,-0.02285117,-0.2656408,-0.003492549,-0.9637949,0.5122062,-0.04219215,0.8578256,0.1044466,0.04998147,-0.0547604,-0.04404012,-0.1847265,-0.005079523,-0.9817896,0.3631725,-0.08459962,0.9278732,0.06997301,0.05505073,-0.1852607,-0.01026997,-0.03077762,0.005722661,0.9994571,-0.06163937,0.02017653,0.9978945
Fixation,14.9749,0.03477614,0.05067217,-0.05907714,-0.02302581,-0.2659729,-0.003537506,-0.963699,0.5127985,-0.04249815,0.8574565,0.1044585,0.04996264,-0.05475196,-0.04407759,-0.1847434,-0.005120575,-0.9817845,0.3632079,-0.08465742,0.9278541,0.06998421,0.05503047,-0.1852507,-0.01022434,-0.03076227,0.005755592,0.9994579,-0.06160888,0.02008349,0.9978983
Fixation,14.9866,0.03478942,0.05067039,-0.0590771,-0.02309961,-0.2660371,-0.003518661,-0.9636796,0.5129116,-0.04264905,0.8573813,0.1044723,0.04995525,-0.05476146,-0.04425887,-0.1850739,-0.005094594,-0.9817142,0.3638304,-0.08501337,0.9275776,0.06999697,0.05502701,-0.1852548,-0.01015878,-0.03069456,0.005718024,0.9994609,-0.06147221,0.01995558,0.9979093
Fixation,14.9973,0.03480216,0.05067718,-0.05907519,-0.02307327,-0.2663745,-0.003583048,-0.9635868,0.5135152,-0.04255732,0.8570245,0.1044856,0.04997146,-0.05476622,-0.04425999,-0.1851237,-0.005162153,-0.9817045,0.3639306,-0.08498919,0.9275405,0.07000852,0.05503869,-0.1852562,-0.01014263,-0.03064766,0.005786419,0.9994621,-0.06137973,0.01991967,0.9979157
Fixation,15.0082,0.03483452,0.05067813,-0.05906054,-0.02306936,-0.2663952,-0.00356289,-0.9635812,0.5135513,-0.04256012,0.8570027,0.1045181,0.04997003,-0.05475461,-0.0442545,-0.1851445,-0.005141946,-0.9817009,0.3639682,-0.08498537,0.9275261,0.07004076,0.05503833,-0.1852431,-0.01015213,-0.03062553,0.005769044,0.9994627,-0.06133528,0.01993998,0.997918
Fixation,15.0193,0.03487051,0.05068791,-0.05904637,-0.02299033,-0.2664185,-0.003598457,-0.9635765,0.5135947,-0.04238849,0.8569852,0.1045544,0.04998815,-0.0547435,-0.04427753,-0.1854308,-0.005183499,-0.9816456,0.3645137,-0.08500732,0.9273098,0.07007599,0.05505109,-0.1852311,-0.0102169,-0.0306031,0.005827165,0.9994624,-0.06129237,0.02006616,0.9979181
Fixation,15.0311,0.03487619,0.05070448,-0.05903993,-0.02305206,-0.2665953,-0.003533408,-0.9635264,0.5139061,-0.04253857,0.8567911,0.10456,0.04999876,-0.05473768,-0.04421081,-0.1854343,-0.00512201,-0.9816483,0.3645154,-0.08489933,0.927319,0.07008202,0.05506349,-0.1852257,-0.01029534,-0.0305969,0.005781754,0.9994621,-0.06127994,0.02022579,0.9979157
Fixation,15.0419,0.03489217,0.05073082,-0.05902858,-0.02300445,-0.266589,-0.003387029,-0.9635298,0.5138887,-0.04252505,0.8568022,0.1045758,0.05000794,-0.05472569,-0.04415121,-0.1854254,-0.004980275,-0.9816534,0.3644867,-0.08483544,0.9273362,0.07009917,0.0550797,-0.1852148,-0.0103842,-0.03059878,0.005655883,0.9994618,-0.06128209,0.0204111,0.9979118
Fixation,15.0526,0.03492463,0.05071545,-0.05902229,-0.02298409,-0.266603,-0.003308877,-0.9635267,0.5139102,-0.04252725,0.8567892,0.1046083,0.04998314,-0.05472158,-0.04434875,-0.1856595,-0.00490807,-0.9816006,0.3649223,-0.08524305,0.9271275,0.07013203,0.05505884,-0.18521,-0.01042665,-0.03058184,0.005587782,0.9994622,-0.06124732,0.02050031,0.997912
Fixation,15.0644,0.03494337,0.05070293,-0.05901984,-0.02302362,-0.2667045,-0.003193232,-0.9634981,0.5140856,-0.04266313,0.8566772,0.1046271,0.04995584,-0.05472288,-0.04432666,-0.1856818,-0.004792715,-0.981598,0.3649547,-0.08524208,0.9271148,0.07015137,0.05503821,-0.1852099,-0.01047287,-0.03055308,0.005481314,0.9994633,-0.06118818,0.02059955,0.9979137
Fixation,15.0751,0.03496631,0.05069029,-0.05902009,-0.0231031,-0.2666567,-0.003232619,-0.9635093,0.5140017,-0.04279611,0.8567209,0.1046496,0.04994476,-0.05471634,-0.0444089,-0.1856333,-0.004826396,-0.9816032,0.3648651,-0.08539195,0.9271362,0.07017479,0.05502784,-0.1852059,-0.01038573,-0.03060341,0.005493742,0.9994625,-0.06128803,0.02042403,0.9979112
Fixation,15.0862,0.03497976,0.05066299,-0.05901909,-0.02316263,-0.2666122,-0.003302717,-0.9635199,0.5139254,-0.04287422,0.8567628,0.1046628,0.04992378,-0.05470889,-0.04458017,-0.1857897,-0.004893211,-0.9815655,0.3651657,-0.08569851,0.9269896,0.07018839,0.05500495,-0.1852009,-0.01030852,-0.03065136,0.005541505,0.9994617,-0.06138397,0.02026624,0.9979085
Fixation,15.0975,0.03500064,0.05060458,-0.05902635,-0.02320106,-0.2665671,-0.003268641,-0.9635316,0.5138433,-0.04296728,0.8568074,0.1046832,0.04985893,-0.05470981,-0.04461545,-0.1857427,-0.004857071,-0.981573,0.3650734,-0.08578233,0.9270182,0.07021022,0.05494368,-0.1852047,-0.01028233,-0.03069679,0.005496044,0.9994608,-0.06147349,0.02021616,0.9979039
Fixation,15.1082,0.03502541,0.05057561,-0.05900353,-0.02317085,-0.2669297,-0.003241744,-0.963432,0.5144874,-0.04291644,0.8564233,0.104708,0.04982591,-0.05468889,-0.04464734,-0.1857543,-0.004833273,-0.9815695,0.365093,-0.08585332,0.9270039,0.07023507,0.05491328,-0.1851826,-0.01025618,-0.03068337,0.005466622,0.9994616,-0.06144584,0.02016585,0.9979067
Fixation,15.1193,0.03503913,0.05060017,-0.05897965,-0.02326494,-0.2669559,-0.003251135,-0.9634224,0.5145338,-0.0430921,0.8563866,0.104722,0.04984736,-0.05466902,-0.04481785,-0.185924,-0.004834916,-0.9815295,0.3654132,-0.08618223,0.9268472,0.07024857,0.05493772,-0.1851599,-0.01016327,-0.03065591,0.005448624,0.9994635,-0.06138967,0.01998156,0.9979138
Fixation,15.1316,0.03507055,0.0506078,-0.05895845,-0.02330983,-0.2670008,-0.00315776,-0.9634092,0.5146092,-0.04322757,0.8563345,0.1047536,0.04984081,-0.0546547,-0.04485499,-0.1859676,-0.004737159,-0.9815201,0.3654869,-0.08629023,0.9268082,0.07028026,0.05493855,-0.185142,-0.01014761,-0.03060591,0.005347751,0.9994657,-0.06128766,0.01995703,0.9979206
Fixation,15.1420,0.03510049,0.05063987,-0.05893359,-0.02327682,-0.2672889,-0.003018769,-0.9633305,0.5151157,-0.04323278,0.8560296,0.104784,0.04985344,-0.05464047,-0.04488751,-0.1860361,-0.004598344,-0.9815063,0.3656041,-0.08640383,0.9267513,0.07031047,0.05496097,-0.1851224,-0.01014506,-0.03052836,0.005209247,0.9994689,-0.06113,0.01996129,0.9979302
Fixation,15.1528,0.03512066,0.05066919,-0.05891529,-0.02330586,-0.2673348,-0.002995158,-0.9633172,0.515196,-0.04330044,0.8559779,0.1048046,0.04987848,-0.05462893,-0.04503056,-0.1862886,-0.004572595,-0.981452,0.3660785,-0.08668701,0.9265376,0.07033029,0.0549885,-0.1851073,-0.01012389,-0.03047989,0.005179686,0.9994707,-0.0610324,0.01992131,0.997937
Fixation,15.1640,0.0351386,0.05068612,-0.0589105,-0.02334753,-0.2673838,-0.00310097,-0.9633023,0.5152875,-0.04332317,0.8559216,0.1048231,0.04990768,-0.05463105,-0.04508101,-0.1863404,-0.004673451,-0.9814394,0.3661849,-0.08674685,0.9264899,0.07034683,0.0550127,-0.1851054,-0.01005223,-0.03043237,0.005270015,0.9994724,-0.06093858,0.0197731,0.9979457
Fixation,15.1753,0.03513861,0.05068421,-0.05888129,-0.02327365,-0.2674952,-0.003163764,-0.9632729,0.515489,-0.04314517,0.8558093,0.104823,0.04991305,-0.05459985,-0.04512114,-0.186328,-0.004738128,-0.9814395,0.366167,-0.08680165,0.9264919,0.07034655,0.05501533,-0.1850747,-0.009999165,-0.0304481,0.005323709,0.9994722,-0.06097052,0.01966358,0.9979458
Fixation,15.1864,0.03514249,0.05069709,-0.05888143,-0.0232459,-0.2674665,-0.00320436,-0.9632814,0.51544,-0.04307056,0.8558426,0.1048267,0.04993248,-0.05459565,-0.04514005,-0.1864079,-0.004781645,-0.9814233,0.3663218,-0.08682032,0.926429,0.07035041,0.0550313,-0.1850728,-0.01001391,-0.0304794,0.005369695,0.9994708,-0.06103408,0.01968988,0.9979414
Fixation,15.1976,0.03514726,0.0507251,-0.05888788,-0.02318648,-0.2674502,-0.003181036,-0.9632874,0.5154104,-0.04296895,0.8558655,0.1048313,0.04996002,-0.05459964,-0.04507889,-0.1863912,-0.004763719,-0.9814294,0.3662892,-0.08670767,0.9264524,0.07035545,0.05505788,-0.1850786,-0.01007774,-0.03049592,0.005364494,0.9994697,-0.06106763,0.0198176,0.9979369
Fixation,15.2085,0.03517123,0.05073428,-0.05890024,-0.0230789,-0.2677255,-0.003135891,-0.9632137,0.5158985,-0.04278072,0.8555808,0.1048555,0.04996812,-0.05461596,-0.0449809,-0.18642,-0.004729258,-0.9814286,0.3663413,-0.08652782,0.9264486,0.07037918,0.0550648,-0.1850939,-0.01018066,-0.03046581,0.005353673,0.9994696,-0.0610083,0.02002431,0.9979364
Fixation,15.2197,0.03519344,0.05073941,-0.05890923,-0.02298759,-0.2677664,-0.003088396,-0.9632046,0.5159698,-0.04262957,0.8555454,0.1048781,0.04997122,-0.05463074,-0.04500502,-0.1865769,-0.00469092,-0.9813978,0.3666345,-0.08658522,0.9263272,0.07040104,0.0550673,-0.1851068,-0.01028159,-0.03042238,0.005336858,0.99947,-0.06092225,0.02022756,0.9979376
Fixation,15.2308,0.03520028,0.0507499,-0.05891345,-0.02292452,-0.268077,-0.002975759,-0.9631201,0.5165172,-0.04256267,0.8552184,0.1048849,0.04996943,-0.05463691,-0.04495299,-0.1865875,-0.004586139,-0.9813986,0.3666458,-0.08652217,0.9263287,0.07040849,0.05507052,-0.1851127,-0.01035499,-0.03040627,0.005246561,0.9994702,-0.06088898,0.02037995,0.9979365
Fixation,15.2420,0.03519834,0.05074692,-0.05892144,-0.02293544,-0.2681032,-0.002882971,-0.9631128,0.5165596,-0.04263296,0.8551892,0.1048831,0.04995382,-0.05464897,-0.04495621,-0.1866123,-0.004492192,-0.9813942,0.3666843,-0.08656295,0.9263096,0.07040699,0.05506074,-0.1851228,-0.01037189,-0.03037594,0.005155678,0.9994714,-0.06082671,0.0204196,0.9979395
Fixation,15.2531,0.03519056,0.05071008,-0.05890657,-0.02295615,-0.2681068,-0.00290562,-0.9631113,0.5165668,-0.04266061,0.8551835,0.1048753,0.04991901,-0.05463461,-0.04515247,-0.1866024,-0.004518336,-0.981387,0.3666664,-0.08693783,0.9262816,0.07039902,0.05502534,-0.185108,-0.01034534,-0.0303728,0.00517126,0.9994717,-0.06082051,0.02036562,0.997941
Fixation,15.2642,0.03518571,0.0506897,-0.0589157,-0.02291447,-0.2683532,-0.002965279,-0.9630435,0.5170075,-0.04254377,0.854923,0.1048703,0.04990673,-0.05463959,-0.04516573,-0.1865755,-0.004582448,-0.9813911,0.366621,-0.08694056,0.9262993,0.07039403,0.05500948,-0.1851148,-0.0103188,-0.03040357,0.005229371,0.9994708,-0.06088287,0.0203087,0.9979383
Fixation,15.2752,0.03517806,0.05067277,-0.05892799,-0.02287928,-0.2683267,-0.003022322,-0.9630516,0.5169631,-0.04244591,0.8549547,0.1048625,0.04989874,-0.0546478,-0.04513537,-0.1865499,-0.004642836,-0.9813972,0.3665782,-0.08685921,0.9263239,0.07038619,0.05499685,-0.1851252,-0.01033569,-0.03043322,0.005293351,0.9994693,-0.06094357,0.02033823,0.997934
Fixation,15.2865,0.03516367,0.05067229,-0.05893889,-0.02291266,-0.2683064,-0.003072224,-0.9630562,0.5169291,-0.04248375,0.8549733,0.104848,0.04990327,-0.05465574,-0.04536247,-0.1865509,-0.004695712,-0.9813862,0.3665829,-0.08728423,0.926282,0.07037174,0.05499959,-0.1851341,-0.01028917,-0.03045565,0.005330346,0.999469,-0.06098864,0.02024274,0.9979331
Fixation,15.2981,0.03518324,0.05063415,-0.05896743,-0.02265273,-0.2682696,-0.003080616,-0.9630726,0.5168658,-0.04197958,0.8550365,0.1048678,0.04987025,-0.05468696,-0.04529183,-0.1865723,-0.004714656,-0.9813854,0.3666258,-0.08713824,0.9262788,0.07039077,0.05496299,-0.1851647,-0.01035388,-0.03043562,0.005365286,0.9994687,-0.06094999,0.02037016,0.997933
Fixation,15.3088,0.03518216,0.0506357,-0.05897443,-0.02271768,-0.2682728,-0.003126997,-0.96307,0.5168731,-0.04207966,0.8550273,0.1048668,0.04987502,-0.05469448,-0.0453604,-0.186576,-0.004755342,-0.9813813,0.3666359,-0.08725722,0.9262636,0.07038943,0.0549674,-0.1851712,-0.01027803,-0.03043343,0.005390341,0.9994695,-0.06094537,0.02021705,0.9979363
Fixation,15.3202,0.03517621,0.05064082,-0.05897979,-0.02276532,-0.2682568,-0.003134387,-0.9630734,0.5168446,-0.0421677,0.8550401,0.1048607,0.04987884,-0.05469764,-0.04568793,-0.1864586,-0.004768666,-0.9813884,0.3664123,-0.08789688,0.9262916,0.07038373,0.05497253,-0.185175,-0.01023049,-0.03044995,0.005382684,0.9994695,-0.06097773,0.02012232,0.9979362
Fixation,15.3307,0.03516206,0.05062222,-0.05899537,-0.02286239,-0.2685385,-0.003107547,-0.9629926,0.5173433,-0.04236363,0.8547287,0.1048467,0.04985321,-0.05471761,-0.04576989,-0.1864863,-0.004736742,-0.9813794,0.3664612,-0.08806857,0.9262559,0.07036959,0.05495179,-0.1851921,-0.01015699,-0.0304192,0.005335441,0.9994714,-0.06091462,0.01997864,0.997943
Fixation,15.3419,0.03514822,0.05063093,-0.05900355,-0.02290565,-0.2685097,-0.00311404,-0.9629996,0.517292,-0.04244396,0.8547558,0.1048326,0.04986072,-0.05472171,-0.0458134,-0.1864566,-0.004740249,-0.981383,0.3664051,-0.08815329,0.9262701,0.07035618,0.05496061,-0.1851978,-0.01011402,-0.03044909,0.005327778,0.9994709,-0.06097373,0.01989289,0.9979411
Fixation,15.3534,0.03512793,0.05064273,-0.05900888,-0.02291142,-0.2684794,-0.003110201,-0.9630079,0.5172381,-0.0424577,0.8547878,0.1048121,0.04987168,-0.05472269,-0.04586324,-0.1862774,-0.004739649,-0.9814147,0.3660655,-0.08825593,0.9263946,0.07033632,0.05497205,-0.1852009,-0.01010994,-0.0304803,0.005321365,0.9994701,-0.06103589,0.01988477,0.9979375
Fixation,15.3643,0.03511828,0.05063379,-0.05901432,-0.02295674,-0.2686998,-0.003210151,-0.962945,0.5176336,-0.04248703,0.8545468,0.1048019,0.04987741,-0.05471786,-0.04583833,-0.18621,-0.004844607,-0.9814282,0.3659476,-0.08816984,0.9264494,0.07032668,0.05497038,-0.1852012,-0.01011233,-0.03055491,0.005425211,0.9994672,-0.06118698,0.01988235,0.9979283
Fixation,15.3753,0.03511597,0.05059874,-0.05903529,-0.02294719,-0.2686342,-0.003255183,-0.9629635,0.5175192,-0.0424457,0.8546181,0.1047991,0.04984844,-0.05472919,-0.04583238,-0.1861441,-0.004891819,-0.9814407,0.3658272,-0.08814236,0.9264995,0.07032484,0.05493844,-0.1852173,-0.01010866,-0.03062448,0.005468774,0.9994649,-0.06132676,0.01987155,0.9979199
Fixation,15.3864,0.03509599,0.05059171,-0.05904801,-0.02285964,-0.2686187,-0.003167922,-0.9629701,0.5174884,-0.04232438,0.8546428,0.1047789,0.04983389,-0.05473967,-0.04565836,-0.1862021,-0.004809415,-0.9814383,0.3659308,-0.08783069,0.9264882,0.07030556,0.0549258,-0.1852299,-0.0102184,-0.03063824,0.005411069,0.9994637,-0.06135421,0.02009427,0.9979138
Fixation,15.3974,0.03509283,0.05061162,-0.05903807,-0.02299132,-0.268718,-0.003065742,-0.9629396,0.5176593,-0.04263087,0.8545241,0.1047755,0.04983842,-0.05472779,-0.04568795,-0.1861832,-0.004703254,-0.9814409,0.3658854,-0.08792871,0.9264969,0.07030354,0.0549382,-0.1852189,-0.01021263,-0.03065117,0.005300128,0.9994639,-0.06137773,0.0200894,0.9979124
Fixation,15.4088,0.03509643,0.05060196,-0.05902907,-0.02301741,-0.2686881,-0.002995818,-0.9629475,0.5176031,-0.04271924,0.8545538,0.1047787,0.04981816,-0.05471473,-0.04570791,-0.1861511,-0.004632089,-0.9814464,0.3658182,-0.08799519,0.9265171,0.07030814,0.05492318,-0.1852078,-0.01020885,-0.03067959,0.005224628,0.9994635,-0.06143294,0.02008617,0.9979091
Fixation,15.4196,0.0351061,0.05057633,-0.05900976,-0.02302632,-0.2686856,-0.00293735,-0.9629482,0.5175958,-0.04276786,0.8545557,0.1047883,0.04978442,-0.05469524,-0.0457607,-0.186187,-0.004574194,-0.9814374,0.3658804,-0.08811922,0.9264807,0.07031835,0.05489337,-0.1851884,-0.01021779,-0.03068018,0.005166109,0.9994637,-0.06143302,0.02010763,0.9979087
Fixation,15.4310,0.03510251,0.05056477,-0.05900034,-0.02310544,-0.2687018,-0.002946044,-0.9629418,0.5176244,-0.04291518,0.854531,0.1047848,0.04977036,-0.05468836,-0.04584027,-0.1862031,-0.004575775,-0.9814307,0.3659103,-0.08827405,0.9264542,0.07031465,0.05488193,-0.1851796,-0.0101395,-0.03066314,0.005151385,0.999465,-0.06139793,0.01995224,0.9979139
Fixation,15.4421,0.03509473,0.05054295,-0.05899105,-0.02310609,-0.2689211,-0.002980958,-0.9628804,0.5180155,-0.04289351,0.8542951,0.1047771,0.04975235,-0.05467927,-0.04587133,-0.1862052,-0.004611493,-0.9814287,0.3659174,-0.08832151,0.9264469,0.07030659,0.0548625,-0.18517,-0.0101014,-0.03066262,0.005179617,0.9994653,-0.0613971,0.01987436,0.9979155
Fixation,15.4564,0.03510499,0.05050206,-0.05900708,-0.02313484,-0.2689663,-0.003034995,-0.9628669,0.5180979,-0.04291892,0.8542438,0.1047878,0.04971743,-0.05470177,-0.04604175,-0.1863394,-0.004665017,-0.9813949,0.3661746,-0.08863173,0.9263156,0.0703159,0.05482543,-0.1851889,-0.0100574,-0.03061735,0.00522414,0.999467,-0.06130714,0.01978418,0.9979228
Fixation,15.4690,0.03510169,0.05048084,-0.05900433,-0.02316558,-0.268973,-0.00317095,-0.9628639,0.5181157,-0.0429048,0.8542337,0.1047847,0.04971278,-0.05469972,-0.04608387,-0.1863489,-0.004797679,-0.9813905,0.3662042,-0.08866446,0.9263008,0.07031149,0.05481362,-0.1851859,-0.009987439,-0.03061469,0.005344893,0.9994671,-0.06130352,0.01963697,0.997926
Fixation,15.4763,0.03510188,0.0504719,-0.05898438,-0.02327525,-0.2691637,-0.003273654,-0.9628077,0.5184581,-0.04305689,0.8540184,0.1047853,0.04971695,-0.05468421,-0.04610087,-0.1863839,-0.004897247,-0.9813826,0.3662795,-0.08865965,0.9262714,0.07031045,0.05481207,-0.1851678,-0.009948906,-0.03058447,0.005440271,0.9994678,-0.06124463,0.01955445,0.9979312
Fixation,15.4862,0.03510947,0.0504483,-0.0589718,-0.02325722,-0.2692199,-0.003303341,-0.9627922,0.5185594,-0.04300509,0.8539594,0.1047935,0.04969835,-0.05467963,-0.04608564,-0.1864421,-0.004927029,-0.9813721,0.3663923,-0.08861712,0.9262309,0.07031703,0.05479085,-0.1851594,-0.00995672,-0.03052723,0.005475904,0.9994693,-0.0611311,0.01956855,0.9979379
Fixation,15.4977,0.03512162,0.05042899,-0.05895256,-0.02329366,-0.2693298,-0.003241054,-0.9627608,0.5187514,-0.04310661,0.8538377,0.1048065,0.0496695,-0.05467656,-0.04632171,-0.1868309,-0.004862425,-0.9812874,0.36712,-0.08909293,0.9258971,0.07032833,0.05476701,-0.1851481,-0.009939467,-0.03041091,0.005409403,0.9994735,-0.06089732,0.01953945,0.9979528
Fixation,15.5086,0.0351289,0.05043507,-0.05893293,-0.02323843,-0.2697757,-0.003259666,-0.9626372,0.5195438,-0.04298159,0.8533621,0.1048145,0.04967666,-0.0546675,-0.04638152,-0.1869049,-0.004882006,-0.9812704,0.3672614,-0.08920068,0.9258306,0.07033458,0.05477464,-0.1851333,-0.009875966,-0.0303362,0.005419788,0.9994763,-0.06074767,0.01941276,0.9979644
Fixation,15.5196,0.0351352,0.0504458,-0.05889352,-0.02318587,-0.2698462,-0.003208254,-0.9626189,0.5196669,-0.04290685,0.8532909,0.1048213,0.04968321,-0.05463828,-0.04676592,-0.1870191,-0.004846347,-0.9812305,0.3674709,-0.08996359,0.9256736,0.07034025,0.05478215,-0.1850996,-0.009940818,-0.03026172,0.005388869,0.999478,-0.06059899,0.01954511,0.9979708
Fixation,15.5315,0.0351634,0.05044246,-0.05887616,-0.02319364,-0.2698999,-0.00318095,-0.9626038,0.5197608,-0.04293551,0.8532322,0.10485,0.04967606,-0.0546288,-0.04677156,-0.1870732,-0.004817185,-0.9812201,0.3675706,-0.08998405,0.9256321,0.07036798,0.05477691,-0.1850862,-0.009941038,-0.03020506,0.005362347,0.9994799,-0.06048532,0.01954779,0.9979777
Fixation,15.5419,0.03517721,0.05045116,-0.05885142,-0.02323077,-0.2702527,-0.003182908,-0.9625039,0.5203864,-0.04299904,0.8528476,0.1048637,0.04968691,-0.05460181,-0.0467365,-0.1870586,-0.004824535,-0.9812245,0.3675438,-0.08991306,0.9256496,0.07038187,0.05478621,-0.1850607,-0.009973868,-0.0302207,0.005376252,0.9994791,-0.06051717,0.0196124,0.9979745
Fixation,15.5532,0.03517329,0.05046082,-0.05883587,-0.02323928,-0.2702664,-0.003162325,-0.9624999,0.5204096,-0.04302626,0.8528321,0.1048598,0.04969347,-0.05458833,-0.04673005,-0.1874159,-0.004798797,-0.9811568,0.3682172,-0.08990026,0.9253832,0.07037796,0.05479431,-0.1850462,-0.009971775,-0.03020573,0.005354552,0.9994797,-0.06048681,0.0196097,0.9979764
Fixation,15.5647,0.03518084,0.05046594,-0.05882077,-0.02329003,-0.2702527,-0.003176711,-0.9625025,0.5203858,-0.04311639,0.8528421,0.1048673,0.04969811,-0.05457135,-0.04678174,-0.1874019,-0.004809141,-0.9811569,0.3681912,-0.08999798,0.925384,0.07038569,0.05480003,-0.1850296,-0.009919161,-0.03022001,0.005352623,0.9994797,-0.06051477,0.01950449,0.9979767
Fixation,15.5757,0.03521477,0.05046403,-0.05881729,-0.02330062,-0.2706062,-0.00319672,-0.9624028,0.5210132,-0.04311906,0.8524588,0.1049012,0.04969943,-0.05456794,-0.04678209,-0.1874033,-0.004832839,-0.9811565,0.3681961,-0.08998973,0.9253829,0.07041942,0.05479991,-0.1850261,-0.009913663,-0.03021989,0.005375724,0.9994797,-0.06051493,0.0194921,0.997977
Fixation,15.5863,0.03522022,0.05046582,-0.05880333,-0.02336437,-0.2705725,-0.00313296,-0.962411,0.5209503,-0.04327687,0.8524893,0.1049063,0.04968977,-0.05454946,-0.04687347,-0.1875713,-0.004763481,-0.9811204,0.3685066,-0.09019005,0.9252398,0.07042596,0.05479658,-0.1850094,-0.009872246,-0.03025226,0.005294684,0.9994795,-0.06057756,0.01941386,0.9979747
Fixation,15.5978,0.03521496,0.05047596,-0.05878726,-0.02334269,-0.2705771,-0.003056262,-0.9624104,0.5209551,-0.04327659,0.8524863,0.104901,0.04969072,-0.0545342,-0.04684539,-0.1875745,-0.00468882,-0.9811215,0.368506,-0.09016304,0.9252427,0.07042121,0.05480134,-0.1849942,-0.009915859,-0.03024506,0.005228201,0.9994797,-0.06056233,0.01950515,0.9979738
Fixation,15.6089,0.03521335,0.0504806,-0.05877341,-0.02311753,-0.2709685,-0.003006916,-0.9623059,0.5216482,-0.04286271,0.8520833,0.1048993,0.04969275,-0.0545192,-0.04678842,-0.1875662,-0.004654135,-0.981126,0.3684877,-0.09006474,0.9252595,0.07041989,0.05480373,-0.1849803,-0.009979158,-0.03025208,0.005206279,0.9994789,-0.06057655,0.01963292,0.9979705
Fixation,15.6201,0.03520917,0.05048573,-0.05875955,-0.02311268,-0.2709906,-0.002993449,-0.9622998,0.5216869,-0.04286026,0.8520598,0.1048953,0.04969633,-0.05450855,-0.04667182,-0.1877045,-0.004636002,-0.9811051,0.3687485,-0.08983952,0.9251775,0.07041552,0.0548079,-0.1849682,-0.009987612,-0.03022873,0.005195651,0.9994796,-0.06052978,0.01965071,0.997973
Fixation,15.6311,0.03521204,0.05049217,-0.05874709,-0.02306791,-0.2709692,-0.002992752,-0.9623069,0.5216492,-0.04277493,0.8520871,0.1048979,0.04970455,-0.05449287,-0.0466271,-0.1876831,-0.004639653,-0.9811113,0.3687087,-0.0897512,0.925202,0.07041857,0.05481458,-0.1849545,-0.01003074,-0.0302512,0.005207676,0.9994785,-0.06057533,0.01973595,0.9979685
Fixation,15.6417,0.0352056,0.0504905,-0.05874471,-0.02298801,-0.2714002,-0.002952595,-0.9621875,0.5224115,-0.04263489,0.8516269,0.1048919,0.04969871,-0.05449835,-0.04662499,-0.1877371,-0.00460504,-0.9811013,0.3688076,-0.0897586,0.9251618,0.0704117,0.05481052,-0.1849562,-0.01003974,-0.0301944,0.005177511,0.9994802,-0.06046138,0.01975637,0.997975
Fixation,15.6528,0.0352626,0.05046439,-0.05875481,-0.02294897,-0.2713663,-0.002961254,-0.962198,0.5223522,-0.04255574,0.8516673,0.1049487,0.04967546,-0.0545034,-0.04649021,-0.1878902,-0.004612877,-0.9810783,0.369099,-0.08948765,0.9250718,0.07046899,0.05478525,-0.1849641,-0.01007471,-0.03023018,0.005196327,0.9994787,-0.06053354,0.01982475,0.9979693
Fixation,15.6645,0.03525387,0.05046535,-0.05875149,-0.02300433,-0.2714056,-0.002831502,-0.962186,0.5224156,-0.04273192,0.8516197,0.1049401,0.04965687,-0.05450628,-0.04653439,-0.187927,-0.004477941,-0.9810698,0.3691558,-0.08962393,0.925036,0.07046092,0.05477667,-0.1849637,-0.01006047,-0.03018473,0.00505736,0.9994809,-0.06043989,0.01980519,0.9979753
Fixation,15.6751,0.03525172,0.05046988,-0.05873969,-0.02292772,-0.2717707,-0.002884864,-0.9620846,0.5230651,-0.04254876,0.85123,0.104938,0.04967022,-0.054494,-0.04651682,-0.1879268,-0.004538903,-0.9810704,0.369161,-0.0895666,0.9250395,0.07045826,0.05478561,-0.1849517,-0.01006439,-0.03018862,0.005120564,0.9994804,-0.06044894,0.01980916,0.9979747
Fixation,15.6864,0.03524563,0.05044794,-0.05872638,-0.02290383,-0.2717644,-0.002925994,-0.9620868,0.523056,-0.04248058,0.851239,0.1049319,0.04965484,-0.05447961,-0.04650844,-0.188072,-0.004580766,-0.9810428,0.3694395,-0.08953052,0.9249318,0.07045187,0.05476677,-0.184938,-0.01007487,-0.03019668,0.005166732,0.9994798,-0.06046605,0.01982723,0.9979733
Fixation,15.6972,0.03523242,0.05042791,-0.05870926,-0.02285066,-0.2717294,-0.002887638,-0.9620981,0.5229927,-0.04239983,0.8512819,0.1049184,0.04963207,-0.05445737,-0.04645208,-0.1880359,-0.004547985,-0.9810525,0.3693687,-0.0894335,0.9249694,0.07043931,0.05474436,-0.1849189,-0.01013747,-0.0302321,0.005144962,0.9994783,-0.06053697,0.01995328,0.9979665
Fixation,15.7088,0.03521428,0.05042601,-0.05871024,-0.02297223,-0.2717023,-0.002871772,-0.9621029,0.5229432,-0.04264276,0.8513002,0.1048999,0.0496223,-0.05445482,-0.04657166,-0.188007,-0.004522395,-0.9810525,0.3693106,-0.089678,0.924969,0.07042192,0.05474031,-0.184917,-0.01002652,-0.03025883,0.005092377,0.9994788,-0.06058823,0.01973441,0.9979677
Fixation,15.7196,0.03520029,0.05041432,-0.05870923,-0.02304944,-0.2720591,-0.002937689,-0.962,0.5235772,-0.04274866,0.8509051,0.1048857,0.04961824,-0.05444898,-0.04660736,-0.1879749,-0.004589282,-0.9810566,0.3692558,-0.08972358,0.9249864,0.07040787,0.05473328,-0.1849131,-0.009977435,-0.03029485,0.005147951,0.999478,-0.06066079,0.01963254,0.9979653
Fixation,15.7310,0.03520596,0.05038643,-0.05873028,-0.02309868,-0.2720576,-0.002949003,-0.9619992,0.5235746,-0.04283722,0.8509023,0.1048914,0.04958951,-0.05446991,-0.04673661,-0.1880956,-0.004597384,-0.9810274,0.3694835,-0.0899703,0.9248715,0.07041358,0.05470586,-0.1849336,-0.009927072,-0.03029648,0.005143862,0.9994785,-0.06066349,0.01953211,0.9979671
Fixation,15.7419,0.03519031,0.05037427,-0.05873354,-0.02321616,-0.2723371,-0.003039041,-0.961917,0.5240725,-0.04300876,0.850587,0.1048751,0.04958856,-0.05446117,-0.04675866,-0.1880143,-0.004688775,-0.9810414,0.3693382,-0.08998124,0.9249285,0.0703983,0.0546999,-0.1849304,-0.009886535,-0.03038395,0.005223443,0.9994758,-0.06083933,0.01944529,0.9979581
Fixation,15.7531,0.03517463,0.05037165,-0.05873354,-0.02322192,-0.2723799,-0.003084781,-0.9619046,0.5241503,-0.04299407,0.8505399,0.1048599,0.04959178,-0.05446726,-0.04676849,-0.188059,-0.004732791,-0.9810322,0.3694265,-0.0899827,0.9248931,0.07038171,0.05470061,-0.1849333,-0.00986685,-0.03034098,0.005266763,0.999477,-0.06075415,0.01940378,0.9979641
Fixation,15.7641,0.03515875,0.05036664,-0.05873689,-0.02325166,-0.2723428,-0.003106417,-0.9619143,0.5240854,-0.04304019,0.8505775,0.1048437,0.0495882,-0.05446527,-0.04674534,-0.188282,-0.004748195,-0.9809905,0.3698496,-0.08992548,0.9247295,0.0703662,0.05469692,-0.1849336,-0.009832322,-0.03037998,0.005277151,0.9994761,-0.06083191,0.0193337,0.9979607
Fixation,15.7753,0.03516543,0.05033112,-0.05873762,-0.02343212,-0.2727032,-0.003073359,-0.9618079,0.5247201,-0.04339818,0.8501678,0.1048505,0.04954827,-0.05446881,-0.04673974,-0.1883004,-0.004713387,-0.9809873,0.3698812,-0.08992712,0.9247167,0.0703729,0.05465889,-0.1849359,-0.00984518,-0.03035934,0.005245516,0.9994768,-0.06079019,0.01936156,0.9979628
Fixation,15.7863,0.03515566,0.05032957,-0.05874326,-0.02343443,-0.2726926,-0.003126773,-0.9618107,0.5247039,-0.04337368,0.8501791,0.1048407,0.04955351,-0.05447279,-0.04674662,-0.1882908,-0.004766637,-0.9809886,0.3698679,-0.08992077,0.9247227,0.07036286,0.05466104,-0.1849406,-0.009826957,-0.03037206,0.005295348,0.9994763,-0.06081637,0.01932196,0.9979619
Fixation,15.7979,0.0351471,0.05034709,-0.0587474,-0.02344947,-0.2726611,-0.003195612,-0.9618191,0.5246511,-0.04336566,0.8502121,0.1048319,0.04957926,-0.05447221,-0.04687957,-0.1884515,-0.004835963,-0.9809511,0.3701768,-0.09015045,0.9245767,0.07035418,0.05468333,-0.184942,-0.009792154,-0.030407,0.005355318,0.9994753,-0.06088696,0.01924835,0.9979591
Fixation,15.8089,0.03514998,0.0503341,-0.05875804,-0.02334382,-0.2730159,-0.003122449,-0.9617212,0.5252762,-0.04319555,0.8498347,0.1048354,0.04956114,-0.0544937,-0.04679599,-0.1885272,-0.004772051,-0.9809408,0.3703147,-0.09000886,0.9245353,0.07035646,0.05466616,-0.184959,-0.009886927,-0.0303273,0.005315626,0.999477,-0.06072798,0.0194411,0.997965
Fixation,15.8197,0.03515678,0.05033827,-0.05876336,-0.02333904,-0.2729888,-0.003174747,-0.9617289,0.5252305,-0.04315832,0.8498648,0.1048421,0.04957235,-0.05449492,-0.04679564,-0.1885007,-0.004825207,-0.9809457,0.3702695,-0.08998885,0.9245553,0.07036319,0.05467403,-0.1849622,-0.009875959,-0.03035727,0.005365962,0.999476,-0.0607887,0.01941578,0.9979618
Fixation,15.8316,0.0351528,0.05034161,-0.05877132,-0.02331133,-0.2730306,-0.003143407,-0.9617178,0.5253034,-0.04312136,0.8498217,0.1048384,0.04957283,-0.05450895,-0.04668165,-0.1886877,-0.00479128,-0.9809153,0.3706207,-0.08977339,0.9244355,0.07035885,0.05467534,-0.1849735,-0.009911438,-0.03031298,0.005345905,0.999477,-0.06070022,0.01948841,0.9979658
Fixation,15.8423,0.03515903,0.05035067,-0.05877637,-0.02323332,-0.2733104,-0.00311286,-0.9616402,0.5257972,-0.04298263,0.8495232,0.1048446,0.04958034,-0.05451389,-0.04664152,-0.1886869,-0.004768572,-0.9809175,0.3706175,-0.08970345,0.9244436,0.07036521,0.05468285,-0.1849789,-0.009955612,-0.03031293,0.005332485,0.9994767,-0.06070031,0.01957752,0.997964
Fixation,15.8533,0.0351845,0.05034804,-0.05878548,-0.02327737,-0.2733491,-0.00301229,-0.9616285,0.5258608,-0.04312156,0.8494769,0.1048703,0.04956257,-0.054529,-0.04667681,-0.1887239,-0.004663648,-0.9809092,0.3706774,-0.08981114,0.9244092,0.07039108,0.05467284,-0.1849909,-0.009943628,-0.03026907,0.005224696,0.9994787,-0.06061048,0.01956059,0.9979698
Fixation,15.8647,0.03519711,0.05036199,-0.05878753,-0.02325219,-0.2733527,-0.003027798,-0.961628,0.5258681,-0.04306459,0.8494753,0.104883,0.04957974,-0.05453146,-0.0467358,-0.1889685,-0.004681038,-0.9808592,0.3711406,-0.08991334,0.9242133,0.07040346,0.0546881,-0.1849934,-0.009962915,-0.03026599,0.005247204,0.9994785,-0.06060497,0.01959782,0.9979694
Fixation,15.8753,0.03520082,0.05037439,-0.05878844,-0.02310347,-0.2735457,-0.003018844,-0.9615768,0.5262098,-0.04277994,0.849278,0.1048871,0.04959202,-0.0545387,-0.04673333,-0.189013,-0.004677361,-0.9808508,0.3712243,-0.08990868,0.9241802,0.07040662,0.05470049,-0.1849975,-0.00996564,-0.03022058,0.005246727,0.9994798,-0.06051429,0.01960379,0.9979748
Fixation,15.8862,0.03520863,0.05037546,-0.0587841,-0.02303156,-0.2735213,-0.002969219,-0.9615856,0.5261651,-0.04266935,0.8493113,0.1048946,0.04958975,-0.05453076,-0.04665736,-0.1889877,-0.004634777,-0.9808595,0.3711732,-0.08977678,0.9242135,0.07041498,0.05469847,-0.1849921,-0.01004945,-0.03024475,0.005220362,0.9994784,-0.06056287,0.01977263,0.9979686
Fixation,15.8975,0.03521854,0.05034757,-0.05879743,-0.02304097,-0.2734519,-0.0029567,-0.9616052,0.5260417,-0.0426956,0.8493864,0.1049039,0.04955959,-0.05453408,-0.04652577,-0.1891688,-0.004616198,-0.9808309,0.3715146,-0.08952133,0.9241011,0.07042593,0.0546695,-0.1850004,-0.01004494,-0.03031643,0.005203214,0.9994763,-0.06070563,0.01976387,0.99796
Fixation,15.9084,0.03521679,0.05035937,-0.05880231,-0.02304921,-0.2737901,-0.0029784,-0.9615087,0.5266405,-0.04269311,0.8490154,0.1049027,0.04957497,-0.05454813,-0.04652538,-0.1892344,-0.004639328,-0.9808182,0.3716407,-0.08951003,0.9240515,0.07042313,0.05468309,-0.1850098,-0.01003953,-0.03025107,0.005229602,0.9994782,-0.06057557,0.01975218,0.9979681
Fixation,15.9205,0.03522242,0.05037403,-0.05881004,-0.02307991,-0.2737583,-0.00295964,-0.961517,0.5265832,-0.04276299,0.8490474,0.104908,0.04958558,-0.05455137,-0.04659293,-0.1893563,-0.004618204,-0.9807915,0.3718685,-0.08964693,0.9239466,0.0704294,0.0546962,-0.1850151,-0.01001626,-0.0302833,0.005201354,0.9994776,-0.06063916,0.01970702,0.9979652
Fixation,15.9309,0.03523127,0.05039048,-0.05881097,-0.02308334,-0.2737917,-0.002994831,-0.9615073,0.5266438,-0.04274968,0.8490105,0.1049172,0.04960656,-0.05455706,-0.04659951,-0.1893911,-0.004652144,-0.9807844,0.3719372,-0.08964599,0.923919,0.07043754,0.05471516,-0.1850183,-0.010002,-0.03024978,0.005234978,0.9994786,-0.06057274,0.01967687,0.9979698
Fixation,15.9420,0.03524541,0.05040336,-0.05880425,-0.02290724,-0.2741038,-0.002961062,-0.9614227,0.527195,-0.0424238,0.8486847,0.1049317,0.04961872,-0.05455622,-0.04654048,-0.1894331,-0.004629148,-0.9807792,0.3720149,-0.08953803,0.9238982,0.07045124,0.0547266,-0.1850151,-0.01006424,-0.03020646,0.0052279,0.9994794,-0.06048669,0.01980218,0.9979725
Fixation,15.9532,0.03525417,0.05042279,-0.0587991,-0.02282257,-0.2740907,-0.002960672,-0.9614285,0.5271723,-0.04226154,0.8487068,0.1049404,0.04964197,-0.05454893,-0.04652392,-0.1896289,-0.00463615,-0.9807421,0.3723854,-0.08949764,0.9237528,0.07045998,0.05474663,-0.1850097,-0.0101452,-0.03022071,0.005252723,0.999478,-0.06051644,0.01996233,0.9979675
Fixation,15.9641,0.03526463,0.05044115,-0.05879404,-0.02273015,-0.2741062,-0.002968074,-0.9614262,0.5272008,-0.04207958,0.8486983,0.104951,0.04966569,-0.05454584,-0.04643261,-0.1896456,-0.00465116,-0.9807431,0.3724192,-0.08931279,0.9237571,0.07046996,0.05476618,-0.1850064,-0.01023091,-0.03020547,0.005288293,0.9994774,-0.06048758,0.02013165,0.9979659
Fixation,15.9750,0.03527357,0.0504266,-0.0587844,-0.0228189,-0.2744008,-0.002943079,-0.9613401,0.5277193,-0.04225829,0.848367,0.1049597,0.04964519,-0.05453299,-0.04649187,-0.1896204,-0.004624397,-0.9807453,0.3723686,-0.0894396,0.9237652,0.07047954,0.05474949,-0.1849947,-0.01017918,-0.03022898,0.005247802,0.9994774,-0.06053319,0.02003044,0.9979652
Fixation,15.9860,0.03528546,0.05043268,-0.05876256,-0.02270492,-0.2744673,-0.00293011,-0.9613239,0.527837,-0.04204512,0.8483043,0.1049722,0.0496552,-0.05452049,-0.04637753,-0.1896888,-0.004619783,-0.9807374,0.3724984,-0.08921571,0.9237345,0.0704904,0.05475581,-0.1849786,-0.01029111,-0.03016033,0.005272276,0.9994782,-0.06039769,0.02025345,0.9979689
Fixation,15.9975,0.035294,0.05046213,-0.05875693,-0.02265629,-0.2744418,-0.002919579,-0.9613324,0.5277919,-0.04195794,0.8483368,0.1049805,0.04968548,-0.05451106,-0.04619979,-0.1896726,-0.004610201,-0.9807491,0.3724684,-0.08887194,0.9237798,0.07049925,0.05478477,-0.1849715,-0.0103409,-0.0301868,0.005276121,0.9994769,-0.06045113,0.02035244,0.9979637
Fixation,16.0091,0.03530784,0.05048525,-0.05874131,-0.02255792,-0.2744203,-0.002841829,-0.9613411,0.5277511,-0.041812,0.8483693,0.1049941,0.04970276,-0.05449225,-0.04609504,-0.1896497,-0.00454186,-0.9807587,0.3724199,-0.0886935,0.9238165,0.07051377,0.05480301,-0.1849554,-0.01045845,-0.03020729,0.005231166,0.9994752,-0.06049229,0.02058988,0.9979563
Fixation,16.0195,0.03532062,0.05044329,-0.05876026,-0.02258596,-0.2746772,-0.002833144,-0.9612671,0.5282042,-0.04186587,0.8480846,0.1050066,0.04965854,-0.0545068,-0.04612718,-0.1896176,-0.004534669,-0.9807635,0.3723584,-0.08876,0.9238349,0.07052708,0.05476034,-0.1849718,-0.01042899,-0.03023916,0.005215285,0.9994747,-0.06055532,0.02053162,0.9979537
Fixation,16.0307,0.03533383,0.0503999,-0.05876022,-0.02265056,-0.2746489,-0.002855533,-0.9612736,0.5281547,-0.04197823,0.8481099,0.1050196,0.04961503,-0.05450278,-0.04619662,-0.1897201,-0.004550615,-0.9807403,0.3725527,-0.08888708,0.9237443,0.07054063,0.05471814,-0.1849691,-0.0103609,-0.03026887,0.005216035,0.9994745,-0.060614,0.02039515,0.9979529
Fixation,16.0422,0.03535369,0.05033207,-0.05873825,-0.02269831,-0.2749329,-0.00288078,-0.9611912,0.5286569,-0.04205079,0.8477934,0.1050395,0.04954696,-0.0544815,-0.04628521,-0.1897236,-0.004572581,-0.9807353,0.3725606,-0.08905203,0.9237252,0.07056039,0.05465174,-0.1849466,-0.01026951,-0.03026554,0.005218233,0.9994755,-0.06060651,0.02021238,0.9979571
Fixation,16.0526,0.0353745,0.05028188,-0.05871555,-0.02281138,-0.2749035,-0.002929898,-0.9611968,0.5286064,-0.04224157,0.8478155,0.10506,0.04949796,-0.05445472,-0.04640193,-0.1896938,-0.004612314,-0.9807354,0.3725069,-0.08926617,0.9237263,0.07058144,0.05460417,-0.1849207,-0.01014713,-0.03029691,0.005229655,0.9994758,-0.06066819,0.01996673,0.9979582
Fixation,16.0639,0.03539389,0.05026972,-0.05867948,-0.0228836,-0.2749154,-0.002883523,-0.9611917,0.5286248,-0.0424056,0.8477957,0.1050795,0.0494765,-0.0544207,-0.04653955,-0.189826,-0.004560264,-0.9807035,0.3727505,-0.08955169,0.9236003,0.07060122,0.05458832,-0.1848851,-0.01009228,-0.03028245,0.005163971,0.9994771,-0.06063746,0.01986124,0.9979622
Fixation,16.0772,0.03541243,0.05029154,-0.0586343,-0.02283711,-0.2751746,-0.002747474,-0.9611191,0.5290767,-0.0423863,0.8475147,0.105098,0.04947782,-0.0543801,-0.04660057,-0.1898509,-0.004423982,-0.9806964,0.3727845,-0.08972224,0.92357,0.0706206,0.05460024,-0.184842,-0.01006229,-0.0302488,0.00501929,0.9994792,-0.06056711,0.01981045,0.9979675
Fixation,16.0888,0.03543337,0.05029833,-0.05861426,-0.02290184,-0.2752393,-0.002675257,-0.9610993,0.529187,-0.04254921,0.8474377,0.1051194,0.04947233,-0.05436979,-0.04665894,-0.1899148,-0.004344802,-0.9806817,0.3728973,-0.08986484,0.9235107,0.07064141,0.05460155,-0.1848264,-0.01002195,-0.03017882,0.004933054,0.9994821,-0.06042526,0.01973577,0.9979776
Fixation,16.1005,0.03546546,0.05029166,-0.05860312,-0.02304552,-0.2752806,-0.002685051,-0.9610839,0.5292593,-0.04281907,0.847379,0.1051518,0.04946041,-0.05436504,-0.04668096,-0.1900543,-0.004336229,-0.9806536,0.3731598,-0.08990747,0.9234005,0.0706732,0.05459452,-0.1848172,-0.009881658,-0.03013509,0.004900112,0.999485,-0.06033599,0.01945781,0.9979885
Fixation,16.1105,0.03548196,0.05028558,-0.05858368,-0.0230484,-0.2755066,-0.002752532,-0.9610189,0.5296611,-0.04278321,0.8471298,0.1051684,0.04946041,-0.05434489,-0.04675815,-0.1900502,-0.004401939,-0.9806504,0.3731573,-0.09003362,0.9233892,0.07068936,0.05459297,-0.1847966,-0.009791891,-0.03014215,0.004946956,0.9994854,-0.06035016,0.01927548,0.9979911
Fixation,16.1217,0.03548769,0.05028582,-0.05857613,-0.02315071,-0.2754612,-0.002745514,-0.9610295,0.5295798,-0.04298446,0.8471704,0.1051737,0.04945493,-0.05433108,-0.04685919,-0.1900029,-0.00438708,-0.9806548,0.3730657,-0.09023827,0.9234062,0.07069597,0.05459201,-0.1847849,-0.009696987,-0.03018833,0.004907615,0.9994851,-0.06044076,0.01908768,0.9979892
Fixation,16.1329,0.03549101,0.05026174,-0.0585907,-0.02327582,-0.2754385,-0.002771303,-0.9610329,0.5295399,-0.04321102,0.8471838,0.1051768,0.04942834,-0.05434264,-0.04687765,-0.1899736,-0.004399147,-0.9806595,0.3730112,-0.09027059,0.9234251,0.07069966,0.05456877,-0.1847968,-0.009570142,-0.03021189,0.004893336,0.9994857,-0.06048637,0.01883477,0.9979913
Fixation,16.1437,0.0354966,0.05026114,-0.05858177,-0.0230808,-0.2755962,-0.002885947,-0.9609921,0.5298247,-0.04277021,0.8470281,0.1051827,0.04944777,-0.05433615,-0.04679832,-0.1899981,-0.004525383,-0.9806581,0.3730698,-0.09006666,0.9234213,0.07070382,0.05457735,-0.1847896,-0.009619647,-0.03019492,0.005035084,0.9994851,-0.06045561,0.01892532,0.9979914
Fixation,16.1549,0.03549123,0.0502851,-0.05857109,-0.02302626,-0.2756045,-0.002819715,-0.9609912,0.5298368,-0.04270182,0.847024,0.1051774,0.04946542,-0.05432668,-0.04673827,-0.1900055,-0.00446402,-0.9806598,0.3730788,-0.08997231,0.9234269,0.07069875,0.05459702,-0.1847802,-0.009691685,-0.03018455,0.004988907,0.999485,-0.06043471,0.01907221,0.99799
Fixation,16.1666,0.03549122,0.05030787,-0.05856162,-0.02291678,-0.275625,-0.002735909,-0.9609882,0.5298702,-0.04253733,0.8470113,0.1051775,0.04948235,-0.0543201,-0.04635259,-0.1898055,-0.004383995,-0.9807172,0.3726974,-0.08925335,0.9236506,0.07069889,0.05461454,-0.1847734,-0.009821316,-0.03016122,0.004943142,0.9994846,-0.06038844,0.01933433,0.9979877
Fixation,16.1775,0.03551231,0.05032158,-0.05857696,-0.02283037,-0.2755123,-0.002688206,-0.9610226,0.5296699,-0.04239975,0.8471435,0.1051988,0.04949415,-0.05434054,-0.04625427,-0.1898421,-0.004342026,-0.9807149,0.3727637,-0.0890759,0.923641,0.07071969,0.05462575,-0.1847923,-0.00992615,-0.03012263,0.004925886,0.9994848,-0.06031201,0.01954531,0.9979882
Fixation,16.1882,0.03550506,0.05032158,-0.05857911,-0.02274022,-0.275522,-0.002699062,-0.961022,0.5296881,-0.0422204,0.847141,0.1051917,0.04949975,-0.0543438,-0.04616551,-0.1898529,-0.004360538,-0.9807169,0.3727865,-0.08889487,0.9236493,0.07071202,0.05462706,-0.1847958,-0.01000866,-0.03011365,0.00496397,0.9994841,-0.06029559,0.01970802,0.997986
Fixation,16.1995,0.03548767,0.05031931,-0.05859075,-0.02275988,-0.2755022,-0.002731407,-0.9610271,0.5296544,-0.04224069,0.8471611,0.1051742,0.04950082,-0.05435255,-0.0461407,-0.1897865,-0.004390599,-0.9807308,0.3726641,-0.08883666,0.9237043,0.07069468,0.05462706,-0.1848057,-0.009980275,-0.03013514,0.004988112,0.9994836,-0.06033873,0.01964961,0.9979845
Fixation,16.2105,0.03547526,0.05029178,-0.05860423,-0.02267164,-0.2754804,-0.002819663,-0.9610352,0.5296205,-0.04202297,0.8471931,0.1051615,0.0494864,-0.05435882,-0.04611823,-0.1897402,-0.004484334,-0.9807404,0.3725854,-0.08875829,0.9237435,0.0706821,0.05460596,-0.1848156,-0.009982185,-0.03018769,0.005081701,0.9994815,-0.06044553,0.01964721,0.9979781
Fixation,16.2220,0.03546244,0.05025113,-0.05863113,-0.02264529,-0.2753861,-0.002959104,-0.9610624,0.5294604,-0.04189729,0.8472994,0.105148,0.04946506,-0.0543716,-0.04610387,-0.1896471,-0.004627801,-0.9807584,0.3724226,-0.08867822,0.9238169,0.07066934,0.05457532,-0.1848353,-0.009965773,-0.0302905,0.005219283,0.9994779,-0.06065339,0.01960495,0.9979663
Fixation,16.2328,0.0354444,0.05023241,-0.05864692,-0.02269511,-0.275324,-0.003039782,-0.9610788,0.5293541,-0.04194973,0.8473633,0.1051295,0.04945433,-0.05437833,-0.04585371,-0.1895023,-0.004696926,-0.9807978,0.3721577,-0.08816627,0.9239726,0.07065158,0.05456173,-0.1848458,-0.009894352,-0.03035725,0.005278841,0.9994762,-0.06078716,0.01945784,0.9979611
Fixation,16.2440,0.03542066,0.0502125,-0.05864993,-0.0224421,-0.2752121,-0.003032655,-0.9611168,0.5291582,-0.04146971,0.8475093,0.1051053,0.04943573,-0.05437308,-0.04581927,-0.189445,-0.004700169,-0.9808105,0.37205,-0.0880992,0.9240224,0.07062851,0.05454206,-0.184845,-0.00992791,-0.03041605,0.005286289,0.999474,-0.06090507,0.0195238,0.9979526
Fixation,16.2556,0.03541773,0.05019844,-0.05866701,-0.02244055,-0.2751824,-0.003083097,-0.9611251,0.5291078,-0.04143952,0.8475421,0.1051022,0.04942822,-0.05438571,-0.04562897,-0.1893513,-0.004746125,-0.9808372,0.3718787,-0.0877118,0.9241282,0.07062555,0.05453146,-0.1848597,-0.009914324,-0.0304486,0.005333786,0.9994729,-0.06097086,0.01949338,0.9979492
Fixation,16.2667,0.03540741,0.05018735,-0.05868307,-0.02245592,-0.2751835,-0.003124089,-0.9611244,0.5291114,-0.04144646,0.8475396,0.1050919,0.04942191,-0.05440186,-0.04564787,-0.1893531,-0.004785565,-0.9808357,0.3718855,-0.08773381,0.9241233,0.07061493,0.05452323,-0.1848755,-0.009887199,-0.03044873,0.005368173,0.999473,-0.06097152,0.01943707,0.9979503
Fixation,16.2773,0.03539589,0.0501895,-0.05867793,-0.02246594,-0.2751164,-0.0031006,-0.9611434,0.528992,-0.04147992,0.8476124,0.1050801,0.04941785,-0.05439295,-0.0457135,-0.1893237,-0.004758155,-0.9808385,0.371827,-0.08787345,0.9241336,0.07060411,0.05452323,-0.1848679,-0.009829424,-0.03047643,0.00532545,0.999473,-0.06102542,0.01932389,0.9979491
Fixation,16.2885,0.0353864,0.05019534,-0.05867572,-0.02248778,-0.275071,-0.003099786,-0.9611559,0.5289117,-0.04152321,0.8476605,0.1050702,0.04942238,-0.0543842,-0.04557619,-0.1892574,-0.004751912,-0.9808577,0.3717024,-0.08760885,0.9242089,0.07059526,0.05452883,-0.1848622,-0.009809289,-0.0305235,0.005316508,0.9994718,-0.06111906,0.01928366,0.9979442
Fixation,16.3000,0.03537702,0.05018771,-0.05867574,-0.02247784,-0.2750655,-0.003039519,-0.9611579,0.5288993,-0.04153737,0.8476675,0.1050607,0.04940724,-0.05438354,-0.04556097,-0.1892505,-0.004692907,-0.9808601,0.3716842,-0.08760161,0.9242169,0.07058642,0.05451691,-0.1848621,-0.009837158,-0.0305274,0.005261971,0.9994717,-0.06112607,0.01934265,0.9979426
Fixation,16.3111,0.03536889,0.05018425,-0.05867441,-0.02245124,-0.274986,-0.003102652,-0.9611811,0.5287619,-0.04145304,0.8477573,0.1050523,0.04941022,-0.0543768,-0.04560919,-0.1892138,-0.004754508,-0.9808646,0.37162,-0.08767363,0.9242359,0.07057834,0.05451763,-0.1848575,-0.009776965,-0.03056764,0.005309361,0.9994708,-0.06120674,0.01921899,0.9979401
Fixation,16.3215,0.03535032,0.05016482,-0.05867561,-0.02244221,-0.275011,-0.003193361,-0.9611738,0.5288101,-0.04138532,0.8477306,0.1050341,0.04940319,-0.05438137,-0.04560827,-0.1892414,-0.004845036,-0.9808589,0.3716801,-0.08763679,0.9242152,0.0705587,0.05450475,-0.1848603,-0.009757733,-0.03054465,0.0053993,0.9994712,-0.06116236,0.01917531,0.9979436
Fixation,16.3329,0.03536001,0.05016184,-0.05869778,-0.02241005,-0.2749099,-0.003216953,-0.9612034,0.5286329,-0.04131248,0.8478446,0.1050429,0.0494045,-0.05438874,-0.04556472,-0.1892568,-0.004872101,-0.9808578,0.371712,-0.08754087,0.9242114,0.07056945,0.05450344,-0.1848752,-0.00978217,-0.03065062,0.005428169,0.9994676,-0.06137479,0.01922117,0.9979297
Fixation,16.3436,0.03535877,0.05016899,-0.05871134,-0.02239919,-0.2748939,-0.003157472,-0.9612085,0.528602,-0.04132463,0.8478633,0.1050414,0.04940438,-0.0544001,-0.04554864,-0.1892392,-0.004814206,-0.9808623,0.3716737,-0.08753181,0.9242277,0.07056887,0.05450654,-0.1848879,-0.009810764,-0.03066547,0.005374303,0.9994671,-0.06140371,0.01928146,0.9979268
Fixation,16.3554,0.03535663,0.05017102,-0.05870889,-0.0223097,-0.2748171,-0.003061917,-0.9612328,0.5284631,-0.04120671,0.8479556,0.1050386,0.04939497,-0.05438893,-0.04551541,-0.1891747,-0.004724501,-0.9808766,0.3715442,-0.08750249,0.9242826,0.07056823,0.05450201,-0.1848815,-0.009863588,-0.03072635,0.005290566,0.9994652,-0.06152419,0.01939151,0.9979172
Fixation,16.3661,0.03536122,0.05017734,-0.05871172,-0.02233293,-0.2748998,-0.002915063,-0.9612091,0.5286026,-0.04133052,0.8478627,0.1050438,0.04938114,-0.05440419,-0.04545107,-0.1890331,-0.00457438,-0.9809077,0.371264,-0.08743718,0.9244013,0.07057297,0.05449784,-0.1848908,-0.009885339,-0.03063546,0.005146448,0.9994685,-0.06134011,0.01944484,0.9979275
Fixation,16.3799,0.03537543,0.0501709,-0.05872738,-0.02231496,-0.2750263,-0.002779908,-0.9611737,0.5288202,-0.04136801,0.8477252,0.1050579,0.04935563,-0.0544217,-0.04547435,-0.18904,-0.004439392,-0.9809059,0.3712647,-0.08753368,0.9243919,0.0705882,0.05448174,-0.1849074,-0.009892077,-0.03062075,0.005010243,0.9994696,-0.06130815,0.01946682,0.997929
Fixation,16.3906,0.03538151,0.05017388,-0.05873663,-0.02236196,-0.2751291,-0.002757708,-0.9611433,0.5290003,-0.04146864,0.8476079,0.1050648,0.04935396,-0.05444606,-0.04551957,-0.1891442,-0.004410672,-0.9808838,0.3714585,-0.08763031,0.9243049,0.07059323,0.05448294,-0.1849239,-0.009853066,-0.03051283,0.004978232,0.9994734,-0.06109163,0.01939196,0.9979438
Fixation,16.3996,0.035382,0.05015671,-0.05873477,-0.02232322,-0.2750857,-0.002729771,-0.9611567,0.5289227,-0.04141038,0.8476591,0.1050649,0.04933476,-0.05443785,-0.04527047,-0.188919,-0.004382966,-0.9809389,0.3710328,-0.08715908,0.9245204,0.07059442,0.0544641,-0.1849193,-0.009898897,-0.03055738,0.004961974,0.9994717,-0.06118071,0.01948408,0.9979365
Fixation,16.4107,0.03538704,0.05013192,-0.05875298,-0.02241612,-0.2750796,-0.002747806,-0.9611562,0.5289122,-0.04157906,0.8476574,0.1050699,0.04930794,-0.05445541,-0.04536451,-0.1889125,-0.004392844,-0.9809358,0.3710206,-0.08733962,0.9245083,0.07059959,0.05443978,-0.1849363,-0.009804945,-0.03056356,0.004950684,0.9994725,-0.06119195,0.01929693,0.9979395
Fixation,16.4218,0.03540479,0.05011272,-0.0587682,-0.02232427,-0.2750652,-0.002924895,-0.9611619,0.528895,-0.04130541,0.8476815,0.1050882,0.04931414,-0.0544745,-0.04534228,-0.1889478,-0.004572968,-0.9809291,0.3711036,-0.08722702,0.9244856,0.07061543,0.0544337,-0.1849533,-0.009786873,-0.0305378,0.005133002,0.9994725,-0.06114385,0.01924992,0.9979433
Fixation,16.4328,0.03541611,0.05011153,-0.05877107,-0.02234545,-0.2750397,-0.003078196,-0.9611683,0.5288564,-0.04126222,0.8477077,0.1050994,0.04933202,-0.05447333,-0.04514582,-0.1886533,-0.004720269,-0.9809942,0.3705618,-0.08679459,0.9247435,0.07062589,0.05444312,-0.1849536,-0.009720299,-0.03056915,0.005271663,0.9994715,-0.06120848,0.01910802,0.9979421
Fixation,16.4439,0.03541101,0.05012488,-0.05876832,-0.0224156,-0.2750695,-0.003006907,-0.9611583,0.5289056,-0.04143567,0.8476686,0.1050945,0.04933286,-0.0544753,-0.04520946,-0.1886818,-0.004642352,-0.9809862,0.3706082,-0.08694786,0.9247106,0.07062113,0.05445087,-0.1849528,-0.009674858,-0.03053532,0.005183449,0.9994735,-0.06113879,0.01902297,0.997948
Fixation,16.4550,0.03542976,0.05011904,-0.05877023,-0.0222453,-0.27517,-0.003077738,-0.9611333,0.5290869,-0.0410676,0.8475733,0.1051137,0.04933596,-0.05448328,-0.04524657,-0.1887268,-0.004715906,-0.9809754,0.3706994,-0.08699151,0.9246699,0.07063878,0.05445051,-0.1849573,-0.009622054,-0.03049326,0.005249522,0.9994749,-0.06105552,0.01891385,0.9979551
Fixation,16.4664,0.03544114,0.050107,-0.05876839,-0.02228576,-0.2752171,-0.003062863,-0.9611189,0.5291692,-0.04115263,0.8475178,0.1051255,0.0493201,-0.05448841,-0.04509528,-0.1886072,-0.004692398,-0.9810055,0.3704725,-0.08670739,0.9247875,0.07064975,0.05443704,-0.1849586,-0.009587588,-0.03044358,0.005224608,0.9994769,-0.0609555,0.01884703,0.9979625
Fixation,16.4772,0.03544702,0.05010211,-0.05876248,-0.02220765,-0.2754973,-0.003087698,-0.9610404,0.5296652,-0.04098358,0.8472161,0.1051316,0.04931819,-0.05448624,-0.04512681,-0.1886339,-0.004719986,-0.9809988,0.3705253,-0.086758,0.9247617,0.07065511,0.0544343,-0.1849542,-0.009550474,-0.03041758,0.005246098,0.9994779,-0.06090361,0.01877183,0.9979671
Fixation,16.4886,0.03545092,0.0501045,-0.05875813,-0.02219535,-0.2754951,-0.003070849,-0.9610413,0.5296608,-0.04096929,0.8472196,0.1051355,0.04931879,-0.05448158,-0.04511308,-0.1886314,-0.004704358,-0.9809999,0.3705193,-0.08673707,0.924766,0.07065915,0.05443549,-0.1849499,-0.009567336,-0.03041939,0.005233729,0.9994777,-0.06090716,0.01880627,0.9979662
Fixation,16.5003,0.03548395,0.05008209,-0.05878832,-0.02206304,-0.2754719,-0.003063516,-0.961051,0.5296203,-0.04071959,0.8472569,0.1051683,0.04930162,-0.05450806,-0.04508054,-0.1886414,-0.004712079,-0.9809995,0.370539,-0.08667018,0.9247644,0.07069224,0.05441356,-0.1849794,-0.009695844,-0.0304442,0.005266266,0.9994756,-0.06095858,0.01906087,0.9979583
Fixation,16.5109,0.03548093,0.05011094,-0.0587838,-0.02212999,-0.275645,-0.002983598,-0.9610001,0.5299219,-0.04088902,0.8470601,0.1051651,0.04931641,-0.05450252,-0.04515373,-0.188629,-0.004627994,-0.9809989,0.3705076,-0.08684558,0.9247605,0.07069016,0.05443633,-0.1849739,-0.009642836,-0.03045145,0.005167685,0.9994764,-0.06097067,0.01896084,0.9979594
Fixation,16.5222,0.03548749,0.05013549,-0.05878104,-0.02210416,-0.275601,-0.002961937,-0.9610134,0.5298434,-0.04085216,0.847111,0.1051712,0.04933918,-0.05449335,-0.04512593,-0.1885837,-0.004609783,-0.981009,0.3704207,-0.08679923,0.9247997,0.07069741,0.05445945,-0.1849681,-0.009674458,-0.03049672,0.005153484,0.9994748,-0.06106111,0.01902442,0.9979527
Fixation,16.5329,0.03549971,0.05014181,-0.05877495,-0.0220764,-0.2756291,-0.002926739,-0.9610061,0.5298918,-0.04081772,0.8470824,0.1051837,0.04934227,-0.05449136,-0.04520589,-0.1886119,-0.004579895,-0.981,0.3704706,-0.08696632,0.924764,0.07070948,0.05446351,-0.1849645,-0.009711362,-0.03046657,0.005129359,0.9994755,-0.0610008,0.01909999,0.997955
Fixation,16.5439,0.03550915,0.05014396,-0.058772,-0.0217975,-0.2756212,-0.002819889,-0.9610151,0.5298752,-0.04034102,0.8471156,0.1051928,0.04933107,-0.05448607,-0.04520525,-0.1885914,-0.004481995,-0.9810045,0.3704232,-0.08700258,0.9247795,0.07071996,0.0544585,-0.1849605,-0.009733599,-0.03048202,0.005032972,0.9994752,-0.06103003,0.01915015,0.9979522
Fixation,16.5550,0.03552559,0.05014956,-0.05877387,-0.02182597,-0.2756173,-0.002861005,-0.9610154,0.5298698,-0.0403731,0.8471175,0.1052093,0.04934072,-0.05448737,-0.04523723,-0.1885881,-0.004520482,-0.9810034,0.3704202,-0.08705073,0.9247762,0.07073618,0.05446696,-0.1849617,-0.009693981,-0.03048711,0.005063313,0.9994753,-0.06104039,0.01906906,0.9979531
Fixation,16.5664,0.03553061,0.05014861,-0.05877442,-0.02178017,-0.2756517,-0.002828581,-0.9610067,0.5299294,-0.04030237,0.8470836,0.1052146,0.04933774,-0.05449284,-0.04500846,-0.1886434,-0.004485787,-0.9810035,0.3705234,-0.08661449,0.9247758,0.07074091,0.05446398,-0.1849653,-0.009747178,-0.03045071,0.005047522,0.999476,-0.06096792,0.01917674,0.9979555
Fixation,16.5773,0.03553588,0.05013573,-0.05875809,-0.02153132,-0.2757209,-0.002797964,-0.9609925,0.5300519,-0.03983996,0.8470288,0.1052199,0.04932094,-0.05447768,-0.04503058,-0.18865,-0.004461911,-0.9810013,0.3705336,-0.08666664,0.9247668,0.07074632,0.05444944,-0.1849494,-0.009730708,-0.03044245,0.005019802,0.9994766,-0.06095072,0.0191456,0.9979572
Fixation,16.5888,0.03555176,0.05014467,-0.05874432,-0.02144749,-0.2757512,-0.002793941,-0.9609857,0.5301058,-0.03968061,0.8470026,0.1052361,0.04933333,-0.05446807,-0.04494691,-0.1886815,-0.004464668,-0.9809991,0.3705941,-0.08650096,0.9247581,0.07076164,0.05445874,-0.1849385,-0.009811505,-0.03041143,0.005042492,0.9994766,-0.06088997,0.01930604,0.9979578
Fixation,16.6000,0.03555842,0.05015552,-0.05874131,-0.02154934,-0.2758455,-0.002736503,-0.9609565,0.530269,-0.03990626,0.8468898,0.1052434,0.04933214,-0.05447916,-0.04477838,-0.1888561,-0.004387236,-0.9809735,0.3709185,-0.0861957,0.9246566,0.07076778,0.05446494,-0.1849418,-0.009731111,-0.03031086,0.004959835,0.9994808,-0.06068678,0.01915144,0.9979731
Fixation,16.6106,0.03557371,0.05012476,-0.05873898,-0.02144681,-0.2758744,-0.002747133,-0.9609505,0.5303212,-0.03970293,0.8468667,0.105259,0.0493077,-0.05448071,-0.04467739,-0.1888866,-0.00440629,-0.9809722,0.3709788,-0.08598997,0.9246516,0.07078236,0.05443573,-0.1849424,-0.009825279,-0.03028185,0.00500213,0.9994806,-0.06063053,0.0193374,0.997973
Fixation,16.6218,0.03559063,0.05009604,-0.0587431,-0.02121412,-0.2759839,-0.00277011,-0.9609241,0.5305168,-0.03924131,0.8467656,0.1052761,0.04928124,-0.05448616,-0.04472466,-0.188896,-0.004434431,-0.9809681,0.3709986,-0.08607163,0.924636,0.070799,0.05440903,-0.1849467,-0.009772858,-0.0302734,0.005019752,0.9994813,-0.06061351,0.01923165,0.997976
Fixation,16.6332,0.03559601,0.05009389,-0.0587454,-0.02123378,-0.2760122,-0.002764987,-0.9609156,0.5305664,-0.03928141,0.8467327,0.1052817,0.04927754,-0.05449263,-0.04449787,-0.18895,-0.004419222,-0.9809681,0.3711011,-0.08563195,0.9246357,0.0708041,0.0544064,-0.1849509,-0.00975543,-0.03024365,0.005009791,0.9994824,-0.06055373,0.01919773,0.9979803
Fixation,16.6438,0.03559772,0.0501045,-0.05874956,-0.02131251,-0.2760344,-0.002745391,-0.9609076,0.530604,-0.03944305,0.8467016,0.1052835,0.04928195,-0.05450026,-0.04457456,-0.1889715,-0.004392138,-0.9809605,0.3711387,-0.08579179,0.9246057,0.07080586,0.05441499,-0.1849561,-0.009686213,-0.03021953,0.004967853,0.9994841,-0.06050412,0.01906218,0.9979859
Fixation,16.6550,0.03558949,0.05009532,-0.05874022,-0.02125758,-0.2759863,-0.002743955,-0.9609227,0.5305196,-0.0393392,0.8467594,0.1052751,0.04927182,-0.05448775,-0.04459389,-0.1889487,-0.00439145,-0.9809641,0.3710954,-0.08583049,0.9246196,0.07079795,0.05440569,-0.184945,-0.009667711,-0.03024252,0.004961702,0.9994835,-0.06054973,0.01902533,0.9979839
Fixation,16.6659,0.03558393,0.05009604,-0.05873777,-0.02123191,-0.2759701,-0.002726613,-0.9609278,0.5304905,-0.03929974,0.8467795,0.1052694,0.04927146,-0.05448293,-0.04413746,-0.1889831,-0.004363422,-0.9809783,0.3711619,-0.08494656,0.9246745,0.07079269,0.05440545,-0.1849416,-0.009697602,-0.03025896,0.004952501,0.9994828,-0.06058267,0.01908546,0.9979807
Fixation,16.6773,0.03557777,0.05010605,-0.05874844,-0.02120106,-0.2758976,-0.002765969,-0.9609492,0.5303645,-0.03922004,0.846862,0.1052626,0.0492878,-0.0544829,-0.04410999,-0.1889101,-0.004407085,-0.9809933,0.371028,-0.08487812,0.9247345,0.07078709,0.05441833,-0.1849471,-0.00971566,-0.03033578,0.004997046,0.9994801,-0.06073711,0.01911804,0.9979707
Fixation,16.6885,0.03556373,0.05011177,-0.05876439,-0.02107127,-0.2761084,-0.002772222,-0.9608915,0.5307372,-0.03896355,0.8466403,0.1052487,0.04929447,-0.05450119,-0.04412851,-0.1889267,-0.004417967,-0.9809893,0.37106,-0.08490985,0.9247188,0.07077277,0.05442476,-0.184964,-0.009695021,-0.03031938,0.00500451,0.9994807,-0.06070431,0.0190765,0.9979735
Fixation,16.7000,0.0355601,0.0500778,-0.05876214,-0.02100287,-0.2760299,-0.00278923,-0.9609155,0.5306,-0.03882415,0.8467327,0.1052445,0.04926574,-0.05448733,-0.04372666,-0.1889491,-0.004431692,-0.9810029,0.3711067,-0.08411723,0.9247724,0.07076988,0.05439246,-0.1849565,-0.009755705,-0.03040198,0.005039059,0.9994774,-0.0608705,0.01919482,0.9979611
Fixation,16.7108,0.03554403,0.05007672,-0.05877496,-0.02102792,-0.275992,-0.00280195,-0.9609259,0.5305335,-0.03886592,0.8467725,0.1052281,0.04926503,-0.05449468,-0.04375259,-0.1889104,-0.004443009,-0.9810091,0.3710345,-0.08416472,0.9247971,0.07075426,0.05439198,-0.1849663,-0.009728312,-0.03044165,0.005042319,0.9994765,-0.06094953,0.01913944,0.9979573
Fixation,16.7217,0.03552989,0.05007887,-0.05878552,-0.02081291,-0.27597,-0.002787977,-0.9609368,0.5304955,-0.03846098,0.8468148,0.1052139,0.04926658,-0.05450408,-0.04374224,-0.1889022,-0.004436196,-0.9810112,0.3710184,-0.08414724,0.9248052,0.07074027,0.05439365,-0.1849764,-0.009739994,-0.03044974,0.005037494,0.9994761,-0.06096572,0.019163,0.9979559
Fixation,16.7335,0.03554386,0.050053,-0.05880093,-0.02082318,-0.2759066,-0.002806014,-0.9609548,0.5303844,-0.03847187,0.846884,0.1052273,0.04924238,-0.0545103,-0.04330587,-0.1889404,-0.004440064,-0.9810231,0.3710943,-0.08329029,0.9248523,0.07075495,0.05436885,-0.184987,-0.009725287,-0.03051609,0.005049528,0.9994742,-0.0610983,0.01913216,0.9979483
Fixation,16.7440,0.03553936,0.05005205,-0.05882515,-0.02085556,-0.2758593,-0.002812734,-0.9609676,0.530301,-0.03853119,0.8469334,0.1052223,0.04924071,-0.05452774,-0.04333852,-0.1888921,-0.00444496,-0.9810311,0.3710032,-0.08335364,0.9248831,0.07075107,0.05436814,-0.1850075,-0.009692824,-0.03056518,0.005044555,0.999473,-0.06119594,0.01906706,0.9979436
Fixation,16.7554,0.03552089,0.05005968,-0.05883809,-0.02072451,-0.275864,-0.002730391,-0.9609694,0.530307,-0.0383248,0.846939,0.1052031,0.04923666,-0.05453003,-0.0433611,-0.1888133,-0.004367832,-0.9810455,0.3708477,-0.08342902,0.9249387,0.07073427,0.05436993,-0.185015,-0.009688464,-0.03064089,0.004960228,0.9994712,-0.06134548,0.01906271,0.9979345
Fixation,16.7667,0.03551294,0.05006373,-0.05884761,-0.02060328,-0.2758365,-0.002757241,-0.9609798,0.5302601,-0.03807757,0.8469795,0.105195,0.04924989,-0.05453517,-0.0430181,-0.1889411,-0.004397546,-0.9810359,0.3710943,-0.08274285,0.9249014,0.07072619,0.05437684,-0.1850233,-0.009795991,-0.03067112,0.005021897,0.9994689,-0.06140805,0.01927352,0.9979267
Fixation,16.7776,0.03554324,0.05004442,-0.05885673,-0.02052048,-0.2758483,-0.002768696,-0.9609782,0.530282,-0.03791198,0.8469732,0.1052254,0.04923594,-0.05454574,-0.04293675,-0.1889541,-0.00441607,-0.9810368,0.371121,-0.08257619,0.9249056,0.07075606,0.05435896,-0.1850339,-0.009871255,-0.03065971,0.005058431,0.9994683,-0.06138667,0.01942183,0.9979251
Fixation,16.7890,0.03553643,0.05006576,-0.05887063,-0.0205095,-0.276058,-0.002722497,-0.9609183,0.5306501,-0.03791277,0.8467426,0.105218,0.04925096,-0.05455044,-0.04294353,-0.1888874,-0.004374346,-0.9810496,0.3709914,-0.08260694,0.9249548,0.07075045,0.05437708,-0.1850432,-0.009874464,-0.03072525,0.005012715,0.9994665,-0.06151671,0.01943036,0.9979169
Fixation,16.7999,0.03553375,0.05007136,-0.05888083,-0.02050839,-0.2760597,-0.002745365,-0.9609178,0.530654,-0.03789798,0.8467409,0.1052153,0.04925966,-0.05456083,-0.04248223,-0.1890055,-0.004381811,-0.9810469,0.3712188,-0.08169775,0.9249443,0.07074756,0.05438435,-0.1850534,-0.009868519,-0.03072419,0.005034871,0.9994665,-0.06151496,0.01941712,0.9979173
Fixation,16.8105,0.03554346,0.05003178,-0.05889685,-0.02025329,-0.2762311,-0.002735352,-0.960874,0.5309573,-0.03741054,0.8465723,0.1052255,0.0492245,-0.05458335,-0.04238054,-0.1890539,-0.004385983,-0.981042,0.3713114,-0.08149581,0.924925,0.07075647,0.05434537,-0.1850736,-0.009966424,-0.03067621,0.00506376,0.9994669,-0.06142064,0.01961155,0.9979193
Fixation,16.8215,0.03555217,0.0499965,-0.05891196,-0.02030402,-0.2762589,-0.002772329,-0.9608648,0.5310074,-0.03748707,0.8465376,0.1052345,0.04919171,-0.05460254,-0.04243444,-0.1890826,-0.004417624,-0.981034,0.3713679,-0.08158866,0.9248942,0.07076462,0.05431223,-0.1850903,-0.009906569,-0.03064812,0.005084328,0.9994682,-0.06136438,0.01949095,0.9979251
Fixation,16.8330,0.03555943,0.04999411,-0.05892134,-0.02032847,-0.2762986,-0.002800349,-0.9608528,0.5310784,-0.03751786,0.8464917,0.1052421,0.04919195,-0.05461767,-0.04220286,-0.1892821,-0.004432844,-0.9810054,0.3717477,-0.08112436,0.9247824,0.0707712,0.05431175,-0.1851023,-0.009874365,-0.03060753,0.005104771,0.9994697,-0.0612834,0.01942577,0.9979314
Fixation,16.8445,0.03556439,0.04999733,-0.05892705,-0.02036451,-0.2762675,-0.002765953,-0.9608611,0.5310221,-0.03760664,0.8465231,0.1052469,0.04918981,-0.05462185,-0.04221386,-0.1892696,-0.004396694,-0.9810075,0.371721,-0.08115991,0.92479,0.07077663,0.05431235,-0.1851071,-0.009871675,-0.03061824,0.00506648,0.9994696,-0.06130404,0.01942262,0.9979302
Fixation,16.8551,0.03557989,0.04997993,-0.05891623,-0.02034746,-0.2763216,-0.002696199,-0.960846,0.5311148,-0.03761151,0.8464646,0.1052628,0.0491643,-0.05461898,-0.04219088,-0.1893236,-0.004327539,-0.9809984,0.3718174,-0.08113975,0.924753,0.07079194,0.05429018,-0.1851007,-0.009908731,-0.03055998,0.005006996,0.9994713,-0.06118688,0.01950096,0.9979358
Fixation,16.8665,0.03559048,0.04998457,-0.05891705,-0.02035394,-0.2763403,-0.002722464,-0.9608405,0.5311487,-0.03760913,0.8464435,0.1052736,0.04917216,-0.05462247,-0.04179833,-0.1894497,-0.004339353,-0.9809908,0.3720597,-0.08036337,0.9247234,0.07080209,0.05429673,-0.1851027,-0.009894359,-0.03054133,0.005030595,0.9994719,-0.06114995,0.01947099,0.9979386
Fixation,16.8772,0.03559814,0.04998434,-0.0589188,-0.02027999,-0.2765625,-0.002706579,-0.9607781,0.5315403,-0.03747206,0.8462037,0.1052814,0.04916847,-0.05462643,-0.04184363,-0.1894636,-0.004325071,-0.9809862,0.3720844,-0.08045717,0.9247053,0.07080976,0.05429542,-0.1851052,-0.009853105,-0.03052603,0.005007487,0.9994729,-0.06111856,0.0193901,0.9979421
Fixation,16.8889,0.03560317,0.04997957,-0.05892404,-0.02033502,-0.2766039,-0.002671521,-0.9607652,0.5316114,-0.03759646,0.8461536,0.1052867,0.04915667,-0.05463789,-0.04189543,-0.1895048,-0.004284316,-0.9809762,0.3721583,-0.08057304,0.9246655,0.07081465,0.05428779,-0.1851132,-0.009811043,-0.03048162,0.004958596,0.9994749,-0.06102853,0.01930949,0.9979492
Fixation,16.8996,0.03563985,0.0499655,-0.05892839,-0.02040249,-0.2766064,-0.002698126,-0.9607629,0.5316165,-0.03771128,0.8461452,0.1053234,0.04914296,-0.05464274,-0.04168465,-0.1895868,-0.004295374,-0.9809693,0.3723158,-0.08015402,0.9246385,0.07085124,0.05427516,-0.1851171,-0.009738637,-0.03047936,0.004963374,0.9994757,-0.06102342,0.0191645,0.9979523
Fixation,16.9111,0.03563894,0.04995537,-0.05892399,-0.02045934,-0.2765551,-0.00269631,-0.9607765,0.5315256,-0.03782235,0.8461974,0.105322,0.04912984,-0.05463105,-0.04174088,-0.1895339,-0.004289612,-0.9809772,0.3722149,-0.08026765,0.9246692,0.07085114,0.05426443,-0.1851085,-0.009685514,-0.03053234,0.004942669,0.9994746,-0.06112834,0.01905903,0.9979479
Fixation,16.9216,0.03564465,0.049932,-0.05893462,-0.0203526,-0.2767459,-0.002693617,-0.9607238,0.5318624,-0.03761555,0.8459949,0.1053279,0.04910564,-0.05464476,-0.04176805,-0.189555,-0.004289994,-0.9809719,0.3722546,-0.08032019,0.9246486,0.07085662,0.05424106,-0.1851204,-0.009658693,-0.03051065,0.004938191,0.9994756,-0.0610847,0.01900592,0.9979516
Fixation,16.9330,0.03565529,0.04990518,-0.05893162,-0.02042302,-0.2768001,-0.002682462,-0.9607068,0.531957,-0.03775606,0.8459293,0.105339,0.04907417,-0.05464983,-0.04155415,-0.1897445,-0.004261385,-0.9809445,0.3726119,-0.07990749,0.9245405,0.07086679,0.05421293,-0.1851209,-0.009594555,-0.03045355,0.004907722,0.9994781,-0.06096949,0.01888018,0.997961
Fixation,16.9441,0.03566504,0.04989183,-0.05892967,-0.02046537,-0.2767698,-0.002729449,-0.9607145,0.5319053,-0.0378119,0.8459592,0.1053485,0.04906487,-0.05464351,-0.04160039,-0.1897142,-0.004305044,-0.9809482,0.3725578,-0.07998219,0.9245558,0.07087667,0.05420268,-0.1851162,-0.009540127,-0.03048615,0.004938545,0.9994774,-0.06103467,0.01876917,0.9979591
Fixation,16.9553,0.03567231,0.04989123,-0.05892657,-0.02029158,-0.276932,-0.002716462,-0.9606714,0.5321915,-0.03748253,0.8457939,0.1053559,0.04906499,-0.05464222,-0.04156766,-0.1897276,-0.004300633,-0.9809471,0.372583,-0.07991946,0.9245511,0.07088376,0.05420184,-0.1851144,-0.009572921,-0.03047265,0.004942119,0.9994776,-0.06100808,0.01883464,0.9979596
Fixation,16.9665,0.0356693,0.04988635,-0.05892274,-0.02019113,-0.276949,-0.002754751,-0.9606685,0.5322236,-0.03726811,0.8457831,0.1053532,0.04906988,-0.0546405,-0.041166,-0.1897858,-0.004337733,-0.9809526,0.3726988,-0.0791173,0.9245734,0.07087998,0.05420041,-0.1851124,-0.009656698,-0.03045668,0.005009811,0.9994769,-0.06097826,0.01899813,0.9979583
Fixation,16.9779,0.03568988,0.04985619,-0.05890019,-0.02013053,-0.276971,-0.002780989,-0.9606634,0.5322637,-0.03713682,0.8457637,0.105374,0.04904604,-0.05462091,-0.0411081,-0.1898091,-0.00436881,-0.9809504,0.3727459,-0.07899154,0.9245653,0.07089993,0.05417252,-0.1850918,-0.009706175,-0.03043505,0.005053996,0.9994769,-0.06093637,0.01909456,0.997959
Fixation,16.9890,0.0356898,0.04986548,-0.05890712,-0.02010575,-0.2771434,-0.00285267,-0.960614,0.5325704,-0.03704654,0.8455746,0.1053739,0.0490644,-0.05462628,-0.04113294,-0.1898003,-0.004442092,-0.9809507,0.372735,-0.07901254,0.9245678,0.07089941,0.05418718,-0.1850976,-0.009665926,-0.03044749,0.005119491,0.9994766,-0.06096207,0.01900998,0.997959
Fixation,17.0000,0.03569767,0.04986763,-0.05890726,-0.02006048,-0.277109,-0.002925616,-0.9606246,0.5325129,-0.03691975,0.8456163,0.1053816,0.04907811,-0.05462115,-0.04069601,-0.189891,-0.004506147,-0.980951,0.3729143,-0.07813022,0.9245705,0.07090703,0.05419481,-0.1850953,-0.009687006,-0.03048569,0.005201697,0.9994748,-0.06104014,0.01904668,0.9979536
Fixation,17.0106,0.03569949,0.04986393,-0.05890866,-0.02002949,-0.2771042,-0.002868396,-0.9606268,0.5325023,-0.03689204,0.8456242,0.1053833,0.04906821,-0.05462188,-0.04066003,-0.1898852,-0.004452053,-0.9809539,0.3728993,-0.07808048,0.9245808,0.07090931,0.05418718,-0.1850968,-0.009734079,-0.03048924,0.005156589,0.9994744,-0.06104682,0.01914349,0.9979513
Fixation,17.0217,0.03570351,0.04985368,-0.05891106,-0.01994523,-0.2772008,-0.002844598,-0.9606008,0.5326722,-0.03674176,0.8455238,0.1053869,0.04905629,-0.05461818,-0.04063535,-0.1898421,-0.00443471,-0.9809633,0.3728166,-0.07803979,0.9246175,0.07091399,0.05417562,-0.1850964,-0.009762415,-0.03053239,0.005142898,0.9994729,-0.06113301,0.01920049,0.997945
Fixation,17.0332,0.0357153,0.04981792,-0.05892523,-0.01994379,-0.2771577,-0.002857756,-0.9606132,0.5325967,-0.03673243,0.8455717,0.1053984,0.0490222,-0.05462608,-0.04037199,-0.1898275,-0.00444056,-0.9809771,0.3727915,-0.07752211,0.9246712,0.07092623,0.05414081,-0.1851074,-0.009760144,-0.03057758,0.005154533,0.9994715,-0.06122345,0.01919474,0.9979395
Fixation,17.0444,0.03573021,0.04977667,-0.05893178,-0.02001592,-0.2770678,-0.002969522,-0.9606373,0.5324422,-0.03681055,0.8456656,0.1054126,0.04899216,-0.05461953,-0.04045348,-0.1897372,-0.004547274,-0.9809906,0.3726287,-0.07764339,0.9247266,0.07094158,0.05410683,-0.1851063,-0.00965803,-0.03067401,0.005236009,0.999469,-0.06141659,0.01898459,0.9979317
Fixation,17.0555,0.03574613,0.04972708,-0.0589272,-0.02013406,-0.2772049,-0.002976025,-0.9605953,0.5326833,-0.03703143,0.8455041,0.1054285,0.04894042,-0.05461445,-0.04051459,-0.1897324,-0.004548203,-0.980989,0.3726193,-0.07776286,0.9247204,0.07095765,0.05405712,-0.1851009,-0.0095982,-0.03067842,0.005223255,0.9994696,-0.06142456,0.01886573,0.9979334
Fixation,17.0664,0.03577603,0.04972315,-0.05891184,-0.02022146,-0.2771673,-0.002829998,-0.9606047,0.5326109,-0.0372809,0.8455387,0.1054578,0.048913,-0.05459421,-0.04025439,-0.1897855,-0.004384538,-0.9809902,0.3727084,-0.07731408,0.9247221,0.07098941,0.05404198,-0.1850827,-0.009560078,-0.03071256,0.005056382,0.9994698,-0.06148923,0.01879943,0.9979307
Fixation,17.0777,0.03580555,0.04974008,-0.0588963,-0.02029957,-0.2772216,-0.002631356,-0.960588,0.5326982,-0.03754012,0.8454723,0.1054875,0.04890049,-0.05458722,-0.04031454,-0.1898368,-0.004178605,-0.9809788,0.3727886,-0.07750892,0.9246735,0.07102,0.05404449,-0.1850713,-0.009546109,-0.03064966,0.004845137,0.9994729,-0.06135951,0.01878515,0.9979389
Fixation,17.0888,0.03584905,0.04975009,-0.05888856,-0.02030764,-0.2775063,-0.002395847,-0.9605062,0.5331904,-0.0376815,0.8451557,0.1055316,0.04887605,-0.05459569,-0.04038689,-0.1899406,-0.003938041,-0.9809567,0.3729651,-0.07773958,0.9245829,0.07106418,0.05403745,-0.1850715,-0.009527325,-0.0305314,0.004600144,0.9994778,-0.06111856,0.0187638,0.9979541
Fixation,17.1000,0.03589475,0.04976451,-0.05887841,-0.02050425,-0.2774924,-0.002246572,-0.9605064,0.5331586,-0.03814212,0.8451551,0.1055768,0.0488615,-0.05458442,-0.04015743,-0.1900721,-0.003757959,-0.9809414,0.3732011,-0.0773556,0.9245199,0.07111169,0.05403972,-0.1850594,-0.009386044,-0.03054013,0.004397426,0.9994798,-0.06113102,0.01849373,0.9979584
Fixation,17.1108,0.03592999,0.04977238,-0.0588719,-0.02031151,-0.2776367,-0.002379183,-0.9604685,0.5334193,-0.03769604,0.8450106,0.1056136,0.04889631,-0.05459799,-0.03997796,-0.1902233,-0.003904387,-0.9809188,0.3734993,-0.07694486,0.9244337,0.07114356,0.05405867,-0.1850644,-0.009527584,-0.03039529,0.004587119,0.999482,-0.06084649,0.01876644,0.9979707
Fixation,17.1223,0.03596106,0.04976606,-0.05887853,-0.02012964,-0.2778425,-0.002452753,-0.9604126,0.5337856,-0.03730257,0.8447967,0.1056455,0.04890192,-0.05461553,-0.03995867,-0.1903035,-0.003984553,-0.9809037,0.3736573,-0.07687467,0.9243757,0.07117292,0.05405843,-0.1850766,-0.009528004,-0.03031781,0.004673497,0.999484,-0.06069339,0.01876279,0.9979801
Fixation,17.1330,0.03601077,0.049775,-0.05887858,-0.02025838,-0.2778431,-0.002510818,-0.9604096,0.533788,-0.03751746,0.8447857,0.1056953,0.04891241,-0.05461589,-0.03965025,-0.1903981,-0.004016495,-0.9808977,0.3738407,-0.07625622,0.9243528,0.07122245,0.05407047,-0.1850755,-0.009387634,-0.0303182,0.004689266,0.9994853,-0.06069324,0.01848126,0.9979854
Fixation,17.1445,0.03604409,0.04976344,-0.05888625,-0.02018519,-0.2779523,-0.002509126,-0.9603795,0.5339806,-0.03737605,0.8446702,0.1057296,0.04890442,-0.0546392,-0.03957761,-0.1905102,-0.004019198,-0.9808789,0.3740529,-0.0761103,0.924279,0.07125419,0.05405951,-0.1850917,-0.009456862,-0.03020503,0.004713452,0.9994879,-0.06046827,0.0186193,0.9979964
Fixation,17.1552,0.03608563,0.0497719,-0.05888226,-0.02000108,-0.278108,-0.002489904,-0.9603384,0.5342551,-0.03703068,0.8445118,0.105772,0.04891169,-0.05465027,-0.03957144,-0.1906159,-0.004004366,-0.9808587,0.3742515,-0.07610139,0.9241993,0.07129446,0.05406725,-0.1850954,-0.009465131,-0.03009681,0.004705631,0.9994911,-0.06025207,0.01863738,0.9980092
Fixation,17.1666,0.03612441,0.04979503,-0.05888163,-0.01999905,-0.2782803,-0.002463356,-0.9602885,0.5345574,-0.03703871,0.8443202,0.1058123,0.04893196,-0.05467469,-0.03924487,-0.1909414,-0.003963469,-0.9808087,0.374865,-0.07546984,0.9240025,0.07133119,0.05408883,-0.1851075,-0.009473687,-0.02991679,0.004686247,0.9994965,-0.05989224,0.01865744,0.9980305
Fixation,17.1775,0.03617421,0.04980862,-0.0588513,-0.02000843,-0.2783122,-0.002348061,-0.9602794,0.5346088,-0.03712038,0.844284,0.1058622,0.04892993,-0.05464926,-0.03924398,-0.1909718,-0.003847186,-0.9808033,0.3749134,-0.07551184,0.9239794,0.07138152,0.05409408,-0.1850799,-0.009499855,-0.02988021,0.004574659,0.9994979,-0.05981733,0.01871679,0.9980339
Fixation,17.1887,0.03619646,0.04983211,-0.05884668,-0.01976818,-0.2784423,-0.002230196,-0.9602469,0.5348349,-0.0367227,0.8441582,0.105885,0.04894185,-0.05465595,-0.03917295,-0.1910494,-0.003739664,-0.9807913,0.3750521,-0.07541205,0.9239312,0.0714035,0.05411017,-0.1850818,-0.009592127,-0.02979667,0.004489375,0.9994999,-0.05964966,0.01890712,0.9980403
Fixation,17.1998,0.03620553,0.04985273,-0.05884813,-0.01972474,-0.2784108,-0.00224281,-0.9602569,0.5347803,-0.03663279,0.8441967,0.1058938,0.04896605,-0.05465268,-0.03913074,-0.1910177,-0.003756759,-0.9807992,0.374994,-0.07532357,0.9239621,0.07141279,0.05413198,-0.1850813,-0.009629878,-0.02983009,0.004513746,0.9994984,-0.0597172,0.01898081,0.9980348
Fixation,17.2107,0.03621206,0.04984879,-0.05884704,-0.01950775,-0.2784066,-0.002149699,-0.9602628,0.5347709,-0.03626814,0.8442184,0.1059003,0.04896009,-0.05465058,-0.03856166,-0.1911616,-0.003671795,-0.980794,0.3752636,-0.07423826,0.9239404,0.07141962,0.05412304,-0.1850819,-0.009865046,-0.02983302,0.004491619,0.9994962,-0.05972461,0.01945215,0.9980254
Fixation,17.2222,0.03618087,0.04978764,-0.05887917,-0.01966186,-0.2782241,-0.002291236,-0.9603122,0.5344541,-0.0364881,0.8444095,0.1058682,0.04891145,-0.05466617,-0.03869149,-0.1910466,-0.003802567,-0.9808108,0.3750553,-0.07444512,0.9240084,0.07138909,0.05407083,-0.1851042,-0.0097106,-0.02995529,0.004584782,0.9994936,-0.05996928,0.01913669,0.9980168
Fixation,17.2331,0.0361697,0.04976439,-0.05889219,-0.01965212,-0.278186,-0.002362203,-0.9603233,0.5343899,-0.0364305,0.8444527,0.1058568,0.04889786,-0.05467348,-0.038688,-0.191009,-0.003874857,-0.980818,0.3749899,-0.07441151,0.9240376,0.07137782,0.05405259,-0.1851143,-0.009698437,-0.02999704,0.004654128,0.9994921,-0.06005389,0.0191078,0.9980122
Fixation,17.2443,0.03616122,0.04973733,-0.05889156,-0.01963005,-0.2781134,-0.002423674,-0.9603446,0.5342646,-0.03635512,0.8445352,0.1058478,0.04887962,-0.05466212,-0.03827674,-0.1909607,-0.003927414,-0.9808432,0.3749057,-0.07358699,0.9241378,0.07136976,0.05403006,-0.1851082,-0.009701219,-0.03007452,0.004717173,0.9994895,-0.06020985,0.0191088,0.9980028
Fixation,17.2552,0.03613349,0.04969823,-0.05888668,-0.01929213,-0.2781053,-0.002433772,-0.9603537,0.5342529,-0.03570085,0.8445705,0.1058196,0.04884136,-0.05464852,-0.03832104,-0.1908989,-0.003946783,-0.9808535,0.3747902,-0.07366779,0.9241782,0.07134274,0.05399215,-0.1850985,-0.009654294,-0.03013795,0.004723272,0.999488,-0.06033624,0.019014,0.997997
Fixation,17.2662,0.036121,0.04967141,-0.05888412,-0.01936455,-0.2780808,-0.002491489,-0.9603593,0.5342114,-0.03580818,0.8445922,0.1058069,0.04881859,-0.05464246,-0.03839821,-0.1908743,-0.003998249,-0.980855,0.374747,-0.07379983,0.9241852,0.07133027,0.05396867,-0.1850934,-0.009567863,-0.03016481,0.004755225,0.9994879,-0.06038971,0.01883905,0.9979971
Fixation,17.2775,0.03611864,0.04963803,-0.05887692,-0.01943124,-0.278014,-0.00255928,-0.9603771,0.5340961,-0.0358996,0.8446612,0.105804,0.04879081,-0.05462562,-0.03819026,-0.19083,-0.004052423,-0.9808716,0.374669,-0.07337283,0.9242508,0.07132839,0.05393958,-0.1850805,-0.009484151,-0.03023576,0.004797255,0.9994863,-0.06053145,0.01866846,0.9979917
Fixation,17.2886,0.03612609,0.0496279,-0.05888652,-0.01944174,-0.2781602,-0.00250668,-0.9603347,0.5343513,-0.03594663,0.8444979,0.1058112,0.04877007,-0.05463328,-0.03827516,-0.1908124,-0.003996433,-0.9808719,0.374631,-0.07356092,0.9242513,0.07133665,0.05392528,-0.1850885,-0.009413783,-0.03025025,0.004723161,0.9994869,-0.06055837,0.01853215,0.9979926
Fixation,17.3000,0.03613988,0.04962778,-0.05889701,-0.01951633,-0.2781394,-0.002515443,-0.9603392,0.5343145,-0.03608532,0.8445151,0.1058248,0.04876757,-0.05464096,-0.03813304,-0.1908601,-0.00399162,-0.9808682,0.3747216,-0.07328328,0.9242366,0.07135081,0.05392516,-0.1850968,-0.009340266,-0.03027162,0.00470798,0.999487,-0.06060013,0.01838591,0.9979928
Fixation,17.3106,0.03613769,0.04962254,-0.05890101,-0.01955957,-0.2781364,-0.002495226,-0.9603392,0.5343082,-0.03617961,0.8445151,0.1058226,0.04875767,-0.05464467,-0.03817425,-0.1908563,-0.003967669,-0.9808674,0.3747124,-0.07337326,0.9242332,0.07134893,0.05391824,-0.1851003,-0.00930535,-0.03027396,0.004675386,0.9994874,-0.06060389,0.01831807,0.9979938
Fixation,17.3224,0.03613829,0.04959786,-0.05889893,-0.01944396,-0.2779837,-0.00251725,-0.9603857,0.5340411,-0.03594789,0.844694,0.1058232,0.04873347,-0.05464289,-0.03823625,-0.1908577,-0.00398785,-0.9808646,0.3747161,-0.07348695,0.9242226,0.07134943,0.05389488,-0.1850978,-0.00924037,-0.030273,0.004681459,0.999488,-0.06060152,0.01818783,0.9979963
Fixation,17.3329,0.03616566,0.04958284,-0.05888665,-0.01943249,-0.2779636,-0.002568802,-0.9603916,0.5340076,-0.03589752,0.8447173,0.1058505,0.04872572,-0.05462755,-0.03804567,-0.1909145,-0.004034293,-0.9808608,0.3748281,-0.07309461,0.9242083,0.07137663,0.05388355,-0.185084,-0.009235644,-0.03029548,0.004733424,0.9994872,-0.06064733,0.01817501,0.9979938
Fixation,17.3467,0.03618075,0.04958856,-0.0588697,-0.01939739,-0.2779742,-0.002535123,-0.9603894,0.5340252,-0.03584871,0.8447082,0.1058656,0.0487287,-0.0546121,-0.03800777,-0.190925,-0.004003692,-0.9808604,0.3748458,-0.07303182,0.9242061,0.07139177,0.05388713,-0.1850682,-0.009279289,-0.03028374,0.004712464,0.9994872,-0.06062387,0.01826364,0.9979936
Fixation,17.3577,0.03618861,0.04958248,-0.0588525,-0.01937322,-0.2779241,-0.002445093,-0.9604046,0.5339338,-0.03585315,0.8447658,0.1058734,0.04871237,-0.05459563,-0.03796564,-0.1909281,-0.003916135,-0.9808618,0.3748454,-0.07298269,0.9242102,0.07140023,0.05387497,-0.1850519,-0.009339692,-0.03027684,0.004636592,0.9994872,-0.06060924,0.01838904,0.9979922
Fixation,17.3688,0.03622491,0.04958701,-0.05882367,-0.01945491,-0.2779741,-0.002366943,-0.9603886,0.5340183,-0.03605264,0.8447039,0.10591,0.04870284,-0.05457445,-0.03794582,-0.1909646,-0.003827339,-0.9808558,0.374908,-0.07297698,0.9241853,0.07143667,0.0538733,-0.1850264,-0.009285477,-0.03022202,0.004538673,0.9994898,-0.06049748,0.01828714,0.9980008
Fixation,17.3837,0.03624409,0.04957247,-0.05880463,-0.01940661,-0.2779844,-0.002348025,-0.9603867,0.5340362,-0.03597027,0.8446962,0.1059299,0.04868162,-0.05456875,-0.03805083,-0.1910552,-0.003801063,-0.9808341,0.3750762,-0.07319069,0.9241001,0.07145505,0.05385709,-0.1850131,-0.009187908,-0.03012775,0.004494288,0.9994938,-0.06030758,0.01809571,0.9980158
Fixation,17.4000,0.03625299,0.04953492,-0.05877679,-0.01967471,-0.2779388,-0.002340405,-0.9603944,0.5339539,-0.03648998,0.8447258,0.1059382,0.04863036,-0.05453507,-0.03790474,-0.1911901,-0.00375623,-0.9808137,0.3753285,-0.07291867,0.9240192,0.07146522,0.0538168,-0.1849799,-0.008935414,-0.03017324,0.004403474,0.999495,-0.06039471,0.01759607,0.9980195
Fixation,17.4064,0.03625299,0.04953492,-0.05877679,-0.01967471,-0.2779388,-0.002340405,-0.9603944,0.5339539,-0.03648998,0.8447258,0.1059382,0.04863036,-0.05453507,-0.03790474,-0.1911901,-0.00375623,-0.9808137,0.3753285,-0.07291867,0.9240192,0.07146522,0.0538168,-0.1849799,-0.008935414,-0.03017324,0.004403474,0.999495,-0.06039471,0.01759607,0.9980195
Fixation,17.4134,0.03624871,0.04952407,-0.05874612,-0.01963345,-0.2779597,-0.002478266,-0.9603889,0.5339961,-0.03633378,0.8447059,0.1059344,0.04863966,-0.05450701,-0.037876,-0.191214,-0.003896805,-0.9808096,0.3753842,-0.07280803,0.9240053,0.07145947,0.05381608,-0.1849506,-0.008932224,-0.03015578,0.004547898,0.999495,-0.06036235,0.01758113,0.9980217
Fixation,17.4243,0.03624481,0.0495162,-0.05873513,-0.01953698,-0.2780856,-0.002572875,-0.9603541,0.5342219,-0.03609387,0.8445734,0.1059305,0.04864359,-0.05449399,-0.03791223,-0.1912021,-0.003993942,-0.9808101,0.3753688,-0.07284209,0.9240088,0.071455,0.05381513,-0.1849381,-0.008875535,-0.03017206,0.004633981,0.9994946,-0.06039587,0.01746247,0.9980217
Fixation,17.4359,0.0362372,0.04951143,-0.0587251,-0.01952916,-0.278056,-0.002579889,-0.9603629,0.53417,-0.03607545,0.844607,0.1059226,0.04864001,-0.05447962,-0.03748241,-0.1912284,-0.003988942,-0.9808215,0.375421,-0.0720015,0.9240535,0.07144771,0.05381095,-0.1849259,-0.008881077,-0.0302031,0.004642181,0.9994936,-0.06045808,0.01747274,0.9980178
Fixation,17.4473,0.03623258,0.04950953,-0.05870931,-0.01949391,-0.2781195,-0.002643923,-0.960345,0.5342844,-0.0359711,0.844539,0.1059187,0.04864836,-0.05447282,-0.03745322,-0.1912946,-0.004054678,-0.9808095,0.3755508,-0.07191767,0.9240072,0.07144167,0.05381382,-0.1849148,-0.008894444,-0.03013909,0.004715782,0.999495,-0.06033163,0.01749565,0.9980251
Fixation,17.4578,0.03625046,0.04952347,-0.05869861,-0.01939308,-0.27833,-0.002650377,-0.960286,0.5346557,-0.03577045,0.8443126,0.1059371,0.0486629,-0.05447116,-0.0374787,-0.1913581,-0.004063035,-0.9807961,0.3756711,-0.07196294,0.9239548,0.0714587,0.05382848,-0.1849084,-0.008867151,-0.03007472,0.004721298,0.9994972,-0.06020292,0.0174414,0.9980338
Fixation,17.4686,0.03625298,0.04952562,-0.05869064,-0.01939833,-0.2783222,-0.002640504,-0.9602883,0.5346415,-0.03578615,0.844321,0.1059396,0.04866338,-0.05446208,-0.03748301,-0.1913498,-0.004052883,-0.9807976,0.3756547,-0.07197545,0.9239606,0.0714614,0.05382991,-0.1848999,-0.008865261,-0.03008264,0.004710067,0.999497,-0.06021852,0.01743822,0.9980329
Fixation,17.4801,0.03625241,0.049528,-0.05869234,-0.01939914,-0.2783146,-0.002636726,-0.9602904,0.534628,-0.03578994,0.8443293,0.1059389,0.04866529,-0.0544627,-0.03730038,-0.1912697,-0.004044418,-0.9808202,0.375504,-0.07162279,0.9240492,0.07146097,0.05383205,-0.184901,-0.008865706,-0.03009035,0.004706002,0.9994968,-0.06023387,0.01743928,0.9980319
Fixation,17.4916,0.03625744,0.04952717,-0.05871103,-0.01936984,-0.2783305,-0.002621826,-0.9602865,0.5346556,-0.03574173,0.8443139,0.1059445,0.04866362,-0.05448981,-0.03727898,-0.191329,-0.004030158,-0.9808095,0.3756151,-0.07158498,0.924007,0.07146531,0.05383039,-0.1849242,-0.008889193,-0.03002951,0.004699616,0.9994984,-0.06011245,0.01748721,0.9980384
Fixation,17.5022,0.03625855,0.04954231,-0.05871832,-0.01937687,-0.2782644,-0.002588201,-0.9603056,0.534538,-0.03577502,0.8443869,0.1059449,0.04867375,-0.05448759,-0.03728275,-0.1912608,-0.003997269,-0.9808228,0.375484,-0.07160649,0.9240586,0.07146757,0.05384302,-0.1849267,-0.008893393,-0.03009728,0.004663539,0.9994966,-0.06024722,0.01749711,0.9980301
Fixation,17.5144,0.03625365,0.04957521,-0.05872409,-0.01928323,-0.2782474,-0.002544799,-0.9603125,0.5345071,-0.03561968,0.8444131,0.1059399,0.04870534,-0.05449072,-0.03693374,-0.1916087,-0.003951571,-0.9807683,0.3761394,-0.07093257,0.923844,0.07146303,0.05387342,-0.1849321,-0.008995991,-0.0301143,0.00465049,0.9994951,-0.06028187,0.0177028,0.9980244
Fixation,17.5241,0.03625488,0.04960203,-0.05872755,-0.01880403,-0.2785234,-0.002463331,-0.9602422,0.5349925,-0.03474066,0.8441423,0.1059406,0.04872751,-0.0544876,-0.03683597,-0.1915626,-0.003894391,-0.9807812,0.376049,-0.07076402,0.9238937,0.07146516,0.05389619,-0.1849333,-0.009104466,-0.03015942,0.004614221,0.999493,-0.06037227,0.01792138,0.998015
Fixation,17.5365,0.03626105,0.04960394,-0.05873866,-0.01871917,-0.2785275,-0.00244124,-0.9602427,0.5349994,-0.03458999,0.844144,0.1059468,0.04873061,-0.05449911,-0.03643145,-0.191677,-0.00386925,-0.980774,0.3762657,-0.06997874,0.9238653,0.07147126,0.05389726,-0.1849454,-0.009191987,-0.03015502,0.0046194,0.9994923,-0.06036434,0.01809604,0.9980124
Fixation,17.5468,0.03625882,0.04961908,-0.05874889,-0.01866394,-0.2785157,-0.002425317,-0.9602473,0.5349784,-0.03449301,0.8441614,0.1059445,0.04874611,-0.05450749,-0.036375,-0.191665,-0.003858542,-0.9807785,0.3762425,-0.06987254,0.9238828,0.07146919,0.05391169,-0.1849552,-0.009249551,-0.03016725,0.004620881,0.9994914,-0.06038929,0.0182109,0.9980088
Fixation,17.5583,0.03625857,0.04963279,-0.0587582,-0.01866909,-0.2785581,-0.002445824,-0.9602348,0.5350537,-0.03449082,0.8441136,0.1059439,0.04876626,-0.0545105,-0.03629227,-0.1916233,-0.003885483,-0.9807897,0.3761663,-0.06970106,0.9239268,0.07146914,0.0539273,-0.1849621,-0.009324716,-0.03021159,0.004663472,0.9994892,-0.06047928,0.01835813,0.9980006
Fixation,17.5689,0.03625009,0.0496366,-0.05876684,-0.01876524,-0.2786408,-0.002411882,-0.960209,0.5351974,-0.03469301,0.8440143,0.1059361,0.04876125,-0.05453147,-0.03612408,-0.1917673,-0.003833141,-0.9807679,0.3764354,-0.06938855,0.9238407,0.07146008,0.05392802,-0.1849762,-0.009242944,-0.03012399,0.004604036,0.9994929,-0.06030253,0.01819913,0.9980142
Fixation,17.5802,0.03625001,0.04962182,-0.05876644,-0.01861618,-0.2785996,-0.002403151,-0.9602239,0.5351255,-0.03441237,0.8440714,0.1059357,0.04875219,-0.0545247,-0.03597478,-0.191726,-0.0038385,-0.9807815,0.3763587,-0.06909492,0.9238939,0.07146025,0.05391371,-0.1849739,-0.009387841,-0.03016753,0.004640345,0.99949,-0.06039142,0.01848613,0.9980036
Fixation,17.5913,0.03624742,0.04962671,-0.05877214,-0.01851682,-0.2787772,-0.002349434,-0.9601744,0.5354366,-0.03424882,0.8438808,0.1059336,0.04874778,-0.0545406,-0.03604179,-0.1917946,-0.003783672,-0.9807658,0.3764839,-0.06924573,0.9238316,0.07145731,0.05391479,-0.1849843,-0.009333952,-0.03009464,0.004575293,0.999493,-0.06024417,0.01838306,0.9980144
Fixation,17.6024,0.03624585,0.04963088,-0.05877551,-0.01866238,-0.2787803,-0.002336625,-0.9601707,0.5354406,-0.03453533,0.8438665,0.105932,0.04874337,-0.05454485,-0.03602561,-0.192088,-0.003750117,-0.9807091,0.377035,-0.06922058,0.9236087,0.07145615,0.05391693,-0.1849868,-0.009199342,-0.03009021,0.004518452,0.9994947,-0.06023314,0.01811747,0.9980199
Fixation,17.6134,0.03624836,0.04961836,-0.0587683,-0.01859771,-0.2788354,-0.00235908,-0.9601559,0.5355387,-0.03439782,0.8438098,0.1059351,0.04873693,-0.05454542,-0.0359634,-0.192145,-0.003777253,-0.9807001,0.377145,-0.06908707,0.9235739,0.0714576,0.05390668,-0.184984,-0.009253511,-0.03003385,0.004561277,0.9994956,-0.06012182,0.0182237,0.9980247
Fixation,17.6244,0.03625742,0.04960907,-0.05876257,-0.01831068,-0.2790705,-0.002448551,-0.960093,0.5359568,-0.03379327,0.8435688,0.1059438,0.04873908,-0.054532,-0.03601314,-0.1920929,-0.003876459,-0.9807081,0.3770534,-0.06914748,0.9236067,0.07146662,0.05390418,-0.1849738,-0.009183467,-0.03009093,0.00464451,0.9994942,-0.06023673,0.01807813,0.9980204
Fixation,17.6354,0.03624635,0.0496006,-0.05876994,-0.01839915,-0.2791378,-0.002428795,-0.9600717,0.536074,-0.03397306,0.8434871,0.1059332,0.04872406,-0.05454943,-0.03595098,-0.192391,-0.003840897,-0.9806522,0.3776134,-0.06903291,0.9233865,0.07145503,0.05389369,-0.1849855,-0.009104801,-0.03001975,0.004600417,0.9994973,-0.06009309,0.01792424,0.9980319
Fixation,17.6468,0.03623801,0.04958439,-0.05876425,-0.01845391,-0.2790878,-0.002497725,-0.960085,0.5359882,-0.03404049,0.8435389,0.1059245,0.04871428,-0.0545365,-0.03601148,-0.1923406,-0.003905564,-0.9806595,0.3775226,-0.06912761,0.9234165,0.07144693,0.05388188,-0.1849754,-0.009031883,-0.03007339,0.004647695,0.9994961,-0.06020043,0.01777512,0.998028
Fixation,17.6578,0.03622713,0.0495739,-0.05876763,-0.01819313,-0.2794466,-0.002561799,-0.9599855,0.5366225,-0.03349852,0.8431572,0.1059139,0.04871261,-0.05454224,-0.03604325,-0.1923589,-0.003978896,-0.9806545,0.377562,-0.06916119,0.9233979,0.07143527,0.05387664,-0.1849796,-0.008984468,-0.03005788,0.004712927,0.9994967,-0.06017019,0.01767657,0.9980316
Fixation,17.6688,0.03621322,0.04955876,-0.05876932,-0.01819921,-0.2794588,-0.002555837,-0.9599818,0.5366438,-0.03351332,0.8431431,0.1059001,0.0486964,-0.05454573,-0.0360488,-0.1923713,-0.003972188,-0.9806519,0.3775849,-0.06917438,0.9233875,0.07142126,0.05386102,-0.1849822,-0.008980419,-0.03004491,0.00470573,0.9994972,-0.06014413,0.01766904,0.9980333
Fixation,17.6796,0.0362106,0.049541,-0.05876627,-0.01826607,-0.2793723,-0.002600998,-0.9600056,0.536493,-0.03361777,0.8432349,0.1058968,0.04868126,-0.05453023,-0.03593866,-0.1925023,-0.004005203,-0.98063,0.3778351,-0.06894304,0.9233025,0.07141956,0.053846,-0.1849721,-0.008903596,-0.03013577,0.00472564,0.999495,-0.06032525,0.01751338,0.9980251
Fixation,17.6915,0.03621671,0.04951382,-0.058768,-0.01829385,-0.2794132,-0.002625164,-0.9599931,0.5365655,-0.03365693,0.8431872,0.1059029,0.04865372,-0.05453331,-0.0360202,-0.1925106,-0.004023894,-0.9806253,0.3778514,-0.06909537,0.9232844,0.07142553,0.05381989,-0.1849737,-0.008819806,-0.03012752,0.004726141,0.999496,-0.06030804,0.01734595,0.9980291
Fixation,17.7025,0.03623001,0.04948664,-0.0587694,-0.01839688,-0.2793844,-0.002649559,-0.9599994,0.5365152,-0.0338415,0.8432118,0.105916,0.04862487,-0.05453076,-0.03576116,-0.1927309,-0.004026187,-0.9805915,0.3782685,-0.06858224,0.9231519,0.07143926,0.05379367,-0.1849721,-0.00871449,-0.03015755,0.004716786,0.999496,-0.06036692,0.0171357,0.9980292
Fixation,17.7133,0.03622231,0.0494647,-0.05877768,-0.01845209,-0.2793395,-0.002659556,-0.9600114,0.5364363,-0.03394259,0.843258,0.1059079,0.04860151,-0.05453265,-0.03581687,-0.1926848,-0.004032029,-0.9805986,0.3781818,-0.06869014,0.9231794,0.0714322,0.05377209,-0.1849766,-0.008659253,-0.03020426,0.00470802,0.9994951,-0.06045956,0.01702536,0.9980254
Fixation,17.7244,0.03621795,0.04945362,-0.05878188,-0.0186194,-0.2793332,-0.0027331,-0.9600098,0.536427,-0.03422272,0.8432526,0.1059035,0.04859567,-0.0545352,-0.03590896,-0.192673,-0.004095429,-0.9805973,0.3781634,-0.06884629,0.9231753,0.07142762,0.05376518,-0.184979,-0.008555429,-0.03021833,0.004748794,0.9994954,-0.06048741,0.01681522,0.9980273
Fixation,17.7361,0.03621968,0.04943919,-0.05875497,-0.01864157,-0.279295,-0.002736336,-0.9600205,0.53636,-0.03426408,0.8432935,0.1059049,0.04858053,-0.0545028,-0.03593119,-0.192634,-0.004097355,-0.9806041,0.3780898,-0.06888997,0.9232022,0.07142987,0.05375075,-0.1849491,-0.008533653,-0.03025796,0.004743964,0.9994944,-0.06056629,0.01677159,0.9980233
Fixation,17.7469,0.03622258,0.04943967,-0.05875078,-0.01862017,-0.2792597,-0.002770818,-0.9600311,0.5362992,-0.03420434,0.8433346,0.1059075,0.04858649,-0.05449336,-0.03555792,-0.1927358,-0.004122233,-0.9805976,0.3782857,-0.06814703,0.9231771,0.0714329,0.05375385,-0.1849424,-0.008543672,-0.03029575,0.00478235,0.9994931,-0.0606425,0.01678891,0.9980183
Fixation,17.7583,0.03622732,0.04944873,-0.05876002,-0.01861002,-0.2793202,-0.002741355,-0.9600138,0.5364045,-0.03420031,0.8432678,0.1059123,0.04859221,-0.0545034,-0.03554466,-0.1927408,-0.004094284,-0.9805972,0.3782933,-0.06813172,0.9231751,0.07143778,0.05376089,-0.1849522,-0.00856278,-0.03028954,0.0047583,0.9994932,-0.06062986,0.01682863,0.9980184
Fixation,17.7695,0.03623382,0.04944479,-0.05876521,-0.01852145,-0.2793119,-0.002696124,-0.960018,0.5363888,-0.03405574,0.8432837,0.1059187,0.04858649,-0.05450723,-0.03545243,-0.1927322,-0.00405727,-0.9806024,0.3782749,-0.06796554,0.9231949,0.07144456,0.05375445,-0.1849576,-0.008661056,-0.03029741,0.004742347,0.9994922,-0.0606462,0.01702595,0.9980141
Fixation,17.7805,0.0362654,0.04944468,-0.0587796,-0.01841172,-0.2793391,-0.00262297,-0.9600124,0.5364345,-0.03388557,0.8432614,0.1059504,0.04858208,-0.05452542,-0.034903,-0.1932838,-0.003975554,-0.9805139,0.3793124,-0.06690893,0.9228463,0.07147611,0.05375004,-0.1849751,-0.008787783,-0.03026775,0.004707364,0.9994921,-0.06058749,0.01728168,0.9980133
Fixation,17.7909,0.03628654,0.04946268,-0.0587882,-0.01816788,-0.2796299,-0.00250941,-0.9599327,0.536943,-0.03347646,0.8429541,0.1059715,0.04858828,-0.05453474,-0.03485134,-0.1932869,-0.003875116,-0.9805155,0.3793117,-0.06684654,0.9228511,0.07149794,0.05376101,-0.1849848,-0.008860534,-0.0302606,0.004621193,0.9994921,-0.06057236,0.01743239,0.9980116
Fixation,17.8021,0.03630741,0.04949307,-0.05880946,-0.01806351,-0.279662,-0.00245415,-0.9599255,0.536998,-0.03330659,0.8429258,0.1059926,0.04861641,-0.05456048,-0.03474263,-0.1933195,-0.003828796,-0.9805131,0.3793707,-0.06665085,0.922841,0.07151859,0.0537883,-0.1850094,-0.008976607,-0.03022625,0.00460174,0.9994922,-0.06050441,0.01766591,0.9980116
Fixation,17.8134,0.03633112,0.04949749,-0.05884108,-0.01810817,-0.2796522,-0.002446581,-0.9599276,0.5369803,-0.03339668,0.8429335,0.1060162,0.04861772,-0.05459081,-0.03436925,-0.1935043,-0.003802989,-0.9804899,0.3797195,-0.06592561,0.9227496,0.07154259,0.05379188,-0.18504,-0.008936534,-0.03023596,0.004580495,0.9994923,-0.0605231,0.017587,0.9980118
Fixation,17.8244,0.03635288,0.04952443,-0.05887783,-0.01811239,-0.2797627,-0.002436956,-0.9598953,0.5371742,-0.03340846,0.8428095,0.1060387,0.04864311,-0.05464013,-0.0343802,-0.1935922,-0.003791401,-0.9804722,0.3798842,-0.06594969,0.9226801,0.07156332,0.05381811,-0.185083,-0.008927673,-0.03014596,0.004570645,0.9994952,-0.06034309,0.01757076,0.998023
Fixation,17.8352,0.03637318,0.04954493,-0.05888273,-0.01808198,-0.2797829,-0.002347512,-0.9598902,0.5372065,-0.03339985,0.8427892,0.106059,0.04865336,-0.05464803,-0.03434208,-0.1936116,-0.003704679,-0.9804701,0.3799151,-0.06590822,0.9226704,0.071584,0.05383253,-0.1850899,-0.008984034,-0.03012276,0.004495543,0.9994957,-0.06029591,0.01768817,0.9980238
Fixation,17.8464,0.03638782,0.04957426,-0.05889359,-0.018066,-0.2797973,-0.002305081,-0.9598863,0.5372304,-0.0333927,0.8427742,0.1060737,0.04867792,-0.05466103,-0.03395712,-0.1940855,-0.003648096,-0.98039,0.3808067,-0.06516636,0.9223555,0.07159877,0.053859,-0.1851021,-0.009012209,-0.0301067,0.004460531,0.9994961,-0.06026347,0.01774675,0.9980248
Fixation,17.8579,0.03641604,0.04959488,-0.05891216,-0.01779692,-0.280053,-0.00231101,-0.9598168,0.5376815,-0.03286916,0.8425072,0.1061023,0.0487026,-0.05468464,-0.03391787,-0.1941224,-0.003666107,-0.9803839,0.3808778,-0.06508172,0.9223321,0.0716263,0.05388105,-0.1851236,-0.009046152,-0.03007017,0.004488454,0.9994968,-0.06019129,0.01781326,0.9980279
Fixation,17.8693,0.03642061,0.04960585,-0.05891606,-0.01769781,-0.2800833,-0.002257118,-0.9598099,0.5377334,-0.03270871,0.8424802,0.1061071,0.04871106,-0.05469277,-0.03381452,-0.1941532,-0.003620689,-0.9803816,0.3809333,-0.06489634,0.9223222,0.07163067,0.05388904,-0.1851306,-0.009156823,-0.03003774,0.00446865,0.9994968,-0.06012709,0.01803598,0.9980278
Fixation,17.8796,0.03643457,0.04962122,-0.0589199,-0.01766672,-0.2800625,-0.002267177,-0.9598166,0.5376973,-0.03264372,0.8425058,0.1061209,0.0487293,-0.05469348,-0.0334923,-0.1944351,-0.00362201,-0.9803368,0.3814663,-0.06425898,0.9221466,0.07164476,0.05390537,-0.1851332,-0.009183464,-0.03005989,0.00448723,0.9994959,-0.0601719,0.0180879,0.9980241
Fixation,17.8915,0.03643363,0.0496248,-0.05891465,-0.01751038,-0.2802898,-0.002244281,-0.9597532,0.5380967,-0.03235319,0.842262,0.10612,0.04873085,-0.05468922,-0.0334897,-0.1944417,-0.003606146,-0.9803356,0.3814778,-0.06425992,0.9221417,0.07164385,0.05390787,-0.1851285,-0.009189497,-0.03005249,0.004472653,0.9994961,-0.0601569,0.0181009,0.9980248
Fixation,17.9024,0.0364341,0.04961526,-0.05890812,-0.01756682,-0.2802978,-0.002254283,-0.9597497,0.5381107,-0.03245576,0.8422491,0.1061205,0.04871988,-0.05468398,-0.03354679,-0.1944497,-0.003610991,-0.980332,0.3814928,-0.06436968,0.9221279,0.07164427,0.05389845,-0.185122,-0.009132664,-0.03004415,0.00446495,0.9994969,-0.06013962,0.01798785,0.9980279
Fixation,17.9133,0.03643471,0.04961526,-0.05891711,-0.01766256,-0.2802879,-0.002279987,-0.9597508,0.5380936,-0.03262521,0.8422535,0.1061211,0.04871881,-0.05469174,-0.0334877,-0.1947462,-0.00362057,-0.9802752,0.3820522,-0.06424414,0.921905,0.07164502,0.05389965,-0.1851295,-0.009033734,-0.03005465,0.004459538,0.9994975,-0.06015968,0.01779033,0.9980302
Fixation,17.9242,0.03643287,0.04960966,-0.05892304,-0.01748909,-0.2804747,-0.002287283,-0.9596994,0.5384227,-0.0322855,0.8420562,0.1061193,0.04871273,-0.05469828,-0.0335451,-0.1947495,-0.003631574,-0.9802725,0.3820589,-0.06435218,0.9218947,0.07164314,0.05389476,-0.1851352,-0.008975269,-0.03005128,0.004457544,0.9994981,-0.06015242,0.01767362,0.9980327
Fixation,17.9363,0.03643436,0.04961157,-0.05891082,-0.01753355,-0.2804434,-0.002242349,-0.9597078,0.538366,-0.03239646,0.8420882,0.1061204,0.04870641,-0.05468173,-0.0332998,-0.1950566,-0.003571528,-0.98022,0.3826347,-0.06388896,0.9216881,0.0716455,0.05389297,-0.1851205,-0.008947134,-0.03008244,0.00440023,0.9994977,-0.0602134,0.01762054,0.99803
Fixation,17.9465,0.03643397,0.04962361,-0.05890921,-0.01752387,-0.2804591,-0.002295848,-0.9597033,0.5383955,-0.03234766,0.8420712,0.1061202,0.04872608,-0.05468227,-0.0332949,-0.1950735,-0.003625407,-0.9802167,0.3826701,-0.06385799,0.9216755,0.07164446,0.05390882,-0.1851199,-0.00893967,-0.03006755,0.00445451,0.999498,-0.06018456,0.01760249,0.998032
Fixation,17.9576,0.03642807,0.04962611,-0.05891344,-0.01730059,-0.2807797,-0.002331586,-0.9596134,0.5389607,-0.03189444,0.8417269,0.1061141,0.04873669,-0.05468088,-0.03324812,-0.1950364,-0.003674903,-0.9802254,0.3826037,-0.06374783,0.9217107,0.07163858,0.0539149,-0.1851216,-0.008974505,-0.03010777,0.004511596,0.9994962,-0.06026619,0.0176683,0.998026
Fixation,17.9687,0.03641899,0.04962087,-0.05892552,-0.01731123,-0.2807926,-0.002404156,-0.9596093,0.5389857,-0.0318739,0.8417116,0.1061052,0.04874051,-0.05469473,-0.03326514,-0.1950506,-0.003746029,-0.9802217,0.3826349,-0.06375309,0.9216974,0.07162876,0.0539149,-0.1851343,-0.008941822,-0.03009619,0.004577635,0.9994966,-0.06024395,0.0175991,0.9980285
Fixation,17.9800,0.03640952,0.04959714,-0.05892922,-0.01727547,-0.2807518,-0.002456299,-0.9596218,0.5389159,-0.0317766,0.84176,0.1060955,0.04872525,-0.05469231,-0.03294569,-0.195237,-0.003790897,-0.9801953,0.3829904,-0.06310618,0.9215942,0.07161933,0.053895,-0.1851351,-0.008960025,-0.03014033,0.004637154,0.9994948,-0.06033329,0.01763147,0.9980226
Fixation,17.9914,0.0363951,0.04958498,-0.05893726,-0.01720286,-0.2807272,-0.00251324,-0.9596302,0.5388752,-0.03160569,0.8417926,0.106081,0.04872394,-0.05469649,-0.03287832,-0.1952131,-0.003854394,-0.9802021,0.3829501,-0.06294995,0.9216217,0.07160459,0.05388749,-0.1851417,-0.009011647,-0.03016775,0.004713076,0.9994931,-0.06038986,0.01772979,0.9980174
Fixation,18.0021,0.03638483,0.04959142,-0.05894428,-0.01722561,-0.2808118,-0.002575939,-0.9596048,0.5390255,-0.03161284,0.841696,0.1060704,0.04873681,-0.05469751,-0.03292489,-0.1951717,-0.003915735,-0.9802085,0.3828757,-0.06301804,0.921648,0.07159445,0.0538981,-0.1851451,-0.008952814,-0.03021218,0.004760567,0.9994921,-0.06047891,0.01760888,0.9980142
Fixation,18.0132,0.03637184,0.04958498,-0.05894366,-0.01715733,-0.2807671,-0.002519018,-0.9596193,0.5389454,-0.03151449,0.8417509,0.106057,0.04872596,-0.05469031,-0.03274704,-0.1950938,-0.003862946,-0.9802302,0.3827266,-0.06269199,0.9217321,0.07158234,0.05388808,-0.185142,-0.009035723,-0.03025762,0.004726382,0.9994901,-0.0605698,0.01777621,0.9980057
Fixation,18.0241,0.03635612,0.04955709,-0.05894827,-0.01706148,-0.28091,-0.002492997,-0.9595792,0.539196,-0.03134308,0.8415969,0.1060408,0.04868686,-0.05468961,-0.03293926,-0.1950512,-0.003831144,-0.9802324,0.3826433,-0.0630817,0.9217401,0.07156772,0.05385768,-0.1851422,-0.008855821,-0.03029824,0.004650459,0.9994909,-0.06064799,0.01742082,0.9980072
Fixation,18.0354,0.03634983,0.04951704,-0.05895626,-0.01717551,-0.2808386,-0.002538298,-0.959598,0.5390715,-0.03153746,0.8416694,0.1060339,0.04864717,-0.05468744,-0.03305657,-0.1949781,-0.003867362,-0.9802428,0.3825075,-0.06329882,0.9217816,0.07156226,0.05381966,-0.1851439,-0.008733927,-0.03037323,0.004656274,0.9994897,-0.0607968,0.01717609,0.9980024
Fixation,18.0467,0.03634909,0.04947281,-0.05895637,-0.01726161,-0.2807711,-0.002540119,-0.9596162,0.5389526,-0.03170265,0.8417392,0.1060325,0.04859889,-0.05467799,-0.03235841,-0.1929758,-0.003857425,-0.9806622,0.3787379,-0.06197656,0.9234265,0.0715626,0.05377483,-0.1851384,-0.008652019,-0.03044301,0.004629519,0.9994884,-0.06093497,0.01701331,0.9979967
Fixation,18.0576,0.03637053,0.04948306,-0.05893523,-0.0161337,-0.2783457,-0.002409091,-0.9603425,0.534692,-0.02964664,0.8445268,0.1060532,0.04859412,-0.05464828,-0.0323254,-0.1929129,-0.003739763,-0.9806762,0.3786119,-0.06195861,0.9234794,0.07158574,0.05377662,-0.1851134,-0.008710936,-0.03050254,0.004519624,0.9994866,-0.06105249,0.01713721,0.9979874
Fixation,18.0686,0.03637042,0.04951203,-0.05893317,-0.01618592,-0.2784314,-0.002207758,-0.9603172,0.5348365,-0.02985782,0.8444279,0.1060535,0.04859436,-0.05465914,-0.03235999,-0.1929971,-0.003533217,-0.9806592,0.3787575,-0.06210444,0.9234099,0.07158625,0.05379093,-0.1851179,-0.008722503,-0.03040803,0.004314273,0.9994903,-0.06086032,0.01717374,0.9979985
Fixation,18.0801,0.03637667,0.04954207,-0.05892427,-0.01621861,-0.2784769,-0.002116351,-0.9603037,0.5349134,-0.02997087,0.8443752,0.10606,0.04861093,-0.05465706,-0.03082045,-0.1856299,-0.003461943,-0.9821302,0.3648388,-0.0592541,0.9291833,0.07159272,0.05381429,-0.1851124,-0.008719161,-0.03035831,0.004218448,0.9994922,-0.06075935,0.01717334,0.9980047
Fixation,18.0907,0.03637674,0.04956615,-0.05893069,-0.01660445,-0.273715,-0.002128892,-0.9616652,0.5265149,-0.03077041,0.8496088,0.1060609,0.04862678,-0.05467841,-0.03087099,-0.1857327,-0.003409892,-0.9821094,0.3650302,-0.05937072,0.9291007,0.07159195,0.05383492,-0.185126,-0.008680206,-0.03025143,0.004160921,0.999496,-0.06054461,0.01709991,0.998019
Fixation,18.1025,0.03639155,0.04956627,-0.05893703,-0.01657824,-0.2737352,-0.002196469,-0.9616597,0.5265531,-0.03068275,0.8495884,0.106076,0.04863703,-0.05468751,-0.03085105,-0.1857545,-0.003479254,-0.9821056,0.3650757,-0.05930541,0.929087,0.0716059,0.05383992,-0.1851338,-0.008684585,-0.03023219,0.004233767,0.9994962,-0.06050746,0.01710443,0.9980212
Fixation,18.1131,0.03639201,0.04957092,-0.05895758,-0.01652198,-0.2737933,-0.002297984,-0.9616439,0.5266593,-0.03051818,0.8495285,0.1060772,0.04865777,-0.05471615,-0.03186538,-0.1828194,-0.003644998,-0.9826233,0.3595175,-0.06129058,0.9311233,0.07160466,0.05385232,-0.1851587,-0.008707053,-0.03017473,0.004349028,0.9994973,-0.06039486,0.01714289,0.9980273
Fixation,18.1242,0.03637655,0.04958797,-0.05898251,-0.01553705,-0.2708423,-0.002359862,-0.9624954,0.5214424,-0.02863038,0.852806,0.106062,0.04868233,-0.05474357,-0.0318891,-0.1828382,-0.003705374,-0.9826188,0.3595568,-0.06131468,0.9311066,0.07158852,0.05387366,-0.1851846,-0.008670903,-0.03015795,0.004403718,0.9994979,-0.06036198,0.01706748,0.9980306
Fixation,18.1353,0.03639775,0.04961741,-0.05900078,-0.01557622,-0.2708591,-0.002435313,-0.9624899,0.5214741,-0.02866465,0.8527855,0.1060834,0.04871988,-0.05476425,-0.03193494,-0.1828562,-0.003776689,-0.9826137,0.3595952,-0.06137823,0.9310876,0.07160897,0.05390823,-0.1852035,-0.0086108,-0.03014223,0.004464362,0.9994986,-0.06033112,0.01694383,0.9980346
Fixation,18.1475,0.036391,0.04964793,-0.05902204,-0.01557885,-0.2708295,-0.002463038,-0.9624981,0.5214226,-0.0286551,0.8528174,0.1060764,0.04875386,-0.05478119,-0.0309252,-0.1822341,-0.003779658,-0.9827615,0.358419,-0.05940663,0.9316688,0.07160239,0.05394065,-0.1852225,-0.008600187,-0.03017357,0.004489271,0.9994976,-0.06039404,0.01692082,0.9980312
Fixation,18.1575,0.03637043,0.04968262,-0.05905649,-0.01666192,-0.2696949,-0.002479746,-0.9627985,0.5194063,-0.03074659,0.8539741,0.1060564,0.04878569,-0.05482542,-0.03091058,-0.1823026,-0.003751759,-0.9827493,0.3585474,-0.05938679,0.9316206,0.07158113,0.05397356,-0.1852621,-0.008619882,-0.03010296,0.004467884,0.9994997,-0.06025281,0.01696214,0.998039
Fixation,18.1688,0.0363515,0.04972947,-0.05906691,-0.0165567,-0.2697103,-0.00235721,-0.9627963,0.5194303,-0.03060994,0.8539644,0.1060375,0.04882109,-0.05483799,-0.0307949,-0.1823172,-0.003638937,-0.9827507,0.3585688,-0.05920053,0.9316242,0.07156276,0.05401242,-0.1852748,-0.008756779,-0.03008442,0.004382781,0.9994994,-0.06021549,0.01724108,0.9980365
Fixation,18.1798,0.03632681,0.04979241,-0.05908391,-0.01645102,-0.2696237,-0.002333842,-0.9628224,0.5192761,-0.0304203,0.8540649,0.106012,0.04888558,-0.05484221,-0.0300579,-0.1811979,-0.003617474,-0.9829805,0.3564455,-0.05778171,0.9325277,0.07153916,0.05407441,-0.1852864,-0.008865272,-0.0301742,0.004389758,0.9994957,-0.0603958,0.01745669,0.9980218
Fixation,18.1907,0.03627879,0.04980206,-0.05911142,-0.01627657,-0.2696187,-0.002218324,-0.9628271,0.5192647,-0.03014684,0.8540816,0.1059639,0.04888809,-0.05486873,-0.02987375,-0.1811922,-0.003518334,-0.9829876,0.3564297,-0.05745607,0.9325539,0.07149174,0.05407715,-0.1853153,-0.009066303,-0.03017731,0.004331478,0.9994941,-0.06040262,0.01786201,0.9980143
Fixation,18.2025,0.03622892,0.04980659,-0.05915217,-0.01615994,-0.2685064,-0.002332951,-0.9631395,0.5172937,-0.02987573,0.8552863,0.1059135,0.04891288,-0.054897,-0.02973261,-0.1811103,-0.003635576,-0.9830065,0.3562814,-0.05713783,0.9326301,0.07144178,0.0540899,-0.1853509,-0.009180218,-0.03026599,0.004472469,0.9994897,-0.06058321,0.01808034,0.9979994
Fixation,18.2134,0.03618602,0.04980552,-0.05919958,-0.01609142,-0.2683082,-0.002370819,-0.9631959,0.5169429,-0.02972615,0.8555036,0.1058689,0.04891944,-0.05491548,-0.02956247,-0.1804191,-0.003683946,-0.9831386,0.3549719,-0.05679869,0.93315,0.071401,0.05409181,-0.1853842,-0.00923583,-0.03047295,0.004523783,0.9994827,-0.06099794,0.0181864,0.9979722
Fixation,18.2245,0.03614073,0.0497576,-0.05924132,-0.01610459,-0.2682229,-0.002563271,-0.9632189,0.5167973,-0.02964943,0.8555942,0.1058232,0.04889607,-0.0549446,-0.02959265,-0.1803344,-0.003875588,-0.9831524,0.3548218,-0.05679037,0.9332076,0.07135528,0.05405736,-0.1854189,-0.009166627,-0.03056619,0.004701301,0.9994797,-0.06118676,0.01803631,0.9979634
Fixation,18.2355,0.0360937,0.04973507,-0.05926908,-0.01673417,-0.2667831,-0.002688387,-0.9636076,0.5142385,-0.03081592,0.8570935,0.1057755,0.04888415,-0.05495946,-0.0296306,-0.1802448,-0.003966387,-0.9831674,0.3546568,-0.05683383,0.9332677,0.07130872,0.05404103,-0.1854397,-0.009111066,-0.03066042,0.004778482,0.9994769,-0.06137583,0.01791958,0.9979538
Fixation,18.2471,0.03605375,0.04971516,-0.0592841,-0.01680953,-0.266695,-0.002741063,-0.9636305,0.514083,-0.0309343,0.8571825,0.1057348,0.0488677,-0.05496184,-0.02971143,-0.179939,-0.004015512,-0.9832208,0.3540782,-0.0569807,0.9334784,0.07126965,0.05402422,-0.1854475,-0.009024128,-0.03075276,0.004804095,0.9994748,-0.06155992,0.0177433,0.9979457
Fixation,18.2575,0.03602694,0.04966021,-0.05924592,-0.01688245,-0.2665703,-0.002770813,-0.9636636,0.5138617,-0.03106078,0.8573105,0.1057068,0.04881287,-0.05490578,-0.02978632,-0.1798118,-0.004040302,-0.9832417,0.3538375,-0.05712133,0.933561,0.07124437,0.05397058,-0.1853995,-0.008946587,-0.03088242,0.004807561,0.9994714,-0.06181822,0.01758678,0.9979325
Fixation,18.2687,0.03600898,0.04967248,-0.05926574,-0.01781257,-0.2662743,-0.002871075,-0.9637285,0.5133346,-0.03280398,0.8575614,0.1056891,0.04882944,-0.05492817,-0.02991116,-0.179829,-0.004101325,-0.9832345,0.3538735,-0.0573443,0.9335337,0.07122588,0.05398738,-0.1854194,-0.00881154,-0.03086653,0.004841651,0.999473,-0.06178585,0.0173149,0.9979392
Fixation,18.2799,0.03599033,0.04966903,-0.05927339,-0.0178518,-0.2662288,-0.002869419,-0.9637403,0.5132533,-0.03288115,0.8576071,0.10567,0.04882371,-0.05492935,-0.02990419,-0.1799016,-0.004094199,-0.9832215,0.3540112,-0.05733177,0.9334823,0.07120791,0.05398345,-0.1854234,-0.008774899,-0.03091346,0.004827207,0.9994719,-0.06187899,0.01724208,0.9979347
Fixation,18.2911,0.03595461,0.04967463,-0.05929422,-0.01786437,-0.2662622,-0.002915413,-0.9637307,0.5133142,-0.03288034,0.8575706,0.1056347,0.04883492,-0.05495495,-0.02992086,-0.1799362,-0.004138485,-0.9832144,0.3540793,-0.05734792,0.9334555,0.07117142,0.05399227,-0.1854464,-0.008749031,-0.03088003,0.00486833,0.999473,-0.06181269,0.01718817,0.9979398
Fixation,18.3019,0.03598079,0.04968131,-0.05926067,-0.01760141,-0.265915,-0.002831042,-0.9638316,0.5126943,-0.03242396,0.8579588,0.1056609,0.04883146,-0.05492368,-0.02990662,-0.1799504,-0.004059108,-0.9832126,0.3541018,-0.05734825,0.9334469,0.07119805,0.05399334,-0.1854143,-0.008779548,-0.03086257,0.004794344,0.9994736,-0.06177682,0.01725392,0.9979408
Fixation,18.3133,0.03597726,0.04967475,-0.05926207,-0.01759323,-0.2658959,-0.002890738,-0.9638368,0.5126622,-0.03237673,0.8579797,0.1056573,0.04883313,-0.05492217,-0.02977706,-0.1799221,-0.004115727,-0.9832215,0.3540516,-0.05707388,0.9334827,0.07119425,0.05399108,-0.1854141,-0.008769873,-0.03088406,0.004853244,0.9994727,-0.06182068,0.01723072,0.9979385
Fixation,18.3244,0.0359754,0.04966474,-0.05926405,-0.01755313,-0.2659009,-0.002854529,-0.9638363,0.5126702,-0.03231864,0.8579772,0.1056554,0.04882014,-0.05492484,-0.02973396,-0.1799271,-0.004083134,-0.983222,0.3540593,-0.05700084,0.9334843,0.07119254,0.0539788,-0.1854169,-0.008818847,-0.03087807,0.00483065,0.9994726,-0.06180876,0.01733007,0.9979376
Fixation,18.3362,0.03602234,0.04968357,-0.05921498,-0.01772251,-0.2654378,-0.002863297,-0.9639608,0.5118449,-0.03264756,0.8584573,0.1057024,0.04883993,-0.05487582,-0.02970869,-0.1799279,-0.004083404,-0.9832226,0.354061,-0.05695107,0.9334866,0.07123943,0.05399752,-0.1853681,-0.008843506,-0.03087734,0.004836257,0.9994724,-0.06180764,0.01737902,0.9979368
Fixation,18.3465,0.03603388,0.0496856,-0.05919855,-0.01778887,-0.2654343,-0.002784824,-0.9639608,0.5118355,-0.03281718,0.8584564,0.1057137,0.0488286,-0.05485921,-0.03019012,-0.1794976,-0.004016567,-0.9832869,0.3532378,-0.05792917,0.9337384,0.0712518,0.0539937,-0.1853512,-0.008803271,-0.03087858,0.004741637,0.9994732,-0.0618081,0.01730444,0.997938
Fixation,18.3578,0.03603894,0.04966986,-0.05919174,-0.01779631,-0.2654757,-0.002664524,-0.9639496,0.5119053,-0.03289476,0.8584118,0.105719,0.04879665,-0.05485865,-0.03018707,-0.1795386,-0.003895562,-0.98328,0.3533086,-0.05796588,0.9337093,0.07125731,0.05396926,-0.1853478,-0.008831334,-0.0308323,0.004625687,0.9994749,-0.06171393,0.01736815,0.9979427
Fixation,18.3688,0.0360588,0.04966724,-0.05918185,-0.01828918,-0.2656009,-0.00269369,-0.9639058,0.5121271,-0.0338272,0.8582433,0.1057393,0.04878807,-0.05485786,-0.03038102,-0.1795987,-0.003898348,-0.983263,0.3534224,-0.05834479,0.9336426,0.07127665,0.05396688,-0.1853407,-0.008640597,-0.0307701,0.004590154,0.9994786,-0.06158743,0.0169897,0.9979571
Fixation,18.3802,0.0360809,0.04965937,-0.05916723,-0.01841647,-0.2656579,-0.002652973,-0.9638878,0.5122265,-0.03409325,0.8581734,0.1057618,0.04876935,-0.05485189,-0.03042215,-0.1795936,-0.003843935,-0.9832629,0.3534094,-0.05844524,0.9336413,0.07129863,0.05395532,-0.1853293,-0.008530531,-0.03070931,0.004515302,0.9994817,-0.06146382,0.0167749,0.9979683
Fixation,18.3910,0.0360894,0.04964399,-0.05916339,-0.01872103,-0.2657513,-0.002722533,-0.963856,0.5123939,-0.03464173,0.8580515,0.1057703,0.04876101,-0.05484636,-0.03045223,-0.1795826,-0.003903647,-0.9832637,0.3533919,-0.0584831,0.9336455,0.07130682,0.05394423,-0.1853243,-0.008488653,-0.03072258,0.0045669,0.9994815,-0.06149084,0.01668789,0.9979681
Fixation,18.4023,0.03608737,0.04962838,-0.0591713,-0.01874297,-0.2658682,-0.002835947,-0.963823,0.5126061,-0.03462183,0.8579256,0.1057695,0.04875958,-0.054871,-0.03048442,-0.1797031,-0.004013268,-0.9832402,0.3536272,-0.05850463,0.933555,0.07130241,0.0539366,-0.1853401,-0.008433308,-0.03060438,0.00467204,0.9994851,-0.06125604,0.01657196,0.9979845
Fixation,18.4133,0.03612233,0.04964161,-0.05915607,-0.01870979,-0.2658042,-0.002818008,-0.9638414,0.5124917,-0.03456846,0.8579961,0.1058039,0.04877174,-0.05484646,-0.03059543,-0.179405,-0.004005724,-0.9832913,0.3530599,-0.05873115,0.9337555,0.07133827,0.05394876,-0.1853206,-0.008470807,-0.03067043,0.004662894,0.9994828,-0.06138813,0.01664683,0.9979751
Fixation,18.4277,0.03614167,0.04965734,-0.05914642,-0.01817555,-0.2658423,-0.002867976,-0.963841,0.5125636,-0.03351183,0.8579951,0.1058239,0.04880011,-0.0548449,-0.03051245,-0.1794659,-0.00407601,-0.9832824,0.35318,-0.05854171,0.933722,0.07135615,0.05396962,-0.1853157,-0.008536817,-0.03061195,0.004751358,0.9994836,-0.0612734,0.01677392,0.9979801
Fixation,18.4412,0.03616037,0.04967129,-0.05914605,-0.01813625,-0.2658821,-0.00284228,-0.9638308,0.5126339,-0.03344912,0.8579555,0.1058429,0.04881263,-0.05485024,-0.03054809,-0.1795298,-0.004055514,-0.9832698,0.3533002,-0.05861786,0.9336717,0.07137445,0.05398214,-0.1853186,-0.008581655,-0.03057016,0.004739521,0.9994845,-0.06119015,0.01686469,0.9979836
Fixation,18.4472,0.03617632,0.04968274,-0.05914351,-0.01812669,-0.2659144,-0.002798539,-0.9638222,0.5126898,-0.03345346,0.857922,0.1058591,0.04881883,-0.05485242,-0.03053479,-0.1795623,-0.004012386,-0.9832644,0.3533594,-0.0586066,0.93365,0.07139032,0.0539906,-0.1853186,-0.008603459,-0.03053562,0.004701461,0.9994856,-0.06112072,0.01691094,0.9979871
Fixation,18.4573,0.03622205,0.04970407,-0.05913144,-0.01831726,-0.2657338,-0.002655906,-0.9638688,0.5123622,-0.03389934,0.8581001,0.1059048,0.04882026,-0.05484438,-0.03052412,-0.1795869,-0.003862035,-0.9832609,0.3533973,-0.05863921,0.9336336,0.07143693,0.05400133,-0.1853089,-0.008645213,-0.0305048,0.004557781,0.9994869,-0.06105711,0.01700349,0.9979894
Fixation,18.4689,0.03623656,0.04972708,-0.05913885,-0.01835936,-0.2657933,-0.002619603,-0.9638517,0.5124668,-0.03399885,0.8580337,0.1059198,0.04883659,-0.05486058,-0.03056302,-0.1796471,-0.003821415,-0.9832488,0.3535091,-0.0587291,0.9335856,0.07145105,0.05402136,-0.1853205,-0.008615226,-0.03044185,0.004512356,0.9994892,-0.06093035,0.01694692,0.9979981
Fixation,18.4800,0.03625104,0.04974818,-0.05914568,-0.01834489,-0.2657695,-0.002566194,-0.9638587,0.5124227,-0.03399973,0.8580601,0.1059339,0.04885125,-0.05486405,-0.03113268,-0.1792463,-0.003791217,-0.9833043,0.3527434,-0.05986668,0.933803,0.07146624,0.05403888,-0.1853259,-0.008644988,-0.03046509,0.004464946,0.9994885,-0.06097622,0.01700908,0.9979943
Fixation,18.4908,0.0362758,0.04978359,-0.05913775,-0.0183153,-0.2657685,-0.002527573,-0.9638596,0.5124196,-0.03396326,0.8580633,0.1059587,0.04888296,-0.05485597,-0.0310998,-0.1792449,-0.003755389,-0.9833057,0.3527387,-0.05981494,0.9338081,0.07149126,0.05407178,-0.1853183,-0.008684668,-0.03046531,0.004436755,0.9994883,-0.0609765,0.01709011,0.9979929
Fixation,18.5018,0.03629359,0.04982209,-0.05913257,-0.01843482,-0.2652503,-0.00253721,-0.964,0.5114961,-0.03419634,0.8586048,0.1059765,0.04892468,-0.05485065,-0.0310243,-0.1792457,-0.003760626,-0.9833078,0.3527408,-0.05966472,0.9338169,0.07150889,0.05411053,-0.1853137,-0.008757431,-0.03046522,0.004457677,0.9994875,-0.06097728,0.01723428,0.9979904
Fixation,18.5133,0.03630031,0.04984438,-0.05913962,-0.01838452,-0.2652349,-0.002504792,-0.9640054,0.5114678,-0.03411683,0.8586249,0.105983,0.04894495,-0.05485539,-0.03121617,-0.1792593,-0.003740119,-0.9832994,0.3527646,-0.06004878,0.9337834,0.07151596,0.05413091,-0.1853201,-0.008815172,-0.03048064,0.00444108,0.9994866,-0.06100828,0.01735056,0.9979864
Fixation,18.5246,0.03630802,0.04985678,-0.05914339,-0.0184485,-0.2649445,-0.002475565,-0.964084,0.5109489,-0.03426003,0.8589281,0.1059909,0.04895282,-0.05486332,-0.03121229,-0.1792878,-0.003705567,-0.9832945,0.3528168,-0.06005301,0.9337633,0.07152358,0.05414081,-0.1853261,-0.008825989,-0.03045031,0.004409296,0.9994876,-0.06094725,0.01737441,0.9979898
Fixation,18.5352,0.03634762,0.04986763,-0.05914364,-0.018377,-0.264937,-0.00244397,-0.9640875,0.5109347,-0.03413907,0.8589414,0.1060304,0.04896283,-0.05486234,-0.03113829,-0.17928,-0.003680472,-0.9832983,0.3528007,-0.05991679,0.9337782,0.07156337,0.05414999,-0.1853265,-0.008903689,-0.03045768,0.004399923,0.9994867,-0.06096245,0.01753021,0.9979861
Fixation,18.5465,0.0363576,0.04988205,-0.05914858,-0.0183962,-0.264989,-0.002443315,-0.9640729,0.5110274,-0.03417565,0.8588848,0.1060409,0.04897642,-0.05487486,-0.03091361,-0.1792712,-0.003670667,-0.9833071,0.3527842,-0.05947905,0.9338124,0.07157272,0.05416441,-0.1853351,-0.00888513,-0.03040357,0.004395122,0.9994886,-0.06085415,0.01749392,0.9979934
Fixation,18.5583,0.03636378,0.04989111,-0.05915126,-0.01836916,-0.2650178,-0.002429429,-0.9640655,0.5110782,-0.03413045,0.8588563,0.1060473,0.048985,-0.05488165,-0.03088555,-0.1793004,-0.003658843,-0.9833027,0.3528392,-0.05942762,0.9337949,0.07157859,0.05417252,-0.1853401,-0.008914839,-0.03037359,0.004390616,0.9994892,-0.06079443,0.01755385,0.9979959
Fixation,18.5691,0.03637033,0.04989767,-0.05915161,-0.01867851,-0.2653526,-0.00235656,-0.9639677,0.5116706,-0.03476031,0.8584782,0.1060539,0.04898095,-0.05488501,-0.03088199,-0.1793197,-0.003579664,-0.9832996,0.3528711,-0.05944869,0.9337815,0.07158551,0.05417347,-0.1853421,-0.00893473,-0.03035093,0.004314773,0.9994901,-0.06074801,0.01759843,0.997998
Fixation,18.5798,0.03637195,0.04992652,-0.05910826,-0.01869681,-0.2653648,-0.002461003,-0.9639637,0.5116961,-0.03473997,0.8584639,0.1060558,0.04902279,-0.05484326,-0.03118627,-0.1796188,-0.003687521,-0.9832349,0.3534449,-0.06000216,0.933529,0.07158618,0.05420959,-0.1852992,-0.008886387,-0.03034108,0.004409504,0.9994904,-0.0607296,0.01749614,0.9980009
Fixation,18.5914,0.03636645,0.04992735,-0.05910455,-0.01874531,-0.2653915,-0.002431315,-0.9639555,0.5117424,-0.03484878,0.8584319,0.1060505,0.04901755,-0.05484361,-0.03123203,-0.1796455,-0.003653345,-0.9832287,0.3534934,-0.06010385,0.9335042,0.07158068,0.05420816,-0.1852971,-0.00884857,-0.03031229,0.004367631,0.9994918,-0.06067106,0.01742336,0.9980057
Fixation,18.6022,0.0363623,0.0499239,-0.05910318,-0.01870036,-0.2649002,-0.002454057,-0.9640914,0.5108678,-0.03475755,0.8589563,0.1060458,0.04901493,-0.05483384,-0.03127423,-0.1795857,-0.003671441,-0.9832382,0.3533808,-0.06018136,0.9335418,0.07157721,0.05420578,-0.1852911,-0.008803944,-0.03037337,0.004374046,0.9994903,-0.0607928,0.01733321,0.9979999
Fixation,18.6165,0.03637059,0.04992712,-0.05910823,-0.01872987,-0.2648881,-0.002470793,-0.964094,0.5108467,-0.03480574,0.8589669,0.106054,0.04901898,-0.0548372,-0.03157889,-0.1793161,-0.003696439,-0.9832776,0.3528686,-0.06077598,0.933697,0.0715856,0.05420995,-0.185295,-0.008770915,-0.03038619,0.00438102,0.9994901,-0.06081825,0.01726664,0.9979995
Fixation,18.6268,0.03637682,0.04992807,-0.05910384,-0.01869523,-0.2649039,-0.002431118,-0.9640905,0.5108736,-0.03475976,0.8589528,0.1060603,0.04901636,-0.05483506,-0.03154098,-0.1793319,-0.003659751,-0.9832761,0.3528965,-0.06071437,0.9336904,0.07159186,0.0542084,-0.1852922,-0.008815565,-0.03036898,0.004353742,0.9994904,-0.06078377,0.01735771,0.998
Fixation,18.6378,0.03636961,0.04992759,-0.05910426,-0.01868738,-0.2646097,-0.002430752,-0.9641715,0.5103491,-0.03474928,0.859265,0.1060531,0.04901636,-0.05483484,-0.03151736,-0.1793278,-0.003658119,-0.9832776,0.3528886,-0.06066863,0.9336964,0.07158467,0.05420768,-0.1852925,-0.008839042,-0.03037321,0.004356914,0.9994901,-0.06079247,0.0174044,0.9979987
Fixation,18.6489,0.03635796,0.04990745,-0.05911416,-0.01866942,-0.2645831,-0.002411428,-0.9641792,0.5103011,-0.03472528,0.8592945,0.1060412,0.04899442,-0.05484089,-0.0320014,-0.1789284,-0.003659634,-0.9833347,0.3521273,-0.06162655,0.933921,0.0715735,0.05418634,-0.1853006,-0.008862096,-0.03040032,0.00434297,0.9994891,-0.06084656,0.01745108,0.9979945
Fixation,18.6598,0.03634483,0.04989862,-0.0591225,-0.01865009,-0.2645659,-0.002430174,-0.9641842,0.5102713,-0.03467836,0.8593141,0.1060279,0.04898882,-0.05484665,-0.03198374,-0.1789112,-0.003680238,-0.9833384,0.3520959,-0.0615848,0.9339356,0.07156039,0.05417895,-0.1853078,-0.008875209,-0.03041876,0.00436607,0.9994883,-0.0608839,0.01747571,0.9979919
Fixation,18.6723,0.03632981,0.04989648,-0.05913225,-0.01872382,-0.2643712,-0.002426735,-0.9642362,0.5099235,-0.03482526,0.8595145,0.1060127,0.04898405,-0.05485434,-0.03202391,-0.1788955,-0.003670639,-0.98334,0.3520654,-0.06166745,0.9339417,0.07154571,0.05417597,-0.1853162,-0.008838023,-0.03043401,0.00434766,0.9994883,-0.06091373,0.01740237,0.9979913
Fixation,18.6826,0.03631799,0.04990232,-0.05914276,-0.01873461,-0.2643445,-0.002469358,-0.9642432,0.5098773,-0.03482391,0.859542,0.1060008,0.04899502,-0.05486095,-0.03205979,-0.1786091,-0.003715663,-0.9833907,0.3515233,-0.0617273,0.9341419,0.07153391,0.05418479,-0.1853245,-0.008815407,-0.03046279,0.004384463,0.9994875,-0.06097166,0.01735465,0.9979886
Fixation,18.6933,0.03630912,0.04991508,-0.05913857,-0.01874168,-0.2643009,-0.002526368,-0.9642549,0.5098014,-0.03480808,0.8595876,0.1059916,0.04901481,-0.05485034,-0.03207171,-0.1785652,-0.003772423,-0.9833981,0.3514433,-0.06173126,0.9341717,0.07152517,0.0542016,-0.1853169,-0.00879225,-0.0305096,0.004435618,0.999486,-0.06106583,0.0173048,0.9979837
Fixation,18.7044,0.03629425,0.04992616,-0.05914959,-0.01901689,-0.264231,-0.002561414,-0.9642686,0.5096767,-0.03532116,0.8596407,0.105976,0.04902732,-0.05484958,-0.03212057,-0.1784817,-0.003797515,-0.9834116,0.3512858,-0.0618199,0.9342251,0.07151124,0.05421424,-0.1853214,-0.008739832,-0.03059511,0.004446482,0.9994838,-0.06123635,0.01719856,0.9979751
Fixation,18.7154,0.03627013,0.04993629,-0.05917218,-0.01899721,-0.2642559,-0.002550527,-0.9642621,0.5097209,-0.0352886,0.8596158,0.1059521,0.04903686,-0.05487575,-0.03211559,-0.1784624,-0.003788963,-0.9834152,0.3512486,-0.06181354,0.9342395,0.07148685,0.05422378,-0.185346,-0.008761643,-0.03056906,0.00444257,0.9994844,-0.06118445,0.01724264,0.9979776
Fixation,18.7265,0.03626363,0.04994702,-0.05919395,-0.01923443,-0.2641854,-0.002611063,-0.9642766,0.509596,-0.03571502,0.8596722,0.1059456,0.04905558,-0.05489524,-0.0320956,-0.1784483,-0.003843104,-0.9834182,0.3512253,-0.06175521,0.9342522,0.07148005,0.05423832,-0.1853667,-0.008770025,-0.03058573,0.004499049,0.9994836,-0.06121879,0.01725578,0.9979752
Fixation,18.7379,0.03626347,0.04995883,-0.05921277,-0.01922868,-0.2641403,-0.002605689,-0.9642891,0.5095155,-0.03570747,0.8597203,0.105945,0.04906678,-0.05490754,-0.03208926,-0.1784022,-0.00383885,-0.9834268,0.3511375,-0.06174515,0.9342858,0.07148051,0.05424964,-0.1853823,-0.008777467,-0.03063233,0.004494298,0.9994821,-0.06131182,0.0172705,0.9979692
Fixation,18.7487,0.03624497,0.04997671,-0.05923262,-0.01916653,-0.2641559,-0.002627963,-0.964286,0.5095444,-0.03557565,0.8597087,0.1059267,0.04909039,-0.05492941,-0.03186988,-0.1784343,-0.003861278,-0.9834281,0.3512007,-0.06130551,0.934291,0.0714615,0.05426955,-0.1854037,-0.008830221,-0.0306172,0.004534266,0.9994819,-0.06128276,0.01737364,0.9979692
Fixation,18.7602,0.03622945,0.04999387,-0.05925075,-0.01943017,-0.2637852,-0.002619854,-0.9643822,0.5088813,-0.03609407,0.8600796,0.1059109,0.04910731,-0.05494298,-0.03181363,-0.1784029,-0.003845272,-0.9834356,0.3511402,-0.0612013,0.9343206,0.07144643,0.05428565,-0.1854201,-0.008888843,-0.03064882,0.00452904,0.9994804,-0.06134631,0.01749083,0.9979632
Fixation,18.7711,0.03622583,0.05001163,-0.05923737,-0.01936457,-0.2637495,-0.002622971,-0.9643933,0.5088181,-0.03596651,0.8601224,0.105907,0.04912817,-0.05492426,-0.03174846,-0.1783668,-0.00385457,-0.9834442,0.3510723,-0.06107063,0.9343547,0.0714431,0.05430388,-0.1854046,-0.008950945,-0.03068627,0.004550202,0.9994786,-0.06142201,0.0176133,0.9979565
Fixation,18.7823,0.03621087,0.05002475,-0.05925265,-0.01937188,-0.2637151,-0.002673557,-0.9644024,0.5087584,-0.03595446,0.8601582,0.1058918,0.04914773,-0.05493448,-0.03176006,-0.1783322,-0.003904755,-0.9834499,0.3510095,-0.06107617,0.9343778,0.0714282,0.05432069,-0.1854171,-0.008929397,-0.03072335,0.004595391,0.9994774,-0.06149667,0.01756709,0.9979527
Fixation,18.7932,0.03619223,0.05003214,-0.05926788,-0.01940604,-0.2637057,-0.002653945,-0.9644043,0.5087408,-0.03603082,0.8601654,0.105873,0.04915082,-0.05494849,-0.0319889,-0.1782793,-0.003888782,-0.9834521,0.3509071,-0.06153253,0.9343864,0.07140992,0.0543263,-0.1854315,-0.008902561,-0.03073229,0.004566365,0.9994776,-0.06151377,0.01751515,0.9979525
Fixation,18.8048,0.03617831,0.05003119,-0.05927736,-0.0192495,-0.2636662,-0.002674384,-0.9644182,0.5086718,-0.03571884,0.8602192,0.105859,0.0491569,-0.05495471,-0.03189976,-0.1782591,-0.003919201,-0.9834586,0.3508709,-0.06134692,0.9344122,0.07139588,0.05432749,-0.1854401,-0.008983602,-0.03075464,0.004613809,0.999476,-0.06155993,0.017674,0.9979469
Fixation,18.8160,0.03620745,0.05005097,-0.05926299,-0.01932013,-0.263634,-0.002626116,-0.9644257,0.5086123,-0.035881,0.8602477,0.1058877,0.04916704,-0.05493601,-0.03196579,-0.1782255,-0.003865357,-0.9834628,0.3508034,-0.06149651,0.9344277,0.07142597,0.05434334,-0.185423,-0.008930464,-0.0307861,0.004546044,0.9994758,-0.06162111,0.01757166,0.997945
Fixation,18.8267,0.03619242,0.050071,-0.05927052,-0.01919455,-0.2636123,-0.00259971,-0.9644342,0.5085733,-0.03565314,0.8602802,0.1058725,0.04918921,-0.05494011,-0.03184406,-0.178277,-0.003849775,-0.9834574,0.3509009,-0.0612619,0.9344065,0.07141116,0.0543623,-0.18543,-0.009058457,-0.03080851,0.00455698,0.9994739,-0.06166716,0.01782659,0.9979376
Fixation,18.8381,0.03618582,0.05007815,-0.05926969,-0.01916136,-0.2635534,-0.0025739,-0.9644511,0.5084674,-0.03560367,0.8603448,0.1058656,0.04919314,-0.05493499,-0.0318347,-0.1782462,-0.003825574,-0.9834634,0.3508409,-0.06125273,0.9344296,0.07140514,0.05436754,-0.1854272,-0.009072893,-0.03083879,0.004534001,0.9994729,-0.06172734,0.01785658,0.9979333
Fixation,18.8490,0.03619712,0.0500747,-0.05927158,-0.01911001,-0.2635817,-0.002561699,-0.9644444,0.5085177,-0.03551064,0.860319,0.1058772,0.04919052,-0.05494086,-0.03169289,-0.1782456,-0.003815087,-0.9834681,0.3508395,-0.06097785,0.9344481,0.07141606,0.05436385,-0.1854316,-0.009125349,-0.03080942,0.004538216,0.9994733,-0.06166921,0.01796145,0.997935
Fixation,18.8600,0.036207,0.05007374,-0.05927395,-0.01916168,-0.2635841,-0.002597198,-0.9644426,0.508523,-0.03559153,0.8603125,0.1058871,0.04919207,-0.05494364,-0.03174746,-0.1782482,-0.003845897,-0.9834657,0.3508461,-0.06107404,0.9344394,0.07142574,0.05436504,-0.1854336,-0.00906551,-0.03080768,0.004557066,0.9994738,-0.06166556,0.01784069,0.9979374
Fixation,18.8711,0.03619675,0.05007601,-0.0592855,-0.01927537,-0.2634745,-0.002671668,-0.9644701,0.5083296,-0.03577321,0.8604193,0.1058772,0.0491997,-0.05496024,-0.03184382,-0.1782836,-0.003909558,-0.983456,0.3509171,-0.06123997,0.9344019,0.07141466,0.05437171,-0.1854467,-0.008957692,-0.0307737,0.004600678,0.9994757,-0.06159755,0.01762283,0.9979455
Fixation,18.8831,0.03619909,0.0500592,-0.05927542,-0.01928259,-0.2634695,-0.002638077,-0.9644715,0.5083193,-0.0358049,0.860424,0.1058795,0.04917824,-0.05494952,-0.03184685,-0.1778722,-0.003879469,-0.9835305,0.3501326,-0.0612646,0.9346945,0.07141735,0.05435252,-0.1854363,-0.008960676,-0.03077793,0.004566315,0.9994757,-0.06160543,0.01763087,0.9979448
Fixation,18.8936,0.03622447,0.05003798,-0.05928321,-0.01931754,-0.2634994,-0.002675458,-0.9644625,0.5083739,-0.03585213,0.8603898,0.1059052,0.04916048,-0.05496166,-0.03188503,-0.177903,-0.003913251,-0.9835235,0.3501932,-0.061327,0.9346677,0.07144211,0.05433381,-0.1854459,-0.00891606,-0.03074777,0.004592676,0.9994769,-0.06154527,0.01754036,0.9979501
Fixation,18.9046,0.03624071,0.05002809,-0.05927843,-0.01951109,-0.2629435,-0.002692383,-0.9646102,0.507381,-0.0362253,0.8609601,0.1059213,0.04915142,-0.0549548,-0.03187984,-0.1778887,-0.003919203,-0.9835263,0.3501663,-0.06131496,0.9346786,0.07145849,0.05432427,-0.1854401,-0.00892,-0.0307626,0.004598973,0.9994763,-0.06157503,0.0175477,0.9979482
Fixation,18.9153,0.03624108,0.05003619,-0.05927502,-0.01950671,-0.2629991,-0.002746796,-0.964595,0.5074823,-0.03618734,0.860902,0.1059222,0.04916704,-0.0549593,-0.03110706,-0.1757767,-0.003970591,-0.9839305,0.3461512,-0.05981851,0.9362698,0.07145769,0.05433643,-0.1854406,-0.00890783,-0.03070659,0.004653901,0.9994779,-0.06146404,0.01752055,0.9979555
Fixation,18.9270,0.03624298,0.05005252,-0.05925675,-0.01952321,-0.2630253,-0.002679361,-0.9645877,0.5075266,-0.03625422,0.860873,0.1059243,0.04917383,-0.05494501,-0.03111756,-0.1758027,-0.003901644,-0.9839258,0.3461965,-0.0598629,0.9362502,0.07145983,0.05434787,-0.1854243,-0.008911561,-0.03067739,0.00458539,0.9994791,-0.06140454,0.0175325,0.997959
Fixation,18.9381,0.03626027,0.05005074,-0.05922782,-0.01931464,-0.2605023,-0.002621667,-0.9652765,0.5030147,-0.03592204,0.863531,0.1059417,0.04916751,-0.05491932,-0.03097419,-0.1758267,-0.003832167,-0.9839263,0.3462385,-0.05960505,0.9362511,0.07147717,0.0543412,-0.1853985,-0.009066045,-0.03065115,0.00454793,0.9994787,-0.06135281,0.01784384,0.9979566
Fixation,18.9490,0.03626072,0.05004132,-0.05921534,-0.01929175,-0.2605039,-0.002591038,-0.9652766,0.5030166,-0.03589379,0.8635311,0.1059421,0.04915512,-0.05490706,-0.02959644,-0.1706363,-0.003813734,-0.9848822,0.336339,-0.05699648,0.9400146,0.07147779,0.05432975,-0.1853864,-0.009096828,-0.03064878,0.004525312,0.9994786,-0.06134792,0.01790678,0.9979558
Fixation,18.9604,0.03625515,0.05001545,-0.05921668,-0.01935662,-0.2605136,-0.00263403,-0.9652725,0.5030353,-0.03599643,0.8635159,0.1059367,0.04913199,-0.05490991,-0.029665,-0.1706464,-0.003850472,-0.9848782,0.3363602,-0.05711869,0.9399996,0.07147189,0.05430651,-0.1853878,-0.009022189,-0.03063955,0.004547922,0.9994794,-0.06132926,0.01775629,0.9979596
Fixation,18.9712,0.03625465,0.04996789,-0.0591959,-0.02042496,-0.2542048,-0.002847926,-0.9669306,0.491713,-0.03805112,0.8699256,0.1059355,0.04909968,-0.05487499,-0.02967443,-0.1705494,-0.003968589,-0.9848943,0.3361817,-0.05709867,0.9400647,0.07147169,0.05426717,-0.1853596,-0.008989903,-0.03074237,0.004657829,0.9994761,-0.06153628,0.017684,0.9979482
Fixation,18.9824,0.03623264,0.04991412,-0.05918023,-0.02060529,-0.2541577,-0.002907927,-0.9669389,0.4916297,-0.03836997,0.8699586,0.1059131,0.04904592,-0.05485292,-0.02985905,-0.1705014,-0.004013378,-0.9848968,0.3360922,-0.05744758,0.9400755,0.07145017,0.05421662,-0.1853389,-0.008800297,-0.03079166,0.004662752,0.9994762,-0.06163313,0.01730423,0.9979489
Fixation,18.9937,0.03621875,0.0498668,-0.05916658,-0.02076093,-0.254142,-0.002925982,-0.9669397,0.4916016,-0.03866192,0.8699616,0.1057313,0.05099976,-0.05377482,-0.03048842,-0.1671703,-0.00406401,-0.9854481,0.3297232,-0.05873076,0.9422491,0.07143667,0.05416965,-0.1853228,-0.008646021,-0.03080742,0.004635427,0.9994772,-0.06166278,0.01699739,0.9979523
Fixation,19.0046,0.03620518,0.04984379,-0.05914386,-0.02237251,-0.250521,-0.00303591,-0.9678479,0.4850684,-0.04178526,0.8734774,0.1057177,0.05097437,-0.05375086,-0.0306254,-0.167163,-0.004081391,-0.9854451,0.3297099,-0.05899478,0.9422373,0.07142324,0.05414784,-0.1852985,-0.008508297,-0.03081472,0.004625137,0.9994782,-0.061676,0.01672267,0.9979561
Fixation,19.0159,0.03622252,0.0498383,-0.05911332,-0.02240793,-0.2505206,-0.003050776,-0.9678471,0.485068,-0.04184634,0.8734747,0.105735,0.05096924,-0.05372016,-0.03114665,-0.1650412,-0.004127694,-0.9857861,0.3256478,-0.06004538,0.9435826,0.07144053,0.05414331,-0.1852676,-0.008470125,-0.0308154,0.004629467,0.9994785,-0.06167708,0.0166461,0.9979573
Fixation,19.0266,0.0362056,0.0498668,-0.05907704,-0.022537,-0.2504759,-0.002942847,-0.967856,0.4849818,-0.04215093,0.8735079,0.1057179,0.05097747,-0.05367772,-0.03126564,-0.1649944,-0.004009305,-0.9857907,0.3255506,-0.06031973,0.9435986,0.07142533,0.05416322,-0.1852274,-0.008376807,-0.03085736,0.004488342,0.9994786,-0.06175775,0.01646788,0.9979553
Fixation,19.0378,0.03620139,0.04986632,-0.05906206,-0.02351386,-0.2484594,-0.003009283,-0.9683523,0.481334,-0.04404404,0.87543,0.1057137,0.05097711,-0.05366208,-0.031319,-0.1649905,-0.004023618,-0.9857896,0.3255439,-0.06042017,0.9435945,0.07142112,0.05416369,-0.1852117,-0.008321686,-0.03086154,0.004491798,0.9994789,-0.06176569,0.01635745,0.9979566
Fixation,19.0491,0.03619998,0.04986739,-0.05905479,-0.02357768,-0.2484758,-0.00305632,-0.9683463,0.4813654,-0.04414389,0.8754078,0.1057124,0.05098164,-0.05365693,-0.0310766,-0.1630341,-0.004073151,-0.9861225,0.3217963,-0.05996253,0.9449083,0.07141925,0.05416787,-0.185205,-0.008247144,-0.03084574,0.004519741,0.9994799,-0.06173394,0.01620688,0.997961
Fixation,19.0600,0.03621475,0.04984808,-0.05905075,-0.02360375,-0.2484011,-0.003125218,-0.9683646,0.4812332,-0.04416146,0.8754795,0.1057262,0.05096996,-0.0536419,-0.03110833,-0.1629584,-0.004140074,-0.9861338,0.3216552,-0.06000463,0.9449536,0.07143448,0.05415308,-0.185195,-0.008203558,-0.03092474,0.004576188,0.9994776,-0.06189226,0.01611551,0.9979527
Fixation,19.0715,0.03620248,0.04984975,-0.05905841,-0.02388778,-0.2465273,-0.003205384,-0.9688361,0.4778422,-0.04470627,0.8773074,0.1057137,0.0509783,-0.05364802,-0.0311215,-0.1629493,-0.004193397,-0.9861346,0.3216409,-0.06001336,0.9449579,0.07142191,0.05415857,-0.1852017,-0.008180375,-0.03093595,0.004625553,0.9994772,-0.06191524,0.01606601,0.9979521
Fixation,19.0824,0.03620066,0.0498656,-0.05907677,-0.02393443,-0.2464729,-0.003191597,-0.9688488,0.4777427,-0.0448044,0.8773565,0.1057113,0.0509901,-0.0536586,-0.03116662,-0.1628938,-0.004176074,-0.9861424,0.3215332,-0.06010893,0.9449885,0.07142099,0.05417323,-0.1852159,-0.0081398,-0.03099122,0.004597628,0.999476,-0.06202482,0.0159861,0.9979466
Fixation,19.0935,0.03619912,0.04985464,-0.05904945,-0.02377917,-0.2464771,-0.003149316,-0.9688517,0.4777494,-0.04452452,0.8773671,0.1057098,0.05098057,-0.05363218,-0.03010843,-0.1607683,-0.004138696,-0.9865242,0.3174528,-0.05807464,0.9464941,0.07141942,0.05416012,-0.1851902,-0.008300702,-0.03098659,0.004600042,0.9994748,-0.06201699,0.01630761,0.9979419
Fixation,19.1048,0.03619669,0.04986632,-0.05905297,-0.02425846,-0.2444871,-0.003173837,-0.9693439,0.4741382,-0.04547764,0.8792751,0.1057077,0.05099261,-0.05364064,-0.03007062,-0.1608029,-0.00413111,-0.9865197,0.3175189,-0.05800192,0.9464764,0.07141657,0.0541712,-0.1851965,-0.008339059,-0.03095149,0.004601183,0.9994755,-0.06194726,0.01638454,0.997945
Fixation,19.1155,0.03619495,0.04986823,-0.05906121,-0.0242568,-0.2444684,-0.003133671,-0.9693488,0.4741024,-0.04549442,0.8792936,0.1057059,0.05098927,-0.05364636,-0.03006548,-0.1607837,-0.004091343,-0.9865232,0.3174797,-0.05800495,0.9464893,0.07141539,0.05417025,-0.1852036,-0.008351837,-0.03096941,0.004562411,0.9994751,-0.06198252,0.01641232,0.9979423
Fixation,19.1265,0.0361875,0.04986644,-0.0590775,-0.02424902,-0.2445408,-0.00308522,-0.9693308,0.4742316,-0.04550171,0.8792235,0.1056994,0.05098164,-0.05367322,-0.0303135,-0.1593686,-0.004064866,-0.9867453,0.3147589,-0.05852779,0.9473655,0.07140738,0.05416512,-0.1852253,-0.008371997,-0.0308933,0.004520407,0.9994774,-0.06183,0.01645594,0.997951
Fixation,19.1381,0.03618877,0.04984426,-0.05909609,-0.02439221,-0.2434267,-0.003027861,-0.9696079,0.4722046,-0.04582764,0.8802969,0.1057006,0.05094969,-0.05368957,-0.03031099,-0.1593504,-0.003992829,-0.9867486,0.3147196,-0.05854613,0.9473774,0.07140946,0.05413783,-0.1852429,-0.008388252,-0.03090895,0.004449494,0.9994771,-0.06186022,0.01649267,0.9979485
Fixation,19.1495,0.03618412,0.04982448,-0.0591178,-0.02444122,-0.2434142,-0.003044952,-0.9696097,0.4721823,-0.04591452,0.8803043,0.1056958,0.05093002,-0.05370938,-0.03036123,-0.1593376,-0.004005726,-0.9867491,0.3146958,-0.0586413,0.9473794,0.07140493,0.05411899,-0.1852633,-0.008336534,-0.03092206,0.004452118,0.9994771,-0.06188602,0.01638901,0.9979486
Fixation,19.1603,0.03617556,0.04979241,-0.05913711,-0.02441071,-0.2433712,-0.003191371,-0.9696208,0.4721114,-0.04578488,0.8803491,0.1056864,0.05091846,-0.053722,-0.03082893,-0.1580619,-0.004180637,-0.986939,0.3122526,-0.05953096,0.948132,0.07139569,0.05409753,-0.1852791,-0.008326252,-0.03097128,0.004599772,0.999475,-0.06198663,0.01635884,0.9979429
Fixation,19.1711,0.03617767,0.04975581,-0.05916201,-0.02482267,-0.2428847,-0.003268687,-0.969732,0.4712284,-0.04655486,0.8807817,0.1056886,0.05088973,-0.05374975,-0.03083601,-0.158084,-0.004239962,-0.986935,0.3122988,-0.05952573,0.9481172,0.07139704,0.05406523,-0.1853054,-0.008307979,-0.03095119,0.004657537,0.9994755,-0.06194729,0.01631893,0.997946
Fixation,19.1825,0.03617989,0.04973745,-0.05917062,-0.02480692,-0.2428577,-0.00335746,-0.969739,0.4711837,-0.0464817,0.8808095,0.1056903,0.05088365,-0.05375415,-0.03044753,-0.157789,-0.00432062,-0.9869939,0.3117367,-0.05873955,0.9483511,0.07139887,0.05405319,-0.1853118,-0.00829916,-0.03098205,0.004746268,0.9994742,-0.06201031,0.01629549,0.9979424
Fixation,19.1939,0.03616989,0.04972661,-0.05916804,-0.0248133,-0.2428654,-0.003401235,-0.9697366,0.4711997,-0.04647265,0.8808014,0.1056803,0.05087841,-0.05375249,-0.0304577,-0.157797,-0.004363631,-0.9869921,0.3117546,-0.05874589,0.9483449,0.07138842,0.05404544,-0.1853096,-0.008281014,-0.03097556,0.004786879,0.9994743,-0.06199784,0.01625677,0.9979439
Fixation,19.2047,0.0361623,0.04969931,-0.05916083,-0.02482428,-0.2419653,-0.003419752,-0.9699613,0.4695638,-0.04650227,0.881673,0.1056723,0.05085373,-0.05374072,-0.03042425,-0.1577647,-0.004375606,-0.9869983,0.3116932,-0.05867674,0.9483693,0.0713811,0.05401886,-0.1853003,-0.008311829,-0.03100893,0.004803645,0.999473,-0.06206503,0.01631699,0.9979387
Fixation,19.2160,0.03618206,0.04971695,-0.05915917,-0.02499331,-0.24199,-0.003444914,-0.9699507,0.469609,-0.0468173,0.8816323,0.1056924,0.0508672,-0.05374234,-0.03056803,-0.1576372,-0.004386547,-0.9870141,0.3114484,-0.05895918,0.9484322,0.07140067,0.05403745,-0.185299,-0.00814206,-0.03098313,0.004782752,0.9994753,-0.06201163,0.01597921,0.9979475
Fixation,19.2267,0.03617325,0.04971564,-0.05916163,-0.02505783,-0.2420029,-0.003433537,-0.9699458,0.4696314,-0.04694762,0.8816134,0.1056838,0.05086172,-0.05374663,-0.03063135,-0.15765,-0.004369589,-0.9870102,0.3114721,-0.05908919,0.9484164,0.07139193,0.05403507,-0.1853019,-0.00808294,-0.03096911,0.004754714,0.9994764,-0.06198265,0.01586292,0.9979511
Fixation,19.2384,0.03616356,0.04969609,-0.05916011,-0.02533838,-0.2413866,-0.003391008,-0.9700923,0.4685064,-0.04752405,0.882181,0.1056738,0.0508343,-0.05373994,-0.03063059,-0.1576115,-0.004313213,-0.9870166,0.3113945,-0.05910617,0.9484408,0.07138318,0.05401134,-0.1852979,-0.008094545,-0.03100594,0.004698009,0.9994754,-0.06205541,0.01588926,0.9979462
Fixation,19.2499,0.03617852,0.04969156,-0.0591605,-0.02545146,-0.2413373,-0.003529727,-0.9701011,0.4684229,-0.04767727,0.882217,0.105688,0.050843,-0.05373263,-0.03068115,-0.157131,-0.00444349,-0.9870911,0.3104779,-0.05917375,0.948737,0.07139787,0.05401599,-0.1852933,-0.00794845,-0.03106045,0.004799082,0.9994744,-0.06216454,0.01559042,0.9979441
Fixation,19.2606,0.03619122,0.04968083,-0.05915499,-0.02544904,-0.2412929,-0.00356204,-0.9701121,0.4683435,-0.04765784,0.8822602,0.1057001,0.05083644,-0.05372062,-0.03068136,-0.1570859,-0.004476121,-0.9870981,0.3103931,-0.05916475,0.9487653,0.07141088,0.05400741,-0.1852844,-0.0079424,-0.03110734,0.004829293,0.9994729,-0.06225859,0.01557597,0.9979385
Fixation,19.2716,0.03618807,0.04968274,-0.05915386,-0.02552566,-0.2406038,-0.003576157,-0.9702811,0.4670892,-0.04781326,0.8829165,0.1056961,0.05083823,-0.05370888,-0.0306988,-0.1570108,-0.004481658,-0.9871095,0.3102488,-0.05919882,0.9488104,0.07140867,0.05400968,-0.1852778,-0.007924685,-0.03118344,0.004828494,0.9994706,-0.06241039,0.01553984,0.9979296
Fixation,19.2822,0.03618815,0.04967606,-0.05914872,-0.02551832,-0.2405982,-0.003445353,-0.9702832,0.4670726,-0.0478621,0.8829226,0.1056964,0.05081451,-0.05370346,-0.03093811,-0.1562007,-0.004367,-0.987231,0.3086827,-0.05972187,0.9492883,0.07140985,0.0539937,-0.1852728,-0.00796722,-0.03118493,0.004704442,0.9994708,-0.06241181,0.01563259,0.997928
Fixation,19.2939,0.03618341,0.0496788,-0.05912043,-0.02550873,-0.2406112,-0.003382959,-0.9702804,0.4670933,-0.04787329,0.8829111,0.105692,0.05080962,-0.05367729,-0.03092324,-0.1562138,-0.004305594,-0.9872297,0.308704,-0.05971149,0.949282,0.07140543,0.05399215,-0.1852458,-0.00799323,-0.03116948,0.004647458,0.9994714,-0.0623803,0.01568829,0.9979292
Fixation,19.3050,0.03618995,0.04967463,-0.05910072,-0.0259824,-0.2358775,-0.00331785,-0.9714298,0.4584492,-0.04891495,0.8873735,0.1056995,0.05078828,-0.05366603,-0.03093554,-0.1562698,-0.004181029,-0.987221,0.3088044,-0.05977368,0.9492455,0.0714123,0.05397904,-0.1852304,-0.008004078,-0.03110787,0.004525112,0.9994738,-0.06225543,0.0157182,0.9979365
Fixation,19.3157,0.03620206,0.0496732,-0.05908956,-0.02598493,-0.2359268,-0.003285587,-0.9714178,0.4585378,-0.04893414,0.8873266,0.1057122,0.05078268,-0.05366205,-0.03095709,-0.1491317,-0.004211693,-0.9883237,0.2950416,-0.05993506,0.9536028,0.07142403,0.05397558,-0.1852229,-0.008009797,-0.03105601,0.004495081,0.9994755,-0.06215145,0.01573199,0.9979427
Fixation,19.3267,0.03621529,0.04966056,-0.05908296,-0.02606469,-0.2360145,-0.00325733,-0.9713945,0.4586962,-0.04910063,0.8872356,0.1057265,0.05076313,-0.05366804,-0.03103432,-0.1492206,-0.004176064,-0.988308,0.2952111,-0.06009662,0.9535401,0.0714365,0.05396068,-0.1852222,-0.007939663,-0.03096434,0.00444972,0.9994791,-0.06196708,0.01559549,0.9979563
Fixation,19.3379,0.03622458,0.04964471,-0.05903483,-0.0258437,-0.2228524,-0.003501903,-0.9745033,0.4345218,-0.04880873,0.8993378,0.1057354,0.05076516,-0.05361763,-0.03104119,-0.1492088,-0.004309015,-0.988309,0.2951963,-0.06007069,0.9535463,0.07144488,0.05395436,-0.1851727,-0.00790908,-0.03098146,0.004578698,0.9994782,-0.06200301,0.0155262,0.9979552
Fixation,19.3491,0.03623551,0.04961574,-0.05902572,-0.02590047,-0.2228692,-0.00358074,-0.9744977,0.4345565,-0.04888382,0.899317,0.1057463,0.0507443,-0.05361055,-0.03110372,-0.1492261,-0.004383289,-0.9883041,0.2952341,-0.06017167,0.9535283,0.07145506,0.05393076,-0.185164,-0.007834076,-0.03096654,0.004641161,0.9994789,-0.06197353,0.01537255,0.9979594
Fixation,19.3602,0.03624431,0.04959786,-0.05902267,-0.02605806,-0.2229183,-0.003677203,-0.9744819,0.4346514,-0.04914679,0.8992568,0.1057555,0.05073285,-0.05361398,-0.03105189,-0.1386922,-0.004549074,-0.9898382,0.2748482,-0.06021084,0.9596005,0.07146273,0.0539192,-0.185163,-0.007656764,-0.0309184,0.004696297,0.9994816,-0.06187666,0.01501518,0.9979709
Fixation,19.3712,0.03624162,0.04957175,-0.05902237,-0.03081289,-0.2090466,-0.003989619,-0.977412,0.4088951,-0.05856574,0.9107002,0.1057536,0.05071843,-0.05362632,-0.03090576,-0.1387828,-0.004599566,-0.9898298,0.2750271,-0.05990621,0.9595683,0.07145832,0.05389667,-0.1851701,-0.007791806,-0.03082971,0.004774296,0.9994829,-0.06170194,0.01528117,0.9979776
Fixation,19.3823,0.0362442,0.04957354,-0.05901182,-0.03084726,-0.2090753,-0.004010442,-0.9774047,0.4089497,-0.05862354,0.9106719,0.1057565,0.05072176,-0.05361972,-0.03094161,-0.1388118,-0.004617888,-0.9898245,0.2750845,-0.0599715,0.9595478,0.07146042,0.05389988,-0.1851613,-0.007753196,-0.03080098,0.004787422,0.999484,-0.0616444,0.01520348,0.9979824
Fixation,19.3935,0.03625554,0.04958057,-0.0590013,-0.03082352,-0.2091804,-0.003966914,-0.9773831,0.4091434,-0.05859317,0.910587,0.1057691,0.05072439,-0.05362436,-0.02975586,-0.1323332,-0.004596333,-0.9907479,0.2624913,-0.05774462,0.963205,0.07147073,0.05390418,-0.1851587,-0.007785777,-0.03069207,0.004755017,0.9994873,-0.06142671,0.01527169,0.9979948
Fixation,19.4079,0.0362599,0.04959071,-0.05899021,-0.03255213,-0.206848,-0.004006034,-0.9778232,0.4047824,-0.06200318,0.9123085,0.105774,0.05073047,-0.05362039,-0.02974517,-0.1323829,-0.004562302,-0.9907417,0.2625859,-0.05773161,0.96318,0.07147472,0.05391181,-0.1851513,-0.00780162,-0.03064082,0.0047251,0.9994889,-0.06132405,0.0153057,0.9980006
Fixation,19.4230,0.03628649,0.04959881,-0.0589722,-0.03254626,-0.2068789,-0.003951107,-0.9778171,0.4048366,-0.06201377,0.9122838,0.1058011,0.05073166,-0.05360703,-0.03078391,-0.1285472,-0.00457267,-0.9912149,0.2551173,-0.05985133,0.9650559,0.07150134,0.05391622,-0.1851358,-0.007820064,-0.03060719,0.004674441,0.99949,-0.06125626,0.01534601,0.9980041
Fixation,19.4293,0.03627648,0.04960549,-0.05896518,-0.03255653,-0.2068236,-0.003931019,-0.9778285,0.4047321,-0.06204335,0.9123281,0.1057906,0.05073488,-0.05359226,-0.03079237,-0.1284913,-0.004551718,-0.991222,0.2550071,-0.05987445,0.9650837,0.07149223,0.05392122,-0.1851248,-0.007815312,-0.03066265,0.004650232,0.9994884,-0.06136662,0.01533745,0.9979975
Fixation,19.4384,0.03627031,0.0496136,-0.05895753,-0.03146971,-0.2028604,-0.003935317,-0.978694,0.3973242,-0.0600018,0.9157146,0.105784,0.05074394,-0.05358043,-0.03077347,-0.1284614,-0.004555421,-0.9912266,0.2549492,-0.05983656,0.9651013,0.07148639,0.05392945,-0.1851152,-0.007833553,-0.03069294,0.004655714,0.9994873,-0.06142735,0.01537328,0.9979932
Fixation,19.4497,0.03627091,0.04961896,-0.05893997,-0.03132772,-0.2028548,-0.003851016,-0.9787,0.3973093,-0.0597585,0.915737,0.1057847,0.05074346,-0.05356259,-0.03062551,-0.1284559,-0.004482065,-0.9912322,0.2549338,-0.05956248,0.9651223,0.07148751,0.05392921,-0.1850986,-0.007991383,-0.03069638,0.004606599,0.9994862,-0.06143485,0.01569174,0.9979877
Fixation,19.4602,0.0362816,0.04964554,-0.05892891,-0.03138941,-0.2028146,-0.003881344,-0.9787062,0.3972355,-0.05986764,0.9157619,0.1057949,0.05077147,-0.05354562,-0.03066792,-0.1251981,-0.004534374,-0.9916473,0.2485828,-0.05968813,0.9667698,0.07149857,0.0539577,-0.1850841,-0.007924636,-0.03073814,0.004620105,0.9994854,-0.06151787,0.01555709,0.9979847
Fixation,19.4715,0.03627872,0.0496465,-0.05892556,-0.03261021,-0.2005456,-0.003916751,-0.9791337,0.3929774,-0.06228854,0.9174361,0.1057918,0.05076826,-0.05353783,-0.03070162,-0.1251659,-0.004510922,-0.9916505,0.2485186,-0.05976133,0.9667819,0.07149632,0.0539571,-0.1850782,-0.007895138,-0.03076953,0.004590453,0.9994848,-0.06157984,0.01549965,0.9979818
Fixation,19.4823,0.03627579,0.04964077,-0.05892122,-0.03258633,-0.2005524,-0.003910241,-0.9791331,0.3929898,-0.06224428,0.9174337,0.1057889,0.05076253,-0.0535345,-0.03017863,-0.1107679,-0.004612995,-0.9933773,0.2203471,-0.0589356,0.9736394,0.07149331,0.05395079,-0.1850746,-0.007919834,-0.03076248,0.004589909,0.9994848,-0.06156597,0.01554911,0.9979819
Fixation,19.4937,0.03627199,0.04961705,-0.05889459,-0.03261068,-0.2005503,-0.003870974,-0.9791329,0.3929832,-0.06230772,0.9174322,0.1057852,0.05073261,-0.05350775,-0.03019931,-0.1107658,-0.004571673,-0.9933771,0.2203405,-0.05898584,0.9736379,0.0714899,0.0539242,-0.1850478,-0.007905202,-0.03076292,0.004546033,0.9994851,-0.06156604,0.01552257,0.9979823
Fixation,19.5043,0.0362643,0.04961288,-0.05887699,-0.03255165,-0.2005298,-0.003887726,-0.979139,0.3929462,-0.06218598,0.9174564,0.1057772,0.05073285,-0.0534872,-0.03014197,-0.110745,-0.004593662,-0.9933811,0.2203008,-0.05886748,0.973654,0.07148225,0.05392134,-0.1850291,-0.007958977,-0.03078493,0.004575071,0.9994839,-0.06161091,0.01562805,0.9979779
Fixation,19.5154,0.03625758,0.04961181,-0.05886052,-0.03873723,-0.178012,-0.004277871,-0.9832563,0.3503942,-0.07465421,0.9336224,0.1057701,0.05073345,-0.05346649,-0.03042706,-0.0520208,-0.005099948,-0.9981694,0.1041615,-0.06021211,0.992736,0.07147584,0.05392015,-0.1850109,-0.008011392,-0.03081609,0.004584818,0.9994825,-0.06167374,0.01573192,0.9979724
Fixation,19.5268,0.03624282,0.04960001,-0.05884057,-0.03861877,-0.1780338,-0.004261055,-0.9832571,0.350435,-0.07442714,0.9336252,0.1057556,0.05072379,-0.05344979,-0.03030752,-0.05204299,-0.005098458,-0.9981718,0.1042047,-0.05997355,0.9927459,0.07146078,0.05390739,-0.1849935,-0.008130649,-0.03079413,0.004594065,0.9994821,-0.06163107,0.01596994,0.9979712
Fixation,19.5381,0.03622772,0.04957867,-0.05881851,-0.05500992,-0.09925813,-0.005456157,-0.993525,0.1978312,-0.1082243,0.9742435,0.1057411,0.0507009,-0.05343516,-0.0304114,-0.05209736,-0.005099675,-0.9981658,0.1043138,-0.06017988,0.992722,0.07144502,0.05388713,-0.1849744,-0.008026874,-0.03073955,0.00458881,0.9994847,-0.06152108,0.01576336,0.9979813
Fixation,19.5492,0.03621656,0.04955637,-0.05880652,-0.05510461,-0.09920834,-0.00548109,-0.9935247,0.1977359,-0.108408,0.9742424,0.1057294,0.05067933,-0.05341595,-0.02630901,0.06360157,-0.005904539,-0.997611,-0.1265886,-0.05324338,0.9905254,0.07143436,0.05386686,-0.184958,-0.007929916,-0.03079037,0.004598057,0.9994839,-0.06162187,0.01556849,0.9979782
Fixation,19.5603,0.03620246,0.04953873,-0.05879108,-0.05510454,-0.09923322,-0.005531708,-0.9935219,0.1977904,-0.1083973,0.9742325,0.1057154,0.05066884,-0.05340359,-0.02631738,0.06357808,-0.005955201,-0.9976121,-0.1265391,-0.05326631,0.9905304,0.07141955,0.05385292,-0.1849441,-0.007923262,-0.03076859,0.004649739,0.9994844,-0.06157914,0.01555222,0.997981
Fixation,19.5713,0.03619071,0.04951167,-0.05877654,-0.07550877,0.03016597,-0.007204087,-0.9966627,-0.05904264,-0.1509482,0.9867769,0.1057039,0.05064249,-0.05339205,-0.02636261,0.0635559,-0.005959845,-0.9976122,-0.1264941,-0.05335688,0.9905313,0.07140745,0.05382705,-0.1849307,-0.007878241,-0.0307466,0.004656627,0.9994854,-0.06153492,0.01546202,0.9979852
Fixation,19.5829,0.03617639,0.04949224,-0.05876245,-0.07552221,0.030155,-0.007239995,-0.9966618,-0.0590151,-0.1509768,0.9867741,0.1056895,0.05062807,-0.05337909,-0.02637728,0.06354672,-0.005995785,-0.9976122,-0.1264737,-0.05339063,0.9905321,0.07139271,0.05381024,-0.1849172,-0.00786477,-0.03073866,0.004693324,0.9994855,-0.0615195,0.01543291,0.9979866
Fixation,19.5940,0.03615145,0.04948068,-0.05875274,-0.0755015,0.03013732,-0.00727413,-0.9966636,-0.05897512,-0.1509376,0.9867826,0.1056647,0.05062151,-0.0533715,-0.01258736,0.174616,-0.006422665,-0.9845352,-0.3436695,-0.02702839,0.9387016,0.07136728,0.05380094,-0.1849087,-0.007885549,-0.03072389,0.004728816,0.9994857,-0.06149076,0.01547241,0.9979877
Fixation,19.6045,0.03611931,0.04946756,-0.05874895,-0.08795225,0.1446311,-0.008498733,-0.9855323,-0.2835823,-0.1758179,0.9426925,0.1056321,0.0506072,-0.05336127,-0.01263312,0.1746612,-0.006410754,-0.9845267,-0.3437553,-0.02711471,0.9386677,0.07133574,0.05378807,-0.1849013,-0.007838385,-0.03076963,0.004722749,0.9994847,-0.06158159,0.01537806,0.9979836
Fixation,19.6156,0.03611322,0.04944873,-0.05876952,-0.08798707,0.1446473,-0.008548652,-0.9855264,-0.2836031,-0.1759003,0.9426709,0.1056256,0.05059552,-0.05337887,-0.01266956,0.1746813,-0.006458211,-0.9845223,-0.3437917,-0.02720318,0.9386519,0.07132945,0.0537734,-0.1849201,-0.007809104,-0.03079107,0.004774563,0.9994839,-0.06162494,0.01531612,0.9979818
Fixation,19.6267,0.03607949,0.04944205,-0.05877046,-0.08795112,0.1446352,-0.008609047,-0.9855309,-0.2835705,-0.1758474,0.9426906,0.1055918,0.05059707,-0.05338087,-0.007684634,0.2271303,-0.006728255,-0.9738109,-0.4422605,-0.01802314,0.8967056,0.07129516,0.05376995,-0.1849219,-0.00785202,-0.03078433,0.004831311,0.9994836,-0.06161274,0.01539847,0.9979814
Fixation,19.6379,0.03604613,0.04943562,-0.05877565,-0.09158225,0.1945631,-0.009087502,-0.976563,-0.3783418,-0.1824079,0.9075158,0.1055578,0.05059278,-0.05337758,-0.007703472,0.2271895,-0.00674127,-0.9737968,-0.4423689,-0.01806632,0.8966512,0.0712624,0.05376494,-0.1849227,-0.007835914,-0.0308453,0.004846927,0.9994817,-0.06173458,0.0153647,0.9979743
Fixation,19.6496,0.0360213,0.04942524,-0.05877917,-0.09160568,0.1946035,-0.009130156,-0.9765524,-0.3784083,-0.182469,0.9074758,0.1055324,0.05058813,-0.05337477,-0.007728362,0.2272332,-0.006779497,-0.9737861,-0.4424484,-0.0181326,0.8966107,0.07123775,0.05375779,-0.1849229,-0.007818897,-0.03089087,0.004888674,0.9994802,-0.06182608,0.01532764,0.9979692
Fixation,19.6606,0.03598764,0.04941821,-0.05877688,-0.09156172,0.1946341,-0.009150346,-0.9765502,-0.3784643,-0.1823912,0.907468,0.1054983,0.05058277,-0.05336807,-0.004750465,0.2346391,-0.006757202,-0.9720474,-0.4560966,-0.01240636,0.8898438,0.07120443,0.05375075,-0.1849187,-0.007865147,-0.03092326,0.004898226,0.9994788,-0.06189134,0.01541916,0.9979638
Fixation,19.6715,0.0359586,0.04942274,-0.05878367,-0.09605112,0.1967535,-0.009361052,-0.9756919,-0.3821433,-0.1911162,0.9041245,0.105468,0.05059493,-0.05336024,-0.00478478,0.2347408,-0.006807556,-0.9720225,-0.4562816,-0.01249785,0.8897477,0.07117619,0.05375957,-0.1849179,-0.007841572,-0.03102851,0.004953367,0.9994755,-0.06210216,0.01536753,0.9979515
Fixation,19.6821,0.03592137,0.04942834,-0.05879395,-0.09605896,0.1967966,-0.009383221,-0.9756822,-0.3822193,-0.1911392,0.9040875,0.1054303,0.05060303,-0.05336411,-0.004793456,0.2347856,-0.006825276,-0.9720114,-0.4563631,-0.01252354,0.8897055,0.07113935,0.05376649,-0.1849249,-0.007836578,-0.03107474,0.004971973,0.999474,-0.06219471,0.01535591,0.9979459
Fixation,19.6930,0.03591981,0.04941154,-0.05880791,-0.09607715,0.1968337,-0.009418122,-0.9756726,-0.3822807,-0.1911873,0.9040514,0.1054282,0.05059087,-0.05337231,-0.003933699,0.2385575,-0.006853134,-0.9710963,-0.4632708,-0.01090973,0.8861496,0.07113799,0.0537523,-0.1849359,-0.007823578,-0.03111624,0.005005419,0.9994726,-0.06227798,0.01532741,0.9979411
Fixation,19.7043,0.03588131,0.0493933,-0.05882149,-0.09768755,0.1973134,-0.009469129,-0.9754153,-0.3830749,-0.1943086,0.9030492,0.1053888,0.05057037,-0.05337371,-0.003881153,0.2386432,-0.006844332,-0.9710755,-0.463428,-0.01080449,0.8860687,0.07110076,0.05373216,-0.1849437,-0.007872916,-0.03120424,0.004984963,0.9994696,-0.06245387,0.01542638,0.9979286
Fixation,19.7161,0.03586701,0.04939032,-0.05881934,-0.09774853,0.1973025,-0.009509981,-0.975411,-0.3830428,-0.1944427,0.9030339,0.1053744,0.05057406,-0.05337232,-0.003944089,0.2386372,-0.006883412,-0.9710765,-0.4634156,-0.0109453,0.8860735,0.07108592,0.05373335,-0.1849415,-0.007819514,-0.03119856,0.005036356,0.9994699,-0.06244281,0.01531648,0.997931
Fixation,19.7267,0.03585712,0.04937875,-0.05883509,-0.09771761,0.197302,-0.009515216,-0.9754141,-0.3830427,-0.194385,0.9030464,0.1053645,0.05056274,-0.05338819,-0.003678503,0.2398196,-0.006890481,-0.970786,-0.4655764,-0.01044702,0.884946,0.07107604,0.05372143,-0.1849575,-0.007851045,-0.03119812,0.005036362,0.9994697,-0.06244222,0.01537951,0.99793
Fixation,19.7376,0.03584979,0.04935265,-0.05884951,-0.1000312,0.1972323,-0.009547904,-0.9751934,-0.3827691,-0.1988657,0.9021864,0.1053558,0.0505271,-0.05338337,-0.003557919,0.2399552,-0.006841238,-0.9707534,-0.4658261,-0.01019091,0.8848177,0.0710711,0.05368853,-0.184963,-0.007958293,-0.03133708,0.004961557,0.9994649,-0.06271958,0.01559711,0.9979093
Fixation,19.7487,0.03582053,0.04936504,-0.05884133,-0.1000705,0.1972111,-0.009530881,-0.9751937,-0.3827305,-0.1989354,0.9021874,0.1053268,0.05053806,-0.05337827,-0.003596697,0.2399334,-0.00682468,-0.9707587,-0.4657857,-0.01025799,0.8848381,0.07104161,0.05370092,-0.1849561,-0.007916965,-0.03131439,0.004953715,0.9994659,-0.06267378,0.01551523,0.9979135
Fixation,19.7607,0.03580497,0.04936111,-0.05883412,-0.1000094,0.1971832,-0.009572266,-0.9752053,-0.3826735,-0.1988343,0.9022338,0.1053115,0.05053926,-0.05337466,-0.003792694,0.2458311,-0.006919179,-0.9692806,-0.4765062,-0.01075427,0.8791053,0.07102548,0.05369842,-0.1849512,-0.007984982,-0.03128954,0.004987054,0.999466,-0.0626253,0.01564935,0.9979144
Fixation,19.7712,0.03579031,0.04933465,-0.0588498,-0.09804809,0.2101681,-0.009602384,-0.9726889,-0.4069734,-0.1947768,0.8924319,0.1052969,0.05051219,-0.05339144,-0.003766738,0.2458238,-0.006920296,-0.9692826,-0.4764932,-0.01070441,0.879113,0.07101078,0.05367124,-0.1849676,-0.008010589,-0.03128196,0.004982631,0.9994661,-0.06261034,0.01570089,0.9979146
Fixation,19.7828,0.03579258,0.04931867,-0.05884801,-0.09801438,0.2101438,-0.009620423,-0.9726974,-0.4069269,-0.19472,0.8924655,0.1052994,0.05049849,-0.05339297,-0.003733541,0.2458009,-0.006941832,-0.9692883,-0.476452,-0.01065037,0.879136,0.07101265,0.05365574,-0.1849678,-0.008047704,-0.03125858,0.004996748,0.9994664,-0.06256423,0.01577444,0.9979163
Fixation,19.7933,0.03575708,0.0493145,-0.05883879,-0.09802415,0.2102258,-0.009627849,-0.9726786,-0.4070767,-0.19474,0.8923928,0.105263,0.05049431,-0.053372,-0.004933502,0.2571575,-0.00705423,-0.9663312,-0.496929,-0.01316289,0.8676914,0.07097816,0.05365169,-0.1849526,-0.008037514,-0.03134292,0.00499716,0.9994639,-0.06273257,0.01575316,0.997906
Fixation,19.8047,0.03573858,0.04930592,-0.05883552,-0.1052528,0.2200572,-0.009938219,-0.9697411,-0.424705,-0.2085099,0.8809933,0.105245,0.05048859,-0.05337615,-0.004909696,0.2571061,-0.007078758,-0.9663448,-0.4968368,-0.0131289,0.8677447,0.07095888,0.05364418,-0.1849533,-0.008066418,-0.0312901,0.005016244,0.9994652,-0.06262765,0.01581029,0.9979118
Fixation,19.8195,0.03574457,0.04928577,-0.05885857,-0.1052938,0.2200575,-0.009922588,-0.9697368,-0.4247061,-0.2085816,0.8809758,0.105251,0.05046713,-0.05339921,-0.004858803,0.2676569,-0.007129074,-0.9634757,-0.5156925,-0.01317897,0.8566724,0.07096491,0.05362391,-0.184976,-0.008022978,-0.0312894,0.005008772,0.9994656,-0.06262574,0.01572394,0.9979132
Fixation,19.8307,0.03573474,0.04928172,-0.05885614,-0.1053614,0.2199953,-0.009938127,-0.9697434,-0.4245839,-0.2087197,0.8810021,0.1052418,0.05046749,-0.05340509,-0.004927605,0.2675986,-0.007147592,-0.9634914,-0.5155874,-0.01332078,0.8567334,0.07095402,0.0536232,-0.1849773,-0.007960725,-0.03122924,0.005043765,0.9994678,-0.06250555,0.01559795,0.9979227
Fixation,19.8417,0.03572248,0.04926383,-0.0588458,-0.1132962,0.2238983,-0.01023111,-0.9679509,-0.4311267,-0.2239118,0.8740671,0.1052298,0.05045271,-0.05339902,-0.004905722,0.2675691,-0.007174124,-0.9634995,-0.515535,-0.01329247,0.8567654,0.07094121,0.05360651,-0.1849694,-0.007988374,-0.03119902,0.005064677,0.9994684,-0.0624458,0.01565223,0.9979256
Fixation,19.8530,0.03573317,0.04923499,-0.05885693,-0.1133219,0.2238583,-0.01028887,-0.9679565,-0.4310383,-0.2239878,0.8740912,0.1052407,0.05043292,-0.05341481,-0.004934149,0.2675364,-0.007234757,-0.963508,-0.5154756,-0.01337931,0.8567998,0.07095091,0.05358231,-0.1849828,-0.007975254,-0.03116597,0.005130697,0.9994692,-0.06238069,0.01562224,0.9979302
Fixation,19.8638,0.03572254,0.04920673,-0.05886252,-0.1133626,0.2237594,-0.0103675,-0.9679738,-0.4308359,-0.2241037,0.8741613,0.1052308,0.05041778,-0.05343302,-0.003315229,0.2724138,-0.007302561,-0.9621468,-0.5241558,-0.01035811,0.8515594,0.07093833,0.05356109,-0.1849946,-0.007952992,-0.03107578,0.005227035,0.9994717,-0.06220186,0.01557271,0.9979421
Fixation,19.8758,0.03571357,0.04920495,-0.05884349,-0.1166527,0.2267681,-0.01049507,-0.9668806,-0.4360668,-0.2303383,0.8699368,0.1052217,0.05041528,-0.05341187,-0.003256527,0.272429,-0.007308801,-0.9621426,-0.5241836,-0.01024875,0.8515436,0.07092965,0.05355787,-0.1849749,-0.008011412,-0.03109157,0.005218707,0.9994708,-0.06223385,0.01568983,0.9979383
Fixation,19.8865,0.03570199,0.0491991,-0.05882699,-0.1166514,0.2267692,-0.01053885,-0.9668801,-0.4360585,-0.2303556,0.8699364,0.10521,0.0504154,-0.05339454,-0.003257257,0.2724348,-0.007352183,-0.9621407,-0.5241933,-0.01027386,0.8515373,0.07091778,0.05355489,-0.1849581,-0.008021203,-0.03109808,0.005260914,0.9994704,-0.06224762,0.0157067,0.9979371
Fixation,19.8970,0.03569974,0.04918873,-0.05881141,-0.1166182,0.2267326,-0.01049641,-0.9668932,-0.4360042,-0.2302744,0.8699851,0.1052083,0.05039907,-0.053385,-0.003534989,0.2763252,-0.00735145,-0.9610296,-0.5310614,-0.01085724,0.8472638,0.07091538,0.05354106,-0.1849458,-0.008046755,-0.03105466,0.005217599,0.9994717,-0.06216047,0.01576095,0.9979417
Fixation,19.9085,0.03568978,0.04915845,-0.05880064,-0.1206956,0.2277842,-0.01062008,-0.966144,-0.437581,-0.2380569,0.8670939,0.1051982,0.05036664,-0.05337229,-0.003499532,0.2763389,-0.00734286,-0.9610259,-0.5310863,-0.01078452,0.8472492,0.07090576,0.05350924,-0.1849342,-0.008078963,-0.03106877,0.0052004,0.9994711,-0.06218869,0.01582624,0.9979389
Fixation,19.9195,0.03568399,0.04909372,-0.05879825,-0.1207901,0.2278383,-0.01062845,-0.9661193,-0.4376703,-0.2382384,0.866999,0.1051917,0.05030417,-0.05336162,-0.003594817,0.2763951,-0.007339817,-0.9610093,-0.5311838,-0.01096668,0.8471857,0.07090048,0.05344725,-0.184927,-0.007985705,-0.03112733,0.005220364,0.9994699,-0.06230503,0.01563795,0.9979346
Fixation,19.9314,0.03567943,0.0490371,-0.05879283,-0.1209541,0.2278867,-0.01067989,-0.9660869,-0.4377331,-0.238572,0.8668755,0.1051863,0.05025721,-0.05334769,-0.00272382,0.2791067,-0.00736097,-0.9602281,-0.535972,-0.009339968,0.8441841,0.07089593,0.05339813,-0.1849161,-0.00783231,-0.03118735,0.005296722,0.9994689,-0.06242455,0.01532592,0.997932
Fixation,19.9417,0.03571334,0.04899573,-0.05880956,-0.1228242,0.2294963,-0.01066274,-0.9654698,-0.4405243,-0.2420603,0.8644913,0.1052196,0.05020428,-0.05335326,-0.002776524,0.2791832,-0.007265483,-0.9602064,-0.5361067,-0.009388874,0.844098,0.07093147,0.05335236,-0.1849266,-0.007757289,-0.03126609,0.005216687,0.9994674,-0.0625798,0.0151801,0.9979245
Fixation,19.9531,0.0357194,0.04899001,-0.0587818,-0.1228015,0.229479,-0.01050838,-0.9654785,-0.4405333,-0.2419474,0.8645183,0.1052264,0.05017722,-0.05333067,-0.00274609,0.2791478,-0.007115815,-0.9602179,-0.5360464,-0.009246418,0.8441379,0.0709384,0.05333602,-0.1849014,-0.007749588,-0.03122754,0.005064481,0.9994694,-0.06250044,0.01517465,0.9979296
Fixation,19.9638,0.03572561,0.04898691,-0.05874902,-0.1227776,0.2294754,-0.010331,-0.9654843,-0.440573,-0.2418211,0.8645334,0.1052333,0.05014944,-0.0533015,-0.003061055,0.2801576,-0.006959072,-0.9599239,-0.5378174,-0.009776034,0.8430047,0.07094581,0.05332077,-0.1848703,-0.007738121,-0.03119999,0.004887881,0.9994712,-0.06244263,0.01516305,0.9979334
Fixation,19.9748,0.03576313,0.04901791,-0.05871063,-0.1193545,0.2325549,-0.01008035,-0.9651794,-0.446508,-0.2350855,0.8633454,0.105272,0.05015981,-0.05327344,-0.003098545,0.280086,-0.006799672,-0.9599459,-0.5376927,-0.009757857,0.8430844,0.07098365,0.0533427,-0.1848365,-0.007662159,-0.03112374,0.0047436,0.9994749,-0.06228749,0.015021,0.9979452
Fixation,19.9862,0.03578364,0.04902244,-0.05868319,-0.1193843,0.2325318,-0.0100031,-0.965182,-0.4464826,-0.2351072,0.8633527,0.105293,0.05015481,-0.05325039,-0.003124845,0.2800555,-0.00672434,-0.9599552,-0.5376394,-0.009765798,0.8431184,0.07100432,0.0533433,-0.184811,-0.007617941,-0.0310911,0.00467753,0.9994766,-0.06222091,0.01493705,0.9979506
Fixation,19.9975,0.03578947,0.04900622,-0.05866319,-0.1194331,0.2325524,-0.009919394,-0.9651718,-0.4465366,-0.2351605,0.8633103,0.1052989,0.05012786,-0.05322861,-0.002476484,0.2809177,-0.006620118,-0.9597058,-0.5391639,-0.008472808,0.8421582,0.07101091,0.05332267,-0.1847896,-0.007552268,-0.03110261,0.004603562,0.9994771,-0.06224222,0.01481027,0.9979512
Fixation,20.0089,0.03577974,0.0489949,-0.05867332,-0.1201265,0.2331055,-0.009905452,-0.9649525,-0.4474916,-0.2364508,0.8624629,0.1052894,0.05011559,-0.05324239,-0.002628058,0.2808911,-0.006581803,-0.9597135,-0.5391154,-0.008741904,0.8421866,0.07100078,0.05331373,-0.1848004,-0.007396002,-0.03107459,0.004604747,0.9994791,-0.06218492,0.01449812,0.9979593
Fixation,20.0196,0.03579887,0.04895985,-0.05865772,-0.1202481,0.233106,-0.01008864,-0.9649354,-0.4474382,-0.2367667,0.862404,0.1053078,0.05010831,-0.0532231,-0.00198472,0.2814686,-0.006736464,-0.9595448,-0.5401368,-0.007601062,0.841543,0.07101845,0.05329406,-0.1847823,-0.007313128,-0.03110174,0.004807283,0.9994779,-0.06224132,0.01431959,0.9979584
Fixation,20.0307,0.03580086,0.04894781,-0.05866243,-0.1203153,0.2330878,-0.0100243,-0.964932,-0.4474156,-0.2368652,0.8623886,0.1053102,0.05008924,-0.05323113,-0.002049303,0.2814451,-0.006671467,-0.959552,-0.540095,-0.007688128,0.8415689,0.07102051,0.05327988,-0.1847881,-0.007234331,-0.03107664,0.004760808,0.9994795,-0.06218982,0.01416523,0.9979638
Fixation,20.0418,0.03580251,0.04894221,-0.05865757,-0.1213456,0.2339949,-0.01004123,-0.9645833,-0.4489782,-0.238795,0.8610433,0.1053126,0.05008233,-0.05323623,-0.002060803,0.2813762,-0.006659369,-0.9595723,-0.5399742,-0.007702556,0.8416464,0.07102136,0.05327392,-0.1847882,-0.007220318,-0.03100481,0.004752534,0.9994819,-0.06204612,0.01413845,0.9979731
Fixation,20.0529,0.03582184,0.04894137,-0.05864298,-0.1212498,0.2338781,-0.01003718,-0.9646237,-0.4487746,-0.2386159,0.8611991,0.1053333,0.05008078,-0.05323877,-0.001452568,0.2821812,-0.006664167,-0.9593369,-0.5413944,-0.006548011,0.8407433,0.0710393,0.05327106,-0.184783,-0.007317565,-0.0308827,0.004743898,0.999485,-0.06180302,0.01433458,0.9979854
Fixation,20.0643,0.03582555,0.04895341,-0.05864331,-0.1211129,0.2337768,-0.009986467,-0.9646659,-0.448614,-0.2383363,0.8613601,0.1053384,0.05008459,-0.05325501,-0.001312655,0.2820727,-0.006633377,-0.9593692,-0.5412063,-0.006260831,0.8408666,0.07104222,0.05327654,-0.1847924,-0.007445406,-0.03076928,0.00467958,0.9994879,-0.06157672,0.01459521,0.9979956
Fixation,20.0752,0.03581081,0.04895401,-0.05865875,-0.1209933,0.234288,-0.00995173,-0.9645573,-0.4495603,-0.2380732,0.8609394,0.1053246,0.05007863,-0.05328073,-0.001201038,0.2820027,-0.006609074,-0.9593901,-0.5410853,-0.006032081,0.8409461,0.07102706,0.05327213,-0.1848138,-0.007547421,-0.0306961,0.004628399,0.9994895,-0.06143072,0.01480299,0.9980016
Fixation,20.0862,0.03579382,0.0489378,-0.05867574,-0.1209473,0.2342877,-0.009948222,-0.9645632,-0.4495642,-0.2379842,0.860962,0.1053076,0.05006099,-0.05329805,-0.001154596,0.2820008,-0.006607951,-0.9593907,-0.5410826,-0.005942311,0.8409484,0.07101018,0.05325437,-0.1848312,-0.007592079,-0.03069412,0.004615602,0.9994894,-0.06142697,0.01489306,0.9980004
Fixation,20.0972,0.03581222,0.04891908,-0.05867319,-0.1209027,0.2343279,-0.01009172,-0.9645575,-0.4496052,-0.2379648,0.8609459,0.1053251,0.05006015,-0.05328763,-0.0005531632,0.2825597,-0.006733313,-0.959226,-0.5420697,-0.004866343,0.8403195,0.07102823,0.0532434,-0.1848253,-0.007664115,-0.03075258,0.004740567,0.9994864,-0.06154623,0.01502879,0.9979911
Fixation,20.1088,0.03578608,0.04887831,-0.05869589,-0.1212367,0.2347225,-0.01016038,-0.9644189,-0.4502781,-0.2386157,0.860414,0.1052987,0.05002367,-0.05330712,-0.0004406236,0.2825828,-0.006788787,-0.9592188,-0.5421115,-0.004682097,0.8402935,0.07100222,0.05320263,-0.1848473,-0.007786975,-0.03077717,0.004765609,0.9994846,-0.06159683,0.01527258,0.9979842
Fixation,20.1197,0.03575068,0.04886985,-0.05871055,-0.121252,0.2348208,-0.01027,-0.9643919,-0.4504281,-0.2386922,0.8603142,0.1052618,0.05002892,-0.05330591,-0.0004610395,0.2826923,-0.006884411,-0.9591858,-0.5423026,-0.004776786,0.8401697,0.07096737,0.05320096,-0.1848539,-0.007791191,-0.03089213,0.004862545,0.9994805,-0.06182794,0.01527386,0.9979699
Fixation,20.1305,0.03571044,0.04885352,-0.05872831,-0.1212312,0.2348858,-0.01034659,-0.9643779,-0.4505286,-0.2386859,0.8602633,0.1052206,0.05002153,-0.05331326,0.0002123243,0.2834961,-0.006937622,-0.9589483,-0.5437191,-0.003526361,0.8392599,0.07092752,0.05318856,-0.1848667,-0.007825378,-0.03096783,0.004924257,0.9994776,-0.06198038,0.01533759,0.9979595
Fixation,20.1418,0.03570807,0.04883564,-0.05874003,-0.1212501,0.234963,-0.01029134,-0.9643573,-0.4506809,-0.238693,0.8601816,0.1052176,0.04999518,-0.05331484,0.0001961668,0.2835657,-0.006872217,-0.9589282,-0.543841,-0.003521231,0.8391809,0.07092655,0.05316699,-0.184873,-0.007793034,-0.03103991,0.004864668,0.999476,-0.0621231,0.0152759,0.9979516
Fixation,20.1538,0.03565178,0.04879844,-0.05875974,-0.122162,0.2361046,-0.01036023,-0.9639626,-0.4526607,-0.2404114,0.8586621,0.1051601,0.04996061,-0.05332008,0.0002067834,0.2836657,-0.006893977,-0.9588984,-0.5440161,-0.003514601,0.8390675,0.07087138,0.05313075,-0.1848855,-0.007808641,-0.03114432,0.004882409,0.9994725,-0.06233203,0.01530492,0.9979381
Fixation,20.1642,0.03562791,0.04879475,-0.05876996,-0.1222012,0.2362031,-0.01028484,-0.9639342,-0.4528548,-0.2404464,0.85855,0.1051354,0.04994583,-0.05331736,4.329719E-05,0.2842717,-0.006812126,-0.9587196,-0.5450743,-0.003789969,0.8383792,0.07084928,0.05312264,-0.1848887,-0.007751447,-0.03123599,0.004804695,0.9994704,-0.06251338,0.01519453,0.9979284
Fixation,20.1754,0.03562411,0.04882085,-0.0587665,-0.1222991,0.2376763,-0.01034676,-0.963559,-0.4554994,-0.2406031,0.8571059,0.1051305,0.04997694,-0.05330024,4.935637E-05,0.2843661,-0.006850223,-0.9586914,-0.5452393,-0.003801307,0.8382719,0.07084639,0.05315089,-0.1848785,-0.007766815,-0.03133469,0.00483941,0.9994671,-0.06271115,0.01522207,0.9979156
Fixation,20.1866,0.03557602,0.04881501,-0.05878527,-0.1222363,0.2377703,-0.01027946,-0.9635445,-0.4556915,-0.2404485,0.8570471,0.1050816,0.04995894,-0.05330708,0.0001158677,0.2844487,-0.006774731,-0.9586673,-0.5453849,-0.00363197,0.8381779,0.07080016,0.05313814,-0.1848915,-0.007811798,-0.03142024,0.004748976,0.9994645,-0.06288102,0.0153168,0.9979035
Fixation,20.1977,0.03553415,0.04880488,-0.05880367,-0.1222186,0.2378498,-0.01035639,-0.9635262,-0.4558176,-0.2404482,0.8569801,0.1050386,0.04995751,-0.05331298,0.0004553274,0.284696,-0.006832583,-0.9585934,-0.5458217,-0.003017471,0.8378959,0.07075886,0.05313182,-0.1849038,-0.007842628,-0.03151102,0.004809634,0.9994611,-0.0630635,0.01537369,0.9978911
Fixation,20.2083,0.03549935,0.04878807,-0.05881617,-0.1221964,0.2379165,-0.01040687,-0.9635121,-0.4559275,-0.2404274,0.8569275,0.1050029,0.04994595,-0.05331526,0.0004754109,0.2847667,-0.006875263,-0.9585721,-0.5459455,-0.003004261,0.8378153,0.07072465,0.05311728,-0.1849114,-0.007872782,-0.03158509,0.00484538,0.9994583,-0.06321226,0.01543095,0.9978808
Fixation,20.2195,0.03546387,0.04880118,-0.05881706,-0.1225559,0.2386758,-0.01043827,-0.9632782,-0.4572639,-0.2410936,0.8560278,0.1049661,0.04995811,-0.05329859,0.00051654,0.2848882,-0.006876216,-0.958536,-0.5461583,-0.002927662,0.8376769,0.07069081,0.0531292,-0.1849036,-0.007912588,-0.03171176,0.004835125,0.9994541,-0.06346541,0.01550988,0.9978635
Fixation,20.2309,0.03544112,0.04881167,-0.0588251,-0.122452,0.2387544,-0.01038698,-0.9632725,-0.4574273,-0.2408692,0.8560037,0.1049427,0.04995787,-0.05329684,0.0009155502,0.2848838,-0.006810705,-0.9585375,-0.546156,-0.002125341,0.8376808,0.07066966,0.05313253,-0.1849074,-0.008001867,-0.0317825,0.004753561,0.9994515,-0.06360622,0.01569279,0.9978517
Fixation,20.2419,0.03540193,0.04883468,-0.05884271,-0.1224183,0.2390537,-0.01025086,-0.9632041,-0.4580053,-0.2407287,0.8557342,0.1049032,0.04996014,-0.05330607,0.0009503895,0.2849413,-0.006666135,-0.9585213,-0.5462573,-0.001976977,0.8376151,0.07063249,0.05314517,-0.1849207,-0.007998702,-0.03184144,0.004604563,0.9994503,-0.06372154,0.01569538,0.9978443
Fixation,20.2531,0.03545774,0.0488652,-0.05885179,-0.1222721,0.238991,-0.01012705,-0.9632395,-0.4579347,-0.2403952,0.8558657,0.1049603,0.04997158,-0.05332688,0.001103074,0.2848613,-0.006558529,-0.9585457,-0.5461196,-0.001621848,0.8377057,0.07068855,0.05316401,-0.1849366,-0.008119136,-0.03175724,0.004462116,0.9994527,-0.06355216,0.01594598,0.9978511
Fixation,20.2640,0.03545624,0.04887331,-0.05885678,-0.1222147,0.2389426,-0.01002254,-0.9632599,-0.4578778,-0.2402387,0.85594,0.1049597,0.0499649,-0.05334081,0.0008735443,0.2853056,-0.006476643,-0.9584143,-0.5468934,-0.002021211,0.8371999,0.07068721,0.05316412,-0.1849463,-0.008155607,-0.03169251,0.004355066,0.9994549,-0.0634215,0.01602628,0.9978582
Fixation,20.2750,0.03544017,0.04886425,-0.05885966,-0.1190274,0.2420779,-0.009892967,-0.9628775,-0.4638276,-0.2340073,0.8544616,0.104944,0.04995036,-0.05334748,0.0008293139,0.2852791,-0.006426597,-0.9584227,-0.5468465,-0.002077081,0.8372303,0.0706711,0.05315328,-0.1849507,-0.008100132,-0.03166434,0.0043181,0.9994564,-0.06336422,0.015918,0.9978635
Fixation,20.2867,0.03542502,0.04884112,-0.05886276,-0.1190666,0.2420347,-0.009863816,-0.9628837,-0.4637537,-0.2340694,0.8544846,0.1049294,0.04992485,-0.053357,0.000791011,0.2852343,-0.006401248,-0.9584361,-0.5467679,-0.002135444,0.8372815,0.07065549,0.05312979,-0.1849567,-0.008056714,-0.03161751,0.004303612,0.9994583,-0.06327011,0.01583256,0.9978709
Fixation,20.2973,0.03545221,0.04883552,-0.05883044,-0.1190851,0.2420028,-0.009987119,-0.9628882,-0.4636647,-0.234165,0.8545068,0.1049565,0.04993713,-0.05332712,0.0009538801,0.2858503,-0.006524982,-0.9582516,-0.5478454,-0.001902221,0.8365774,0.07068139,0.05313301,-0.1849258,-0.008065538,-0.03160115,0.004431042,0.9994582,-0.06323954,0.01584228,0.9978727
Fixation,20.3083,0.03542237,0.04881382,-0.05882955,-0.1199927,0.2455503,-0.01002597,-0.9618765,-0.469972,-0.23576,0.8506136,0.1049273,0.04991829,-0.05333459,0.0008118334,0.2857915,-0.006516808,-0.9582693,-0.5477411,-0.002168987,0.8366451,0.0706505,0.05311513,-0.1849281,-0.00792622,-0.03153977,0.004459763,0.9994611,-0.06311625,0.01556258,0.9978848
Fixation,20.3197,0.03540455,0.04877472,-0.05882217,-0.120131,0.2454774,-0.01019858,-0.9618759,-0.4697873,-0.2361093,0.8506188,0.1049096,0.04990733,-0.05333404,0.0006656139,0.2857437,-0.006691161,-0.9582825,-0.5476553,-0.002548222,0.8367002,0.07063027,0.05309188,-0.1849235,-0.007829469,-0.03149121,0.004665954,0.9994625,-0.06302162,0.01535665,0.997894
Fixation,20.3306,0.03543212,0.04878259,-0.05880554,-0.1202343,0.2453666,-0.01027424,-0.9618906,-0.4695609,-0.2363464,0.8506779,0.104938,0.04992974,-0.05333145,0.0004183399,0.2866064,-0.006786101,-0.9580243,-0.5491574,-0.00308832,0.8357132,0.07065562,0.05310857,-0.1849134,-0.007747628,-0.03139027,0.004775544,0.9994658,-0.062821,0.01518717,0.9979092
Fixation,20.3419,0.03542146,0.04877579,-0.05879328,-0.1162759,0.2494562,-0.01009987,-0.961327,-0.4772693,-0.2285973,0.848503,0.1049276,0.04991567,-0.05332132,0.0003009588,0.2865905,-0.00670783,-0.9580297,-0.5491285,-0.003268146,0.8357316,0.07064512,0.05310047,-0.1849012,-0.007614135,-0.0313731,0.004730085,0.9994676,-0.06278482,0.01492337,0.9979155
Fixation,20.3532,0.03539968,0.04876363,-0.05878471,-0.1163539,0.2494368,-0.01011453,-0.9613224,-0.4772246,-0.2287531,0.8484861,0.104906,0.04990768,-0.05331489,0.0002219207,0.286575,-0.006721657,-0.9580342,-0.5491004,-0.003427303,0.8357494,0.07062282,0.05309176,-0.1848932,-0.007541312,-0.03135709,0.004763807,0.9994684,-0.06275269,0.01477585,0.9979197
Fixation,20.3641,0.03537162,0.04875171,-0.05877718,-0.1163284,0.2493505,-0.01017147,-0.9613473,-0.4770584,-0.2287365,0.8485841,0.1048786,0.04990447,-0.0533189,0.0003422587,0.2871234,-0.006790394,-0.9578695,-0.5500581,-0.003243684,0.8351201,0.07059325,0.05308342,-0.1848918,-0.007581586,-0.0312751,0.004823885,0.9994704,-0.06259023,0.01485341,0.9979288
Fixation,20.3750,0.03537943,0.04879475,-0.05877264,-0.1162704,0.2493452,-0.01011174,-0.9613563,-0.4770678,-0.2285973,0.8486163,0.1048868,0.04993796,-0.05331635,0.0004028161,0.28711,-0.006734093,-0.9578739,-0.5500357,-0.003095156,0.8351354,0.07060152,0.05312085,-0.1848886,-0.007625659,-0.03126067,0.004753986,0.9994709,-0.06256075,0.01494602,0.9979292
Fixation,20.3865,0.03535347,0.04879653,-0.05877086,-0.1183602,0.2503435,-0.0102859,-0.9608399,-0.4786451,-0.2326005,0.846638,0.1048602,0.04995191,-0.05330972,0.0004555476,0.2871442,-0.006834526,-0.9578629,-0.5500958,-0.003052285,0.835096,0.0705753,0.05312753,-0.1848849,-0.007702372,-0.03129714,0.004837291,0.9994687,-0.06263554,0.01509377,0.9979223
Fixation,20.4003,0.03532625,0.0487951,-0.05877705,-0.1183476,0.2504497,-0.01029669,-0.9608136,-0.4788339,-0.2325775,0.8465375,0.1048318,0.04994988,-0.05330062,0.0006761961,0.2878839,-0.006830077,-0.9576408,-0.5513879,-0.002637432,0.8342448,0.07054946,0.0531255,-0.1848835,-0.007713715,-0.0314071,0.004831672,0.9994652,-0.06285514,0.01511568,0.9979082
Fixation,20.4136,0.03529181,0.04878604,-0.05878779,-0.1199658,0.2513531,-0.01040215,-0.9603758,-0.4802912,-0.2356537,0.8448596,0.1047959,0.0499444,-0.0532936,0.0007206434,0.2880068,-0.006865499,-0.9576035,-0.5516025,-0.002574439,0.8341032,0.0705164,0.05311739,-0.1848856,-0.007765583,-0.03153565,0.004853764,0.9994607,-0.06311267,0.01521666,0.9978904
Fixation,20.4203,0.03529334,0.04881549,-0.05878238,-0.1199468,0.2514091,-0.01036958,-0.9603639,-0.4804007,-0.2355991,0.8448125,0.104797,0.049968,-0.05328085,0.0007410492,0.2880574,-0.006826953,-0.9575886,-0.5516911,-0.002513868,0.8340448,0.07051896,0.05314374,-0.1848765,-0.007775282,-0.0315882,0.004810981,0.9994591,-0.06321705,0.01523821,0.9978834
Fixation,20.4305,0.03526261,0.04882646,-0.05879126,-0.119911,0.2514751,-0.01032872,-0.9603515,-0.4805319,-0.2355082,0.8447633,0.1047657,0.04997134,-0.05328116,0.0004268209,0.2886081,-0.00679384,-0.9574232,-0.552646,-0.003104219,0.8334103,0.07048947,0.0531503,-0.1848812,-0.007799249,-0.03164961,0.004755197,0.9994573,-0.06333903,0.01528903,0.997875
Fixation,20.4424,0.03524026,0.0488317,-0.05880175,-0.1198506,0.2515215,-0.01032685,-0.9603469,-0.4806204,-0.2353912,0.8447456,0.1047429,0.04997408,-0.05328536,0.0004876917,0.2886519,-0.006788578,-0.9574099,-0.5527231,-0.002985231,0.8333597,0.07046787,0.05315328,-0.184889,-0.007856618,-0.03169529,0.004734139,0.9994555,-0.06343044,0.01540458,0.9978673
Fixation,20.4532,0.03526735,0.04886806,-0.05880486,-0.1169642,0.2533222,-0.01022601,-0.9602306,-0.4841033,-0.2298061,0.8442945,0.10477,0.05000591,-0.05328847,0.0005397569,0.2886523,-0.006765672,-0.95741,-0.5527245,-0.002872316,0.8333591,0.07049529,0.05318666,-0.1848924,-0.007901001,-0.03169548,0.004698563,0.9994553,-0.06343067,0.01549555,0.9978659
Fixation,20.4639,0.03525523,0.04888332,-0.05880961,-0.1169436,0.2533573,-0.01030746,-0.960223,-0.4841482,-0.2298068,0.8442686,0.1047573,0.05003119,-0.05328701,0.0003787405,0.289101,-0.006851295,-0.9572741,-0.5535029,-0.003236315,0.832841,0.07048312,0.05320632,-0.1848943,-0.007938139,-0.0317412,0.004768382,0.9994532,-0.06352339,0.01556489,0.9978589
Fixation,20.4752,0.03523417,0.04889333,-0.05881368,-0.1169057,0.2533485,-0.01026787,-0.9602303,-0.484145,-0.2297155,0.8442952,0.1047365,0.050035,-0.05329316,0.0004182765,0.2890868,-0.006814529,-0.9572785,-0.553479,-0.003139167,0.8328573,0.07046229,0.05321264,-0.1848996,-0.007966849,-0.03172616,0.004722729,0.9994537,-0.06349291,0.01562533,0.99786
Fixation,20.4864,0.0352154,0.04889858,-0.0588159,-0.1144197,0.2557189,-0.01021714,-0.9599019,-0.488592,-0.2248889,0.8430319,0.1047175,0.05003893,-0.05329257,0.0004998376,0.2891069,-0.006823227,-0.9572724,-0.553515,-0.002988323,0.8328339,0.07044391,0.05321574,-0.184901,-0.008047845,-0.0317472,0.004709915,0.9994524,-0.06353543,0.01578782,0.9978547
Fixation,20.4973,0.03525848,0.04893005,-0.05880568,-0.1143848,0.255639,-0.01023151,-0.9599271,-0.488449,-0.2248334,0.8431296,0.1047614,0.05007279,-0.05329371,0.0005713347,0.2895566,-0.006850588,-0.9571363,-0.554298,-0.002873575,0.8323133,0.07048589,0.05324769,-0.1848969,-0.008087892,-0.03166607,0.004725596,0.9994546,-0.06337405,0.01586768,0.9978637
Fixation,20.5085,0.03525791,0.04893136,-0.05880037,-0.1143935,0.2556133,-0.01030223,-0.9599322,-0.4883858,-0.2248868,0.8431519,0.1047609,0.05008447,-0.05329094,0.0005601975,0.2895393,-0.006923538,-0.957141,-0.5542676,-0.002936896,0.8323334,0.07048446,0.05325413,-0.1848929,-0.00809607,-0.03164857,0.004799044,0.9994547,-0.06334034,0.01587955,0.9978656
Fixation,20.5198,0.03502729,0.04833019,-0.05883898,-0.1169069,0.2564511,-0.01040739,-0.9594047,-0.4896473,-0.2296601,0.8411312,0.1047479,0.05008221,-0.0532885,0.0005511348,0.2895389,-0.006945005,-0.9571409,-0.5542668,-0.002966671,0.8323338,0.07047135,0.05325055,-0.1848904,-0.008092879,-0.03164839,0.004822128,0.9994547,-0.06334032,0.01587171,0.9978658
Fixation,20.5307,0.03505954,0.04832494,-0.05884454,-0.1169275,0.2563855,-0.01045045,-0.9594193,-0.4895184,-0.2297237,0.8411889,0.1047807,0.05008447,-0.05330267,0.0004915781,0.2899313,-0.006999169,-0.9570218,-0.554948,-0.003117654,0.8318792,0.07050231,0.05324912,-0.1849003,-0.008084556,-0.03158703,0.004876508,0.9994564,-0.06321857,0.01585225,0.9978738
Fixation,20.5419,0.03508195,0.04832184,-0.05885272,-0.1169816,0.256346,-0.01039756,-0.9594238,-0.4894564,-0.2298006,0.841204,0.1048037,0.05007613,-0.05331699,0.0004388848,0.289888,-0.006949555,-0.9570353,-0.5548722,-0.003189129,0.8319295,0.07052449,0.05324447,-0.1849111,-0.008020873,-0.0315414,0.004842538,0.9994586,-0.06312632,0.01572758,0.9978816
Fixation,20.5537,0.0350752,0.04831135,-0.05885056,-0.1149096,0.2579982,-0.01040768,-0.9592312,-0.4925679,-0.2258201,0.8404654,0.1047964,0.05007505,-0.05331075,0.0004013335,0.2899158,-0.007009893,-0.9570264,-0.5549198,-0.003296384,0.8318973,0.07051741,0.05323911,-0.1849067,-0.008000218,-0.03157086,0.004910386,0.9994574,-0.06318603,0.0156817,0.9978786
Fixation,20.5643,0.03506317,0.04830372,-0.05885365,-0.114963,0.2580142,-0.01039097,-0.9592206,-0.4925959,-0.2259118,0.8404244,0.1047842,0.05006623,-0.05331145,0.0003020065,0.2903135,-0.006993504,-0.956906,-0.5556096,-0.003482634,0.831436,0.0705056,0.05323184,-0.1849081,-0.007943599,-0.03158674,0.004904468,0.9994574,-0.06321713,0.01556874,0.9978784
Fixation,20.5750,0.03507194,0.04829633,-0.05885603,-0.1170176,0.2573307,-0.01045074,-0.9591551,-0.4911943,-0.2298547,0.8401756,0.1047924,0.05006266,-0.05330732,0.0001519704,0.2903557,-0.006989039,-0.9568933,-0.555681,-0.003767775,0.8313871,0.07051452,0.05322897,-0.184906,-0.007797485,-0.03163078,0.004938906,0.999457,-0.06330422,0.01527406,0.9978774
Fixation,20.5869,0.03506375,0.04827619,-0.05885607,-0.1169379,0.2573518,-0.01044494,-0.9591593,-0.4912398,-0.2297002,0.8401912,0.1047841,0.05003929,-0.05330494,0.000232406,0.2903736,-0.006983522,-0.9568879,-0.5557131,-0.003610888,0.8313663,0.07050684,0.05320585,-0.1849054,-0.007873686,-0.03164944,0.004912558,0.999456,-0.0633418,0.01542785,0.9978727
Fixation,20.5972,0.03505129,0.04826272,-0.05886054,-0.1169791,0.2573842,-0.01051542,-0.9591448,-0.4912772,-0.2298128,0.8401386,0.1047709,0.05003607,-0.05330338,0.0004163701,0.2907761,-0.007043146,-0.9567651,-0.5564147,-0.00329922,0.8308982,0.07049415,0.05319798,-0.1849067,-0.007848143,-0.03169272,0.004986016,0.9994544,-0.06342913,0.01537168,0.9978679
Fixation,20.6086,0.03505091,0.04825854,-0.05886369,-0.1181667,0.2582479,-0.01057135,-0.9587664,-0.4927004,-0.2320486,0.8386893,0.10477,0.05003273,-0.05330025,0.0004243874,0.2908194,-0.007051472,-0.9567519,-0.5564899,-0.003289342,0.8308478,0.07049426,0.05319405,-0.1849067,-0.007857975,-0.031738,0.004991715,0.9994529,-0.06351972,0.0153905,0.9978619
Fixation,20.6200,0.03505666,0.04826176,-0.05887175,-0.118233,0.2582763,-0.01058505,-0.9587504,-0.4927419,-0.2321795,0.8386287,0.1047753,0.05003917,-0.0533036,0.0003572409,0.2908507,-0.00705926,-0.9567423,-0.5565434,-0.003422807,0.8308115,0.07050014,0.05320001,-0.1849118,-0.007795116,-0.03177078,0.005016531,0.9994522,-0.06358495,0.01526293,0.9978597
Fixation,20.6308,0.03506146,0.04826415,-0.0588816,-0.1181764,0.2583398,-0.0105927,-0.9587402,-0.4928579,-0.2320739,0.8385898,0.1047794,0.05004013,-0.05330456,0.0004475163,0.2913556,-0.007062738,-0.9565887,-0.5574213,-0.003259358,0.8302234,0.07050587,0.05320084,-0.1849176,-0.00785024,-0.03183541,0.005003079,0.9994498,-0.06371435,0.01537329,0.9978498
Fixation,20.6417,0.03506131,0.04826903,-0.05889,-0.1164835,0.2597855,-0.01051653,-0.9585575,-0.4955888,-0.2287763,0.8378862,0.1047793,0.05004168,-0.05331328,0.0004112781,0.2913527,-0.007030244,-0.9565898,-0.5574158,-0.003309712,0.8302268,0.07050589,0.05320477,-0.1849258,-0.007806788,-0.03183209,0.004981177,0.9994503,-0.06370696,0.01528787,0.9978516
Fixation,20.6534,0.03510424,0.04826617,-0.05889278,-0.1164941,0.2598204,-0.01047311,-0.9585472,-0.4956601,-0.2287724,0.837845,0.1048221,0.0500325,-0.05331166,0.0004019938,0.2913824,-0.006982573,-0.9565811,-0.5574675,-0.003300119,0.8301922,0.07054961,0.05319905,-0.1849262,-0.007785342,-0.03186277,0.004937405,0.9994497,-0.06376735,0.01524748,0.9978483
Fixation,20.6646,0.03512969,0.04826665,-0.05889994,-0.1165122,0.2597947,-0.0104368,-0.9585524,-0.4956216,-0.228789,0.8378633,0.104848,0.05002892,-0.05332298,0.0004306971,0.2916295,-0.006949321,-0.9565061,-0.5578967,-0.003229325,0.8299041,0.07057495,0.05319786,-0.1849353,-0.007760108,-0.03183228,0.004909683,0.999451,-0.0637058,0.01519912,0.997853
Fixation,20.6753,0.03515051,0.04826975,-0.05890853,-0.1164945,0.2597584,-0.01038144,-0.9585651,-0.4955718,-0.2287284,0.8379093,0.1048695,0.05002463,-0.05333777,0.000450246,0.291587,-0.006899402,-0.9565194,-0.5578234,-0.003162214,0.8299536,0.07059577,0.05319715,-0.184947,-0.007766022,-0.0317875,0.004856637,0.9994527,-0.06361564,0.01521478,0.9978585
Fixation,20.6863,0.03517789,0.04827321,-0.05891087,-0.1179181,0.2594334,-0.01038083,-0.9584789,-0.4948748,-0.2314304,0.8375792,0.1048968,0.05002105,-0.05333705,0.0004762672,0.2916081,-0.006853711,-0.9565133,-0.5578607,-0.003086084,0.8299289,0.07062392,0.05319703,-0.1849479,-0.007779178,-0.03180925,0.004805616,0.9994522,-0.06365842,0.01524411,0.9978553
Fixation,20.6974,0.03522987,0.04829872,-0.05890477,-0.1179113,0.2593404,-0.01036658,-0.9585051,-0.4947136,-0.2314142,0.8376789,0.1049499,0.05004597,-0.05334457,0.0004835539,0.2915148,-0.006851232,-0.9565417,-0.5576988,-0.003069392,0.8300378,0.07067477,0.05322194,-0.1849488,-0.007785727,-0.0317117,0.004801858,0.9994552,-0.06346361,0.01525842,0.9978675
Fixation,20.7093,0.03526234,0.04830909,-0.05891365,-0.1178977,0.2592812,-0.0103784,-0.9585227,-0.4946067,-0.2313971,0.8377467,0.1049829,0.0500586,-0.05336186,0.0004346413,0.2917964,-0.006874826,-0.9564556,-0.5581867,-0.003180669,0.8297094,0.07070637,0.05323327,-0.1849621,-0.007803766,-0.03165194,0.004817513,0.9994569,-0.06334469,0.01529409,0.9978745
Fixation,20.7199,0.03529159,0.04830861,-0.05892114,-0.1186093,0.2598221,-0.01033793,-0.9582888,-0.495517,-0.232696,0.8368486,0.1050133,0.05004942,-0.05338085,0.0004608464,0.2917176,-0.006817725,-0.9564801,-0.5580505,-0.00309612,0.8298012,0.07073525,0.05322814,-0.1849755,-0.007814274,-0.03156915,0.004756008,0.9994597,-0.06317851,0.01531982,0.9978846
Fixation,20.7311,0.03532488,0.04831016,-0.05890387,-0.1186074,0.2597932,-0.01035888,-0.9582967,-0.4954606,-0.2327045,0.8368796,0.1050468,0.05005431,-0.05336742,0.000432848,0.2920525,-0.00684537,-0.9563777,-0.558631,-0.003170483,0.8294103,0.07076798,0.05323124,-0.1849602,-0.007821927,-0.03154203,0.004779404,0.9994604,-0.06312478,0.01533391,0.9978878
Fixation,20.7423,0.03535744,0.04831946,-0.05888378,-0.1185789,0.2597891,-0.01028523,-0.9583021,-0.4954737,-0.2326129,0.8368973,0.1050798,0.05005288,-0.05334927,0.0004638262,0.2920393,-0.006773788,-0.9563823,-0.5586087,-0.003069234,0.8294257,0.07080113,0.05323493,-0.1849412,-0.007833112,-0.03152766,0.004702288,0.9994612,-0.06309501,0.01536128,0.9978893
Fixation,20.7538,0.03537743,0.04833412,-0.05888518,-0.1189307,0.2607034,-0.01026426,-0.9580104,-0.4970716,-0.2332255,0.8357785,0.1051007,0.05006135,-0.05335937,0.0005283668,0.2919806,-0.006742668,-0.9564004,-0.5585078,-0.002926795,0.8294941,0.07082086,0.05324543,-0.1849475,-0.007887361,-0.03146603,0.004655702,0.9994628,-0.0629717,0.01547325,0.9978954
Fixation,20.7646,0.03539111,0.04835331,-0.05888612,-0.1189025,0.2606648,-0.01024248,-0.9580246,-0.4970109,-0.2331627,0.8358321,0.1051149,0.05007756,-0.05336638,0.0005368344,0.2923063,-0.006729821,-0.9563009,-0.5590728,-0.002907588,0.8291135,0.07083426,0.05326271,-0.1849517,-0.007911309,-0.03142283,0.004633015,0.9994642,-0.06288528,0.01552297,0.9979
Fixation,20.7753,0.03541822,0.04837489,-0.05885487,-0.1189143,0.2606252,-0.01027635,-0.9580336,-0.4969313,-0.2332043,0.8358678,0.1051423,0.05010462,-0.0533402,0.0005238564,0.2922715,-0.006767929,-0.9563113,-0.5590122,-0.002954206,0.8291542,0.07086053,0.05328703,-0.184923,-0.007908838,-0.03138678,0.004673398,0.9994651,-0.0628139,0.01551585,0.9979047
Fixation,20.7864,0.03541992,0.04837286,-0.05886047,-0.1194699,0.2608607,-0.01034272,-0.9578996,-0.4972855,-0.2342765,0.8353572,0.1051438,0.05010939,-0.05334569,0.0005194331,0.2922725,-0.006815774,-0.9563106,-0.5590137,-0.002990647,0.8291531,0.07086179,0.05328834,-0.1849286,-0.007917108,-0.03138815,0.004720722,0.9994648,-0.06281745,0.01552939,0.9979042
Fixation,20.7977,0.03541541,0.04836857,-0.05885999,-0.1193719,0.2608409,-0.01041195,-0.9579165,-0.4972419,-0.2341283,0.8354247,0.1051393,0.05011225,-0.05334757,0.000676733,0.2924974,-0.006889889,-0.9562413,-0.5594054,-0.002736309,0.8288897,0.07085668,0.05328572,-0.1849303,-0.008029866,-0.03137387,0.004767325,0.9994641,-0.06279068,0.01575199,0.9979024
Fixation,20.8086,0.03541544,0.04838121,-0.05885397,-0.1193655,0.2608485,-0.01046697,-0.9579147,-0.4972423,-0.2341446,0.8354199,0.105139,0.05013204,-0.05333962,0.0006813896,0.2925109,-0.006943738,-0.9562368,-0.5594289,-0.002759099,0.8288738,0.07085639,0.05330169,-0.1849234,-0.008048463,-0.0313885,0.004817986,0.9994633,-0.06282087,0.01578583,0.9978999
Fixation,20.8201,0.03541397,0.04838943,-0.05885283,-0.1200033,0.2615006,-0.0105379,-0.9576563,-0.4983262,-0.2353551,0.8344333,0.1051371,0.05014455,-0.05333465,0.0007408726,0.2925384,-0.006987525,-0.956228,-0.5594772,-0.002671353,0.8288414,0.07085503,0.05331075,-0.1849209,-0.008117298,-0.03141755,0.004844469,0.9994617,-0.06287993,0.01592145,0.9978941
Fixation,20.8307,0.03541199,0.04839659,-0.05885494,-0.1200072,0.2615546,-0.01061439,-0.9576403,-0.4984029,-0.2353999,0.834375,0.1051342,0.05016124,-0.05332774,0.0007548901,0.2928011,-0.007057181,-0.9561471,-0.5599326,-0.002689129,0.8285338,0.07085318,0.05332255,-0.1849186,-0.008129265,-0.03148305,0.00491229,0.9994591,-0.06301191,0.01594043,0.9978855
Fixation,20.8418,0.0354008,0.04838157,-0.05886823,-0.1199816,0.2616052,-0.01056485,-0.9576302,-0.4985069,-0.2353237,0.8343343,0.1051227,0.050138,-0.05333473,0.0007821411,0.2928444,-0.007002554,-0.9561341,-0.5600081,-0.002605654,0.828483,0.07084312,0.05330312,-0.1849287,-0.00814114,-0.03152788,0.004852174,0.999458,-0.0631006,0.0159675,0.9978794
Fixation,20.8529,0.03539233,0.0483489,-0.05885294,-0.1208058,0.2617818,-0.01063512,-0.9574775,-0.4987308,-0.2369058,0.8337525,0.1051125,0.05011618,-0.05330082,0.000553696,0.2929686,-0.007031609,-0.9560961,-0.56022,-0.003061308,0.8283382,0.07083527,0.05327976,-0.1849023,-0.007928126,-0.03165785,0.004939477,0.9994551,-0.06335951,0.01553487,0.9978698
Fixation,20.8647,0.03539447,0.04830301,-0.05885566,-0.1208426,0.2618576,-0.01059635,-0.9574525,-0.4988715,-0.2369515,0.8336553,0.1051139,0.0500648,-0.05329304,0.0005683522,0.2932804,-0.006982298,-0.9560009,-0.5607605,-0.003008851,0.8279726,0.07083866,0.05323195,-0.1848992,-0.007880486,-0.03173184,0.004900963,0.9994534,-0.06350624,0.01544132,0.997862
Fixation,20.8753,0.0354011,0.04830289,-0.05885792,-0.1208418,0.2618742,-0.01053702,-0.9574488,-0.4989156,-0.2369183,0.8336384,0.1051206,0.05005622,-0.05329389,0.0005709846,0.2932898,-0.006921388,-0.9559984,-0.560777,-0.002968224,0.8279616,0.070846,0.05322778,-0.1849007,-0.007867002,-0.03174115,0.004841451,0.9994535,-0.06352378,0.01541806,0.9978612
Fixation,20.8866,0.0354123,0.04833233,-0.05884542,-0.1189777,0.2625465,-0.01029329,-0.9575008,-0.5003276,-0.2332475,0.8338273,0.105132,0.05005777,-0.05327445,0.0006026304,0.2933367,-0.006724569,-0.9559854,-0.5608593,-0.002792914,0.8279064,0.07085973,0.05324352,-0.1848844,-0.007845727,-0.03178874,0.004642966,0.9994531,-0.06361556,0.01538768,0.9978558
Fixation,20.8976,0.03548248,0.04835689,-0.05882848,-0.1188786,0.2624513,-0.01001962,-0.9575421,-0.5002341,-0.2329219,0.8339744,0.1052046,0.05004406,-0.05327623,0.0006683557,0.293244,-0.006469749,-0.9560156,-0.5607004,-0.002516514,0.828015,0.07093101,0.05324817,-0.1848772,-0.007882879,-0.03165298,0.004367912,0.9994583,-0.06334052,0.0154807,0.9978719
Fixation,20.9084,0.03550938,0.04837823,-0.05882207,-0.1188824,0.262394,-0.009896265,-0.9575586,-0.5001622,-0.2328672,0.8340328,0.1052327,0.05004966,-0.05328002,0.0006682803,0.2931735,-0.006354368,-0.9560379,-0.5605784,-0.002448062,0.8280977,0.07095809,0.053262,-0.1848757,-0.007852606,-0.03157835,0.004257019,0.9994614,-0.06318953,0.01542789,0.9978823
Fixation,20.9200,0.03553502,0.0483942,-0.05882344,-0.1174665,0.2627726,-0.009872081,-0.9576297,-0.5009584,-0.2301671,0.8343043,0.1052598,0.05007017,-0.05330192,0.0006692391,0.293033,-0.006388289,-0.9560808,-0.5603349,-0.002464265,0.8282624,0.07098164,0.05328012,-0.1848876,-0.007862697,-0.03143173,0.004290309,0.9994658,-0.06289735,0.01544729,0.9979004
Fixation,20.9309,0.03555893,0.04839802,-0.05881265,-0.1173641,0.2627536,-0.009888596,-0.9576474,-0.5009295,-0.2299833,0.8343724,0.105284,0.05007386,-0.05329423,0.0008998467,0.2931682,-0.006407336,-0.956039,-0.5605719,-0.002036277,0.8281032,0.0710054,0.05328202,-0.1848793,-0.007967577,-0.03141143,0.004284697,0.9994656,-0.06285756,0.01565746,0.9978997
Fixation,20.9422,0.03557891,0.04840553,-0.05883613,-0.117817,0.262453,-0.01008195,-0.9576722,-0.5003123,-0.2309523,0.8344751,0.1053037,0.05011034,-0.05332369,0.0007883437,0.2931266,-0.006594847,-0.9560506,-0.560498,-0.002358857,0.8281524,0.07102277,0.05330503,-0.1849054,-0.007909389,-0.03136925,0.004495166,0.9994665,-0.06277613,0.01552832,0.9979068
Fixation,20.9531,0.03557675,0.04840314,-0.05884369,-0.1178465,0.2623572,-0.01014899,-0.957694,-0.5001239,-0.2310471,0.8345618,0.1053023,0.0501194,-0.05334377,0.0007566693,0.2930407,-0.006672189,-0.9560764,-0.5603487,-0.002463579,0.8282531,0.0710187,0.05330873,-0.1849192,-0.00789932,-0.03128013,0.004578601,0.999469,-0.06259938,0.01550381,0.9979183
Fixation,20.9645,0.0355808,0.04840362,-0.05884782,-0.1179491,0.2623323,-0.0102042,-0.9576877,-0.5000576,-0.2312706,0.8345396,0.1053062,0.05013061,-0.05334994,0.000844013,0.2931656,-0.006721551,-0.9560377,-0.5605661,-0.002327238,0.8281065,0.07102174,0.05331624,-0.1849237,-0.007812411,-0.03126438,0.004658858,0.9994698,-0.0625684,0.01532522,0.997923
Fixation,20.9756,0.03559379,0.04840291,-0.05885191,-0.1180072,0.2622601,-0.01023744,-0.9577,-0.4999169,-0.2314008,0.8345878,0.1053198,0.05013704,-0.05336349,0.0007844773,0.2931,-0.006761519,-0.9560576,-0.5604516,-0.002463592,0.8281835,0.07103335,0.05331981,-0.1849323,-0.007765602,-0.0311961,0.004713443,0.999472,-0.06243246,0.01522892,0.997933
Fixation,20.9864,0.03558611,0.04841375,-0.05885495,-0.1163067,0.2621245,-0.01011207,-0.9579464,-0.4998502,-0.2281324,0.835527,0.1053138,0.05013883,-0.05338509,0.0008262388,0.2929731,-0.006703527,-0.9560969,-0.5602324,-0.002347977,0.8283322,0.07102472,0.05332565,-0.1849449,-0.007790844,-0.03106303,0.0046472,0.9994763,-0.06216594,0.01528482,0.9979488
Fixation,20.9978,0.03557124,0.04843605,-0.05885503,-0.1162199,0.2621095,-0.01001059,-0.9579621,-0.499855,-0.2279163,0.8355831,0.1052997,0.05014515,-0.05338947,0.0009166608,0.2929445,-0.00660751,-0.9561062,-0.5601842,-0.002118417,0.8283654,0.07101066,0.05333889,-0.1849477,-0.007852861,-0.03103245,0.004530929,0.9994773,-0.06210361,0.0154163,0.9979506
Fixation,21.0085,0.03554833,0.04846203,-0.05885708,-0.1160919,0.2620831,-0.01006419,-0.9579843,-0.4998063,-0.2277037,0.8356702,0.1052769,0.05017555,-0.05339528,0.001197592,0.2930612,-0.00666429,-0.9560697,-0.5603898,-0.001616126,0.8282274,0.07098725,0.05336463,-0.1849527,-0.007991583,-0.03100845,0.004556065,0.9994768,-0.06205728,0.01569225,0.9979492
Fixation,21.0202,0.03549421,0.04847646,-0.05885673,-0.116981,0.2618809,-0.01012301,-0.9579307,-0.4993592,-0.2294215,0.8354676,0.1052209,0.05019069,-0.05337097,0.001235822,0.2932262,-0.006678108,-0.956019,-0.5606762,-0.001553454,0.8280337,0.07093521,0.05337858,-0.1849405,-0.008031831,-0.03118107,0.004558451,0.9994711,-0.06240238,0.01577089,0.9979265
Fixation,21.0337,0.03543406,0.04847097,-0.05887834,-0.1169318,0.2620344,-0.01030353,-0.957893,-0.4995921,-0.229416,0.8353299,0.1051583,0.05020607,-0.05336799,0.001400553,0.2936081,-0.006837651,-0.9559004,-0.5613394,-0.001337601,0.8275846,0.07087584,0.05338228,-0.1849504,-0.008116669,-0.03136021,0.00470215,0.9994642,-0.06276314,0.01592972,0.9979013
Fixation,21.0446,0.03539123,0.04846227,-0.05889473,-0.1169389,0.262168,-0.01042312,-0.9578542,-0.4997997,-0.2294861,0.8351865,0.1051134,0.05021167,-0.05336324,0.001389586,0.2937535,-0.00693963,-0.9558551,-0.5615908,-0.001420596,0.8274139,0.07083385,0.05338037,-0.1849561,-0.008132729,-0.03151293,0.00480266,0.9994587,-0.06306987,0.01595396,0.9978816
Fixation,21.0555,0.03534253,0.04841411,-0.05888949,-0.1159469,0.2624304,-0.01048639,-0.9579022,-0.5003335,-0.2276355,0.8353732,0.1050633,0.0501765,-0.05334394,0.001330504,0.2938495,-0.007021146,-0.955825,-0.561756,-0.001582862,0.8273014,0.07078543,0.05333948,-0.1849435,-0.008097062,-0.03161385,0.004896364,0.9994554,-0.06327255,0.01587572,0.99787
Fixation,21.0666,0.03529697,0.04838634,-0.05889753,-0.1160308,0.2625169,-0.01052204,-0.957868,-0.5004714,-0.2278088,0.8352435,0.1050165,0.05015445,-0.05333844,0.001305723,0.2940627,-0.007042024,-0.9557593,-0.5621247,-0.00164568,0.8270509,0.07074056,0.053316,-0.184944,-0.00802023,-0.03170967,0.004939659,0.9994528,-0.06346387,0.01571841,0.9978604
Fixation,21.0782,0.03525924,0.04835463,-0.0589029,-0.1161166,0.2625969,-0.0105648,-0.9578352,-0.5005957,-0.2279897,0.8351196,0.1049776,0.05012953,-0.05333109,0.00121806,0.2941487,-0.007071801,-0.9557327,-0.5622723,-0.001832041,0.8269501,0.07070338,0.05328906,-0.1849423,-0.007943384,-0.03179977,0.004991053,0.9994503,-0.06364387,0.01556061,0.9978514
Fixation,21.0887,0.0352322,0.04836428,-0.05889554,-0.1171488,0.2623957,-0.01061942,-0.957764,-0.5001382,-0.2299748,0.8348493,0.1049495,0.05014527,-0.05331302,0.001085653,0.29422,-0.007087319,-0.9557108,-0.5623939,-0.002095321,0.8268668,0.07067669,0.05330408,-0.1849285,-0.007819642,-0.03187446,0.005040565,0.9994486,-0.0637926,0.01530933,0.9978458
Fixation,21.1003,0.03520806,0.04835701,-0.05889787,-0.1171678,0.2624463,-0.01059701,-0.9577481,-0.5002316,-0.2299968,0.8347873,0.1049249,0.05013454,-0.0533083,0.001239841,0.2943535,-0.007053253,-0.9556698,-0.562627,-0.001782542,0.826709,0.07065337,0.05329537,-0.1849271,-0.00779413,-0.03192417,0.005017116,0.9994473,-0.06389126,0.01525931,0.9978402
Fixation,21.1114,0.03519528,0.04836535,-0.05889118,-0.1171358,0.2624616,-0.01059729,-0.9577478,-0.5002614,-0.229936,0.8347862,0.104912,0.05014193,-0.05329962,0.001272005,0.2943677,-0.007052732,-0.9556654,-0.5626519,-0.001720969,0.8266921,0.07064088,0.05330276,-0.1849196,-0.007824997,-0.03193903,0.005008062,0.9994467,-0.06392109,0.01532143,0.9978374
Fixation,21.1224,0.03518583,0.0483737,-0.05888545,-0.1175607,0.2622119,-0.01063066,-0.9577638,-0.4997746,-0.2307657,0.8348488,0.1049022,0.05015075,-0.05328961,0.001339349,0.2943982,-0.007070862,-0.9556558,-0.5627055,-0.001603383,0.8266559,0.07063184,0.05331004,-0.1849123,-0.007894688,-0.03197109,0.005007637,0.9994451,-0.06398576,0.01546042,0.997831
Fixation,21.1343,0.03521432,0.04837167,-0.05887327,-0.1175464,0.2622072,-0.01065977,-0.9577665,-0.4997605,-0.2307541,0.8348605,0.1049306,0.0501523,-0.05327775,0.001407318,0.2945648,-0.007100148,-0.9556041,-0.5629947,-0.001493231,0.8264592,0.07066007,0.05330956,-0.1849004,-0.007915587,-0.03196951,0.005032988,0.9994448,-0.06398321,0.01550058,0.9978306
Fixation,21.1445,0.03521819,0.04836988,-0.05886482,-0.1183239,0.2620215,-0.0106897,-0.9577213,-0.4993575,-0.2322444,0.8346884,0.1049349,0.05015051,-0.05327351,0.001452819,0.2945367,-0.007110315,-0.9556127,-0.5629466,-0.001411833,0.8264921,0.07066362,0.05330682,-0.1848945,-0.0079622,-0.03194015,0.005030925,0.9994454,-0.06392499,0.01559419,0.9978328
Fixation,21.1560,0.03523433,0.04838097,-0.0588485,-0.1182855,0.2619997,-0.01063849,-0.9577326,-0.4993346,-0.2321463,0.8347294,0.1049515,0.05015397,-0.0532614,0.001493086,0.2945083,-0.007063566,-0.9556217,-0.5628981,-0.001306907,0.8265253,0.07067996,0.05331361,-0.1848805,-0.007988747,-0.03191011,0.004975347,0.9994465,-0.06386437,0.01565112,0.9978359
Fixation,21.1666,0.03525766,0.04838085,-0.05882896,-0.1182185,0.2619686,-0.01055141,-0.9577503,-0.4993063,-0.2319759,0.8347937,0.1049757,0.05014074,-0.05324816,0.001599602,0.2946063,-0.006983149,-0.9555919,-0.5630692,-0.001057426,0.8264092,0.07070372,0.0533061,-0.1848645,-0.008035378,-0.03186512,0.004879693,0.999448,-0.06377348,0.0157509,0.9978401
Fixation,21.1778,0.03528605,0.04837286,-0.05881359,-0.1186457,0.2621205,-0.01042407,-0.9576573,-0.4995697,-0.2327085,0.8344321,0.1050052,0.05011439,-0.05324126,0.00159531,0.2945472,-0.006847713,-0.9556111,-0.5629671,-0.0009849586,0.8264788,0.07073262,0.05328953,-0.1848531,-0.007995568,-0.03180237,0.004750485,0.9994509,-0.06364579,0.0156802,0.9978493
Fixation,21.1893,0.03531368,0.04836738,-0.0587911,-0.118705,0.2620426,-0.01031828,-0.9576724,-0.4994524,-0.2327687,0.8344855,0.1050341,0.05009735,-0.05323128,0.00153894,0.29446,-0.006750438,-0.9556388,-0.5628157,-0.001034127,0.8265818,0.0707599,0.05327952,-0.1848363,-0.007915648,-0.03171049,0.004671969,0.9994549,-0.06346038,0.01552636,0.9978636
Fixation,21.2006,0.03532865,0.04835904,-0.05877424,-0.1187007,0.2619774,-0.01024485,-0.9576916,-0.4993549,-0.2327251,0.834556,0.1050502,0.05007994,-0.05322501,0.001645411,0.2944803,-0.006683366,-0.9556328,-0.5628521,-0.0007914226,0.8265573,0.07077458,0.05326688,-0.1848247,-0.007905211,-0.03163388,0.004608321,0.9994577,-0.0633063,0.01551029,0.9978736
Fixation,21.2114,0.03534712,0.04835331,-0.05875541,-0.1187686,0.2619156,-0.01023836,-0.9577001,-0.4992412,-0.2328525,0.8345885,0.1050693,0.05007613,-0.05321472,0.001577249,0.2944207,-0.006682283,-0.9556513,-0.5627482,-0.000920204,0.8266279,0.0707921,0.05326331,-0.1848097,-0.007839272,-0.0315715,0.004625564,0.99946,-0.06318142,0.01537801,0.9978836
Fixation,21.2225,0.03536076,0.04835391,-0.05873679,-0.1190875,0.2618468,-0.01033417,-0.9576783,-0.4990686,-0.233507,0.8345089,0.1050829,0.05009007,-0.05320061,0.001541676,0.2943898,-0.006772886,-0.9556602,-0.5626941,-0.0010411,0.8266645,0.0708044,0.0532707,-0.1847934,-0.007828935,-0.03153974,0.004722492,0.9994607,-0.06311941,0.01535153,0.9978879
Fixation,21.2339,0.03536751,0.04834914,-0.05872907,-0.1190928,0.2618212,-0.01042483,-0.9576836,-0.4990006,-0.2335653,0.8345332,0.1050895,0.0500983,-0.05319507,0.001586173,0.2943967,-0.006864293,-0.9556574,-0.5627065,-0.001009975,0.8266562,0.07081006,0.05327225,-0.1847869,-0.007845529,-0.03152524,0.004814378,0.9994606,-0.063092,0.01537905,0.9978892
Fixation,21.2451,0.03537882,0.04833984,-0.05871432,-0.1190798,0.2618107,-0.01051368,-0.9576871,-0.4989614,-0.2335875,0.8345504,0.1051006,0.05010092,-0.05318049,0.001596453,0.2943963,-0.006954193,-0.9556568,-0.5627059,-0.001043256,0.8266566,0.07082056,0.05326843,-0.1847725,-0.007879189,-0.03152544,0.004898371,0.9994599,-0.063094,0.01544102,0.9978881
Fixation,21.2562,0.03541217,0.04834008,-0.05870306,-0.1196093,0.2620244,-0.01062149,-0.9575616,-0.4992682,-0.2346327,0.8340736,0.1051341,0.05011415,-0.05317583,0.00160273,0.2943518,-0.007050155,-0.9556698,-0.5626288,-0.00108709,0.8267089,0.07085246,0.05327463,-0.1847649,-0.007910655,-0.03147956,0.004989474,0.9994606,-0.0630041,0.01549864,0.9978929
Fixation,21.2666,0.03541707,0.04834127,-0.05869976,-0.1195842,0.2619741,-0.01059308,-0.9575787,-0.4991881,-0.2345728,0.8341384,0.1051397,0.05011165,-0.05318037,0.001628923,0.2942983,-0.007029186,-0.9556865,-0.5625367,-0.001023875,0.8267717,0.07085696,0.05327356,-0.1847657,-0.007930456,-0.03142343,0.004962584,0.9994624,-0.06289178,0.0155405,0.9978994
Fixation,21.2782,0.03542804,0.04834795,-0.05868411,-0.1195909,0.2619787,-0.0105304,-0.9575773,-0.499211,-0.2345525,0.8341304,0.1051509,0.05010986,-0.05316505,0.001571835,0.2943343,-0.006968115,-0.9556758,-0.5625982,-0.001097581,0.8267297,0.07086847,0.05327642,-0.1847501,-0.007909271,-0.03142023,0.004903116,0.999463,-0.06288427,0.01550193,0.9979004
Fixation,21.2892,0.03543313,0.048334,-0.05872067,-0.1200793,0.2617999,-0.01050417,-0.9575654,-0.4988584,-0.2354676,0.8340836,0.1051561,0.05009139,-0.05320154,0.001539721,0.2943339,-0.006927791,-0.9556763,-0.5625972,-0.001135218,0.8267304,0.07087384,0.0532608,-0.1847863,-0.007867648,-0.03141956,0.004872711,0.9994634,-0.06288207,0.01542066,0.9979018
Fixation,21.3001,0.03544152,0.04832995,-0.05873803,-0.1200947,0.2618217,-0.01044652,-0.9575582,-0.4989099,-0.2354656,0.8340533,0.1051645,0.05007946,-0.05321661,0.001526096,0.294349,-0.006867333,-0.9556721,-0.5626233,-0.001125892,0.8267126,0.07088295,0.05325341,-0.1848022,-0.007838516,-0.03143499,0.004817931,0.9994634,-0.06291177,0.01536572,0.9979008
Fixation,21.3118,0.03544926,0.04833341,-0.05873179,-0.1200393,0.2618438,-0.01045935,-0.9575589,-0.4989507,-0.2353669,0.8340567,0.105172,0.05008292,-0.05320735,0.001522645,0.2944846,-0.006881767,-0.9556302,-0.5628579,-0.001142979,0.8265529,0.07089102,0.05325592,-0.1847949,-0.007895019,-0.03145777,0.004814628,0.9994623,-0.06295774,0.01547863,0.9978961
Fixation,21.3224,0.03545269,0.04836643,-0.0587385,-0.1205613,0.261707,-0.0104814,-0.9575305,-0.4986576,-0.2363684,0.8339488,0.1051753,0.05011415,-0.05321097,0.001599894,0.294507,-0.006885962,-0.9556232,-0.5628976,-0.0009981368,0.8265261,0.07089492,0.05328667,-0.1848006,-0.007970593,-0.03148122,0.004798147,0.9994611,-0.06300499,0.01563049,0.9978908
Fixation,21.3337,0.03546945,0.04839182,-0.05876366,-0.1204494,0.2617565,-0.0104746,-0.9575311,-0.4987567,-0.2361517,0.8339509,0.1051916,0.05013478,-0.05322986,0.001707084,0.2946245,-0.006877524,-0.9555869,-0.5631021,-0.0007900405,0.826387,0.07091267,0.05330777,-0.1848235,-0.008077008,-0.03152798,0.004759314,0.9994589,-0.06309873,0.01584517,0.9978815
Fixation,21.3450,0.03548222,0.04840851,-0.05877107,-0.1203671,0.2617677,-0.01040837,-0.9575391,-0.4988,-0.2359616,0.8339788,0.1052047,0.05014026,-0.05323727,0.001792062,0.2946253,-0.006813326,-0.9555869,-0.5631046,-0.000589814,0.8263854,0.07092631,0.05331767,-0.1848314,-0.008141989,-0.03152848,0.004674929,0.9994588,-0.06309897,0.01598038,0.9978793
Fixation,21.3562,0.03549542,0.04842687,-0.05876788,-0.1208004,0.2619676,-0.01042395,-0.9574297,-0.4991128,-0.2367772,0.8335605,0.1052185,0.05015492,-0.05324086,0.001940382,0.2945813,-0.006819576,-0.9556001,-0.5630303,-0.0003093795,0.8264362,0.07093933,0.05333149,-0.1848328,-0.008286748,-0.03148257,0.004641957,0.9994592,-0.06300803,0.01627225,0.9978803
Fixation,21.3672,0.03553444,0.04844165,-0.05880002,-0.1208663,0.2619564,-0.01037675,-0.957425,-0.4990987,-0.2368773,0.8335404,0.1052578,0.05016506,-0.05327495,0.001847178,0.2946683,-0.006773491,-0.9555738,-0.5631797,-0.0004616375,0.8263343,0.07097843,0.05334532,-0.1848653,-0.008211655,-0.03146677,0.004613193,0.9994605,-0.06297535,0.01612412,0.9978848
Fixation,21.3780,0.0355648,0.04845762,-0.0588193,-0.1208027,0.2619018,-0.01034976,-0.9574482,-0.4990142,-0.2367459,0.8336284,0.105289,0.05017662,-0.05330293,0.001912052,0.2946096,-0.006755916,-0.9555919,-0.5630789,-0.0003264323,0.826403,0.07100839,0.05335808,-0.1848894,-0.008269657,-0.03140531,0.004579371,0.9994621,-0.06285258,0.01624278,0.9978907
Fixation,21.3943,0.0355824,0.04847121,-0.05881323,-0.1210238,0.261983,-0.01035774,-0.9573979,-0.499137,-0.2371629,0.8334363,0.1053069,0.05019021,-0.05330128,0.001931898,0.2945797,-0.006760203,-0.9556011,-0.5630274,-0.000290588,0.8264382,0.07102564,0.05337131,-0.1848858,-0.008289974,-0.03137396,0.004578401,0.9994628,-0.06279012,0.01628376,0.9978939
Fixation,21.4081,0.03559644,0.04848182,-0.05881262,-0.1210413,0.2619257,-0.01034392,-0.9574116,-0.4990373,-0.2371914,0.8334879,0.1053216,0.05020034,-0.05330903,0.001836469,0.2946073,-0.006756246,-0.9555928,-0.5630741,-0.0004710464,0.8264063,0.07103896,0.05338192,-0.1848893,-0.008271607,-0.0313137,0.004576491,0.9994649,-0.06266959,0.01624775,0.9979021
Fixation,21.4152,0.03561615,0.04846966,-0.05879707,-0.1215373,0.2621062,-0.01036131,-0.9572992,-0.4993095,-0.2381266,0.8330581,0.1053416,0.05019021,-0.05329702,0.001789551,0.2945824,-0.006760187,-0.9556006,-0.5630304,-0.0005626723,0.826436,0.07105818,0.05337155,-0.1848752,-0.008227443,-0.03128756,0.004592828,0.999466,-0.06261728,0.0161587,0.9979068
Fixation,21.4225,0.03562573,0.04846716,-0.05879053,-0.1215518,0.262058,-0.01036665,-0.9573105,-0.4992215,-0.2381589,0.8331016,0.1053516,0.05018961,-0.05329723,0.001774787,0.294536,-0.006771146,-0.9556147,-0.5629499,-0.0005966683,0.8264908,0.07106702,0.05337036,-0.184872,-0.008216173,-0.03123916,0.004607531,0.9994676,-0.06252077,0.01613573,0.9979132
Fixation,21.4336,0.0356357,0.04846573,-0.05878482,-0.1215582,0.2620549,-0.01036613,-0.9573106,-0.4992156,-0.2381709,0.8331017,0.1053616,0.0501883,-0.05329192,0.001899669,0.2944886,-0.006766399,-0.9556292,-0.5628695,-0.0003544961,0.8265457,0.07107694,0.05336905,-0.1848664,-0.008209826,-0.03123607,0.004608937,0.9994677,-0.06251457,0.01612298,0.9979138
Fixation,21.4446,0.03563622,0.04846954,-0.0587831,-0.1215244,0.2620121,-0.01041279,-0.9573261,-0.4991313,-0.2381335,0.833163,0.1053624,0.05019832,-0.0532958,0.001932243,0.2944511,-0.006819322,-0.9556403,-0.5628051,-0.0003228553,0.8265896,0.07107658,0.05337512,-0.1848679,-0.008255294,-0.03119728,0.004651537,0.9994683,-0.06243819,0.01621158,0.9979172
Fixation,21.4557,0.03564062,0.04846382,-0.05880585,-0.1216484,0.2618651,-0.01041019,-0.9573505,-0.4988607,-0.2383725,0.8332566,0.1053672,0.05019128,-0.05332264,0.001967438,0.2944236,-0.006817331,-0.9556487,-0.5627579,-0.0002540061,0.8266217,0.07108076,0.05336821,-0.184893,-0.008288749,-0.03116851,0.00464044,0.999469,-0.06238085,0.01627943,0.9979196
Fixation,21.4670,0.03563636,0.0484612,-0.05881079,-0.1216535,0.2618935,-0.01040491,-0.9573421,-0.4989118,-0.2383781,0.8332244,0.1053627,0.05018759,-0.05332355,0.001968012,0.2945543,-0.006808806,-0.9556085,-0.562984,-0.000249828,0.8264678,0.07107691,0.05336499,-0.1848959,-0.008281541,-0.03119716,0.004632878,0.9994682,-0.06243787,0.01626521,0.9979163
Fixation,21.4780,0.03562813,0.04845226,-0.05881657,-0.1216937,0.2619509,-0.01042123,-0.9573212,-0.4990058,-0.2384596,0.8331448,0.1053537,0.05018091,-0.05332057,0.001927058,0.2946138,-0.006816214,-0.9555901,-0.5630864,-0.0003333467,0.826398,0.07106925,0.05335796,-0.1848969,-0.008243921,-0.03125942,0.004650574,0.9994665,-0.06256216,0.0161883,0.9979098
Fixation,21.4888,0.0356211,0.04845297,-0.0588275,-0.1220578,0.2622084,-0.01042269,-0.9572043,-0.4994296,-0.2391344,0.8326973,0.1053463,0.05018163,-0.05332735,0.001861319,0.2946411,-0.006801228,-0.955582,-0.5631327,-0.0004505559,0.8263664,0.07106251,0.05335987,-0.1849052,-0.008176523,-0.03128787,0.004653389,0.9994661,-0.06261843,0.01605313,0.9979084
Fixation,21.5003,0.03561186,0.04845881,-0.05884379,-0.1221904,0.2622733,-0.01042789,-0.9571696,-0.4995316,-0.2393837,0.8325645,0.1053362,0.05019057,-0.05333336,0.001727726,0.2947094,-0.006793423,-0.9555612,-0.5632492,-0.0007022736,0.8262869,0.07105381,0.05336964,-0.1849152,-0.008045526,-0.03135912,0.004680887,0.9994649,-0.06276,0.01578886,0.9979038
Fixation,21.5116,0.03559304,0.04846263,-0.05885168,-0.1221334,0.2623258,-0.01048796,-0.9571618,-0.4996146,-0.2393053,0.8325372,0.1053166,0.0502001,-0.05333309,0.001611359,0.2949378,-0.006854742,-0.9554905,-0.5636427,-0.0009641687,0.8260182,0.07103537,0.05337524,-0.1849195,-0.008113419,-0.03141931,0.004718757,0.9994622,-0.06288141,0.01592159,0.997894
Fixation,21.5227,0.03557279,0.04847705,-0.05886304,-0.122131,0.262398,-0.01050963,-0.9571421,-0.4997372,-0.2393089,0.8324626,0.1052954,0.0502162,-0.05333374,0.001613034,0.2950113,-0.006867025,-0.9554678,-0.5637698,-0.0009692954,0.8259314,0.07101594,0.05339026,-0.1849254,-0.008118174,-0.03149631,0.004729793,0.9994597,-0.06303538,0.01592963,0.9978842
Fixation,21.5338,0.03560109,0.04854774,-0.05888531,-0.1223612,0.2624782,-0.01054576,-0.9570903,-0.4998499,-0.2397574,0.8322659,0.1053035,0.05023873,-0.05336641,0.001619951,0.2950694,-0.006888475,-0.9554497,-0.5638703,-0.000969592,0.8258628,0.07102524,0.05341125,-0.1849624,-0.008130436,-0.03155717,0.004748357,0.9994576,-0.06315732,0.01595236,0.9978761
Fixation,21.5449,0.03559173,0.0485636,-0.05890874,-0.1223501,0.26252,-0.01057136,-0.9570799,-0.4999184,-0.239748,0.8322274,0.1052935,0.05025709,-0.05338349,0.001771033,0.2951666,-0.006904764,-0.9554192,-0.5640401,-0.0006919526,0.8257471,0.07101627,0.05342817,-0.1849827,-0.008145735,-0.03160314,0.004765059,0.999456,-0.06324953,0.01598142,0.9978698
Fixation,21.5555,0.03558013,0.04858267,-0.05892401,-0.1223064,0.2625935,-0.01058828,-0.9570652,-0.5000482,-0.2396713,0.8321716,0.1052811,0.05027604,-0.05338822,0.001814497,0.2952396,-0.006913587,-0.9553965,-0.5641668,-0.0006152003,0.8256606,0.07100564,0.05344641,-0.1849929,-0.008189873,-0.03167962,0.004761702,0.9994532,-0.06340259,0.01606909,0.9978586
Fixation,21.5665,0.03557738,0.0486064,-0.05895256,-0.122624,0.2626438,-0.01062901,-0.9570103,-0.5000989,-0.2402881,0.8319631,0.1052781,0.05030167,-0.05341484,0.001878749,0.2952539,-0.006942505,-0.9553918,-0.5641925,-0.000509721,0.8256432,0.07100299,0.05346978,-0.1850211,-0.008259466,-0.03169488,0.004772501,0.9994521,-0.06343386,0.01620735,0.9978544
Fixation,21.5778,0.03558154,0.04862905,-0.05897947,-0.1225081,0.2626809,-0.01061171,-0.9570152,-0.5001793,-0.2400592,0.831981,0.1052821,0.05031836,-0.05343746,0.00213321,0.2953739,-0.006920873,-0.9553543,-0.5644029,-1.254631E-05,0.8254995,0.07100806,0.05348754,-0.1850467,-0.008367775,-0.03172727,0.004724038,0.9994504,-0.06349871,0.01642659,0.9978467
Fixation,21.5898,0.03557582,0.04866147,-0.05900018,-0.1214557,0.2629422,-0.01052567,-0.9570785,-0.5007558,-0.2380205,0.8322198,0.1052771,0.05034101,-0.05346455,0.002230339,0.2953312,-0.006870685,-0.9553677,-0.5643303,0.0002033329,0.8255491,0.07100255,0.05351365,-0.1850712,-0.008448195,-0.03168231,0.004650109,0.9994515,-0.06340843,0.01659247,0.9978497
Fixation,21.6006,0.03557762,0.04869163,-0.05901782,-0.121442,0.2629838,-0.01052773,-0.9570687,-0.5008302,-0.2379939,0.8321827,0.1052785,0.05037045,-0.05347627,0.002244058,0.2953719,-0.006867848,-0.955355,-0.564401,0.0002306052,0.8255008,0.07100493,0.05354321,-0.185086,-0.008460612,-0.03172497,0.004643547,0.99945,-0.06349361,0.01661729,0.9978439
Fixation,21.6111,0.03560228,0.04871571,-0.05902117,-0.1213803,0.2629651,-0.0104681,-0.9570824,-0.5008172,-0.2378473,0.8322324,0.1053037,0.050385,-0.05348369,0.002436492,0.2954631,-0.006810054,-0.9553268,-0.5645608,0.0006310535,0.8253912,0.07102994,0.05356157,-0.1850917,-0.00850793,-0.03169603,0.004574102,0.9994509,-0.06343507,0.01671655,0.9978459
Fixation,21.6222,0.03561349,0.04874456,-0.0590324,-0.1213493,0.2629906,-0.01043509,-0.9570796,-0.5008733,-0.2377705,0.8322206,0.1053148,0.05040812,-0.05349199,0.002468782,0.2954834,-0.006775123,-0.9553207,-0.5645963,0.0007130839,0.8253669,0.07104183,0.0535872,-0.1851017,-0.008529778,-0.03171705,0.00453177,0.9994502,-0.06347653,0.01676271,0.9978426
Fixation,21.6334,0.03561811,0.04876983,-0.05905741,-0.1217218,0.2626886,-0.01044936,-0.9571151,-0.5003027,-0.2384935,0.832357,0.1053203,0.05043495,-0.05352931,0.00248295,0.2953995,-0.006790407,-0.9553465,-0.5644514,0.0007323902,0.825466,0.07104529,0.05361283,-0.1851331,-0.008547607,-0.03162937,0.004543134,0.9994528,-0.06330179,0.01679847,0.997853
Fixation,21.6446,0.03562464,0.04877031,-0.05904929,-0.1218186,0.2627034,-0.01045128,-0.9570987,-0.5003199,-0.238676,0.8322943,0.1053266,0.05043793,-0.0535184,0.00236477,0.2955737,-0.006788751,-0.9552929,-0.5647511,0.0005049435,0.8252612,0.07105178,0.0536164,-0.1851228,-0.008452679,-0.03164774,0.004565602,0.9994529,-0.06333803,0.01660713,0.9978539
Fixation,21.6558,0.03562611,0.04880118,-0.05908674,-0.1221221,0.2625707,-0.0104748,-0.9570962,-0.5000525,-0.2392659,0.8322856,0.1053292,0.0504694,-0.05357061,0.002466336,0.2954742,-0.006816296,-0.9553232,-0.5645803,0.0006842166,0.8253778,0.07105204,0.05364573,-0.1851686,-0.00855805,-0.03154388,0.004565677,0.9994553,-0.06313156,0.01681874,0.9978635
Fixation,21.6666,0.03562856,0.04882514,-0.05909407,-0.1220321,0.2625442,-0.01046841,-0.9571151,-0.500015,-0.2390944,0.8323574,0.1053321,0.05049062,-0.05358244,0.002557127,0.2954448,-0.006816578,-0.9553321,-0.5645306,0.000857966,0.8254117,0.07105438,0.05366659,-0.1851789,-0.008645704,-0.03151315,0.004542004,0.9994556,-0.06307053,0.01699573,0.9978644
Fixation,21.6780,0.03563561,0.04883325,-0.05909373,-0.1221007,0.2625187,-0.01046697,-0.9571133,-0.4999642,-0.2392239,0.8323507,0.1053394,0.05050087,-0.05358534,0.00248186,0.2955251,-0.006816966,-0.9553075,-0.5646685,0.0007127109,0.8253176,0.07106093,0.05367708,-0.1851797,-0.008579052,-0.03148878,0.004559881,0.9994569,-0.06302159,0.01686162,0.9978697
Fixation,21.6891,0.03565409,0.04884732,-0.0591203,-0.1224111,0.2622705,-0.01045715,-0.9571418,-0.4995,-0.2398147,0.8324594,0.1053588,0.050511,-0.05362344,0.002569626,0.2954473,-0.006809025,-0.9553313,-0.5645351,0.0008862717,0.8254086,0.07107876,0.05368757,-0.1852127,-0.008661672,-0.03140741,0.004529295,0.9994588,-0.06285929,0.01702946,0.9978771
Fixation,21.7001,0.03567459,0.04885077,-0.05913421,-0.1224336,0.2622445,-0.01050749,-0.9571455,-0.4994393,-0.2398846,0.8324757,0.1053794,0.05052245,-0.0536401,0.002545318,0.2954285,-0.006861496,-0.9553369,-0.5645024,0.0008091093,0.825431,0.07109846,0.05369532,-0.185228,-0.008652185,-0.03138804,0.00458642,0.9994593,-0.06282151,0.0170071,0.9978799
Fixation,21.7112,0.03567678,0.04887664,-0.05915109,-0.1224454,0.2621733,-0.01054797,-0.957163,-0.4993021,-0.2399312,0.8325446,0.1053821,0.05055535,-0.05366645,0.002466539,0.2952959,-0.006912003,-0.9553777,-0.5642724,0.0006307801,0.8255885,0.07109934,0.05372477,-0.1852497,-0.00865251,-0.03132062,0.004637414,0.9994612,-0.06268774,0.0170052,0.9978883
Fixation,21.7222,0.03566571,0.0488925,-0.05914807,-0.1227099,0.2621016,-0.01060251,-0.9571482,-0.4991381,-0.2404611,0.83249,0.1053707,0.05057549,-0.05366052,0.002524109,0.295317,-0.006956662,-0.9553707,-0.5643095,0.0007140781,0.825563,0.07108828,0.05374157,-0.1852458,-0.008719832,-0.03134303,0.004665103,0.9994597,-0.06273356,0.0171378,0.9978831
Fixation,21.7333,0.03566629,0.04890895,-0.05914534,-0.1226522,0.2621528,-0.01067761,-0.9571407,-0.4992149,-0.2403892,0.8324647,0.1053705,0.05059981,-0.05364956,0.002579812,0.2953748,-0.007026497,-0.9553521,-0.56441,0.0007783584,0.8254942,0.07108913,0.05376065,-0.1852394,-0.008791977,-0.03140394,0.00471739,0.999457,-0.06285672,0.01727812,0.997873
Fixation,21.7451,0.03565656,0.04892695,-0.05914762,-0.1226765,0.2622122,-0.01067864,-0.9571214,-0.4993177,-0.2404328,0.8323905,0.1053601,0.05061758,-0.05364314,0.002625637,0.2954329,-0.007016707,-0.9553341,-0.5645111,0.000870788,0.825425,0.07108014,0.05377913,-0.1852371,-0.008766263,-0.03146577,0.004716318,0.9994553,-0.06297994,0.01722617,0.9978661
Fixation,21.7557,0.03564063,0.04893017,-0.05915072,-0.122989,0.2621696,-0.01065845,-0.9570931,-0.4992197,-0.2410125,0.8322816,0.1053438,0.05061615,-0.05364043,0.002626551,0.2954725,-0.006982055,-0.9553221,-0.5645794,0.0008923947,0.8253782,0.07106505,0.05377996,-0.1852371,-0.008757898,-0.03150695,0.004682485,0.9994542,-0.06306152,0.01721117,0.9978612
Fixation,21.7663,0.03562713,0.0489099,-0.0591677,-0.1229351,0.2622349,-0.01071717,-0.9570814,-0.4993253,-0.2409386,0.8322396,0.1053294,0.05060136,-0.0536474,0.002678951,0.2955422,-0.007033651,-0.9553001,-0.5647006,0.0009609223,0.8252953,0.0710521,0.05376148,-0.1852496,-0.008822004,-0.03158028,0.004718013,0.9994512,-0.06320913,0.01733633,0.9978497
Fixation,21.7774,0.03562877,0.04881859,-0.0591485,-0.1232533,0.2623743,-0.010667,-0.9570029,-0.4995566,-0.2415051,0.8319367,0.1053293,0.0505091,-0.05360694,0.002449474,0.2955952,-0.006950895,-0.9552849,-0.5647892,0.0005705897,0.825235,0.07105531,0.05367553,-0.1852169,-0.008493341,-0.03172638,0.004725491,0.9994494,-0.06349809,0.01667748,0.9978426
Fixation,21.7893,0.03562566,0.04877424,-0.05914275,-0.1236004,0.2622145,-0.01057924,-0.957003,-0.4992649,-0.2421199,0.831933,0.1053257,0.05045366,-0.0535917,0.002334744,0.2956578,-0.006844887,-0.9552665,-0.564896,0.0004131175,0.825162,0.07105364,0.05362809,-0.1852052,-0.008354528,-0.03179115,0.004653422,0.9994488,-0.06362502,0.01640397,0.997839
Fixation,21.7998,0.03562154,0.04878008,-0.05912529,-0.1235951,0.2622274,-0.01045717,-0.9570014,-0.4993192,-0.2420458,0.831922,0.105322,0.05044258,-0.05357447,0.002344072,0.2956556,-0.006722386,-0.9552681,-0.5648922,0.0005034134,0.8251646,0.07105065,0.0536257,-0.1851877,-0.008331046,-0.03178804,0.004532844,0.9994497,-0.06361662,0.01636474,0.9978402
Fixation,21.8114,0.03565004,0.04878557,-0.05911051,-0.1235839,0.2622319,-0.01034269,-0.9570029,-0.4993569,-0.2419647,0.8319229,0.105351,0.05043209,-0.05356105,0.002488805,0.2956641,-0.006604749,-0.9552659,-0.5649086,0.000849366,0.8251531,0.07108012,0.05362344,-0.1851734,-0.008315414,-0.03177699,0.004419332,0.9994506,-0.06359256,0.01634083,0.9978421
Fixation,21.8221,0.0356784,0.04880309,-0.05908246,-0.1238775,0.261828,-0.0100679,-0.9570785,-0.4986855,-0.2423931,0.8322009,0.1053814,0.05041385,-0.05354767,0.002454292,0.2955612,-0.006334806,-0.9552997,-0.5647301,0.0009445227,0.8252751,0.07110957,0.05362475,-0.1851519,-0.008210696,-0.03166759,0.004168658,0.999456,-0.06336919,0.01614844,0.9978595
Fixation,21.8333,0.0357014,0.04881454,-0.05906507,-0.1239719,0.2617684,-0.01002703,-0.9570829,-0.498582,-0.2425522,0.8322165,0.1054051,0.05042315,-0.0535389,0.002360544,0.2955005,-0.006298681,-0.9553189,-0.5646241,0.0007876183,0.8253478,0.07113186,0.05363691,-0.1851381,-0.008110812,-0.03160381,0.004158953,0.9994589,-0.06324088,0.01594997,0.9978708
Fixation,21.8449,0.03572734,0.04881823,-0.05905294,-0.124071,0.2616774,-0.009978468,-0.9570955,-0.4984244,-0.2427178,0.8322627,0.1054322,0.05042434,-0.05354002,0.002267659,0.2953432,-0.006258306,-0.9553681,-0.5643514,0.0006362014,0.8255345,0.0711567,0.05364108,-0.1851319,-0.008005682,-0.03150674,0.004147058,0.9994629,-0.06304602,0.01574145,0.9978865
Fixation,21.8561,0.03575218,0.04884744,-0.05903609,-0.1242361,0.2616556,-0.01010889,-0.9570787,-0.4983382,-0.2430976,0.8322035,0.1054565,0.05047607,-0.05352303,0.002096958,0.2953426,-0.006384445,-0.9553678,-0.5643483,0.0002355354,0.8255367,0.07117987,0.05368412,-0.185114,-0.007874532,-0.0315067,0.004313942,0.9994632,-0.06304751,0.01546877,0.9978907
Fixation,21.8667,0.0357631,0.04885912,-0.05904674,-0.1245461,0.2611817,-0.01017804,-0.9571671,-0.4974538,-0.2437396,0.8325447,0.1054677,0.05050206,-0.05354209,0.001941899,0.2952831,-0.006454847,-0.9553861,-0.5642439,-0.0001014888,0.8256082,0.07118893,0.05370533,-0.1851279,-0.007743768,-0.03144488,0.004423193,0.9994657,-0.06292465,0.01520109,0.9979025
Fixation,21.8779,0.03577039,0.04886425,-0.05905909,-0.124623,0.2611507,-0.0102136,-0.9571652,-0.4973831,-0.2439042,0.8325388,0.1054751,0.05051458,-0.05355778,0.001788438,0.2952857,-0.006493858,-0.9553853,-0.5642465,-0.0004177934,0.8256063,0.07119534,0.05371535,-0.1851414,-0.007677638,-0.03142011,0.004479334,0.9994668,-0.06287549,0.01506561,0.9979076
Fixation,21.8888,0.03579629,0.04888773,-0.05906396,-0.1246063,0.2610986,-0.0101875,-0.9571819,-0.4972988,-0.2438616,0.8326016,0.1055017,0.05053484,-0.0535707,0.001806187,0.2952308,-0.006475457,-0.9554023,-0.5641518,-0.0003722375,0.825671,0.07122077,0.05373693,-0.1851504,-0.00768995,-0.03136253,0.004457129,0.9994686,-0.06276027,0.01509215,0.9979145
Fixation,21.9006,0.03582852,0.04893124,-0.05906552,-0.1248972,0.2607202,-0.01019049,-0.957247,-0.4966017,-0.2444287,0.8328514,0.1055356,0.05057657,-0.05359266,0.001926554,0.2950929,-0.006489756,-0.9554446,-0.5639148,-0.000148729,0.825833,0.07125147,0.05377746,-0.1851633,-0.007809987,-0.03121836,0.004439612,0.9994722,-0.06247312,0.01533453,0.9979289
Fixation,21.9111,0.03583707,0.04898596,-0.05907899,-0.1248015,0.2607406,-0.01010107,-0.9572549,-0.4966691,-0.2442013,0.8328779,0.1055444,0.05061638,-0.05360535,0.002074455,0.2950999,-0.006400479,-0.9554428,-0.5639287,0.0001864848,0.8258235,0.0712612,0.05382323,-0.185177,-0.007882549,-0.03122443,0.004328604,0.999472,-0.06248412,0.01548646,0.9979258
Fixation,21.9221,0.03584094,0.04905915,-0.05910828,-0.124656,0.2607843,-0.009897938,-0.9572641,-0.4968112,-0.2438198,0.8329049,0.1055489,0.05065727,-0.05363274,0.002228006,0.2951137,-0.006198796,-0.9554394,-0.5639541,0.0005987501,0.8258059,0.07126756,0.05387866,-0.185206,-0.007977111,-0.03123773,0.004093367,0.9994718,-0.06250777,0.01569006,0.9979212
Fixation,21.9335,0.03582944,0.04906535,-0.05913749,-0.1249197,0.2607837,-0.009901752,-0.9572299,-0.496786,-0.2443182,0.8327739,0.1055369,0.05065691,-0.05365422,0.002394815,0.295169,-0.006187813,-0.9554221,-0.5640516,0.0009232159,0.8257391,0.07125735,0.05387866,-0.1852325,-0.008134957,-0.03129564,0.004038305,0.9994689,-0.06262373,0.01600851,0.9979088
Fixation,21.9446,0.03580334,0.04909253,-0.05919129,-0.1248507,0.2608772,-0.009945815,-0.9572129,-0.4969465,-0.2442067,0.8327108,0.1055097,0.05068672,-0.05369429,0.002536231,0.2953607,-0.006220033,-0.9553623,-0.5643844,0.001171733,0.8255113,0.07123236,0.05390584,-0.1852799,-0.008209412,-0.03139552,0.004052489,0.9994651,-0.06282399,0.01615558,0.9978939
Fixation,21.9556,0.03577559,0.04911351,-0.0592414,-0.1251308,0.2609162,-0.0100666,-0.9571644,-0.4969602,-0.2447946,0.83253,0.1054798,0.05071867,-0.05372004,0.002582478,0.295529,-0.00631125,-0.9553095,-0.5646759,0.001203816,0.8253119,0.07120604,0.05393112,-0.1853182,-0.00827797,-0.03157217,0.004127446,0.9994587,-0.0631785,0.01628635,0.9978694
Fixation,21.9667,0.03573691,0.04913783,-0.05929273,-0.1250726,0.2610881,-0.01012988,-0.9571245,-0.4972537,-0.2447098,0.8323796,0.105439,0.05074716,-0.05374601,0.002639011,0.2957038,-0.006353321,-0.9552549,-0.5649786,0.001284454,0.8251046,0.07116935,0.05395651,-0.1853572,-0.008343403,-0.03175543,0.004152261,0.9994522,-0.06354537,0.01641395,0.997844
Fixation,21.9780,0.03567672,0.04911029,-0.05935143,-0.1249995,0.2612678,-0.01028931,-0.9570833,-0.4975376,-0.2446464,0.8322286,0.1053762,0.05073631,-0.05377669,0.002767953,0.2958459,-0.006487891,-0.9552097,-0.5652256,0.00144912,0.8249351,0.07111055,0.05393553,-0.1854025,-0.008445336,-0.0319592,0.004265275,0.9994444,-0.06395493,0.01660866,0.9978146
Fixation,21.9890,0.03564777,0.04913795,-0.05938402,-0.1252663,0.2612331,-0.0104048,-0.9570566,-0.497423,-0.24521,0.8321313,0.1053454,0.05077314,-0.05378937,0.002877828,0.2959845,-0.006578417,-0.9551657,-0.5654664,0.001603386,0.8247697,0.07108284,0.05396557,-0.185426,-0.008575095,-0.03210495,0.00432283,0.9994384,-0.06424798,0.01686299,0.9977915
Fixation,22.0002,0.03561047,0.04916537,-0.05942737,-0.1252252,0.2613407,-0.01048381,-0.9570318,-0.4975971,-0.2451687,0.8320394,0.1053066,0.05080831,-0.0538162,0.002916525,0.2960988,-0.006643909,-0.9551298,-0.5656643,0.001636813,0.824634,0.07104647,0.05399585,-0.1854614,-0.008629621,-0.03222489,0.004375229,0.9994339,-0.06448881,0.01696749,0.9977742
Fixation,22.0112,0.0356078,0.04916954,-0.05946656,-0.1251934,0.2614241,-0.01051395,-0.9570128,-0.4977399,-0.2451206,0.8319681,0.1053029,0.05081427,-0.05384312,0.002967222,0.2961997,-0.006663341,-0.9550982,-0.5658392,0.001720616,0.8245139,0.07104478,0.05400038,-0.1854946,-0.008664708,-0.03231365,0.004385879,0.9994306,-0.06466651,0.0170361,0.9977615
Fixation,22.0225,0.03558514,0.04921007,-0.05951437,-0.1254821,0.2613973,-0.01054642,-0.956982,-0.4976582,-0.2456819,0.8318514,0.1052792,0.05085564,-0.05387851,0.003000664,0.2962855,-0.006676067,-0.9550714,-0.5659876,0.001775654,0.8244119,0.07102318,0.05404067,-0.1855364,-0.008700213,-0.03240342,0.004388917,0.9994274,-0.06484611,0.01710603,0.9977487
Fixation,22.0333,0.03556986,0.04925406,-0.05955308,-0.1255035,0.2614872,-0.01053074,-0.9569548,-0.4978195,-0.2457096,0.8317467,0.105263,0.05089641,-0.05390444,0.002979709,0.2963724,-0.006647742,-0.9550447,-0.5661375,0.001751097,0.8243091,0.0710092,0.05408359,-0.1855684,-0.008672385,-0.03249425,0.004366796,0.9994248,-0.06502686,0.017051,0.9977378
Fixation,22.0447,0.03556068,0.04928076,-0.05958835,-0.1255063,0.2615013,-0.01059136,-0.9569499,-0.4978286,-0.2457458,0.8317305,0.1052534,0.05093133,-0.05393664,0.002959213,0.2962788,-0.006705463,-0.9550734,-0.5659758,0.001679158,0.8244202,0.07099973,0.05411422,-0.1856022,-0.008682986,-0.03251708,0.004423993,0.9994237,-0.06507351,0.01706825,0.9977345
Fixation,22.0556,0.03557845,0.04926574,-0.05959997,-0.1258872,0.261074,-0.01067377,-0.9570156,-0.4970164,-0.2465253,0.8319856,0.1052701,0.05092728,-0.05393924,0.002892897,0.2963401,-0.006771392,-0.9550542,-0.5660809,0.001512477,0.8243483,0.07101747,0.05410552,-0.1856089,-0.00863644,-0.03258156,0.004504883,0.9994217,-0.06520325,0.01696934,0.9977277
Fixation,22.0669,0.03558008,0.04929018,-0.05963027,-0.1258891,0.2610736,-0.01067227,-0.9570155,-0.4970159,-0.2465282,0.831985,0.1052718,0.0509516,-0.05396961,0.002890998,0.2963396,-0.006769883,-0.9550543,-0.56608,0.001509752,0.824349,0.07101909,0.05412996,-0.1856392,-0.008634208,-0.032581,0.004503933,0.9994217,-0.06520209,0.01696494,0.9977279
Fixation,22.0778,0.0355933,0.04933059,-0.05966475,-0.1258165,0.261151,-0.01062821,-0.9570044,-0.497171,-0.2463651,0.8319407,0.1052844,0.05098271,-0.0539942,0.002903549,0.2965518,-0.006721709,-0.9549888,-0.5664462,0.001559043,0.8240972,0.07103387,0.05416453,-0.1856691,-0.008692576,-0.03265238,0.00443441,0.9994192,-0.06534392,0.01708547,0.9977165
Fixation,22.0892,0.03561793,0.04931605,-0.05963281,-0.12595,0.260714,-0.01053551,-0.957107,-0.4964084,-0.2465888,0.8323296,0.1053109,0.05095661,-0.05398234,0.002940321,0.2964141,-0.006645158,-0.9550319,-0.566209,0.001676763,0.82426,0.07105759,0.05414391,-0.1856475,-0.008707914,-0.03250793,0.004351442,0.9994241,-0.0650542,0.01712288,0.9977348
Fixation,22.1002,0.03563725,0.049312,-0.05961993,-0.1259568,0.260661,-0.01046756,-0.9571213,-0.4963315,-0.2465689,0.8323814,0.1053312,0.05094433,-0.05397817,0.002935874,0.2963539,-0.00658467,-0.955051,-0.5661049,0.001705032,0.8243315,0.0710767,0.05413616,-0.1856388,-0.008687665,-0.03244453,0.00429456,0.9994265,-0.06492647,0.0170867,0.9977437
Fixation,22.1113,0.03567094,0.04931056,-0.05963092,-0.125925,0.2605838,-0.01039083,-0.9571474,-0.4962173,-0.246473,0.8324779,0.1053661,0.050933,-0.05400176,0.002983867,0.2962614,-0.006519736,-0.95508,-0.5659456,0.001836572,0.8244406,0.07111,0.05412948,-0.1856563,-0.008704116,-0.03235386,0.004223588,0.9994297,-0.06474433,0.017125,0.9977549
Fixation,22.1222,0.03569373,0.04929209,-0.05964016,-0.1260377,0.260483,-0.0103236,-0.9571607,-0.4960458,-0.2466549,0.8325263,0.1053902,0.05091,-0.0540259,0.002872695,0.2961574,-0.006462305,-0.955113,-0.5657647,0.001659777,0.8245651,0.07113168,0.05411088,-0.1856722,-0.008581835,-0.03224459,0.004198148,0.9994344,-0.06452475,0.01688323,0.9977733
Fixation,22.1330,0.03572864,0.049245,-0.05963665,-0.1265097,0.2602119,-0.01034717,-0.9571719,-0.495517,-0.2475679,0.8325701,0.1054253,0.05086851,-0.05402643,0.002753347,0.296128,-0.006476454,-0.9551224,-0.5657126,0.001423848,0.8246012,0.07116575,0.05406857,-0.1856698,-0.008470556,-0.03221387,0.004243571,0.9994361,-0.0644633,0.01665816,0.997781
Fixation,22.1448,0.03576227,0.04923224,-0.05964374,-0.1265262,0.2601657,-0.01036893,-0.9571821,-0.4954279,-0.2476124,0.8326099,0.1054593,0.05085993,-0.05403969,0.002596265,0.2957851,-0.006505948,-0.9552289,-0.5651188,0.00111133,0.8250088,0.07119854,0.05405796,-0.18568,-0.008461024,-0.03216979,0.00427454,0.9994375,-0.06437574,0.01663751,0.9977871
Fixation,22.1557,0.0357925,0.0492382,-0.05964747,-0.1265397,0.2601353,-0.01045266,-0.9571875,-0.4953512,-0.2476827,0.8326346,0.1054895,0.05087817,-0.05404624,0.002579639,0.2957662,-0.006592426,-0.9552342,-0.5650861,0.001028686,0.8250313,0.07122768,0.05407012,-0.1856852,-0.008467928,-0.03215053,0.004362416,0.9994377,-0.06433878,0.01664582,0.9977893
Fixation,22.1667,0.03582409,0.04924774,-0.05965123,-0.1268244,0.2595049,-0.01045378,-0.957321,-0.4942074,-0.2482489,0.8331456,0.105522,0.05088985,-0.05406242,0.002541934,0.2956806,-0.006600092,-0.9552608,-0.5649377,0.0009533821,0.8251331,0.07125802,0.05408132,-0.1856951,-0.008433718,-0.03206094,0.004380176,0.9994408,-0.06415991,0.01657714,0.997802
Fixation,22.1779,0.03585999,0.04925776,-0.05960947,-0.1268267,0.2593807,-0.01039448,-0.957355,-0.4940023,-0.2482286,0.8332732,0.1055596,0.05089402,-0.05403947,0.002505477,0.2952508,-0.00655696,-0.955394,-0.5641946,0.0009155392,0.8256413,0.07129267,0.05408847,-0.1856628,-0.008422443,-0.03192548,0.004340178,0.9994454,-0.06388865,0.01655842,0.9978197
Fixation,22.1899,0.03590763,0.04928052,-0.05960926,-0.1268458,0.2592871,-0.01029703,-0.9573789,-0.4938597,-0.2482188,0.8333607,0.1056087,0.05090582,-0.05405425,0.0024896,0.2951473,-0.006472263,-0.9554266,-0.5640154,0.000936718,0.8257638,0.07133973,0.05410647,-0.1856699,-0.008384862,-0.03181666,0.004263165,0.9994495,-0.06366978,0.01648921,0.9978348
Fixation,22.2001,0.03595621,0.04930365,-0.05961873,-0.1266008,0.2589385,-0.01017236,-0.957507,-0.4932951,-0.2477103,0.8338462,0.1056597,0.05091262,-0.05408927,0.002603712,0.2949731,-0.006379892,-0.9554807,-0.5637154,0.0012118,0.8259682,0.0713873,0.05411983,-0.185693,-0.008470702,-0.03163393,0.004144669,0.999455,-0.06330359,0.01666995,0.9978551
Fixation,22.2110,0.03598147,0.04932928,-0.05959772,-0.1265935,0.2589071,-0.01011982,-0.957517,-0.4932537,-0.247671,0.8338825,0.1056855,0.05093157,-0.05407371,0.002645043,0.294716,-0.006329735,-0.9555603,-0.5632713,0.001324048,0.8262709,0.07141255,0.05414212,-0.1856747,-0.008467056,-0.03159437,0.004096535,0.9994565,-0.06322376,0.01666605,0.9978602
Fixation,22.2227,0.03601187,0.04935658,-0.05959987,-0.1264389,0.2588664,-0.01009257,-0.9575487,-0.4932023,-0.2473681,0.8340027,0.1057167,0.05095184,-0.05408316,0.002801716,0.294668,-0.00631414,-0.9555747,-0.56319,0.001633347,0.8263258,0.07144295,0.05416322,-0.1856817,-0.008614093,-0.03154426,0.004040283,0.9994571,-0.06312387,0.01696394,0.9978615
Fixation,22.2338,0.03603107,0.04939485,-0.05961487,-0.1261733,0.2587778,-0.01009228,-0.9576077,-0.4930685,-0.2468723,0.8342287,0.1057361,0.05098844,-0.0541007,0.002907475,0.2946523,-0.006325224,-0.9555792,-0.5631639,0.001829163,0.8263432,0.07146215,0.05419886,-0.1856988,-0.008719036,-0.03152785,0.004023078,0.9994568,-0.0630916,0.01717492,0.99786
Fixation,22.2447,0.03605917,0.04944491,-0.05963239,-0.1260121,0.2588433,-0.0101325,-0.9576108,-0.4931886,-0.2465867,0.8342422,0.1057635,0.05103862,-0.05410918,0.003153082,0.2945066,-0.006358223,-0.9556231,-0.5629148,0.002281239,0.8265118,0.0714912,0.05424595,-0.1857131,-0.008884003,-0.03159569,0.004016199,0.9994532,-0.06322819,0.0175045,0.9978456
Fixation,22.2556,0.03608925,0.04944992,-0.05961398,-0.1264615,0.2586244,-0.01012227,-0.9576108,-0.4927629,-0.2474376,0.8342418,0.105794,0.05104125,-0.05409597,0.003153246,0.2944708,-0.006340194,-0.9556342,-0.5628529,0.002292696,0.8265539,0.07152099,0.05424988,-0.1856973,-0.008879445,-0.03155819,0.003998922,0.9994545,-0.06315296,0.0174968,0.9978505
Fixation,22.2667,0.03610713,0.0494771,-0.05962343,-0.1264504,0.258645,-0.01007061,-0.9576073,-0.4928138,-0.2473892,0.8342261,0.1058119,0.05106068,-0.05410342,0.003166267,0.2944843,-0.006286683,-0.9556304,-0.5628761,0.002348904,0.826538,0.07153957,0.05427325,-0.1857057,-0.008877849,-0.0315719,0.003943815,0.9994543,-0.06317937,0.01749698,0.9978488
Fixation,22.2777,0.03612764,0.04951775,-0.05963743,-0.1264632,0.2586251,-0.0100962,-0.9576107,-0.4927707,-0.2474272,0.8342403,0.1058325,0.0511055,-0.05411975,0.003050003,0.2942741,-0.006315969,-0.9556954,-0.5625112,0.002112495,0.8267869,0.07155959,0.05431592,-0.1857208,-0.008871889,-0.03155537,0.003974071,0.9994547,-0.06314683,0.0174833,0.9978511
Fixation,22.2892,0.0361291,0.0495342,-0.05962867,-0.1264252,0.2585865,-0.01006847,-0.9576264,-0.4927127,-0.2473434,0.8342994,0.1058346,0.0511179,-0.05411725,0.003089179,0.2942316,-0.006295138,-0.9557084,-0.5624381,0.002200253,0.8268365,0.07156081,0.05432987,-0.1857155,-0.008904236,-0.03151084,0.003943827,0.999456,-0.06305762,0.01755024,0.9978555
Fixation,22.3000,0.03627506,0.05060303,-0.05918199,-0.1263627,0.2585234,-0.01014173,-0.9576509,-0.4925872,-0.2472665,0.8343962,0.105844,0.05117142,-0.05410951,0.003061598,0.2941886,-0.006376793,-0.9557213,-0.5623636,0.00210011,0.8268874,0.07156859,0.05437756,-0.1857046,-0.008899248,-0.03146634,0.004030057,0.9994571,-0.06297023,0.01753521,0.9978613
Fixation,22.3112,0.03627819,0.05061543,-0.05919531,-0.1262515,0.2585191,-0.01009748,-0.9576672,-0.4926009,-0.2470346,0.8344569,0.1058473,0.051175,-0.05412472,0.003174196,0.2940132,-0.00633657,-0.9557751,-0.5620612,0.002341564,0.8270923,0.0715721,0.05438375,-0.1857196,-0.008998601,-0.03145256,0.003962499,0.9994569,-0.06294226,0.01773817,0.9978595
Fixation,22.3223,0.0362874,0.05063522,-0.05920029,-0.1261158,0.2583848,-0.0101128,-0.9577212,-0.4923704,-0.2467935,0.8346642,0.1058571,0.0511992,-0.05413854,0.003158209,0.2939525,-0.006365045,-0.9557936,-0.5619561,0.002295151,0.8271639,0.07158023,0.05440593,-0.185729,-0.008990778,-0.03138925,0.003994452,0.9994588,-0.06281634,0.01772106,0.9978678
Fixation,22.3336,0.03628547,0.05059397,-0.05916829,-0.1260944,0.2583714,-0.01010712,-0.9577277,-0.49235,-0.2467509,0.8346888,0.1058553,0.05115676,-0.05410864,0.003179944,0.293938,-0.006362022,-0.955798,-0.5619313,0.002338687,0.8271806,0.07157818,0.05436373,-0.1856982,-0.009010963,-0.03137413,0.003985866,0.9994591,-0.06278615,0.01776207,0.997869
Fixation,22.3442,0.0362897,0.05059779,-0.05916891,-0.1260927,0.2583264,-0.01011522,-0.95774,-0.4922681,-0.2467541,0.8347362,0.10586,0.05116236,-0.05411558,0.003141392,0.2936871,-0.006375792,-0.9558752,-0.5614966,0.002260581,0.827476,0.07158173,0.05436826,-0.1857021,-0.009016066,-0.03132895,0.003999335,0.9994605,-0.06269621,0.01777181,0.9978744
Fixation,22.3557,0.03628848,0.05059981,-0.05917279,-0.1258609,0.2584202,-0.01013017,-0.957745,-0.4924513,-0.246321,0.8347561,0.1058586,0.05116796,-0.05411752,0.003116151,0.2937005,-0.006395494,-0.9558711,-0.5615194,0.002200559,0.8274606,0.07158049,0.05437255,-0.1857049,-0.008996893,-0.03134302,0.004024933,0.9994601,-0.06272464,0.01773176,0.9978734
Fixation,22.3666,0.03628956,0.05061197,-0.05918099,-0.125938,0.258387,-0.01013987,-0.9577438,-0.4923831,-0.2464727,0.8347515,0.10586,0.05118406,-0.05412995,0.003038172,0.2936714,-0.006406615,-0.9558802,-0.5614682,0.002045378,0.8274958,0.0715809,0.05438793,-0.1857147,-0.008924648,-0.03131264,0.004056351,0.9994616,-0.06266397,0.01758566,0.9978797
Fixation,22.3778,0.03622838,0.05054045,-0.05915409,-0.1259348,0.2583727,-0.01013677,-0.9577481,-0.4923587,-0.2464657,0.834768,0.105799,0.05111229,-0.05410517,0.003013291,0.2934541,-0.006404909,-0.955947,-0.5610918,0.002001999,0.8277512,0.07151955,0.05431628,-0.1856889,-0.008927607,-0.0312974,0.004054544,0.999462,-0.06263352,0.01759182,0.9978815
Fixation,22.3890,0.03622112,0.05055606,-0.05915863,-0.1259888,0.2583767,-0.01009476,-0.9577403,-0.4923719,-0.2465456,0.8347366,0.1057917,0.05112338,-0.05410964,0.002960346,0.2934545,-0.006360723,-0.9559473,-0.5610917,0.001926705,0.8277514,0.07151248,0.05433071,-0.185693,-0.008864894,-0.03129742,0.004025863,0.9994627,-0.06263258,0.01746826,0.9978838
Fixation,22.4034,0.03622012,0.05055797,-0.05915879,-0.1260119,0.2584005,-0.01014975,-0.9577302,-0.492398,-0.2466161,0.8347003,0.1057902,0.05113196,-0.05410352,0.002966198,0.2934977,-0.006409642,-0.9559337,-0.5611668,0.001908547,0.8277006,0.07151174,0.05433571,-0.1856901,-0.008883363,-0.03134299,0.004071316,0.9994609,-0.06272452,0.01750193,0.9978774
Fixation,22.4169,0.03619339,0.05052292,-0.05912171,-0.1260482,0.258418,-0.01012549,-0.957721,-0.4924321,-0.2466712,0.8346639,0.1057634,0.05109417,-0.05406421,0.002828514,0.2933304,-0.006383713,-0.9559857,-0.5608754,0.001662963,0.8278986,0.07148533,0.05429995,-0.1856516,-0.008841536,-0.0313587,0.004053909,0.9994609,-0.06275528,0.01741929,0.9978769
Fixation,22.4226,0.03617464,0.05050409,-0.05911538,-0.1260806,0.2584282,-0.0101469,-0.9577137,-0.4924419,-0.2467427,0.8346371,0.1057444,0.05107892,-0.0540559,0.00279516,0.2933441,-0.006402336,-0.9559814,-0.5608988,0.001588067,0.8278828,0.07146656,0.05428338,-0.185644,-0.008814241,-0.03137309,0.004080589,0.9994606,-0.06278428,0.01736293,0.997876
Fixation,22.4333,0.03615267,0.05047929,-0.05912463,-0.1260682,0.2584569,-0.01013064,-0.9577078,-0.4924982,-0.2467096,0.8346136,0.1057222,0.05105329,-0.05406193,0.002740034,0.2933661,-0.006383169,-0.9559749,-0.5609362,0.001493598,0.8278577,0.0714449,0.0542593,-0.1856513,-0.008755985,-0.03139594,0.004076509,0.9994604,-0.06282938,0.01724655,0.9978753
Fixation,22.4444,0.0361298,0.05045831,-0.0591423,-0.126097,0.2584963,-0.01021585,-0.9576925,-0.4925436,-0.2468058,0.8345584,0.1056987,0.05104399,-0.05407234,0.002666002,0.2931079,-0.00646026,-0.9560539,-0.5604883,0.001310577,0.8281614,0.07142207,0.0542444,-0.1856652,-0.008745641,-0.03144882,0.004160004,0.9994585,-0.06293635,0.01722015,0.997869
Fixation,22.4555,0.03611571,0.05041707,-0.05913919,-0.1261935,0.2585761,-0.01025222,-0.9576579,-0.4926674,-0.2470024,0.8344272,0.1056837,0.0510087,-0.05405675,0.002567576,0.2931936,-0.006482038,-0.9560277,-0.5606357,0.001108364,0.8280618,0.07140876,0.0542078,-0.1856551,-0.008656283,-0.03153853,0.004206493,0.9994562,-0.06311558,0.01703782,0.9978608
Fixation,22.4668,0.03609053,0.05041564,-0.05915672,-0.1260671,0.2586305,-0.01031688,-0.9576592,-0.4927584,-0.2467951,0.8344347,0.1056577,0.0510155,-0.05406395,0.002566193,0.2932646,-0.00654155,-0.9560055,-0.5607588,0.001069779,0.8279786,0.07138411,0.05421019,-0.1856675,-0.008670492,-0.03161319,0.004263941,0.9994535,-0.06326577,0.01706191,0.9978508
Fixation,22.4780,0.03606556,0.05042934,-0.05918409,-0.126103,0.2586841,-0.01040018,-0.957639,-0.4928289,-0.2469029,0.8343612,0.1056319,0.05104053,-0.05408203,0.002458046,0.2930464,-0.006615708,-0.9560723,-0.5603795,0.0008227213,0.8282356,0.07135938,0.05422986,-0.1856901,-0.008652249,-0.03168064,0.004345319,0.9994512,-0.06340171,0.01701968,0.997843
Fixation,22.4890,0.03603633,0.05043805,-0.05920724,-0.1260666,0.2588055,-0.01048701,-0.9576101,-0.4930254,-0.2468735,0.8342538,0.1056013,0.05105793,-0.05408645,0.002491762,0.2931753,-0.006686874,-0.9560321,-0.5606034,0.0008435566,0.828084,0.07133146,0.05424213,-0.1857041,-0.008703282,-0.03181596,0.004404519,0.9994462,-0.06367335,0.01711665,0.997824
Fixation,22.5005,0.03602212,0.05042696,-0.05923306,-0.126072,0.2589056,-0.01048677,-0.9575823,-0.4932027,-0.2468787,0.8341475,0.1055862,0.0510484,-0.05410171,0.0023965,0.2932478,-0.006676283,-0.9560102,-0.5607277,0.0006665471,0.828,0.07131809,0.05423355,-0.1857239,-0.008608481,-0.03189157,0.004418975,0.9994445,-0.0638238,0.01692554,0.9978176
Fixation,22.5114,0.0359986,0.05044329,-0.05926996,-0.1259791,0.2588921,-0.01051473,-0.9575979,-0.4931799,-0.246719,0.8342083,0.1055629,0.05106628,-0.05414045,0.002267182,0.2929165,-0.006713941,-0.9561118,-0.5601522,0.0004021111,0.8283896,0.07129437,0.05424893,-0.1857624,-0.008706513,-0.03187877,0.004426473,0.999444,-0.06379917,0.01712112,0.9978159
Fixation,22.5225,0.03598154,0.05047333,-0.05930348,-0.1258764,0.2589507,-0.01063338,-0.9575942,-0.4932623,-0.246584,0.8341994,0.1055449,0.05110884,-0.05416398,0.00236675,0.2929856,-0.006827472,-0.9560896,-0.5602732,0.0005249484,0.8283077,0.07127766,0.0542829,-0.1857918,-0.008832265,-0.03195184,0.004509564,0.9994403,-0.06394758,0.01736647,0.9978021
Fixation,22.5334,0.0359714,0.0504961,-0.059322,-0.1255819,0.2589883,-0.01069676,-0.957622,-0.4933391,-0.2460607,0.8343085,0.1055347,0.05113637,-0.0541821,0.002527348,0.2929887,-0.006900067,-0.9560877,-0.5602806,0.0007894496,0.8283025,0.0712674,0.05430496,-0.1858113,-0.00900627,-0.03195564,0.004537473,0.9994384,-0.06395713,0.01771243,0.9977955
Fixation,22.5452,0.03596635,0.05052781,-0.05934942,-0.125426,0.2590145,-0.01075901,-0.9576346,-0.4933836,-0.2457981,0.8343596,0.1055293,0.05117202,-0.05420538,0.002632383,0.2928484,-0.006964231,-0.95613,-0.5600389,0.0009548734,0.8284658,0.07126264,0.05433559,-0.1858378,-0.009172574,-0.03198635,0.004558303,0.9994358,-0.06402023,0.01804319,0.9977854
Fixation,22.5562,0.0359583,0.05057156,-0.05938102,-0.1252124,0.2589982,-0.0107237,-0.9576674,-0.4933828,-0.2453786,0.8344836,0.1055217,0.05120575,-0.05424089,0.002848713,0.2928216,-0.006939174,-0.9561377,-0.5599951,0.001383643,0.8284948,0.07125492,0.05437064,-0.1858727,-0.009374805,-0.03195837,0.004477546,0.9994352,-0.06396459,0.01845283,0.9977816
Fixation,22.5667,0.03594583,0.05061674,-0.0594252,-0.1250076,0.2590304,-0.01069866,-0.9576857,-0.4934646,-0.2449786,0.8345527,0.1055093,0.05124354,-0.05428525,0.003004899,0.2928205,-0.006920467,-0.9561377,-0.5599951,0.001693285,0.8284943,0.07124293,0.0544095,-0.185918,-0.009520622,-0.03195719,0.004418555,0.9994342,-0.06396236,0.01874806,0.9977762
Fixation,22.5781,0.0359296,0.0505935,-0.05935336,-0.1248927,0.2591088,-0.01072713,-0.9576792,-0.4936068,-0.2447732,0.8345289,0.1054922,0.0512197,-0.0542022,0.003077895,0.2926915,-0.006942053,-0.9561768,-0.5597724,0.001822263,0.8286445,0.07122785,0.05438375,-0.1858413,-0.009637107,-0.03203814,0.004409239,0.9994305,-0.06412476,0.01898071,0.9977614
Fixation,22.5894,0.0359314,0.05059707,-0.0593991,-0.1248681,0.2591142,-0.01075268,-0.9576806,-0.493612,-0.2447398,0.8345356,0.1054939,0.05122602,-0.05424684,0.00310183,0.2926992,-0.006967549,-0.9561742,-0.559786,0.001852988,0.8286352,0.07122961,0.05438817,-0.1858867,-0.009666869,-0.03204636,0.004427535,0.9994298,-0.06414177,0.01903894,0.9977592
Fixation,22.6002,0.03593041,0.05057168,-0.05942869,-0.1248386,0.25916,-0.01081107,-0.9576715,-0.493681,-0.2447123,0.8345028,0.1054925,0.05120897,-0.05427232,0.003079358,0.2927276,-0.007023254,-0.9561651,-0.559835,0.00177695,0.8286022,0.07122855,0.05436707,-0.1859142,-0.009659732,-0.0320764,0.004487037,0.9994287,-0.06420283,0.01902057,0.9977556
Fixation,22.6112,0.03589885,0.05054092,-0.0594371,-0.1248534,0.2591994,-0.01084121,-0.9576585,-0.4937419,-0.2447539,0.8344546,0.1054605,0.05118191,-0.05427451,0.003018496,0.2926293,-0.007047636,-0.9561952,-0.5596641,0.001647853,0.8287179,0.07119737,0.05433846,-0.1859193,-0.009650635,-0.03212136,0.004514243,0.9994272,-0.06429306,0.01900021,0.9977502
Fixation,22.6221,0.03589397,0.05052638,-0.05941875,-0.1248777,0.2591672,-0.01083832,-0.9576641,-0.4936834,-0.2447996,0.8344758,0.1054559,0.0511682,-0.05426069,0.002994103,0.2925981,-0.007048166,-0.9562049,-0.5596096,0.001601392,0.8287548,0.071192,0.05432475,-0.1859031,-0.00962728,-0.03208869,0.004521301,0.9994285,-0.06422776,0.01895339,0.9977553
Fixation,22.6358,0.03590381,0.05052936,-0.05939632,-0.1249258,0.2589116,-0.01080413,-0.9577273,-0.4932339,-0.2448844,0.8347167,0.1054662,0.05116665,-0.05424337,0.003011235,0.2925629,-0.007018845,-0.9562158,-0.5595489,0.001651873,0.8287957,0.07120162,0.05432522,-0.1858834,-0.009636195,-0.03205179,0.004488699,0.9994297,-0.06415352,0.01897366,0.9977596
Fixation,22.6470,0.0359224,0.05055726,-0.05936855,-0.1249161,0.2588333,-0.01070245,-0.9577509,-0.4931218,-0.2448174,0.8348026,0.1054859,0.05118191,-0.05422862,0.003024344,0.2924732,-0.006928849,-0.9562439,-0.5593932,0.001731017,0.8289006,0.07121968,0.05434692,-0.1858621,-0.009625429,-0.03195732,0.004398869,0.9994332,-0.0639631,0.0189588,0.9977722
Fixation,22.6580,0.0359358,0.05055189,-0.05935065,-0.1248673,0.2586989,-0.01053666,-0.9577954,-0.49293,-0.2446463,0.8349661,0.1055004,0.05115569,-0.05422308,0.002850164,0.2923467,-0.006780632,-0.9562841,-0.5591717,0.001486541,0.8290505,0.07123303,0.0543319,-0.1858501,-0.009583683,-0.03186689,0.004251752,0.9994372,-0.0637794,0.0188856,0.9977853
Fixation,22.6689,0.03596238,0.05056155,-0.05933194,-0.1249908,0.2586518,-0.01049342,-0.9577925,-0.4928463,-0.2448588,0.8349531,0.1055275,0.05116355,-0.05421133,0.002727129,0.2922988,-0.006739572,-0.9562995,-0.5590871,0.001275966,0.829108,0.07125898,0.05434299,-0.1858341,-0.009454274,-0.0318163,0.004244585,0.99944,-0.06367722,0.01862786,0.9977967
Fixation,22.6806,0.03597057,0.05052781,-0.05933145,-0.125088,0.2586302,-0.01051178,-0.9577854,-0.4927948,-0.2450522,0.8349268,0.1055358,0.0511353,-0.05421317,0.00262864,0.2922827,-0.006757113,-0.9563045,-0.559058,0.001077587,0.8291278,0.07126659,0.05431366,-0.1858342,-0.009363838,-0.03179957,0.004287379,0.9994412,-0.0636439,0.01844454,0.9978022
Fixation,22.6917,0.03597576,0.05051219,-0.05929987,-0.125151,0.2586195,-0.0105801,-0.9577793,-0.4927526,-0.2452066,0.8349063,0.1055409,0.05113077,-0.05418165,0.002288184,0.2919033,-0.006829668,-0.9564207,-0.5583959,0.0003897278,0.8295745,0.07127114,0.05430448,-0.1858023,-0.00931785,-0.03179976,0.00436911,0.9994413,-0.06364542,0.01834741,0.9978039
Fixation,22.7028,0.03597254,0.05050278,-0.05928074,-0.1250841,0.2584956,-0.01050335,-0.9578224,-0.4925581,-0.2450469,0.835068,0.1055374,0.05111217,-0.05415782,0.002237516,0.2919353,-0.006751454,-0.9564117,-0.5584509,0.000337997,0.8295375,0.0712688,0.05429173,-0.1857803,-0.009248447,-0.03183266,0.004306681,0.9994411,-0.0637094,0.01821237,0.9978023
Fixation,22.7134,0.0359873,0.05050385,-0.05926004,-0.1251343,0.2585867,-0.01063067,-0.9577898,-0.4926829,-0.2452027,0.8349487,0.1055509,0.05113041,-0.05412164,0.002182807,0.292042,-0.006863783,-0.9563784,-0.5586353,0.000166154,0.8294134,0.07128407,0.05430174,-0.1857516,-0.009224819,-0.03194491,0.00442881,0.9994373,-0.06393559,0.0181563,0.9977888
Fixation,22.7243,0.03598183,0.0504874,-0.05924053,-0.1250349,0.2585408,-0.01052538,-0.9578164,-0.4926372,-0.2449633,0.8350459,0.1055462,0.05109775,-0.05411096,0.002342031,0.2919406,-0.006766978,-0.9564096,-0.5584614,0.0005287696,0.8295304,0.0712787,0.05427575,-0.185737,-0.009300205,-0.03188062,0.004310643,0.9994391,-0.06380565,0.01831513,0.9977943
Fixation,22.7360,0.03598144,0.05045366,-0.05921477,-0.1249293,0.2583552,-0.01046658,-0.9578809,-0.4923318,-0.244743,0.8352906,0.1055463,0.0510565,-0.05409174,0.002372803,0.2918956,-0.006718355,-0.9564237,-0.5583836,0.0006166939,0.8295827,0.07127812,0.05423808,-0.1857147,-0.00931728,-0.03183322,0.004255917,0.9994407,-0.06371014,0.01835318,0.9977997
Fixation,22.7472,0.03597897,0.05042613,-0.05919324,-0.1248748,0.2583211,-0.01040743,-0.9578978,-0.4922912,-0.2446115,0.835353,0.1055444,0.05102003,-0.05407636,0.002429627,0.2918532,-0.006666203,-0.9564368,-0.5583106,0.0007564647,0.8296316,0.07127558,0.05420518,-0.1856966,-0.009358571,-0.03178861,0.004190961,0.999442,-0.06362018,0.01844025,0.9978038
Fixation,22.7581,0.03597577,0.05038273,-0.05917662,-0.1249304,0.2583546,-0.01035359,-0.9578821,-0.4923596,-0.2446869,0.8352906,0.105541,0.0509702,-0.05405563,0.002151333,0.2917117,-0.006612194,-0.9564811,-0.5580618,0.0002577102,0.8297994,0.07127308,0.05415976,-0.1856774,-0.009290597,-0.03181739,0.004147262,0.9994419,-0.06367633,0.01830691,0.9978027
Fixation,22.7694,0.03596611,0.05033195,-0.05915913,-0.124903,0.258401,-0.01031856,-0.9578736,-0.4924533,-0.2446151,0.8352563,0.1055316,0.05091727,-0.05404244,0.002083773,0.291682,-0.006581105,-0.9564905,-0.5580095,0.0001470374,0.8298345,0.07126309,0.05410922,-0.1856616,-0.009217318,-0.03178613,0.004135069,0.9994437,-0.06361312,0.01816151,0.9978094
Fixation,22.7803,0.03594667,0.05026472,-0.05914044,-0.1249888,0.2584198,-0.01035735,-0.9578568,-0.4924693,-0.2447959,0.835194,0.1055119,0.05085719,-0.05402,0.001847266,0.2915943,-0.006617838,-0.9565175,-0.5578546,-0.0003255636,0.8299387,0.07124355,0.05404699,-0.1856405,-0.009141164,-0.03181331,0.004189584,0.9994433,-0.06366779,0.01800558,0.9978087
Fixation,22.7912,0.03593192,0.05021095,-0.05912117,-0.1251014,0.2584379,-0.01044168,-0.9578364,-0.4924699,-0.2450504,0.835119,0.1054966,0.05081749,-0.05399618,0.00173108,0.2916256,-0.006695024,-0.9565076,-0.5579075,-0.0005932995,0.8299029,0.07122841,0.05400205,-0.1856183,-0.009049101,-0.03184657,0.004294239,0.9994426,-0.06373535,0.0178146,0.9978078
Fixation,22.8021,0.03591492,0.05016422,-0.05908598,-0.1252051,0.2584822,-0.01056134,-0.9578096,-0.4925088,-0.245305,0.8350213,0.1054795,0.05078721,-0.05396131,0.001716512,0.2916237,-0.006812078,-0.9565074,-0.5579038,-0.0006894146,0.8299054,0.0712105,0.05396318,-0.1855834,-0.009065594,-0.03184541,0.004411047,0.999442,-0.06373525,0.01784013,0.9978074
Fixation,22.8145,0.03590055,0.05015481,-0.05907632,-0.125329,0.2584755,-0.01057893,-0.957795,-0.4924814,-0.2455477,0.8349661,0.1054651,0.05078351,-0.05395175,0.001576587,0.2915593,-0.006825963,-0.9565271,-0.5577903,-0.0009642502,0.8299814,0.07119571,0.05395889,-0.185573,-0.00894816,-0.03184466,0.004457216,0.9994429,-0.06373361,0.01760247,0.9978117
Fixation,22.8243,0.03588094,0.05012059,-0.05905896,-0.1254246,0.258453,-0.01052246,-0.9577891,-0.4924473,-0.2456998,0.8349414,0.1054458,0.05074453,-0.05393817,0.00148205,0.291533,-0.006769582,-0.9565357,-0.5577435,-0.001111845,0.8300126,0.07117595,0.05392408,-0.1855568,-0.008842235,-0.03181669,0.004427617,0.9994448,-0.06367635,0.01739291,0.997819
Fixation,22.8358,0.03586715,0.05010247,-0.05903777,-0.125692,0.2581241,-0.01055164,-0.9578424,-0.4918319,-0.2462336,0.8351469,0.1054318,0.05073249,-0.05391509,0.001378884,0.291546,-0.006791355,-0.9565318,-0.5577648,-0.001322093,0.829998,0.07116193,0.05391085,-0.185534,-0.008748308,-0.03183039,0.004475485,0.999445,-0.06370376,0.01720199,0.9978206
Fixation,22.8466,0.03583364,0.05007279,-0.05901527,-0.125655,0.2580146,-0.01056908,-0.9578766,-0.4916362,-0.2461779,0.8352786,0.1053994,0.05070627,-0.0539081,0.001317863,0.2914059,-0.006827269,-0.9565743,-0.5575209,-0.001457747,0.8301617,0.07112683,0.053882,-0.1855197,-0.008792556,-0.03171923,0.004498447,0.9994481,-0.06348255,0.01729003,0.9978331
Fixation,22.8579,0.03580754,0.05008245,-0.0590205,-0.1256483,0.2580914,-0.01059579,-0.9578565,-0.4917663,-0.2461754,0.8352027,0.1053725,0.05071795,-0.05390191,0.001323764,0.2914845,-0.006843853,-0.9565502,-0.5576573,-0.001457261,0.83007,0.07110169,0.05389261,-0.1855192,-0.008802437,-0.03180148,0.004512445,0.9994453,-0.06364711,0.0173081,0.9978223
Fixation,22.8693,0.03578194,0.05005896,-0.059015,-0.1255583,0.2578551,-0.01078426,-0.9579298,-0.4913062,-0.2461137,0.8354917,0.1053462,0.05072093,-0.05389085,0.001302894,0.291523,-0.007033301,-0.9565371,-0.5577235,-0.001608206,0.8300253,0.07107518,0.05388188,-0.1855111,-0.00883165,-0.03184322,0.00470054,0.9994428,-0.06373398,0.0173541,0.997816
Fixation,22.8806,0.03575275,0.05005491,-0.05900705,-0.1255849,0.2579918,-0.01086727,-0.9578886,-0.4915253,-0.2462001,0.8353373,0.1053154,0.05072641,-0.05386179,0.0008657189,0.2918364,-0.0071109,-0.9564415,-0.5582612,-0.00249442,0.8296615,0.07104742,0.05388284,-0.1854924,-0.00881942,-0.03199551,0.004768483,0.9994377,-0.06403915,0.01732378,0.997797
Fixation,22.8917,0.03572816,0.05007541,-0.058992,-0.1254716,0.2580496,-0.01086074,-0.957888,-0.4916398,-0.2459807,0.8353346,0.1052903,0.05074203,-0.05383911,0.0009801049,0.291889,-0.00710095,-0.9564254,-0.5583541,-0.002270584,0.8295997,0.07102389,0.05389893,-0.1854742,-0.008927132,-0.03205047,0.004728671,0.9994352,-0.06414917,0.01754107,0.9977862
Fixation,22.9029,0.03572308,0.0500989,-0.05897344,-0.1259451,0.2581182,-0.01080852,-0.957808,-0.4917327,-0.2468422,0.8350257,0.1052845,0.05075502,-0.05380932,0.0009806665,0.291966,-0.007023163,-0.9564024,-0.5584877,-0.002225226,0.8295098,0.07102041,0.05391753,-0.1854498,-0.008907216,-0.0321303,0.004652944,0.9994332,-0.06430706,0.01750533,0.9977766
Fixation,22.9134,0.03569673,0.05010319,-0.05896225,-0.12588,0.2581789,-0.01069214,-0.9578015,-0.4918763,-0.246657,0.8349958,0.1052578,0.0507406,-0.05379181,0.001008288,0.2921401,-0.006904543,-0.9563501,-0.5587903,-0.002105635,0.8293063,0.0709957,0.05391181,-0.1854356,-0.008942658,-0.0321747,0.004517755,0.9994321,-0.06439366,0.01758444,0.9977697
Fixation,22.9246,0.03568492,0.05011249,-0.05895366,-0.125829,0.2581214,-0.01065233,-0.9578241,-0.4917891,-0.2465433,0.8350807,0.1052467,0.05074418,-0.05379235,0.001060907,0.2920773,-0.0068745,-0.9563694,-0.5586823,-0.001986532,0.8293794,0.07098337,0.05391741,-0.1854319,-0.008985724,-0.0321089,0.004475412,0.999434,-0.06426188,0.01767388,0.9977766
Fixation,22.9361,0.0356884,0.05013525,-0.05896226,-0.126007,0.2579425,-0.01062822,-0.9578491,-0.4914615,-0.2468743,0.8351758,0.1052498,0.05076206,-0.05379464,0.001070193,0.2921206,-0.006840537,-0.9563564,-0.5587575,-0.001949552,0.8293288,0.0709877,0.05393767,-0.1854373,-0.008985729,-0.03215386,0.004439925,0.9994327,-0.06435103,0.01767574,0.9977708
Fixation,22.9470,0.03567399,0.05012202,-0.05895452,-0.1258742,0.2579423,-0.01066175,-0.9578663,-0.4914645,-0.2466416,0.8352429,0.1052354,0.05075002,-0.05378693,0.001162441,0.2921939,-0.006880524,-0.9563337,-0.5588857,-0.00179753,0.8292428,0.07097333,0.05392253,-0.1854306,-0.009123733,-0.0321543,0.004442057,0.9994314,-0.06435308,0.01795143,0.9977657
Fixation,22.9582,0.03566041,0.05011117,-0.05894801,-0.1258896,0.2579358,-0.01069603,-0.9578657,-0.4914426,-0.2466884,0.8352419,0.1052218,0.0507443,-0.05378069,0.001145804,0.2921921,-0.006914796,-0.956334,-0.5588824,-0.001849355,0.8292449,0.07095943,0.05391431,-0.1854241,-0.009116635,-0.03215268,0.004479498,0.9994314,-0.06435047,0.01793485,0.9977662
Fixation,22.9689,0.03566436,0.05009389,-0.05893674,-0.1264821,0.2576602,-0.01080089,-0.9578605,-0.4908729,-0.2478704,0.835227,0.1052253,0.05073965,-0.05376543,0.001114591,0.2922195,-0.007000174,-0.9563251,-0.5589293,-0.001959352,0.829213,0.07096306,0.0539037,-0.1854108,-0.009108761,-0.03218207,0.004569887,0.9994301,-0.06441072,0.017913,0.9977627
Fixation,22.9801,0.03567385,0.05008531,-0.0589188,-0.1264974,0.2576322,-0.01090107,-0.9578649,-0.4907957,-0.2479517,0.8352482,0.1052348,0.05074561,-0.05374968,0.001094401,0.2922947,-0.007103337,-0.9563013,-0.5590591,-0.002059381,0.8291252,0.07097156,0.05390215,-0.1853941,-0.009117479,-0.03216745,0.004673739,0.99943,-0.06438345,0.01792388,0.9977642
Fixation,22.9914,0.0356723,0.0500809,-0.05890515,-0.1265637,0.2575632,-0.01094283,-0.9578742,-0.4906563,-0.2481011,0.8352857,0.1052338,0.05074978,-0.05374484,0.001026087,0.292234,-0.007151382,-0.9563196,-0.5589529,-0.002217219,0.8291965,0.07096869,0.0539031,-0.1853845,-0.009064218,-0.0321044,0.004738364,0.9994322,-0.06425825,0.0178139,0.9977743
Fixation,23.0027,0.03567299,0.05007744,-0.05887266,-0.1267876,0.2571195,-0.0108976,-0.9579644,-0.4898594,-0.2485199,0.8356289,0.1052357,0.05073965,-0.05372764,0.001084131,0.292129,-0.007115708,-0.9563519,-0.5587716,-0.002083787,0.829319,0.07096834,0.05389547,-0.1853601,-0.009111125,-0.03199432,0.00468944,0.9994355,-0.06403798,0.01791189,0.9977867
Fixation,23.0138,0.03567882,0.05007887,-0.05884519,-0.1268273,0.2570932,-0.01091442,-0.957966,-0.4898045,-0.2486046,0.8356358,0.1052418,0.05074489,-0.05370347,0.00109261,0.2921364,-0.007133047,-0.9563495,-0.5587845,-0.002077811,0.8293103,0.07097364,0.05389941,-0.1853341,-0.009076805,-0.03197077,0.004718249,0.9994365,-0.06399117,0.01784169,0.997791
Fixation,23.0246,0.03567576,0.05006397,-0.05882614,-0.1268177,0.2570256,-0.01087226,-0.9579859,-0.4896963,-0.248568,0.8357102,0.1052395,0.0507251,-0.05369486,0.001103749,0.2920645,-0.007100594,-0.9563717,-0.5586602,-0.002036474,0.8293942,0.07096987,0.053882,-0.1853203,-0.009079213,-0.03189547,0.004684474,0.999439,-0.06384023,0.01784941,0.9978005
Fixation,23.0358,0.03567525,0.05005467,-0.05879489,-0.1274342,0.256751,-0.01087093,-0.9579777,-0.4891528,-0.2497405,0.8356789,0.1052392,0.05071378,-0.05366537,0.001093472,0.2920525,-0.007083514,-0.9563754,-0.5586391,-0.002045975,0.8294083,0.0709693,0.05387199,-0.1852899,-0.009064852,-0.03188268,0.004670754,0.9994396,-0.06381431,0.01782171,0.9978027
Fixation,23.0466,0.03566997,0.05004382,-0.05875339,-0.1273995,0.2567591,-0.01080717,-0.9579809,-0.489187,-0.2496422,0.8356882,0.105234,0.05069327,-0.053624,0.001130717,0.2920515,-0.007020577,-0.9563762,-0.5586381,-0.00193796,0.8294092,0.07096455,0.0538559,-0.1852486,-0.00908435,-0.03188118,0.004600277,0.9994398,-0.06381022,0.0178652,0.9978021
Fixation,23.0579,0.03567876,0.05003285,-0.05871456,-0.1273751,0.2567737,-0.01087129,-0.9579795,-0.4891985,-0.2496285,0.8356857,0.1052425,0.05069017,-0.05358204,0.001154005,0.2921594,-0.007083716,-0.9563428,-0.5588253,-0.0019319,0.8292831,0.07097323,0.05384815,-0.1852084,-0.009122164,-0.03190424,0.00465464,0.9994385,-0.06385757,0.01793708,0.9977978
Fixation,23.0692,0.03566774,0.05003572,-0.05869533,-0.1279325,0.2565603,-0.01085123,-0.9579626,-0.488774,-0.250677,0.8356202,0.1052313,0.05068755,-0.05355968,0.001160213,0.2921809,-0.007044908,-0.9563364,-0.5588628,-0.001897668,0.829258,0.07096279,0.05384839,-0.1851876,-0.009117966,-0.03192641,0.00461542,0.999438,-0.0639011,0.01793098,0.9977951
Fixation,23.0808,0.03565429,0.05002964,-0.05866694,-0.1279069,0.2565628,-0.01082688,-0.9579657,-0.488787,-0.2506164,0.8356307,0.1052179,0.05067742,-0.05353148,0.001186817,0.2921796,-0.007021426,-0.956337,-0.558861,-0.001833039,0.8292594,0.07094956,0.05383992,-0.1851594,-0.009137506,-0.0319248,0.004585806,0.999438,-0.06389752,0.01797194,0.9977946
Fixation,23.0912,0.03566979,0.0500164,-0.05865795,-0.1279711,0.2565781,-0.01080131,-0.9579533,-0.4888152,-0.2507235,0.8355821,0.1052332,0.05066204,-0.05352047,0.0009809393,0.292295,-0.006996923,-0.9563022,-0.5590585,-0.002214183,0.8291253,0.07096531,0.05382681,-0.1851489,-0.009068114,-0.03193891,0.004573615,0.9994382,-0.06392489,0.01783389,0.9977953
Fixation,23.1023,0.03566992,0.04999053,-0.05863734,-0.1283296,0.2563187,-0.01075479,-0.9579753,-0.4883337,-0.2513865,0.8356644,0.1052333,0.05063057,-0.05349759,0.0009080251,0.2923105,-0.006938613,-0.9562979,-0.5590844,-0.002319774,0.8291075,0.07096592,0.05379975,-0.1851265,-0.00898246,-0.0319545,0.004536315,0.9994387,-0.06395461,0.01766492,0.9977965
Fixation,23.1143,0.03565939,0.04997265,-0.05861441,-0.128372,0.2562883,-0.0107488,-0.9579778,-0.4882774,-0.2514647,0.8356738,0.105223,0.05061352,-0.05347893,0.0008654804,0.2922811,-0.006935116,-0.9563069,-0.5590329,-0.002398677,0.829142,0.07095491,0.05378294,-0.1851055,-0.008940542,-0.03192376,0.004544265,0.99944,-0.06389301,0.01758093,0.9978019
Fixation,23.1251,0.03564815,0.04995501,-0.05859169,-0.128389,0.2562687,-0.01068025,-0.9579815,-0.4882589,-0.2514627,0.8356853,0.1052122,0.0505873,-0.05346017,0.0008321721,0.2923585,-0.006870578,-0.9562837,-0.5591668,-0.002425759,0.8290516,0.07094374,0.0537616,-0.1850846,-0.00890913,-0.03189458,0.004484676,0.9994415,-0.06383345,0.01752223,0.9978067
Fixation,23.1362,0.03567586,0.04996026,-0.05857241,-0.1288523,0.256037,-0.01070673,-0.9579809,-0.4877979,-0.2523588,0.8356842,0.1052397,0.05059576,-0.05343904,0.0007818341,0.2923712,-0.006882621,-0.9562798,-0.5591882,-0.002529257,0.8290369,0.07097141,0.05376935,-0.185064,-0.008863676,-0.03190795,0.004509391,0.9994414,-0.06386019,0.01742968,0.9978066
Fixation,23.1471,0.03566805,0.04994845,-0.05854617,-0.1288104,0.2560256,-0.01070033,-0.9579897,-0.4877832,-0.2522773,0.8357175,0.1052321,0.05058229,-0.05341473,0.0008242955,0.292358,-0.006879443,-0.9562839,-0.5591658,-0.002446,0.8290522,0.07096355,0.05375588,-0.185039,-0.00890385,-0.0318941,0.004495297,0.9994415,-0.06383263,0.01751101,0.997807
Fixation,23.1583,0.03565691,0.04993963,-0.05851471,-0.1288311,0.2560257,-0.01069008,-0.9579871,-0.4877842,-0.252311,0.8357068,0.1052209,0.05057251,-0.05338335,0.0008321862,0.2922263,-0.006866578,-0.9563242,-0.5589377,-0.00242151,0.8292062,0.07095244,0.05374706,-0.1850075,-0.008881204,-0.03189339,0.004490072,0.9994417,-0.06383092,0.01746608,0.9978079
Fixation,23.1691,0.03566188,0.04993904,-0.05850361,-0.1293774,0.2557652,-0.0107296,-0.9579825,-0.4872609,-0.2533711,0.8356913,0.1052262,0.05057609,-0.0533766,0.0008233563,0.2921965,-0.006895015,-0.9563331,-0.5588856,-0.002454592,0.8292411,0.07095677,0.05374861,-0.1849986,-0.008880182,-0.03186241,0.004520025,0.9994426,-0.06376958,0.01746243,0.9978119
Fixation,23.1801,0.03566266,0.04993427,-0.05849415,-0.1293707,0.2557375,-0.01071729,-0.957991,-0.4872155,-0.2533535,0.8357231,0.1052273,0.05056989,-0.05337135,0.0009171674,0.2923473,-0.00688541,-0.956287,-0.5591485,-0.002271712,0.8290644,0.07095724,0.053743,-0.1849913,-0.008885083,-0.03183213,0.00451041,0.9994436,-0.063709,0.01747313,0.9978155
Fixation,23.1913,0.03564685,0.04993033,-0.0584712,-0.1295375,0.2556826,-0.01073543,-0.9579829,-0.4870979,-0.2536792,0.8356928,0.1052119,0.05057383,-0.05335515,0.0007483051,0.2923007,-0.006904248,-0.9563013,-0.5590653,-0.002605022,0.8291195,0.07094026,0.05374587,-0.1849706,-0.008727136,-0.03178348,0.004573099,0.9994462,-0.06361158,0.01715391,0.9978273
Fixation,23.2024,0.03563682,0.04991674,-0.05845854,-0.1298619,0.2555142,-0.01077706,-0.9579835,-0.4867577,-0.2543184,0.8356968,0.1052014,0.05056131,-0.0533358,0.0008357102,0.2923468,-0.0069316,-0.9562868,-0.5591463,-0.002454505,0.8290653,0.07093087,0.05373108,-0.1849552,-0.008818558,-0.031832,0.004576315,0.9994439,-0.0637093,0.01733596,0.9978179
Fixation,23.2136,0.03564911,0.04990625,-0.05847435,-0.1299124,0.2554874,-0.01074682,-0.9579841,-0.4867134,-0.2543994,0.8356979,0.105214,0.05054843,-0.05335575,0.0007321039,0.2924825,-0.006906209,-0.9562457,-0.5593804,-0.002639749,0.8289069,0.07094286,0.05372036,-0.1849728,-0.008763071,-0.03180188,0.004562234,0.9994454,-0.06364845,0.01722625,0.9978237
Fixation,23.2246,0.03563278,0.04989791,-0.05846293,-0.1299936,0.2555146,-0.01073849,-0.9579659,-0.4867567,-0.2545466,0.8356279,0.1051974,0.05054057,-0.05334022,0.0006505522,0.2925106,-0.006891048,-0.9562373,-0.559428,-0.002787245,0.8288742,0.07092684,0.0537138,-0.1849587,-0.008680344,-0.0318311,0.004568783,0.9994451,-0.06370619,0.01706019,0.9978229
Fixation,23.2358,0.03559652,0.04989851,-0.05845153,-0.1305147,0.255346,-0.01076573,-0.9579397,-0.4864019,-0.2555484,0.8355287,0.1051603,0.05054581,-0.05331922,0.000514594,0.2925763,-0.006894148,-0.9562172,-0.55954,-0.003050001,0.8287977,0.07089113,0.05371916,-0.1849415,-0.008549817,-0.03189976,0.004606962,0.9994439,-0.06384283,0.0167962,0.9978186
Fixation,23.2465,0.03557578,0.04989254,-0.05846212,-0.1304605,0.2553662,-0.01079215,-0.9579414,-0.4864359,-0.255459,0.8355362,0.1051393,0.05054176,-0.0533267,0.0004462758,0.2926259,-0.006923827,-0.9562019,-0.5596251,-0.003198723,0.8287398,0.07087061,0.05371308,-0.1849509,-0.008608224,-0.03192253,0.004617463,0.9994426,-0.06388897,0.01691205,0.9978137
Fixation,23.2583,0.03557712,0.04990697,-0.05850472,-0.130513,0.2554492,-0.01083298,-0.9579117,-0.4865679,-0.2555743,0.8354241,0.1051397,0.05056143,-0.05335646,0.0003919909,0.2927141,-0.006950893,-0.9561747,-0.5597771,-0.003319625,0.8286366,0.07087282,0.05373096,-0.1849867,-0.008562747,-0.0320149,0.004657219,0.9994399,-0.06407369,0.0168177,0.9978034
Fixation,23.2691,0.03554142,0.04991114,-0.05850662,-0.1307967,0.2551355,-0.01082262,-0.9579567,-0.4859864,-0.2561176,0.8355961,0.105104,0.05056226,-0.05335816,0.0004247715,0.2927155,-0.006933776,-0.9561743,-0.5597799,-0.003246936,0.828635,0.07083734,0.05373299,-0.1849887,-0.008589894,-0.03201624,0.004632101,0.9994397,-0.06407618,0.01687356,0.9978024
Fixation,23.2801,0.03551054,0.04991972,-0.05850024,-0.1307845,0.2552191,-0.01086137,-0.9579356,-0.486126,-0.2561104,0.8355172,0.1050722,0.0505743,-0.05333919,0.0004356899,0.292802,-0.00696127,-0.9561477,-0.55993,-0.00324338,0.8285336,0.07080746,0.05374312,-0.184976,-0.008607457,-0.03210692,0.004655198,0.9994366,-0.06425781,0.01690629,0.9977901
Fixation,23.2913,0.03553589,0.04990923,-0.05854848,-0.1307851,0.2552487,-0.01086546,-0.9579276,-0.4861776,-0.2561121,0.8354867,0.1050972,0.05056381,-0.05338313,0.0001984723,0.2928581,-0.006969058,-0.9561306,-0.5600238,-0.003702359,0.8284682,0.07083321,0.05373251,-0.1850221,-0.008606716,-0.03213783,0.004655176,0.9994355,-0.0643195,0.0169045,0.9977862
Fixation,23.3026,0.03551857,0.04991019,-0.05855145,-0.130755,0.2552785,-0.01087086,-0.9579237,-0.4862318,-0.2560568,0.835472,0.1050796,0.05056429,-0.05338189,0.0002286309,0.2928871,-0.006971576,-0.9561216,-0.5600745,-0.003646571,0.8284342,0.07081633,0.05373263,-0.1850231,-0.008636419,-0.03216821,0.004649505,0.9994344,-0.06438035,0.01696393,0.9977812
Fixation,23.3136,0.0355312,0.04901457,-0.05892726,-0.1310656,0.2549028,-0.01099002,-0.95798,-0.4855027,-0.2567192,0.8356928,0.1050569,0.05058646,-0.05337577,0.0002233977,0.2929951,-0.007083072,-0.9560877,-0.5602612,-0.003723436,0.8283076,0.07079322,0.05374694,-0.185018,-0.008648411,-0.03218213,0.004761389,0.9994333,-0.06441015,0.01698056,0.997779
Fixation,23.3249,0.03550809,0.04902041,-0.05892125,-0.1310742,0.2549544,-0.01102783,-0.9579647,-0.4855837,-0.256752,0.8356357,0.105033,0.05059671,-0.05336166,0.0002133823,0.2930508,-0.007113129,-0.9560704,-0.5603575,-0.003761,0.8282423,0.07077052,0.05375493,-0.1850079,-0.008646507,-0.03224063,0.004792636,0.9994313,-0.06452747,0.01697414,0.9977716
Fixation,23.3357,0.03556002,0.04899442,-0.05897362,-0.1313409,0.2547107,-0.01110716,-0.957992,-0.4851041,-0.2573054,0.835744,0.1050842,0.05057907,-0.05340696,0.0002388642,0.2931001,-0.007180003,-0.9560548,-0.560443,-0.003752184,0.8281845,0.07082254,0.05373251,-0.185057,-0.008688518,-0.03229272,0.004850151,0.9994289,-0.06463285,0.01705386,0.9977634
Fixation,23.3466,0.03553533,0.04899991,-0.05896619,-0.1313087,0.2547109,-0.01119641,-0.9579954,-0.4850834,-0.2572899,0.8357607,0.1050591,0.050596,-0.05339811,0.0002679648,0.2931106,-0.007269668,-0.9560509,-0.5604612,-0.003749258,0.8281721,0.07079726,0.05374277,-0.1850493,-0.008740078,-0.03230458,0.00492898,0.9994277,-0.06465835,0.0171517,0.9977601
Fixation,23.3581,0.03551399,0.04901171,-0.05895168,-0.1313124,0.2546934,-0.01121943,-0.9579992,-0.4850456,-0.2573094,0.8357767,0.1050379,0.05061126,-0.05338567,0.0003161691,0.2932519,-0.007294125,-0.9560074,-0.5607066,-0.003673512,0.8280064,0.07077551,0.05375636,-0.1850359,-0.008742224,-0.03228997,0.004954447,0.9994281,-0.06462964,0.01715449,0.9977618
Fixation,23.3686,0.03553626,0.04901075,-0.05894002,-0.1315079,0.2545173,-0.01127126,-0.9580185,-0.4847001,-0.2577114,0.8358532,0.1050597,0.05061531,-0.05336986,0.0003478867,0.2932811,-0.00733774,-0.9559981,-0.5607574,-0.003638882,0.8279722,0.07079783,0.05375719,-0.1850224,-0.008784207,-0.03232083,0.004988017,0.9994265,-0.06469223,0.0172359,0.9977564
Fixation,23.3799,0.03553588,0.04900074,-0.05892222,-0.1314983,0.2545477,-0.01127632,-0.9580118,-0.4847538,-0.2576946,0.8358273,0.105059,0.0506053,-0.05334769,0.0003573825,0.2933112,-0.007339,-0.9559888,-0.5608097,-0.003621914,0.8279368,0.07079786,0.05374694,-0.1850025,-0.008793637,-0.03235235,0.004986536,0.9994254,-0.06475522,0.01725452,0.997752
Fixation,23.3912,0.0355215,0.04896116,-0.05891087,-0.1315197,0.254547,-0.01127296,-0.9580091,-0.4847514,-0.2577332,0.8358168,0.1050446,0.05056572,-0.05333639,0.0003048708,0.293301,-0.007335834,-0.955992,-0.5607914,-0.003720307,0.8279488,0.07078344,0.05370772,-0.184991,-0.008771865,-0.03235172,0.004988208,0.9994256,-0.0647538,0.0172109,0.9977528
Fixation,23.4020,0.03553537,0.04890132,-0.05889915,-0.1318829,0.2542536,-0.01128281,-0.9580369,-0.4841926,-0.2584348,0.835924,0.1050571,0.05051064,-0.05330962,8.42656E-05,0.2934013,-0.007321815,-0.9559613,-0.5609618,-0.004135351,0.8278313,0.07079808,0.05365419,-0.1849699,-0.008555101,-0.03245639,0.00503185,0.9994239,-0.06496148,0.01677371,0.9977468
Fixation,23.4132,0.03556552,0.04886115,-0.05891018,-0.1319629,0.2542137,-0.0112573,-0.9580368,-0.4841211,-0.2585741,0.8359224,0.1050877,0.05046964,-0.05332629,4.621223E-06,0.2933613,-0.007298679,-0.9559738,-0.5608915,-0.004273464,0.8278783,0.0708277,0.05361509,-0.1849832,-0.008472264,-0.03241435,0.005030687,0.9994259,-0.06487673,0.01660867,0.9977551
Fixation,23.4253,0.03559333,0.0488342,-0.05887996,-0.1319951,0.2542719,-0.01117146,-0.9580179,-0.484245,-0.2585886,0.8358462,0.1051153,0.05043077,-0.0532891,1.805881E-05,0.2934465,-0.007203242,-0.9559484,-0.5610396,-0.004193006,0.8277783,0.07085688,0.05358303,-0.184949,-0.008419318,-0.03246281,0.004946991,0.9994252,-0.06497159,0.01650777,0.9977506
Fixation,23.4359,0.03561375,0.04884911,-0.05884201,-0.1322736,0.2538821,-0.01102761,-0.9580845,-0.4835638,-0.259058,0.8360951,0.1051366,0.05042672,-0.05325745,-9.201933E-06,0.2934022,-0.007057944,-0.9559631,-0.5609632,-0.004159226,0.8278303,0.07087797,0.05358958,-0.1849137,-0.008355,-0.03241515,0.004814237,0.999428,-0.06487367,0.01638833,0.9977589
Fixation,23.4472,0.03563251,0.04886746,-0.05880466,-0.132254,0.2537968,-0.01080653,-0.9581124,-0.4834732,-0.2589138,0.8361921,0.1051573,0.05041611,-0.0532364,1.899712E-05,0.2932897,-0.006851604,-0.9559991,-0.5607696,-0.003982687,0.8279623,0.07089724,0.05359375,-0.1848843,-0.008328333,-0.03229573,0.004608497,0.999433,-0.0646316,0.01634955,0.9977753
Fixation,23.4584,0.03567797,0.0489099,-0.05877279,-0.1322877,0.2537013,-0.01059707,-0.9581354,-0.4833567,-0.2588761,0.8362712,0.1052048,0.05043268,-0.05322171,2.118014E-05,0.2931762,-0.006655031,-0.9560353,-0.5605739,-0.003861696,0.8280954,0.07094289,0.05362451,-0.1848605,-0.008252261,-0.03216931,0.004427253,0.9994386,-0.06437557,0.01621041,0.9977941
Fixation,23.4686,0.03571531,0.04892266,-0.05873267,-0.1325084,0.2533407,-0.01050225,-0.9582013,-0.4827195,-0.2592608,0.8365201,0.1052433,0.05043471,-0.05319414,-2.638531E-05,0.293089,-0.006566345,-0.9560627,-0.5604225,-0.003899499,0.8281977,0.07097977,0.05363309,-0.1848262,-0.008183285,-0.03207735,0.004354742,0.9994424,-0.06419021,0.01607807,0.9978082
Fixation,23.4828,0.03573915,0.0489279,-0.05871598,-0.1325918,0.2532194,-0.01048318,-0.9582221,-0.4825008,-0.2594139,0.8365988,0.1052685,0.05044162,-0.05319457,-0.0001098244,0.2929701,-0.006560569,-0.9560991,-0.5602155,-0.004054107,0.828337,0.07100192,0.0536406,-0.1848176,-0.008101502,-0.03195306,0.004371862,0.999447,-0.06394162,0.01591465,0.9978268
Fixation,23.4976,0.0358093,0.04893291,-0.05876693,-0.1324464,0.2526033,-0.01051554,-0.9584044,-0.4814067,-0.259187,0.837299,0.1053388,0.05045557,-0.05324972,-0.0001208093,0.2927583,-0.006601524,-0.9561638,-0.5598481,-0.004096328,0.8285852,0.07107101,0.05365157,-0.1848701,-0.008023815,-0.03192203,0.004439603,0.9994483,-0.06388009,0.01575533,0.9978332
Fixation,23.5042,0.03583215,0.04893708,-0.05875866,-0.1325067,0.2525102,-0.01055504,-0.9584202,-0.4812245,-0.2593246,0.8373612,0.1053624,0.05046833,-0.05325364,-0.0001832182,0.2926739,-0.006650812,-0.9561892,-0.5597008,-0.00424342,0.8286839,0.07109217,0.05366099,-0.1848676,-0.007976682,-0.03183424,0.004504092,0.9994512,-0.06370538,0.01565784,0.9978459
Fixation,23.5129,0.03586936,0.04895186,-0.05873366,-0.1326243,0.2525011,-0.0105693,-0.9584062,-0.4811937,-0.2595535,0.8373079,0.1053995,0.05048811,-0.05322893,-0.0003024037,0.2926702,-0.006661116,-0.9561902,-0.5596927,-0.004477331,0.8286881,0.0711289,0.05368006,-0.1848419,-0.007864374,-0.03183054,0.004545302,0.999452,-0.06369769,0.01543077,0.9978499
Fixation,23.5245,0.03586658,0.04897761,-0.05872744,-0.132569,0.2523789,-0.0105919,-0.9584457,-0.4809747,-0.2594668,0.8374606,0.105398,0.05051792,-0.05324008,-0.000411984,0.2924812,-0.006707367,-0.9562477,-0.5593633,-0.004711475,0.8289092,0.07112438,0.05370677,-0.184845,-0.007928261,-0.031707,0.00457181,0.9994553,-0.06345195,0.01555797,0.9978636
Fixation,23.5356,0.03588339,0.04899228,-0.05877711,-0.1323236,0.2516851,-0.01050747,-0.958663,-0.4797815,-0.2589966,0.8382902,0.1054158,0.05052161,-0.05329904,-0.0003383775,0.2924181,-0.006643706,-0.9562675,-0.5592553,-0.004532638,0.8289831,0.07114118,0.05371499,-0.1848998,-0.007982746,-0.03164046,0.004491519,0.9994574,-0.0633183,0.0156726,0.9978703
Fixation,23.5467,0.0358818,0.04903579,-0.05877154,-0.1322911,0.2516614,-0.01041364,-0.9586747,-0.4797677,-0.2588896,0.8383312,0.1054149,0.05055201,-0.05329874,-0.0003018491,0.292382,-0.006555452,-0.9562791,-0.5591937,-0.004410696,0.8290253,0.07114002,0.05375171,-0.184897,-0.00799495,-0.03160203,0.004397027,0.9994589,-0.06324017,0.01570334,0.9978748
Fixation,23.5577,0.03585516,0.04906559,-0.05877701,-0.1321108,0.2516489,-0.01045286,-0.9587024,-0.479751,-0.2585708,0.8384391,0.1053884,0.05058289,-0.05330643,-7.544644E-05,0.2920035,-0.006599881,-0.9563946,-0.55854,-0.003998689,0.829468,0.07111329,0.05377877,-0.184905,-0.008181489,-0.03158927,0.004396612,0.9994578,-0.06321622,0.01607634,0.9978704
Fixation,23.5687,0.0358452,0.04907739,-0.05880933,-0.1318676,0.2513276,-0.01050126,-0.9588197,-0.4791862,-0.2581531,0.8388907,0.1053776,0.05060029,-0.05332848,-3.449991E-05,0.2920749,-0.006649417,-0.9563724,-0.5586642,-0.003950245,0.8293846,0.07110392,0.05379236,-0.1849326,-0.008233817,-0.03166429,0.004433218,0.9994549,-0.06336705,0.01617791,0.9978592
Fixation,23.5798,0.03581451,0.04907167,-0.05883215,-0.1317713,0.2514203,-0.01065715,-0.9588069,-0.4793185,-0.2580452,0.8388483,0.1053453,0.05061173,-0.0533359,5.649682E-05,0.2921827,-0.006795295,-0.9563384,-0.5588518,-0.003862875,0.8292586,0.07107355,0.05379307,-0.1849486,-0.008359588,-0.03177826,0.004549462,0.9994497,-0.0635976,0.01642083,0.9978405
Fixation,23.5911,0.03577026,0.04906142,-0.05884318,-0.1318703,0.2516051,-0.01073193,-0.9587439,-0.4796193,-0.2582602,0.8386102,0.1052986,0.05061066,-0.0533186,-7.516006E-05,0.2920888,-0.00683873,-0.9563668,-0.558687,-0.004138794,0.8293682,0.07103107,0.05378902,-0.1849446,-0.0082718,-0.03198088,0.004617915,0.9994436,-0.06400257,0.01623902,0.9978176
Fixation,23.6059,0.03575427,0.04903531,-0.0588513,-0.1316743,0.2512194,-0.01082151,-0.958871,-0.4789242,-0.2579544,0.8391014,0.105282,0.05059803,-0.05332332,-8.652918E-05,0.2921124,-0.006934683,-0.9563589,-0.5587274,-0.00421692,0.8293406,0.07101449,0.05376947,-0.1849511,-0.008285855,-0.03200639,0.00471334,0.9994422,-0.06405517,0.01626075,0.9978139
Fixation,23.6170,0.03569622,0.04901171,-0.0588814,-0.1317291,0.2513362,-0.01084403,-0.9588326,-0.4791218,-0.2580632,0.8389551,0.1052225,0.05057657,-0.05333601,-0.0001425138,0.2922314,-0.006938661,-0.9563226,-0.558933,-0.004327967,0.8292016,0.07095776,0.05374801,-0.184972,-0.008232608,-0.03213078,0.004730998,0.9994386,-0.06430338,0.01615195,0.9977997
Fixation,23.6283,0.03563689,0.04899049,-0.05889127,-0.1317842,0.2514536,-0.01089107,-0.9587938,-0.4793137,-0.2581849,0.8388081,0.1051616,0.05056095,-0.05332796,-0.0003049299,0.2920816,-0.006968384,-0.956368,-0.5586708,-0.004653925,0.8293765,0.07089957,0.05373037,-0.1849724,-0.008184407,-0.03225918,0.00477232,0.9994346,-0.06456,0.01605166,0.9977847
Fixation,23.6399,0.03560412,0.04898524,-0.05888883,-0.1320214,0.2510617,-0.01092305,-0.9588634,-0.4785837,-0.2586658,0.8390767,0.1051283,0.05056,-0.05331902,-0.0003532097,0.2921256,-0.006989566,-0.9563544,-0.5587463,-0.00475925,0.829325,0.07086703,0.05372798,-0.1849663,-0.008143238,-0.03230536,0.004805066,0.9994333,-0.06465237,0.01596679,0.9977801
Fixation,23.6509,0.03557468,0.04898286,-0.05889475,-0.1320059,0.2510647,-0.01091071,-0.9588649,-0.4785938,-0.2586302,0.8390819,0.1050988,0.05055547,-0.05332483,-0.0003370401,0.2921265,-0.006977624,-0.9563541,-0.5587481,-0.004721357,0.8293239,0.07083775,0.05372441,-0.1849723,-0.008155726,-0.03230623,0.004789311,0.9994333,-0.06465396,0.01599276,0.9977796
Fixation,23.6614,0.03558533,0.04895747,-0.05894221,-0.1320686,0.2511584,-0.01094528,-0.9588314,-0.478746,-0.258761,0.8389547,0.1051082,0.05053461,-0.05335793,-0.0003842246,0.2918925,-0.006993561,-0.9564255,-0.5583414,-0.0048177,0.8295973,0.07084929,0.05370224,-0.185012,-0.008098135,-0.03240881,0.004823522,0.9994303,-0.06485881,0.01587439,0.9977682
Fixation,23.6725,0.0355687,0.04895186,-0.05894864,-0.1320021,0.2508762,-0.01091626,-0.9589147,-0.4782559,-0.2586347,0.8392731,0.1050913,0.05052531,-0.05335982,-0.0003917618,0.2919235,-0.006964258,-0.9564162,-0.5583952,-0.004815436,0.8295611,0.0708333,0.05369508,-0.185016,-0.008083152,-0.0324409,0.004796985,0.9994295,-0.06492233,0.01584584,0.9977645
Fixation,23.6837,0.03555256,0.04894078,-0.05894362,-0.1320327,0.250929,-0.01101682,-0.9588956,-0.4783202,-0.25874,0.839204,0.1050741,0.05052769,-0.05334528,-0.0004266571,0.2919888,-0.007055287,-0.9563957,-0.5585076,-0.004936235,0.8294847,0.07081707,0.05369103,-0.1850061,-0.008073061,-0.03250997,0.004893507,0.9994268,-0.06506168,0.01581869,0.9977558
Fixation,23.6949,0.0355708,0.048926,-0.05896061,-0.1319877,0.2509211,-0.01104545,-0.9589035,-0.4783024,-0.25867,0.8392357,0.1050924,0.05051589,-0.05336317,-0.0004586131,0.2916448,-0.007086918,-0.9565004,-0.5579103,-0.005011054,0.8298861,0.07083508,0.05367684,-0.1850239,-0.008123946,-0.03250457,0.004912324,0.9994265,-0.06505168,0.01591923,0.9977549
Fixation,23.7056,0.03557633,0.04893756,-0.05895517,-0.1318163,0.2505759,-0.01103362,-0.9590175,-0.4777046,-0.2583579,0.8396723,0.1050976,0.05052507,-0.05335345,-0.0004125368,0.2916749,-0.007079272,-0.9564913,-0.5579631,-0.004918867,0.8298512,0.07084119,0.05368638,-0.1850167,-0.008166377,-0.0325359,0.00489273,0.9994252,-0.0651143,0.01600499,0.9977494
Fixation,23.7168,0.03558025,0.04895198,-0.05894088,-0.1317943,0.2505549,-0.01097515,-0.9590266,-0.4776848,-0.2582882,0.839705,0.105102,0.05053127,-0.05334334,-0.0003879657,0.2916462,-0.007025213,-0.9565004,-0.5579141,-0.004839933,0.8298846,0.0708453,0.05369651,-0.1850046,-0.008176084,-0.03250549,0.004834339,0.9994264,-0.06505274,0.0160285,0.9977531
Fixation,23.7283,0.0355871,0.04895711,-0.05892463,-0.1318177,0.2505412,-0.01085871,-0.9590284,-0.4776896,-0.2582749,0.8397064,0.1051096,0.05052137,-0.05333099,-0.0004758165,0.2912306,-0.006910402,-0.9566278,-0.5571921,-0.004935401,0.8303689,0.07085279,0.05369496,-0.1849899,-0.008128125,-0.03247577,0.004728945,0.9994283,-0.06499128,0.01593981,0.9977585
Fixation,23.7394,0.03562187,0.04891562,-0.05891491,-0.1314576,0.2502772,-0.01073985,-0.959148,-0.4772821,-0.2575504,0.8401605,0.1051454,0.05046773,-0.05333186,-0.0005124291,0.2911568,-0.006813497,-0.956651,-0.5570639,-0.004948024,0.8304549,0.07088739,0.05364835,-0.184985,-0.008067736,-0.03239779,0.004645422,0.9994317,-0.06483371,0.0158253,0.9977706
Fixation,23.7505,0.0356316,0.04890466,-0.0589084,-0.1315653,0.2502571,-0.01064903,-0.9591395,-0.4772609,-0.257709,0.8401239,0.1051557,0.05044746,-0.05332917,-0.0006174124,0.2911288,-0.006721577,-0.95666,-0.5570143,-0.005094997,0.8304873,0.0708973,0.053635,-0.1849795,-0.007942528,-0.03236774,0.004584168,0.999434,-0.06477166,0.01557931,0.9977785
Fixation,23.7613,0.0356464,0.04889154,-0.05889674,-0.1316991,0.2502208,-0.01065248,-0.9591306,-0.4771831,-0.2579641,0.8400898,0.1051707,0.05043864,-0.05332176,-0.0007339391,0.2907282,-0.006721111,-0.9567818,-0.5563169,-0.005312472,0.8309532,0.0709113,0.0536263,-0.1849689,-0.007812891,-0.03233513,0.004621911,0.9994359,-0.06470601,0.01531807,0.9977868
Fixation,23.7730,0.0356525,0.04886651,-0.05889881,-0.1316487,0.2498031,-0.01068703,-0.959246,-0.4764314,-0.2579063,0.8405341,0.1051774,0.05042052,-0.05333263,-0.0007520849,0.2906676,-0.006768121,-0.9567999,-0.5562112,-0.005373736,0.8310236,0.07091615,0.05360472,-0.1849755,-0.007807704,-0.03227226,0.004672449,0.9994377,-0.0645812,0.01530505,0.9977951
Fixation,23.7835,0.03565726,0.04886258,-0.05890075,-0.1317177,0.2497811,-0.01073555,-0.9592417,-0.4763727,-0.2580613,0.8405197,0.1051821,0.05042529,-0.0533364,-0.0008236469,0.2906541,-0.006816145,-0.9568036,-0.5561866,-0.005538418,0.831039,0.07092011,0.05360627,-0.1849779,-0.007751096,-0.03225861,0.004737502,0.9994383,-0.06455443,0.01518783,0.9977986
Fixation,23.7949,0.03566629,0.04886687,-0.05888932,-0.1316901,0.249787,-0.01080585,-0.9592432,-0.4763668,-0.2580439,0.8405284,0.1051908,0.0504384,-0.05332306,-0.0007823739,0.2902806,-0.006883183,-0.9569165,-0.5555378,-0.005493442,0.8314731,0.07092874,0.05361426,-0.1849658,-0.007793425,-0.0322737,0.004798516,0.9994372,-0.06458586,0.01526835,0.9977953
Fixation,23.8060,0.03568036,0.04887962,-0.05888381,-0.1312192,0.2494339,-0.01086109,-0.9593989,-0.475763,-0.2572014,0.8411285,0.1052053,0.0504626,-0.05332657,-0.0007957109,0.2902185,-0.00696417,-0.9569348,-0.5554293,-0.005565149,0.8315452,0.07094125,0.05363262,-0.184965,-0.007801672,-0.03220963,0.004880628,0.9994388,-0.06445926,0.01528018,0.9978033
Fixation,23.8175,0.03568931,0.04885817,-0.05886992,-0.1312047,0.2493817,-0.01083796,-0.9594148,-0.4756769,-0.257165,0.8411882,0.1052149,0.05043864,-0.05332065,-0.0007802402,0.2901639,-0.006948957,-0.9569514,-0.5553347,-0.005525977,0.8316086,0.0709497,0.05360973,-0.1849552,-0.007812786,-0.03215246,0.00486231,0.9994406,-0.06434493,0.01530416,0.9978104
Fixation,23.8286,0.03570279,0.04884291,-0.05886248,-0.1311515,0.2492781,-0.01079996,-0.9594494,-0.4755066,-0.2570508,0.8413194,0.1052298,0.05041885,-0.05332898,-0.0007067985,0.28974,-0.006925027,-0.9570801,-0.5545989,-0.005365839,0.8321005,0.07096215,0.05359137,-0.1849562,-0.007860677,-0.03203962,0.004828206,0.999444,-0.06411952,0.01540323,0.9978234
Fixation,23.8397,0.03571319,0.04886043,-0.05886439,-0.1312169,0.2493377,-0.01070519,-0.959426,-0.4756328,-0.2571242,0.8412256,0.10524,0.05042458,-0.0533253,-0.0007856223,0.289777,-0.006821667,-0.9570696,-0.5546628,-0.005457315,0.8320574,0.07097374,0.05360472,-0.1849544,-0.007757702,-0.03207735,0.004748527,0.999444,-0.06419271,0.01520214,0.9978217
Fixation,23.8503,0.03574262,0.04884052,-0.05888773,-0.1311699,0.2493507,-0.01072433,-0.9594288,-0.475655,-0.2570447,0.8412374,0.1052693,0.05040586,-0.05334675,-0.0007390376,0.2897907,-0.006840904,-0.9570653,-0.5546872,-0.005379476,0.8320416,0.0710033,0.05358446,-0.1849772,-0.007807648,-0.03209186,0.004754945,0.9994431,-0.06422223,0.01530141,0.9978183
Fixation,23.8612,0.03576468,0.04882312,-0.05891151,-0.1310303,0.2493782,-0.01072509,-0.9594408,-0.4757166,-0.2567808,0.8412832,0.1052912,0.05038464,-0.05336747,-0.0008963249,0.2897854,-0.006853356,-0.9570667,-0.5546756,-0.00568769,0.8320473,0.07102602,0.05356276,-0.1850005,-0.007944385,-0.03211593,0.004721277,0.9994414,-0.064271,0.01557664,0.9978109
Fixation,23.8729,0.0357686,0.04884923,-0.05892139,-0.1314531,0.2494333,-0.01062287,-0.9593697,-0.4758048,-0.2575236,0.8410062,0.1052946,0.05039501,-0.0533674,-0.0009422489,0.2898528,-0.006727464,-0.9570472,-0.5547928,-0.005703501,0.831969,0.07103181,0.05358231,-0.1850047,-0.007867283,-0.03218516,0.004611079,0.9994404,-0.06440684,0.01542895,0.9978045
Fixation,23.8838,0.03578206,0.04887855,-0.05892829,-0.1313699,0.2494206,-0.01062068,-0.9593845,-0.47579,-0.2573666,0.8410627,0.1053083,0.05042231,-0.05337669,-0.000858355,0.2898375,-0.006730607,-0.9570519,-0.5547675,-0.005544545,0.831987,0.07104529,0.05360925,-0.1850134,-0.007949162,-0.03216927,0.004592501,0.9994403,-0.06437556,0.01559395,0.9978039
Fixation,23.8946,0.03582511,0.04888749,-0.05893703,-0.1312649,0.2494722,-0.01059787,-0.9593857,-0.4758979,-0.2571551,0.8410662,0.105351,0.05042458,-0.05337913,-0.0008291872,0.2898293,-0.006707715,-0.9570546,-0.5547538,-0.005475339,0.8319966,0.07108943,0.05361307,-0.1850197,-0.008045766,-0.03221578,0.004540321,0.9994383,-0.06446842,0.01578995,0.9977948
Fixation,23.9061,0.03585016,0.04890728,-0.05894648,-0.1312216,0.249532,-0.01049535,-0.9593772,-0.4760363,-0.2570199,0.8410293,0.1053759,0.05042827,-0.05338216,-0.0007814164,0.2898738,-0.006599977,-0.9570418,-0.5548325,-0.005322018,0.8319451,0.07111616,0.05362451,-0.185026,-0.00806392,-0.03226124,0.004423562,0.9994372,-0.0645575,0.01583334,0.9977884
Fixation,23.9168,0.03586052,0.04892838,-0.05895586,-0.1314759,0.2492043,-0.01048703,-0.9594277,-0.4754294,-0.2575099,0.8412226,0.1053869,0.05044687,-0.05339814,-0.0007312004,0.2898291,-0.006592022,-0.9570555,-0.5547554,-0.005220718,0.8319972,0.07112615,0.05364335,-0.1850391,-0.008110465,-0.03221443,0.004403211,0.9994384,-0.06446409,0.01592813,0.9977929
Fixation,23.9285,0.03587452,0.04893994,-0.05896786,-0.1314401,0.2491539,-0.01053946,-0.9594451,-0.4753284,-0.2574709,0.8412917,0.1054012,0.0504657,-0.0534166,-0.0006771912,0.2896227,-0.006650564,-0.9571175,-0.5543969,-0.005148612,0.8322365,0.07113915,0.05365777,-0.1850548,-0.0081589,-0.0321692,0.004453003,0.9994392,-0.06437498,0.01602215,0.9977971
Fixation,23.9396,0.03589572,0.04892099,-0.05896998,-0.1314467,0.2491179,-0.01046679,-0.9594543,-0.4752827,-0.2574492,0.8413241,0.1054231,0.05043757,-0.05342513,-0.0006810278,0.2895783,-0.006583198,-0.9571314,-0.5543201,-0.005116369,0.8322878,0.07116038,0.05363464,-0.18506,-0.00813787,-0.03212228,0.004389254,0.9994412,-0.06428011,0.01598466,0.9978039
Fixation,23.9502,0.03591546,0.04892576,-0.05897016,-0.1315801,0.2488773,-0.01048099,-0.9594983,-0.4748365,-0.2577187,0.8414935,0.1054434,0.05044389,-0.05343191,-0.0006480562,0.2895334,-0.006601098,-0.957145,-0.5542424,-0.005063044,0.8323399,0.07117949,0.05363941,-0.1850638,-0.008174446,-0.03207555,0.004398346,0.9994423,-0.06418724,0.01605762,0.9978087
Fixation,23.9617,0.03592376,0.04893374,-0.05896854,-0.1315638,0.2488306,-0.01050207,-0.9595124,-0.4747488,-0.2577006,0.8415486,0.1054521,0.05045521,-0.05343667,-0.0005673706,0.2894108,-0.006626381,-0.9571819,-0.5540301,-0.004921646,0.8324822,0.07118703,0.05364871,-0.1850656,-0.00819676,-0.03203028,0.004421615,0.9994435,-0.0640974,0.01610115,0.9978138
Fixation,23.9724,0.03593194,0.04895294,-0.05897963,-0.1316936,0.2487817,-0.01049348,-0.9595073,-0.474652,-0.2579431,0.8415289,0.1054607,0.05047715,-0.05345407,-0.0006979104,0.2893655,-0.006618886,-0.9571956,-0.5539495,-0.005166628,0.8325343,0.07119432,0.0536716,-0.1850789,-0.008068831,-0.03198296,0.004448473,0.999446,-0.06400226,0.01584417,0.997824
Fixation,23.9835,0.03593834,0.04890919,-0.05899989,-0.1317682,0.2487007,-0.01049167,-0.9595181,-0.4745007,-0.2580866,0.8415702,0.1054674,0.05042946,-0.05347632,-0.0005676965,0.2893536,-0.006617868,-0.9571993,-0.5539306,-0.004916605,0.8325484,0.07120094,0.05362368,-0.1851012,-0.008194373,-0.03197051,0.004413897,0.9994455,-0.0639779,0.01609743,0.9978215
Fixation,23.9950,0.03593478,0.04891753,-0.05900469,-0.1317545,0.2486844,-0.01049934,-0.9595242,-0.4744707,-0.2580652,0.8415937,0.105464,0.05043876,-0.05348339,-0.0005135797,0.2894672,-0.00662786,-0.9571649,-0.5541288,-0.004820257,0.832417,0.07119714,0.05363226,-0.1851072,-0.008210192,-0.03195451,0.004420551,0.9994459,-0.06394619,0.01612877,0.997823
Fixation,24.0066,0.03592652,0.04892898,-0.05901404,-0.1317625,0.2486986,-0.01050158,-0.9595194,-0.4744947,-0.2580809,0.8415753,0.1054555,0.05045044,-0.05349063,-0.000521787,0.2894816,-0.006627807,-0.9571605,-0.5541537,-0.004836124,0.8324003,0.07118904,0.05364382,-0.1851154,-0.008202218,-0.03196955,0.004422518,0.9994454,-0.06397619,0.01611257,0.9978213
Fixation,24.0168,0.03593299,0.04888618,-0.05905463,-0.1321079,0.2482093,-0.01056953,-0.9595978,-0.4735696,-0.2587878,0.8418792,0.1054618,0.05041659,-0.05353144,-0.0005376791,0.2894801,-0.006688863,-0.9571605,-0.5541506,-0.004901876,0.832402,0.07119489,0.05360556,-0.1851562,-0.008202667,-0.03196856,0.004485616,0.9994451,-0.06397523,0.01610943,0.9978215
Fixation,24.0284,0.03592538,0.04887927,-0.05907419,-0.1320923,0.2482226,-0.01059269,-0.9595963,-0.4735886,-0.2587693,0.8418743,0.105454,0.05041206,-0.05354878,-0.0005633268,0.2895873,-0.006712595,-0.9571279,-0.5543367,-0.004966117,0.8322777,0.07118732,0.05359948,-0.1851748,-0.008222559,-0.03198499,0.004502742,0.9994444,-0.06400849,0.01614794,0.9978187
Fixation,24.0394,0.0359135,0.04888201,-0.05909353,-0.1322318,0.248111,-0.01059599,-0.9596059,-0.4733753,-0.2590388,0.8419114,0.1054414,0.05041361,-0.05355867,-0.0005633328,0.2896524,-0.006703724,-0.9571083,-0.5544499,-0.00496184,0.8322024,0.07117636,0.05360162,-0.1851893,-0.00822011,-0.03205283,0.004493697,0.9994423,-0.06414378,0.01614298,0.9978101
Fixation,24.0505,0.03589257,0.04886496,-0.05911402,-0.1322543,0.2481585,-0.01061074,-0.9595904,-0.4734544,-0.2590862,0.8418523,0.1054198,0.05039823,-0.05357198,-0.0005865363,0.2897016,-0.00671085,-0.9570934,-0.554535,-0.005011027,0.8321453,0.07115592,0.05358589,-0.185206,-0.008199433,-0.03210419,0.004506226,0.9994407,-0.06424636,0.01610036,0.9978042
Fixation,24.0617,0.03587233,0.0488528,-0.05914771,-0.1322956,0.2481498,-0.01067587,-0.9595862,-0.4734174,-0.2591965,0.8418391,0.1053994,0.05039608,-0.05360547,-0.0006040861,0.2898778,-0.006775024,-0.9570395,-0.5548409,-0.005084127,0.831941,0.07113498,0.05357921,-0.1852394,-0.008173117,-0.03210574,0.004579368,0.9994406,-0.06425041,0.01604304,0.9978048
Fixation,24.0728,0.03585437,0.04885066,-0.05916415,-0.1327141,0.2479387,-0.01070256,-0.9595826,-0.4729945,-0.2600075,0.8418268,0.1053807,0.05039418,-0.05361333,-0.0005764845,0.2899373,-0.006782489,-0.9570215,-0.5549447,-0.005036409,0.831872,0.0711178,0.05357671,-0.1852517,-0.008201575,-0.03216793,0.004578991,0.9994383,-0.06437483,0.01609934,0.9977959
Fixation,24.0837,0.03584336,0.04885161,-0.05917989,-0.1327584,0.2480324,-0.0107586,-0.9595517,-0.4731432,-0.2601141,0.8417103,0.1053684,0.05040205,-0.05361443,-0.0006233497,0.2900376,-0.006823165,-0.9569907,-0.5551181,-0.005151028,0.8317556,0.07110756,0.05358183,-0.1852597,-0.008166623,-0.03227302,0.004629684,0.999435,-0.06458519,0.01602519,0.9977835
Fixation,24.0946,0.03581471,0.04883349,-0.05920888,-0.1327779,0.2480247,-0.01071851,-0.9595514,-0.4731386,-0.2601313,0.8417076,0.10534,0.05037904,-0.0536451,-0.0004202779,0.290095,-0.006776989,-0.9569738,-0.555221,-0.004736331,0.8316894,0.07107906,0.05356169,-0.1852894,-0.008139115,-0.03226008,0.004596251,0.9994358,-0.06455858,0.0159725,0.9977861
Fixation,24.1057,0.03579934,0.04883409,-0.05923065,-0.1330868,0.2481177,-0.0107137,-0.9594846,-0.4732785,-0.2607059,0.841451,0.1053243,0.05037642,-0.05366255,-0.0003986801,0.2901251,-0.006757839,-0.9569647,-0.5552736,-0.004684283,0.8316545,0.0710643,0.05356038,-0.185309,-0.008154948,-0.03229131,0.004571945,0.9994348,-0.06462069,0.01600541,0.9977815
Fixation,24.1171,0.03579333,0.04884756,-0.05925039,-0.1331006,0.2481304,-0.01071821,-0.9594794,-0.4732988,-0.2607337,0.841431,0.1053181,0.0503906,-0.0536803,-0.0004128627,0.2901385,-0.006759933,-0.9569607,-0.5552968,-0.004712821,0.8316389,0.07105841,0.05357432,-0.1853277,-0.008141764,-0.03230537,0.004577547,0.9994344,-0.06464873,0.01597856,0.9977801
Fixation,24.1289,0.03577858,0.04886115,-0.05927125,-0.1329371,0.2481481,-0.01064998,-0.9594983,-0.4733638,-0.2603914,0.8415005,0.1053037,0.05039072,-0.05370091,-0.0001004459,0.2902066,-0.006693067,-0.9569407,-0.5554197,-0.004076987,0.8315602,0.07104475,0.05357862,-0.1853495,-0.008287518,-0.0323088,0.004473567,0.9994336,-0.06465515,0.01627658,0.9977749
Fixation,24.1396,0.03581253,0.04884613,-0.05927796,-0.1332441,0.2477704,-0.01065974,-0.9595531,-0.472657,-0.260992,0.8417117,0.1053383,0.05037701,-0.05371623,-9.469083E-05,0.2901475,-0.006703745,-0.9569585,-0.555317,-0.00407138,0.8316288,0.07107788,0.05356419,-0.1853607,-0.00829597,-0.03224713,0.0044828,0.9994355,-0.06453222,0.01629346,0.9977826
Fixation,24.1505,0.03580247,0.04887772,-0.05930329,-0.1331242,0.2477295,-0.01064614,-0.9595805,-0.4725982,-0.2607614,0.8418161,0.1053289,0.05040455,-0.05374839,2.67541E-05,0.2901022,-0.006701354,-0.9569722,-0.5552398,-0.003836948,0.8316815,0.07106759,0.05359161,-0.1853904,-0.008412738,-0.03219974,0.004449329,0.9994362,-0.06443804,0.01652946,0.9977848
Fixation,24.1615,0.0358021,0.04889464,-0.05931964,-0.1330691,0.2476762,-0.01071642,-0.9596011,-0.4724887,-0.260695,0.8418981,0.1053288,0.05043077,-0.05377139,0.0001717257,0.2901456,-0.006778395,-0.9569585,-0.555317,-0.003604775,0.8316309,0.07106609,0.05361199,-0.1854107,-0.008484041,-0.03215373,0.004512726,0.9994367,-0.06434781,0.01666832,0.9977883
Fixation,24.1732,0.035804,0.04890001,-0.05931392,-0.1329961,0.2476762,-0.01082844,-0.95961,-0.4724648,-0.2606126,0.8419371,0.1053303,0.05044961,-0.0537641,0.0002406696,0.2901578,-0.006892595,-0.956954,-0.5553387,-0.003539261,0.8316168,0.07106731,0.05362236,-0.1854049,-0.008580203,-0.03216746,0.00460506,0.9994351,-0.0643776,0.01685444,0.9977832
Fixation,24.1835,0.03578906,0.04891944,-0.05933823,-0.133307,0.2473317,-0.01091443,-0.9596547,-0.4717962,-0.2612563,0.8421125,0.1053156,0.05047953,-0.05379409,0.000280004,0.2901197,-0.006977377,-0.9569649,-0.5552728,-0.003512642,0.8316609,0.07105123,0.05364597,-0.1854326,-0.008640247,-0.03212846,0.004677003,0.9994355,-0.06430147,0.01697021,0.9977862
Fixation,24.1946,0.0357856,0.04893768,-0.05934626,-0.1332391,0.2473677,-0.01094908,-0.9596545,-0.4718573,-0.2611438,0.8421132,0.1053116,0.05050015,-0.0537968,0.0004502712,0.2901571,-0.007006486,-0.9569533,-0.5553399,-0.003204186,0.8316174,0.07104815,0.05366421,-0.1854385,-0.008713352,-0.0321681,0.004690679,0.9994335,-0.06438149,0.01711505,0.9977786
Fixation,24.2061,0.03577856,0.04895854,-0.05935694,-0.1331958,0.2473606,-0.01100919,-0.9596617,-0.4718322,-0.2610922,0.8421432,0.1053044,0.05052841,-0.05380767,0.00049135,0.2901567,-0.007068926,-0.956953,-0.5553395,-0.003161794,0.8316177,0.07104065,0.05368781,-0.1854497,-0.008769213,-0.0321682,0.004740335,0.9994328,-0.06438304,0.0172235,0.9977766
Fixation,24.2169,0.03582953,0.048944,-0.05935818,-0.1338314,0.246815,-0.01099967,-0.9597138,-0.4707992,-0.2623096,0.842343,0.1053551,0.05050993,-0.05380423,0.0004820754,0.2901885,-0.007038927,-0.9569435,-0.5553948,-0.003162593,0.8315808,0.07109227,0.0536716,-0.1854485,-0.008752414,-0.03220124,0.004713551,0.999432,-0.0644484,0.01719132,0.9977729
Fixation,24.2282,0.03581619,0.04896045,-0.05937088,-0.1338795,0.2468124,-0.0109893,-0.9597079,-0.4707932,-0.2623951,0.8423198,0.1053418,0.05052614,-0.05381717,0.0003872672,0.2902817,-0.007028985,-0.9569154,-0.5555555,-0.003339608,0.8314728,0.07107888,0.05368876,-0.1854609,-0.008702855,-0.03219861,0.004714299,0.9994325,-0.06444273,0.01709224,0.997775
Fixation,24.2392,0.03581281,0.04892159,-0.05937774,-0.1338731,0.2468785,-0.01095301,-0.9596922,-0.4709221,-0.2623621,0.842258,0.1053379,0.05048108,-0.05381534,0.0003954177,0.2903415,-0.006984193,-0.9568976,-0.5556597,-0.003298854,0.8314033,0.07107668,0.0536468,-0.1854633,-0.008698987,-0.03226068,0.004668522,0.9994307,-0.06456585,0.01708685,0.9977672
Fixation,24.2503,0.03584228,0.04887438,-0.05936921,-0.1342841,0.2468066,-0.01095987,-0.9596532,-0.4707539,-0.2631423,0.8421086,0.1053664,0.05043375,-0.05379474,0.0003177682,0.2904233,-0.006966725,-0.9568729,-0.5558007,-0.00343847,0.8313084,0.07110713,0.05360091,-0.1854481,-0.008619298,-0.03234596,0.004671236,0.9994287,-0.06473549,0.01692656,0.9977589
Fixation,24.2617,0.03588542,0.0488404,-0.05935602,-0.1345351,0.2467661,-0.01087098,-0.9596294,-0.470683,-0.2635729,0.8420136,0.1054101,0.05039442,-0.05378735,6.999075E-05,0.2904501,-0.006873142,-0.9568655,-0.5558443,-0.003858666,0.8312775,0.07114986,0.05356896,-0.1854357,-0.008354212,-0.03229945,0.004645398,0.9994326,-0.06463986,0.01639886,0.9977739
Fixation,24.2726,0.03589829,0.04884601,-0.05933761,-0.134422,0.2468382,-0.01077038,-0.9596279,-0.47085,-0.2633073,0.8420033,0.1054228,0.05038226,-0.05376125,0.0001885104,0.2905042,-0.006768829,-0.9568498,-0.5559404,-0.003571994,0.8312145,0.07116469,0.05356407,-0.185414,-0.0084415,-0.03235509,0.004513543,0.9994306,-0.06474954,0.01658132,0.9977638
Fixation,24.2836,0.03592037,0.04886472,-0.05930742,-0.1341742,0.2462658,-0.01050527,-0.9598125,-0.4699189,-0.2627384,0.8427009,0.1054466,0.05036652,-0.05374362,0.0002309233,0.2904173,-0.006526029,-0.9568778,-0.5557908,-0.003348613,0.8313155,0.07118797,0.05356586,-0.18539,-0.008419663,-0.03226225,0.00426865,0.9994349,-0.06455991,0.01655438,0.9977765
Fixation,24.2954,0.0359662,0.0488838,-0.05923793,-0.1341916,0.2461675,-0.01026509,-0.9598379,-0.4698069,-0.2626582,0.8427883,0.1054945,0.0503552,-0.05369241,0.0005482636,0.2893226,-0.006283856,-0.9572108,-0.5538924,-0.002586515,0.8325843,0.07123418,0.05357075,-0.1853292,-0.008354629,-0.03212787,0.00405425,0.9994407,-0.06428754,0.0164394,0.997796
Fixation,24.3066,0.03599886,0.04888916,-0.05920693,-0.1342696,0.2460534,-0.01013416,-0.9598576,-0.4696311,-0.2627465,0.8428588,0.1055289,0.05034673,-0.05367956,0.0004749745,0.2891961,-0.006166589,-0.9572499,-0.5536717,-0.002657369,0.8327308,0.07126608,0.05357099,-0.1853066,-0.008253777,-0.03199483,0.003960732,0.9994461,-0.0640196,0.01624496,0.9978164
Fixation,24.3175,0.03596471,0.04913199,-0.05931271,-0.1343634,0.2457335,-0.0101509,-0.9599263,-0.4690444,-0.2629468,0.843123,0.105554,0.05033982,-0.05367928,0.0004365612,0.2890827,-0.006197726,-0.957284,-0.5534738,-0.002747484,0.832862,0.07128809,0.05356193,-0.185298,-0.008224938,-0.03187665,0.004001474,0.99945,-0.06378406,0.01618572,0.9978325
Fixation,24.3288,0.03598154,0.04913139,-0.05929442,-0.1344829,0.2456217,-0.01026423,-0.959937,-0.468802,-0.2632325,0.8431686,0.1055715,0.05035961,-0.05367414,0.001424163,0.2875613,-0.006274671,-0.9577406,-0.5508362,-0.0008807487,0.8346129,0.07130241,0.05357325,-0.1852858,-0.008135412,-0.03178238,0.00415256,0.9994531,-0.06359757,0.01599797,0.9978474
Fixation,24.3396,0.03599317,0.04913306,-0.05925322,-0.1345065,0.2456101,-0.01035693,-0.9599357,-0.4687536,-0.2633227,0.8431674,0.1055829,0.05037463,-0.05363273,0.00139654,0.2875628,-0.006366973,-0.9577397,-0.5508384,-0.0009867656,0.8346114,0.07131321,0.05358171,-0.1852445,-0.008132435,-0.03178456,0.004248851,0.9994527,-0.06360342,0.01598587,0.9978472
Fixation,24.3507,0.0360022,0.04912889,-0.05924664,-0.1347792,0.2452796,-0.0104941,-0.9599804,-0.4680984,-0.2639188,0.843345,0.1055923,0.0503912,-0.053636,0.001344929,0.2874952,-0.006507713,-0.9577591,-0.5507198,-0.001165636,0.8346894,0.07132006,0.05358815,-0.1852428,-0.008118832,-0.03171502,0.004398488,0.9994543,-0.06346685,0.01594981,0.9978565
Fixation,24.3614,0.03599329,0.04913628,-0.05925522,-0.1348558,0.2451926,-0.01054055,-0.9599914,-0.4679227,-0.2640898,0.843389,0.1055841,0.05040836,-0.05365565,0.00226832,0.2873756,-0.006530432,-0.9577931,-0.5505224,0.0005917894,0.8348202,0.07130951,0.05360162,-0.1852565,-0.00805639,-0.03163523,0.004472191,0.999457,-0.06330817,0.01582107,0.9978686
Fixation,24.3728,0.03597409,0.04913127,-0.0592582,-0.1348692,0.2451493,-0.01048861,-0.9600011,-0.467858,-0.2640916,0.8434243,0.1055656,0.05039752,-0.05366569,0.002256945,0.2873268,-0.006484592,-0.9578081,-0.550437,0.0005970458,0.8348765,0.07129006,0.05359399,-0.1852629,-0.008033682,-0.03158391,0.004431027,0.999459,-0.06320484,0.01577877,0.9978758
Fixation,24.3839,0.03593902,0.0491358,-0.059267,-0.1344992,0.2448502,-0.01043449,-0.96013,-0.4673692,-0.2633833,0.8439167,0.1055314,0.05039644,-0.05368433,0.002298186,0.2872593,-0.006453347,-0.9578284,-0.5503199,0.0006949671,0.8349537,0.07125452,0.05359519,-0.185277,-0.008065598,-0.03151334,0.00439053,0.9994612,-0.06306355,0.01584578,0.9978837
Fixation,24.3951,0.03590412,0.04914987,-0.05927957,-0.1344466,0.2448765,-0.01036065,-0.9601314,-0.4674412,-0.263247,0.8439193,0.1054966,0.05039883,-0.05369483,0.00194576,0.2870813,-0.006390548,-0.9578829,-0.5500054,5.840743E-05,0.8351611,0.07122059,0.0536027,-0.1852887,-0.008100745,-0.03152797,0.004304154,0.9994608,-0.06309167,0.01592135,0.9978808
Fixation,24.4063,0.03585443,0.04916632,-0.05930202,-0.1343643,0.2449736,-0.01041817,-0.9601175,-0.4676073,-0.2631153,0.8438684,0.1054457,0.05041921,-0.05370285,0.002026561,0.2871816,-0.006437471,-0.9578524,-0.5501813,0.0001848459,0.8350453,0.07117197,0.05361962,-0.1853045,-0.008190737,-0.03163296,0.004328276,0.9994566,-0.06330245,0.01609874,0.9978645
Fixation,24.4171,0.03581358,0.04913402,-0.05932908,-0.1340473,0.24469,-0.01054298,-0.9602328,-0.4670923,-0.2625927,0.8443162,0.1054032,0.0504024,-0.05371358,0.002073568,0.287295,-0.006560188,-0.9578174,-0.5503795,0.0002027797,0.8349146,0.07113161,0.05359375,-0.1853239,-0.008267512,-0.03175217,0.004434266,0.9994518,-0.06354284,0.01624436,0.9978469
Fixation,24.4281,0.03574537,0.04912484,-0.05937045,-0.1339948,0.2448562,-0.01066234,-0.9601965,-0.4673627,-0.2625442,0.8441817,0.1053327,0.05040514,-0.05372939,0.002501986,0.2870862,-0.006642433,-0.9578785,-0.5500208,0.0009792948,0.8351504,0.07106489,0.05358934,-0.1853529,-0.008338684,-0.0319374,0.004514906,0.9994449,-0.06391464,0.01637972,0.9978209
Fixation,24.4396,0.03568537,0.0491184,-0.05941048,-0.1340192,0.2450476,-0.01082481,-0.9601424,-0.4676597,-0.2626602,0.8439811,0.1052699,0.0504179,-0.05373903,0.002470945,0.2872958,-0.006775061,-0.9578148,-0.5503858,0.0008405212,0.83491,0.07100629,0.05359244,-0.1853775,-0.008342404,-0.0321569,0.004650136,0.9994372,-0.06435519,0.01637635,0.9977927
Fixation,24.4507,0.03563906,0.04910851,-0.05942043,-0.1336936,0.2448689,-0.01093148,-0.9602321,-0.467339,-0.2621074,0.8443305,0.1052217,0.05042148,-0.05372876,0.002482377,0.2874356,-0.00687522,-0.9577721,-0.5506298,0.0008027372,0.8347492,0.07096089,0.05358875,-0.1853775,-0.008378945,-0.03230343,0.004743399,0.9994317,-0.06464963,0.01644191,0.9977726
Fixation,24.4615,0.03558614,0.04909241,-0.05944181,-0.1336527,0.2449422,-0.01095998,-0.9602188,-0.4674667,-0.2620408,0.8442805,0.1051679,0.05040681,-0.05373941,0.001848353,0.2871886,-0.006914552,-0.9578474,-0.5501913,-0.0004306815,0.8350385,0.07090883,0.05357265,-0.1853938,-0.008422754,-0.03238117,0.004751838,0.9994289,-0.06480541,0.01652815,0.997761
Fixation,24.4728,0.03554752,0.04909086,-0.05946907,-0.1336777,0.2450258,-0.01101183,-0.9601934,-0.4676003,-0.2621092,0.8441852,0.105128,0.05041146,-0.05375367,0.001821092,0.2872781,-0.006953015,-0.9578202,-0.5503469,-0.0005063401,0.834936,0.07087091,0.05357444,-0.1854143,-0.008406113,-0.03247472,0.004795544,0.9994257,-0.06499277,0.0164911,0.9977494
Fixation,24.4839,0.0355146,0.04909611,-0.05949419,-0.1334106,0.2450464,-0.01099599,-0.9602255,-0.4676657,-0.2615976,0.8443077,0.1050948,0.05041659,-0.05377476,0.001766767,0.2873052,-0.006941303,-0.9578123,-0.5503935,-0.0006040819,0.8349052,0.07083828,0.05358064,-0.185437,-0.008350561,-0.03250293,0.004797995,0.9994252,-0.06504863,0.01637962,0.9977477
Fixation,24.4950,0.03552731,0.0490998,-0.05948958,-0.1333885,0.2451423,-0.01100048,-0.9602041,-0.4678387,-0.2615537,0.8442255,0.1051064,0.05041862,-0.05375653,0.00104019,0.2871352,-0.006955933,-0.9578643,-0.5500876,-0.002001865,0.8351046,0.07085228,0.05358315,-0.1854256,-0.008369926,-0.03260085,0.004784104,0.999422,-0.0652441,0.01641824,0.9977342
Fixation,24.5069,0.03550883,0.04911852,-0.05951152,-0.1333706,0.2451407,-0.01098764,-0.9602071,-0.4678408,-0.2615139,0.8442367,0.105088,0.05043519,-0.05377905,0.001058693,0.2871313,-0.006944264,-0.9578655,-0.5500811,-0.001959661,0.835109,0.07083391,0.05360055,-0.1854479,-0.008384837,-0.03259676,0.004768114,0.999422,-0.06523581,0.01644913,0.9977343
Fixation,24.5203,0.03550246,0.04912281,-0.05952384,-0.1328236,0.244974,-0.01099009,-0.9603254,-0.4675899,-0.2604924,0.8446913,0.1050815,0.05044091,-0.0537895,0.001106293,0.2871447,-0.006964163,-0.9578612,-0.550105,-0.001880094,0.8350934,0.07082766,0.05360472,-0.1854597,-0.008435918,-0.03261092,0.004775096,0.9994211,-0.06526466,0.01655063,0.9977307
Fixation,24.5351,0.03549814,0.04912496,-0.05953085,-0.1328554,0.2449784,-0.01106021,-0.9603191,-0.4675761,-0.2605861,0.8446701,0.1050768,0.05045319,-0.05379441,0.001009032,0.286848,-0.007031382,-0.9579498,-0.5495861,-0.002100671,0.8354344,0.07082284,0.05361223,-0.1854655,-0.008419352,-0.03262639,0.004849058,0.9994204,-0.06529661,0.01651253,0.9977292
Fixation,24.5431,0.03551332,0.04912484,-0.05950662,-0.1328434,0.2449864,-0.01101458,-0.9603192,-0.4676039,-0.2605411,0.8446686,0.1050921,0.05044651,-0.05376995,0.001022986,0.2868496,-0.006985649,-0.9579497,-0.5495892,-0.002047722,0.8354326,0.07083847,0.05360866,-0.1854412,-0.008421157,-0.03262771,0.004801269,0.9994206,-0.06529847,0.01651925,0.9977291
Fixation,24.5511,0.03552411,0.04913163,-0.05949701,-0.1323638,0.2446194,-0.01094039,-0.9604799,-0.4670077,-0.2596179,0.8452824,0.1051032,0.05044508,-0.05376234,0.001048132,0.2868358,-0.006931087,-0.9579541,-0.5495656,-0.001968043,0.8354483,0.07084962,0.05361128,-0.1854327,-0.008431556,-0.03261292,0.004742175,0.9994212,-0.06526805,0.01654404,0.9977306
Fixation,24.5618,0.035537,0.04913449,-0.05949463,-0.1324717,0.2445889,-0.0108072,-0.9604743,-0.4669794,-0.2597579,0.8452551,0.1051169,0.0504328,-0.05376611,0.0009448789,0.2867919,-0.006798608,-0.9579684,-0.5494879,-0.002089242,0.835499,0.07086284,0.05360878,-0.1854324,-0.00829797,-0.03256606,0.004640734,0.9994244,-0.06517165,0.01628412,0.9977412
Fixation,24.5728,0.0355968,0.04911196,-0.05947373,-0.1325453,0.2444995,-0.01067211,-0.9604884,-0.4668487,-0.2598351,0.8453035,0.1051782,0.05039525,-0.05375999,0.0007938002,0.2865557,-0.006675691,-0.95804,-0.5490744,-0.002304931,0.8357704,0.07092225,0.05358052,-0.1854182,-0.008199839,-0.03245772,0.004538364,0.9994292,-0.06495283,0.01609571,0.9977585
Fixation,24.5845,0.03563134,0.04908395,-0.05946191,-0.1323123,0.2439235,-0.01054679,-0.9606683,-0.4658682,-0.2593616,0.8459896,0.1052143,0.05035472,-0.05376454,0.0007479968,0.2864422,-0.006575708,-0.9580747,-0.5488758,-0.002333846,0.8359007,0.0709561,0.05354738,-0.1854141,-0.008130232,-0.0323385,0.004454072,0.999434,-0.06471282,0.01596318,0.9977763
Fixation,24.5953,0.03565585,0.04905772,-0.05946655,-0.1323341,0.2438569,-0.01051746,-0.9606825,-0.4657544,-0.2593916,0.846043,0.1052396,0.05032635,-0.05377907,0.0007271021,0.2863737,-0.006554849,-0.9580953,-0.5487562,-0.002361008,0.8359791,0.07097989,0.05352044,-0.1854236,-0.008104827,-0.03226698,0.004439651,0.9994366,-0.06456957,0.01591401,0.9977863
Fixation,24.6066,0.03566716,0.0490464,-0.05946849,-0.1324111,0.2438285,-0.01055004,-0.9606788,-0.4656879,-0.2595538,0.8460299,0.1052511,0.05032182,-0.05378402,0.0007837163,0.2862599,-0.006582526,-0.9581291,-0.5485582,-0.002266823,0.8361093,0.07099045,0.05351377,-0.1854266,-0.008036828,-0.03224488,0.004491539,0.9994376,-0.06452569,0.01577496,0.9977913
Fixation,24.6172,0.03571125,0.04901254,-0.05940511,-0.1320893,0.2438498,-0.01066198,-0.9607164,-0.4657244,-0.2590007,0.8461794,0.1052949,0.05030489,-0.0537211,0.0007757591,0.2862571,-0.006705691,-0.9581291,-0.548553,-0.002352549,0.8361125,0.07103343,0.05348802,-0.1853636,-0.00806057,-0.0322429,0.004612668,0.9994369,-0.06452385,0.01581461,0.9977909
Fixation,24.6281,0.03571197,0.04901361,-0.05941274,-0.1321627,0.2437858,-0.01069437,-0.9607222,-0.465594,-0.2591575,0.846203,0.1052961,0.05031335,-0.05373685,0.0007004021,0.2862006,-0.006743235,-0.9581458,-0.5484533,-0.002517662,0.8361774,0.07103293,0.05349398,-0.1853749,-0.007997392,-0.03218421,0.004668534,0.9994391,-0.06440699,0.0156853,0.9978004
Fixation,24.6396,0.03573099,0.04901409,-0.05941574,-0.1322054,0.2437063,-0.01074606,-0.9607359,-0.4654334,-0.2592667,0.846258,0.1053158,0.05032337,-0.05374999,0.0006825422,0.2867596,-0.006806638,-0.9579782,-0.5494282,-0.002596017,0.835537,0.07105044,0.0534997,-0.1853829,-0.00796903,-0.03211161,0.004738686,0.9994413,-0.06426287,0.01562482,0.9978107
Fixation,24.6503,0.03577733,0.04900444,-0.05940233,-0.1319828,0.2436202,-0.01071054,-0.9607888,-0.4653079,-0.2588338,0.8464594,0.1053629,0.05031228,-0.05374592,0.0006330363,0.2866946,-0.006786636,-0.9579978,-0.5493142,-0.002678489,0.8356116,0.07109602,0.05349016,-0.1853738,-0.007916169,-0.0320437,0.004732396,0.9994439,-0.06412668,0.01552025,0.9978211
Fixation,24.6616,0.03580249,0.04901052,-0.05939978,-0.1319304,0.2436052,-0.01064624,-0.9608005,-0.4653029,-0.2587045,0.8465018,0.1053886,0.0503087,-0.05374698,0.0007046633,0.2873621,-0.006731476,-0.9577982,-0.5504792,-0.002518891,0.8348451,0.07112153,0.05349076,-0.1853734,-0.007954771,-0.03201777,0.004661108,0.9994448,-0.06407414,0.01560223,0.9978232
Fixation,24.6728,0.03582221,0.04902935,-0.05941269,-0.1319158,0.2435626,-0.01061753,-0.9608136,-0.4652352,-0.258665,0.846551,0.1054089,0.05032408,-0.05376656,0.0007205126,0.2873162,-0.006709584,-0.9578121,-0.5503995,-0.002475312,0.8348978,0.07114089,0.05350769,-0.1853897,-0.007964552,-0.03196974,0.004636149,0.9994464,-0.06397793,0.01562385,0.997829
Fixation,24.6837,0.03583324,0.04904771,-0.05942308,-0.1316984,0.2437261,-0.01057798,-0.9608024,-0.4655591,-0.2582286,0.8465062,0.1054202,0.05033576,-0.05377897,0.0008018678,0.287303,-0.006678122,-0.9578162,-0.5503777,-0.002301206,0.8349127,0.07115225,0.05352139,-0.1854016,-0.008035134,-0.0319558,0.004584942,0.9994465,-0.0639499,0.01576834,0.9978285
Fixation,24.6953,0.03588139,0.04907537,-0.05940288,-0.1316583,0.2437772,-0.01053878,-0.9607954,-0.465665,-0.2581315,0.8464775,0.105468,0.05035627,-0.05375243,0.001066488,0.2879878,-0.006631357,-0.9576105,-0.5515745,-0.001776939,0.8341237,0.07120143,0.053545,-0.1853785,-0.008064606,-0.03200128,0.004531381,0.999445,-0.06404014,0.01583024,0.9978217
Fixation,24.7066,0.0358909,0.04910064,-0.05941422,-0.1316212,0.2438163,-0.0105691,-0.9607902,-0.4657304,-0.2580746,0.8464589,0.1054769,0.05038404,-0.05375786,0.001102561,0.2880289,-0.006657748,-0.957598,-0.5516465,-0.001723627,0.8340762,0.07121134,0.05357075,-0.1853871,-0.008106181,-0.03204441,0.004547374,0.9994432,-0.06412687,0.0159119,0.9978149
Fixation,24.7174,0.03590361,0.0491221,-0.05943216,-0.1314981,0.2441005,-0.01060555,-0.9607345,-0.4662423,-0.2578472,0.8462464,0.1054885,0.05040681,-0.05376206,0.001183568,0.2881243,-0.006684603,-0.9575689,-0.5518135,-0.001585298,0.833966,0.07122521,0.05359149,-0.1853987,-0.008191208,-0.03214423,0.004551958,0.9994393,-0.06432699,0.01608059,0.9977993
Fixation,24.7282,0.03590149,0.04913199,-0.05944022,-0.1315181,0.2441236,-0.01050796,-0.9607269,-0.4663083,-0.2578364,0.8462133,0.1054865,0.05040348,-0.05376847,0.0007660678,0.2888329,-0.006601561,-0.9573565,-0.5530423,-0.002346697,0.8331499,0.07122405,0.05359542,-0.1854056,-0.008149977,-0.03215476,0.004458647,0.9994398,-0.06434616,0.01600409,0.9977993
Fixation,24.7404,0.03590937,0.04914021,-0.05943699,-0.1315362,0.2441237,-0.01049114,-0.9607247,-0.4663115,-0.2578623,0.8462037,0.1054944,0.05040979,-0.05376543,0.0007485729,0.2888314,-0.00658404,-0.9573571,-0.5530394,-0.002370052,0.8331518,0.07123201,0.05360305,-0.1854023,-0.008128558,-0.03215299,0.004446241,0.99944,-0.06434226,0.01596209,0.9978002
Fixation,24.7506,0.03591808,0.04916394,-0.05945032,-0.1313483,0.2445086,-0.01049887,-0.9606524,-0.4670175,-0.2574942,0.8459263,0.1055026,0.05043304,-0.05377249,0.0007945392,0.288875,-0.006589837,-0.9573438,-0.5531159,-0.002285984,0.8331012,0.07124133,0.0536257,-0.1854128,-0.008174387,-0.03219863,0.004439726,0.9994382,-0.06443367,0.01605368,0.9977928
Fixation,24.7617,0.03592151,0.04917645,-0.05945705,-0.1313172,0.2444968,-0.01048917,-0.9606597,-0.4670016,-0.2574314,0.8459542,0.1055063,0.05044365,-0.05378126,0.001023943,0.2893586,-0.006580377,-0.9571977,-0.5539602,-0.001847947,0.8325411,0.07124474,0.05363667,-0.1854208,-0.00820337,-0.03218424,0.004425337,0.9994385,-0.06440493,0.01611268,0.9977937
Fixation,24.7727,0.03591271,0.04919422,-0.05942903,-0.1313221,0.2444994,-0.01046681,-0.9606587,-0.4670118,-0.2574297,0.8459491,0.1054975,0.05045843,-0.05375325,0.001019978,0.2893584,-0.006557644,-0.9571978,-0.5539599,-0.001842377,0.8325413,0.07123612,0.05365312,-0.1853927,-0.008193668,-0.03218392,0.004404402,0.9994387,-0.06440388,0.01609464,0.9977941
Fixation,24.7839,0.03591543,0.0492059,-0.05943175,-0.1309955,0.2446648,-0.01048533,-0.9606609,-0.4673329,-0.2568153,0.8459586,0.1055005,0.05047441,-0.05376045,0.001023006,0.2893277,-0.00658961,-0.9572068,-0.5539063,-0.001854656,0.8325769,0.07123819,0.05366683,-0.1853978,-0.008204904,-0.03215208,0.004434676,0.9994395,-0.06434088,0.01611544,0.9977978
Fixation,24.7947,0.03592585,0.04922986,-0.05944771,-0.1310553,0.2445915,-0.01050931,-0.9606712,-0.4671895,-0.2569431,0.845999,0.1055116,0.05050433,-0.05378608,0.0009615724,0.2892607,-0.006620519,-0.9572271,-0.553789,-0.001989225,0.8326547,0.07124735,0.05369473,-0.1854183,-0.008153663,-0.03208229,0.004480797,0.999442,-0.06420185,0.01601072,0.9978085
Fixation,24.8061,0.03593123,0.04921818,-0.05945222,-0.1310053,0.2445682,-0.01053373,-0.9606836,-0.4671453,-0.2568617,0.8460481,0.1055172,0.05049527,-0.05379377,0.001209545,0.2894429,-0.006645279,-0.9571715,-0.554109,-0.001531373,0.8324427,0.07125235,0.05368328,-0.1854248,-0.008208982,-0.03206041,0.004496917,0.9994421,-0.06415887,0.01612046,0.9978095
Fixation,24.8170,0.03595523,0.04919338,-0.05945428,-0.1305914,0.2444687,-0.01051936,-0.9607655,-0.4670066,-0.2560788,0.8463619,0.1055419,0.05047059,-0.05380384,0.001235423,0.2893881,-0.006652187,-0.957188,-0.554014,-0.001485063,0.8325061,0.07127567,0.05365813,-0.1854312,-0.008235855,-0.03200323,0.0044972,0.9994437,-0.06404493,0.0161747,0.9978159
Fixation,24.8281,0.03596976,0.04919302,-0.05946407,-0.130577,0.2444347,-0.01052712,-0.960776,-0.4669448,-0.2560568,0.8464026,0.1055568,0.05047166,-0.05381842,0.001429536,0.2895043,-0.006660467,-0.9571525,-0.5542185,-0.001119898,0.8323705,0.07128972,0.05365825,-0.1854435,-0.008252985,-0.0319692,0.004506279,0.9994447,-0.06397726,0.01620868,0.9978197
Fixation,24.8393,0.03597694,0.04920042,-0.05947553,-0.1305796,0.2443958,-0.01048166,-0.960786,-0.4668868,-0.2560415,0.8464392,0.1055645,0.05047357,-0.05383621,0.001428796,0.2894605,-0.006620643,-0.957166,-0.5541424,-0.001097638,0.8324211,0.07129668,0.05366302,-0.1854581,-0.008242035,-0.03192322,0.004468238,0.9994464,-0.06388474,0.01618966,0.997826
Fixation,24.8508,0.03598435,0.04918873,-0.05946432,-0.1305689,0.2445644,-0.01044231,-0.960745,-0.4672011,-0.2559944,0.8462801,0.105572,0.05045688,-0.05382477,0.001411981,0.2894617,-0.006579771,-0.957166,-0.5541444,-0.001106184,0.8324198,0.07130442,0.05364931,-0.1854466,-0.008215214,-0.03192419,0.004433104,0.9994467,-0.06388589,0.01613829,0.9978267
Fixation,24.8621,0.03598768,0.04918385,-0.05945861,-0.1306232,0.2445367,-0.01041027,-0.9607451,-0.4671553,-0.2560826,0.8462787,0.1055758,0.05044925,-0.05382327,0.001358622,0.2894321,-0.006549225,-0.9571752,-0.5540923,-0.001190233,0.8324544,0.0713075,0.05364406,-0.1854425,-0.00815582,-0.03189303,0.004417568,0.9994482,-0.06382292,0.01602086,0.9978327
Fixation,24.8729,0.03599285,0.04918551,-0.05947359,-0.1306474,0.2445332,-0.01042819,-0.9607425,-0.467142,-0.2561372,0.8462695,0.1055809,0.05045402,-0.0538383,0.001496294,0.2897021,-0.006562932,-0.9570932,-0.5545635,-0.000938405,0.8321409,0.07131245,0.05364752,-0.1854574,-0.008135865,-0.03189263,0.004440589,0.9994483,-0.06382233,0.01597951,0.9978333
Fixation,24.8839,0.0359878,0.04917693,-0.05948537,-0.1304582,0.2447768,-0.01037652,-0.9607067,-0.46761,-0.2557441,0.84613,0.105575,0.05044079,-0.05383942,0.001383832,0.289774,-0.006504229,-0.957072,-0.5546872,-0.00112066,0.8320582,0.0713085,0.05363882,-0.1854628,-0.008011922,-0.03196722,0.00441265,0.9994471,-0.06396979,0.01573287,0.9978278
Fixation,24.8948,0.0360221,0.04915202,-0.05948667,-0.1305134,0.2447736,-0.0103972,-0.9606998,-0.467594,-0.2558582,0.8461043,0.1056093,0.05042005,-0.05384049,0.001327345,0.2897751,-0.006522491,-0.9570717,-0.5546885,-0.001239383,0.8320572,0.0713425,0.053617,-0.1854636,-0.007962094,-0.03196849,0.004444916,0.9994473,-0.06397243,0.01563119,0.9978293
Fixation,24.9104,0.03602576,0.04915273,-0.05950128,-0.1304984,0.2448355,-0.01041092,-0.9606859,-0.4677028,-0.2558339,0.8460515,0.1056122,0.05042112,-0.05384611,0.001231346,0.2899494,-0.006532637,-0.9570189,-0.5549902,-0.001431425,0.8318557,0.07134692,0.05361748,-0.1854738,-0.007977571,-0.03203318,0.004446479,0.9994451,-0.06410176,0.01566142,0.9978205
Fixation,24.9216,0.03601632,0.04917467,-0.05952256,-0.1301936,0.244953,-0.01046268,-0.9606968,-0.4679267,-0.2552788,0.8460954,0.1056021,0.05045033,-0.05386116,0.001244202,0.2899927,-0.006588067,-0.9570054,-0.5550656,-0.001439567,0.8318053,0.07133759,0.05364275,-0.1854921,-0.008004283,-0.0320788,0.004496451,0.9994432,-0.06419386,0.01571117,0.9978138
Fixation,24.9325,0.03602029,0.04918671,-0.05950667,-0.1301764,0.2449688,-0.01043465,-0.9606954,-0.4679641,-0.2552321,0.8460888,0.105606,0.05045784,-0.05384361,0.001269482,0.2903548,-0.006561114,-0.9568958,-0.5556952,-0.001380578,0.831385,0.07134199,0.05365229,-0.1854754,-0.008014662,-0.03209055,0.004463498,0.9994429,-0.06421689,0.01573392,0.9978119
Fixation,24.9436,0.03601703,0.0492115,-0.05952365,-0.1302146,0.2450426,-0.01040558,-0.9606717,-0.468101,-0.2552866,0.8459966,0.105602,0.05047822,-0.05385038,0.001232471,0.2904244,-0.006520457,-0.956875,-0.5558158,-0.001428759,0.8313043,0.07133985,0.05367565,-0.1854869,-0.007968255,-0.03216301,0.00443347,0.9994411,-0.06436072,0.01564242,0.9978041
Fixation,24.9548,0.03601188,0.04921603,-0.05954059,-0.1299784,0.2452051,-0.01039968,-0.9606622,-0.4684151,-0.2548308,0.8459601,0.1055966,0.0504818,-0.0538645,0.001257093,0.290444,-0.006518634,-0.956869,-0.5558502,-0.001380851,0.8312814,0.07133502,0.05367935,-0.1855026,-0.00799153,-0.03218349,0.004425216,0.9994403,-0.06440167,0.01568928,0.9978007
Fixation,24.9660,0.03600714,0.04922891,-0.05956636,-0.1300577,0.245234,-0.01037412,-0.9606444,-0.4684668,-0.2549666,0.8458906,0.1055916,0.05049241,-0.05388616,0.001366938,0.2905174,-0.006479812,-0.9568468,-0.555979,-0.001149096,0.8311955,0.0713307,0.05369258,-0.1855256,-0.007906858,-0.03221176,0.004413596,0.9994401,-0.06445724,0.01552052,0.9977998
Fixation,24.9771,0.03603139,0.04923618,-0.05957022,-0.1300929,0.2452785,-0.01029385,-0.9606292,-0.468565,-0.2549919,0.8458286,0.1056156,0.05048883,-0.05388492,0.001335192,0.2905518,-0.0063926,-0.956837,-0.5560384,-0.00115964,0.8311558,0.07135604,0.05369532,-0.1855264,-0.007853512,-0.03224706,0.004337439,0.9994397,-0.06452611,0.01541848,0.9977969
Fixation,24.9880,0.03602848,0.04926741,-0.05959567,-0.1298373,0.2455081,-0.01025299,-0.9606055,-0.4690105,-0.2544793,0.845736,0.1056125,0.05051446,-0.0539064,0.001348018,0.290579,-0.006354609,-0.956829,-0.5560859,-0.001113386,0.8311241,0.07135382,0.05372369,-0.1855499,-0.007855998,-0.03227524,0.004297283,0.9994389,-0.06458177,0.01542579,0.9977932
Fixation,24.9990,0.03602511,0.0492996,-0.05961823,-0.1297565,0.2454699,-0.01022428,-0.9606265,-0.4689564,-0.2543146,0.8458156,0.1056097,0.05054152,-0.05393539,0.001639834,0.2905664,-0.006328729,-0.9568325,-0.5560674,-0.0005397375,0.831137,0.0713503,0.05375206,-0.1855763,-0.007930819,-0.03222977,0.004257387,0.99944,-0.06449097,0.01557833,0.9977967
Fixation,25.0113,0.03602365,0.04932034,-0.05959304,-0.1295813,0.2455071,-0.01025151,-0.9606404,-0.4690312,-0.2539958,0.8458699,0.1056084,0.0505662,-0.05391245,0.001671326,0.2905514,-0.006363844,-0.9568368,-0.5560418,-0.0004996744,0.8311542,0.07134843,0.053774,-0.1855525,-0.007970367,-0.03221435,0.004283196,0.99944,-0.0644609,0.01565585,0.9977974
Fixation,25.0227,0.03602489,0.04934764,-0.05959642,-0.1295092,0.2455065,-0.01027349,-0.96065,-0.4690305,-0.2538704,0.8459079,0.1056096,0.05059481,-0.05391593,0.001743067,0.2905515,-0.006389151,-0.9568365,-0.5560427,-0.0003770939,0.8311536,0.07134965,0.05380058,-0.1855565,-0.008046218,-0.03221467,0.004289012,0.9994394,-0.06446224,0.01580708,0.9977949
Fixation,25.0328,0.03602113,0.04937053,-0.05961733,-0.1294241,0.2454407,-0.01033205,-0.9606777,-0.4689044,-0.2537416,0.8460165,0.1056065,0.05062485,-0.05394565,0.001928404,0.29031,-0.006455591,-0.956909,-0.5556254,-5.76321E-05,0.8314328,0.07134476,0.05382538,-0.1855827,-0.008144811,-0.03215316,0.004336319,0.9994404,-0.06434098,0.01600165,0.9977997
Fixation,25.0441,0.0360181,0.04938817,-0.05963003,-0.1290935,0.2454249,-0.01036905,-0.9607258,-0.4688948,-0.2531366,0.846203,0.1056038,0.05064845,-0.05396485,0.001975593,0.290266,-0.006509828,-0.9569218,-0.5555496,1.81119E-06,0.8314835,0.07134085,0.05384505,-0.1855991,-0.00820452,-0.03210761,0.004376669,0.9994412,-0.06425116,0.01611882,0.9978036
Fixation,25.0549,0.03600049,0.04937649,-0.05958513,-0.1290417,0.2453856,-0.01035113,-0.960743,-0.4688336,-0.2530318,0.8462683,0.1055868,0.05063391,-0.05392615,0.002028516,0.2902238,-0.006499889,-0.9569346,-0.5554768,0.0001094686,0.831532,0.07132295,0.05383086,-0.1855578,-0.008253111,-0.03206349,0.004353543,0.9994423,-0.06416308,0.01621784,0.9978076
Fixation,25.0658,0.03599399,0.04938698,-0.05958946,-0.1290167,0.2453988,-0.01035678,-0.960743,-0.4688579,-0.2529868,0.8462683,0.1055802,0.0506444,-0.05392865,0.00214909,0.2901269,-0.006501058,-0.9569638,-0.5553098,0.0003409397,0.8316435,0.07131663,0.05384099,-0.1855614,-0.008278483,-0.03207701,0.004351843,0.9994417,-0.06419027,0.01626853,0.9978051
Fixation,25.0769,0.03597786,0.04938793,-0.05960115,-0.1290747,0.2453887,-0.01030168,-0.9607383,-0.4688492,-0.2530699,0.8462482,0.1055643,0.05063927,-0.05394243,0.002093084,0.2901117,-0.006445108,-0.9569688,-0.5552827,0.0002664309,0.8316617,0.07130063,0.05384004,-0.1855736,-0.008209907,-0.03206075,0.004312402,0.9994429,-0.0641566,0.01613415,0.9978094
Fixation,25.0889,0.03597092,0.04937458,-0.05961064,-0.1289171,0.2455247,-0.01028774,-0.9607248,-0.4691109,-0.2527595,0.846196,0.1055568,0.05062413,-0.05394541,0.002080924,0.2901562,-0.006429116,-0.9569555,-0.55536,0.000251807,0.8316101,0.07129435,0.05382609,-0.1855796,-0.008193952,-0.03210717,0.0042999,0.9994416,-0.06424896,0.01610264,0.997804
Fixation,25.0991,0.03597905,0.04932117,-0.05958725,-0.1289794,0.2455851,-0.01030549,-0.9607009,-0.4692093,-0.252883,0.8461045,0.1055642,0.05057347,-0.05391275,0.002017466,0.2902194,-0.006435538,-0.9569364,-0.555469,0.0001257386,0.8315373,0.07130305,0.05377519,-0.1855511,-0.008134243,-0.03217314,0.00432226,0.9994399,-0.06438056,0.01598125,0.9977974
Fixation,25.1107,0.03595838,0.04927754,-0.05960306,-0.1291828,0.2456528,-0.01026515,-0.9606566,-0.4693238,-0.2532439,0.845933,0.1055427,0.05052781,-0.05391848,0.002065276,0.2901973,-0.006368073,-0.9569435,-0.555431,0.00025671,0.8315626,0.07128317,0.0537343,-0.1855602,-0.007922865,-0.03224262,0.004317808,0.9994394,-0.06451751,0.01555841,0.9977953
Fixation,25.1216,0.03594131,0.04926026,-0.05960249,-0.1288821,0.2455516,-0.01015361,-0.9607241,-0.4691975,-0.2526267,0.8461876,0.1055255,0.05049646,-0.05391312,0.00205199,0.2902295,-0.006261633,-0.9569344,-0.5554869,0.0002926183,0.8315253,0.07126737,0.05371058,-0.1855568,-0.007882403,-0.03227566,0.004218309,0.9994391,-0.06458161,0.01548367,0.9977923
Fixation,25.1325,0.03594522,0.04925406,-0.05957736,-0.1288501,0.2455616,-0.01009153,-0.9607265,-0.4692345,-0.2525356,0.8461943,0.1055296,0.05048096,-0.05388786,0.002133093,0.2900939,-0.006197942,-0.9569758,-0.5552521,0.0004866654,0.831682,0.07127191,0.05369937,-0.1855318,-0.007900283,-0.03227634,0.004150044,0.9994392,-0.06458205,0.01552381,0.9977916
Fixation,25.1434,0.0359429,0.04927671,-0.05955696,-0.1288325,0.245542,-0.01001567,-0.9607347,-0.4692207,-0.2524662,0.8462226,0.1055278,0.05049312,-0.05387169,0.002154138,0.2900646,-0.006126327,-0.9569851,-0.5552014,0.0005688951,0.8317158,0.07126989,0.05371678,-0.1855135,-0.007902095,-0.0322453,0.004075551,0.9994404,-0.06451892,0.01553251,0.9977956
Fixation,25.1551,0.03591683,0.04929507,-0.05954388,-0.1286743,0.2457347,-0.009833194,-0.9607084,-0.4696283,-0.2520698,0.8461147,0.1055026,0.05048728,-0.05386438,0.002167957,0.2900241,-0.005951735,-0.9569984,-0.5551311,0.0006971695,0.8317626,0.07124484,0.05372345,-0.1855031,-0.007870266,-0.032202,0.003903521,0.9994428,-0.06442956,0.01548036,0.9978022
Fixation,25.1654,0.03591563,0.04930997,-0.05953689,-0.1287334,0.2457045,-0.009902669,-0.9607075,-0.4695508,-0.2522166,0.846114,0.1055014,0.05051351,-0.05386014,0.002105327,0.290005,-0.006021816,-0.9570039,-0.5550971,0.0005368998,0.8317854,0.07124264,0.05374479,-0.1854972,-0.007827958,-0.03218241,0.003987521,0.9994434,-0.06439143,0.01539055,0.997806
Fixation,25.1773,0.03590203,0.04928505,-0.05953199,-0.1288524,0.245635,-0.009943983,-0.960709,-0.4694049,-0.2524645,0.846121,0.1054884,0.05049825,-0.05386376,0.002013014,0.2899072,-0.00606531,-0.9570335,-0.5549262,0.0003362903,0.8318995,0.07122759,0.05372667,-0.1854958,-0.00772196,-0.03212048,0.004062509,0.999446,-0.0642681,0.01517438,0.9978173
Fixation,25.1878,0.035886,0.04929495,-0.05954368,-0.1288379,0.2459248,-0.009979912,-0.9606364,-0.469917,-0.2524413,0.8458436,0.1054715,0.05051541,-0.0538671,0.001888603,0.2899635,-0.006091206,-0.9570165,-0.5550227,8.239294E-05,0.8318352,0.07121171,0.05374217,-0.1855024,-0.007608429,-0.0321794,0.004119501,0.9994447,-0.06438576,0.01494328,0.9978132
Fixation,25.1987,0.03584728,0.04932964,-0.0595658,-0.1290382,0.2458646,-0.01004443,-0.9606242,-0.4697747,-0.2528535,0.8457995,0.1054331,0.05056465,-0.05389554,0.001661068,0.2898793,-0.006154309,-0.957042,-0.5548738,-0.0003885895,0.8319345,0.07117137,0.05378735,-0.1855264,-0.007426979,-0.03213254,0.004233202,0.9994471,-0.06429244,0.0145737,0.9978247
Fixation,25.2100,0.03586907,0.04932916,-0.05954257,-0.1289094,0.2459168,-0.01005906,-0.960628,-0.4698758,-0.2526154,0.8458145,0.1054543,0.05056214,-0.05386531,0.001790199,0.2899287,-0.006167775,-0.9570267,-0.5549611,-0.0001498952,0.8318762,0.07119399,0.05378366,-0.1855006,-0.007555123,-0.03218426,0.004212547,0.9994445,-0.06439642,0.0148307,0.9978142
Fixation,25.2213,0.03585477,0.04935527,-0.05954276,-0.1276665,0.2465504,-0.0100247,-0.960632,-0.4711287,-0.2502242,0.8458284,0.10544,0.05058849,-0.05386563,0.001790149,0.289928,-0.006168734,-0.957027,-0.5549599,-0.000150535,0.8318771,0.07117967,0.05380988,-0.1855008,-0.007555324,-0.03218346,0.004213487,0.9994445,-0.06439484,0.01483104,0.9978143
Fixation,25.2321,0.03582577,0.04938471,-0.05955062,-0.1275378,0.2465248,-0.01002723,-0.9606556,-0.4710931,-0.2499837,0.8459193,0.1054114,0.05061567,-0.05387781,0.001922124,0.2898689,-0.006180344,-0.9570445,-0.5548587,9.613717E-05,0.8319446,0.07115057,0.05383599,-0.1855118,-0.007683523,-0.03215395,0.004191551,0.9994447,-0.06433661,0.01508896,0.9978142
Fixation,25.2439,0.03578484,0.04940987,-0.05956377,-0.1274425,0.2464739,-0.009988994,-0.9606817,-0.4710199,-0.2497873,0.8460181,0.1053713,0.05063438,-0.0538994,0.002019689,0.2898116,-0.006153694,-0.9570618,-0.5547602,0.0002991112,0.8320103,0.0711094,0.05385637,-0.1855299,-0.007770934,-0.03209403,0.004140798,0.9994461,-0.06421687,0.01526747,0.9978192
Fixation,25.2547,0.03575181,0.04938185,-0.05955194,-0.1273423,0.2467018,-0.01003412,-0.960636,-0.4714257,-0.2496101,0.8458443,0.1053376,0.05060828,-0.05387944,0.002141189,0.2898689,-0.006194613,-0.9570439,-0.5548611,0.0005071731,0.8319429,0.07107707,0.05382693,-0.185515,-0.007898805,-0.03215417,0.004148601,0.9994431,-0.06433806,0.01552202,0.9978074
Fixation,25.2654,0.03569849,0.04937577,-0.05957611,-0.1273481,0.2467549,-0.01006301,-0.9606213,-0.4715131,-0.2496329,0.845789,0.1052835,0.05060542,-0.0538955,0.002059403,0.2899952,-0.006218719,-0.9570057,-0.5550797,0.0003349248,0.8317971,0.07102424,0.05382264,-0.185535,-0.007897465,-0.0322126,0.004170671,0.9994411,-0.06445507,0.01551741,0.9977999
Fixation,25.2768,0.03563824,0.0493387,-0.05960329,-0.1274696,0.2469163,-0.01017688,-0.9605625,-0.4717626,-0.2499106,0.8455677,0.1052209,0.05058384,-0.053897,0.00193247,0.290171,-0.006304274,-0.9569522,-0.5553839,3.992743E-05,0.8315942,0.0709651,0.0537951,-0.1855484,-0.007796788,-0.03239664,0.004285397,0.9994355,-0.06482352,0.01530711,0.9977793
Fixation,25.2878,0.03559032,0.04927945,-0.05962271,-0.1275004,0.2471718,-0.01032627,-0.9604911,-0.4721795,-0.2500307,0.8452995,0.1051706,0.05054319,-0.0538915,0.001880689,0.2903424,-0.006429222,-0.9568994,-0.5556812,-0.0001340914,0.8313955,0.0709181,0.05374551,-0.1855551,-0.007778906,-0.03257646,0.004418721,0.9994292,-0.06518448,0.01526104,0.9977565
Fixation,25.2987,0.03553129,0.04923534,-0.05964412,-0.1276043,0.2472805,-0.01039746,-0.9604486,-0.4723469,-0.2502569,0.845139,0.1051099,0.05050933,-0.05389557,0.001773132,0.2904608,-0.00648038,-0.9568633,-0.5558856,-0.0003713034,0.8312588,0.0708598,0.0537082,-0.185567,-0.007688111,-0.03270035,0.004495464,0.9994255,-0.06543225,0.01507338,0.9977432
Fixation,25.3098,0.03547809,0.04923117,-0.05966192,-0.1276627,0.2473671,-0.01040792,-0.9604184,-0.4724944,-0.2503684,0.8450235,0.1050557,0.05050635,-0.05390051,0.00170992,0.2906314,-0.00647711,-0.9568117,-0.5561811,-0.0004927597,0.831061,0.07080755,0.05370569,-0.1855778,-0.007629821,-0.03279198,0.004506611,0.9994229,-0.06561489,0.01495527,0.9977329
Fixation,25.3215,0.03540844,0.04891205,-0.05974961,-0.1274754,0.2476231,-0.01045073,-0.9603768,-0.4729586,-0.2500245,0.8448656,0.1049957,0.05050826,-0.05390162,0.001669509,0.2907265,-0.006511893,-0.9567826,-0.5563458,-0.0005916439,0.8309507,0.07074964,0.0537051,-0.1855855,-0.007599673,-0.0328915,0.004550251,0.9994197,-0.06581398,0.0148912,0.9977208
Fixation,25.3325,0.03538693,0.04891479,-0.05972971,-0.1275435,0.2476514,-0.01049113,-0.9603601,-0.4729928,-0.2501717,0.8448029,0.1049736,0.05051756,-0.05387657,0.001599228,0.290761,-0.006545005,-0.956772,-0.5564049,-0.0007458709,0.8309109,0.07072806,0.05371213,-0.1855625,-0.007540326,-0.03292783,0.004600288,0.9994187,-0.06588674,0.01476893,0.9977178
Fixation,25.3434,0.03534048,0.0489223,-0.05974253,-0.1275692,0.2477021,-0.01048539,-0.9603436,-0.4730831,-0.2502151,0.8447395,0.1049266,0.050524,-0.05388208,0.001717086,0.291077,-0.006528237,-0.9566758,-0.556955,-0.0005150489,0.8305425,0.07068226,0.05371964,-0.1855714,-0.007511983,-0.03297974,0.004593506,0.9994172,-0.06599006,0.01471222,0.9977118
Fixation,25.3554,0.03530241,0.04893756,-0.0597575,-0.1274564,0.2476905,-0.01048499,-0.9603616,-0.4730721,-0.2500025,0.8448086,0.1048882,0.05053866,-0.05389304,0.001741936,0.2911049,-0.006528201,-0.9566673,-0.5570039,-0.0004678771,0.8305098,0.0706446,0.0537343,-0.1855845,-0.007535934,-0.03300897,0.004586903,0.9994161,-0.06604853,0.01476025,0.9977072
Fixation,25.3664,0.03526854,0.04893804,-0.0597748,-0.1274273,0.2477429,-0.01054163,-0.9603513,-0.4731539,-0.2499733,0.8447714,0.1048535,0.0505451,-0.05390206,0.001768845,0.2911625,-0.006578625,-0.9566494,-0.5571041,-0.0004465699,0.8304425,0.07061104,0.05373693,-0.185598,-0.007574926,-0.03306948,0.004628371,0.9994136,-0.06617031,0.01483485,0.9976981
Fixation,25.3769,0.03523235,0.04889357,-0.05974873,-0.1275074,0.2477806,-0.01067015,-0.9603295,-0.4731811,-0.250186,0.8446932,0.1048162,0.05051947,-0.05386788,0.001806211,0.2914083,-0.006694212,-0.9565737,-0.5575312,-0.0004459498,0.8301559,0.07057419,0.05370295,-0.1855674,-0.007522386,-0.03312787,0.004764946,0.9994115,-0.06628843,0.01472021,0.9976919
Fixation,25.3881,0.03520735,0.04888308,-0.05976652,-0.1272333,0.2477983,-0.01065276,-0.9603615,-0.4732412,-0.2496593,0.8448154,0.104791,0.05050886,-0.0538831,0.001758346,0.2914251,-0.006682904,-0.9565688,-0.5575597,-0.000531174,0.8301367,0.07054935,0.05369329,-0.1855835,-0.007473206,-0.03314536,0.004766381,0.9994112,-0.06632294,0.01462165,0.9976911
Fixation,25.3991,0.03519953,0.04888797,-0.05977299,-0.1272162,0.2478531,-0.01060174,-0.9603502,-0.4733541,-0.2495996,0.8447698,0.1047828,0.0505054,-0.05388275,0.001777807,0.2914719,-0.006625857,-0.9565548,-0.5576413,-0.0004613635,0.8300819,0.07054269,0.05369389,-0.1855865,-0.007477132,-0.03319396,0.00470604,0.9994099,-0.06641913,0.01463301,0.9976845
Fixation,25.4101,0.03521742,0.04890788,-0.05972764,-0.1271696,0.2478372,-0.01049955,-0.9603616,-0.4733561,-0.249462,0.8448092,0.1048013,0.05051053,-0.05384173,0.001967439,0.2914632,-0.006524477,-0.9565578,-0.5576285,-3.93521E-05,0.8300906,0.07056125,0.05370593,-0.1855435,-0.00750157,-0.03316243,0.00459925,0.9994112,-0.06635482,0.01468926,0.9976879
Fixation,25.4212,0.0352129,0.04891634,-0.05969805,-0.1270842,0.2477742,-0.01036577,-0.9603906,-0.4732854,-0.2492376,0.8449151,0.1047983,0.0504998,-0.05382396,0.002059224,0.2913825,-0.006404377,-0.956583,-0.5574895,0.0002073904,0.830184,0.07055712,0.05370367,-0.1855204,-0.00755913,-0.03307743,0.00445977,0.9994143,-0.06618352,0.01481437,0.9976975
Fixation,25.4322,0.03522954,0.04891443,-0.05970158,-0.1269729,0.2477044,-0.01030809,-0.9604239,-0.4731848,-0.2490023,0.8450408,0.1048156,0.05049431,-0.05383443,0.00195538,0.291333,-0.006355756,-0.9565986,-0.5574023,3.774441E-05,0.8302425,0.07057331,0.053702,-0.1855265,-0.007446289,-0.03302542,0.004439979,0.9994169,-0.06607845,0.01459063,0.9977077
Fixation,25.4441,0.03523646,0.04889441,-0.05970462,-0.1270167,0.2476446,-0.01023457,-0.9604344,-0.4730929,-0.2490514,0.8450778,0.1048235,0.0504663,-0.05384701,0.001938472,0.2912142,-0.006287779,-0.9566352,-0.5571959,4.664017E-05,0.830381,0.07057992,0.05367887,-0.1855339,-0.007389419,-0.03295555,0.004386323,0.9994199,-0.06593768,0.01448116,0.9977186
Fixation,25.4544,0.03525234,0.04885161,-0.05968937,-0.1268543,0.2473953,-0.01024385,-0.96052,-0.4726573,-0.2487607,0.8454071,0.1048397,0.05042994,-0.05383751,0.001810822,0.291173,-0.006308017,-0.9566479,-0.557123,-0.0002088111,0.83043,0.07059474,0.05364144,-0.1855206,-0.00727145,-0.03291252,0.004439166,0.999422,-0.06585155,0.01424228,0.9977278
Fixation,25.4655,0.03525115,0.04882658,-0.05969284,-0.1269019,0.2473811,-0.01035758,-0.9605162,-0.4725982,-0.2489073,0.845397,0.1048381,0.05042183,-0.05384074,0.001757828,0.2911745,-0.006420326,-0.9566468,-0.5571249,-0.0003756294,0.8304287,0.07059239,0.05362535,-0.1855239,-0.007249419,-0.03291476,0.004561375,0.9994215,-0.06585756,0.01419018,0.9977281
Fixation,25.4768,0.03524817,0.04880917,-0.05970062,-0.1269301,0.2473969,-0.01046227,-0.9605072,-0.4725971,-0.2490112,0.845367,0.1048344,0.05041921,-0.05384428,0.001845394,0.2912752,-0.006517029,-0.9566154,-0.5573007,-0.000265833,0.8303107,0.07058875,0.05361545,-0.1855295,-0.007243623,-0.03294592,0.004666619,0.99942,-0.06592122,0.01417135,0.9977242
Fixation,25.4880,0.03524524,0.0487982,-0.05970585,-0.1271342,0.2475695,-0.01055835,-0.9604347,-0.472864,-0.249436,0.8450925,0.1048312,0.05042136,-0.05384956,0.0018107,0.2912749,-0.006605762,-0.9566149,-0.5572998,-0.0003839,0.8303112,0.07058489,0.05361128,-0.1855347,-0.007233155,-0.03294612,0.004761316,0.9994196,-0.06592289,0.01414418,0.9977245
Fixation,25.4991,0.03529631,0.04877281,-0.05966487,-0.1270414,0.2475043,-0.01054633,-0.9604639,-0.4727582,-0.2492579,0.8452042,0.1048832,0.05039322,-0.05381868,0.001850875,0.2912441,-0.006608873,-0.9566242,-0.5572467,-0.0003084065,0.8303469,0.0706354,0.05358291,-0.1854995,-0.007324182,-0.0328751,0.0047383,0.9994214,-0.06578157,0.01432834,0.9977311
Fixation,25.5101,0.0353096,0.04878795,-0.05966821,-0.1270628,0.2475061,-0.0104919,-0.9604612,-0.4727738,-0.2492714,0.8451915,0.1048967,0.05040157,-0.05382256,0.001831667,0.2912397,-0.006553723,-0.9566259,-0.5572389,-0.0003129682,0.8303522,0.07064909,0.05359519,-0.1855029,-0.00729132,-0.03287021,0.004690048,0.999422,-0.06577082,0.01426589,0.9977328
Fixation,25.5210,0.03532492,0.04880357,-0.05966891,-0.1271778,0.2473915,-0.01034716,-0.9604771,-0.472596,-0.2494222,0.8452465,0.1049133,0.05039752,-0.05383319,0.001847334,0.2911709,-0.006414052,-0.9566478,-0.5571197,-0.0002006735,0.8304322,0.0706649,0.05360126,-0.1855084,-0.007270267,-0.03279752,0.004551373,0.9994252,-0.06562352,0.01423363,0.997743
Fixation,25.5370,0.03535774,0.04881048,-0.05966182,-0.1271914,0.2474072,-0.01021307,-0.9604727,-0.4726576,-0.2493813,0.8452241,0.1049465,0.05038619,-0.05382609,0.00169896,0.2912185,-0.006283437,-0.9566345,-0.5572006,-0.0004091382,0.8303778,0.07069892,0.05359972,-0.1855009,-0.007227502,-0.03279572,0.004422556,0.9994262,-0.06561772,0.01415663,0.9977444
Fixation,25.5520,0.03540437,0.04884279,-0.0596455,-0.1271102,0.247457,-0.01006916,-0.9604721,-0.4727914,-0.249155,0.845216,0.1049936,0.05039561,-0.05380886,0.001812298,0.2912256,-0.006141123,-0.956633,-0.5572142,-0.0001094965,0.8303688,0.0707265,0.05360067,-0.1854958,-0.00725256,-0.03278226,0.00425907,0.9994271,-0.06558875,0.01421757,0.9977455
Fixation,25.5593,0.03540437,0.04884279,-0.0596455,-0.1271102,0.247457,-0.01006916,-0.9604721,-0.4727914,-0.249155,0.845216,0.1049936,0.05039561,-0.05380886,0.001812298,0.2912256,-0.006141123,-0.956633,-0.5572142,-0.0001094965,0.8303688,0.07074727,0.05361915,-0.1854847,-0.007299981,-0.03280228,0.00425566,0.9994261,-0.06562904,0.01431239,0.9977415
Fixation,25.5662,0.03543499,0.04888022,-0.05964631,-0.1270236,0.2474391,-0.009963527,-0.9604893,-0.4727941,-0.2489403,0.8452778,0.105025,0.05041707,-0.05381458,0.001837425,0.2912316,-0.006045362,-0.9566317,-0.557225,-5.722977E-06,0.8303615,0.07077865,0.05364752,-0.1854885,-0.007363159,-0.03276718,0.004137144,0.9994273,-0.06555775,0.01444676,0.9977442
Fixation,25.5767,0.03550069,0.04888427,-0.05962811,-0.1269386,0.2474194,-0.009893793,-0.9605063,-0.472784,-0.2487465,0.8453404,0.1050913,0.05040991,-0.05380093,0.001926033,0.2912012,-0.0059829,-0.9566412,-0.5571732,0.0002005904,0.8303963,0.07084479,0.05364466,-0.1854731,-0.007432539,-0.03273509,0.004053938,0.9994282,-0.06549302,0.01459117,0.9977463
Fixation,25.5882,0.03554754,0.04889691,-0.05960888,-0.1265763,0.2474458,-0.009899721,-0.9605473,-0.4728607,-0.2480642,0.845498,0.1051377,0.05042088,-0.05377605,0.002050388,0.2912418,-0.005996513,-0.9566285,-0.557245,0.0004300477,0.830348,0.07089236,0.05365431,-0.185452,-0.007556106,-0.03277768,0.004034611,0.9994259,-0.0655787,0.01483905,0.9977371
Fixation,25.5992,0.03556108,0.04889822,-0.05960491,-0.1266481,0.2473477,-0.009847854,-0.9605636,-0.472692,-0.2481788,0.8455588,0.1051525,0.05041838,-0.05378653,0.001980142,0.2911412,-0.005954854,-0.9566596,-0.5570697,0.0003212357,0.8304657,0.07090487,0.05365515,-0.1854548,-0.007477582,-0.03267234,0.004013052,0.9994301,-0.06536746,0.01468441,0.9977532
Fixation,25.6099,0.03559339,0.04889894,-0.05958798,-0.1266654,0.2472921,-0.009815662,-0.960576,-0.472599,-0.2481981,0.845605,0.1051856,0.05041611,-0.05377799,0.001781924,0.291069,-0.005935429,-0.956682,-0.556942,-4.576892E-05,0.8305513,0.07093665,0.05365467,-0.1854419,-0.007455538,-0.03261153,0.003993066,0.9994323,-0.06524558,0.01464217,0.9977618
Fixation,25.6211,0.03567091,0.04887438,-0.05954902,-0.1266988,0.2472444,-0.009832553,-0.9605836,-0.4725063,-0.2482717,0.8456352,0.1052636,0.05039549,-0.05374533,0.001747467,0.2910254,-0.005956928,-0.9566953,-0.556866,-0.0001236466,0.8306023,0.07101335,0.05363262,-0.1854059,-0.007427908,-0.03256606,0.004022968,0.9994339,-0.06515501,0.01458538,0.9977686
Fixation,25.6320,0.03567487,0.04887116,-0.0595388,-0.1269694,0.2473646,-0.009818071,-0.9605172,-0.4727027,-0.2487699,0.8453791,0.1052684,0.05039501,-0.05374561,0.001575987,0.2909507,-0.005940679,-0.9567183,-0.5567345,-0.0004413384,0.8306904,0.07101606,0.05363369,-0.1853997,-0.007258195,-0.03248793,0.004052145,0.9994376,-0.06499813,0.01424493,0.9977837
Fixation,25.6433,0.03569048,0.0488627,-0.05952863,-0.1269812,0.2473124,-0.009780515,-0.9605294,-0.4726177,-0.248776,0.8454248,0.1052847,0.05038261,-0.05374347,0.001517117,0.2908471,-0.005911173,-0.9567501,-0.5565538,-0.0005354921,0.8308114,0.07103124,0.05362356,-0.1853935,-0.007240318,-0.03242974,0.004025331,0.9994397,-0.06488144,0.01421144,0.9977918
Fixation,25.6545,0.03572736,0.048841,-0.05950957,-0.1270264,0.2472536,-0.009745431,-0.960539,-0.4725176,-0.2488469,0.8454599,0.1053224,0.0503583,-0.05373312,0.001472959,0.2907864,-0.005882136,-0.9567688,-0.5564482,-0.0006023285,0.8308821,0.07106751,0.0536015,-0.1853784,-0.007190218,-0.0323662,0.004009026,0.9994422,-0.06475395,0.0141129,0.9978015
Fixation,25.6667,0.03574087,0.04882121,-0.05950075,-0.1268964,0.247279,-0.009694971,-0.9605501,-0.4725872,-0.2485754,0.8455008,0.1053361,0.05033457,-0.05372618,0.001394731,0.2907722,-0.005836354,-0.9567735,-0.5564225,-0.0007252153,0.8308992,0.07108105,0.05358124,-0.1853698,-0.007102807,-0.03235098,0.003985194,0.9994434,-0.06472256,0.01393986,0.997806
Fixation,25.6768,0.03574679,0.04880726,-0.05949045,-0.1269453,0.2472942,-0.009682553,-0.9605398,-0.4726135,-0.2486608,0.845461,0.1053419,0.05031979,-0.05371363,0.001183814,0.2908127,-0.005825176,-0.9567616,-0.5564906,-0.001122814,0.8308532,0.07108716,0.05356777,-0.185358,-0.007051455,-0.03236623,0.003981761,0.9994433,-0.06475257,0.01383731,0.9978054
Fixation,25.6882,0.03574627,0.048792,-0.05948748,-0.1269214,0.247235,-0.00968418,-0.9605582,-0.472509,-0.2486193,0.8455316,0.1053421,0.05030525,-0.05371922,0.001207733,0.2907542,-0.005835744,-0.9567792,-0.5563893,-0.001082466,0.8309211,0.07108589,0.05355239,-0.1853596,-0.007077377,-0.03230523,0.003986022,0.9994451,-0.06463102,0.01388936,0.9978126
Fixation,25.6989,0.03578388,0.04876423,-0.05941579,-0.1270878,0.2472483,-0.009674872,-0.9605329,-0.4725211,-0.2489282,0.845434,0.1053789,0.05027807,-0.05363801,0.001074476,0.2908177,-0.005811341,-0.9567603,-0.5564981,-0.001324049,0.8308479,0.07112412,0.05352736,-0.185282,-0.006942271,-0.03237128,0.003996777,0.9994438,-0.06476204,0.01361806,0.9978078
Fixation,25.7099,0.03576895,0.04876184,-0.05942645,-0.1270715,0.2472711,-0.009685921,-0.9605291,-0.4725605,-0.2489018,0.8454197,0.1053637,0.0502764,-0.05364534,0.0009888634,0.2904635,-0.005821144,-0.9568679,-0.5558819,-0.001489236,0.83126,0.07110944,0.05352497,-0.1852911,-0.006959909,-0.03239559,0.004000904,0.9994429,-0.06481078,0.01365284,0.9978042
Fixation,25.7212,0.03576367,0.04874778,-0.05942408,-0.1266402,0.2471713,-0.009653989,-0.9606121,-0.4724262,-0.2480765,0.8457373,0.105358,0.05025983,-0.05363853,0.0009723232,0.2904937,-0.005799386,-0.9568589,-0.5559341,-0.001508618,0.831225,0.07110468,0.05350995,-0.1852863,-0.00693825,-0.03242693,0.003984039,0.9994421,-0.06487297,0.01361038,0.9978007
Fixation,25.7326,0.03575537,0.04871559,-0.05942933,-0.1266938,0.2472019,-0.009644185,-0.9605972,-0.4724791,-0.2481716,0.8456798,0.1053494,0.05022705,-0.05363926,0.0009187554,0.2905239,-0.005783156,-0.9568499,-0.5559862,-0.001602068,0.83119,0.07109676,0.0534786,-0.1852888,-0.006882264,-0.03245843,0.003982114,0.9994414,-0.06493541,0.01349833,0.9977981
Fixation,25.7434,0.03575209,0.04870069,-0.05943835,-0.126715,0.2472821,-0.009691256,-0.9605733,-0.4726091,-0.248231,0.8455897,0.105345,0.05021763,-0.05363588,0.0007462496,0.2904264,-0.005822033,-0.9568794,-0.5558147,-0.001953602,0.831304,0.07109413,0.05346656,-0.1852914,-0.006868801,-0.0325475,0.004021585,0.9994385,-0.06511369,0.0134681,0.9977869
Fixation,25.7552,0.03573036,0.04869699,-0.05944807,-0.1267574,0.2472483,-0.009723152,-0.9605761,-0.4725366,-0.2483283,0.8456017,0.1053234,0.05021989,-0.05364962,0.0007020938,0.2903983,-0.005856145,-0.9568877,-0.5557653,-0.002057579,0.8313367,0.07107161,0.05346656,-0.1853029,-0.006835036,-0.03251838,0.004066111,0.9994395,-0.06505588,0.01339796,0.9977916
Fixation,25.7655,0.03570747,0.04869962,-0.05946673,-0.1263682,0.2472252,-0.009785072,-0.9606326,-0.4725122,-0.247625,0.8458216,0.1052993,0.05023277,-0.05365573,0.0006484687,0.2904841,-0.005919605,-0.9568613,-0.5559137,-0.002198113,0.8312371,0.07104904,0.05347502,-0.1853149,-0.006799561,-0.03260844,0.004140882,0.9994365,-0.06523644,0.0133214,0.9977809
Fixation,25.7766,0.03572519,0.04870224,-0.05946428,-0.1263355,0.247301,-0.00988509,-0.9606164,-0.4726251,-0.2476092,0.8457631,0.1053157,0.05024707,-0.05364095,0.0005608359,0.2903323,-0.006012709,-0.9569069,-0.5556486,-0.002418031,0.8314137,0.07106706,0.05348253,-0.1853067,-0.006850581,-0.03269848,0.004220571,0.9994329,-0.06541771,0.01341738,0.9977677
Fixation,25.7881,0.03571182,0.04869461,-0.05947647,-0.12591,0.2471216,-0.009882121,-0.9607185,-0.47234,-0.2468122,0.8461552,0.1053027,0.05023897,-0.05365691,0.0006494327,0.2903077,-0.006028571,-0.9569142,-0.5556068,-0.002257378,0.8314421,0.0710535,0.05347311,-0.1853215,-0.006940299,-0.03267289,0.004213074,0.9994332,-0.06536721,0.01359742,0.9977686
Fixation,25.7992,0.03569589,0.04869533,-0.05949468,-0.1258992,0.2471204,-0.009889406,-0.9607201,-0.4723369,-0.2467954,0.8461618,0.1052867,0.0502404,-0.05367523,0.0006600205,0.2903071,-0.006036445,-0.9569143,-0.5556059,-0.002241679,0.8314427,0.07103752,0.05347395,-0.1853398,-0.006952565,-0.03267234,0.004217941,0.999433,-0.06536629,0.01362163,0.9977683
Fixation,25.8101,0.03567611,0.04869998,-0.05950566,-0.1258344,0.2471765,-0.009910458,-0.960714,-0.4724377,-0.2466809,0.846139,0.1052663,0.0502454,-0.05367824,0.0007244372,0.2903629,-0.006052928,-0.9568972,-0.5557036,-0.002128667,0.8313777,0.07101845,0.05347753,-0.1853473,-0.007018967,-0.03273073,0.004216907,0.9994307,-0.06548339,0.0137539,0.9977589
Fixation,25.8212,0.03566029,0.04870975,-0.05950675,-0.1253547,0.2470926,-0.009930813,-0.9607981,-0.4723225,-0.2457889,0.8464628,0.1052504,0.05025721,-0.05367912,0.0006582122,0.2900602,-0.006093884,-0.9569888,-0.5551767,-0.002275383,0.8317293,0.07100262,0.05348647,-0.1853492,-0.007128524,-0.03273425,0.004226021,0.9994298,-0.06549142,0.01397225,0.9977553
Fixation,25.8325,0.03564074,0.04874289,-0.05953509,-0.1253394,0.2471294,-0.009970737,-0.9607902,-0.4723795,-0.2457779,0.8464342,0.1052302,0.05029488,-0.05370163,0.0006719865,0.2901007,-0.006129345,-0.9569763,-0.5552472,-0.002270105,0.8316823,0.07098328,0.05352163,-0.1853747,-0.007150936,-0.03277677,0.004256505,0.9994281,-0.06557692,0.01401466,0.9977491
Fixation,25.8433,0.03563116,0.04876471,-0.05954553,-0.1252325,0.2471409,-0.01004507,-0.9608004,-0.4723903,-0.2456119,0.8464764,0.1052203,0.05032408,-0.05370981,0.0006388566,0.2899125,-0.006209662,-0.9570328,-0.5549194,-0.002377703,0.8319007,0.07097352,0.053545,-0.185385,-0.007271812,-0.03279552,0.004303785,0.9994264,-0.065616,0.01425299,0.9977431
Fixation,25.8546,0.03562289,0.04879332,-0.05955072,-0.1239683,0.2471293,-0.009988189,-0.9609679,-0.4724903,-0.2431959,0.8471179,0.1052115,0.05034864,-0.05370704,0.0006742706,0.2899676,-0.006186964,-0.9570162,-0.5550158,-0.002297463,0.8318366,0.07096622,0.05357111,-0.1853864,-0.007300069,-0.03285294,0.004272416,0.9994244,-0.06573044,0.01431101,0.9977348
Fixation,25.8653,0.03560301,0.04883337,-0.0595825,-0.1237536,0.2471992,-0.009915974,-0.9609783,-0.4726519,-0.2427515,0.8471552,0.1051913,0.0503726,-0.05373137,0.0008936078,0.2900217,-0.006116164,-0.9570001,-0.5551124,-0.001837275,0.8317733,0.07094827,0.05359972,-0.1854159,-0.007493574,-0.03290895,0.004147058,0.9994217,-0.06584198,0.01470553,0.9977217
Fixation,25.8769,0.03559412,0.04884386,-0.05959433,-0.1237038,0.2471509,-0.009903198,-0.9609973,-0.4725726,-0.2426531,0.8472276,0.1051831,0.05038106,-0.0537506,0.0008446961,0.2897936,-0.006114161,-0.9570693,-0.5547155,-0.001926824,0.8320379,0.07093894,0.05360818,-0.1854318,-0.007541523,-0.03285643,0.004130215,0.9994231,-0.06573725,0.01480294,0.9977272
Fixation,25.8886,0.03558531,0.04884315,-0.059612,-0.1233336,0.2470157,-0.009901452,-0.9610797,-0.4723612,-0.2419585,0.8475441,0.1051738,0.05037475,-0.05376169,0.001070417,0.2898421,-0.006121451,-0.9570543,-0.5548023,-0.001499614,0.8319809,0.0709313,0.05360091,-0.1854479,-0.007761386,-0.03290714,0.00407871,0.9994199,-0.06583942,0.01524533,0.9977137
Fixation,25.8997,0.03561715,0.04881859,-0.05958358,-0.1234306,0.2469507,-0.009978055,-0.9610831,-0.4722171,-0.2421823,0.8475605,0.105206,0.05036402,-0.05374068,0.0009694123,0.2897901,-0.00620132,-0.9570696,-0.5547106,-0.001738572,0.8320415,0.0709615,0.05358458,-0.1854227,-0.007684515,-0.03285342,0.004182233,0.9994219,-0.06573313,0.01508534,0.9977232
Fixation,25.9105,0.03561257,0.04878819,-0.05959006,-0.1234362,0.2470042,-0.01002583,-0.9610682,-0.4723007,-0.242214,0.8475049,0.1052006,0.05033934,-0.05373869,0.001031876,0.2896205,-0.006237753,-0.9571207,-0.5544165,-0.001637904,0.8322378,0.07095724,0.05355692,-0.1854249,-0.0076875,-0.0329147,0.004222705,0.9994197,-0.06585613,0.0150881,0.9977151
Fixation,25.9212,0.03560639,0.04873252,-0.05959058,-0.1232693,0.2463436,-0.009991133,-0.9612594,-0.4711371,-0.2419101,0.8482389,0.1051951,0.05028331,-0.05374704,0.0009581755,0.2895656,-0.00621877,-0.9571375,-0.5543201,-0.001767272,0.8323017,0.07095035,0.05350256,-0.1854288,-0.007611488,-0.03285711,0.004223672,0.9994221,-0.06574054,0.01493662,0.997725
Fixation,25.9325,0.03560689,0.04867017,-0.05958574,-0.1234482,0.2463226,-0.01008267,-0.9612409,-0.4710613,-0.2422941,0.8481714,0.1051952,0.05023789,-0.05374258,0.0007741256,0.2895607,-0.006303972,-0.9571386,-0.5543092,-0.002168874,0.832308,0.07094948,0.05345154,-0.1854229,-0.00745566,-0.03285262,0.004353497,0.9994229,-0.06573225,0.01461667,0.9977303
Fixation,25.9435,0.03559004,0.04867494,-0.05954528,-0.1235915,0.2462802,-0.009941467,-0.9612348,-0.4710089,-0.2424976,0.8481424,0.1051793,0.0502274,-0.05370967,0.0004949966,0.2891517,-0.006165399,-0.9572634,-0.5535948,-0.002617787,0.8327821,0.07093287,0.05345154,-0.1853849,-0.007285804,-0.03279459,0.00425316,0.9994265,-0.06561353,0.01428429,0.9977429
Fixation,25.9548,0.03558785,0.04868841,-0.05951954,-0.1235742,0.2462029,-0.009855147,-0.9612578,-0.4708932,-0.2424261,0.8482271,0.1051785,0.05023003,-0.05369651,0.0005159122,0.2890651,-0.006090563,-0.95729,-0.5534444,-0.002533383,0.8328822,0.07093036,0.05345953,-0.1853655,-0.007286878,-0.03270362,0.004175936,0.9994298,-0.06543081,0.01429231,0.9977548
Fixation,25.9655,0.0355864,0.04870427,-0.05949519,-0.1234193,0.2456049,-0.009730545,-0.9614319,-0.4698629,-0.2420982,0.8488918,0.1051773,0.05023062,-0.05367184,0.0004921303,0.2890664,-0.00597352,-0.9572904,-0.5534469,-0.002511265,0.8328807,0.07092993,0.05346859,-0.1853406,-0.007233747,-0.03270418,0.004068966,0.9994307,-0.06542999,0.01419311,0.9977562
Fixation,25.9767,0.03556956,0.0486846,-0.05949385,-0.1235756,0.245543,-0.009700554,-0.9614279,-0.4697463,-0.2423819,0.8488754,0.1051612,0.05021143,-0.0536789,0.0004041326,0.2889125,-0.005941737,-0.957337,-0.5531781,-0.002659502,0.8330588,0.07091217,0.0534519,-0.1853423,-0.007075441,-0.03264122,0.004081511,0.9994338,-0.06530323,0.01387642,0.997769
Fixation,25.9879,0.03556044,0.04866064,-0.05949107,-0.1236637,0.2455643,-0.009733755,-0.9614108,-0.4697689,-0.2425637,0.848811,0.1051516,0.05019367,-0.05367199,0.0003140937,0.2889397,-0.005967854,-0.9573287,-0.5532243,-0.002847318,0.8330275,0.07090291,0.05343246,-0.1853367,-0.006995122,-0.03266978,0.004129789,0.9994332,-0.06536029,0.01371248,0.9977675
Fixation,25.9990,0.03553587,0.04863095,-0.05949152,-0.1233403,0.2452499,-0.009706796,-0.9615329,-0.4692371,-0.2419527,0.8492793,0.1051263,0.05016685,-0.05366525,0.000108154,0.2889861,-0.005945102,-0.9573148,-0.5533027,-0.003229029,0.832974,0.07087852,0.05340791,-0.1853319,-0.006790197,-0.03271803,0.004160592,0.9994329,-0.06545546,0.01330044,0.9977669
Fixation,26.0100,0.03551957,0.04862189,-0.05948134,-0.1232557,0.2453606,-0.009802449,-0.9615145,-0.4694192,-0.2418347,0.8492123,0.1051084,0.05016708,-0.05363817,0.0002481597,0.2889774,-0.006027037,-0.9573169,-0.553289,-0.00300822,0.832984,0.07086312,0.05340171,-0.1853139,-0.006890192,-0.03284157,0.004220785,0.999428,-0.06570374,0.01349527,0.9977479
Fixation,26.0211,0.03549908,0.04861176,-0.05947702,-0.1233244,0.2454213,-0.009879493,-0.9614894,-0.4695033,-0.2419996,0.8491189,0.1050868,0.05016804,-0.0536235,0.0001757536,0.289048,-0.006092458,-0.9572952,-0.5534106,-0.003185529,0.8329024,0.07084268,0.05339813,-0.185304,-0.006836952,-0.03291565,0.004302263,0.9994255,-0.06585231,0.01338283,0.9977396
Fixation,26.0323,0.03547281,0.04860258,-0.05947773,-0.1230048,0.2452957,-0.009867137,-0.9615626,-0.4693069,-0.2413943,0.8493997,0.1050598,0.05015862,-0.05361579,0.000140585,0.2891053,-0.006083682,-0.957278,-0.55351,-0.003248491,0.8328362,0.07081709,0.05338943,-0.1853001,-0.006800619,-0.03297544,0.00430253,0.9994237,-0.06597138,0.01330964,0.9977328
Fixation,26.0438,0.03543766,0.04859996,-0.05947634,-0.1231376,0.2453465,-0.009829591,-0.961533,-0.4693966,-0.2416251,0.8492845,0.1050241,0.05015302,-0.05360698,3.948808E-05,0.2891221,-0.006032623,-0.9572732,-0.5535382,-0.003412727,0.8328168,0.07078261,0.05338788,-0.1852938,-0.006660129,-0.03302612,0.004288072,0.9994231,-0.06607125,0.01302934,0.9977298
Fixation,26.0546,0.03541397,0.04857934,-0.05945855,-0.1229963,0.24536,-0.009752345,-0.9615484,-0.469452,-0.2413195,0.8493407,0.1050008,0.05011845,-0.0535894,0.0001851255,0.2891224,-0.005960909,-0.9572736,-0.5535408,-0.003092433,0.8328164,0.07076,0.05335796,-0.1852771,-0.006782401,-0.03302598,0.004181289,0.9994227,-0.06607054,0.01328079,0.9977266
Fixation,26.0661,0.03543297,0.04895985,-0.05934716,-0.1218948,0.2454958,-0.00974313,-0.9616541,-0.4697887,-0.2392251,0.849747,0.1049721,0.05010915,-0.05357232,0.0001908434,0.2891959,-0.005977915,-0.9572513,-0.5536685,-0.003092206,0.8327314,0.07073308,0.05334747,-0.1852653,-0.006792188,-0.0331028,0.004195861,0.99942,-0.06622421,0.01329871,0.9977161
Fixation,26.0770,0.03540689,0.04894364,-0.0593501,-0.1218942,0.2454903,-0.009764144,-0.9616553,-0.4697738,-0.2392345,0.8497525,0.104946,0.0500958,-0.05357568,0.0002170862,0.2891114,-0.005998123,-0.9572767,-0.5535219,-0.003052629,0.8328291,0.07070678,0.05333257,-0.1852685,-0.006797375,-0.03309998,0.004216786,0.99942,-0.06621889,0.01330771,0.9977164
Fixation,26.0886,0.03536589,0.04891479,-0.05936188,-0.1215142,0.245346,-0.009867789,-0.9617392,-0.4695196,-0.2385719,0.8500793,0.1049037,0.05008221,-0.05357466,0.0001969431,0.2891997,-0.006104666,-0.9572493,-0.5536749,-0.003153888,0.832727,0.07066593,0.05331123,-0.1852739,-0.00680518,-0.03319288,0.004324458,0.9994165,-0.06640589,0.01331533,0.9977039
Fixation,26.0990,0.03537231,0.048877,-0.05935109,-0.1214847,0.2453848,-0.009952329,-0.9617322,-0.4695708,-0.2385558,0.8500555,0.1049094,0.05005467,-0.05355708,0.0002229726,0.2892469,-0.006184955,-0.9572346,-0.5537571,-0.003151085,0.8326723,0.07067232,0.05327785,-0.18526,-0.006850913,-0.03324274,0.004395097,0.9994142,-0.06650675,0.01340159,0.997696
Fixation,26.1103,0.03535428,0.04886782,-0.05935448,-0.1215077,0.2453988,-0.01002239,-0.9617249,-0.4695768,-0.2386329,0.8500306,0.1048909,0.05005527,-0.05355717,0.0002058982,0.2891871,-0.006250814,-0.9572522,-0.5536526,-0.003221117,0.8327415,0.07065394,0.0532738,-0.1852617,-0.006842699,-0.03326679,0.00446609,0.9994131,-0.06655566,0.01338022,0.997693
Fixation,26.1215,0.03533084,0.04884136,-0.05934656,-0.1211286,0.2449382,-0.01007009,-0.9618897,-0.4687676,-0.2379577,0.8506663,0.1048668,0.05003691,-0.05354263,0.0001992862,0.2892328,-0.006308265,-0.957238,-0.5537318,-0.003267586,0.8326887,0.07063057,0.05325127,-0.1852505,-0.006851013,-0.03331495,0.004523068,0.9994112,-0.06665264,0.01339259,0.9976863
Fixation,26.1322,0.03529536,0.04885781,-0.05930874,-0.1211449,0.2449111,-0.01010425,-0.9618942,-0.468709,-0.2380065,0.8506849,0.1048315,0.05005884,-0.05350801,0.0001812489,0.2892107,-0.006344762,-0.9572445,-0.5536931,-0.003322948,0.8327143,0.07059446,0.05327058,-0.1852143,-0.006843003,-0.03329211,0.004563091,0.9994118,-0.06660751,0.01337413,0.9976896
Fixation,26.1439,0.03526254,0.04886293,-0.05927898,-0.1212017,0.2449245,-0.01013474,-0.9618833,-0.468721,-0.2381283,0.8506442,0.1047984,0.05006921,-0.05347554,0.000289545,0.2891455,-0.006364626,-0.957264,-0.5535808,-0.003126264,0.8327896,0.07056149,0.05327928,-0.1851827,-0.006793134,-0.03331127,0.004603036,0.9994113,-0.06664586,0.01327161,0.9976884
Fixation,26.1547,0.03524317,0.04886544,-0.05926995,-0.1212365,0.2449254,-0.01014037,-0.9618787,-0.4687183,-0.2381969,0.8506265,0.1047789,0.05007327,-0.05346611,0.0002542818,0.2891479,-0.006368469,-0.9572632,-0.5535846,-0.00319603,0.8327869,0.07054202,0.05328321,-0.1851733,-0.006760042,-0.03331384,0.004615805,0.9994114,-0.06665087,0.01320458,0.997689
Fixation,26.1659,0.0352285,0.04885364,-0.05926542,-0.1210866,0.2444238,-0.01014577,-0.962025,-0.4678266,-0.2379365,0.8511901,0.104764,0.05006516,-0.05345882,0.0001725685,0.2891662,-0.006378518,-0.9572577,-0.5536153,-0.003358518,0.8327658,0.07052729,0.05327451,-0.1851667,-0.006683632,-0.03333294,0.004646433,0.9994112,-0.06668873,0.01304963,0.9976885
Fixation,26.1769,0.03524036,0.04881036,-0.05924217,-0.121239,0.2445011,-0.01027909,-0.9619848,-0.4679203,-0.2382866,0.8510406,0.1047743,0.05004239,-0.05342153,-9.606034E-05,0.2890724,-0.006496442,-0.9572852,-0.5534483,-0.003939799,0.8328742,0.07053892,0.05324376,-0.1851355,-0.006559308,-0.03343333,0.004798224,0.9994079,-0.06689002,0.01279001,0.9976784
Fixation,26.1881,0.03522488,0.04878795,-0.05922596,-0.1212047,0.2440423,-0.0104283,-0.962104,-0.4670602,-0.238313,0.8515055,0.1047579,0.05003881,-0.05339884,-4.599709E-05,0.289118,-0.006645162,-0.9572704,-0.5535276,-0.003930535,0.8328215,0.07052287,0.05322933,-0.1851166,-0.006645823,-0.03348192,0.004928847,0.9994051,-0.06698951,0.01295369,0.9976696
Fixation,26.1992,0.03522764,0.04881501,-0.05921341,-0.121224,0.2440693,-0.01033013,-0.9620957,-0.4671315,-0.2383007,0.8514699,0.1047608,0.0500524,-0.05338398,-6.092759E-05,0.2891335,-0.00654355,-0.9572664,-0.5535548,-0.003900567,0.8328037,0.07052664,0.05325043,-0.1851026,-0.006605267,-0.03349735,0.004834406,0.9994053,-0.06701873,0.0128788,0.9976686
Fixation,26.2104,0.0352504,0.04881811,-0.05919957,-0.1211604,0.2441465,-0.01021047,-0.9620855,-0.4673054,-0.2381191,0.8514253,0.1047831,0.05003643,-0.05336145,7.017516E-06,0.2890961,-0.006417832,-0.9572786,-0.5534912,-0.003697305,0.8328469,0.07055139,0.05324316,-0.1850846,-0.006640176,-0.03355919,0.004695174,0.9994037,-0.06714071,0.0129573,0.9976594
Fixation,26.2217,0.03526725,0.04881668,-0.05918751,-0.1210819,0.2441002,-0.01013474,-0.9621079,-0.4672472,-0.2379354,0.8515086,0.1048009,0.05002356,-0.05335767,8.938136E-05,0.2890398,-0.006352302,-0.9572961,-0.5533944,-0.003501007,0.832912,0.07056832,0.05323493,-0.1850772,-0.006703037,-0.03349994,0.004610984,0.9994056,-0.06702188,0.01308917,0.9976656
Fixation,26.2323,0.03528827,0.04882371,-0.05915932,-0.1207413,0.2437318,-0.01001951,-0.9622453,-0.46664,-0.2372497,0.8520327,0.1048229,0.05001497,-0.05333839,0.0001867134,0.2889791,-0.006258226,-0.957315,-0.5532904,-0.003259507,0.8329821,0.07058964,0.05323291,-0.185054,-0.006773038,-0.033436,0.004495381,0.9994078,-0.06689329,0.01323744,0.9976723
Fixation,26.2435,0.03530092,0.04883027,-0.05914043,-0.1207157,0.2437453,-0.009932881,-0.962246,-0.4666878,-0.2371586,0.8520319,0.1048357,0.05000889,-0.05331913,0.0001424351,0.2887791,-0.006173262,-0.9573759,-0.552942,-0.00329269,0.8332133,0.07060312,0.05323291,-0.185035,-0.006779592,-0.033438,0.004404297,0.9994081,-0.06689613,0.01325662,0.9976719
Fixation,26.2548,0.03533259,0.04879439,-0.05915191,-0.1207051,0.2437177,-0.0099059,-0.9622546,-0.4666456,-0.2371265,0.8520639,0.1048678,0.04996955,-0.05333504,0.000154308,0.2887486,-0.006150468,-0.9573852,-0.5528892,-0.003256414,0.8332484,0.07063464,0.05319512,-0.1850487,-0.006785265,-0.03340606,0.004379379,0.9994093,-0.06683208,0.01326992,0.997676
Fixation,26.2664,0.03535461,0.04877162,-0.05914954,-0.1203778,0.2431395,-0.009902812,-0.9624419,-0.4656312,-0.2365288,0.8527847,0.1048898,0.04994917,-0.05333272,0.0001228973,0.288748,-0.006161188,-0.9573854,-0.5528876,-0.003322741,0.8332492,0.07065649,0.05317414,-0.1850462,-0.006757658,-0.03340546,0.004397804,0.9994094,-0.06683091,0.01321351,0.9976768
Fixation,26.2773,0.03537894,0.04875493,-0.05913646,-0.120474,0.2431212,-0.01001414,-0.9624333,-0.4655631,-0.2367657,0.8527561,0.1049139,0.04995012,-0.05331991,1.973705E-05,0.2884693,-0.006267762,-0.9574686,-0.5524009,-0.003578319,0.8335709,0.0706796,0.05316758,-0.1850327,-0.006686837,-0.03340358,0.00452837,0.9994093,-0.06682826,0.01306325,0.997679
Fixation,26.2882,0.03540349,0.04875052,-0.05913015,-0.1204357,0.2430886,-0.0100443,-0.962446,-0.4655,-0.236709,0.8528063,0.1049387,0.04994953,-0.05331795,5.691452E-05,0.2884398,-0.006303554,-0.9574773,-0.5523499,-0.003527404,0.8336049,0.07070359,0.05316424,-0.185029,-0.006731993,-0.0333731,0.00455359,0.9994099,-0.06676813,0.01315211,0.9976819
Fixation,26.2994,0.03546095,0.0487504,-0.05913753,-0.1193119,0.2434275,-0.01000695,-0.9625008,-0.4662103,-0.2345476,0.8530155,0.1049973,0.04995108,-0.05333865,3.710715E-05,0.288348,-0.006312002,-0.9575049,-0.5521898,-0.003569046,0.8337108,0.0707598,0.05316532,-0.185043,-0.006715158,-0.03327727,0.004567318,0.9994132,-0.06657682,0.01311846,0.9976951
Fixation,26.3100,0.03550762,0.04875672,-0.05911485,-0.1193358,0.2433961,-0.009946393,-0.9625063,-0.4661667,-0.2345648,0.8530346,0.1050445,0.04995012,-0.0533213,3.384892E-05,0.2882962,-0.006254003,-0.9575208,-0.5520997,-0.003541189,0.8337706,0.07080644,0.05316865,-0.1850228,-0.006679862,-0.03323819,0.004517593,0.9994149,-0.06649785,0.01305159,0.9977012
Fixation,26.3215,0.03553264,0.04875028,-0.05910762,-0.1192911,0.2432414,-0.009904617,-0.9625514,-0.4659016,-0.234466,0.8532065,0.1050715,0.04993963,-0.05333703,8.048164E-05,0.2881385,-0.006233817,-0.9575685,-0.5518258,-0.003438272,0.8339524,0.0708298,0.05315924,-0.1850275,-0.006720013,-0.0330734,0.004486958,0.9994203,-0.06616875,0.01313544,0.997722
Fixation,26.3327,0.03556823,0.0487386,-0.05913223,-0.1181605,0.2435087,-0.009835359,-0.962624,-0.4664904,-0.2322782,0.8534832,0.1051085,0.04992235,-0.05337712,0.000178087,0.2880328,-0.006213341,-0.9576004,-0.5516429,-0.00323822,0.8340741,0.07086452,0.05314326,-0.1850606,-0.006809274,-0.03296296,0.004442703,0.9994235,-0.06594843,0.01331781,0.9977341
Fixation,26.3438,0.03560751,0.04874861,-0.05912844,-0.1181455,0.2434329,-0.0098022,-0.9626454,-0.4663629,-0.2322368,0.8535641,0.1051488,0.04992867,-0.05338477,-4.883483E-05,0.2878195,-0.006197715,-0.9576646,-0.5512686,-0.003661182,0.8343198,0.07090306,0.05315125,-0.1850627,-0.006819395,-0.03288076,0.004416784,0.9994262,-0.06578404,0.01334051,0.9977447
Fixation,26.3545,0.03562952,0.04876649,-0.05911872,-0.1181224,0.2434415,-0.009784804,-0.9626462,-0.4663845,-0.2321842,0.8535666,0.1051707,0.04994357,-0.05337421,-2.481602E-05,0.2878254,-0.006180491,-0.9576629,-0.5512792,-0.003605336,0.834313,0.07092535,0.05316722,-0.1850527,-0.00683819,-0.03288681,0.004393949,0.999426,-0.06579597,0.01337952,0.9977434
Fixation,26.3664,0.03564901,0.04878533,-0.05911632,-0.1180938,0.2433334,-0.00976475,-0.9626772,-0.4661967,-0.2321247,0.8536854,0.1051906,0.04996145,-0.0533762,-6.710552E-05,0.2877948,-0.006165026,-0.9576723,-0.5512254,-0.003677055,0.8343483,0.07094447,0.05318654,-0.1850522,-0.006793402,-0.03285472,0.004390005,0.9994274,-0.06573147,0.01329056,0.9977489
Fixation,26.3773,0.03568738,0.04876339,-0.05914907,-0.1180138,0.2433371,-0.009766088,-0.9626861,-0.4662094,-0.2319734,0.8537197,0.105229,0.04993784,-0.05340882,0.0001531811,0.2879637,-0.006166006,-0.9576215,-0.5515223,-0.003257792,0.8341538,0.07098304,0.05316222,-0.1850855,-0.006872403,-0.03285654,0.004373861,0.9994269,-0.06573554,0.01344951,0.9977464
Fixation,26.3878,0.03568739,0.04877412,-0.05913796,-0.1181061,0.2433671,-0.009732858,-0.9626675,-0.4662642,-0.2321311,0.8536468,0.1052287,0.04994559,-0.05339349,6.185193E-05,0.2879917,-0.006125028,-0.9576133,-0.5515701,-0.003409453,0.8341216,0.07098351,0.05317318,-0.1850715,-0.006773577,-0.03288547,0.004357517,0.9994267,-0.06579226,0.01325279,0.9977453
Fixation,26.3989,0.03569737,0.04878604,-0.05913298,-0.1177631,0.2429119,-0.009713958,-0.9628247,-0.4654752,-0.2314897,0.8542513,0.105239,0.04995823,-0.05339253,2.892921E-05,0.2879637,-0.006122697,-0.9576218,-0.5515211,-0.003470822,0.8341538,0.07099307,0.05318618,-0.1850683,-0.006741204,-0.03285627,0.004363855,0.9994279,-0.06573378,0.01318793,0.99775
Fixation,26.4101,0.03572141,0.04879153,-0.05913687,-0.1177179,0.2429529,-0.009644631,-0.9628205,-0.4655694,-0.2313687,0.8542328,0.1052629,0.04995251,-0.05339192,-5.065883E-05,0.2881168,-0.00605599,-0.9575762,-0.551787,-0.003586684,0.8339774,0.07101823,0.05318546,-0.1850701,-0.006769864,-0.03288836,0.004282,0.9994269,-0.06579701,0.01325031,0.997745
Fixation,26.4214,0.03574947,0.04880393,-0.0591244,-0.1176593,0.2429495,-0.009670365,-0.9628283,-0.4655617,-0.2312702,0.8542637,0.1052909,0.04996717,-0.05337982,7.074327E-06,0.288115,-0.006084722,-0.9575765,-0.5517843,-0.003492651,0.8339795,0.07104617,0.05319786,-0.1850583,-0.006833039,-0.03288659,0.004294973,0.9994265,-0.06579416,0.01337575,0.9977435
Fixation,26.4328,0.03574704,0.04880726,-0.05912312,-0.1174121,0.2427758,-0.009612772,-0.9629028,-0.4652818,-0.2307803,0.8545486,0.1052889,0.04996371,-0.05338266,2.90866E-05,0.2880866,-0.006039472,-0.9575853,-0.5517354,-0.003424076,0.8340122,0.07104382,0.05319762,-0.1850591,-0.006842756,-0.0328567,0.004245747,0.9994277,-0.06573389,0.01339868,0.9977472
Fixation,26.4437,0.0357568,0.04880488,-0.05911976,-0.1173626,0.2427799,-0.009588967,-0.9629081,-0.4652987,-0.2306747,0.8545679,0.1052988,0.0499568,-0.05337937,7.99871E-05,0.2880866,-0.006017746,-0.9575855,-0.551736,-0.003314075,0.8340122,0.0710539,0.05319214,-0.1850561,-0.006886379,-0.03285656,0.004211692,0.9994275,-0.06573351,0.01348811,0.9977461
Fixation,26.4551,0.03575501,0.04877651,-0.0591176,-0.1173683,0.2427512,-0.009567018,-0.9629148,-0.4652518,-0.2306762,0.854593,0.1052974,0.04992616,-0.05338161,-6.275624E-05,0.2879679,-0.006003209,-0.9576213,-0.5515276,-0.003577657,0.834149,0.07105188,0.05316281,-0.1850561,-0.006876948,-0.03282467,0.004195164,0.9994287,-0.06566954,0.01347063,0.9977505
Fixation,26.4669,0.035762,0.04876828,-0.05910583,-0.1172306,0.2430412,-0.009532203,-0.9628588,-0.4657938,-0.2303865,0.8543759,0.1053037,0.04991388,-0.05336104,-0.0001124442,0.288028,-0.005963321,-0.9576035,-0.5516319,-0.003650561,0.8340797,0.07105982,0.05315363,-0.1850395,-0.006818593,-0.03288707,0.004169012,0.9994271,-0.06579331,0.01335516,0.9977439
Fixation,26.4768,0.03575752,0.04875934,-0.05909985,-0.1172484,0.2430785,-0.009465795,-0.9628479,-0.4658755,-0.2303867,0.8543313,0.105299,0.04989552,-0.05335072,-0.0001273085,0.2880575,-0.005892094,-0.957595,-0.5516833,-0.003638343,0.8340458,0.07105625,0.0531404,-0.185031,-0.006785917,-0.03291735,0.004103813,0.9994266,-0.06585265,0.01329388,0.9977408
Fixation,26.4880,0.03575808,0.04872739,-0.05909234,-0.1173292,0.2429715,-0.009564799,-0.9628641,-0.4656525,-0.2305921,0.8543975,0.1053004,0.04988086,-0.05335647,-0.0003505415,0.2879697,-0.006003941,-0.9576207,-0.5515273,-0.004129278,0.8341466,0.07105456,0.05311823,-0.1850298,-0.006730564,-0.03282231,0.004230081,0.9994296,-0.06566413,0.01317577,0.9977548
Fixation,26.4989,0.03576898,0.04871261,-0.0590739,-0.116471,0.2435654,-0.009531086,-0.9628186,-0.4667984,-0.2289239,0.8542208,0.1053099,0.04986548,-0.05332073,-0.0004429785,0.2880878,-0.005979718,-0.9575853,-0.5517319,-0.004293747,0.8340105,0.07106688,0.05310488,-0.1850019,-0.006634802,-0.03294541,0.004229688,0.9994262,-0.06590914,0.01298329,0.9977412
Fixation,26.5105,0.03575647,0.04868555,-0.05906774,-0.1165886,0.243572,-0.009463373,-0.9628033,-0.4668173,-0.2291139,0.8541595,0.1052975,0.04983163,-0.05331411,-0.0005582264,0.2880897,-0.005906213,-0.9575851,-0.5517341,-0.004472136,0.8340081,0.07105471,0.05307662,-0.1849945,-0.006504561,-0.03294685,0.004188182,0.9994271,-0.06591044,0.0127257,0.9977444
Fixation,26.5216,0.03575178,0.04866481,-0.05906256,-0.116774,0.2435973,-0.009449984,-0.9627746,-0.4668515,-0.2294581,0.8540484,0.1052924,0.04981291,-0.05330462,-0.0007390217,0.2881598,-0.005881223,-0.9575641,-0.5518541,-0.004804785,0.8339268,0.07105009,0.05306017,-0.1849857,-0.006318496,-0.03297575,0.004211467,0.9994273,-0.06596696,0.012352,0.9977453
Fixation,26.5328,0.03574815,0.04863882,-0.05906495,-0.1168131,0.2432407,-0.009522453,-0.9628593,-0.4661884,-0.2295816,0.8543774,0.1052886,0.0497973,-0.05330688,-0.0007502782,0.2881607,-0.005954464,-0.9575633,-0.5518552,-0.004868562,0.8339257,0.07104584,0.05303919,-0.1849881,-0.006326395,-0.03297726,0.004285138,0.9994269,-0.06597093,0.01236292,0.997745
Fixation,26.5436,0.03574303,0.04861856,-0.05906337,-0.1168507,0.24324,-0.00952326,-0.9628549,-0.4661841,-0.2296534,0.8543604,0.1052834,0.04977798,-0.05330519,-0.000695901,0.2882721,-0.005951069,-0.9575298,-0.5520501,-0.004763747,0.8337974,0.07104063,0.05302012,-0.1849862,-0.006289543,-0.03297764,0.004293976,0.9994271,-0.06597151,0.01228867,0.9977458
Fixation,26.5545,0.03573553,0.04860437,-0.05905861,-0.1169466,0.2432345,-0.009533333,-0.9628446,-0.4661642,-0.2298404,0.854321,0.1052759,0.04976737,-0.05330057,-0.0007928028,0.2882702,-0.005957157,-0.9575303,-0.5520455,-0.004952807,0.8337993,0.0710328,0.05300939,-0.1849808,-0.006197452,-0.03297572,0.004324735,0.9994276,-0.06596729,0.01210259,0.9977484
Fixation,26.5657,0.03572851,0.04859316,-0.05904307,-0.1169609,0.2429917,-0.009533936,-0.9629041,-0.4657252,-0.2298776,0.8545504,0.1052686,0.04975712,-0.05328253,-0.0008282876,0.2882871,-0.005956128,-0.9575252,-0.5520744,-0.005020362,0.8337797,0.07102591,0.05299926,-0.1849637,-0.006162862,-0.03299333,0.004332748,0.9994272,-0.06600227,0.01203276,0.9977469
Fixation,26.5769,0.0356856,0.04856348,-0.0590636,-0.1169987,0.2430027,-0.009552819,-0.9628965,-0.4657376,-0.229958,0.8545219,0.1052255,0.04973066,-0.053301,-0.000867133,0.2883009,-0.005971725,-0.9575208,-0.5520979,-0.005103903,0.8337637,0.07098293,0.05297184,-0.184983,-0.006129294,-0.03300792,0.00435771,0.9994268,-0.06603141,0.01196388,0.9977458
Fixation,26.5913,0.03567187,0.04854584,-0.05906273,-0.1170692,0.2430264,-0.00958845,-0.9628817,-0.4657663,-0.230108,0.854466,0.1052113,0.04971921,-0.05329582,-0.000983296,0.2883593,-0.006002435,-0.957503,-0.5521981,-0.005344734,0.8336959,0.07096913,0.05295837,-0.1849795,-0.006066706,-0.03303838,0.004404281,0.999426,-0.06609226,0.01183543,0.9977433
Fixation,26.6073,0.03565639,0.04852259,-0.05905475,-0.1161851,0.2434103,-0.009551745,-0.9628921,-0.4665361,-0.2283975,0.8545049,0.1051953,0.04969633,-0.05328139,-0.001075922,0.2884027,-0.00598637,-0.9574899,-0.5522726,-0.005513339,0.8336454,0.07096025,0.05294418,-0.1849756,-0.006026821,-0.03305388,0.00440167,0.9994257,-0.06612284,0.01175574,0.9977422
Fixation,26.6139,0.03565639,0.04852259,-0.05905475,-0.1161851,0.2434103,-0.009551745,-0.9628921,-0.4665361,-0.2283975,0.8545049,0.1051953,0.04969633,-0.05328139,-0.001155298,0.2883426,-0.005988718,-0.9575079,-0.5521668,-0.005666018,0.8337144,0.07095408,0.05293703,-0.1849675,-0.005972987,-0.03308361,0.004412273,0.999425,-0.06618188,0.01164716,0.9977396
Fixation,26.6212,0.03567265,0.04851401,-0.05906877,-0.1162054,0.2434255,-0.009552711,-0.9628858,-0.4665618,-0.2284359,0.8544806,0.1052113,0.0496881,-0.05329313,-0.001175741,0.2883582,-0.005986899,-0.9575032,-0.5521937,-0.005704294,0.8336964,0.07097048,0.05292892,-0.1849802,-0.005952735,-0.03309983,0.004415669,0.9994246,-0.06621414,0.0116063,0.9977379
Fixation,26.6325,0.03567177,0.04850733,-0.05906888,-0.116124,0.2433808,-0.009521392,-0.9629073,-0.4664949,-0.2282679,0.854562,0.1052106,0.0496757,-0.05329312,-0.001107987,0.2883596,-0.00595893,-0.957503,-0.5521972,-0.005558431,0.833695,0.07097004,0.05291843,-0.1849807,-0.006011044,-0.0331011,0.004371246,0.9994244,-0.06621664,0.01172578,0.9977364
Fixation,26.6435,0.03566639,0.04852211,-0.05906972,-0.1160242,0.2433825,-0.009527755,-0.9629188,-0.4665043,-0.2280816,0.8546066,0.1052052,0.04968905,-0.05329411,-0.001108982,0.2883059,-0.005972869,-0.9575191,-0.5521035,-0.005567769,0.833757,0.07096483,0.05293059,-0.1849823,-0.006110542,-0.03310112,0.004356064,0.9994239,-0.06621734,0.01192566,0.997734
Fixation,26.6550,0.03567018,0.04851758,-0.05905986,-0.1160152,0.2433631,-0.009587007,-0.9629242,-0.4664559,-0.228094,0.8546298,0.105209,0.04969263,-0.05328613,-0.001102623,0.2882932,-0.006034391,-0.9575226,-0.5520811,-0.005590921,0.8337717,0.07096796,0.05292976,-0.1849736,-0.006132487,-0.03308827,0.004413971,0.9994239,-0.06619254,0.01196581,0.9977351
Fixation,26.6656,0.03566658,0.04850519,-0.05905636,-0.1216319,0.2404762,-0.009785444,-0.9629544,-0.4607548,-0.2389583,0.8547537,0.1052059,0.04968297,-0.05328938,-0.001021188,0.2882476,-0.006071388,-0.9575362,-0.5520026,-0.005455775,0.8338246,0.0709637,0.05291724,-0.1849742,-0.006220766,-0.03304099,0.00442911,0.9994248,-0.06609906,0.01214169,0.9977392
Fixation,26.6774,0.03566626,0.04849267,-0.05905799,-0.1216685,0.2404909,-0.009871524,-0.9629452,-0.4607569,-0.2390683,0.8547218,0.1052051,0.04968286,-0.0532873,-0.001223181,0.2881469,-0.006157755,-0.9575657,-0.5518241,-0.005891229,0.8339397,0.0709629,0.05291128,-0.1849739,-0.006202117,-0.03306803,0.004518371,0.9994237,-0.06615399,0.01209826,0.9977361
Fixation,26.6886,0.03566233,0.04848766,-0.05906323,-0.1217156,0.240485,-0.009913127,-0.9629403,-0.4607323,-0.2391776,0.8547046,0.105201,0.04968464,-0.05329242,-0.001272535,0.2881472,-0.006197351,-0.9575652,-0.5518237,-0.00600857,0.8339391,0.0709585,0.05291045,-0.1849788,-0.006164561,-0.03306866,0.004569294,0.9994236,-0.06615554,0.01201981,0.9977369
Fixation,26.6994,0.03566016,0.04847801,-0.05906325,-0.125918,0.2383721,-0.01011899,-0.9629232,-0.4565196,-0.247323,0.8546468,0.105199,0.0496856,-0.05329669,-0.001242309,0.2881185,-0.006281938,-0.9575734,-0.5517736,-0.005999089,0.8339724,0.07095535,0.05290508,-0.1849813,-0.00621551,-0.03303931,0.004643477,0.9994239,-0.06609828,0.01211703,0.9977396
Fixation,26.7104,0.03566192,0.04848874,-0.05906094,-0.1258926,0.2383975,-0.01015496,-0.9629198,-0.4565585,-0.2472908,0.8546354,0.1052004,0.04970026,-0.05329029,-0.001372866,0.2879777,-0.006319929,-0.9576153,-0.5515264,-0.006269353,0.8341339,0.07095724,0.05291736,-0.1849772,-0.006247188,-0.03306932,0.004669755,0.9994226,-0.06615879,0.01217831,0.9977348
Fixation,26.7220,0.03566598,0.04851186,-0.05906597,-0.1258309,0.2384297,-0.0101535,-0.96292,-0.4566222,-0.247172,0.8546357,0.1052041,0.04972136,-0.05329107,-0.001310625,0.2880075,-0.00631757,-0.9576064,-0.5515791,-0.006149141,0.8340999,0.07096185,0.05293834,-0.1849805,-0.006306692,-0.03310039,0.004651344,0.9994213,-0.06622113,0.01229816,0.9977292
Fixation,26.7324,0.03566455,0.04854238,-0.05907997,-0.1285022,0.237031,-0.01022087,-0.9629118,-0.453853,-0.2523179,0.854607,0.1052022,0.04975224,-0.0532986,-0.001419987,0.2880509,-0.006297715,-0.9575934,-0.5516534,-0.006347665,0.8340493,0.07096083,0.05297101,-0.1849904,-0.006195813,-0.03314554,0.0046599,0.9994205,-0.06631041,0.01207554,0.997726
Fixation,26.7436,0.03563878,0.04846835,-0.0590434,-0.1284321,0.2370719,-0.01026149,-0.9629106,-0.4539223,-0.2522027,0.8546042,0.1051758,0.04968154,-0.05325586,-0.001351379,0.2880941,-0.006336338,-0.9575802,-0.5517294,-0.00623903,0.8339999,0.07093546,0.05289733,-0.1849513,-0.006271945,-0.03319095,0.004679387,0.9994184,-0.06640198,0.01222597,0.997718
Fixation,26.7547,0.03565085,0.04841685,-0.05904254,-0.1285133,0.2371345,-0.01023592,-0.9628847,-0.4540354,-0.2523416,0.8545032,0.1051872,0.04962718,-0.05324614,-0.001693039,0.2879597,-0.006306193,-0.9576203,-0.5514907,-0.006874436,0.8341528,0.07094837,0.05284595,-0.1849453,-0.006184509,-0.03325349,0.004662942,0.9994169,-0.06652587,0.01205169,0.9977119
Fixation,26.7659,0.03566936,0.04839599,-0.05903775,-0.1281978,0.2368721,-0.01016523,-0.962992,-0.4536055,-0.2517226,0.8549139,0.1052058,0.04959989,-0.05324127,-0.001756354,0.2879595,-0.006245629,-0.9576207,-0.5514899,-0.006960818,0.8341525,0.07096723,0.05282331,-0.1849398,-0.006107803,-0.0332528,0.004620606,0.9994176,-0.06652331,0.0119012,0.9977139
Fixation,26.7772,0.03568572,0.04839647,-0.05901031,-0.1281686,0.2368887,-0.01005077,-0.962993,-0.453668,-0.2516128,0.8549131,0.1052224,0.04958379,-0.05321364,-0.001721082,0.287961,-0.006131682,-0.957621,-0.5514938,-0.006827658,0.834151,0.07098466,0.05281532,-0.1849123,-0.006112732,-0.03325346,0.00450142,0.9994181,-0.06652325,0.01191898,0.9977137
Fixation,26.7882,0.03571312,0.04841745,-0.05898275,-0.128108,0.2368569,-0.009863054,-0.9630109,-0.4536646,-0.2514111,0.8549743,0.105251,0.04957831,-0.05319422,-0.001663282,0.2877528,-0.00595289,-0.9576848,-0.5511333,-0.006611722,0.8343911,0.07101306,0.05282247,-0.184889,-0.006135318,-0.03319395,0.004311205,0.9994208,-0.06640235,0.01197732,0.997721
Fixation,26.7991,0.03574637,0.04843903,-0.05896473,-0.1280524,0.2362216,-0.009647639,-0.9631765,-0.4525754,-0.251232,0.8556039,0.1052863,0.04957497,-0.05319666,-0.001720354,0.2876112,-0.00575818,-0.9577284,-0.5508871,-0.006607498,0.8345537,0.07104604,0.05283332,-0.1848805,-0.006030616,-0.03304463,0.004138501,0.9994271,-0.06610133,0.01178081,0.9977434
Fixation,26.8104,0.0357832,0.04844356,-0.0589487,-0.1280842,0.2361648,-0.009507188,-0.9631876,-0.4525065,-0.2512288,0.8556413,0.1053243,0.0495621,-0.05319101,-0.001745375,0.2875393,-0.005624767,-0.9577508,-0.5507624,-0.006577952,0.8346362,0.07108303,0.05283022,-0.1848693,-0.005972441,-0.03296851,0.0040164,0.9994305,-0.06594745,0.01167325,0.9977548
Fixation,26.8213,0.03582516,0.04840457,-0.05895332,-0.1282875,0.2360936,-0.009495382,-0.9631781,-0.452364,-0.2516111,0.8556043,0.105367,0.04952717,-0.05320489,-0.002161545,0.2873366,-0.005617649,-0.9578108,-0.550404,-0.007369014,0.8348659,0.07112377,0.05279672,-0.1848771,-0.0057716,-0.03289982,0.004056086,0.9994338,-0.06580919,0.01126978,0.9977686
Fixation,26.8326,0.03584849,0.0483948,-0.05895023,-0.1281928,0.2364071,-0.009516811,-0.9631136,-0.4529338,-0.2514282,0.8553565,0.1053911,0.04952359,-0.05321229,-0.002226503,0.2872638,-0.005648972,-0.9578323,-0.5502759,-0.007510723,0.8349491,0.07114577,0.05279112,-0.1848789,-0.005716956,-0.03282411,0.004103464,0.9994364,-0.06565814,0.01115808,0.9977798
Fixation,26.8436,0.03587124,0.04838312,-0.05895166,-0.1282794,0.2363151,-0.009537004,-0.9631244,-0.4527549,-0.2516055,0.8553991,0.1054147,0.04951823,-0.05322598,-0.002314977,0.2871785,-0.005676265,-0.9578575,-0.5501259,-0.00769504,0.8350463,0.071167,0.05278397,-0.184886,-0.005638575,-0.03273542,0.004153046,0.9994395,-0.06548098,0.01099893,0.9977932
Fixation,26.8548,0.03587971,0.04837358,-0.05892362,-0.1283201,0.236216,-0.009614523,-0.9631426,-0.4525519,-0.2517234,0.8554718,0.105424,0.04952192,-0.05321044,-0.002564208,0.2868715,-0.005769448,-0.9579483,-0.5495867,-0.008222939,0.8353963,0.07117354,0.05278146,-0.1848642,-0.005617408,-0.03264584,0.004249754,0.9994422,-0.06530301,0.01095107,0.9978054
Fixation,26.8659,0.03589891,0.04836667,-0.05891414,-0.1285198,0.2371469,-0.009635935,-0.9628869,-0.4542144,-0.2520702,0.8544881,0.1054444,0.04951787,-0.05321583,-0.00254717,0.2867694,-0.005793655,-0.9579788,-0.5494085,-0.008203154,0.8355137,0.07119132,0.0527755,-0.1848624,-0.005640276,-0.03253945,0.004269511,0.9994454,-0.06509097,0.01099644,0.9978188
Fixation,26.8773,0.03590936,0.04837346,-0.05891141,-0.1285224,0.2371165,-0.009604841,-0.9628944,-0.4541675,-0.252062,0.8545155,0.1054553,0.04952097,-0.05321795,-0.002548392,0.286736,-0.005766665,-0.9579889,-0.5493503,-0.008189684,0.835552,0.07120159,0.05278063,-0.1848621,-0.005632269,-0.03250435,0.004243961,0.9994467,-0.06502053,0.01098241,0.9978235
Fixation,26.8880,0.03591119,0.04838669,-0.05891752,-0.1284921,0.2370229,-0.009537744,-0.9629221,-0.4540182,-0.251977,0.8546199,0.1054584,0.04952598,-0.05323872,-0.002732576,0.2864482,-0.005720212,-0.9580747,-0.5488463,-0.008513113,0.8358799,0.07120269,0.05278933,-0.1848758,-0.005651562,-0.03239896,0.004185117,0.9994503,-0.06480961,0.01102572,0.9978367
Fixation,26.8994,0.03589955,0.04840648,-0.05891932,-0.1279975,0.2373863,-0.009471199,-0.9628991,-0.4547336,-0.250994,0.8545288,0.1054473,0.04953659,-0.05324487,-0.002634991,0.2864192,-0.005672686,-0.958084,-0.5487974,-0.008298619,0.8359142,0.07119133,0.05280316,-0.1848804,-0.005733843,-0.03236824,0.004114461,0.9994511,-0.06474812,0.01119504,0.9978389
Fixation,26.9106,0.03587988,0.0484066,-0.05893457,-0.1279228,0.2374611,-0.009491681,-0.9628904,-0.4548696,-0.250859,0.854496,0.1054268,0.04953647,-0.05324952,-0.002482834,0.2864198,-0.005684324,-0.9580842,-0.5488003,-0.008013735,0.8359151,0.07117265,0.05280185,-0.1848908,-0.005809359,-0.03244523,0.004108947,0.9994482,-0.0649024,0.01134568,0.9978271
Fixation,26.9215,0.0358456,0.04840183,-0.05896151,-0.1279169,0.2375781,-0.009576378,-0.9628615,-0.4550597,-0.2508827,0.8543878,0.1053909,0.049541,-0.05325836,-0.002480709,0.2865445,-0.005753369,-0.9580464,-0.5490174,-0.008050461,0.8357722,0.07113935,0.05280137,-0.1849087,-0.005828769,-0.03257591,0.004174281,0.9994436,-0.06516423,0.01137909,0.9978096
Fixation,26.9324,0.03581531,0.0483855,-0.05900997,-0.1282346,0.2375731,-0.009733865,-0.9628189,-0.4549833,-0.2515585,0.8542298,0.1053592,0.04954219,-0.05329338,-0.002438669,0.2866376,-0.005890501,-0.9580179,-0.5491791,-0.008049454,0.8356659,0.07110917,0.05279243,-0.184951,-0.005904213,-0.03267415,0.004295482,0.9994394,-0.06536239,0.0115211,0.9977951
Fixation,26.9433,0.03577597,0.04836774,-0.05905368,-0.128274,0.2376883,-0.009850547,-0.962784,-0.4551578,-0.2516829,0.8541002,0.1053181,0.04953921,-0.05331846,-0.002483716,0.2867655,-0.005989067,-0.9579789,-0.5494009,-0.008193611,0.8355187,0.07107048,0.05278254,-0.1849851,-0.005885539,-0.03280853,0.004401375,0.9994346,-0.06563178,0.01147562,0.9977779
Fixation,26.9546,0.03574118,0.04835463,-0.05908257,-0.1283205,0.2377778,-0.009839935,-0.9627558,-0.4553186,-0.2517621,0.8539911,0.1052822,0.04952407,-0.05333455,-0.002679189,0.2865758,-0.005968162,-0.9580353,-0.5490674,-0.008554175,0.8357343,0.07103686,0.0527693,-0.1850071,-0.005834484,-0.03289976,0.004388781,0.999432,-0.06581336,0.01137356,0.9977672
Fixation,26.9658,0.03570433,0.04834306,-0.05911107,-0.1289734,0.2381612,-0.009959183,-0.9625726,-0.4559259,-0.2530363,0.8532903,0.1052442,0.04952371,-0.05335064,-0.002661215,0.2866614,-0.006054415,-0.9580091,-0.5492163,-0.008570071,0.8356363,0.07100038,0.05276263,-0.1850296,-0.005873662,-0.03298989,0.004466981,0.9994285,-0.06599455,0.01144588,0.9977543
Fixation,26.9770,0.03571174,0.04833555,-0.05910519,-0.1289799,0.238216,-0.01001111,-0.9625576,-0.4560108,-0.2530707,0.8532346,0.1052508,0.0495224,-0.053336,-0.002910709,0.2865444,-0.006105511,-0.9580432,-0.5490082,-0.009076169,0.8357677,0.07100815,0.05275834,-0.1850193,-0.005876137,-0.03305309,0.004511305,0.9994261,-0.06612126,0.0114473,0.9977459
Fixation,26.9913,0.03567929,0.0483439,-0.05913216,-0.1290375,0.2383088,-0.01001937,-0.9625268,-0.4561716,-0.2531795,0.8531165,0.1052172,0.04953158,-0.05334932,-0.002968949,0.2866378,-0.006098653,-0.9580151,-0.5491704,-0.009184805,0.8356599,0.07097676,0.05276811,-0.1850389,-0.005817863,-0.03315055,0.004518817,0.9994232,-0.06631543,0.01132941,0.9977344
Fixation,27.0018,0.0356688,0.04835832,-0.05914382,-0.1292382,0.237868,-0.009977608,-0.9626094,-0.4553689,-0.2535586,0.8534326,0.1052066,0.04953814,-0.05335902,-0.002924451,0.2866517,-0.006050998,-0.9580113,-0.5491958,-0.009072373,0.8356445,0.07096696,0.05277801,-0.1850498,-0.005848723,-0.03316464,0.004461295,0.9994228,-0.06634319,0.01139478,0.9977318
Fixation,27.0134,0.03565692,0.04836035,-0.05915757,-0.1292159,0.2379128,-0.009954243,-0.9626015,-0.4554579,-0.2535032,0.8534015,0.1051943,0.04953575,-0.05336695,-0.002997459,0.2865243,-0.006025626,-0.9580494,-0.5489728,-0.009196404,0.8357897,0.07095587,0.05277753,-0.1850607,-0.005864563,-0.03320651,0.004428024,0.9994215,-0.06642653,0.01142826,0.9977258
Fixation,27.0245,0.03564553,0.04834759,-0.05917988,-0.1292451,0.237931,-0.009927308,-0.9625934,-0.4554954,-0.2535449,0.8533692,0.1051828,0.04951954,-0.05338699,-0.003025513,0.2865396,-0.005995072,-0.9580448,-0.5489992,-0.009232805,0.8357718,0.07094485,0.05276358,-0.1850816,-0.00582962,-0.0332222,0.004405505,0.9994213,-0.06645732,0.01135977,0.9977246
Fixation,27.0354,0.03564195,0.04836154,-0.05919656,-0.1291829,0.2379834,-0.009999918,-0.9625881,-0.4555763,-0.2534595,0.8533514,0.1051784,0.04954112,-0.05339526,-0.002966291,0.2865981,-0.006063364,-0.9580271,-0.5491017,-0.009159071,0.8357054,0.07094157,0.05278015,-0.1850946,-0.005904143,-0.03328383,0.004456025,0.9994186,-0.06658156,0.01150479,0.9977146
Fixation,27.0464,0.03563831,0.04838657,-0.05921105,-0.1288915,0.2378177,-0.009987845,-0.9626682,-0.4553044,-0.25291,0.8536595,0.1051745,0.04956281,-0.05340552,-0.002870124,0.2866283,-0.006059214,-0.9580185,-0.5491556,-0.008972747,0.835672,0.07093859,0.05280185,-0.1851076,-0.005996015,-0.03331519,0.004427299,0.9994171,-0.06664462,0.01169005,0.9977083
Fixation,27.0583,0.03567803,0.04841149,-0.05917716,-0.1287743,0.2377903,-0.009919456,-0.9626913,-0.4552825,-0.2526573,0.8537459,0.1052149,0.04957628,-0.05337737,-0.002907097,0.2863496,-0.00600521,-0.958102,-0.5486692,-0.009009769,0.835991,0.07097864,0.05281925,-0.1850774,-0.00609855,-0.03327467,0.004340526,0.9994182,-0.06656355,0.01190114,0.9977112
Fixation,27.0687,0.03568908,0.04843605,-0.05918472,-0.1289708,0.2374861,-0.009832007,-0.962741,-0.4547392,-0.2530008,0.8539338,0.1052267,0.04958928,-0.05339181,-0.002919692,0.286302,-0.005918122,-0.9581167,-0.5485868,-0.008983551,0.8360453,0.07098981,0.05283856,-0.1850882,-0.006064333,-0.03322425,0.004259874,0.9994205,-0.06646166,0.01183857,0.9977188
Fixation,27.0802,0.03570921,0.04840755,-0.05918467,-0.1289639,0.2374272,-0.009777252,-0.962757,-0.4546475,-0.2529646,0.8539933,0.1052477,0.04955423,-0.05340114,-0.002910297,0.2862374,-0.005871911,-0.9581363,-0.5484748,-0.008938445,0.8361193,0.07100955,0.05280674,-0.1850929,-0.006061815,-0.03315651,0.004213292,0.9994229,-0.06632583,0.01183724,0.9977278
Fixation,27.0918,0.03574652,0.04837418,-0.05916923,-0.1291142,0.2373728,-0.00970685,-0.962751,-0.4545553,-0.2532179,0.8539673,0.1052858,0.04951549,-0.05339388,-0.003296558,0.2859673,-0.005808378,-0.9582161,-0.5479987,-0.009639641,0.8364237,0.07104636,0.05277348,-0.1850803,-0.005900838,-0.03309561,0.004183289,0.999426,-0.0662026,0.01151801,0.9977397
Fixation,27.1019,0.03576981,0.04835331,-0.05916246,-0.1293162,0.2370394,-0.009696873,-0.9628062,-0.4539381,-0.2536099,0.8541793,0.1053093,0.0494951,-0.05339038,-0.003372501,0.285944,-0.005795148,-0.9582229,-0.547957,-0.00977739,0.8364494,0.07106927,0.05275428,-0.1850747,-0.005824083,-0.03307121,0.00418998,0.9994273,-0.06615335,0.01136436,0.9977447
Fixation,27.1129,0.03578344,0.04834223,-0.05916564,-0.12938,0.237043,-0.009643719,-0.9627972,-0.4539533,-0.2537054,0.8541428,0.1053231,0.04947805,-0.05339366,-0.003434191,0.2859427,-0.005738724,-0.9582234,-0.5479545,-0.009863338,0.83645,0.0710832,0.05274141,-0.1850773,-0.005750086,-0.03306938,0.004151099,0.9994279,-0.06614867,0.01121904,0.9977467
Fixation,27.1250,0.03579772,0.04834545,-0.05917435,-0.1295111,0.23702,-0.009594217,-0.9627858,-0.4539139,-0.2539309,0.8540968,0.1053377,0.0494777,-0.05340583,-0.003692544,0.2856839,-0.005689119,-0.9582999,-0.5474998,-0.01032771,0.8367421,0.07109728,0.05274534,-0.1850867,-0.005611292,-0.03304281,0.004133159,0.9994297,-0.06609433,0.01094304,0.9977534
Fixation,27.1352,0.0358176,0.04833317,-0.05910902,-0.1297815,0.2360903,-0.009815698,-0.9629755,-0.4521506,-0.2545876,0.8548363,0.1053579,0.04949629,-0.05335053,-0.003684208,0.2856147,-0.005916593,-0.9583192,-0.5473766,-0.01044103,0.8368213,0.07111441,0.05274749,-0.185027,-0.005677267,-0.03297285,0.004351614,0.9994307,-0.06595757,0.0110611,0.9977611
Fixation,27.1464,0.03583613,0.04832935,-0.05909955,-0.1298267,0.2360639,-0.009808032,-0.962976,-0.4521009,-0.2546706,0.8548378,0.1053767,0.04949296,-0.05334471,-0.003729396,0.2855891,-0.005910074,-0.9583268,-0.5473312,-0.01052366,0.8368499,0.07113256,0.05274463,-0.1850191,-0.005631967,-0.03294609,0.004356989,0.9994318,-0.06590381,0.01097044,0.9977657
Fixation,27.1576,0.03584906,0.04832983,-0.05910994,-0.1298822,0.2360095,-0.009758503,-0.9629823,-0.452011,-0.2547548,0.8548602,0.1053904,0.04948878,-0.05336341,-0.004055344,0.2854614,-0.00587383,-0.9583637,-0.547104,-0.01112649,0.8369907,0.07114503,0.05274391,-0.1850332,-0.005568796,-0.03288545,0.004327657,0.9994343,-0.06578188,0.01084666,0.9977751
Fixation,27.1687,0.03587499,0.04831409,-0.05910982,-0.1292154,0.2361632,-0.009725704,-0.9630346,-0.4523533,-0.2534715,0.8550606,0.1054169,0.0494709,-0.05336948,-0.004005698,0.2854193,-0.005867979,-0.9583764,-0.5470312,-0.0110276,0.8370396,0.0711706,0.05272627,-0.1850366,-0.005615435,-0.03284143,0.004309749,0.9994355,-0.06569418,0.01094145,0.9977798
Fixation,27.1799,0.03591195,0.04832029,-0.05909778,-0.1292066,0.2361578,-0.00966346,-0.9630377,-0.4523606,-0.2534259,0.8550702,0.1054542,0.04946852,-0.05335935,-0.003993829,0.2854063,-0.005807474,-0.9583808,-0.5470093,-0.0109702,0.8370546,0.07120795,0.05272818,-0.1850255,-0.005611592,-0.03282724,0.004248322,0.9994363,-0.06566515,0.01093794,0.9977818
Fixation,27.1909,0.03593795,0.04833245,-0.05910302,-0.1291477,0.2361125,-0.009670804,-0.9630567,-0.4522816,-0.2533199,0.8551435,0.1054807,0.04948127,-0.05337121,-0.003946998,0.2854124,-0.005824308,-0.958379,-0.5470206,-0.0108901,0.8370484,0.0712334,0.05273962,-0.1850345,-0.005672791,-0.03278035,0.004249428,0.9994375,-0.06557203,0.0110606,0.9977865
Fixation,27.2020,0.03596443,0.04834771,-0.05911634,-0.1288526,0.236317,-0.009604856,-0.9630468,-0.4526934,-0.2527218,0.8551025,0.1055075,0.04948699,-0.05338656,-0.00387526,0.2853993,-0.005769361,-0.9583836,-0.5469993,-0.01072111,0.8370644,0.07126036,0.05274904,-0.1850493,-0.005728263,-0.03276603,0.00417818,0.9994379,-0.06554309,0.01117628,0.9977872
Fixation,27.2134,0.03601602,0.04835415,-0.05911655,-0.1287502,0.2363098,-0.009554462,-0.9630627,-0.4527021,-0.2525048,0.8551621,0.1055594,0.04948437,-0.05338922,-0.003812895,0.2854045,-0.005727191,-0.9583825,-0.5470096,-0.01057755,0.8370595,0.07131239,0.05274928,-0.1850514,-0.005819308,-0.0327491,0.004109265,0.9994382,-0.06550923,0.01136293,0.9977872
Fixation,27.2243,0.0360411,0.04838479,-0.05912574,-0.1287083,0.2363138,-0.009534237,-0.9630675,-0.452718,-0.2524157,0.8551799,0.1055846,0.04951131,-0.05339843,-0.00376967,0.2854048,-0.005708823,-0.9583827,-0.5470111,-0.01048423,0.8370597,0.07133774,0.05277753,-0.1850609,-0.005856452,-0.03274924,0.004080524,0.9994382,-0.06550948,0.01143905,0.9977864
Fixation,27.2352,0.03606059,0.04841018,-0.05913829,-0.1284981,0.2367199,-0.009494285,-0.9629963,-0.4534807,-0.2519813,0.8549039,0.1056045,0.04953086,-0.0534149,-0.003716585,0.2853785,-0.005677608,-0.9583909,-0.546966,-0.01036442,0.8370907,0.07135729,0.05279922,-0.1850758,-0.005899939,-0.0327214,0.004037075,0.9994389,-0.06545372,0.01152906,0.997789
Fixation,27.2468,0.03608276,0.04843068,-0.05915358,-0.1283709,0.2366918,-0.009475744,-0.9630203,-0.4534452,-0.2517332,0.8549958,0.1056271,0.0495466,-0.05343518,-0.003555717,0.2853957,-0.005668612,-0.9583865,-0.5469985,-0.0100511,0.8370733,0.07137946,0.05281508,-0.1850945,-0.00602263,-0.03268676,0.003996696,0.9994395,-0.06538501,0.01177723,0.9977906
Fixation,27.2578,0.03612523,0.04843736,-0.05913957,-0.1284322,0.2367071,-0.009457854,-0.9630086,-0.4534725,-0.2518401,0.8549498,0.1056695,0.04955184,-0.05341898,-0.00361654,0.2854102,-0.005645753,-0.9583821,-0.5470231,-0.01015477,0.8370559,0.07142214,0.05282223,-0.1850789,-0.005957961,-0.03270163,0.003989911,0.9994394,-0.06541414,0.01164829,0.9977902
Fixation,27.2684,0.03614728,0.04844713,-0.05915647,-0.1282758,0.2366852,-0.009432441,-0.963035,-0.4534523,-0.2515333,0.8550509,0.1056921,0.04955924,-0.05344201,-0.00360134,0.2853681,-0.005630906,-0.9583947,-0.5469499,-0.01011677,0.8371042,0.07144383,0.05283046,-0.185099,-0.005968997,-0.03265756,0.003972044,0.9994409,-0.06532603,0.01167188,0.9977957
Fixation,27.2799,0.03616859,0.04846263,-0.05917465,-0.128261,0.236601,-0.009483191,-0.9630572,-0.453288,-0.2515329,0.8551381,0.1057141,0.04958272,-0.05347133,-0.003589109,0.2852914,-0.005692781,-0.9584172,-0.5468155,-0.01012793,0.8371919,0.07146371,0.05284953,-0.185123,-0.005996729,-0.0325782,0.004029425,0.9994431,-0.06516843,0.01172424,0.9978054
Fixation,27.2908,0.03617666,0.04846048,-0.05915518,-0.1282109,0.2365505,-0.009416691,-0.9630769,-0.453218,-0.2514091,0.8552117,0.1057231,0.04957139,-0.05346049,-0.003619814,0.2850773,-0.005637976,-0.9584811,-0.5464416,-0.01015357,0.8374357,0.07147165,0.05284214,-0.1851082,-0.006034264,-0.03251625,0.003961386,0.9994451,-0.06504422,0.01180421,0.9978126
Fixation,27.3022,0.03619487,0.0484643,-0.05915218,-0.1281822,0.2365729,-0.009397892,-0.9630755,-0.4532658,-0.2513449,0.8552052,0.1057411,0.04957163,-0.05345479,-0.003589921,0.2850963,-0.005617945,-0.9584758,-0.5464754,-0.01008501,0.8374145,0.07149034,0.05284369,-0.185104,-0.006058049,-0.03253579,0.003934264,0.9994445,-0.06508309,0.01185336,0.9978095
Fixation,27.3131,0.03620168,0.04847109,-0.05916385,-0.1282247,0.2365771,-0.009383244,-0.9630689,-0.4532737,-0.2514181,0.8551794,0.1057485,0.04957628,-0.05347297,-0.003567224,0.2850516,-0.005607794,-0.9584892,-0.5463978,-0.01003531,0.8374657,0.07149674,0.05284917,-0.1851192,-0.006077539,-0.03248917,0.003919063,0.9994459,-0.06498997,0.01189369,0.997815
Fixation,27.3247,0.03620411,0.0484817,-0.05917785,-0.128305,0.2365604,-0.009374823,-0.9630624,-0.4532391,-0.2515669,0.855154,0.1057511,0.04958785,-0.05348906,-0.003760859,0.2849561,-0.005600761,-0.9585168,-0.5462282,-0.01040163,0.8375718,0.07149886,0.05286157,-0.1851336,-0.00599705,-0.03247318,0.003929656,0.9994469,-0.06495757,0.01173225,0.9978191
Fixation,27.3352,0.03621758,0.0484525,-0.05917439,-0.1283156,0.2365948,-0.009341988,-0.9630529,-0.4533092,-0.2515699,0.855116,0.1057643,0.04955387,-0.05348123,-0.003769857,0.2849862,-0.005563254,-0.9585081,-0.5462812,-0.01039778,0.8375373,0.071513,0.05283034,-0.1851278,-0.005978753,-0.03250417,0.003895403,0.9994462,-0.06501891,0.01169765,0.9978155
Fixation,27.3466,0.03621358,0.04845142,-0.05919115,-0.1282053,0.2369642,-0.009303622,-0.9629771,-0.4539965,-0.2513268,0.8548228,0.1057607,0.04954791,-0.05350246,-0.003758877,0.2849555,-0.005530356,-0.9585175,-0.546228,-0.01035771,0.8375725,0.07150891,0.05282664,-0.1851468,-0.005981107,-0.03247183,0.003861059,0.9994473,-0.06495395,0.01170485,0.9978196
Fixation,27.3577,0.03620822,0.04845846,-0.05920191,-0.128199,0.2370073,-0.009312741,-0.9629672,-0.4540727,-0.2513171,0.8547851,0.1057548,0.0495553,-0.05350697,-0.0036562,0.2851577,-0.005531806,-0.9584577,-0.5465826,-0.0101635,0.8373435,0.07150407,0.0528338,-0.1851544,-0.005987882,-0.03251686,0.003862834,0.9994458,-0.06504394,0.01171791,0.9978136
Fixation,27.3686,0.03619907,0.04846823,-0.05920969,-0.128546,0.2369082,-0.009292535,-0.9629455,-0.4538703,-0.2519686,0.8547009,0.1057457,0.04956305,-0.05351433,-0.003742953,0.2851596,-0.005499179,-0.9584569,-0.5465853,-0.01031121,0.8373399,0.07149501,0.05284417,-0.1851613,-0.005895685,-0.03251872,0.003853285,0.9994463,-0.06504686,0.01153423,0.9978155
Fixation,27.3798,0.03620271,0.04844093,-0.05916511,-0.128516,0.2369242,-0.009333366,-0.9629452,-0.453891,-0.2519303,0.8547012,0.105749,0.0495404,-0.05346692,-0.003714589,0.2851794,-0.005539111,-0.958451,-0.5466199,-0.01027978,0.8373178,0.07149863,0.05281854,-0.1851156,-0.005933205,-0.03253971,0.003884537,0.9994453,-0.06508942,0.01160702,0.9978119
Fixation,27.3915,0.03619074,0.04843974,-0.05918333,-0.12852,0.2369651,-0.009330207,-0.9629347,-0.4539656,-0.2519346,0.8546603,0.1057366,0.04953814,-0.05347935,-0.003861514,0.2851202,-0.005534688,-0.9584681,-0.5465144,-0.01055838,0.8373832,0.07148722,0.05281699,-0.1851308,-0.005927228,-0.03258115,0.003876839,0.999444,-0.06517203,0.01159524,0.9978067
Fixation,27.4021,0.03616539,0.04843533,-0.05920532,-0.1282303,0.2371966,-0.009386544,-0.9629157,-0.4543935,-0.2514029,0.8545895,0.1057108,0.04954314,-0.05349849,-0.003893323,0.2851394,-0.005596691,-0.9584619,-0.5465469,-0.01065488,0.8373607,0.07146151,0.05281758,-0.1851512,-0.005912143,-0.03260185,0.003944717,0.9994432,-0.06521404,0.01156049,0.9978043
Fixation,27.4127,0.03614142,0.04842484,-0.05922531,-0.1282458,0.2372257,-0.009448077,-0.9629059,-0.4544286,-0.25146,0.854554,0.1056863,0.04954088,-0.05351318,-0.003911805,0.2851757,-0.005653141,-0.9584506,-0.5466094,-0.01072282,0.8373191,0.07143748,0.05281138,-0.1851685,-0.005908496,-0.03264023,0.004003694,0.9994417,-0.06529132,0.01154903,0.9977994
Fixation,27.4240,0.0361358,0.04837859,-0.05922843,-0.1282752,0.2372621,-0.009500561,-0.9628925,-0.4544784,-0.2515388,0.8545043,0.1056801,0.04950178,-0.05351005,-0.004167984,0.2851443,-0.005705948,-0.9584586,-0.5465505,-0.01124372,0.8373507,0.07143191,0.05276906,-0.1851684,-0.005889025,-0.03268532,0.004055783,0.9994401,-0.06538182,0.01150633,0.997794
Fixation,27.4353,0.03611526,0.04838252,-0.05924827,-0.1284785,0.2371921,-0.009491295,-0.9628828,-0.4543375,-0.251922,0.8544664,0.1056593,0.04950452,-0.05352634,-0.004217796,0.2851682,-0.005686619,-0.9584514,-0.5465918,-0.01132839,0.8373226,0.0714117,0.05277324,-0.185186,-0.005835876,-0.0327101,0.004049514,0.9994397,-0.06543081,0.01140029,0.997792
Fixation,27.4465,0.03609877,0.04839385,-0.05926629,-0.128487,0.2372374,-0.009506717,-0.9628703,-0.4544147,-0.2519434,0.854419,0.1056422,0.04951727,-0.05353761,-0.004227009,0.2852146,-0.005695653,-0.9584374,-0.5466726,-0.01135161,0.8372695,0.07139569,0.0527854,-0.1852005,-0.005829134,-0.03275865,0.004060178,0.999438,-0.0655278,0.0113857,0.9977858
Fixation,27.4575,0.03610043,0.04841578,-0.05923347,-0.128475,0.2372742,-0.009498299,-0.9628629,-0.4544844,-0.251915,0.8543903,0.1056435,0.04953706,-0.05349978,-0.004363202,0.2851274,-0.005687522,-0.9584628,-0.5465184,-0.01160727,0.8373666,0.07139792,0.05280614,-0.1851652,-0.005838075,-0.03279468,0.004044638,0.9994369,-0.06559965,0.01140429,0.9977809
Fixation,27.4696,0.03608428,0.04843688,-0.0592522,-0.1283381,0.2375616,-0.009485923,-0.9628105,-0.4550187,-0.2516375,0.8541877,0.1056275,0.0495559,-0.0535206,-0.004316514,0.2851135,-0.005680539,-0.9584672,-0.5464949,-0.01151367,0.8373833,0.07138177,0.05282533,-0.1851853,-0.005881503,-0.03278005,0.004026169,0.9994372,-0.06557057,0.01149243,0.9977818
Fixation,27.4798,0.03607252,0.04845655,-0.05926318,-0.1282986,0.2375888,-0.009512304,-0.9628087,-0.4550643,-0.251574,0.8541821,0.1056154,0.04957783,-0.05352746,-0.004277887,0.2851423,-0.005705182,-0.9584587,-0.5465455,-0.01145393,0.8373511,0.07137027,0.05284524,-0.1851946,-0.005925037,-0.03281032,0.004039951,0.9994359,-0.06563149,0.01157829,0.9977767
Fixation,27.4908,0.03605493,0.04847693,-0.05928225,-0.1282757,0.2375785,-0.00958575,-0.9628136,-0.4550284,-0.2515659,0.8542036,0.1055977,0.04960799,-0.05354681,-0.004374729,0.2850445,-0.005783783,-0.9584869,-0.5463722,-0.01168351,0.837461,0.07135207,0.05287004,-0.1852141,-0.005962971,-0.03280913,0.004107803,0.9994354,-0.06563021,0.01164966,0.997776
Fixation,27.5018,0.03609583,0.04849124,-0.05923321,-0.1284806,0.2373006,-0.009502583,-0.9628556,-0.4545305,-0.2519264,0.8543624,0.1056393,0.0496099,-0.05350382,-0.004340706,0.2850033,-0.005700484,-0.9584998,-0.5463017,-0.01157045,0.8375086,0.07139324,0.0528779,-0.1851682,-0.005974882,-0.03276524,0.004018979,0.9994372,-0.06554163,0.01167967,0.9977815
Fixation,27.5137,0.03609139,0.04850984,-0.0592451,-0.1284985,0.2372592,-0.009466261,-0.9628638,-0.4544638,-0.251945,0.8543924,0.1056354,0.04962468,-0.05352214,-0.00435713,0.2849589,-0.005668891,-0.9585131,-0.5462242,-0.01158353,0.8375589,0.07138848,0.05289495,-0.1851832,-0.00595111,-0.03271862,0.003992986,0.9994389,-0.06544806,0.01163425,0.9977881
Fixation,27.5247,0.03608518,0.04852355,-0.05925491,-0.128465,0.2372908,-0.009458762,-0.9628605,-0.4545256,-0.2518767,0.8543797,0.1056289,0.04963613,-0.05352777,-0.004456103,0.2848452,-0.005662781,-0.9585465,-0.5460243,-0.0117688,0.8376867,0.0713828,0.05290687,-0.1851911,-0.005981593,-0.03274889,0.003974597,0.9994379,-0.06550851,0.01169613,0.9977835
Fixation,27.5356,0.03609521,0.04849613,-0.05923257,-0.1282862,0.237509,-0.009467638,-0.9628305,-0.4549326,-0.2515331,0.8542643,0.1056394,0.0496105,-0.05351157,-0.004426976,0.2848032,-0.005682108,-0.958559,-0.545951,-0.0117236,0.8377351,0.07139222,0.05287993,-0.1851721,-0.00601478,-0.03270522,0.003986302,0.999439,-0.0654217,0.01176206,0.9977884
Fixation,27.5472,0.03608999,0.0485245,-0.05924994,-0.1283233,0.2374874,-0.009421071,-0.9628314,-0.4549027,-0.2515821,0.8542657,0.1056346,0.04963374,-0.05353263,-0.004462148,0.2847774,-0.005636869,-0.9585667,-0.5459059,-0.01176504,0.8377638,0.07138697,0.05290651,-0.185191,-0.005969368,-0.03267791,0.003951691,0.9994403,-0.06536642,0.01167379,0.997793
Fixation,27.5581,0.03608774,0.0485369,-0.05925274,-0.1282665,0.2374556,-0.009398654,-0.962847,-0.4548557,-0.2514656,0.8543251,0.1056328,0.04964244,-0.05354065,-0.004370299,0.2846017,-0.005619785,-0.9586195,-0.5456004,-0.01157771,0.8379655,0.07138455,0.05291605,-0.1851968,-0.006021833,-0.03264088,0.003922488,0.9994413,-0.06529253,0.01178087,0.9977966
Fixation,27.5688,0.03609544,0.04853654,-0.05923446,-0.1283004,0.2374328,-0.009344863,-0.9628486,-0.4548258,-0.2515053,0.8543293,0.1056409,0.04963589,-0.05352638,-0.004401931,0.2845738,-0.005567708,-0.9586279,-0.5455518,-0.01160847,0.8379968,0.07139225,0.05291343,-0.1851802,-0.005978123,-0.03261127,0.003880375,0.9994427,-0.06523258,0.01169649,0.9978015
Fixation,27.5799,0.03610439,0.04854333,-0.05921375,-0.1282983,0.2376269,-0.009387067,-0.9628006,-0.455166,-0.2515126,0.854146,0.1056498,0.04964912,-0.05350583,-0.004434991,0.2845723,-0.005609001,-0.9586279,-0.5455481,-0.01169534,0.8379979,0.07140076,0.0529238,-0.1851595,-0.005956598,-0.03261015,0.003928706,0.9994427,-0.06523076,0.01165033,0.9978022
Fixation,27.5914,0.03609018,0.04855549,-0.05923354,-0.1281701,0.237547,-0.009448391,-0.9628367,-0.455016,-0.2513027,0.8542877,0.1056364,0.04966831,-0.05353658,-0.004396145,0.2843673,-0.005688564,-0.9586885,-0.5451893,-0.01166435,0.8382319,0.07138529,0.05293691,-0.1851859,-0.006098351,-0.03253339,0.003972313,0.9994442,-0.06507906,0.01193146,0.9978088
Fixation,27.6020,0.03607453,0.04857349,-0.05924725,-0.1280703,0.237522,-0.009554796,-0.9628552,-0.4549512,-0.2511652,0.8543626,0.1056207,0.04969919,-0.05355249,-0.004300612,0.2843529,-0.005802151,-0.9586925,-0.5451642,-0.01154565,0.8382498,0.07136878,0.05295932,-0.1852017,-0.006219551,-0.03251953,0.004058153,0.9994435,-0.06505334,0.01216824,0.9978076
Fixation,27.6129,0.03607146,0.04857767,-0.05923107,-0.1281249,0.2376416,-0.00963104,-0.9628177,-0.4551431,-0.2512992,0.854221,0.1056175,0.04971075,-0.05353652,-0.004199944,0.2843524,-0.005877972,-0.9586926,-0.5451638,-0.01139574,0.8382521,0.07136532,0.05296516,-0.1851865,-0.006336128,-0.03251972,0.004106031,0.9994426,-0.06505523,0.01239814,0.9978046
Fixation,27.6243,0.03605766,0.04863238,-0.05924341,-0.1280612,0.2376792,-0.009692336,-0.9628162,-0.4552003,-0.2512061,0.8542179,0.1056031,0.04977179,-0.05354277,-0.004115917,0.2844099,-0.005936385,-0.9586756,-0.5452647,-0.01126839,0.8381882,0.07135171,0.05302167,-0.1851963,-0.006410328,-0.03256467,0.004147253,0.9994405,-0.06514607,0.01254337,0.9977969
Fixation,27.6354,0.03604625,0.04866314,-0.05925769,-0.1279826,0.2376713,-0.009670832,-0.9628288,-0.4551982,-0.2510476,0.8542656,0.1055919,0.04979813,-0.05355896,-0.004035729,0.2843975,-0.005919977,-0.9586797,-0.5452445,-0.0111052,0.8382035,0.07134049,0.05304897,-0.1852121,-0.006483786,-0.03255157,0.0041112,0.9994406,-0.06512003,0.01269267,0.9977967
Fixation,27.6467,0.03603625,0.04868817,-0.05927705,-0.1275659,0.237975,-0.009634355,-0.9628094,-0.4557912,-0.2502287,0.8541896,0.105581,0.04981709,-0.05356592,-0.003994575,0.2844835,-0.005884875,-0.9586546,-0.5453957,-0.01100713,0.8381064,0.07133196,0.05307043,-0.1852254,-0.006514482,-0.03264073,0.004066029,0.9994377,-0.06529772,0.0127562,0.9977843
Fixation,27.6608,0.03606017,0.04859412,-0.05926631,-0.1276079,0.2380785,-0.009690868,-0.9627777,-0.4559601,-0.2503304,0.8540697,0.1056035,0.0497297,-0.05353925,-0.004157475,0.2846225,-0.005929628,-0.9586124,-0.545636,-0.01134622,0.8379455,0.07135679,0.0529803,-0.1852064,-0.006481266,-0.03275512,0.004115719,0.9994339,-0.06552651,0.01268557,0.9977702
Fixation,27.6723,0.03605162,0.04859936,-0.05928824,-0.1277737,0.2378307,-0.009650283,-0.9628174,-0.455509,-0.2506358,0.8542209,0.1055938,0.04973054,-0.05354633,-0.004286241,0.2847236,-0.005870381,-0.9585822,-0.5458117,-0.0115603,0.8378282,0.07134966,0.05298579,-0.1852197,-0.006341417,-0.03286,0.004090047,0.9994315,-0.06573451,0.01240683,0.99776
Fixation,27.6799,0.0360495,0.0486114,-0.05928743,-0.1277544,0.2378119,-0.00954485,-0.9628257,-0.455504,-0.2505503,0.8542486,0.1055923,0.04972816,-0.05355015,-0.004261945,0.2846921,-0.005769263,-0.9585922,-0.5457581,-0.01145586,0.8378645,0.07134804,0.05299056,-0.1852212,-0.006339422,-0.03282599,0.003986374,0.999433,-0.0656653,0.01240994,0.9977645
Fixation,27.6915,0.03605631,0.0486474,-0.05927213,-0.1277455,0.2378716,-0.009439989,-0.9628131,-0.45564,-0.2504811,0.8541964,0.1055988,0.04974854,-0.05352825,-0.004329348,0.2847291,-0.005660805,-0.9585816,-0.5458231,-0.01152366,0.8378212,0.07135638,0.05301905,-0.1852024,-0.006324741,-0.03287253,0.003874929,0.9994321,-0.06575674,0.01238754,0.9977588
Fixation,27.7020,0.03607418,0.04867399,-0.05922741,-0.1275809,0.2376329,-0.009237987,-0.9628958,-0.4552743,-0.2500847,0.8545074,0.105618,0.04974842,-0.05349375,-0.004290946,0.2846594,-0.005473366,-0.9586035,-0.5457041,-0.01134272,0.8379012,0.07137503,0.05303228,-0.1851627,-0.006314656,-0.03279778,0.003684542,0.9994353,-0.06560505,0.01238049,0.9977689
Fixation,27.7131,0.03608199,0.04869604,-0.05921195,-0.1276112,0.2375755,-0.009085144,-0.9629074,-0.4552077,-0.2500723,0.8545465,0.1056269,0.04975128,-0.05348898,-0.004314394,0.2845857,-0.005327706,-0.9586261,-0.5455767,-0.01130416,0.8379847,0.07138308,0.05304575,-0.1851522,-0.00625532,-0.03271938,0.003550265,0.9994388,-0.06544644,0.01227129,0.9977806
Fixation,27.7245,0.03609882,0.04869962,-0.05920264,-0.1277796,0.2375083,-0.009044235,-0.9629021,-0.455083,-0.2503746,0.8545244,0.1056446,0.04975414,-0.05348907,-0.004446822,0.2845924,-0.005286543,-0.9586238,-0.5455869,-0.01153468,0.8379748,0.07139899,0.05305207,-0.1851464,-0.006082891,-0.03264986,0.003554325,0.999442,-0.06530653,0.0119269,0.997794
Fixation,27.7354,0.03611486,0.04867363,-0.05918509,-0.1278061,0.2371642,-0.009049757,-0.9629834,-0.4544571,-0.2504428,0.8548375,0.1056612,0.04973495,-0.0534801,-0.004623956,0.2845313,-0.005298068,-0.958641,-0.5454778,-0.01188036,0.8380411,0.07141374,0.0530324,-0.1851319,-0.005914616,-0.03258659,0.003610897,0.9994449,-0.06517972,0.01158733,0.9978063
Fixation,27.7466,0.03612945,0.04864872,-0.05916488,-0.1280456,0.2371053,-0.009151217,-0.9629651,-0.4543047,-0.2509466,0.8547708,0.1056759,0.04973018,-0.05346523,-0.004870139,0.2844918,-0.005394067,-0.9586509,-0.5454043,-0.01240666,0.8380814,0.07142642,0.05302143,-0.1851128,-0.005700865,-0.03254678,0.003766467,0.9994469,-0.06510051,0.01115025,0.9978164
Fixation,27.7582,0.03613051,0.04864347,-0.05914727,-0.1280693,0.2370259,-0.009236109,-0.9629807,-0.4541371,-0.2510349,0.8548339,0.1056776,0.04973841,-0.05345728,-0.004973475,0.284592,-0.005490307,-0.9586201,-0.5455766,-0.01266034,0.8379654,0.0714258,0.05302298,-0.1851001,-0.005697485,-0.0324779,0.003864194,0.9994488,-0.06496403,0.01113769,0.9978254
Fixation,27.7689,0.03613378,0.04865146,-0.05915436,-0.127863,0.2369084,-0.009187058,-0.9630374,-0.453954,-0.2506267,0.8550509,0.1056812,0.04974461,-0.05346898,-0.005096302,0.2845589,-0.005450407,-0.9586295,-0.5455176,-0.01287285,0.8380005,0.07142868,0.0530324,-0.1851085,-0.005568651,-0.03244322,0.003857029,0.9994506,-0.06489375,0.01088092,0.9978328
Fixation,27.7801,0.03613228,0.04865992,-0.05914899,-0.1278454,0.2368663,-0.009168211,-0.9630503,-0.453884,-0.2505865,0.8550999,0.1056803,0.0497508,-0.05347002,-0.005077826,0.2845149,-0.005437962,-0.9586428,-0.5454412,-0.01283001,0.838051,0.07142678,0.05303943,-0.1851065,-0.005583497,-0.03239718,0.003840729,0.9994521,-0.06480175,0.01091202,0.9978385
Fixation,27.7910,0.03612152,0.04869437,-0.05914765,-0.1278035,0.2367671,-0.009163311,-0.9630803,-0.4537092,-0.2505092,0.8552153,0.1056707,0.04978538,-0.0534831,-0.005119781,0.2844303,-0.005450579,-0.9586676,-0.5452924,-0.01291696,0.8381464,0.07141481,0.05307317,-0.1851128,-0.005627128,-0.03229416,0.003840482,0.9994552,-0.06459635,0.01100008,0.9978508
Fixation,27.8020,0.03610532,0.0487299,-0.05915077,-0.1277704,0.2365942,-0.009093678,-0.9631279,-0.4534171,-0.2504214,0.8553959,0.1056547,0.04980779,-0.05348663,-0.004972109,0.2844292,-0.005384786,-0.9586691,-0.5452933,-0.01259639,0.8381507,0.07139952,0.05309987,-0.1851171,-0.00575332,-0.03229204,0.003739434,0.999455,-0.06459191,0.01125886,0.9978483
Fixation,27.8138,0.0361136,0.04871929,-0.05916069,-0.1277558,0.2366522,-0.009113311,-0.9631154,-0.4535182,-0.2504005,0.8553484,0.1056623,0.04979837,-0.05348804,-0.004958202,0.2844879,-0.00539763,-0.9586517,-0.5453961,-0.0125775,0.838084,0.07140846,0.05308962,-0.1851228,-0.00576986,-0.03235345,0.003747771,0.9994528,-0.06471474,0.0112909,0.9978399
Fixation,27.8248,0.03607996,0.0487231,-0.05918016,-0.1276713,0.2367318,-0.009210768,-0.9631061,-0.4536438,-0.250283,0.8553162,0.1056275,0.04981232,-0.05349492,-0.004971794,0.2846541,-0.005491821,-0.9586017,-0.5456853,-0.01265848,0.8378946,0.07137536,0.05309677,-0.1851367,-0.005870568,-0.03244551,0.003814306,0.999449,-0.06490005,0.01148715,0.9978256
Fixation,27.8352,0.03603673,0.04872096,-0.05920628,-0.1276274,0.2369039,-0.009378707,-0.9630679,-0.4539151,-0.2502715,0.8551756,0.1055817,0.04982913,-0.05349387,-0.004935195,0.2848415,-0.005638682,-0.9585454,-0.5460113,-0.01267348,0.8376819,0.07133333,0.05310285,-0.1851496,-0.005942648,-0.03264243,0.003945274,0.9994417,-0.0652953,0.01162109,0.9977983
Fixation,27.8466,0.03598574,0.04872406,-0.0592385,-0.1264634,0.2379161,-0.009477377,-0.962971,-0.4558155,-0.2480708,0.8548059,0.1055289,0.04985034,-0.05350765,-0.005020679,0.2849673,-0.005753865,-0.9585069,-0.5462285,-0.01290404,0.8375368,0.07128273,0.05311608,-0.1851721,-0.005888777,-0.03277503,0.004077138,0.9994371,-0.06556118,0.01150367,0.9977822
Fixation,27.8581,0.03597484,0.04865646,-0.0592497,-0.1264489,0.2380864,-0.00956299,-0.96293,-0.4561026,-0.2480764,0.8546512,0.1055158,0.04979098,-0.05349323,-0.005113653,0.2851,-0.00582131,-0.9584665,-0.5464581,-0.01312184,0.8373837,0.07127351,0.05305219,-0.1851705,-0.005915215,-0.03295984,0.004134754,0.9994307,-0.06593107,0.01155113,0.9977573
Fixation,27.8691,0.0359467,0.04864526,-0.05926644,-0.1265246,0.2381697,-0.009605505,-0.962899,-0.456236,-0.2482363,0.8545334,0.1054865,0.04978585,-0.05349698,-0.005191756,0.2851886,-0.005849238,-0.9584396,-0.5466113,-0.01328824,0.837281,0.07124604,0.05304527,-0.1851801,-0.005846479,-0.03305262,0.004180693,0.9994278,-0.0661163,0.0114099,0.9977467
Fixation,27.8798,0.03592706,0.04864264,-0.05928219,-0.1265719,0.2380558,-0.009666775,-0.9629204,-0.4560104,-0.2483598,0.854618,0.105466,0.04979265,-0.0535044,-0.005271049,0.2852451,-0.005901843,-0.958422,-0.546708,-0.01347072,0.8372149,0.07122645,0.05304849,-0.1851912,-0.005782937,-0.03311221,0.004251117,0.9994259,-0.06623556,0.01127771,0.9977403
Fixation,27.8908,0.03592908,0.04861701,-0.05926866,-0.1266653,0.2381246,-0.009596403,-0.9628918,-0.4561454,-0.2485002,0.8545051,0.1054674,0.04975832,-0.0534818,-0.00550669,0.2852364,-0.0058233,-0.9584237,-0.5466905,-0.01387752,0.8372198,0.07122968,0.05302036,-0.1851722,-0.005674094,-0.03317563,0.004193138,0.9994246,-0.06636067,0.01106344,0.9977344
Fixation,27.9018,0.03591793,0.04863274,-0.05927819,-0.1267251,0.2381154,-0.009651377,-0.9628856,-0.4561096,-0.2486399,0.8544836,0.1054561,0.04978299,-0.05349138,-0.005569542,0.2852352,-0.005875965,-0.9584234,-0.5466868,-0.01402802,0.8372197,0.07121792,0.05304146,-0.1851814,-0.005626634,-0.03317516,0.004260016,0.9994246,-0.06636009,0.01096414,0.9977355
Fixation,27.9133,0.03591568,0.04866982,-0.05929197,-0.1267096,0.2377829,-0.009585706,-0.9629705,-0.4555266,-0.2485939,0.8548079,0.1054538,0.04980874,-0.05350267,-0.005488722,0.2852534,-0.005810829,-0.9584188,-0.5467207,-0.01383611,0.8372007,0.07121665,0.05307162,-0.1851944,-0.005688266,-0.03319327,0.004176353,0.999424,-0.06639582,0.01109273,0.9977317
Fixation,27.9244,0.0359176,0.04871237,-0.05930122,-0.1266933,0.2377844,-0.009568417,-0.9629724,-0.4555352,-0.2485548,0.8548147,0.1054558,0.04984868,-0.05351209,-0.005583372,0.2851678,-0.005797655,-0.9584438,-0.5465699,-0.01400931,0.8372963,0.07121874,0.05311275,-0.1852038,-0.005700775,-0.03319208,0.004156023,0.9994241,-0.06639332,0.01111909,0.9977316
Fixation,27.9354,0.03595081,0.04870272,-0.05927567,-0.1266575,0.237873,-0.009575762,-0.9629552,-0.4556963,-0.2484866,0.8547487,0.105488,0.04983759,-0.05347402,-0.005547436,0.2852545,-0.005795659,-0.9584183,-0.5467219,-0.01394,0.8371982,0.07125313,0.05310178,-0.1851722,-0.005734775,-0.03328242,0.00414412,0.9994209,-0.06657383,0.01118706,0.9977188
Fixation,27.9467,0.03595822,0.04872191,-0.0592759,-0.1254145,0.2383121,-0.009574488,-0.9630094,-0.456592,-0.2461141,0.8549571,0.1054961,0.04986227,-0.05348313,-0.005521595,0.2851934,-0.005841037,-0.9584363,-0.5466149,-0.01391585,0.8372685,0.07125948,0.05312312,-0.1851772,-0.005771444,-0.03321919,0.004182087,0.9994227,-0.0664483,0.01125837,0.9977264
Fixation,27.9575,0.03599115,0.04876101,-0.05926332,-0.125354,0.2382713,-0.00958126,-0.9630272,-0.4565214,-0.2460045,0.8550263,0.1055295,0.04990172,-0.05347655,-0.005481055,0.285155,-0.005856472,-0.9584479,-0.5465481,-0.01384662,0.8373132,0.07129193,0.05316126,-0.1851681,-0.005833826,-0.03317684,0.004181457,0.9994237,-0.06636422,0.01138347,0.9977306
Fixation,27.9683,0.03600541,0.04875684,-0.05926146,-0.1253564,0.2382686,-0.009490867,-0.9630285,-0.4565393,-0.2459664,0.8550277,0.1055441,0.04988527,-0.05347663,-0.005479287,0.2851419,-0.005767076,-0.9584523,-0.5465267,-0.01379214,0.8373281,0.07130679,0.05315125,-0.1851671,-0.005812942,-0.03316215,0.004094664,0.9994247,-0.06633374,0.01134762,0.9977329
Fixation,27.9798,0.03602401,0.04873431,-0.05926616,-0.1254388,0.2383016,-0.009291424,-0.9630116,-0.4566433,-0.2460264,0.854955,0.1055641,0.04983616,-0.05349305,-0.005474165,0.2850617,-0.00557337,-0.9584774,-0.5463893,-0.01367123,0.8374197,0.07132602,0.05311608,-0.1851773,-0.005769094,-0.03307623,0.003906794,0.9994286,-0.06615973,0.01127315,0.9977453
Fixation,27.9909,0.03604992,0.04873037,-0.05925896,-0.1255598,0.2381959,-0.009219514,-0.9630226,-0.4564609,-0.2462259,0.8549949,0.1055914,0.04982686,-0.05350149,-0.005739552,0.2848739,-0.005513666,-0.958532,-0.5460581,-0.01414449,0.8376279,0.07135081,0.05311179,-0.1851771,-0.005638386,-0.03296215,0.003875848,0.9994332,-0.06593064,0.01101487,0.9977634
Fixation,28.0024,0.03608808,0.04872,-0.05924431,-0.1254107,0.238104,-0.009148724,-0.9630654,-0.4563247,-0.2459141,0.8551573,0.1056305,0.04980731,-0.05349623,-0.005684708,0.2848099,-0.005456254,-0.9585516,-0.545948,-0.01400616,0.837702,0.07138879,0.05309606,-0.1851675,-0.005677106,-0.03289475,0.003807079,0.9994355,-0.06579559,0.01109734,0.9977714
Fixation,28.0133,0.03610846,0.04871607,-0.05921328,-0.1255432,0.2380812,-0.009110257,-0.9630541,-0.4562827,-0.2461478,0.8551124,0.1056511,0.04980147,-0.05346841,-0.005816445,0.2847865,-0.005414373,-0.9585581,-0.5459058,-0.01423468,0.8377256,0.0714089,0.05309367,-0.185137,-0.00553913,-0.03287004,0.003800154,0.9994371,-0.06574517,0.0108222,0.9977778
Fixation,28.0242,0.0361289,0.04872119,-0.05920739,-0.1255781,0.2380576,-0.009174153,-0.9630548,-0.4562208,-0.2462452,0.8551174,0.1056716,0.04981637,-0.0534646,-0.006004388,0.2847117,-0.005483582,-0.9585788,-0.5457712,-0.01463384,0.8378065,0.07142852,0.05310404,-0.1851321,-0.005518591,-0.03285526,0.003872413,0.9994374,-0.0657163,0.01077651,0.9977801
Fixation,28.0359,0.03614753,0.04872441,-0.05920193,-0.1255256,0.2382548,-0.009249618,-0.9630122,-0.4565624,-0.2461729,0.854956,0.1056903,0.04982996,-0.05346143,-0.005988028,0.2846958,-0.005562452,-0.9585831,-0.5457425,-0.01464726,0.8378249,0.07144634,0.05311191,-0.185128,-0.005554425,-0.03283967,0.003944736,0.9994375,-0.06568622,0.01084351,0.9977814
Fixation,28.0467,0.03616066,0.04872704,-0.05919845,-0.1255341,0.2382613,-0.009317188,-0.9630089,-0.4565562,-0.2462207,0.8549455,0.1057031,0.04984188,-0.05345581,-0.005999683,0.2847101,-0.005628226,-0.9585783,-0.5457664,-0.01470716,0.8378083,0.07145907,0.05311906,-0.1851235,-0.00555975,-0.03285545,0.004011164,0.9994366,-0.06571847,0.01084966,0.9977792
Fixation,28.0621,0.0361653,0.04871321,-0.0592031,-0.1255296,0.2382236,-0.009266614,-0.9630192,-0.4565013,-0.24619,0.8549837,0.1057083,0.04982162,-0.05346672,-0.006088171,0.2845939,-0.005585758,-0.9586126,-0.5455626,-0.01485174,0.8379385,0.07146357,0.05310202,-0.1851313,-0.005554929,-0.03281017,0.003966116,0.9994383,-0.06562755,0.01084336,0.9977853
Fixation,28.0724,0.03617734,0.0487299,-0.05920652,-0.1255242,0.2382351,-0.009180807,-0.9630179,-0.4565445,-0.2461385,0.8549754,0.1057205,0.04982638,-0.05347002,-0.006078722,0.2845952,-0.005499525,-0.9586127,-0.5455662,-0.01478456,0.8379373,0.07147637,0.05311298,-0.1851345,-0.005542249,-0.03281045,0.00388029,0.9994387,-0.06562707,0.01082365,0.9977855
Fixation,28.0835,0.03637869,0.05070603,-0.05776948,-0.1256848,0.2383025,-0.009161266,-0.9629804,-0.4566585,-0.2464304,0.8548304,0.1057349,0.04984605,-0.05347767,-0.006089268,0.2845947,-0.005474254,-0.958613,-0.5455656,-0.01479039,0.8379376,0.07149084,0.05313456,-0.185142,-0.005525656,-0.03280963,0.003858517,0.9994389,-0.06562509,0.01079192,0.997786
Fixation,28.0948,0.0364229,0.05069482,-0.05778379,-0.1256679,0.2383457,-0.009070062,-0.9629728,-0.4567611,-0.2463533,0.8547978,0.1057787,0.04982138,-0.05348755,-0.006149483,0.2845093,-0.005381491,-0.9586385,-0.545417,-0.01485243,0.8380333,0.07153599,0.05311668,-0.1851541,-0.005522136,-0.03284112,0.003760972,0.9994383,-0.06568689,0.01079104,0.9977819
Fixation,28.1056,0.03644269,0.05072093,-0.0577964,-0.1256249,0.2383523,-0.009025608,-0.9629772,-0.456788,-0.2462503,0.8548131,0.1057984,0.04984033,-0.05350008,-0.006104021,0.2845097,-0.005338699,-0.958639,-0.5454189,-0.01474093,0.838034,0.07155605,0.05313861,-0.1851668,-0.0055553,-0.03284089,0.003708072,0.9994383,-0.06568608,0.01086081,0.9977812
Fixation,28.1173,0.03645619,0.0507549,-0.05780566,-0.1253639,0.2385546,-0.008975609,-0.9629616,-0.4571873,-0.2457236,0.8547512,0.1058118,0.04986727,-0.05350924,-0.006064992,0.2845102,-0.005296395,-0.9586393,-0.5454211,-0.01464204,0.8380343,0.07156979,0.05316854,-0.1851762,-0.005582362,-0.03284088,0.00365727,0.9994383,-0.0656857,0.01091824,0.9977806
Fixation,28.1284,0.03646261,0.05074871,-0.05781465,-0.1253173,0.2385913,-0.008939107,-0.9629589,-0.4572668,-0.2456163,0.8547395,0.1058178,0.0498544,-0.05351376,-0.006019275,0.2844214,-0.005257503,-0.9586661,-0.5452669,-0.01453164,0.8381366,0.07157694,0.05315828,-0.1851831,-0.00561969,-0.03287229,0.003607427,0.9994373,-0.06574812,0.01099589,0.9977757
Fixation,28.1394,0.03647676,0.05073929,-0.05783025,-0.1251913,0.2386149,-0.008941071,-0.9629695,-0.4573191,-0.2453777,0.8547801,0.1058317,0.04984164,-0.05352614,-0.005892448,0.2844416,-0.005262655,-0.9586608,-0.5453041,-0.01429155,0.8381165,0.07159156,0.05314481,-0.1851978,-0.005743637,-0.03289327,0.003580135,0.999436,-0.06579056,0.01124527,0.9977701
Fixation,28.1502,0.03647818,0.05077338,-0.05783398,-0.1252149,0.2386445,-0.008957947,-0.9629589,-0.4573663,-0.2454292,0.85474,0.1058341,0.04988134,-0.05354353,-0.005951253,0.2843478,-0.005289285,-0.9586881,-0.5451388,-0.01441878,0.8382218,0.07159133,0.05318272,-0.1852081,-0.005693764,-0.03279591,0.003621754,0.9994393,-0.06559628,0.01114359,0.997784
Fixation,28.1613,0.03649606,0.05078995,-0.05783401,-0.1251396,0.2386924,-0.00892284,-0.9629571,-0.4574679,-0.2452678,0.854732,0.1058515,0.0498904,-0.05353749,-0.005879898,0.2842242,-0.005251645,-0.9587255,-0.5449243,-0.01425971,0.838364,0.07161012,0.05319417,-0.1852055,-0.005759296,-0.0328382,0.003565856,0.9994377,-0.06568054,0.01127792,0.997777
Fixation,28.1730,0.03650125,0.05079389,-0.05782532,-0.1251957,0.238638,-0.008997755,-0.9629627,-0.457346,-0.2454119,0.8547559,0.1058572,0.04990685,-0.05353509,-0.005939843,0.2841808,-0.005329932,-0.9587375,-0.5448463,-0.01441883,0.838412,0.07161421,0.05320513,-0.1851998,-0.005721203,-0.03279398,0.0036572,0.9994391,-0.06559303,0.01119612,0.9977837
Fixation,28.1836,0.03649884,0.05081129,-0.05782552,-0.1248975,0.2384961,-0.008980282,-0.9630367,-0.4571177,-0.2448452,0.8550405,0.1058551,0.04992521,-0.05353956,-0.005993576,0.2841522,-0.005325502,-0.9587457,-0.5447956,-0.01451914,0.8384432,0.07161129,0.05322409,-0.1852018,-0.005668184,-0.03276417,0.003666791,0.9994403,-0.06553324,0.01108974,0.9977888
Fixation,28.1946,0.0365,0.05082393,-0.05782223,-0.1249121,0.2384774,-0.008999908,-0.9630392,-0.4570778,-0.244883,0.855051,0.1058564,0.0499413,-0.05353855,-0.006196894,0.2840512,-0.005352306,-0.9587741,-0.5446156,-0.0149235,0.838553,0.07161209,0.05323863,-0.1851996,-0.005658429,-0.03274809,0.003691269,0.9994408,-0.06550133,0.01106877,0.9977911
Fixation,28.2057,0.03649431,0.05083036,-0.05781473,-0.1249006,0.238469,-0.009066051,-0.9630421,-0.4570466,-0.244893,0.8550647,0.1058508,0.04995656,-0.05353106,-0.006188366,0.2840502,-0.005419483,-0.9587741,-0.5446129,-0.0149453,0.8385544,0.0716061,0.05324888,-0.1851923,-0.005683647,-0.03274787,0.003754121,0.9994404,-0.06550176,0.01111505,0.9977906
Fixation,28.2181,0.03646705,0.05081618,-0.05777749,-0.1238355,0.2385561,-0.009015682,-0.9631587,-0.4573019,-0.242848,0.8555115,0.1058238,0.04993951,-0.05349785,-0.006150909,0.284022,-0.005406823,-0.9587829,-0.5445643,-0.01486609,0.8385873,0.07157852,0.05323267,-0.1851573,-0.005716783,-0.0327182,0.003732716,0.9994413,-0.06544252,0.01118292,0.9977937
Fixation,28.2284,0.03645163,0.05082357,-0.05777017,-0.1239146,0.2385769,-0.009050409,-0.963143,-0.4573243,-0.2430135,0.8554525,0.1058082,0.0499531,-0.05348686,-0.006272336,0.2840066,-0.005436062,-0.9587864,-0.5445352,-0.01511542,0.8386018,0.07156326,0.05324459,-0.1851477,-0.005645259,-0.03274603,0.00378013,0.9994406,-0.0654981,0.01103663,0.9977916
Fixation,28.2395,0.03643535,0.0508275,-0.05776253,-0.1243541,0.2383505,-0.009016041,-0.9631427,-0.4568888,-0.2438394,0.8554502,0.1057917,0.04994857,-0.05347642,-0.006214786,0.2840256,-0.005386763,-0.9587814,-0.5445701,-0.0149772,0.8385816,0.07154758,0.0532434,-0.1851389,-0.005688439,-0.03276515,0.003717695,0.99944,-0.0655359,0.01112689,0.9977882
Fixation,28.2499,0.03644028,0.05081809,-0.05776238,-0.1244096,0.2383939,-0.009005491,-0.9631249,-0.4569655,-0.2439376,0.8553812,0.1057962,0.04993844,-0.05347024,-0.006270108,0.2840684,-0.00536832,-0.9587685,-0.5446443,-0.0150731,0.8385317,0.07155316,0.0532347,-0.1851353,-0.005630116,-0.03280957,0.003713358,0.9994389,-0.06562413,0.01101025,0.9977837
Fixation,28.2614,0.03642619,0.05080295,-0.05775812,-0.1244642,0.2384343,-0.00902038,-0.9631078,-0.4570304,-0.2440463,0.8553155,0.1057818,0.04992592,-0.05345991,-0.006275714,0.2838702,-0.005372798,-0.9588271,-0.5442975,-0.01508501,0.8387566,0.07153963,0.05322206,-0.1851277,-0.005578053,-0.03285424,0.003733884,0.9994376,-0.06571317,0.01090448,0.997779
Fixation,28.2728,0.03640009,0.05079186,-0.05775697,-0.124575,0.2383782,-0.009069392,-0.9631068,-0.4569077,-0.244282,0.8553138,0.1057554,0.04992139,-0.05345238,-0.006314142,0.2839144,-0.00541297,-0.9588136,-0.5443736,-0.01518181,0.8387055,0.07151396,0.05321467,-0.1851232,-0.00555086,-0.0329009,0.003781974,0.9994361,-0.06580667,0.0108466,0.9977734
Fixation,28.2838,0.03637294,0.05078125,-0.0577479,-0.1246361,0.2384329,-0.009094145,-0.9630851,-0.4569953,-0.2444071,0.8552312,0.1057278,0.04991484,-0.05343505,-0.006376661,0.2839723,-0.005427902,-0.958796,-0.5444738,-0.01531058,0.8386381,0.07148755,0.05320716,-0.1851096,-0.005493944,-0.03296153,0.003811572,0.9994343,-0.06592765,0.0107304,0.9977667
Fixation,28.2950,0.03636516,0.05074787,-0.05775039,-0.1247078,0.238502,-0.00911737,-0.9630585,-0.4571088,-0.2445509,0.8551295,0.1057194,0.04988515,-0.05342723,-0.006567998,0.2838348,-0.00544203,-0.9588352,-0.54423,-0.01568453,0.8387894,0.07148072,0.053177,-0.1851065,-0.005425766,-0.03303712,0.003840002,0.999432,-0.06607839,0.01059164,0.9977582
Fixation,28.3060,0.03633965,0.05074418,-0.05774505,-0.1250939,0.2385058,-0.009178721,-0.9630069,-0.457069,-0.2453109,0.854933,0.1056936,0.04988849,-0.05341553,-0.006609302,0.2838789,-0.005485277,-0.9588217,-0.5443061,-0.01578859,0.8387381,0.07145564,0.05317736,-0.1850978,-0.005396552,-0.03308373,0.003891783,0.9994305,-0.06617178,0.01052945,0.9977527
Fixation,28.3168,0.03630521,0.05074143,-0.0577418,-0.1251348,0.2385622,-0.009206894,-0.9629874,-0.4571605,-0.2453993,0.8548587,0.1056586,0.04988968,-0.05340371,-0.00665172,0.2839385,-0.005504343,-0.9588037,-0.5444093,-0.01588118,0.8386694,0.07142197,0.05317724,-0.18509,-0.005360114,-0.03314613,0.003920276,0.9994285,-0.0662964,0.01045422,0.9977452
Fixation,28.3280,0.03628076,0.05072236,-0.05775636,-0.1251415,0.238589,-0.009222887,-0.9629797,-0.4572044,-0.2454184,0.8548298,0.1056339,0.04987252,-0.05341417,-0.006569175,0.2836819,-0.005512421,-0.9588801,-0.5439615,-0.01572565,0.8389629,0.07139788,0.05315936,-0.1851024,-0.005355957,-0.0331758,0.003933692,0.9994274,-0.06635574,0.01044477,0.9977413
Fixation,28.3392,0.03625598,0.05071568,-0.0577601,-0.1251761,0.2386651,-0.009288121,-0.9629557,-0.4573226,-0.2455117,0.8547398,0.1056085,0.04987419,-0.0534059,-0.006606817,0.2837649,-0.005566125,-0.958855,-0.5441053,-0.0158289,0.8388676,0.07137408,0.05315721,-0.1851,-0.00533278,-0.03326307,0.003994246,0.9994244,-0.06653044,0.0103937,0.9977303
Fixation,28.3500,0.036229,0.05071604,-0.0577617,-0.1255056,0.2386692,-0.009279154,-0.962912,-0.4573057,-0.246131,0.8545707,0.1055814,0.04987383,-0.05340488,-0.006687572,0.2837845,-0.005542924,-0.9588488,-0.5441387,-0.01597073,0.8388433,0.07134739,0.05315888,-0.1850998,-0.005248723,-0.0332833,0.003991914,0.9994242,-0.06657018,0.01022567,0.9977294
Fixation,28.3618,0.03620394,0.05071986,-0.05775952,-0.1255675,0.2387274,-0.009255324,-0.9628896,-0.457412,-0.2462344,0.854484,0.1055558,0.0498749,-0.05339479,-0.006748751,0.2838404,-0.005509187,-0.958832,-0.5442362,-0.0160693,0.8387781,0.07132325,0.05316257,-0.1850932,-0.005180843,-0.03334128,0.003974066,0.9994227,-0.06668524,0.0100907,0.997723
Fixation,28.3726,0.03619451,0.0506953,-0.05776314,-0.1256284,0.2387505,-0.00925187,-0.962876,-0.4574496,-0.246347,0.8544315,0.1055462,0.04985094,-0.05339512,-0.006697159,0.2836519,-0.00549543,-0.9588882,-0.5439073,-0.01596123,0.8389935,0.07131415,0.05313957,-0.1850948,-0.005119325,-0.033366,0.00398033,0.9994222,-0.06673419,0.009967119,0.997721
Fixation,28.3833,0.03620778,0.05068755,-0.0577679,-0.1256588,0.2387059,-0.009243193,-0.9628832,-0.4573688,-0.2464024,0.8544587,0.1055598,0.04984021,-0.05340619,-0.006612915,0.2836071,-0.00549227,-0.9589021,-0.5438302,-0.01579757,0.8390466,0.07132685,0.05312872,-0.1851032,-0.005200209,-0.03331912,0.003956556,0.9994234,-0.06664096,0.01013076,0.9977256
Fixation,28.3946,0.03617523,0.05068934,-0.05776139,-0.1257424,0.238733,-0.009280883,-0.9628652,-0.4574013,-0.2465772,0.8543909,0.105527,0.04984879,-0.05339504,-0.006622005,0.2832335,-0.00551818,-0.9590123,-0.5431757,-0.01582703,0.8394699,0.07129455,0.05313528,-0.1850939,-0.005124647,-0.033354,0.004006885,0.9994224,-0.06671054,0.009976082,0.9977225
Fixation,28.4057,0.03615379,0.0506922,-0.05775952,-0.1257894,0.2387719,-0.009273871,-0.9628494,-0.4574696,-0.2466613,0.85433,0.1055052,0.04985118,-0.05338772,-0.006669004,0.283272,-0.005504221,-0.9590006,-0.5432427,-0.01590954,0.839425,0.0712737,0.05313885,-0.185089,-0.005075528,-0.03339408,0.004004769,0.9994214,-0.06679016,0.009877711,0.9977182
Fixation,28.4173,0.0361378,0.05065203,-0.057767,-0.1260287,0.2387104,-0.009358114,-0.9628326,-0.4573174,-0.2471569,0.8542683,0.1054891,0.04982173,-0.0533913,-0.006695118,0.2832986,-0.005577804,-0.9589922,-0.5432875,-0.0160015,0.8393942,0.07125773,0.05310428,-0.1850945,-0.005068643,-0.03342262,0.004082267,0.9994201,-0.06684785,0.009858528,0.9977145
Fixation,28.4279,0.03612307,0.05065882,-0.05776906,-0.1260933,0.2387129,-0.009310139,-0.962824,-0.4573291,-0.2472562,0.8542333,0.1054744,0.04982352,-0.0533938,-0.006757985,0.283297,-0.005526876,-0.9589925,-0.5432848,-0.01609321,0.8393943,0.07124313,0.05310988,-0.1850964,-0.004995007,-0.0334206,0.004048778,0.9994207,-0.06684292,0.009713601,0.9977162
Fixation,28.4392,0.03611515,0.0506618,-0.05776902,-0.1261282,0.2387561,-0.009323549,-0.9628086,-0.4574009,-0.2473267,0.8541745,0.1054661,0.04982853,-0.05338734,-0.006857533,0.2832228,-0.005534891,-0.9590137,-0.5431532,-0.01628815,0.8394756,0.07123581,0.05311453,-0.1850929,-0.004961961,-0.0334674,0.004063374,0.9994192,-0.06693625,0.009646177,0.9977106
Fixation,28.4503,0.03610305,0.0506618,-0.05776779,-0.1260998,0.2387339,-0.0092425,-0.9628186,-0.4573839,-0.2472355,0.8542099,0.1054543,0.04982054,-0.05339263,-0.006930394,0.2831796,-0.005458838,-0.9590263,-0.5430778,-0.01638453,0.8395225,0.0712233,0.05311227,-0.1850944,-0.004872482,-0.0334216,0.00400851,0.9994214,-0.06684359,0.009471384,0.9977185
Fixation,28.4613,0.03609578,0.05065274,-0.05776011,-0.1260839,0.2387249,-0.009306128,-0.9628223,-0.4573525,-0.247236,0.8542266,0.1054471,0.04981983,-0.0533851,-0.006924861,0.2830823,-0.005523696,-0.9590548,-0.5429063,-0.01640996,0.8396329,0.07121571,0.0531069,-0.185087,-0.004901565,-0.03342035,0.004068089,0.9994211,-0.0668419,0.009525541,0.9977181
Fixation,28.4726,0.03609136,0.05066061,-0.05774776,-0.1260677,0.2387315,-0.009373552,-0.9628221,-0.4573486,-0.247237,0.8542284,0.1054427,0.04983628,-0.0533706,-0.006911437,0.2830962,-0.005590498,-0.9590504,-0.5429297,-0.01642213,0.8396176,0.07121122,0.05311835,-0.1850737,-0.004931273,-0.0334356,0.004129236,0.9994202,-0.06687315,0.009580701,0.9977155
Fixation,28.4836,0.03608688,0.05067384,-0.05773902,-0.1258466,0.23724,-0.009402014,-0.9632193,-0.4546619,-0.2468968,0.8557596,0.1054386,0.04985452,-0.05336806,-0.00686328,0.283052,-0.005638268,-0.9590635,-0.5428523,-0.01635649,0.8396689,0.07120592,0.05313301,-0.1850685,-0.004990012,-0.03339011,0.004163859,0.9994212,-0.06678313,0.009696186,0.9977204
Fixation,28.4946,0.03606852,0.05068803,-0.05774224,-0.1257447,0.2371938,-0.009482479,-0.9632432,-0.4545658,-0.2467439,0.8558547,0.1054207,0.049878,-0.05337651,-0.006631638,0.2831857,-0.005724907,-0.9590251,-0.5430884,-0.01596224,0.8395238,0.07118669,0.05314958,-0.185075,-0.005108472,-0.03335081,0.00422698,0.9994217,-0.06670623,0.00992909,0.9977233
Fixation,28.5058,0.03606059,0.05070746,-0.05774099,-0.1255745,0.2371501,-0.009354108,-0.9632774,-0.4545334,-0.2463627,0.8559818,0.1054131,0.04987657,-0.05338401,-0.006454403,0.2831239,-0.00561127,-0.9590452,-0.5429849,-0.0155575,0.8395984,0.07117859,0.0531559,-0.185079,-0.005251697,-0.03328478,0.004073136,0.9994238,-0.06657398,0.0102262,0.9977291
Fixation,28.5170,0.03606609,0.05073345,-0.05772419,-0.126316,0.2381594,-0.009376911,-0.9629312,-0.4562934,-0.2477337,0.8546486,0.1054188,0.04989874,-0.05337121,-0.00633521,0.2830945,-0.005610405,-0.9590547,-0.5429352,-0.01532818,0.8396347,0.07118382,0.05317771,-0.1850649,-0.005366947,-0.03325389,0.00404268,0.9994243,-0.06651288,0.01045884,0.9977307
Fixation,28.5288,0.0360676,0.05072963,-0.05771215,-0.1262549,0.2381854,-0.009306163,-0.9629335,-0.4563636,-0.2475834,0.8546548,0.10542,0.04988337,-0.05335686,-0.006161004,0.2832622,-0.005536946,-0.9590068,-0.5432325,-0.0149537,0.8394492,0.07118598,0.05316722,-0.1850519,-0.005411884,-0.03326939,0.003958055,0.9994239,-0.06654328,0.01055417,0.9977277
Fixation,28.5390,0.03605254,0.05066395,-0.05775293,-0.1263139,0.2381729,-0.009371398,-0.9629282,-0.4563194,-0.2477264,0.8546369,0.1054051,0.04982829,-0.05339815,-0.006223264,0.2832589,-0.005600368,-0.959007,-0.5432249,-0.01510902,0.8394513,0.07117049,0.05310774,-0.1850927,-0.005367562,-0.03326686,0.004035116,0.999424,-0.06653872,0.01046047,0.997729
Fixation,28.5504,0.03604439,0.05060887,-0.05776161,-0.1263902,0.2390485,-0.009386178,-0.962701,-0.4578919,-0.2478395,0.8537626,0.1053969,0.04977882,-0.05340518,-0.006383535,0.2832726,-0.005605488,-0.9590018,-0.5432463,-0.0154194,0.8394318,0.07116231,0.05305839,-0.1850997,-0.005213674,-0.03328138,0.004080196,0.9994241,-0.06656697,0.01014975,0.9977303
Fixation,28.5616,0.03604085,0.05056429,-0.05775581,-0.1265086,0.2390381,-0.009443295,-0.9626875,-0.4578487,-0.248091,0.8537127,0.1053935,0.0497452,-0.05339964,-0.006431081,0.2833535,-0.005655714,-0.9589773,-0.5433865,-0.01553965,0.8393388,0.07115833,0.05302131,-0.1850934,-0.005109016,-0.03328158,0.004161479,0.9994243,-0.06656737,0.009935147,0.9977325
Fixation,28.5726,0.03603724,0.05052888,-0.05775048,-0.1267346,0.2384978,-0.009415401,-0.9627921,-0.4568611,-0.2485293,0.8541142,0.1053898,0.04970801,-0.05339222,-0.006535482,0.2833699,-0.005619214,-0.958972,-0.5434142,-0.01571932,0.8393176,0.071155,0.0529871,-0.1850864,-0.004998743,-0.03329844,0.004152222,0.9994243,-0.06660005,0.009715205,0.9977325
Fixation,28.5832,0.03603951,0.05053198,-0.05772901,-0.1269061,0.2385372,-0.009397869,-0.9627599,-0.4569228,-0.2488437,0.8539897,0.1053917,0.04971218,-0.05336525,-0.006707317,0.2834108,-0.005588795,-0.9589589,-0.5434836,-0.01603193,0.8392667,0.07115778,0.05299401,-0.1850612,-0.004824652,-0.03334098,0.004165546,0.9994237,-0.06668373,0.009365977,0.9977302
Fixation,28.5947,0.03604192,0.05058193,-0.05770594,-0.1268321,0.2384875,-0.009252686,-0.9627834,-0.4568765,-0.2486369,0.8540747,0.1053945,0.04974163,-0.05335198,-0.006626396,0.2833433,-0.005454544,-0.9589801,-0.5433689,-0.01580018,0.8393453,0.07115989,0.05303288,-0.1850433,-0.004869452,-0.03326893,0.004015971,0.9994265,-0.0665388,0.009466104,0.997739
Fixation,28.6060,0.03604484,0.05062234,-0.05768763,-0.1268175,0.2384439,-0.009154277,-0.962797,-0.4568243,-0.2485645,0.8541237,0.1053977,0.04976904,-0.05334166,-0.006462129,0.28337,-0.005358558,-0.9589739,-0.5434197,-0.01543094,0.8393193,0.07116242,0.05306685,-0.185029,-0.004865015,-0.03321098,0.003923239,0.9994289,-0.0664222,0.009463883,0.9977467
Fixation,28.6169,0.03604452,0.05063248,-0.05768604,-0.12585,0.2382751,-0.009080053,-0.9629664,-0.4566164,-0.2467058,0.8547735,0.1053972,0.04977453,-0.0533371,-0.006512437,0.2833919,-0.005313138,-0.9589674,-0.5434579,-0.01550183,0.8392933,0.07116257,0.05307579,-0.1850255,-0.004804841,-0.03323328,0.003891706,0.9994285,-0.06646597,0.009345521,0.9977449
Fixation,28.6280,0.03604306,0.0506475,-0.05768813,-0.1260087,0.2383354,-0.009117468,-0.9629304,-0.456703,-0.2470213,0.8546361,0.1053952,0.04979742,-0.05332975,-0.00656563,0.2834551,-0.005331604,-0.9589482,-0.5435675,-0.01561474,0.8392202,0.07116181,0.05309761,-0.185022,-0.004653968,-0.03330404,0.003952971,0.9994266,-0.06660667,0.009039299,0.9977384
Fixation,28.6390,0.03603938,0.05066514,-0.05769995,-0.1260702,0.2383662,-0.009192508,-0.962914,-0.4567344,-0.2471718,0.8545758,0.1053913,0.04982626,-0.05333576,-0.006630795,0.2834955,-0.005399277,-0.9589354,-0.5436362,-0.01577835,0.8391727,0.07115835,0.05312181,-0.1850306,-0.004607784,-0.03334701,0.004034443,0.9994251,-0.06669284,0.008941196,0.9977335
Fixation,28.6500,0.03602218,0.05068135,-0.05771564,-0.1255996,0.2394969,-0.009207944,-0.9626948,-0.4588117,-0.2462387,0.853732,0.1053735,0.04984248,-0.05334078,-0.006550347,0.2835679,-0.005418289,-0.9589145,-0.5437638,-0.01563535,0.8390927,0.07114229,0.05313647,-0.1850414,-0.004690212,-0.03342253,0.004031887,0.9994222,-0.06684426,0.009105491,0.9977219
Fixation,28.6619,0.03601511,0.05072176,-0.05773021,-0.1254762,0.2395675,-0.009359348,-0.9626918,-0.4589106,-0.2460742,0.8537263,0.1053658,0.04989922,-0.05334276,-0.006432572,0.2836516,-0.005565497,-0.9588897,-0.5439095,-0.01549358,0.8390008,0.07113598,0.05318224,-0.1850505,-0.004840957,-0.03351122,0.004143907,0.999418,-0.06702355,0.009398545,0.9977071
Fixation,28.6726,0.03601299,0.0507437,-0.05773596,-0.125359,0.2395513,-0.009300162,-0.9627118,-0.4589059,-0.245825,0.8538006,0.1053638,0.04991055,-0.05335205,-0.006228013,0.2838003,-0.00551211,-0.9588473,-0.5441736,-0.0150721,0.8388372,0.07113388,0.05319679,-0.1850586,-0.004944784,-0.03348369,0.004064294,0.9994188,-0.06696865,0.009611644,0.9977088
Fixation,28.6839,0.03601966,0.05077362,-0.05774438,-0.1253177,0.2392133,-0.009285928,-0.9628013,-0.4583024,-0.2457547,0.8541449,0.1053704,0.04993463,-0.05336022,-0.006084278,0.2838,-0.005502104,-0.9588484,-0.5441754,-0.0147908,0.8388411,0.07114081,0.05322123,-0.1850677,-0.005081382,-0.03348306,0.004018452,0.9994183,-0.066968,0.009887752,0.9977061
Fixation,28.6946,0.03602633,0.05075777,-0.05776129,-0.1252773,0.2391673,-0.009188677,-0.9628189,-0.4582474,-0.245634,0.8542092,0.1053774,0.0499053,-0.05338548,-0.006039376,0.2837426,-0.005413246,-0.9588662,-0.544077,-0.01465384,0.8389073,0.07114706,0.0531981,-0.1850889,-0.005102661,-0.0334222,0.003921733,0.9994206,-0.0668457,0.009937263,0.9977139
Fixation,28.7057,0.03602978,0.05074716,-0.05777361,-0.1252533,0.2391362,-0.009194051,-0.9628297,-0.4581916,-0.2455924,0.854251,0.1053811,0.04989541,-0.05340214,-0.006048922,0.2836582,-0.005424449,-0.9588911,-0.5439291,-0.0146779,0.8390028,0.07115003,0.05318749,-0.1851036,-0.00512846,-0.03339045,0.003925998,0.9994215,-0.06678255,0.009988805,0.9977176
Fixation,28.7169,0.03602612,0.05073392,-0.05778877,-0.1247042,0.2393011,-0.00915573,-0.9628603,-0.4585437,-0.2445274,0.8543676,0.1053773,0.0498755,-0.05341681,-0.005917453,0.2836599,-0.005404601,-0.9588915,-0.5439342,-0.01441453,0.8390041,0.07114667,0.05316854,-0.1851192,-0.005250709,-0.03339175,0.003873704,0.9994211,-0.06678551,0.01023664,0.9977148
Fixation,28.7281,0.03602721,0.05072081,-0.05780671,-0.1248026,0.2393091,-0.00928308,-0.9628444,-0.4585177,-0.244774,0.8543109,0.1053784,0.04988182,-0.05343119,-0.006022121,0.2836847,-0.005525289,-0.9588828,-0.5439743,-0.0146839,0.8389734,0.07114744,0.05316651,-0.1851349,-0.005179681,-0.03341921,0.004016584,0.9994199,-0.06684127,0.01008489,0.9977127
Fixation,28.7421,0.03601986,0.05067492,-0.0578351,-0.1248126,0.2392979,-0.009374407,-0.962845,-0.4584734,-0.244837,0.8543167,0.1053712,0.04984879,-0.05345953,-0.005891232,0.2837394,-0.005612136,-0.958867,-0.5440706,-0.01448258,0.8389145,0.07113966,0.05312681,-0.1851633,-0.005188994,-0.03341996,0.004108673,0.9994195,-0.06684376,0.01009734,0.9977124
Fixation,28.7578,0.03602638,0.05065763,-0.05784672,-0.1251043,0.239818,-0.009449613,-0.9626769,-0.4593702,-0.2454024,0.8536724,0.1053784,0.04984093,-0.05348019,-0.005878447,0.2836759,-0.005683786,-0.9588853,-0.5439585,-0.01449822,0.8389868,0.07114658,0.05309439,-0.1851727,-0.005243748,-0.03348395,0.004126227,0.999417,-0.06697213,0.01020506,0.9977027
Fixation,28.7650,0.03602638,0.05065763,-0.05784672,-0.1251043,0.239818,-0.009449613,-0.9626769,-0.4593702,-0.2454024,0.8536724,0.1053784,0.04984093,-0.05348019,-0.005790353,0.2837097,-0.005680982,-0.958876,-0.544019,-0.01432796,0.8389505,0.0711449,0.05311382,-0.1851797,-0.005219576,-0.03335465,0.004175426,0.9994212,-0.06671428,0.01015457,0.9977204
Fixation,28.7729,0.03602277,0.05064428,-0.05786882,-0.1250498,0.2397673,-0.009415619,-0.962697,-0.4592916,-0.2452853,0.8537484,0.1053753,0.04982245,-0.05351017,-0.005734108,0.2836546,-0.005656067,-0.9588928,-0.5439239,-0.01420553,0.8390144,0.07114063,0.05309689,-0.1852061,-0.005267904,-0.03329683,0.004137701,0.9994231,-0.06659885,0.01025419,0.9977272
Fixation,28.7831,0.03602396,0.05066288,-0.05787241,-0.1247356,0.2389244,-0.009450944,-0.962947,-0.4577853,-0.2447438,0.8547123,0.1053767,0.04984844,-0.05351584,-0.005750628,0.2836399,-0.005707146,-0.9588966,-0.5438972,-0.01426606,0.8390306,0.07114134,0.05311942,-0.1852107,-0.005264807,-0.03328218,0.004191434,0.9994233,-0.06657011,0.01024454,0.9977292
Fixation,28.7946,0.03602611,0.05067825,-0.05787834,-0.1247248,0.2389321,-0.009406566,-0.9629469,-0.4578114,-0.2447018,0.8547103,0.1053787,0.0498575,-0.05352149,-0.005737713,0.2836421,-0.005662712,-0.9588964,-0.5439017,-0.01421611,0.8390285,0.07114375,0.05313146,-0.1852165,-0.005266123,-0.0332839,0.004145162,0.9994235,-0.06657308,0.01025024,0.9977289
Fixation,28.8057,0.03602344,0.0506916,-0.05788112,-0.1246877,0.238934,-0.009398616,-0.9629513,-0.4578198,-0.2446277,0.8547271,0.105376,0.04986882,-0.05352421,-0.005682011,0.283562,-0.005655425,-0.9589204,-0.5437625,-0.01410452,0.8391206,0.07114116,0.05314314,-0.1852195,-0.005300994,-0.03328377,0.004129525,0.9994234,-0.06657294,0.01032098,0.9977282
Fixation,28.8166,0.0360274,0.05065477,-0.05788105,-0.124852,0.2394475,-0.009525636,-0.9628012,-0.4587021,-0.2449771,0.8541538,0.1053803,0.04985201,-0.05352481,-0.00580763,0.2835579,-0.005774744,-0.9589202,-0.5437518,-0.01441306,0.8391224,0.07114433,0.05311799,-0.1852192,-0.005209429,-0.03328104,0.004276638,0.9994233,-0.06656826,0.01012819,0.9977305
Fixation,28.8280,0.03602769,0.0506469,-0.0578818,-0.1248397,0.2395541,-0.009509209,-0.9627765,-0.4588998,-0.2449414,0.8540578,0.1053796,0.04983974,-0.05351076,-0.005663917,0.2839815,-0.005742834,-0.9587959,-0.5444955,-0.0141228,0.8386449,0.07114634,0.05310798,-0.1852125,-0.00521476,-0.03338743,0.004244389,0.9994199,-0.0667804,0.01014005,0.9977162
Fixation,28.8386,0.03602836,0.05065787,-0.05787935,-0.1247509,0.2395938,-0.009477918,-0.9627784,-0.4589867,-0.2447566,0.854064,0.1053798,0.04984355,-0.05350337,-0.005573023,0.2840146,-0.005711092,-0.9587868,-0.5445553,-0.01393075,0.8386093,0.07114779,0.05311382,-0.185208,-0.005294636,-0.03342148,0.004190459,0.9994186,-0.06684848,0.01030301,0.9977099
Fixation,28.8499,0.03603692,0.05066729,-0.05787638,-0.1249122,0.2395177,-0.009407097,-0.9627771,-0.4588541,-0.2450316,0.8540565,0.1053878,0.04983985,-0.05349378,-0.00550832,0.2840602,-0.005629994,-0.9587741,-0.5446372,-0.01376099,0.8385589,0.07115752,0.05311573,-0.1852019,-0.005336703,-0.03346806,0.004095246,0.9994171,-0.06694081,0.01039307,0.9977028
Fixation,28.8612,0.03604565,0.05061495,-0.0578898,-0.1248783,0.2394933,-0.009277457,-0.9627888,-0.4588457,-0.2449065,0.8540968,0.1053967,0.04976964,-0.05351306,-0.005517249,0.2841058,-0.005508049,-0.9587613,-0.5447184,-0.01370919,0.8385069,0.07116626,0.05305433,-0.1852183,-0.005344222,-0.0334252,0.003965649,0.9994191,-0.06685395,0.01041713,0.9977084
Fixation,28.8726,0.03606659,0.05062401,-0.05788676,-0.1249166,0.2394913,-0.009250067,-0.9627846,-0.4588462,-0.2449661,0.8540795,0.1054177,0.04977596,-0.05351073,-0.005554595,0.2841017,-0.005479323,-0.9587625,-0.5447112,-0.01376444,0.8385108,0.07118722,0.05306292,-0.1852154,-0.005300856,-0.03342063,0.003947299,0.9994195,-0.06684431,0.01033171,0.9977099
Fixation,28.8833,0.03606908,0.05061424,-0.05787552,-0.1250756,0.2392031,-0.009172668,-0.9628364,-0.4583323,-0.245243,0.8542759,0.10542,0.04975593,-0.05349948,-0.005583707,0.2841031,-0.005396939,-0.9587623,-0.5447144,-0.01377347,0.8385085,0.07119007,0.05304885,-0.1852039,-0.005251927,-0.03342121,0.003874898,0.99942,-0.06684436,0.01023876,0.9977109
Fixation,28.8949,0.03605321,0.05057561,-0.05788627,-0.1251022,0.2391775,-0.009267946,-0.9628384,-0.4582596,-0.2453397,0.8542871,0.1054045,0.04973125,-0.05351208,-0.005612542,0.2841523,-0.005493488,-0.958747,-0.5447986,-0.01388399,0.838452,0.0711735,0.05301738,-0.1852155,-0.005246189,-0.03340832,0.003976106,0.9994201,-0.06681962,0.01022062,0.9977127
Fixation,28.9055,0.0360495,0.05054259,-0.05789423,-0.1252185,0.2391799,-0.009313403,-0.9628222,-0.4582431,-0.2455814,0.8542266,0.1054008,0.04970729,-0.05351872,-0.005731646,0.2841628,-0.005532719,-0.958743,-0.5448148,-0.01413474,0.8384373,0.0711696,0.05299091,-0.1852222,-0.005140783,-0.03341993,0.004043982,0.99942,-0.06684268,0.0100053,0.9977134
Fixation,28.9167,0.03604308,0.05051732,-0.05790114,-0.1250099,0.2389538,-0.009407946,-0.9629045,-0.4578272,-0.2452413,0.8545472,0.1053949,0.04969895,-0.05353065,-0.005811573,0.2841282,-0.005638953,-0.9587521,-0.5447515,-0.01434809,0.8384748,0.07116205,0.05297506,-0.1852314,-0.0050903,-0.03338518,0.00416726,0.9994209,-0.06677411,0.009896453,0.997719
Fixation,28.9283,0.03604367,0.05050123,-0.05790454,-0.125033,0.2389298,-0.009509129,-0.9629065,-0.4577562,-0.2453342,0.8545586,0.1053957,0.04969752,-0.05353559,-0.005839403,0.2841169,-0.005741137,-0.9587547,-0.5447297,-0.01445942,0.838487,0.07116196,0.05296636,-0.1852356,-0.005089145,-0.03337455,0.004273264,0.9994208,-0.06675393,0.009887158,0.9977205
Fixation,28.9392,0.03605577,0.05049217,-0.05791654,-0.1250443,0.2389137,-0.009521215,-0.9629089,-0.457723,-0.245362,0.8545684,0.105408,0.04969072,-0.05354964,-0.005985269,0.2843987,-0.005760156,-0.9586701,-0.5452202,-0.01475216,0.8381631,0.07117376,0.05295861,-0.1852486,-0.005080997,-0.03336002,0.004289404,0.9994213,-0.06672501,0.009869924,0.9977226
Fixation,28.9501,0.03606844,0.05050457,-0.05790813,-0.1249702,0.2388332,-0.00946217,-0.9629391,-0.4575986,-0.2451971,0.8546823,0.1054213,0.04969454,-0.05355381,-0.005908147,0.2843111,-0.005715079,-0.9586968,-0.5450687,-0.01457797,0.8382646,0.07118541,0.05296552,-0.1852469,-0.005144509,-0.03326805,0.004227192,0.9994243,-0.0665413,0.01000183,0.9977335
Fixation,28.9610,0.03608151,0.05053055,-0.05789774,-0.1246985,0.2386177,-0.009433834,-0.963028,-0.4572384,-0.2446785,0.8550237,0.1054345,0.04971623,-0.05354517,-0.005834634,0.2842981,-0.005698893,-0.9587013,-0.5450473,-0.01442771,0.8382812,0.07119846,0.05298805,-0.1852378,-0.005211601,-0.03325414,0.004193109,0.9994245,-0.06651372,0.01013833,0.997734
Fixation,28.9722,0.03608709,0.0505476,-0.05790315,-0.1246287,0.2385979,-0.009374767,-0.9630425,-0.4572231,-0.2445191,0.8550774,0.1054402,0.04972386,-0.05355455,-0.005784979,0.2843695,-0.005647307,-0.9586807,-0.5451738,-0.01430374,0.838201,0.07120396,0.05299926,-0.1852455,-0.005268931,-0.03322428,0.004123935,0.9994255,-0.06645386,0.01025778,0.9977368
Fixation,28.9835,0.03609668,0.05057108,-0.05790139,-0.1245535,0.2383197,-0.009311066,-0.9631218,-0.4567423,-0.2443583,0.8553804,0.1054494,0.04973686,-0.05354843,-0.005725218,0.2843995,-0.005584034,-0.9586725,-0.5452281,-0.01415341,0.8381683,0.07121438,0.05301666,-0.1852418,-0.005310701,-0.03325469,0.004047335,0.9994246,-0.0665141,0.01034611,0.9977319
Fixation,28.9946,0.03610087,0.05058968,-0.05790029,-0.1245171,0.2383486,-0.009296537,-0.9631194,-0.4568011,-0.2442814,0.8553709,0.1054533,0.04975212,-0.05354355,-0.005687918,0.2844252,-0.005567852,-0.9586652,-0.5452738,-0.01407289,0.8381399,0.07121909,0.05303299,-0.185239,-0.005342637,-0.03328131,0.004022011,0.9994236,-0.06656723,0.0104114,0.9977276
Fixation,29.0054,0.03610699,0.05061829,-0.05789908,-0.1244659,0.2383416,-0.009253622,-0.9631282,-0.4568036,-0.2441643,0.855403,0.1054594,0.04977369,-0.05354416,-0.005618356,0.2843553,-0.005527872,-0.9586866,-0.5451532,-0.01391624,0.838221,0.07122527,0.05305731,-0.1852389,-0.005384592,-0.03326726,0.003970687,0.9994241,-0.06653895,0.0104988,0.9977286
Fixation,29.0165,0.03612288,0.05063879,-0.05791687,-0.1245186,0.2381454,-0.009275273,-0.9631697,-0.456439,-0.2442827,0.8555638,0.1054756,0.0497961,-0.05356573,-0.005568512,0.2843283,-0.0055527,-0.9586948,-0.5451061,-0.01383459,0.8382529,0.07124071,0.0530777,-0.1852589,-0.005439166,-0.03323923,0.003982398,0.9994247,-0.06648353,0.01060733,0.9977311
Fixation,29.0279,0.03613949,0.05066729,-0.0579154,-0.1244322,0.2381779,-0.009263402,-0.9631729,-0.4565077,-0.2441121,0.8555758,0.1054919,0.04982018,-0.05355999,-0.005480987,0.2843566,-0.005541158,-0.9586869,-0.5451571,-0.01366043,0.8382226,0.07125793,0.05310249,-0.1852557,-0.005520866,-0.0332685,0.003948865,0.9994234,-0.06654223,0.01077262,0.9977254
Fixation,29.0390,0.03614106,0.05068827,-0.05792054,-0.1243505,0.2380597,-0.009265982,-0.9632127,-0.4562999,-0.2439637,0.855729,0.1054945,0.04984152,-0.05358193,-0.00532974,0.2842636,-0.005560034,-0.9587153,-0.5449964,-0.01338044,0.8383316,0.07125773,0.05312192,-0.1852699,-0.005605752,-0.03314602,0.003949742,0.999427,-0.06629834,0.01094324,0.9977399
Fixation,29.0505,0.03616274,0.05068493,-0.05792494,-0.124498,0.2379687,-0.009279074,-0.963216,-0.4561202,-0.2442531,0.8557423,0.1055159,0.04983938,-0.05358217,-0.005342746,0.2842925,-0.005565128,-0.9587066,-0.5450466,-0.0134085,0.8382985,0.0712798,0.05311942,-0.1852721,-0.005594369,-0.03317623,0.003957671,0.999426,-0.06635865,0.01091972,0.9977361
Fixation,29.0616,0.03617397,0.0506953,-0.05793334,-0.1244342,0.237947,-0.009284899,-0.9632295,-0.4560845,-0.2441361,0.8557947,0.1055274,0.04984927,-0.05359363,-0.005278879,0.2842703,-0.005576699,-0.9587135,-0.5450085,-0.01329244,0.8383251,0.07129072,0.05312824,-0.1852824,-0.005659153,-0.03315312,0.003952965,0.9994265,-0.06631295,0.01104971,0.9977377
Fixation,29.0724,0.03618655,0.05071115,-0.05792742,-0.1244136,0.2378859,-0.009349945,-0.9632467,-0.4559591,-0.2441305,0.8558631,0.1055405,0.04987454,-0.05359522,-0.005231354,0.283857,-0.005647108,-0.9588357,-0.5442855,-0.01323796,0.8387956,0.07130219,0.05314827,-0.1852805,-0.005694762,-0.03309873,0.004019695,0.9994278,-0.06620537,0.01111691,0.9977441
Fixation,29.0833,0.03618762,0.05071199,-0.05791981,-0.1243859,0.2378618,-0.009319554,-0.9632565,-0.4559254,-0.2440646,0.8558998,0.1055418,0.04987097,-0.05359161,-0.005202102,0.2838292,-0.005621296,-0.9588443,-0.5442374,-0.01316699,0.8388279,0.07130299,0.05314636,-0.185275,-0.005716647,-0.03306936,0.003987616,0.9994288,-0.06614654,0.01116303,0.9977475
Fixation,29.0945,0.03619353,0.05070674,-0.05792438,-0.1246304,0.2374689,-0.009310079,-0.9633219,-0.4551974,-0.2445401,0.8561516,0.1055482,0.04986405,-0.0536053,-0.005180377,0.2837659,-0.005613567,-0.9588632,-0.5441271,-0.01312042,0.8389002,0.07130799,0.05314004,-0.1852843,-0.005735906,-0.03300324,0.003975281,0.9994309,-0.06601451,0.01120289,0.9977558
Fixation,29.1058,0.03619935,0.05070662,-0.0579229,-0.1246291,0.2374262,-0.009221743,-0.9633335,-0.4551426,-0.2444977,0.8561928,0.1055544,0.04985273,-0.05361147,-0.005317968,0.2835756,-0.005535394,-0.9589192,-0.5437933,-0.01333841,0.8391132,0.0713134,0.05313456,-0.1852866,-0.005720469,-0.032948,0.003894859,0.9994332,-0.06590321,0.0111778,0.9977634
Fixation,29.1166,0.03620198,0.05072558,-0.05791643,-0.1249679,0.2371918,-0.009262896,-0.963347,-0.4546809,-0.245169,0.8562462,0.1055575,0.04987848,-0.0536116,-0.005382053,0.2835306,-0.005571458,-0.9589319,-0.543713,-0.0134814,0.8391629,0.07131507,0.05315793,-0.1852832,-0.005667664,-0.03290158,0.003946344,0.9994348,-0.0658107,0.01106924,0.9977707
Fixation,29.1278,0.03620014,0.05071425,-0.05791705,-0.1249898,0.237186,-0.009188436,-0.9633463,-0.4546877,-0.2451756,0.8562407,0.1055557,0.04985774,-0.05361435,-0.00540068,0.2835169,-0.00549727,-0.9589363,-0.5436898,-0.01347495,0.8391781,0.07131334,0.05314255,-0.1852847,-0.005630996,-0.03288648,0.003879379,0.9994357,-0.06577954,0.01100048,0.9977735
Fixation,29.1414,0.03616468,0.0506705,-0.05788477,-0.1249876,0.237209,-0.009220623,-0.9633406,-0.4547212,-0.2451856,0.85622,0.1055201,0.04981792,-0.05357824,-0.005494474,0.2833196,-0.005528565,-0.9589939,-0.5433428,-0.01367103,0.8393996,0.07127815,0.05310059,-0.1852505,-0.005639053,-0.03291409,0.003907158,0.9994346,-0.06583504,0.01101453,0.9977697
Fixation,29.1531,0.03614874,0.05065835,-0.05787852,-0.125176,0.2369395,-0.009211094,-0.9633825,-0.4542207,-0.2455497,0.8563813,0.1055041,0.04980361,-0.05357161,-0.005491633,0.2833224,-0.005513806,-0.9589932,-0.543348,-0.01365725,0.8393965,0.07126232,0.05308735,-0.1852441,-0.005638082,-0.03291679,0.003892132,0.9994346,-0.06584025,0.01101356,0.9977694
Fixation,29.1639,0.03613723,0.05065775,-0.05786902,-0.1252066,0.2369792,-0.009239009,-0.9633685,-0.4542829,-0.2456191,0.8563284,0.1054922,0.04980695,-0.05355594,-0.0054302,0.2831933,-0.005531229,-0.9590316,-0.5431225,-0.01354828,0.8395442,0.07125133,0.05308926,-0.1852313,-0.005612316,-0.03296178,0.003920345,0.9994332,-0.0659302,0.01095983,0.9977641
Fixation,29.1747,0.03613806,0.0506289,-0.05788814,-0.1252082,0.2369685,-0.009212337,-0.9633712,-0.4542703,-0.2456101,0.8563377,0.1054931,0.04977465,-0.05357706,-0.005430582,0.2831797,-0.005506033,-0.9590358,-0.5430991,-0.01353464,0.8395596,0.07125207,0.05305886,-0.1852514,-0.00560565,-0.03294738,0.00389619,0.9994338,-0.06590113,0.01094821,0.9977661
Fixation,29.1863,0.03612859,0.05062997,-0.05789082,-0.1253176,0.2370081,-0.009222348,-0.9633471,-0.4543306,-0.2458202,0.8562453,0.1054833,0.0497756,-0.05357352,-0.005424022,0.2832226,-0.005507217,-0.9590231,-0.5431743,-0.01352306,0.839511,0.07124326,0.05305982,-0.185251,-0.005612171,-0.03299211,0.003895262,0.9994323,-0.06599049,0.01096094,0.9977601
Fixation,29.1973,0.03611547,0.05064249,-0.0579,-0.1253425,0.2370327,-0.009257965,-0.9633374,-0.4543642,-0.2458832,0.8562095,0.10547,0.04979324,-0.05357852,-0.005450752,0.2832516,-0.005538255,-0.9590142,-0.5432242,-0.01359214,0.8394777,0.0712304,0.05307508,-0.1852579,-0.00559402,-0.03302265,0.003931738,0.9994313,-0.06605173,0.010922,0.9977564
Fixation,29.2085,0.0360965,0.05064559,-0.0578993,-0.1253317,0.2370391,-0.009221249,-0.9633377,-0.454386,-0.2458451,0.8562089,0.1054509,0.04979098,-0.0535776,-0.00570413,0.2830178,-0.005509333,-0.9590819,-0.5428116,-0.01405993,0.8397368,0.07121165,0.05307555,-0.1852571,-0.005597029,-0.03302401,0.003893064,0.9994313,-0.06605405,0.01093056,0.9977562
Fixation,29.2193,0.03607658,0.05065203,-0.05789837,-0.1253686,0.2369803,-0.009219551,-0.9633474,-0.4542771,-0.2459167,0.8562461,0.1054307,0.04979551,-0.0535724,-0.005668228,0.2830468,-0.005503628,-0.9590736,-0.5428631,-0.01398806,0.8397047,0.07119225,0.05308032,-0.1852542,-0.005630261,-0.03305419,0.003878229,0.9994302,-0.06611437,0.01099772,0.9977514
Fixation,29.2305,0.03605994,0.05066478,-0.05791168,-0.1253589,0.2370455,-0.009289213,-0.9633319,-0.4543781,-0.2459283,0.8561891,0.1054135,0.04981637,-0.05357522,-0.005661519,0.2831186,-0.005565106,-0.9590521,-0.5429881,-0.01401055,0.8396236,0.07117645,0.05309677,-0.1852624,-0.005651981,-0.03312969,0.003935317,0.9994273,-0.06626592,0.01103674,0.997741
Fixation,29.2414,0.03604217,0.05067754,-0.05793463,-0.1253685,0.2370612,-0.009285081,-0.9633269,-0.4544068,-0.245944,0.8561694,0.1053956,0.04982853,-0.05359601,-0.005582199,0.2828688,-0.005554469,-0.9591263,-0.5425518,-0.01385044,0.8399082,0.07115892,0.05310941,-0.1852842,-0.005641085,-0.03314539,0.00393126,0.9994269,-0.06629715,0.0110151,0.9977391
Fixation,29.2525,0.03603318,0.05068433,-0.05794551,-0.1256823,0.2370012,-0.009356703,-0.9633,-0.4542547,-0.2465746,0.8560688,0.1053863,0.04984283,-0.05360066,-0.005579586,0.2829112,-0.005611374,-0.9591135,-0.5426253,-0.01387795,0.8398602,0.07115033,0.05311954,-0.185292,-0.005657766,-0.03319026,0.003985257,0.9994251,-0.06638746,0.01104448,0.9977328
Fixation,29.2639,0.0360106,0.05070329,-0.05796819,-0.1255731,0.2369969,-0.009425897,-0.9633147,-0.4542379,-0.2464006,0.8561277,0.1053638,0.04986858,-0.05362285,-0.005472808,0.2829123,-0.005685812,-0.9591134,-0.5426277,-0.01371526,0.8398614,0.07112758,0.05313969,-0.1853151,-0.005779802,-0.0331921,0.0040305,0.9994242,-0.06639256,0.01128539,0.9977298
Fixation,29.2749,0.0359939,0.05072868,-0.05798297,-0.1255682,0.2370504,-0.009466858,-0.9633017,-0.4543247,-0.2464083,0.8560795,0.1053466,0.04989851,-0.05362931,-0.005447407,0.282784,-0.005718429,-0.9591511,-0.542403,-0.01368393,0.840007,0.0711116,0.0531671,-0.1853258,-0.005791296,-0.03325203,0.004062238,0.999422,-0.06651266,0.01130574,0.9977216
Fixation,29.2860,0.03597601,0.05075073,-0.0580077,-0.1258352,0.2369583,-0.009506078,-0.9632891,-0.4541263,-0.2469364,0.8560326,0.1053287,0.0499239,-0.05365385,-0.005417902,0.2827846,-0.005749841,-0.959151,-0.5424039,-0.0136451,0.8400071,0.07109362,0.05319023,-0.1853506,-0.005827735,-0.03325289,0.00408524,0.9994217,-0.06651494,0.01137704,0.9977205
Fixation,29.2976,0.0359874,0.05074394,-0.05804658,-0.1258074,0.2369875,-0.009516937,-0.9632855,-0.4541786,-0.2468876,0.8560189,0.1053399,0.04991734,-0.05368844,-0.00539034,0.2828137,-0.005758327,-0.9591425,-0.5424553,-0.01359728,0.8399747,0.07110545,0.05318284,-0.1853875,-0.005856455,-0.03328333,0.004086249,0.9994205,-0.06657594,0.01143411,0.9977158
Fixation,29.3088,0.03597396,0.05077267,-0.05806302,-0.1257194,0.2370089,-0.009604475,-0.9632909,-0.4542021,-0.2467614,0.8560428,0.1053263,0.04995537,-0.05370038,-0.005219286,0.282713,-0.005843215,-0.9591725,-0.5422801,-0.0133163,0.8400922,0.07109218,0.05321431,-0.1854022,-0.005960478,-0.03331447,0.004150279,0.9994186,-0.06663968,0.0116375,0.9977092
Fixation,29.3193,0.03596016,0.05079627,-0.05808198,-0.1260821,0.2365867,-0.009698368,-0.9633463,-0.4533842,-0.2475105,0.8562601,0.1053126,0.04998863,-0.05371928,-0.005155436,0.2827117,-0.005928791,-0.9591728,-0.5422775,-0.01324219,0.8400951,0.07107805,0.05324125,-0.1854217,-0.00604374,-0.03331398,0.004217129,0.9994178,-0.06664014,0.01179946,0.9977073
Fixation,29.3305,0.03596123,0.05077195,-0.0580909,-0.1260291,0.2366004,-0.009723988,-0.9633496,-0.4534068,-0.2474215,0.8562738,0.1053135,0.04996634,-0.05372585,-0.00510314,0.2827268,-0.005955057,-0.9591684,-0.5423044,-0.01315685,0.8400791,0.07107931,0.05321681,-0.1854297,-0.006100904,-0.03333001,0.004229296,0.9994168,-0.06667274,0.01191277,0.9977038
Fixation,29.3417,0.03595446,0.05079174,-0.05810122,-0.1259561,0.2366165,-0.009728838,-0.9633551,-0.4534407,-0.2472849,0.8562953,0.1053066,0.04998469,-0.0537339,-0.004944813,0.2825193,-0.005957479,-0.9592304,-0.5419434,-0.01285264,0.8403168,0.07107285,0.05323458,-0.1854393,-0.006173383,-0.03334514,0.004216936,0.9994159,-0.06670339,0.01205833,0.9977
Fixation,29.3529,0.03595294,0.05081213,-0.05810342,-0.1264485,0.2363197,-0.009755245,-0.9633632,-0.4528563,-0.2482425,0.8563276,0.1053056,0.05000484,-0.05374442,-0.00484429,0.2824601,-0.005977875,-0.9592482,-0.5418407,-0.01267077,0.8403857,0.07107048,0.05325294,-0.1854463,-0.006275982,-0.03328349,0.004212093,0.9994174,-0.06658106,0.01226426,0.9977056
Fixation,29.3638,0.03594735,0.05082166,-0.05810445,-0.126323,0.2362898,-0.009793517,-0.9633866,-0.4528024,-0.2480241,0.8564193,0.1053003,0.05001688,-0.05374916,-0.00471976,0.2824321,-0.006025682,-0.9592568,-0.541793,-0.01245862,0.8404197,0.07106441,0.05326104,-0.18545,-0.006408594,-0.03325477,0.004227465,0.9994174,-0.06652497,0.01252855,0.9977061
Fixation,29.3753,0.03595958,0.05076909,-0.05810943,-0.1263618,0.2362886,-0.009780748,-0.9633819,-0.4528005,-0.2480915,0.8564008,0.1053125,0.04996359,-0.05375448,-0.005014246,0.2821343,-0.006018281,-0.959343,-0.5412667,-0.01301669,0.8407502,0.07107662,0.05320895,-0.1854549,-0.006367785,-0.03325287,0.00422317,0.9994178,-0.06652081,0.01244729,0.9977074
Fixation,29.3867,0.03596496,0.05072498,-0.05810314,-0.1260744,0.2367898,-0.009836548,-0.963296,-0.453717,-0.2475523,0.8560717,0.1053178,0.04992938,-0.05374433,-0.005077445,0.2821614,-0.00607714,-0.9593343,-0.5413125,-0.0131714,0.8407183,0.07108206,0.05317068,-0.1854464,-0.006321232,-0.03328185,0.004295688,0.9994168,-0.06657919,0.01234916,0.9977047
Fixation,29.3976,0.03596186,0.05068088,-0.0581006,-0.1261466,0.2367342,-0.009880323,-0.9632998,-0.4535992,-0.247712,0.856088,0.1053152,0.04989398,-0.05374878,-0.005115842,0.2823339,-0.006123909,-0.9592831,-0.5416137,-0.01327305,0.8405228,0.07107791,0.05313206,-0.1854471,-0.006260674,-0.03323289,0.00436027,0.9994185,-0.06648172,0.01222426,0.9977127
Fixation,29.4082,0.03595162,0.05064178,-0.05807039,-0.1262352,0.2367682,-0.009857642,-0.96328,-0.4536594,-0.2478676,0.856011,0.1053046,0.04985332,-0.05371404,-0.005203976,0.2823669,-0.006092899,-0.959273,-0.5416704,-0.01342493,0.8404837,0.07106819,0.05309391,-0.185414,-0.006167487,-0.03326698,0.004351981,0.999418,-0.06654891,0.01203824,0.9977105
Fixation,29.4195,0.03594605,0.05062938,-0.05805124,-0.1260955,0.2369991,-0.009750895,-0.9632426,-0.4541162,-0.247543,0.8558627,0.1052992,0.04983068,-0.05369809,-0.005322263,0.2823474,-0.005989878,-0.9592788,-0.541636,-0.01359352,0.8405032,0.07106262,0.05307913,-0.1853957,-0.006027239,-0.03324566,0.004282056,0.9994199,-0.06650437,0.01176277,0.9977168
Fixation,29.4305,0.03596066,0.05065894,-0.05801039,-0.1260014,0.2369896,-0.009681428,-0.963258,-0.4541245,-0.2473325,0.8559192,0.1053138,0.04984868,-0.05365999,-0.005224369,0.2823276,-0.005926714,-0.9592856,-0.5416037,-0.01336987,0.8405277,0.07107735,0.05310142,-0.1853567,-0.006106266,-0.03322414,0.004196599,0.9994205,-0.06646103,0.0119266,0.9977177
Fixation,29.4412,0.03597043,0.05068231,-0.05797562,-0.1260184,0.236947,-0.00954988,-0.9632675,-0.4540797,-0.2473046,0.855951,0.1053239,0.04985535,-0.05363363,-0.005172009,0.2824302,-0.005799467,-0.9592564,-0.541786,-0.01319845,0.8404129,0.07108681,0.05311716,-0.1853259,-0.006063974,-0.03316359,0.004078106,0.9994232,-0.06633838,0.01185046,0.9977268
Fixation,29.4526,0.03596852,0.05068946,-0.05794459,-0.1258771,0.2371788,-0.009468657,-0.9632298,-0.4545316,-0.2469887,0.8558023,0.1053225,0.04985464,-0.0536116,-0.005231213,0.2823695,-0.005727897,-0.9592744,-0.5416797,-0.0132711,0.8404802,0.07108422,0.05312181,-0.185299,-0.005988912,-0.03309965,0.004024262,0.999426,-0.06620951,0.01170455,0.9977371
Fixation,29.4641,0.035974,0.05068433,-0.05792626,-0.1259457,0.2371559,-0.009407523,-0.963227,-0.4545002,-0.2470908,0.8557895,0.1053281,0.04984343,-0.05359754,-0.00529757,0.2823415,-0.005666868,-0.9592826,-0.5416306,-0.01336372,0.8405104,0.07108945,0.05311513,-0.1852823,-0.005909469,-0.03306996,0.003982086,0.9994277,-0.06614912,0.0115488,0.9977429
Fixation,29.4747,0.03597736,0.0506767,-0.05791822,-0.1260594,0.2372115,-0.009408374,-0.9631985,-0.4545915,-0.2473041,0.8556795,0.105331,0.04983771,-0.05358145,-0.005291528,0.2827095,-0.005652788,-0.9591743,-0.5422755,-0.01334719,0.8400947,0.07109357,0.0531106,-0.1852696,-0.005795632,-0.0331299,0.003999019,0.9994262,-0.06626814,0.01131964,0.9977376
Fixation,29.4857,0.03598062,0.05065513,-0.0579115,-0.126154,0.2372309,-0.009463183,-0.9631808,-0.4546048,-0.2475081,0.8556134,0.1053341,0.04982543,-0.05357085,-0.005389159,0.2827373,-0.005700152,-0.9591654,-0.5423222,-0.01356148,0.8400611,0.07109691,0.05309534,-0.1852604,-0.005712918,-0.03315953,0.00406908,0.9994255,-0.06632745,0.01114941,0.9977356
Fixation,29.4969,0.03598493,0.0506351,-0.05790935,-0.1259914,0.2374256,-0.009478085,-0.9631539,-0.4549665,-0.2471988,0.8555105,0.1053385,0.04981041,-0.05356883,-0.005469573,0.2827376,-0.005718573,-0.9591647,-0.5423211,-0.01372615,0.8400591,0.07110102,0.05307913,-0.1852579,-0.005639693,-0.03316011,0.004107078,0.9994257,-0.06632845,0.01100053,0.9977372
Fixation,29.5082,0.03599113,0.05063474,-0.05789754,-0.1260322,0.2374042,-0.009519878,-0.9631534,-0.4549137,-0.2472969,0.8555102,0.105345,0.04981709,-0.05355923,-0.005592938,0.2827404,-0.00576345,-0.9591629,-0.5423236,-0.0139882,0.8400532,0.07110674,0.05308294,-0.1852471,-0.005608595,-0.0331449,0.004158824,0.9994262,-0.06629842,0.01093507,0.9977399
Fixation,29.5191,0.03600125,0.05065203,-0.05788423,-0.1259893,0.2373942,-0.009502531,-0.9631617,-0.4549035,-0.2472078,0.8555414,0.1053551,0.04983115,-0.05354771,-0.005548926,0.2827274,-0.005749561,-0.9591671,-0.5423018,-0.01389581,0.8400688,0.07111679,0.05309784,-0.1852349,-0.005647754,-0.03313118,0.004134469,0.9994265,-0.06627106,0.01101507,0.9977409
Fixation,29.5308,0.03597845,0.05064201,-0.05786791,-0.1258105,0.2376898,-0.009432336,-0.9631129,-0.4554709,-0.2468233,0.8553506,0.1053325,0.04981124,-0.05353539,-0.005499319,0.2826996,-0.005687394,-0.9591759,-0.5422548,-0.01376528,0.8401014,0.07109392,0.05308235,-0.1852208,-0.005680267,-0.03310146,0.004062126,0.9994276,-0.06621117,0.01108511,0.9977441
Fixation,29.5422,0.03596227,0.05063748,-0.05785938,-0.1257639,0.2376414,-0.009348418,-0.9631317,-0.4554086,-0.2466976,0.85542,0.1053167,0.04979503,-0.0535353,-0.005482072,0.2826033,-0.005613349,-0.9592048,-0.5420873,-0.01368956,0.8402107,0.07107726,0.05307126,-0.1852167,-0.005710555,-0.0330397,0.003977463,0.9994298,-0.06608715,0.01115177,0.9977515
Fixation,29.5527,0.03595747,0.05061984,-0.05785611,-0.1257343,0.2376527,-0.009374533,-0.9631325,-0.4554247,-0.2466533,0.8554242,0.1053118,0.04978001,-0.05353,-0.005453338,0.2826166,-0.005639251,-0.9592009,-0.5421108,-0.01364919,0.8401962,0.07107258,0.05305421,-0.1852126,-0.005744824,-0.03305389,0.003995195,0.9994291,-0.06611594,0.01121898,0.9977489
Fixation,29.5638,0.03594856,0.05059254,-0.05785388,-0.1259427,0.2377687,-0.009402017,-0.9630764,-0.4556106,-0.2470558,0.855209,0.1053027,0.04975617,-0.05352358,-0.005496284,0.2826462,-0.005655424,-0.9591919,-0.5421617,-0.01374095,0.8401618,0.07106399,0.05302954,-0.185208,-0.00570722,-0.03308489,0.004021325,0.9994282,-0.06617785,0.01114182,0.9977456
Fixation,29.5748,0.03593878,0.05052102,-0.05785343,-0.1259912,0.2377839,-0.009495311,-0.9630654,-0.4556102,-0.2471912,0.8551701,0.1052928,0.04969823,-0.05351921,-0.005535229,0.2828323,-0.005743967,-0.9591362,-0.5424858,-0.01386724,0.8399505,0.07105414,0.0529654,-0.1852054,-0.005677968,-0.03311409,0.00411982,0.999427,-0.06623701,0.01107658,0.9977424
Fixation,29.5862,0.03592622,0.05048168,-0.05784788,-0.1261094,0.2377774,-0.009558926,-0.9630508,-0.4555726,-0.2474453,0.8551166,0.10528,0.04966843,-0.0535076,-0.005607075,0.2828747,-0.005798104,-0.959123,-0.5425583,-0.01403602,0.8399009,0.07104187,0.0529319,-0.1851965,-0.005621879,-0.033159,0.004189828,0.9994255,-0.06632701,0.01095944,0.9977378
Fixation,29.5975,0.03591317,0.05045795,-0.05784205,-0.1261941,0.2378136,-0.009603502,-0.9630304,-0.4556196,-0.2476252,0.8550395,0.1052666,0.04965222,-0.05349573,-0.005694347,0.2829174,-0.005833756,-0.9591097,-0.5426312,-0.01422395,0.8398506,0.0710292,0.05291331,-0.1851872,-0.005546219,-0.03320408,0.004245813,0.9994242,-0.06641701,0.01080409,0.9977335
Fixation,29.6084,0.03589801,0.05041778,-0.05782831,-0.1261797,0.2378334,-0.00965335,-0.9630269,-0.4556438,-0.2476207,0.8550279,0.1052513,0.04961812,-0.05347829,-0.005682065,0.2829423,-0.005881396,-0.9591021,-0.5426744,-0.01422755,0.8398227,0.07101423,0.05287576,-0.1851717,-0.005569986,-0.03323054,0.004288593,0.999423,-0.0664705,0.01084852,0.9977294
Fixation,29.6196,0.03587908,0.05041587,-0.05776838,-0.1262651,0.2378079,-0.009644805,-0.9630221,-0.4555929,-0.2477794,0.855009,0.1052326,0.04961753,-0.053422,-0.005739196,0.2829754,-0.005871312,-0.959092,-0.5427315,-0.01433171,0.839784,0.07099484,0.05287611,-0.1851132,-0.005484773,-0.03320571,0.004301257,0.9994242,-0.06642038,0.01067758,0.9977346
Fixation,29.6304,0.03587006,0.05041754,-0.05775919,-0.1259974,0.2376553,-0.009618978,-0.9630951,-0.4553454,-0.247267,0.8552892,0.1052237,0.04961884,-0.05341501,-0.005790034,0.2829611,-0.00585594,-0.959096,-0.542706,-0.0144204,0.8397989,0.07098559,0.05287862,-0.1851048,-0.005431748,-0.03319072,0.004299283,0.9994251,-0.06638999,0.01057186,0.9977378
Fixation,29.6419,0.03584449,0.05040395,-0.0577544,-0.1259665,0.237644,-0.009554125,-0.9631026,-0.4553441,-0.2471783,0.8553156,0.1051982,0.04959571,-0.05341304,-0.005591744,0.2829544,-0.005789146,-0.9590995,-0.5426981,-0.01400221,0.8398111,0.07096006,0.0528599,-0.1851015,-0.005449356,-0.03316969,0.004231499,0.9994259,-0.06634743,0.01061174,0.9977401
Fixation,29.6528,0.03583895,0.05038238,-0.05771962,-0.1261871,0.2378447,-0.009595209,-0.9630238,-0.4556786,-0.2476067,0.8550134,0.1051927,0.04957891,-0.05337738,-0.005602073,0.2829604,-0.0058215,-0.9590976,-0.542708,-0.01404038,0.8398041,0.07095446,0.05284071,-0.1850663,-0.005447458,-0.03317627,0.004265347,0.9994256,-0.06636089,0.01060564,0.9977393
Fixation,29.6638,0.03582832,0.05036819,-0.05771081,-0.1262478,0.2378989,-0.009718793,-0.9630011,-0.4557398,-0.2477778,0.8549312,0.1051816,0.049582,-0.05335856,-0.00566865,0.2830294,-0.005934372,-0.9590762,-0.5428263,-0.01423254,0.8397244,0.07094426,0.05283594,-0.1850522,-0.005411141,-0.03324962,0.004390636,0.9994228,-0.06650837,0.01052406,0.9977304
Fixation,29.6747,0.03580844,0.05036688,-0.05771048,-0.126245,0.2379826,-0.009801088,-0.96298,-0.4558704,-0.2478079,0.8548529,0.105161,0.04959047,-0.05334486,-0.005527671,0.2831236,-0.006000943,-0.9590487,-0.5429924,-0.01400063,0.8396209,0.07092545,0.05283928,-0.1850452,-0.005428085,-0.03334598,0.004458909,0.9994192,-0.06670164,0.01055249,0.9977171
Fixation,29.6861,0.03578926,0.05036867,-0.05771236,-0.1258612,0.238106,-0.00977143,-0.9630001,-0.4561324,-0.247062,0.854929,0.1051415,0.04958749,-0.05334246,-0.005470003,0.2831527,-0.005980338,-0.9590406,-0.5430444,-0.01387861,0.8395893,0.07090689,0.05283773,-0.1850452,-0.005478653,-0.03337589,0.004424208,0.9994181,-0.06676141,0.01065561,0.9977121
Fixation,29.6976,0.03578765,0.05035639,-0.05770859,-0.1258421,0.2381679,-0.009752097,-0.9629874,-0.4562509,-0.247014,0.8548796,0.1051393,0.04957104,-0.05333029,-0.00544982,0.2832107,-0.005954371,-0.9590238,-0.5431467,-0.0138257,0.839524,0.07090633,0.05282307,-0.1850373,-0.005491508,-0.03343607,0.004393447,0.9994161,-0.06688134,0.0106828,0.9977037
Fixation,29.7088,0.03577942,0.05035818,-0.05770117,-0.1258267,0.2382048,-0.009599995,-0.9629818,-0.4563578,-0.2469112,0.8548523,0.1051307,0.04955125,-0.05332044,-0.00532546,0.2832346,-0.005796342,-0.9590184,-0.5431926,-0.01349788,0.8394997,0.07089912,0.05281436,-0.1850285,-0.005474352,-0.03345313,0.004237959,0.9994163,-0.06691361,0.01065877,0.9977018
Fixation,29.7195,0.03577362,0.0503633,-0.05769381,-0.1254487,0.2381559,-0.009518565,-0.963044,-0.4563212,-0.246159,0.8550888,0.105125,0.04954612,-0.05331722,-0.005281133,0.2832059,-0.00573115,-0.9590275,-0.543144,-0.01337569,0.839533,0.07089324,0.05281389,-0.1850233,-0.005500978,-0.03342252,0.004164002,0.9994175,-0.06685192,0.01071721,0.9977053
Fixation,29.7306,0.03577897,0.05035591,-0.05769337,-0.1254288,0.2381548,-0.009412778,-0.963048,-0.4563478,-0.2460713,0.8550998,0.1051303,0.04952395,-0.05331888,-0.005256417,0.2831921,-0.005627354,-0.9590324,-0.5431215,-0.01326939,0.8395492,0.07089889,0.05279911,-0.1850239,-0.00549889,-0.03340687,0.004057464,0.9994185,-0.06681951,0.01072029,0.9977075
Fixation,29.7416,0.03577207,0.05034864,-0.05769296,-0.1254113,0.2381863,-0.009395175,-0.9630426,-0.4564106,-0.2460284,0.8550786,0.1051231,0.04951334,-0.05331435,-0.005227058,0.2831606,-0.005606208,-0.9590419,-0.5430672,-0.01320085,0.8395855,0.07089256,0.05278981,-0.1850215,-0.005511568,-0.03343621,0.004032682,0.9994175,-0.06687792,0.01074704,0.9977033
Fixation,29.7527,0.03575952,0.05033958,-0.05768902,-0.1254113,0.2382267,-0.009413208,-0.9630324,-0.4564791,-0.2460352,0.8550401,0.1051102,0.04950607,-0.05330435,-0.005227767,0.2832024,-0.005619068,-0.9590295,-0.5431401,-0.01320983,0.8395382,0.07088058,0.0527817,-0.1850145,-0.00551399,-0.03347987,0.004044908,0.999416,-0.06696524,0.01075069,0.9976974
Fixation,29.7638,0.03574159,0.05032408,-0.05769151,-0.1255178,0.2381498,-0.009521388,-0.9630365,-0.4563037,-0.2462915,0.8550599,0.1050922,0.04950571,-0.05330238,-0.005276322,0.283233,-0.00572044,-0.9590196,-0.5431916,-0.01336063,0.8395025,0.07086258,0.05277431,-0.1850146,-0.00549234,-0.03351292,0.004154925,0.9994146,-0.06703223,0.01069976,0.9976934
Fixation,29.7750,0.03573901,0.0502826,-0.05769441,-0.1255801,0.2381614,-0.009633255,-0.9630244,-0.4562909,-0.246462,0.8550176,0.1050896,0.04948068,-0.05330153,-0.005343893,0.2831981,-0.005826682,-0.9590289,-0.543128,-0.01355011,0.8395406,0.07085981,0.05274165,-0.1850154,-0.005453442,-0.03354117,0.004274761,0.9994133,-0.06708962,0.01061372,0.9976905
Fixation,29.7859,0.03573117,0.05026376,-0.05768896,-0.1255852,0.238124,-0.009700699,-0.9630323,-0.4562056,-0.2465052,0.8550507,0.1050821,0.04947174,-0.05330015,-0.005352124,0.2831694,-0.005897952,-0.9590369,-0.5430766,-0.01360601,0.839573,0.07085118,0.05272758,-0.1850121,-0.005463435,-0.03351205,0.004346086,0.9994139,-0.06703231,0.01062917,0.9976942
Fixation,29.8001,0.03572704,0.05025542,-0.05767956,-0.1258169,0.2382776,-0.009755725,-0.9629636,-0.4564505,-0.2469632,0.8547878,0.1050782,0.04947031,-0.05329283,-0.00536088,0.2831546,-0.005946663,-0.9590409,-0.54305,-0.01365026,0.8395894,0.0708466,0.05272269,-0.1850038,-0.00546722,-0.03349724,0.004395574,0.9994142,-0.0670033,0.01063356,0.9976961
Fixation,29.8157,0.03573766,0.05023658,-0.05767632,-0.1258435,0.2382013,-0.009746139,-0.9629791,-0.4563129,-0.2470124,0.8548471,0.1050895,0.0494523,-0.05330053,-0.005348943,0.283127,-0.0059443,-0.9590491,-0.5430018,-0.01362578,0.8396209,0.07085604,0.05270481,-0.185006,-0.005441394,-0.03341879,0.004401729,0.9994169,-0.06684652,0.01058224,0.9977071
Fixation,29.8223,0.03574558,0.05023074,-0.05766498,-0.1262135,0.2379692,-0.009728607,-0.9629881,-0.4558672,-0.2477145,0.8548816,0.1050978,0.04944336,-0.05329517,-0.005354035,0.283086,-0.005920425,-0.9590613,-0.5429302,-0.01362167,0.8396673,0.07086343,0.05269754,-0.1849976,-0.005430589,-0.03337578,0.004380286,0.9994185,-0.06676031,0.01056247,0.9977131
Fixation,29.8307,0.03574744,0.0502367,-0.05765819,-0.1261944,0.2379401,-0.009728661,-0.9629978,-0.4558161,-0.2476796,0.854919,0.1050999,0.04944932,-0.05329253,-0.005334856,0.283057,-0.005925023,-0.95907,-0.5428798,-0.01358724,0.8397005,0.07086485,0.05270314,-0.184993,-0.005450392,-0.03334557,0.0043802,0.9994195,-0.06670017,0.01060233,0.9977167
Fixation,29.8418,0.03574668,0.05024922,-0.05765033,-0.1261647,0.2379619,-0.009674923,-0.9629969,-0.4558718,-0.247597,0.8549132,0.1050989,0.0494535,-0.0532826,-0.005114633,0.2831092,-0.005864339,-0.9590561,-0.5429752,-0.01313094,0.839646,0.07086461,0.05271113,-0.1849842,-0.005467998,-0.03335986,0.004319108,0.9994191,-0.0667282,0.01064147,0.9977145
Fixation,29.8530,0.03576031,0.050246,-0.0576438,-0.1261306,0.2380096,-0.009674805,-0.9629896,-0.455961,-0.2475304,0.854885,0.1051121,0.04944861,-0.05326937,-0.005080239,0.2831551,-0.005859882,-0.9590428,-0.5430562,-0.01306284,0.8395947,0.070879,0.05270648,-0.1849745,-0.005500048,-0.03340765,0.004305733,0.9994174,-0.06682375,0.010706,0.9977074
Fixation,29.8641,0.0357675,0.05026162,-0.05763459,-0.1259814,0.2378863,-0.009678423,-0.9630395,-0.4557492,-0.2472549,0.8550776,0.1051193,0.04946232,-0.05326003,-0.004972971,0.2831543,-0.00587036,-0.9590436,-0.5430562,-0.01286303,0.8395978,0.0708863,0.05271912,-0.1849658,-0.005606513,-0.03340676,0.004288957,0.9994169,-0.06682266,0.01091993,0.9977051
Fixation,29.8754,0.03577419,0.05027688,-0.05763981,-0.1259638,0.2379602,-0.009677397,-0.9630236,-0.4558847,-0.247218,0.8550161,0.1051253,0.04947567,-0.05325482,-0.004903018,0.2832613,-0.005859352,-0.9590124,-0.5432447,-0.01272357,0.839478,0.07089415,0.05273306,-0.1849658,-0.005621282,-0.03348162,0.004274676,0.9994144,-0.06697208,0.01094974,0.9976948
Fixation,29.8863,0.03577891,0.05028081,-0.05764168,-0.1258453,0.2379435,-0.009674143,-0.9630433,-0.4558649,-0.2469928,0.8550917,0.1051301,0.04947662,-0.05325928,-0.004783563,0.2832415,-0.0058639,-0.9590188,-0.5432117,-0.01249685,0.8395028,0.07089873,0.0527333,-0.1849696,-0.005738108,-0.03346091,0.004249274,0.9994146,-0.0669314,0.01118513,0.9976949
Fixation,29.8977,0.03579109,0.05028558,-0.05762824,-0.1261739,0.2377904,-0.009675825,-0.9630381,-0.4555607,-0.2476222,0.8550718,0.1051419,0.04947996,-0.05323945,-0.00480551,0.2832862,-0.005849672,-0.9590055,-0.5432899,-0.01253128,0.8394517,0.07091162,0.05273795,-0.1849528,-0.005713172,-0.03350734,0.004240598,0.9994131,-0.06702381,0.01113546,0.9976892
Fixation,29.9086,0.03579067,0.05027616,-0.05763523,-0.1262292,0.2377434,-0.009615758,-0.963043,-0.4554867,-0.2477004,0.8550885,0.1051419,0.0494647,-0.05325411,-0.004766625,0.2832366,-0.005790292,-0.9590207,-0.5432043,-0.01242263,0.8395087,0.0709106,0.05272675,-0.1849633,-0.005647873,-0.03345292,0.004199874,0.9994155,-0.06691416,0.01100815,0.997698
Fixation,29.9195,0.0358107,0.05028236,-0.05762805,-0.1264725,0.2377259,-0.009647704,-0.9630151,-0.455427,-0.248177,0.8549821,0.1051615,0.04947019,-0.05324055,-0.004657525,0.2832789,-0.005810526,-0.9590087,-0.5432797,-0.01222521,0.8394628,0.07093134,0.05273056,-0.1849535,-0.005758442,-0.03349708,0.004191682,0.9994134,-0.06700314,0.01122931,0.9976895
Fixation,29.9311,0.0358259,0.05028605,-0.0576189,-0.1264472,0.2376585,-0.009614344,-0.9630354,-0.4553157,-0.248116,0.8550591,0.1051773,0.04946995,-0.0532416,-0.004630564,0.2832082,-0.005787169,-0.9590298,-0.5431566,-0.01215965,0.8395434,0.07094561,0.05273175,-0.1849497,-0.005778869,-0.03342311,0.004162954,0.9994159,-0.0668553,0.01127271,0.997699
Fixation,29.9417,0.03583987,0.05029476,-0.05759924,-0.1264057,0.2376451,-0.009600427,-0.9630443,-0.4552983,-0.2480316,0.8550928,0.1051914,0.04947603,-0.05322415,-0.004489766,0.2832572,-0.00577407,-0.9590161,-0.5432447,-0.01188261,0.8394904,0.07095945,0.05273843,-0.1849313,-0.005817336,-0.03340643,0.004142694,0.9994164,-0.06682207,0.0113511,0.9977003
Fixation,29.9528,0.03585683,0.0503006,-0.05759105,-0.1267399,0.2375767,-0.009532667,-0.9630179,-0.4551648,-0.248635,0.8549886,0.1052085,0.04947293,-0.05322043,-0.004535102,0.2832277,-0.005698263,-0.9590251,-0.5431933,-0.01192637,0.839523,0.07097623,0.05274105,-0.184925,-0.0057545,-0.03337494,0.004080972,0.999418,-0.066758,0.0112299,0.997706
Fixation,29.9639,0.0358745,0.0503031,-0.05758817,-0.1267649,0.2374938,-0.009485819,-0.9630355,-0.455025,-0.2486638,0.8550547,0.1052269,0.04947114,-0.05323011,-0.004558295,0.2831416,-0.005661082,-0.9590506,-0.5430427,-0.01194905,0.8396201,0.07099272,0.052742,-0.1849283,-0.005722946,-0.03328479,0.004051589,0.9994214,-0.06657743,0.01116956,0.9977188
Fixation,29.9751,0.03589157,0.05025876,-0.05758838,-0.1268039,0.2374473,-0.009477409,-0.963042,-0.4549399,-0.2487357,0.8550791,0.1052444,0.04942751,-0.05323701,-0.004594683,0.2829527,-0.005655994,-0.9591062,-0.5427113,-0.01201434,0.8398334,0.07100905,0.05269873,-0.1849317,-0.005684207,-0.03323727,0.004057585,0.9994231,-0.06648233,0.01109213,0.997726
