SceneName,ElapsedTime,LeftPosX,LeftPosY,LeftPosZ,LeftRotX,LeftRotY,LeftRotZ,LeftRotW,LeftDirX,LeftDirY,LeftDirZ,RightPosX,RightPosY,RightPosZ,RightRotX,RightRotY,RightRotZ,RightRotW,RightDirX,RightDirY,RightDirZ,CenterPosX,CenterPosY,CenterPosZ,CenterRotX,CenterRotY,CenterRotZ,CenterRotW,CenterDirX,CenterDirY,CenterDirZ
saccade,0.0000,0,0,0,0,0,0,1,0,0,1,0,0,0,0,0,0,1,0,0,1,0.14,1.811587,3.74,0,-0.6727939,0,0.73983,-0.9955062,0,0.09469664
saccade,0.0000,0.03787484,0.04106522,-0.05587675,-0.09425942,0.005158267,-0.009349943,-0.9954904,-0.008507371,-0.1877652,0.9821771,0.1033436,0.04018629,-0.0517518,-0.04637089,0.07435674,-0.005778438,-0.9961363,-0.147603,-0.09324279,0.9846416,0.14,1.811587,3.74,0,-0.6727939,0,0.73983,-0.9955062,0,0.09469664
saccade,0.0200,0.03775156,0.04084563,-0.05582272,-0.09464769,0.005292892,-0.009504903,-0.9954514,-0.0087384,-0.188535,0.9820276,0.1032196,0.03998303,-0.05168252,-0.04665427,0.07447135,-0.005905688,-0.9961137,-0.1478128,-0.09382553,0.9845548,0.14,1.811587,3.74,0,-0.6727939,0,0.73983,-0.9955062,0,0.09469664
saccade,0.0279,0.03772671,0.04083157,-0.0558593,-0.09467985,0.005401298,-0.009470272,-0.9954481,-0.008960137,-0.1886,0.9820131,0.1031938,0.03996289,-0.05170551,-0.04668374,0.07457758,-0.0058637,-0.9961046,-0.1480266,-0.09387837,0.9845176,0.14,1.811587,3.74,0,-0.6727939,0,0.73983,-0.9955062,0,0.09469664
saccade,0.0346,0.03769931,0.04082131,-0.05586224,-0.09459732,0.005450523,-0.009552903,-0.9954549,-0.009044142,-0.1884389,0.9820433,0.103166,0.03996336,-0.05170076,-0.04673732,0.07465819,-0.005952908,-0.9960955,-0.1481769,-0.09399854,0.9844835,0.14,1.811587,3.74,0,-0.6727939,0,0.73983,-0.9955062,0,0.09469664
saccade,0.0460,0.03768549,0.04080224,-0.05587615,-0.09456566,0.005475881,-0.00959912,-0.9954573,-0.009086517,-0.1883773,0.9820547,0.103152,0.03995025,-0.0517107,-0.04670874,0.07468576,-0.005999921,-0.9960945,-0.1482277,-0.09394886,0.9844807,0.14,1.811587,3.74,0,-0.6727939,0,0.73983,-0.9955062,0,0.09469664
saccade,0.0569,0.03766767,0.04079413,-0.05589606,-0.09454715,0.0055521,-0.009689058,-0.9954578,-0.009221617,-0.188343,0.98206,0.1031338,0.03995299,-0.05172202,-0.04679073,0.0747484,-0.006085093,-0.9960855,-0.1483421,-0.09412482,0.9844466,0.14,1.811587,3.74,0,-0.6727939,0,0.73983,-0.9955062,0,0.09469664
saccade,0.0685,0.03763184,0.04079354,-0.05589536,-0.09445926,0.00559633,-0.009712168,-0.9954656,-0.009307101,-0.1881706,0.9820923,0.1030976,0.03995562,-0.05171502,-0.04670421,0.07479385,-0.006112053,-0.9960859,-0.1484313,-0.0939571,0.9844492,0.14,1.811587,3.74,0,-0.6727939,0,0.73983,-0.9955062,0,0.09469664
saccade,0.0794,0.03760831,0.04079711,-0.055896,-0.09445371,0.005590903,-0.009797406,-0.9954654,-0.009280299,-0.1881604,0.9820945,0.1030742,0.03997028,-0.0517153,-0.0466636,0.07473867,-0.006197831,-0.9960915,-0.1483147,-0.09388887,0.9844733,0.14,1.811587,3.74,0,-0.6727939,0,0.73983,-0.9955062,0,0.09469664
saccade,0.0905,0.03761719,0.04077387,-0.05591848,-0.09434863,0.005472392,-0.009857833,-0.9954754,-0.009035118,-0.1879514,0.9821368,0.1030834,0.03995574,-0.0517415,-0.04662837,0.07470658,-0.006262255,-0.9960951,-0.1482457,-0.09382825,0.9844894,0.14,1.811587,3.74,0,-0.6727939,0,0.73983,-0.9955062,0,0.09469664
saccade,0.1015,0.03761524,0.0407691,-0.05592552,-0.09438685,0.005437475,-0.009896958,-0.9954716,-0.008957419,-0.1880265,0.9821231,0.1030818,0.03995621,-0.05175272,-0.04666945,0.07467353,-0.006300286,-0.9960955,-0.1481759,-0.09391537,0.9844916,0.14,1.811587,3.74,0,-0.6727939,0,0.73983,-0.9955062,0,0.09469664
saccade,0.1129,0.03759724,0.04077327,-0.05592187,-0.09426891,0.005436901,-0.009946311,-0.9954823,-0.008949421,-0.1877942,0.9821676,0.1030639,0.03996766,-0.0517482,-0.04659296,0.07465572,-0.006359499,-0.9961,-0.1481365,-0.09377205,0.9845113,0.14,1.811587,3.74,0,-0.6727939,0,0.73983,-0.9955062,0,0.09469664
saccade,0.1236,0.03758239,0.04079223,-0.05590818,-0.0942411,0.005431619,-0.009963536,-0.9954848,-0.008936239,-0.1877394,0.9821782,0.1030491,0.03998911,-0.05173491,-0.04656632,0.07465136,-0.006378837,-0.9961015,-0.1481266,-0.09372194,0.9845175,0.14,1.811587,3.74,0,-0.6727939,0,0.73983,-0.9955062,0,0.09469664
saccade,0.1346,0.03740056,0.04090679,-0.05574687,-0.09434232,0.005575732,-0.009983332,-0.9954742,-0.009217293,-0.187942,0.9821368,0.1030523,0.0399915,-0.05173854,-0.04652343,0.07468212,-0.006398614,-0.9961011,-0.1481865,-0.09363979,0.9845163,0.14,1.811587,3.74,0,-0.6727939,0,0.73983,-0.9955062,0,0.09469664
saccade,0.1461,0.03739238,0.04090023,-0.05574156,-0.09428768,0.005574951,-0.009938344,-0.9954798,-0.009225377,-0.1878338,0.9821575,0.103044,0.03997946,-0.05173372,-0.04647058,0.07466981,-0.006358034,-0.9961047,-0.148167,-0.09352862,0.9845298,0.14,1.811587,3.74,0,-0.6727939,0,0.73983,-0.9955062,0,0.09469664
saccade,0.1571,0.03738599,0.0408572,-0.05574216,-0.09429614,0.005568661,-0.009945245,-0.995479,-0.009211374,-0.1878504,0.9821544,0.1030371,0.03993618,-0.0517263,-0.04651285,0.07473156,-0.006358197,-0.9960981,-0.1482885,-0.09361303,0.9845035,0.14,1.811587,3.74,0,-0.6727939,0,0.73983,-0.9955062,0,0.09469664
saccade,0.1685,0.03738932,0.04078853,-0.05573778,-0.09435808,0.005657254,-0.01000283,-0.9954721,-0.009375582,-0.1879748,0.9821291,0.1030398,0.03987348,-0.05170981,-0.0465786,0.07482234,-0.006407014,-0.9960878,-0.1484624,-0.09375154,0.9844641,0.14,1.811587,3.74,0,-0.6727939,0,0.73983,-0.9955062,0,0.09469664
saccade,0.1795,0.0373983,0.04072475,-0.05576373,-0.09441786,0.005657796,-0.009968228,-0.9954667,-0.009381937,-0.1880925,0.9821065,0.1030488,0.0398047,-0.05173631,-0.0466336,0.07489424,-0.00636617,-0.9960802,-0.1486076,-0.09385519,0.9844323,0.14,1.811587,3.74,0,-0.6727939,0,0.73983,-0.9955062,0,0.09469664
saccade,0.1904,0.03740744,0.04071856,-0.05573009,-0.09450559,0.005752206,-0.009874481,-0.9954588,-0.009585781,-0.1882664,0.9820712,0.1030575,0.0397855,-0.05169832,-0.04664487,0.07493219,-0.006268614,-0.9960774,-0.1486917,-0.09386326,0.9844189,0.14,1.811587,3.74,0,-0.6727939,0,0.73983,-0.9955062,0,0.09469664
saccade,0.2013,0.03741618,0.0407331,-0.05569506,-0.09449548,0.005669967,-0.00968103,-0.9954621,-0.009458848,-0.1882431,0.9820769,0.1030667,0.03977573,-0.05167641,-0.04663287,0.07483689,-0.006081036,-0.9960863,-0.1485208,-0.09381091,0.9844496,0.14,1.811587,3.74,0,-0.6727939,0,0.73983,-0.9955062,0,0.09469664
saccade,0.2126,0.03744467,0.04074371,-0.05567108,-0.09455406,0.005587659,-0.009565053,-0.9954581,-0.009315731,-0.1883561,0.9820566,0.1030957,0.03977191,-0.05166481,-0.04668374,0.07474916,-0.005965413,-0.9960912,-0.148357,-0.09389434,0.9844664,0.14,1.811587,3.74,0,-0.6727939,0,0.73983,-0.9955062,0,0.09469664
saccade,0.2240,0.03747138,0.04075193,-0.05563704,-0.09464938,0.005482011,-0.009485357,-0.9954504,-0.009118573,-0.1885415,0.9820229,0.1031225,0.03976905,-0.05163574,-0.04674441,0.07471652,-0.005879642,-0.9960913,-0.1482993,-0.09400202,0.9844648,0.14,1.811587,3.74,0,-0.6727939,0,0.73983,-0.9955062,0,0.09469664
saccade,0.2347,0.03750657,0.04075742,-0.05560609,-0.09479129,0.005399633,-0.009470648,-0.9954376,-0.008954526,-0.1888199,0.9819709,0.1031584,0.03977275,-0.05161618,-0.04688569,0.07463328,-0.00585917,-0.996091,-0.1481337,-0.09427941,0.9844632,0.14,1.811587,3.74,0,-0.6727939,0,0.73983,-0.9955062,0,0.09469664
saccade,0.2462,0.03752488,0.04075241,-0.05559769,-0.0948836,0.005377721,-0.009478463,-0.9954287,-0.008907573,-0.1890016,0.9819364,0.1031769,0.03976834,-0.05161085,-0.04724981,0.07451095,-0.005873655,-0.9960829,-0.1478831,-0.09500476,0.9844311,0.14,1.811587,3.74,0,-0.6727939,0,0.73983,-0.9955062,0,0.09469664
saccade,0.2572,0.03756094,0.04075432,-0.05564078,-0.09495541,0.005332524,-0.009574358,-0.9954212,-0.008797941,-0.1891434,0.98191,0.1032134,0.03978288,-0.05165887,-0.04732847,0.07447025,-0.005966431,-0.9960817,-0.1477921,-0.09517469,0.9844284,0.14,1.811587,3.74,0,-0.6727939,0,0.73983,-0.9955062,0,0.09469664
saccade,0.2683,0.0375835,0.04073834,-0.0556146,-0.09497547,0.005094465,-0.0096191,-0.9954202,-0.008315109,-0.189179,0.9819074,0.1032368,0.03977323,-0.051645,-0.04738168,0.07437553,-0.006009115,-0.9960859,-0.1475994,-0.0952863,0.9844465,0.14,1.811587,3.74,0,-0.6727939,0,0.73983,-0.9955062,0,0.09469664
saccade,0.2795,0.03760099,0.04073679,-0.05560644,-0.095027,0.005059408,-0.009622137,-0.9954153,-0.0082437,-0.18928,0.9818885,0.1032546,0.03977203,-0.05164154,-0.04744299,0.07434361,-0.006010486,-0.9960854,-0.1475348,-0.09540822,0.9844444,0.14,1.811587,3.74,0,-0.6727939,0,0.73983,-0.9955062,0,0.09469664
saccade,0.2905,0.03762824,0.04073822,-0.05562182,-0.09499778,0.00497316,-0.009621112,-0.9954186,-0.008072784,-0.1892208,0.9819014,0.1032826,0.03977466,-0.05166811,-0.04741392,0.07425775,-0.006015637,-0.9960932,-0.1473648,-0.09535076,0.9844754,0.14,1.811587,3.74,0,-0.6727939,0,0.73983,-0.9955062,0,0.09469664
saccade,0.3015,0.03766181,0.04073954,-0.05563458,-0.09432031,0.001878068,-0.009688101,-0.995493,-0.001911638,-0.1878268,0.9822003,0.1033164,0.03977633,-0.05168492,-0.04741339,0.07422688,-0.006017017,-0.9960955,-0.1473035,-0.09534977,0.9844847,0.14,1.811587,3.74,0,-0.6727939,0,0.73983,-0.9955062,0,0.09469664
saccade,0.3130,0.03764581,0.0407567,-0.05562569,-0.09419461,0.001795583,-0.009592122,-0.995506,-0.001767974,-0.1875771,0.9822483,0.1033009,0.039783,-0.0516876,-0.04934585,0.06731486,-0.006203684,-0.9964915,-0.1335451,-0.09918064,0.9860674,0.14,1.811587,3.74,0,-0.6727939,0,0.73983,-0.9955062,0,0.09469664
saccade,0.3238,0.03763665,0.04075813,-0.05562171,-0.09415354,0.001786493,-0.009533713,-0.9955105,-0.001761679,-0.1874957,0.9822639,0.1032918,0.03977716,-0.0516854,-0.04930093,0.06730331,-0.006148557,-0.9964949,-0.1335286,-0.09908389,0.9860793,0.14,1.811587,3.74,0,-0.6727939,0,0.73983,-0.9955062,0,0.09469664
saccade,0.3347,0.0376217,0.04075241,-0.05563564,-0.09557195,-0.03879597,-0.01081196,-0.9946075,0.07924017,-0.1892742,0.9787217,0.1032762,0.03977895,-0.05168779,-0.04921285,0.06738643,-0.006210522,-0.9964932,-0.133689,-0.09891755,0.9860743,0.14,1.811587,3.74,0,-0.6727939,0,0.73983,-0.9955062,0,0.09469664
saccade,0.3460,0.03759469,0.04073107,-0.05565184,-0.09542242,-0.03875462,-0.01094416,-0.994622,0.07918104,-0.1889702,0.9787853,0.103249,0.03977633,-0.05169636,-0.06181328,0.03232399,-0.007797363,-0.9975337,-0.06352457,-0.1238257,0.9902685,0.14,1.811587,3.74,0,-0.6727939,0,0.73983,-0.9955062,0,0.09469664
saccade,0.3570,0.03756461,0.04071522,-0.0556694,-0.09543929,-0.03859956,-0.01104237,-0.9946253,0.07889195,-0.1890002,0.9788029,0.1032178,0.03977096,-0.05169249,-0.06183656,0.03248221,-0.007888763,-0.9975264,-0.0638281,-0.1238797,0.9902423,0.14,1.811587,3.74,0,-0.6727939,0,0.73983,-0.9955062,0,0.09469664
saccade,0.3683,0.03753856,0.04069984,-0.05568349,-0.09391214,-0.06697261,-0.01190254,-0.993254,0.1352772,-0.1849629,0.9733903,0.1031913,0.03976882,-0.05169532,-0.06178176,0.03256047,-0.007992847,-0.9975264,-0.06397223,-0.1237784,0.9902456,0.14,1.811587,3.74,0,-0.6727939,0,0.73983,-0.9955062,0,0.09469664
saccade,0.3795,0.03753557,0.04067397,-0.05569679,-0.09389797,-0.06689215,-0.01194921,-0.9932602,0.1351266,-0.1849316,0.9734172,0.1031877,0.03974831,-0.05169746,-0.06891828,0.008323545,-0.008977244,-0.9975472,-0.01536887,-0.1376479,0.990362,0.14,1.811587,3.74,0,-0.6727939,0,0.73983,-0.9955062,0,0.09469664
saccade,0.3904,0.03750512,0.04064751,-0.05570508,-0.09379134,-0.06684424,-0.01191589,-0.9932739,0.1350245,-0.184728,0.9734701,0.1031568,0.03971863,-0.05169942,-0.068809,0.008371213,-0.008950816,-0.9975546,-0.01546969,-0.1374313,0.9903905,0.14,1.811587,3.74,0,-0.6727939,0,0.73983,-0.9955062,0,0.09469664
saccade,0.4049,0.03750223,0.04065013,-0.05571219,-0.09520812,-0.0695081,-0.01205517,-0.9929545,0.1403323,-0.1873988,0.9722081,0.1031536,0.03972113,-0.05170123,-0.06894517,0.008414133,-0.008959764,-0.9975448,-0.01555148,-0.1377026,0.9903516,0.14,1.811587,3.74,0,-0.6727939,0,0.73983,-0.9955062,0,0.09469664
saccade,0.4152,0.03752106,0.04065955,-0.05569946,-0.0953123,-0.0695353,-0.01202081,-0.992943,0.1403806,-0.1876076,0.9721608,0.1031726,0.03972471,-0.05169294,-0.07131389,0.006466477,-0.009049149,-0.9973919,-0.01160856,-0.1423728,0.989745,0.14,1.811587,3.74,0,-0.6727939,0,0.73983,-0.9955062,0,0.09469664
saccade,0.4263,0.03751447,0.04065883,-0.0557024,-0.09694414,-0.07345131,-0.01212763,-0.9925017,0.1481525,-0.1906529,0.9704135,0.1031657,0.03971529,-0.05169271,-0.07135146,0.006495996,-0.008987453,-0.9973896,-0.01167554,-0.1424472,0.9897335,0.14,1.811587,3.74,0,-0.6727939,0,0.73983,-0.9955062,0,0.09469664
saccade,0.4375,0.03750957,0.04064775,-0.05570745,-0.09696461,-0.07343075,-0.01217906,-0.9925007,0.148122,-0.1906862,0.9704116,0.1031607,0.03971028,-0.05169451,-0.07137591,0.006517814,-0.009036512,-0.9973873,-0.01171159,-0.1424966,0.989726,0.14,1.811587,3.74,0,-0.6727939,0,0.73983,-0.9955062,0,0.09469664
saccade,0.4488,0.03750862,0.04063058,-0.05570748,-0.09703005,-0.07341953,-0.01231062,-0.9924935,0.1481258,-0.1907957,0.9703895,0.1031598,0.03970897,-0.05169172,-0.07082441,0.004982712,-0.009186048,-0.9974341,-0.008638661,-0.1413769,0.9899182,0.14,1.811587,3.74,0,-0.6727939,0,0.73983,-0.9955062,0,0.09469664
saccade,0.4600,0.03750903,0.04062748,-0.0557069,-0.09747043,-0.07471343,-0.01234344,-0.9923533,0.1506905,-0.1916058,0.9698349,0.10316,0.03970313,-0.0516881,-0.07081158,0.005006964,-0.009166645,-0.997435,-0.008690033,-0.1413517,0.9899213,0.14,1.811587,3.74,0,-0.6727939,0,0.73983,-0.9955062,0,0.09469664
saccade,0.4710,0.0375049,0.04063106,-0.05569942,-0.09748279,-0.07468206,-0.0122706,-0.9923554,0.1506146,-0.1916424,0.9698394,0.1031555,0.03969669,-0.05167748,-0.07003559,0.003753124,-0.009103224,-0.9974959,-0.006212353,-0.1397888,0.9901618,0.14,1.811587,3.74,0,-0.6727939,0,0.73983,-0.9955062,0,0.09469664
saccade,0.4822,0.03750588,0.04064143,-0.0556911,-0.0974331,-0.07469034,-0.01219063,-0.9923607,0.1506151,-0.1915565,0.9698563,0.1031565,0.03969765,-0.05167102,-0.06997969,0.003742889,-0.009027665,-0.9975005,-0.006203561,-0.1396771,0.9901777,0.14,1.811587,3.74,0,-0.6727939,0,0.73983,-0.9955062,0,0.09469664
saccade,0.4927,0.03751013,0.04060793,-0.05569242,-0.0979872,-0.07642064,-0.01217577,-0.9921745,0.1540314,-0.1925799,0.9691168,0.103161,0.03965449,-0.05167887,-0.06994641,0.003697775,-0.008949288,-0.9975038,-0.006125148,-0.1396098,0.9901876,0.14,1.811587,3.74,0,-0.6727939,0,0.73983,-0.9955062,0,0.09469664
saccade,0.5039,0.03750933,0.04060113,-0.05569193,-0.09799794,-0.07646281,-0.01204285,-0.9921718,0.1540888,-0.1926199,0.9690997,0.1031604,0.03963089,-0.05168563,-0.06994669,0.003651697,-0.008817212,-0.9975051,-0.006051704,-0.1396088,0.9901882,0.14,1.811587,3.74,0,-0.6727939,0,0.73983,-0.9955062,0,0.09469664
saccade,0.5155,0.03750573,0.04059303,-0.05569302,-0.09796872,-0.0764517,-0.01199538,-0.9921761,0.1540574,-0.1925703,0.9691145,0.1031566,0.03961694,-0.05168573,-0.07094224,0.003340801,-0.00881553,-0.9974359,-0.005413684,-0.1415796,0.9899121,0.14,1.811587,3.74,0,-0.6727939,0,0.73983,-0.9955062,0,0.09469664
saccade,0.5263,0.03749605,0.0405767,-0.05570107,-0.09881102,-0.0775875,-0.01211547,-0.992003,0.1563284,-0.1941616,0.9684331,0.1031471,0.039608,-0.05169508,-0.07099348,0.003327882,-0.008873892,-0.9974318,-0.005378693,-0.1416814,0.9898977,0.14,1.811587,3.74,0,-0.6727939,0,0.73983,-0.9955062,0,0.09469664
saccade,0.5375,0.03749191,0.04053617,-0.05570066,-0.09885013,-0.07754481,-0.01218629,-0.9920015,0.1562584,-0.194229,0.9684309,0.1031427,0.03957546,-0.05168837,-0.07105494,0.002793126,-0.008957382,-0.9974283,-0.004298953,-0.1417945,0.9898868,0.14,1.811587,3.74,0,-0.6727939,0,0.73983,-0.9955062,0,0.09469664
saccade,0.5485,0.03748224,0.04052019,-0.05570015,-0.09887929,-0.07750401,-0.01226449,-0.9920008,0.1561935,-0.1942756,0.968432,0.1031328,0.03956854,-0.05168165,-0.07109018,0.002836036,-0.009031781,-0.997425,-0.004373324,-0.1418655,0.9898763,0.14,1.811587,3.74,0,-0.6727939,0,0.73983,-0.9955062,0,0.09469664
saccade,0.5601,0.03747431,0.04050481,-0.05570445,-0.09914766,-0.07875211,-0.01242863,-0.9918737,0.1586888,-0.1947263,0.9679357,0.1031248,0.03956759,-0.05168136,-0.07114462,0.002864082,-0.009147486,-0.99742,-0.004411795,-0.1419745,0.9898605,0.14,1.811587,3.74,0,-0.6727939,0,0.73983,-0.9955062,0,0.09469664
saccade,0.5710,0.03747291,0.04048073,-0.05570501,-0.0991444,-0.0787584,-0.0124868,-0.9918727,0.1587126,-0.1947104,0.967935,0.1031235,0.03955114,-0.05168199,-0.07114613,0.002859418,-0.009205882,-0.9974194,-0.004394151,-0.1419777,0.9898601,0.14,1.811587,3.74,0,-0.6727939,0,0.73983,-0.9955062,0,0.09469664
saccade,0.5818,0.03747135,0.04047,-0.05570711,-0.09919644,-0.07876278,-0.01251452,-0.9918669,0.1587272,-0.194808,0.967913,0.103122,0.03954327,-0.05168454,-0.07122429,0.002040111,-0.009253888,-0.9974154,-0.002751472,-0.1421182,0.9898459,0.14,1.811587,3.74,0,-0.6727939,0,0.73983,-0.9955062,0,0.09469664
saccade,0.5930,0.03746478,0.04045689,-0.05571376,-0.09985653,-0.07983205,-0.01259058,-0.9917142,0.1608556,-0.196048,0.967311,0.103116,0.03953373,-0.05169915,-0.07125399,0.001978226,-0.009279694,-0.9974131,-0.002623787,-0.142176,0.9898379,0.14,1.811587,3.74,0,-0.6727939,0,0.73983,-0.9955062,0,0.09469664
saccade,0.6040,0.03745724,0.04044986,-0.05571642,-0.09987332,-0.07986241,-0.01254838,-0.9917106,0.1609073,-0.1960866,0.9672946,0.1031087,0.03952134,-0.05170641,-0.07126744,0.001946475,-0.009237172,-0.9974126,-0.002566259,-0.142202,0.9898343,0.14,1.811587,3.74,0,-0.6727939,0,0.73983,-0.9955062,0,0.09469664
saccade,0.6156,0.03747217,0.04045618,-0.05571982,-0.0998664,-0.07982991,-0.01253579,-0.9917141,0.1608407,-0.1960764,0.9673077,0.1031233,0.03952575,-0.05170567,-0.07125854,0.001631435,-0.009234322,-0.9974138,-0.001938383,-0.1421786,0.9898391,0.14,1.811587,3.74,0,-0.6727939,0,0.73983,-0.9955062,0,0.09469664
saccade,0.6268,0.03748039,0.04047239,-0.05571701,-0.1003706,-0.08072256,-0.01265856,-0.9915894,0.1626284,-0.1970092,0.9668192,0.1031313,0.03955245,-0.05169608,-0.07120805,0.001676235,-0.0093149,-0.9974166,-0.002017218,-0.1420794,0.9898532,0.14,1.811587,3.74,0,-0.6727939,0,0.73983,-0.9955062,0,0.09469664
saccade,0.6379,0.0374778,0.04048276,-0.05571899,-0.1002833,-0.08070466,-0.01258005,-0.9916006,0.1625767,-0.1968515,0.96686,0.1031284,0.03955412,-0.05169633,-0.07111426,0.001692396,-0.00924335,-0.9974239,-0.002061404,-0.1418934,0.9898798,0.14,1.811587,3.74,0,-0.6727939,0,0.73983,-0.9955062,0,0.09469664
saccade,0.6491,0.03747562,0.04049361,-0.05572051,-0.1001699,-0.08074811,-0.01257163,-0.9916087,0.1626596,-0.1966284,0.9668915,0.103877,0.03930116,-0.05155328,-0.07156246,0.0009985082,-0.00928317,-0.9973924,-0.0006631559,-0.1427702,0.9897556,0.14,1.811587,3.74,0,-0.6727939,0,0.73983,-0.9955062,0,0.09469664
saccade,0.6601,0.0375093,0.04048145,-0.05572736,-0.1006732,-0.0819933,-0.0125733,-0.9914555,0.165117,-0.1975641,0.966284,0.10391,0.03928006,-0.05155167,-0.07163436,0.00106857,-0.009225121,-0.9973878,-0.0008098857,-0.1429142,0.9897348,0.14,1.811587,3.74,0,-0.6727939,0,0.73983,-0.9955062,0,0.09469664
saccade,0.6713,0.03751587,0.04048574,-0.055736,-0.1007093,-0.08193991,-0.01253138,-0.9914567,0.1650038,-0.1976443,0.966287,0.1039161,0.03927755,-0.05155396,-0.07166676,0.001120672,-0.00917876,-0.9973858,-0.00091986,-0.1429794,0.9897252,0.14,1.811587,3.74,0,-0.6727939,0,0.73983,-0.9955062,0,0.09469664
saccade,0.6820,0.03752295,0.04048562,-0.05574705,-0.1006805,-0.08198234,-0.01248995,-0.9914567,0.1650789,-0.1975928,0.9662846,0.1039235,0.03927314,-0.05157103,-0.07190214,0.000220485,-0.009174888,-0.9973695,0.0008795781,-0.1434301,0.9896601,0.14,1.811587,3.74,0,-0.6727939,0,0.73983,-0.9955062,0,0.09469664
saccade,0.6933,0.03754002,0.04046965,-0.05573321,-0.1000624,-0.08305891,-0.01241865,-0.9914306,0.1671796,-0.1963469,0.9661775,0.10394,0.03924775,-0.05155098,-0.07175013,0.0002686717,-0.009098375,-0.9973812,0.000769683,-0.1431293,0.9897037,0.14,1.811587,3.74,0,-0.6727939,0,0.73983,-0.9955062,0,0.09469664
saccade,0.7041,0.03754716,0.04046869,-0.05573592,-0.1001382,-0.08310441,-0.01243404,-0.9914189,0.1672728,-0.1964911,0.966132,0.1039475,0.03924799,-0.05155992,-0.07182733,0.0002230331,-0.009108715,-0.9973755,0.0008636137,-0.1432817,0.9896815,0.14,1.811587,3.74,0,-0.6727939,0,0.73983,-0.9955062,0,0.09469664
saccade,0.7154,0.03755253,0.04046774,-0.05574476,-0.1001173,-0.08316272,-0.01240601,-0.9914165,0.1673819,-0.1964525,0.966121,0.1039534,0.03924453,-0.05157674,-0.07193956,1.473352E-05,-0.009093053,-0.9973676,0.001278911,-0.1435006,0.9896494,0.14,1.811587,3.74,0,-0.6727939,0,0.73983,-0.9955062,0,0.09469664
saccade,0.7264,0.03755436,0.04045165,-0.05573935,-0.1001408,-0.0832083,-0.01239789,-0.9914104,0.1674702,-0.196498,0.9660964,0.1039556,0.0392276,-0.0515776,-0.07196251,-3.134087E-05,-0.00908434,-0.997366,0.00136998,-0.1435453,0.9896428,0.14,1.811587,3.74,0,-0.6727939,0,0.73983,-0.9955062,0,0.09469664
saccade,0.7377,0.03755193,0.04042804,-0.05573167,-0.1003061,-0.08353682,-0.0123586,-0.9913666,0.1681105,-0.1968154,0.9659206,0.1039534,0.03919721,-0.05157648,-0.07198139,-7.653236E-05,-0.009031814,-0.9973651,0.001452907,-0.1435821,0.9896374,0.14,1.811587,3.74,0,-0.6727939,0,0.73983,-0.9955062,0,0.09469664
saccade,0.7491,0.03755692,0.04041088,-0.05573295,-0.1003584,-0.08355036,-0.01239488,-0.9913597,0.1681448,-0.1969114,0.9658951,0.1039586,0.03918397,-0.05157936,-0.07246801,-0.0006545968,-0.009094695,-0.9973291,0.002623846,-0.144537,0.9894959,0.14,1.811587,3.74,0,-0.6727939,0,0.73983,-0.9955062,0,0.09469664
saccade,0.7599,0.03755788,0.04039991,-0.05573533,-0.1001314,-0.08390424,-0.01240474,-0.9913526,0.1688416,-0.1964495,0.9658675,0.1039597,0.03917396,-0.05158389,-0.07249202,-0.0006706975,-0.009101765,-0.9973273,0.00265742,-0.1445843,0.9894889,0.14,1.811587,3.74,0,-0.6727939,0,0.73983,-0.9955062,0,0.09469664
saccade,0.7710,0.03755997,0.04037714,-0.05574205,-0.1001317,-0.08399573,-0.01239822,-0.9913449,0.1690204,-0.1964472,0.9658368,0.1039625,0.03915167,-0.05160283,-0.07249218,-0.0007626563,-0.009097864,-0.9973273,0.002840284,-0.144583,0.9894886,0.14,1.811587,3.74,0,-0.6727939,0,0.73983,-0.9955062,0,0.09469664
saccade,0.7819,0.0375733,0.04034638,-0.05573052,-0.1001869,-0.08395084,-0.01244351,-0.9913425,0.1689414,-0.1965498,0.9658297,0.1039756,0.03912508,-0.05158504,-0.07223354,-0.002754968,-0.009185601,-0.9973416,0.006822305,-0.1440324,0.9895495,0.14,1.811587,3.74,0,-0.6727939,0,0.73983,-0.9955062,0,0.09469664
saccade,0.7936,0.03757057,0.04033399,-0.0557366,-0.09923461,-0.08425698,-0.01239881,-0.9914129,0.1695277,-0.1946756,0.9661065,0.1039731,0.03911018,-0.0515956,-0.07224463,-0.002786938,-0.009164941,-0.997341,0.006883291,-0.144054,0.9895459,0.14,1.811587,3.74,0,-0.6727939,0,0.73983,-0.9955062,0,0.09469664
saccade,0.8042,0.03756801,0.04032552,-0.05574307,-0.09922362,-0.08425699,-0.01245295,-0.9914134,0.1695383,-0.1946447,0.9661109,0.1039706,0.03910899,-0.05160131,-0.07046032,-0.006577775,-0.009270519,-0.9974499,0.01442841,-0.1404393,0.9899842,0.14,1.811587,3.74,0,-0.6727939,0,0.73983,-0.9955062,0,0.09469664
saccade,0.8157,0.03759067,0.04032636,-0.05573767,-0.09922992,-0.0842448,-0.01244177,-0.9914139,0.1695121,-0.1946595,0.9661125,0.1039931,0.03910816,-0.05159448,-0.07046568,-0.006565906,-0.00925852,-0.9974496,0.01440314,-0.1404504,0.989983,0.14,1.811587,3.74,0,-0.6727939,0,0.73983,-0.9955062,0,0.09469664
saccade,0.8269,0.03759158,0.04032552,-0.05574966,-0.0992886,-0.08424558,-0.01248502,-0.9914074,0.1695226,-0.1947673,0.9660889,0.1039941,0.03911185,-0.05160632,-0.07052771,-0.006565783,-0.009297092,-0.9974449,0.01440942,-0.1405729,0.9899654,0.14,1.811587,3.74,0,-0.6727939,0,0.73983,-0.9955062,0,0.09469664
saccade,0.8377,0.03758397,0.04030716,-0.05575505,-0.0991623,-0.08440438,-0.01253632,-0.9914059,0.1698443,-0.1945039,0.9660855,0.1039858,0.03909862,-0.05159901,-0.06929176,-0.008246553,-0.009353546,-0.9975185,0.01774843,-0.1380854,0.9902613,0.14,1.811587,3.74,0,-0.6727939,0,0.73983,-0.9955062,0,0.09469664
saccade,0.8490,0.03757457,0.04028988,-0.0557457,-0.09922202,-0.08440892,-0.01255769,-0.9913993,0.1698579,-0.1946173,0.9660603,0.1039765,0.03908312,-0.05159031,-0.0693531,-0.008250818,-0.009370432,-0.9975141,0.01776035,-0.1382068,0.9902442,0.14,1.811587,3.74,0,-0.6727939,0,0.73983,-0.9955062,0,0.09469664
saccade,0.8598,0.03756478,0.04027569,-0.05572908,-0.09925099,-0.08435366,-0.01256317,-0.991401,0.1697504,-0.1946756,0.9660674,0.1039662,0.03906834,-0.05156644,-0.06938226,-0.008195397,-0.009371996,-0.9975125,0.01765052,-0.1382657,0.9902379,0.14,1.811587,3.74,0,-0.6727939,0,0.73983,-0.9955062,0,0.09469664
saccade,0.8711,0.03756081,0.04026389,-0.05574217,-0.09872923,-0.08479708,-0.01251317,-0.9914159,0.1706092,-0.1936413,0.966124,0.1039614,0.03904581,-0.05156895,-0.06959154,-0.008105401,-0.009312132,-0.9974992,0.01746635,-0.138684,0.9901826,0.14,1.811587,3.74,0,-0.6727939,0,0.73983,-0.9955062,0,0.09469664
saccade,0.8822,0.03755781,0.0402602,-0.05575077,-0.09862183,-0.08481754,-0.0125511,-0.9914244,0.170656,-0.1934231,0.9661595,0.1039586,0.03904951,-0.05157921,-0.06915092,-0.009548641,-0.00938912,-0.9975163,0.02034838,-0.137779,0.9902539,0.14,1.811587,3.74,0,-0.6727939,0,0.73983,-0.9955062,0,0.09469664
saccade,0.8929,0.0375436,0.04022551,-0.05573449,-0.0986717,-0.08478647,-0.01249775,-0.9914227,0.1705848,-0.1935314,0.9661503,0.1039441,0.03900647,-0.05155975,-0.0691966,-0.009519327,-0.009331251,-0.9975139,0.0202827,-0.1378715,0.9902424,0.14,1.811587,3.74,0,-0.6727939,0,0.73983,-0.9955062,0,0.09469664
saccade,0.9041,0.03753708,0.04021728,-0.05574184,-0.09774718,-0.08517067,-0.01241945,-0.9914824,0.1713184,-0.1917137,0.9663829,0.1039372,0.03898966,-0.05156364,-0.06921264,-0.009488557,-0.009270147,-0.9975138,0.02021316,-0.1379052,0.9902391,0.14,1.811587,3.74,0,-0.6727939,0,0.73983,-0.9955062,0,0.09469664
saccade,0.9153,0.03754205,0.04021513,-0.0557552,-0.09773672,-0.08519766,-0.01239943,-0.9914813,0.1713675,-0.1916955,0.9663778,0.1039423,0.03898549,-0.05158078,-0.06884057,-0.009885661,-0.009250506,-0.9975358,0.02099622,-0.137159,0.9903265,0.14,1.811587,3.74,0,-0.6727939,0,0.73983,-0.9955062,0,0.09469664
saccade,0.9268,0.03754694,0.04021311,-0.05576669,-0.09771739,-0.08519699,-0.01245801,-0.9914826,0.1713774,-0.1916474,0.9663855,0.1039473,0.03899145,-0.05159134,-0.06882565,-0.009883199,-0.00931033,-0.9975364,0.02099928,-0.1371282,0.9903307,0.14,1.811587,3.74,0,-0.6727939,0,0.73983,-0.9955062,0,0.09469664
saccade,0.9379,0.03753538,0.04021418,-0.05573133,-0.09740455,-0.08569679,-0.0124286,-0.9914706,0.1723529,-0.1910173,0.9663368,0.103936,0.03898776,-0.05156128,-0.0688869,-0.009919051,-0.009276419,-0.9975321,0.02106719,-0.1372498,0.9903124,0.14,1.811587,3.74,0,-0.6727939,0,0.73983,-0.9955062,0,0.09469664
saccade,1.0288,0.03754078,0.04020786,-0.05574243,-0.09739981,-0.0857695,-0.01243141,-0.9914647,0.1724965,-0.1910045,0.9663137,0.103942,0.03898287,-0.05158196,-0.06813432,-0.01142881,-0.009298766,-0.9975674,0.02406915,-0.1357246,0.9904542,0.14,1.811587,3.74,0,-0.6727939,0,0.73983,-0.9955062,0,0.09469664
saccade,1.0431,0.0375505,0.04019845,-0.05574881,-0.09662759,-0.08684291,-0.01248766,-0.9914462,0.1746134,-0.1894332,0.9662428,0.1039522,0.0389812,-0.05159358,-0.06682698,-0.01258948,-0.009342417,-0.9976414,0.02636822,-0.1331035,0.9907513,0.14,1.811587,3.74,0,-0.6727939,0,0.73983,-0.9955062,0,0.09469664
saccade,1.0513,0.03764224,0.04009843,-0.05571321,-0.09661854,-0.08673568,-0.0127731,-0.9914528,0.1744569,-0.1893697,0.9662836,0.1040435,0.03891742,-0.05154014,-0.06631023,-0.01482157,-0.009675328,-0.9976421,0.03085639,-0.132021,0.9907665,0.14,1.811587,3.74,0,-0.6727939,0,0.73983,-0.9955062,0,0.09469664
saccade,1.0580,0.03764224,0.04009843,-0.05571321,-0.09661854,-0.08673568,-0.0127731,-0.9914528,0.1744569,-0.1893697,0.9662836,0.1040435,0.03891742,-0.05154014,-0.06631023,-0.01482157,-0.009675328,-0.9976421,0.03085639,-0.132021,0.9907665,0.14,1.811587,3.74,0,-0.6727939,0,0.73983,-0.9955062,0,0.09469664
saccade,1.0649,0.03767373,0.04008996,-0.05569847,-0.09354318,-0.09368465,-0.01261118,-0.9911175,0.1880644,-0.1830616,0.9649457,0.1040744,0.03887415,-0.05152572,-0.06632153,-0.01480644,-0.009414406,-0.9976441,0.03079188,-0.1320518,0.9907644,0.14,1.811587,3.74,0,-0.6727939,0,0.73983,-0.9955062,0,0.09469664
saccade,1.0721,0.03768233,0.04009688,-0.0556904,-0.09348282,-0.09366802,-0.01251248,-0.991126,0.188013,-0.1829625,0.9649745,0.1040827,0.03886914,-0.05151632,-0.06643437,-0.04657216,-0.01025062,-0.9966506,0.09419434,-0.1314689,0.986835,0.14,1.811587,3.74,0,-0.6727939,0,0.73983,-0.9955062,0,0.09469664
saccade,1.0821,0.03769919,0.0401299,-0.05567977,-0.09365577,-0.09375626,-0.01228728,-0.9911041,0.188146,-0.1833412,0.9648767,0.1040999,0.03887022,-0.05152104,-0.06659701,-0.04666761,-0.01002007,-0.9966376,0.09435601,-0.131811,0.986774,0.14,1.811587,3.74,0,-0.6727939,0,0.73983,-0.9955062,0,0.09469664
saccade,1.0931,0.03773364,0.04017222,-0.05563401,-0.09359069,-0.09385515,-0.01215939,-0.9911025,0.1883162,-0.1832335,0.964864,0.104135,0.03889847,-0.0514896,-0.06652601,-0.04676994,-0.00989818,-0.9966388,0.09454245,-0.1316789,0.9867737,0.14,1.811587,3.74,0,-0.6727939,0,0.73983,-0.9955062,0,0.09469664
saccade,1.1043,0.03776561,0.04019487,-0.05562778,-0.08439997,-0.1318233,-0.012952,-0.9875888,0.2625606,-0.1632902,0.9509985,0.1041674,0.03892481,-0.05148894,-0.06644852,-0.04681554,-0.009915159,-0.9966417,0.09463432,-0.1315224,0.9867858,0.14,1.811587,3.74,0,-0.6727939,0,0.73983,-0.9955062,0,0.09469664
saccade,1.1151,0.03777669,0.04020238,-0.05563419,-0.08431608,-0.1317917,-0.01299997,-0.9875995,0.2625071,-0.1631145,0.9510435,0.1041783,0.03894031,-0.05149015,-0.06636877,-0.04678243,-0.009969495,-0.996648,0.09457455,-0.1313598,0.9868132,0.14,1.811587,3.74,0,-0.6727939,0,0.73983,-0.9955062,0,0.09469664
saccade,1.1265,0.0377834,0.04021382,-0.05564164,-0.08427212,-0.1318829,-0.01303752,-0.9875906,0.26269,-0.1630138,0.9510102,0.1041858,0.03895891,-0.05150912,-0.06791045,-0.08560579,-0.01117786,-0.9939492,0.1716938,-0.1330853,0.9761196,0.14,1.811587,3.74,0,-0.6727939,0,0.73983,-0.9955062,0,0.09469664
saccade,1.1378,0.03779112,0.04022443,-0.05559637,-0.07421019,-0.1640694,-0.01370238,-0.9835581,0.3247773,-0.1414838,0.9351482,0.1041944,0.03897941,-0.05147417,-0.0680306,-0.08568487,-0.01126614,-0.9939331,0.1718629,-0.1333051,0.9760599,0.14,1.811587,3.74,0,-0.6727939,0,0.73983,-0.9955062,0,0.09469664
saccade,1.1492,0.03780832,0.04021823,-0.05562335,-0.07405818,-0.1641358,-0.01380663,-0.9835569,0.3249188,-0.1411486,0.9351496,0.1042124,0.03899181,-0.05150823,-0.06788744,-0.08575073,-0.01138255,-0.9939359,0.1720069,-0.1329994,0.9760762,0.14,1.811587,3.74,0,-0.6727939,0,0.73983,-0.9955062,0,0.09469664
saccade,1.1600,0.03781719,0.04022908,-0.05563641,-0.07411417,-0.1642316,-0.01373361,-0.9835377,0.3250916,-0.1412772,0.9350702,0.1042219,0.03899264,-0.05153514,-0.0708185,-0.107939,-0.012032,-0.991559,0.2157599,-0.137844,0.9666678,0.14,1.811587,3.74,0,-0.6727939,0,0.73983,-0.9955062,0,0.09469664
saccade,1.1710,0.03781844,0.04025769,-0.0556264,-0.0721298,-0.174215,-0.01383232,-0.9819649,0.3441414,-0.1368383,0.9288929,0.1042239,0.03900754,-0.05154141,-0.07081895,-0.1080536,-0.01191923,-0.9915478,0.2159688,-0.1378649,0.9666182,0.14,1.811587,3.74,0,-0.6727939,0,0.73983,-0.9955062,0,0.09469664
saccade,1.1823,0.03781748,0.04028499,-0.05563144,-0.07207737,-0.1742913,-0.01374661,-0.9819565,0.3442747,-0.1367619,0.9288548,0.1042235,0.03902614,-0.05155716,-0.07234965,-0.1121493,-0.01200361,-0.9909813,0.2240126,-0.1407019,0.9643762,0.14,1.811587,3.74,0,-0.6727939,0,0.73983,-0.9955062,0,0.09469664
saccade,1.1933,0.03781263,0.04032207,-0.0556388,-0.07205705,-0.1742589,-0.01369353,-0.9819645,0.3442056,-0.1367425,0.9288832,0.1042182,0.03905678,-0.05156051,-0.07232594,-0.1121165,-0.0119519,-0.9909874,0.223941,-0.1406682,0.9643977,0.14,1.811587,3.74,0,-0.6727939,0,0.73983,-0.9955062,0,0.09469664
saccade,1.2043,0.03779387,0.0403713,-0.05566239,-0.06966256,-0.1811856,-0.01383602,-0.980881,0.3573707,-0.1316476,0.9246378,0.1041992,0.03911197,-0.05157693,-0.07221396,-0.1120691,-0.01198236,-0.9910005,0.2238517,-0.1404424,0.9644513,0.14,1.811587,3.74,0,-0.6727939,0,0.73983,-0.9955062,0,0.09469664
saccade,1.2156,0.03776347,0.0403676,-0.0556476,-0.06955125,-0.1810457,-0.01389828,-0.9809138,0.3571138,-0.1314151,0.9247701,0.1041677,0.03911853,-0.05154209,-0.07337877,-0.1142724,-0.01216047,-0.9906611,0.2281952,-0.1426078,0.9631147,0.14,1.811587,3.74,0,-0.6727939,0,0.73983,-0.9955062,0,0.09469664
saccade,1.2274,0.03774419,0.04037082,-0.05567173,-0.06945914,-0.18096,-0.01389143,-0.9809363,0.3569502,-0.1312424,0.9248578,0.1041477,0.03912294,-0.05155418,-0.07328616,-0.1141857,-0.01216013,-0.990678,0.2280248,-0.1424289,0.9631816,0.14,1.811587,3.74,0,-0.6727939,0,0.73983,-0.9955062,0,0.09469664
saccade,1.2377,0.03771274,0.04035795,-0.0557097,-0.06995276,-0.1842734,-0.01411777,-0.9802809,0.3632546,-0.1319436,0.9222999,0.1041158,0.0391252,-0.0515798,-0.07326562,-0.1141021,-0.01227744,-0.9906877,0.227878,-0.1423649,0.9632257,0.14,1.811587,3.74,0,-0.6727939,0,0.73983,-0.9955062,0,0.09469664
saccade,1.2488,0.03768414,0.04033756,-0.05574226,-0.06994596,-0.1842332,-0.01416659,-0.9802883,0.3631852,-0.1319145,0.9223313,0.1040869,0.0391109,-0.05160649,-0.07362944,-0.1160292,-0.01239405,-0.9904354,0.2316639,-0.1429743,0.9622319,0.14,1.811587,3.74,0,-0.6727939,0,0.73983,-0.9955062,0,0.09469664
saccade,1.2601,0.03766331,0.04034734,-0.05571789,-0.07000913,-0.1841764,-0.01423024,-0.9802935,0.3630863,-0.1320173,0.9223556,0.1040657,0.03912616,-0.0515743,-0.07369666,-0.115972,-0.01245334,-0.9904364,0.2315613,-0.1430952,0.9622386,0.14,1.811587,3.74,0,-0.6727939,0,0.73983,-0.9955062,0,0.09469664
saccade,1.2713,0.03764077,0.04033458,-0.05573498,-0.07034721,-0.1868913,-0.01438563,-0.9797531,0.3682386,-0.1324687,0.9202458,0.1040425,0.03911912,-0.05157905,-0.0737742,-0.1158808,-0.01251728,-0.9904405,0.231393,-0.1432369,0.962258,0.14,1.811587,3.74,0,-0.6727939,0,0.73983,-0.9955062,0,0.09469664
saccade,1.2819,0.03761909,0.04033208,-0.05575256,-0.07036438,-0.1868627,-0.01436623,-0.9797575,0.368182,-0.132511,0.9202623,0.1040205,0.03911328,-0.05159304,-0.07431296,-0.1167985,-0.01254089,-0.9902921,0.2331932,-0.1442536,0.9616714,0.14,1.811587,3.74,0,-0.6727939,0,0.73983,-0.9955062,0,0.09469664
saccade,1.2934,0.03762814,0.04036832,-0.0557574,-0.07041038,-0.1867703,-0.01434658,-0.9797722,0.368005,-0.1326132,0.9203184,0.1040287,0.03914452,-0.05158587,-0.07435714,-0.1167051,-0.01251831,-0.9903001,0.2330077,-0.1443499,0.9617019,0.14,1.811587,3.74,0,-0.6727939,0,0.73983,-0.9955062,0,0.09469664
saccade,1.3045,0.03761846,0.04038322,-0.05577346,-0.07053555,-0.1891281,-0.01433275,-0.9793109,0.3724523,-0.132731,0.9185106,0.1040188,0.03915048,-0.05160034,-0.07428503,-0.1166903,-0.01243745,-0.9903083,0.2329665,-0.1442275,0.9617302,0.14,1.811587,3.74,0,-0.6727939,0,0.73983,-0.9955062,0,0.09469664
saccade,1.3157,0.03761981,0.04039073,-0.05578085,-0.07052109,-0.1890363,-0.01437321,-0.9793291,0.3722847,-0.1326926,0.9185841,0.1040194,0.03916276,-0.05159491,-0.07405037,-0.1176524,-0.01250132,-0.9902112,0.2348529,-0.1437094,0.9613489,0.14,1.811587,3.74,0,-0.6727939,0,0.73983,-0.9955062,0,0.09469664
saccade,1.3263,0.03761429,0.04039955,-0.0557894,-0.07048038,-0.1890358,-0.014409,-0.9793316,0.3722886,-0.1325997,0.9185959,0.104014,0.03917754,-0.05160285,-0.07401235,-0.117652,-0.01253996,-0.9902136,0.2348575,-0.1436254,0.9613603,0.14,1.811587,3.74,0,-0.6727939,0,0.73983,-0.9955062,0,0.09469664
saccade,1.3378,0.03761915,0.04041445,-0.05576173,-0.07111431,-0.1915538,-0.01445305,-0.9787958,0.3770397,-0.1336757,0.9164999,0.1040188,0.03918886,-0.05157541,-0.07392776,-0.1176541,-0.01249683,-0.9902202,0.2348546,-0.1434689,0.9613844,0.14,1.811587,3.74,0,-0.6727939,0,0.73983,-0.9955062,0,0.09469664
saccade,1.3488,0.03761923,0.04042637,-0.05576051,-0.07104637,-0.1915242,-0.01437257,-0.9788076,0.376973,-0.1335761,0.9165418,0.1040185,0.03919244,-0.05157048,-0.0738539,-0.1176239,-0.01242173,-0.9902303,0.2347842,-0.1433425,0.9614205,0.14,1.811587,3.74,0,-0.6727939,0,0.73983,-0.9955062,0,0.09469664
saccade,1.3601,0.03763283,0.04042876,-0.055761,-0.07110251,-0.1915693,-0.01435636,-0.978795,0.3770557,-0.1336891,0.9164913,0.1040324,0.03919125,-0.05157753,-0.07381676,-0.1186518,-0.01242566,-0.9901103,0.2367911,-0.1432248,0.9609457,0.14,1.811587,3.74,0,-0.6727939,0,0.73983,-0.9955062,0,0.09469664
saccade,1.3711,0.03765553,0.04040182,-0.05575896,-0.07151878,-0.1935098,-0.01432377,-0.9783833,0.3807023,-0.134402,0.9148781,0.1040553,0.03914881,-0.05158281,-0.07392134,-0.1186953,-0.01232245,-0.9900986,0.2368618,-0.1434536,0.9608942,0.14,1.811587,3.74,0,-0.6727939,0,0.73983,-0.9955062,0,0.09469664
saccade,1.3823,0.03766837,0.04037952,-0.05575467,-0.07156175,-0.1935879,-0.01429496,-0.9783651,0.3808453,-0.1344924,0.9148052,0.1040687,0.0391221,-0.05158959,-0.07396228,-0.1187744,-0.01229033,-0.9900865,0.237012,-0.1435385,0.9608445,0.14,1.811587,3.74,0,-0.6727939,0,0.73983,-0.9955062,0,0.09469664
saccade,1.3935,0.03768514,0.04036534,-0.05575452,-0.07166071,-0.1936534,-0.01426973,-0.9783453,0.380965,-0.1346911,0.9147261,0.104086,0.03910196,-0.05159912,-0.07437138,-0.1197655,-0.01229406,-0.9899364,0.2389492,-0.144301,0.9602502,0.14,1.811587,3.74,0,-0.6727939,0,0.73983,-0.9955062,0,0.09469664
saccade,1.4046,0.03769807,0.0403589,-0.0557581,-0.07103243,-0.1952781,-0.01435646,-0.9780669,0.3840296,-0.1333419,0.9136418,0.1040995,0.03910315,-0.05160956,-0.07441333,-0.1198196,-0.01235629,-0.9899259,0.2390641,-0.1443663,0.9602118,0.14,1.811587,3.74,0,-0.6727939,0,0.73983,-0.9955062,0,0.09469664
saccade,1.4163,0.03771019,0.04036748,-0.05575868,-0.07105976,-0.1952942,-0.01445628,-0.9780602,0.3840735,-0.133355,0.9136214,0.1041119,0.03912389,-0.05161164,-0.07444827,-0.1198363,-0.01245368,-0.98992,0.239111,-0.1444108,0.9601935,0.14,1.811587,3.74,0,-0.6727939,0,0.73983,-0.9955062,0,0.09469664
saccade,1.4268,0.03772594,0.04037809,-0.05576537,-0.07106524,-0.1953135,-0.01451549,-0.9780551,0.3841179,-0.1333413,0.9136047,0.104128,0.03914201,-0.05162046,-0.07478273,-0.1203696,-0.01253756,-0.9898291,0.2401658,-0.145026,0.9598374,0.14,1.811587,3.74,0,-0.6727939,0,0.73983,-0.9955062,0,0.09469664
saccade,1.4379,0.03774016,0.04039931,-0.05576455,-0.07183856,-0.196523,-0.01461458,-0.9777548,0.3864024,-0.1347368,0.9124358,0.1041427,0.03916931,-0.05162567,-0.07477601,-0.1204179,-0.01257886,-0.9898232,0.2402661,-0.1450006,0.9598162,0.14,1.811587,3.74,0,-0.6727939,0,0.73983,-0.9955062,0,0.09469664
saccade,1.4488,0.03775658,0.04041767,-0.05576935,-0.07187807,-0.196585,-0.01459713,-0.9777396,0.3865163,-0.1348169,0.9123757,0.1041596,0.03918469,-0.05163925,-0.07481429,-0.1204807,-0.01255829,-0.9898129,0.2403858,-0.1450782,0.9597744,0.14,1.811587,3.74,0,-0.6727939,0,0.73983,-0.9955062,0,0.09469664
saccade,1.4597,0.03780334,0.04041696,-0.05578257,-0.07184822,-0.1966438,-0.01453091,-0.977731,0.3866175,-0.1347817,0.9123381,0.1042067,0.03917706,-0.0516608,-0.07476413,-0.121226,-0.01251335,-0.9897262,0.2418321,-0.1449582,0.9594292,0.14,1.811587,3.74,0,-0.6727939,0,0.73983,-0.9955062,0,0.09469664
saccade,1.4706,0.03782005,0.04043603,-0.05578765,-0.07181131,-0.1978313,-0.01446723,-0.9774951,0.3888361,-0.1346663,0.9114118,0.1042235,0.03918445,-0.05167052,-0.07475104,-0.1212547,-0.0124192,-0.9897249,0.2418743,-0.1449542,0.9594192,0.14,1.811587,3.74,0,-0.6727939,0,0.73983,-0.9955062,0,0.09469664
saccade,1.4818,0.03783009,0.04046381,-0.05578883,-0.0716938,-0.1978407,-0.01439561,-0.9775029,0.3888439,-0.1344657,0.9114381,0.1042335,0.03920722,-0.05167285,-0.07454678,-0.1219469,-0.01237344,-0.9896559,0.2432157,-0.1445335,0.9591435,0.14,1.811587,3.74,0,-0.6727939,0,0.73983,-0.9955062,0,0.09469664
saccade,1.4928,0.03784051,0.04048657,-0.05576998,-0.0716563,-0.1978741,-0.01433454,-0.9774997,0.388898,-0.1344152,0.9114224,0.1042441,0.03922379,-0.0516588,-0.07450482,-0.1219804,-0.01231538,-0.9896556,0.2432723,-0.1444637,0.9591396,0.14,1.811587,3.74,0,-0.6727939,0,0.73983,-0.9955062,0,0.09469664
saccade,1.5043,0.03785614,0.0405165,-0.05576325,-0.07161564,-0.199072,-0.01434665,-0.9772593,0.3911449,-0.1342621,0.9104831,0.1042597,0.03925264,-0.05165128,-0.07445031,-0.1219754,-0.01229812,-0.9896605,0.2432596,-0.1443609,0.9591583,0.14,1.811587,3.74,0,-0.6727939,0,0.73983,-0.9955062,0,0.09469664
saccade,1.5154,0.03785955,0.04052889,-0.05577075,-0.0716313,-0.1989828,-0.0143393,-0.9772764,0.3909768,-0.1343006,0.9105496,0.1042623,0.03926277,-0.05164687,-0.07415716,-0.1220905,-0.01228531,-0.9896685,0.2434804,-0.1437822,0.9591892,0.14,1.811587,3.74,0,-0.6727939,0,0.73983,-0.9955062,0,0.09469664
saccade,1.5267,0.0378669,0.04055011,-0.05577986,-0.07161216,-0.1989974,-0.01426528,-0.977276,0.3909939,-0.1342922,0.9105434,0.1042697,0.03927529,-0.05165846,-0.07413238,-0.1221051,-0.01221299,-0.9896695,0.2434982,-0.1437506,0.9591895,0.14,1.811587,3.74,0,-0.6727939,0,0.73983,-0.9955062,0,0.09469664
saccade,1.5377,0.03786376,0.04054546,-0.05575214,-0.07160319,-0.199798,-0.01426552,-0.9771132,0.3924934,-0.1342284,0.9099075,0.1042667,0.03927159,-0.05163271,-0.0740162,-0.1221233,-0.01219729,-0.9896761,0.2435307,-0.143525,0.959215,0.14,1.811587,3.74,0,-0.6727939,0,0.73983,-0.9955062,0,0.09469664
saccade,1.5487,0.0378715,0.04057062,-0.05575339,-0.07163733,-0.1997726,-0.01424564,-0.9771162,0.3924431,-0.1343042,0.909918,0.1042741,0.03929269,-0.05163091,-0.07434646,-0.1227313,-0.0122024,-0.989576,0.2447184,-0.1441477,0.9588193,0.14,1.811587,3.74,0,-0.6727939,0,0.73983,-0.9955062,0,0.09469664
saccade,1.5596,0.03787528,0.04058754,-0.05575573,-0.07163094,-0.1997877,-0.01422912,-0.9771138,0.3924691,-0.1342975,0.9099078,0.104278,0.03930795,-0.05163541,-0.07433885,-0.1227466,-0.0121864,-0.989575,0.2447458,-0.144136,0.958814,0.14,1.811587,3.74,0,-0.6727939,0,0.73983,-0.9955062,0,0.09469664
saccade,1.5708,0.03788317,0.04061031,-0.05576368,-0.07186502,-0.20022,-0.01421983,-0.9770083,0.393277,-0.1347312,0.9094948,0.1042861,0.03932953,-0.05164741,-0.07426879,-0.1227781,-0.0121615,-0.9895766,0.2448031,-0.144003,0.9588193,0.14,1.811587,3.74,0,-0.6727939,0,0.73983,-0.9955062,0,0.09469664
saccade,1.5825,0.03792734,0.04061532,-0.05574324,-0.0718284,-0.2002359,-0.01418429,-0.9770082,0.3933019,-0.1346735,0.9094926,0.1043304,0.03933132,-0.05162919,-0.07426759,-0.1233682,-0.01214615,-0.9895035,0.2459506,-0.1439792,0.9585292,0.14,1.811587,3.74,0,-0.6727939,0,0.73983,-0.9955062,0,0.09469664
saccade,1.5932,0.03793304,0.04063463,-0.05574422,-0.07184675,-0.2002925,-0.01414889,-0.9769958,0.3934031,-0.1347201,0.9094419,0.1043365,0.03934598,-0.05163825,-0.07428333,-0.1234255,-0.01210934,-0.9894956,0.246057,-0.1440168,0.9584963,0.14,1.811587,3.74,0,-0.6727939,0,0.73983,-0.9955062,0,0.09469664
saccade,1.6043,0.03794062,0.04065096,-0.05574547,-0.07121105,-0.2005973,-0.01408324,-0.9769807,0.3939652,-0.1334935,0.9093794,0.1043442,0.03935742,-0.05164377,-0.07423312,-0.123456,-0.01205937,-0.9894962,0.2461089,-0.1439292,0.9584961,0.14,1.811587,3.74,0,-0.6727939,0,0.73983,-0.9955062,0,0.09469664
saccade,1.6152,0.03795205,0.04065299,-0.05575429,-0.07127702,-0.2005972,-0.01407656,-0.9769761,0.393964,-0.1336245,0.9093607,0.1043556,0.03935635,-0.05165305,-0.07429835,-0.123456,-0.01204754,-0.9894914,0.2461075,-0.1440605,0.9584767,0.14,1.811587,3.74,0,-0.6727939,0,0.73983,-0.9955062,0,0.09469664
saccade,1.6261,0.03795635,0.04065692,-0.05576775,-0.07134015,-0.2006066,-0.01410752,-0.9769691,0.3939858,-0.1337341,0.9093351,0.1043601,0.03936207,-0.05166792,-0.07440487,-0.1238422,-0.01208531,-0.9894347,0.2468659,-0.1442442,0.958254,0.14,1.811587,3.74,0,-0.6727939,0,0.73983,-0.9955062,0,0.09469664
saccade,1.6377,0.03795609,0.0406667,-0.05577932,-0.07135334,-0.2012461,-0.01411796,-0.9768364,0.3951838,-0.1337187,0.9088174,0.1043599,0.03937018,-0.05168145,-0.07443435,-0.1238551,-0.01207675,-0.989431,0.2468899,-0.1443038,0.9582389,0.14,1.811587,3.74,0,-0.6727939,0,0.73983,-0.9955062,0,0.09469664
saccade,1.6493,0.03795015,0.04067934,-0.05579329,-0.07131524,-0.2012509,-0.01409638,-0.9768386,0.3951898,-0.1336531,0.9088244,0.1043539,0.03938138,-0.05169599,-0.0743947,-0.1238597,-0.01205822,-0.9894336,0.246896,-0.1442302,0.9582484,0.14,1.811587,3.74,0,-0.6727939,0,0.73983,-0.9955062,0,0.09469664
saccade,1.6596,0.03797842,0.04069352,-0.05579878,-0.07127462,-0.2012358,-0.01413764,-0.976844,0.3951672,-0.1335584,0.9088482,0.1056468,0.03931415,-0.05125752,-0.07454868,-0.1243618,-0.01212329,-0.9893582,0.2478843,-0.1444954,0.9579533,0.14,1.811587,3.74,0,-0.6727939,0,0.73983,-0.9955062,0,0.09469664
saccade,1.6707,0.03796924,0.04070568,-0.05581079,-0.07118947,-0.2013171,-0.01416073,-0.9768332,0.3953226,-0.1333789,0.908807,0.1056377,0.03932953,-0.05126969,-0.07454621,-0.1243647,-0.01214716,-0.9893578,0.2478935,-0.1444844,0.9579526,0.14,1.811587,3.74,0,-0.6727939,0,0.73983,-0.9955062,0,0.09469664
saccade,1.6818,0.03796093,0.04072356,-0.05582905,-0.07115782,-0.2013176,-0.01419016,-0.976835,0.3953277,-0.1333054,0.9088156,0.1056294,0.03935242,-0.05128756,-0.07451694,-0.1243653,-0.01217897,-0.9893595,0.2478991,-0.1444188,0.957961,0.14,1.811587,3.74,0,-0.6727939,0,0.73983,-0.9955062,0,0.09469664
saccade,1.6931,0.03795488,0.0407151,-0.05585015,-0.07114056,-0.2012884,-0.01422702,-0.9768417,0.3952779,-0.1332587,0.9088441,0.1056232,0.03934908,-0.05130419,-0.07457025,-0.1245495,-0.01222532,-0.9893318,0.2482649,-0.1445041,0.9578534,0.14,1.811587,3.74,0,-0.6727939,0,0.73983,-0.9955062,0,0.09469664
saccade,1.7045,0.03793751,0.04071414,-0.05588392,-0.07132984,-0.2013446,-0.01422416,-0.9768163,0.3953827,-0.1336244,0.9087448,0.1056058,0.03934574,-0.05133878,-0.07459993,-0.1245535,-0.01221342,-0.9893292,0.248271,-0.1445653,0.9578426,0.14,1.811587,3.74,0,-0.6727939,0,0.73983,-0.9955062,0,0.09469664
saccade,1.7153,0.03792736,0.04071176,-0.05589207,-0.07137008,-0.2012683,-0.01422766,-0.9768291,0.3952403,-0.1337056,0.9087948,0.1055949,0.03934169,-0.05133664,-0.07464004,-0.1244762,-0.01221397,-0.9893358,0.2481209,-0.1446474,0.9578691,0.14,1.811587,3.74,0,-0.6727939,0,0.73983,-0.9955062,0,0.09469664
saccade,1.7263,0.03791296,0.04072666,-0.05590858,-0.07137311,-0.2012826,-0.01426063,-0.9768254,0.3952715,-0.1336973,0.9087824,0.1055807,0.03936088,-0.05135487,-0.07462646,-0.1250577,-0.01226173,-0.989263,0.24926,-0.1445835,0.9575829,0.14,1.811587,3.74,0,-0.6727939,0,0.73983,-0.9955062,0,0.09469664
saccade,1.7380,0.0379251,0.04075658,-0.05592619,-0.07123621,-0.2012669,-0.01427196,-0.9768385,0.3952439,-0.1334276,0.908834,0.1055922,0.0393939,-0.05136188,-0.07456451,-0.1249836,-0.01227896,-0.9892767,0.249118,-0.1444605,0.9576384,0.14,1.811587,3.74,0,-0.6727939,0,0.73983,-0.9955062,0,0.09469664
saccade,1.7486,0.03791043,0.0407964,-0.05594875,-0.07131661,-0.201201,-0.01417904,-0.9768475,0.3951079,-0.1336252,0.9088642,0.1055767,0.03941798,-0.0513767,-0.07463726,-0.1249168,-0.01218026,-0.9892809,0.2489738,-0.1446314,0.9576502,0.14,1.811587,3.74,0,-0.6727939,0,0.73983,-0.9955062,0,0.09469664
saccade,1.7599,0.0379017,0.04080987,-0.0559615,-0.07119485,-0.2011742,-0.01418991,-0.9768618,0.3950593,-0.1333858,0.9089205,0.1055678,0.03943706,-0.05138485,-0.07455881,-0.1250427,-0.01220625,-0.9892706,0.2492222,-0.1444651,0.9576106,0.14,1.811587,3.74,0,-0.6727939,0,0.73983,-0.9955062,0,0.09469664
saccade,1.7708,0.03789886,0.04079735,-0.05599767,-0.0710225,-0.2013804,-0.01418316,-0.976832,0.3954442,-0.1330417,0.9088035,0.1055651,0.03942418,-0.05142333,-0.07455175,-0.1250595,-0.01220033,-0.9892691,0.2492542,-0.1444519,0.9576043,0.14,1.811587,3.74,0,-0.6727939,0,0.73983,-0.9955062,0,0.09469664
saccade,1.7817,0.03789213,0.04081821,-0.05604338,-0.0710757,-0.2013558,-0.01421464,-0.9768327,0.3954024,-0.1331337,0.9088082,0.1055582,0.03944695,-0.05146573,-0.07463968,-0.1251942,-0.01223317,-0.989245,0.2495217,-0.1446108,0.9575107,0.14,1.811587,3.74,0,-0.6727939,0,0.73983,-0.9955062,0,0.09469664
saccade,1.7938,0.03788546,0.04081666,-0.05605504,-0.07098431,-0.2013344,-0.01417598,-0.9768443,0.3953573,-0.132973,0.9088513,0.1055513,0.03944337,-0.05147419,-0.07454553,-0.1251724,-0.01220175,-0.9892553,0.2494741,-0.1444345,0.9575497,0.14,1.811587,3.74,0,-0.6727939,0,0.73983,-0.9955062,0,0.09469664
saccade,1.8045,0.03787573,0.04083717,-0.05608348,-0.07118407,-0.2013473,-0.01419526,-0.9768268,0.3953838,-0.1333527,0.9087842,0.1055414,0.03946626,-0.05150037,-0.07452032,-0.1251577,-0.0122148,-0.9892588,0.2494473,-0.1443822,0.9575645,0.14,1.811587,3.74,0,-0.6727939,0,0.73983,-0.9955062,0,0.09469664
saccade,1.8153,0.03786239,0.04086161,-0.05609038,-0.07112081,-0.2013474,-0.01422341,-0.976831,0.3953879,-0.1332183,0.9088021,0.1055282,0.03949654,-0.05150662,-0.07316603,-0.1251198,-0.01220369,-0.9893649,0.2493641,-0.1417219,0.9579836,0.14,1.811587,3.74,0,-0.6727939,0,0.73983,-0.9955062,0,0.09469664
saccade,1.8264,0.03785926,0.04088914,-0.05610604,-0.07112203,-0.2013506,-0.0142278,-0.9768302,0.3953946,-0.1332187,0.9087992,0.1055251,0.03952467,-0.0515227,-0.07316758,-0.1251231,-0.01220797,-0.9893643,0.2493711,-0.1417238,0.9579814,0.14,1.811587,3.74,0,-0.6727939,0,0.73983,-0.9955062,0,0.09469664
saccade,1.8377,0.03786168,0.04091489,-0.0561229,-0.07569303,-0.1914024,-0.01412406,-0.9784867,0.3767076,-0.1427225,0.9152714,0.1055278,0.039554,-0.051543,-0.07312613,-0.1251512,-0.0122248,-0.9893636,0.2494279,-0.1416368,0.9579795,0.14,1.811587,3.74,0,-0.6727939,0,0.73983,-0.9955062,0,0.09469664
saccade,1.8490,0.03787427,0.04094982,-0.05612785,-0.07557147,-0.1913736,-0.01414709,-0.9785014,0.376657,-0.1424788,0.9153302,0.1055402,0.03959584,-0.05154296,-0.07048275,-0.08634114,-0.01110149,-0.9937073,0.1731606,-0.1381614,0.9751548,0.14,1.811587,3.74,0,-0.6727939,0,0.73983,-0.9955062,0,0.09469664
saccade,1.8598,0.03787937,0.04098833,-0.05613695,-0.07549409,-0.1914085,-0.01416291,-0.9785004,0.376725,-0.1423202,0.9153269,0.1055457,0.03963959,-0.05155621,-0.07040764,-0.08637611,-0.01112566,-0.9937093,0.1732322,-0.1380075,0.9751639,0.14,1.811587,3.74,0,-0.6727939,0,0.73983,-0.9955062,0,0.09469664
saccade,1.8706,0.03788445,0.04102814,-0.05614122,-0.09232696,-0.1231639,-0.0128627,-0.9879985,0.2457467,-0.1792694,0.9526128,0.1055509,0.03968155,-0.05156209,-0.07029502,-0.08639209,-0.01112393,-0.9937159,0.1732623,-0.1377845,0.97519,0.14,1.811587,3.74,0,-0.6727939,0,0.73983,-0.9955062,0,0.09469664
saccade,1.8824,0.03788686,0.04105699,-0.05614527,-0.09221333,-0.1231503,-0.01276506,-0.9880121,0.2457023,-0.1790717,0.9526614,0.105553,0.03970027,-0.05156478,-0.07017761,-0.08638008,-0.01103026,-0.9937263,0.1732245,-0.1375691,0.9752272,0.14,1.811587,3.74,0,-0.6727939,0,0.73983,-0.9955062,0,0.09469664
saccade,1.8931,0.03788966,0.04104769,-0.05614287,-0.09214224,-0.1231626,-0.01271134,-0.9880178,0.2457163,-0.1789452,0.9526815,0.1055558,0.03968573,-0.05156427,-0.07062662,0.02360013,-0.007951411,-0.997192,-0.04594455,-0.1412319,0.9889098,0.14,1.811587,3.74,0,-0.6727939,0,0.73983,-0.9955062,0,0.09469664
saccade,1.9046,0.03789032,0.04106116,-0.05615591,-0.113494,0.001219455,-0.00991703,-0.9934885,-0.0001719831,-0.2255341,0.9742352,0.1055567,0.03969026,-0.05158304,-0.07042377,0.02355783,-0.007873069,-0.9972079,-0.0458752,-0.1408252,0.9889711,0.14,1.811587,3.74,0,-0.6727939,0,0.73983,-0.9955062,0,0.09469664
saccade,1.9154,0.03790177,0.04102361,-0.05615868,-0.1135713,0.001219649,-0.009906425,-0.9934797,-0.0001732211,-0.2256858,0.9742001,0.1055681,0.03965056,-0.05158627,-0.07050119,0.02355741,-0.007860762,-0.9972025,-0.04587463,-0.1409783,0.9889492,0.14,1.811587,3.74,0,-0.6727939,0,0.73983,-0.9955062,0,0.09469664
saccade,1.9292,0.03791399,0.04096365,-0.05616595,-0.1135792,0.001244791,-0.009912462,-0.9934788,-0.0002216483,-0.2257017,0.9741964,0.1055801,0.03959095,-0.05159009,-0.06858187,0.09200098,-0.005877294,-0.993377,-0.1819772,-0.1373367,0.9736647,0.14,1.811587,3.74,0,-0.6727939,0,0.73983,-0.9955062,0,0.09469664
saccade,1.9408,0.03790728,0.04091942,-0.05614272,-0.1269079,0.07245975,-0.008362714,-0.9892291,-0.141236,-0.2522938,0.957288,0.1055736,0.03954911,-0.05156903,-0.06886262,0.09198979,-0.005887408,-0.9933586,-0.1819468,-0.1378937,0.9735916,0.14,1.811587,3.74,0,-0.6727939,0,0.73983,-0.9955062,0,0.09469664
saccade,1.9588,0.03791476,0.04092169,-0.05612411,-0.1269923,0.07240959,-0.008278308,-0.9892226,-0.1411558,-0.2524462,0.9572596,0.1055815,0.03954113,-0.05155887,-0.06894592,0.09193505,-0.005804467,-0.9933583,-0.1818485,-0.1380433,0.9735888,0.14,1.811587,3.74,0,-0.6727939,0,0.73983,-0.9955062,0,0.09469664
saccade,1.9656,0.03792754,0.04095232,-0.05610011,-0.1283283,0.08543172,-0.007835004,-0.9880141,-0.1668046,-0.2549191,0.9524665,0.1055946,0.0395577,-0.05154455,-0.06782535,0.115192,-0.004986116,-0.9910125,-0.227637,-0.1355803,0.9642611,0.14,1.811587,3.74,0,-0.6727939,0,0.73983,-0.9955062,0,0.09469664
saccade,1.9737,0.03794766,0.04095817,-0.05609535,-0.1283814,0.08534796,-0.007798171,-0.9880148,-0.1666478,-0.2550165,0.9524679,0.1056155,0.0395602,-0.05155184,-0.06787769,0.1151065,-0.004952909,-0.991019,-0.2274731,-0.1356764,0.9642862,0.14,1.811587,3.74,0,-0.6727939,0,0.73983,-0.9955062,0,0.09469664
saccade,1.9847,0.0379638,0.04097414,-0.05608817,-0.128458,0.08528755,-0.007773496,-0.9880102,-0.1665328,-0.2551616,0.9524491,0.1056322,0.03957415,-0.05155342,-0.06795405,0.1150451,-0.004929703,-0.991021,-0.2273542,-0.1358221,0.9642937,0.14,1.811587,3.74,0,-0.6727939,0,0.73983,-0.9955062,0,0.09469664
saccade,1.9961,0.03797289,0.04098129,-0.05609748,-0.1285548,0.08531571,-0.007851841,-0.9879946,-0.1665642,-0.2553627,0.9523898,0.1056411,0.03959155,-0.05155777,-0.06589531,0.1263191,-0.004604397,-0.9897879,-0.2494514,-0.131608,0.9594026,0.14,1.811587,3.74,0,-0.6727939,0,0.73983,-0.9955062,0,0.09469664
saccade,2.0074,0.03797311,0.0409745,-0.05611628,-0.1301117,0.09081759,-0.007787767,-0.9873006,-0.177302,-0.2583333,0.9496462,0.1056412,0.03959072,-0.0515731,-0.06594209,0.1263425,-0.004646621,-0.9897816,-0.2494902,-0.1317107,0.9593784,0.14,1.811587,3.74,0,-0.6727939,0,0.73983,-0.9955062,0,0.09469664
saccade,2.0182,0.03798474,0.04094505,-0.05614658,-0.1301542,0.09086704,-0.007831474,-0.9872901,-0.1773857,-0.2584231,0.9496062,0.1056525,0.0395664,-0.05159605,-0.06598622,0.1263945,-0.004685481,-0.9897718,-0.2495852,-0.131807,0.9593405,0.14,1.811587,3.74,0,-0.6727939,0,0.73983,-0.9955062,0,0.09469664
saccade,2.0289,0.03798279,0.04094982,-0.05616187,-0.1300966,0.09090859,-0.007812352,-0.987294,-0.1774743,-0.2583076,0.949621,0.1056501,0.03956771,-0.05160595,-0.06573842,0.1324191,-0.004484546,-0.9890013,-0.2613357,-0.1312184,0.9562873,0.14,1.811587,3.74,0,-0.6727939,0,0.73983,-0.9955062,0,0.09469664
saccade,2.0404,0.03798331,0.04098773,-0.0561771,-0.1299769,0.0933211,-0.007741835,-0.9870853,-0.1822193,-0.2580416,0.9487944,0.1056509,0.03960562,-0.05162481,-0.06561865,0.1323902,-0.00449142,-0.9890131,-0.2612818,-0.1309847,0.9563341,0.14,1.811587,3.74,0,-0.6727939,0,0.73983,-0.9955062,0,0.09469664
saccade,2.0518,0.03797825,0.04102969,-0.05617971,-0.1298781,0.0933231,-0.007690276,-0.9870984,-0.1822406,-0.2578404,0.9488449,0.1056457,0.03964031,-0.05162786,-0.06551728,0.1323886,-0.004443766,-0.9890202,-0.2612877,-0.1307724,0.9563615,0.14,1.811587,3.74,0,-0.6727939,0,0.73983,-0.9955062,0,0.09469664
saccade,2.0628,0.03796409,0.04107797,-0.05619195,-0.1297638,0.09336068,-0.007619352,-0.9871106,-0.1823372,-0.2576052,0.9488903,0.105631,0.03967798,-0.05163606,-0.06422515,0.1371955,-0.004198104,-0.9884508,-0.2706828,-0.1281187,0.954105,0.14,1.811587,3.74,0,-0.6727939,0,0.73983,-0.9955062,0,0.09469664
saccade,2.0746,0.03794824,0.04109645,-0.05621044,-0.1306166,0.09490161,-0.007510454,-0.9868519,-0.1853457,-0.2592241,0.947866,0.1056149,0.03968334,-0.05165505,-0.06415229,0.137197,-0.004105697,-0.9884557,-0.2706994,-0.12795,0.954123,0.14,1.811587,3.74,0,-0.6727939,0,0.73983,-0.9955062,0,0.09469664
saccade,2.0847,0.0379347,0.04108572,-0.05623484,-0.1305577,0.09493878,-0.007530131,-0.9868559,-0.1854156,-0.2591131,0.9478826,0.1056011,0.03967428,-0.05167396,-0.06429381,0.1403873,-0.004041142,-0.9879987,-0.2768852,-0.1281791,0.9523154,0.14,1.811587,3.74,0,-0.6727939,0,0.73983,-0.9955062,0,0.09469664
saccade,2.0962,0.03788483,0.04103589,-0.05622669,-0.1306414,0.09504922,-0.007673333,-0.9868331,-0.1855905,-0.2593012,0.9477969,0.1055504,0.0396421,-0.05164852,-0.06438418,0.1405065,-0.004172627,-0.9879753,-0.2770967,-0.1283925,0.9522252,0.14,1.811587,3.74,0,-0.6727939,0,0.73983,-0.9955062,0,0.09469664
saccade,2.1072,0.03786031,0.04100275,-0.0562577,-0.1317826,0.09621312,-0.007786399,-0.9865677,-0.1877893,-0.2615232,0.9467528,0.1055257,0.03962278,-0.05167284,-0.06438985,0.1405487,-0.004277727,-0.9879685,-0.2771644,-0.1284328,0.9522001,0.14,1.811587,3.74,0,-0.6727939,0,0.73983,-0.9955062,0,0.09469664
saccade,2.1185,0.03785278,0.04097927,-0.05627886,-0.1318193,0.09626335,-0.00787927,-0.9865571,-0.1878613,-0.2616115,0.9467141,0.1055178,0.03961098,-0.05168562,-0.06443077,0.1406049,-0.00436522,-0.9879575,-0.2772608,-0.1285373,0.9521579,0.14,1.811587,3.74,0,-0.6727939,0,0.73983,-0.9955062,0,0.09469664
saccade,2.1297,0.0378334,0.04097319,-0.05630838,-0.1319342,0.0962294,-0.007976117,-0.9865443,-0.1877645,-0.261853,0.9466665,0.105499,0.03961909,-0.05171818,-0.06503423,0.1429315,-0.004406552,-0.9875838,-0.2817405,-0.1297132,0.9506823,0.14,1.811587,3.74,0,-0.6727939,0,0.73983,-0.9955062,0,0.09469664
saccade,2.1411,0.03787595,0.04096067,-0.056304,-0.1323536,0.09652517,-0.007954257,-0.9864594,-0.1883308,-0.2626585,0.9463308,0.1055412,0.0396018,-0.05171112,-0.06494967,0.1429519,-0.004378446,-0.9875866,-0.2817859,-0.1295387,0.9506926,0.14,1.811587,3.74,0,-0.6727939,0,0.73983,-0.9955062,0,0.09469664
saccade,2.1513,0.03786834,0.04096365,-0.05633032,-0.1324075,0.09646185,-0.007871224,-0.9864591,-0.1882269,-0.2627478,0.9463267,0.1055341,0.03959489,-0.05174759,-0.06500018,0.1428836,-0.004297495,-0.9875935,-0.2816632,-0.1296156,0.9507185,0.14,1.811587,3.74,0,-0.6727939,0,0.73983,-0.9955062,0,0.09469664
saccade,2.1627,0.0378712,0.04098117,-0.05634032,-0.1324742,0.09646118,-0.007940581,-0.9864497,-0.1882043,-0.2628902,0.9462916,0.1055371,0.03962195,-0.05175655,-0.06495802,0.1452256,-0.004291635,-0.9872546,-0.2861917,-0.1295067,0.94938,0.14,1.811587,3.74,0,-0.6727939,0,0.73983,-0.9955062,0,0.09469664
saccade,2.1737,0.03788506,0.04099989,-0.05633544,-0.1324659,0.09642238,-0.007858966,-0.9864552,-0.1881506,-0.2628588,0.9463111,0.1055512,0.03963041,-0.05175838,-0.06494574,0.1451816,-0.004213372,-0.9872622,-0.2861173,-0.1294604,0.9494087,0.14,1.811587,3.74,0,-0.6727939,0,0.73983,-0.9955062,0,0.09469664
saccade,2.1850,0.03789141,0.04103148,-0.05634898,-0.132895,0.09647784,-0.007841434,-0.9863921,-0.1882458,-0.2636862,0.9460619,0.1055573,0.039657,-0.05176945,-0.06489434,0.145201,-0.004182134,-0.9872629,-0.2861603,-0.1293501,0.9494108,0.14,1.811587,3.74,0,-0.6727939,0,0.73983,-0.9955062,0,0.09469664
saccade,2.1962,0.03789492,0.04104924,-0.05637392,-0.1328325,0.09647759,-0.007889509,-0.9864002,-0.1882351,-0.2635744,0.9460952,0.1055608,0.03968108,-0.05179341,-0.06437562,0.1467869,-0.004171897,-0.9870623,-0.2892385,-0.1283103,0.9486188,0.14,1.811587,3.74,0,-0.6727939,0,0.73983,-0.9955062,0,0.09469664
saccade,2.2071,0.03789695,0.04105008,-0.05638436,-0.1327362,0.09651881,-0.00792581,-0.9864089,-0.1883099,-0.2633943,0.9461305,0.1055625,0.03968573,-0.05179744,-0.06428046,0.1468299,-0.004210102,-0.987062,-0.2893193,-0.1281339,0.948618,0.14,1.811587,3.74,0,-0.6727939,0,0.73983,-0.9955062,0,0.09469664
saccade,2.2184,0.03789037,0.04110301,-0.05639005,-0.1326743,0.09625911,-0.007918308,-0.9864426,-0.1878071,-0.2632756,0.9462634,0.1055559,0.03973627,-0.05180323,-0.06420512,0.1468289,-0.004198586,-0.9870671,-0.2893207,-0.1279825,0.948638,0.14,1.811587,3.74,0,-0.6727939,0,0.73983,-0.9955062,0,0.09469664
saccade,2.2292,0.03790234,0.04113758,-0.05640742,-0.1325771,0.09626425,-0.007852568,-0.9864557,-0.1878387,-0.2630748,0.946313,0.1055677,0.03976142,-0.05182091,-0.06361966,0.1477969,-0.004093707,-0.9869609,-0.2912187,-0.1267903,0.9482172,0.14,1.811587,3.74,0,-0.6727939,0,0.73983,-0.9955062,0,0.09469664
saccade,2.2405,0.03791798,0.04116011,-0.05642004,-0.1323846,0.09626739,-0.007768662,-0.9864819,-0.1878752,-0.2626859,0.9464138,0.1055831,0.03977215,-0.05183343,-0.06345908,0.1478004,-0.004018564,-0.9869711,-0.2912394,-0.1264524,0.948256,0.14,1.811587,3.74,0,-0.6727939,0,0.73983,-0.9955062,0,0.09469664
saccade,2.2519,0.03793088,0.04118633,-0.05644307,-0.1322641,0.09621118,-0.007620375,-0.9865047,-0.1878098,-0.2624246,0.9464992,0.1055963,0.03977895,-0.05186648,-0.0633304,0.1477342,-0.003881037,-0.9869898,-0.2911326,-0.1261596,0.9483278,0.14,1.811587,3.74,0,-0.6727939,0,0.73983,-0.9955062,0,0.09469664
saccade,2.2625,0.03792046,0.04115856,-0.05643379,-0.1323625,0.09619244,-0.007598867,-0.9864935,-0.1877748,-0.2626115,0.9464543,0.105586,0.03974891,-0.05186033,-0.06314074,0.1492656,-0.003801895,-0.9867718,-0.294102,-0.125746,0.9474661,0.14,1.811587,3.74,0,-0.6727939,0,0.73983,-0.9955062,0,0.09469664
saccade,2.2738,0.0379293,0.04114783,-0.05645495,-0.1329624,0.09652761,-0.007631057,-0.9863799,-0.1883965,-0.2637761,0.9460068,0.1055949,0.0397414,-0.05188078,-0.06318121,0.1492699,-0.003822702,-0.9867685,-0.2941066,-0.1258317,0.9474533,0.14,1.811587,3.74,0,-0.6727939,0,0.73983,-0.9955062,0,0.09469664
saccade,2.2846,0.03793781,0.0411458,-0.05648021,-0.1329742,0.09648915,-0.007742717,-0.9863812,-0.188291,-0.2638206,0.9460154,0.1056039,0.03975511,-0.0519092,-0.06319904,0.1492395,-0.003936014,-0.9867715,-0.2940332,-0.1259008,0.9474669,0.14,1.811587,3.74,0,-0.6727939,0,0.73983,-0.9955062,0,0.09469664
saccade,2.2963,0.03793592,0.04113805,-0.05646408,-0.1329963,0.09648354,-0.007750613,-0.9863787,-0.188277,-0.263865,0.9460058,0.1056021,0.03974867,-0.05189373,-0.06304184,0.149772,-0.003921716,-0.986701,-0.2950659,-0.1255816,0.9471881,0.14,1.811587,3.74,0,-0.6727939,0,0.73983,-0.9955062,0,0.09469664
saccade,2.3068,0.03794767,0.04115152,-0.05646833,-0.1333409,0.09620785,-0.007846039,-0.9863583,-0.1876984,-0.2645535,0.9459285,0.1056142,0.03977275,-0.05189928,-0.06304704,0.1497574,-0.003999698,-0.9867025,-0.2950276,-0.1256153,0.9471956,0.14,1.811587,3.74,0,-0.6727939,0,0.73983,-0.9955062,0,0.09469664
saccade,2.3181,0.03795882,0.04115677,-0.05647232,-0.1333004,0.09615855,-0.007861209,-0.9863685,-0.1875997,-0.2644785,0.945969,0.1056258,0.03978086,-0.05190954,-0.0630073,0.1497095,-0.004020507,-0.9867123,-0.2949337,-0.125544,0.9472343,0.14,1.811587,3.74,0,-0.6727939,0,0.73983,-0.9955062,0,0.09469664
saccade,2.3295,0.03797214,0.04116404,-0.05646741,-0.1332786,0.09609725,-0.007831755,-0.9863777,-0.1874888,-0.2644313,0.9460043,0.1056396,0.03978515,-0.05191339,-0.06273371,0.150641,-0.003959967,-0.9865881,-0.2967444,-0.1249777,0.9467435,0.14,1.811587,3.74,0,-0.6727939,0,0.73983,-0.9955062,0,0.09469664
saccade,2.3403,0.03798071,0.0411762,-0.05645322,-0.1335179,0.09680818,-0.007765189,-0.9862763,-0.1888856,-0.2648746,0.9456023,0.1056489,0.03979123,-0.05191163,-0.06264559,0.1505516,-0.003916366,-0.9866076,-0.29658,-0.1247925,0.9468195,0.14,1.811587,3.74,0,-0.6727939,0,0.73983,-0.9955062,0,0.09469664
saccade,2.3514,0.03799108,0.04120088,-0.05645117,-0.1334935,0.09672256,-0.007727893,-0.9862882,-0.1887294,-0.2648211,0.9456485,0.10566,0.03981233,-0.05192175,-0.06261931,0.1504641,-0.00388669,-0.9866227,-0.2964157,-0.1247329,0.9468788,0.14,1.811587,3.74,0,-0.6727939,0,0.73983,-0.9955062,0,0.09469664
saccade,2.3625,0.03799051,0.04120708,-0.05644659,-0.1333587,0.09672889,-0.007654131,-0.9863065,-0.1887672,-0.2645458,0.945718,0.1056593,0.03980792,-0.0519174,-0.06225496,0.1514218,-0.003785551,-0.9864996,-0.2982838,-0.1239754,0.9463915,0.14,1.811587,3.74,0,-0.6727939,0,0.73983,-0.9955062,0,0.09469664
saccade,2.3737,0.03799343,0.04121625,-0.05642901,-0.1331983,0.0969059,-0.007650977,-0.9863108,-0.1891205,-0.2642327,0.9457349,0.1056619,0.03981686,-0.05189524,-0.06220311,0.1514542,-0.003790474,-0.9864979,-0.298347,-0.1238746,0.9463848,0.14,1.811587,3.74,0,-0.6727939,0,0.73983,-0.9955062,0,0.09469664
saccade,2.3848,0.03799443,0.04122198,-0.05641931,-0.133197,0.0969682,-0.007618994,-0.9863051,-0.1892508,-0.2642234,0.9457114,0.1056622,0.03981721,-0.05187773,-0.06219988,0.1515137,-0.003754215,-0.9864891,-0.2984662,-0.1238566,0.9463496,0.14,1.811587,3.74,0,-0.6727939,0,0.73983,-0.9955062,0,0.09469664
saccade,2.3961,0.03799002,0.0412215,-0.0564191,-0.1331938,0.09695556,-0.007623435,-0.9863067,-0.189225,-0.2642181,0.9457181,0.105658,0.03981757,-0.05187913,-0.06202469,0.1518371,-0.003744541,-0.9864504,-0.299095,-0.1235057,0.9461969,0.14,1.811587,3.74,0,-0.6727939,0,0.73983,-0.9955062,0,0.09469664
saccade,2.4071,0.03799266,0.04121995,-0.0564158,-0.1332428,0.09726467,-0.00761257,-0.9862698,-0.1898298,-0.2643076,0.9455719,0.1056605,0.03981531,-0.05187402,-0.06203922,0.151851,-0.003738985,-0.9864474,-0.2991221,-0.1235324,0.9461848,0.14,1.811587,3.74,0,-0.6727939,0,0.73983,-0.9955062,0,0.09469664
saccade,2.4180,0.03802707,0.04122031,-0.05639771,-0.1332756,0.09726714,-0.00757568,-0.9862654,-0.1898431,-0.2643639,0.9455534,0.1056948,0.0398109,-0.05185635,-0.06207016,0.1518509,-0.003700259,-0.9864456,-0.299126,-0.1235814,0.9461772,0.14,1.811587,3.74,0,-0.6727939,0,0.73983,-0.9955062,0,0.09469664
saccade,2.4292,0.03802795,0.04121673,-0.05638926,-0.1332849,0.09722795,-0.007565354,-0.986268,-0.1897689,-0.2643804,0.9455637,0.105696,0.0398066,-0.05185339,-0.06207911,0.1518114,-0.003692286,-0.9864511,-0.2990506,-0.1235971,0.946199,0.14,1.811587,3.74,0,-0.6727939,0,0.73983,-0.9955062,0,0.09469664
saccade,2.4406,0.03802832,0.0412091,-0.05637696,-0.1331287,0.09760366,-0.007574855,-0.986252,-0.1905068,-0.2640756,0.9455006,0.1056966,0.03980243,-0.05184316,-0.0620161,0.152284,-0.003705361,-0.9863822,-0.2999609,-0.1234717,0.9459271,0.14,1.811587,3.74,0,-0.6727939,0,0.73983,-0.9955062,0,0.09469664
saccade,2.4516,0.03801484,0.0412029,-0.05633316,-0.1331398,0.0975709,-0.007569768,-0.9862537,-0.1904436,-0.2640964,0.9455074,0.1056834,0.03979611,-0.0518039,-0.06202707,0.1522512,-0.003702041,-0.9863866,-0.2998979,-0.1234926,0.9459444,0.14,1.811587,3.74,0,-0.6727939,0,0.73983,-0.9955062,0,0.09469664
saccade,2.4629,0.03800744,0.04119229,-0.05630019,-0.1331543,0.09755445,-0.007597635,-0.9862533,-0.1904035,-0.2641301,0.9455061,0.1056762,0.03978968,-0.05177266,-0.06177061,0.1526329,-0.003709974,-0.9863437,-0.3006387,-0.1229866,0.9457752,0.14,1.811587,3.74,0,-0.6727939,0,0.73983,-0.9955062,0,0.09469664
saccade,2.4736,0.03799645,0.04116774,-0.05628366,-0.1332721,0.09778497,-0.007589755,-0.9862145,-0.1908509,-0.264354,0.9453533,0.1056658,0.03976631,-0.05176466,-0.06183315,0.1525713,-0.003709554,-0.9863493,-0.3005185,-0.1231101,0.9457973,0.14,1.811587,3.74,0,-0.6727939,0,0.73983,-0.9955062,0,0.09469664
saccade,2.4850,0.03799151,0.04112875,-0.05626906,-0.133368,0.09780809,-0.007592696,-0.9861993,-0.1908913,-0.2645402,0.9452931,0.1056607,0.03972781,-0.05174709,-0.06192976,0.1525948,-0.003705492,-0.9863396,-0.3005616,-0.1232984,0.9457591,0.14,1.811587,3.74,0,-0.6727939,0,0.73983,-0.9955062,0,0.09469664
saccade,2.4964,0.03798814,0.04109824,-0.05628827,-0.1334835,0.09779736,-0.007578095,-0.9861848,-0.1908694,-0.264761,0.9452357,0.1056574,0.03969598,-0.05176826,-0.06205092,0.1528693,-0.00367734,-0.9862896,-0.3010905,-0.1235247,0.9455613,0.14,1.811587,3.74,0,-0.6727939,0,0.73983,-0.9955062,0,0.09469664
saccade,2.5073,0.03797595,0.04106665,-0.05628281,-0.1335909,0.09782798,-0.00758677,-0.9861671,-0.1909224,-0.2649703,0.9451663,0.105645,0.03966546,-0.05175873,-0.06215935,0.1529006,-0.003677781,-0.9862779,-0.3011477,-0.1237375,0.9455153,0.14,1.811587,3.74,0,-0.6727939,0,0.73983,-0.9955062,0,0.09469664
saccade,2.5183,0.03796012,0.04103863,-0.05628052,-0.1335071,0.09811349,-0.007580707,-0.9861501,-0.1914851,-0.2648037,0.9450992,0.1056295,0.039639,-0.05176043,-0.06218307,0.1528712,-0.003685031,-0.9862809,-0.3010896,-0.1237866,0.9455273,0.14,1.811587,3.74,0,-0.6727939,0,0.73983,-0.9955062,0,0.09469664
saccade,2.5295,0.03793925,0.04101515,-0.05627435,-0.1335613,0.09817082,-0.007605044,-0.986137,-0.1915883,-0.2649126,0.9450477,0.1056081,0.0396179,-0.0517462,-0.06216528,0.1533071,-0.003688843,-0.9862144,-0.3019286,-0.1237476,0.9452648,0.14,1.811587,3.74,0,-0.6727939,0,0.73983,-0.9955062,0,0.09469664
saccade,2.5404,0.03789137,0.04097593,-0.05623883,-0.1335321,0.098139,-0.007640161,-0.9861438,-0.1915179,-0.2648633,0.9450758,0.1055606,0.03958392,-0.05171426,-0.06213799,0.1532779,-0.003727739,-0.9862205,-0.3018684,-0.1237063,0.9452895,0.14,1.811587,3.74,0,-0.6727939,0,0.73983,-0.9955062,0,0.09469664
saccade,2.5519,0.03787433,0.04095817,-0.05623069,-0.1333185,0.09873891,-0.007667815,-0.9861126,-0.1926908,-0.2644484,0.9449536,0.1055431,0.03957176,-0.0516977,-0.06213628,0.1533366,-0.003773699,-0.9862113,-0.3019756,-0.1237163,0.945254,0.14,1.811587,3.74,0,-0.6727939,0,0.73983,-0.9955062,0,0.09469664
saccade,2.5629,0.03785631,0.04094076,-0.05622827,-0.1333138,0.098767,-0.007667731,-0.9861104,-0.1927459,-0.264439,0.944945,0.1055248,0.03955388,-0.05169148,-0.06218599,0.1537268,-0.003763216,-0.9861475,-0.3027267,-0.1238061,0.9450019,0.14,1.811587,3.74,0,-0.6727939,0,0.73983,-0.9955062,0,0.09469664
saccade,2.5739,0.03784409,0.04093611,-0.0562238,-0.1332679,0.09879683,-0.007707735,-0.9861133,-0.1927954,-0.2643575,0.9449577,0.1055124,0.03955388,-0.05168216,-0.06214189,0.153759,-0.003803457,-0.986145,-0.3027847,-0.1237315,0.9449931,0.14,1.811587,3.74,0,-0.6727939,0,0.73983,-0.9955062,0,0.09469664
saccade,2.5847,0.03782462,0.040923,-0.0562268,-0.1334646,0.09913796,-0.007752112,-0.9860522,-0.1934411,-0.2647432,0.9447177,0.1054925,0.03954673,-0.05167717,-0.06224626,0.1538165,-0.003843175,-0.9861294,-0.3028874,-0.123948,0.9449318,0.14,1.811587,3.74,0,-0.6727939,0,0.73983,-0.9955062,0,0.09469664
saccade,2.5961,0.03779919,0.04090095,-0.05623943,-0.1335271,0.09918071,-0.007762315,-0.9860393,-0.1935192,-0.2648657,0.9446674,0.1054667,0.03952563,-0.05168398,-0.06245098,0.1539411,-0.003849134,-0.986097,-0.3031209,-0.1243505,0.944804,0.14,1.811587,3.74,0,-0.6727939,0,0.73983,-0.9955062,0,0.09469664
saccade,2.6073,0.03777453,0.04088008,-0.05625508,-0.1335867,0.09923772,-0.007787718,-0.9860253,-0.1936211,-0.2649854,0.9446129,0.1054415,0.03950739,-0.05169159,-0.06251212,0.1539995,-0.003867029,-0.9860839,-0.3032294,-0.1244754,0.9447528,0.14,1.811587,3.74,0,-0.6727939,0,0.73983,-0.9955062,0,0.09469664
saccade,2.6185,0.03775341,0.04086232,-0.05622931,-0.134083,0.09936372,-0.007838567,-0.9859448,-0.1938323,-0.2659546,0.9442972,0.1054198,0.03949392,-0.05165512,-0.06261112,0.1540774,-0.003895274,-0.9860653,-0.303373,-0.1246777,0.94468,0.14,1.811587,3.74,0,-0.6727939,0,0.73983,-0.9955062,0,0.09469664
saccade,2.6296,0.03772926,0.0408504,-0.05625024,-0.13412,0.09937237,-0.007912043,-0.9859384,-0.1938277,-0.2660406,0.9442739,0.1053956,0.03949189,-0.05167359,-0.06213985,0.1526098,-0.003991883,-0.986323,-0.3005489,-0.1237983,0.9456978,0.14,1.811587,3.74,0,-0.6727939,0,0.73983,-0.9955062,0,0.09469664
saccade,2.6407,0.03770268,0.04084706,-0.05627581,-0.1341477,0.09949474,-0.00803957,-0.9859212,-0.194031,-0.2661179,0.9442104,0.1053681,0.03950357,-0.05168037,-0.06217407,0.1527402,-0.004108478,-0.9863002,-0.3007845,-0.1238997,0.9456096,0.14,1.811587,3.74,0,-0.6727939,0,0.73983,-0.9955062,0,0.09469664
saccade,2.6516,0.03768004,0.04085469,-0.05629023,-0.1317839,0.09131932,-0.008173556,-0.9870294,-0.1781154,-0.2616419,0.9485876,0.1053458,0.03950858,-0.05170101,-0.06210825,0.1526949,-0.004091254,-0.9863114,-0.3007012,-0.1237656,0.9456537,0.14,1.811587,3.74,0,-0.6727939,0,0.73983,-0.9955062,0,0.09469664
saccade,2.6626,0.0376867,0.04087842,-0.05629577,-0.1316834,0.09128943,-0.008189181,-0.9870454,-0.1780569,-0.2614502,0.9486514,0.1053528,0.03953457,-0.05171008,-0.06116194,0.1072416,-0.005397419,-0.9923353,-0.212179,-0.122544,0.9695169,0.14,1.811587,3.74,0,-0.6727939,0,0.73983,-0.9955062,0,0.09469664
saccade,2.6738,0.03767768,0.04090285,-0.05631209,-0.1171151,0.02436745,-0.009640667,-0.9927726,-0.04612453,-0.2330071,0.9713806,0.1053438,0.03956342,-0.05172589,-0.06103005,0.1072404,-0.00543595,-0.9923434,-0.2121751,-0.1222914,0.9695497,0.14,1.811587,3.74,0,-0.6727939,0,0.73983,-0.9955062,0,0.09469664
saccade,2.6855,0.03767969,0.04093158,-0.05632422,-0.1170008,0.02439722,-0.009641618,-0.9927853,-0.04618625,-0.2327837,0.9714312,0.1053455,0.0395925,-0.05173358,-0.06091548,0.1072704,-0.005444702,-0.9923471,-0.2122355,-0.1220667,0.9695647,0.14,1.811587,3.74,0,-0.6727939,0,0.73983,-0.9955062,0,0.09469664
saccade,2.6966,0.0377019,0.04094148,-0.05633193,-0.1168482,0.02435026,-0.009680335,-0.9928041,-0.04608781,-0.2324862,0.9715071,0.1053682,0.03960931,-0.05174645,-0.05738652,-0.003408622,-0.008477462,-0.9983103,0.007778708,-0.1145213,0.9933903,0.14,1.811587,3.74,0,-0.6727939,0,0.73983,-0.9955062,0,0.09469664
saccade,2.7072,0.03771741,0.04096854,-0.05634663,-0.1167393,0.02435945,-0.009684212,-0.9928166,-0.04610787,-0.2322732,0.9715571,0.1053836,0.03963733,-0.05175945,-0.05727699,-0.003399242,-0.00847768,-0.9983166,0.007758191,-0.1143035,0.9934156,0.14,1.811587,3.74,0,-0.6727939,0,0.73983,-0.9955062,0,0.09469664
saccade,2.7180,0.03772901,0.04098177,-0.05635253,-0.08174033,-0.08872786,-0.01153596,-0.9926293,0.1780336,-0.1602286,0.9708918,0.1053956,0.03964257,-0.05177321,-0.05718536,-0.003456045,-0.008408926,-0.9983222,0.007862228,-0.1141207,0.9934358,0.14,1.811587,3.74,0,-0.6727939,0,0.73983,-0.9955062,0,0.09469664
saccade,2.7299,0.0377444,0.04099691,-0.05634024,-0.0817066,-0.08878268,-0.01144727,-0.9926282,0.178127,-0.1601759,0.9708833,0.1054113,0.03964722,-0.05176911,-0.05278549,-0.085674,-0.01040442,-0.9948696,0.1715673,-0.1032466,0.9797473,0.14,1.811587,3.74,0,-0.6727939,0,0.73983,-0.9955062,0,0.09469664
saccade,2.7411,0.03777297,0.04099166,-0.05631157,-0.08171361,-0.08882961,-0.01138379,-0.9926242,0.1782093,-0.1601994,0.9708644,0.1054402,0.03963387,-0.05174751,-0.05279226,-0.08572275,-0.01034231,-0.9948657,0.1716572,-0.1032693,0.9797292,0.14,1.811587,3.74,0,-0.6727939,0,0.73983,-0.9955062,0,0.09469664
saccade,2.7518,0.03779216,0.04095471,-0.05631937,-0.06511063,-0.1490298,-0.01248781,-0.9866077,0.2956941,-0.1247552,0.9471015,0.1054592,0.0396024,-0.05175086,-0.05283636,-0.08569095,-0.01039151,-0.9948655,0.1716,-0.1033492,0.9797308,0.14,1.811587,3.74,0,-0.6727939,0,0.73983,-0.9955062,0,0.09469664
saccade,2.7627,0.03780161,0.04090929,-0.0563281,-0.06517027,-0.1490773,-0.01251395,-0.9865963,0.2957892,-0.1248624,0.9470576,0.1054692,0.03955913,-0.05176621,-0.05184241,-0.1181713,-0.01124929,-0.9915752,0.2355178,-0.1001526,0.9666958,0.14,1.811587,3.74,0,-0.6727939,0,0.73983,-0.9955062,0,0.09469664
saccade,2.7737,0.03783831,0.04085052,-0.05631106,-0.06521311,-0.1490549,-0.0124848,-0.9865972,0.2957426,-0.1249563,0.9470598,0.1055056,0.03949499,-0.0517466,-0.05188432,-0.1181493,-0.01121852,-0.991576,0.2354722,-0.1002436,0.9666975,0.14,1.811587,3.74,0,-0.6727939,0,0.73983,-0.9955062,0,0.09469664
saccade,2.7853,0.03787008,0.04083622,-0.05624709,-0.06165765,-0.1599202,-0.01265037,-0.9851213,0.3166414,-0.1174344,0.9412478,0.105538,0.0394789,-0.05169214,-0.05196251,-0.1182162,-0.01121554,-0.991564,0.2356034,-0.1003966,0.9666497,0.14,1.811587,3.74,0,-0.6727939,0,0.73983,-0.9955062,0,0.09469664
saccade,2.7961,0.03789508,0.04083347,-0.05621632,-0.06174704,-0.1600413,-0.01260119,-0.9850966,0.3168685,-0.1176202,0.9411482,0.105564,0.03946793,-0.05167883,-0.05368758,-0.1170593,-0.01118354,-0.9916097,0.2333551,-0.103856,0.9668295,0.14,1.811587,3.74,0,-0.6727939,0,0.73983,-0.9955062,0,0.09469664
saccade,2.8071,0.03793352,0.04084074,-0.05617254,-0.06176953,-0.1600389,-0.01246178,-0.9850973,0.3168474,-0.1177093,0.9411441,0.1056021,0.03945613,-0.05163592,-0.05370401,-0.1170581,-0.01104327,-0.9916105,0.2333383,-0.1039215,0.9668266,0.14,1.811587,3.74,0,-0.6727939,0,0.73983,-0.9955062,0,0.09469664
saccade,2.8187,0.03796387,0.04088008,-0.05614556,-0.06050728,-0.1667355,-0.01252366,-0.9840637,0.3296722,-0.1149098,0.9370763,0.1056335,0.0394814,-0.05162893,-0.05391662,-0.1171933,-0.01096923,-0.9915838,0.2335968,-0.1043547,0.9667174,0.14,1.811587,3.74,0,-0.6727939,0,0.73983,-0.9955062,0,0.09469664
saccade,2.8294,0.03798262,0.04088271,-0.05613381,-0.06058773,-0.1667672,-0.0125107,-0.9840535,0.3297317,-0.1150704,0.9370357,0.1056525,0.03947997,-0.05162209,-0.05369698,-0.1168809,-0.01093326,-0.991633,0.2329801,-0.1039396,0.966911,0.14,1.811587,3.74,0,-0.6727939,0,0.73983,-0.9955062,0,0.09469664
saccade,2.8404,0.03800255,0.04085994,-0.05612684,-0.06066962,-0.1667362,-0.01256605,-0.984053,0.3296792,-0.1152138,0.9370365,0.1056722,0.03946173,-0.05161094,-0.05378154,-0.1168495,-0.01098418,-0.9916316,0.2329248,-0.1040959,0.9669075,0.14,1.811587,3.74,0,-0.6727939,0,0.73983,-0.9955062,0,0.09469664
saccade,2.8513,0.03800689,0.04083931,-0.05613621,-0.0588877,-0.1708594,-0.01267369,-0.9834525,0.3375567,-0.1114957,0.9346786,0.1056761,0.03944528,-0.05161249,-0.05386812,-0.1167913,-0.01103525,-0.9916331,0.2328172,-0.1042572,0.966916,0.14,1.811587,3.74,0,-0.6727939,0,0.73983,-0.9955062,0,0.09469664
saccade,2.8629,0.03801105,0.04082453,-0.05614111,-0.05890476,-0.1708049,-0.01277231,-0.9834597,0.3374642,-0.1114978,0.9347118,0.10568,0.03944242,-0.05160932,-0.05421561,-0.116635,-0.01114043,-0.9916314,0.2325258,-0.1049251,0.9669139,0.14,1.811587,3.74,0,-0.6727939,0,0.73983,-0.9955062,0,0.09469664
saccade,2.8736,0.03801192,0.0408181,-0.05614305,-0.05881848,-0.1708031,-0.01278188,-0.983465,0.3374613,-0.1113255,0.9347334,0.1056809,0.03944004,-0.05161045,-0.05412996,-0.1166328,-0.01115471,-0.9916362,0.2325223,-0.1047524,0.9669334,0.14,1.811587,3.74,0,-0.6727939,0,0.73983,-0.9955062,0,0.09469664
saccade,2.8850,0.03801598,0.04081595,-0.05613465,-0.05752729,-0.1737665,-0.01282506,-0.9830216,0.3431079,-0.108644,0.9329917,0.105685,0.03944147,-0.05160169,-0.05403116,-0.1166344,-0.01116296,-0.9916413,0.2325253,-0.1045551,0.9669541,0.14,1.811587,3.74,0,-0.6727939,0,0.73983,-0.9955062,0,0.09469664
saccade,2.8961,0.03801014,0.04084277,-0.05609635,-0.05745514,-0.17383,-0.01270304,-0.9830161,0.3432152,-0.1085423,0.932964,0.1056795,0.03945506,-0.05157255,-0.05454145,-0.1166755,-0.01106436,-0.9916096,0.2325999,-0.1055858,0.9668241,0.14,1.811587,3.74,0,-0.6727939,0,0.73983,-0.9955062,0,0.09469664
saccade,2.9072,0.03800562,0.04083622,-0.05609053,-0.05739327,-0.1738269,-0.01265015,-0.983021,0.3432029,-0.1084397,0.9329805,0.1056748,0.03944349,-0.05156629,-0.05447661,-0.1166723,-0.01101512,-0.9916142,0.2325879,-0.1054692,0.9668398,0.14,1.811587,3.74,0,-0.6727939,0,0.73983,-0.9955062,0,0.09469664
saccade,2.9187,0.03799063,0.04081595,-0.05609157,-0.05681942,-0.1754965,-0.01267134,-0.9827573,0.346381,-0.1072318,0.931945,0.1056598,0.03942132,-0.05156756,-0.05452202,-0.116672,-0.01100935,-0.9916118,0.2325871,-0.1055604,0.96683,0.14,1.811587,3.74,0,-0.6727939,0,0.73983,-0.9955062,0,0.09469664
saccade,2.9293,0.03798239,0.04077566,-0.0560917,-0.05679283,-0.1754033,-0.01273958,-0.9827746,0.3462108,-0.10716,0.9320166,0.1056509,0.03939009,-0.05155427,-0.05402097,-0.1162169,-0.01105317,-0.9916921,0.2316969,-0.1045752,0.9671507,0.14,1.811587,3.74,0,-0.6727939,0,0.73983,-0.9955062,0,0.09469664
saccade,2.9402,0.0379549,0.04074502,-0.05608043,-0.05679596,-0.1754057,-0.0127964,-0.9827733,0.3462216,-0.107146,0.9320141,0.1056235,0.03936696,-0.05154297,-0.05402749,-0.1162192,-0.01110971,-0.9916909,0.2317075,-0.1045748,0.9671482,0.14,1.811587,3.74,0,-0.6727939,0,0.73983,-0.9955062,0,0.09469664
saccade,2.9514,0.03793427,0.04071391,-0.05608653,-0.05557818,-0.1766411,-0.01288688,-0.9826205,0.3485748,-0.1046718,0.931418,0.1056025,0.03934717,-0.05154011,-0.05406031,-0.1161569,-0.01120462,-0.9916953,0.2315959,-0.1046197,0.9671701,0.14,1.811587,3.74,0,-0.6727939,0,0.73983,-0.9955062,0,0.09469664
saccade,2.9630,0.03791963,0.04068732,-0.05608481,-0.05553857,-0.1766149,-0.01293012,-0.9826268,0.3485293,-0.1045801,0.9314453,0.1055878,0.03932738,-0.05153427,-0.05386958,-0.1161197,-0.01124475,-0.9917096,0.2315255,-0.1042345,0.9672286,0.14,1.811587,3.74,0,-0.6727939,0,0.73983,-0.9955062,0,0.09469664
saccade,2.9780,0.03791839,0.04069829,-0.05608787,-0.05552406,-0.1766315,-0.01301862,-0.9826235,0.3485702,-0.1045195,0.9314368,0.1055869,0.03935051,-0.05153893,-0.05386053,-0.1161362,-0.01133401,-0.9917071,0.2315671,-0.1041952,0.9672229,0.14,1.811587,3.74,0,-0.6727939,0,0.73983,-0.9955062,0,0.09469664
saccade,2.9916,0.0379107,0.04068553,-0.05608003,-0.05482077,-0.17797,-0.01302064,-0.9824215,0.3511107,-0.1030796,0.9306427,0.1055786,0.03933561,-0.0515236,-0.05387023,-0.1160802,-0.01132166,-0.9917133,0.2314563,-0.1042192,0.9672468,0.14,1.811587,3.74,0,-0.6727939,0,0.73983,-0.9955062,0,0.09469664
saccade,2.9993,0.03790123,0.0406841,-0.05607161,-0.05481268,-0.1779679,-0.01309949,-0.9824212,0.3511149,-0.1030357,0.930646,0.1055693,0.03934467,-0.05151432,-0.05373947,-0.1159078,-0.011392,-0.9917397,0.2311251,-0.1039503,0.9673549,0.14,1.811587,3.74,0,-0.6727939,0,0.73983,-0.9955062,0,0.09469664
saccade,3.0073,0.03788489,0.0406878,-0.05607357,-0.0548878,-0.1779969,-0.01301763,-0.9824129,0.351162,-0.1032108,0.9306088,0.105553,0.03933537,-0.05152125,-0.05380936,-0.1159374,-0.01130565,-0.9917334,0.2311747,-0.1041076,0.9673261,0.14,1.811587,3.74,0,-0.6727939,0,0.73983,-0.9955062,0,0.09469664
saccade,3.0184,0.03787348,0.04069674,-0.05606923,-0.05432413,-0.1788951,-0.01305957,-0.9822805,0.3528692,-0.1020505,0.9300909,0.1055412,0.03935051,-0.05150846,-0.05373729,-0.1158799,-0.01134279,-0.9917437,0.2310654,-0.1039584,0.9673683,0.14,1.811587,3.74,0,-0.6727939,0,0.73983,-0.9955062,0,0.09469664
saccade,3.0306,0.03786831,0.04068506,-0.05608114,-0.05434921,-0.1788656,-0.01313134,-0.9822835,0.3528207,-0.1020752,0.9301066,0.1055359,0.03934729,-0.05151599,-0.05376684,-0.1158501,-0.01141278,-0.9917448,0.2310147,-0.1040016,0.9673758,0.14,1.811587,3.74,0,-0.6727939,0,0.73983,-0.9955062,0,0.09469664
saccade,3.0402,0.03786497,0.04066908,-0.05608771,-0.05442116,-0.1787802,-0.01321991,-0.9822938,0.3526683,-0.1021882,0.9301519,0.1055319,0.0393399,-0.05151068,-0.05380911,-0.1155079,-0.01148832,-0.9917815,0.2303535,-0.1040798,0.967525,0.14,1.811587,3.74,0,-0.6727939,0,0.73983,-0.9955062,0,0.09469664
saccade,3.0520,0.0378647,0.04064572,-0.05606056,-0.05380264,-0.1797356,-0.01320452,-0.9821538,0.354477,-0.1009383,0.9296008,0.1055306,0.03931594,-0.05146843,-0.05369092,-0.1154003,-0.01146871,-0.9918007,0.2301397,-0.1038544,0.9676001,0.14,1.811587,3.74,0,-0.6727939,0,0.73983,-0.9955062,0,0.09469664
saccade,3.0632,0.03786195,0.04065073,-0.0560424,-0.05382014,-0.1797811,-0.01318134,-0.9821448,0.354561,-0.1009788,0.9295643,0.1055282,0.03931773,-0.05145677,-0.05370695,-0.1154462,-0.01144448,-0.9917947,0.2302272,-0.1038901,0.9675755,0.14,1.811587,3.74,0,-0.6727939,0,0.73983,-0.9955062,0,0.09469664
saccade,3.0738,0.03787178,0.0406543,-0.05603673,-0.05385686,-0.179771,-0.01309265,-0.9821458,0.3545329,-0.1010832,0.9295636,0.1055378,0.03930843,-0.0514505,-0.05375634,-0.1150441,-0.01134355,-0.9918399,0.2294302,-0.1040253,0.9677503,0.14,1.811587,3.74,0,-0.6727939,0,0.73983,-0.9955062,0,0.09469664
saccade,3.0849,0.03787955,0.04064381,-0.05601782,-0.05351135,-0.1801867,-0.01293754,-0.9820907,0.355304,-0.1004437,0.9293386,0.1055453,0.0392791,-0.05143315,-0.05369936,-0.1150501,-0.01119087,-0.9918441,0.2294254,-0.1039478,0.9677597,0.14,1.811587,3.74,0,-0.6727939,0,0.73983,-0.9955062,0,0.09469664
saccade,3.0963,0.03791645,0.040645,-0.05600763,-0.05347903,-0.1802444,-0.01288997,-0.9820824,0.3554084,-0.1003949,0.9293039,0.1055826,0.03927553,-0.05143101,-0.05433213,-0.1145803,-0.01115354,-0.9918644,0.2285082,-0.1052243,0.9678388,0.14,1.811587,3.74,0,-0.6727939,0,0.73983,-0.9955062,0,0.09469664
saccade,3.1070,0.03794486,0.04063106,-0.05599933,-0.05351627,-0.1802901,-0.01280776,-0.9820731,0.3554869,-0.1004956,0.929263,0.1056113,0.0392499,-0.05142972,-0.05436392,-0.1146264,-0.01106902,-0.9918583,0.2285898,-0.105305,0.9678107,0.14,1.811587,3.74,0,-0.6727939,0,0.73983,-0.9955062,0,0.09469664
saccade,3.1179,0.03796218,0.04060566,-0.05599714,-0.05358592,-0.1811627,-0.01288308,-0.9819077,0.3571508,-0.100565,0.9286172,0.1056286,0.03922808,-0.05142708,-0.05446429,-0.1146216,-0.01111517,-0.9918528,0.2285862,-0.105493,0.9677911,0.14,1.811587,3.74,0,-0.6727939,0,0.73983,-0.9955062,0,0.09469664
saccade,3.1297,0.03797505,0.0405668,-0.05599258,-0.05362585,-0.1811894,-0.01294285,-0.9818998,0.3572079,-0.1006202,0.9285893,0.1056419,0.0391959,-0.05142604,-0.05449818,-0.1145015,-0.01116776,-0.9918642,0.2283571,-0.1055521,0.9678387,0.14,1.811587,3.74,0,-0.6727939,0,0.73983,-0.9955062,0,0.09469664
saccade,3.1409,0.0380029,0.04053724,-0.05598054,-0.0536355,-0.1812207,-0.01303289,-0.9818923,0.3572764,-0.1006049,0.9285646,0.1056702,0.03917813,-0.05141776,-0.05451393,-0.1145331,-0.01125694,-0.9918587,0.2284286,-0.1055616,0.9678208,0.14,1.811587,3.74,0,-0.6727939,0,0.73983,-0.9955062,0,0.09469664
saccade,3.1516,0.03801771,0.04051876,-0.05597132,-0.05381785,-0.1819268,-0.01311874,-0.9817506,0.3586255,-0.1008981,0.9280125,0.1056857,0.03916657,-0.0514167,-0.05457531,-0.1145937,-0.01131724,-0.9918476,0.2285543,-0.105667,0.9677796,0.14,1.811587,3.74,0,-0.6727939,0,0.73983,-0.9955062,0,0.09469664
saccade,3.1627,0.03803869,0.04048789,-0.05595546,-0.05383088,-0.1819778,-0.01314604,-0.9817401,0.3587252,-0.1009113,0.9279726,0.1057072,0.03913927,-0.05140775,-0.05481873,-0.1148413,-0.01135651,-0.9918051,0.2290454,-0.1061306,0.9676128,0.14,1.811587,3.74,0,-0.6727939,0,0.73983,-0.9955062,0,0.09469664
saccade,3.1741,0.03806842,0.040483,-0.05594727,-0.05386128,-0.1820229,-0.01320414,-0.9817293,0.3588169,-0.1009475,0.9279332,0.1057375,0.0391413,-0.05140556,-0.05485309,-0.1148869,-0.0114124,-0.9917973,0.2291411,-0.106184,0.9675843,0.14,1.811587,3.74,0,-0.6727939,0,0.73983,-0.9955062,0,0.09469664
saccade,3.1848,0.0380907,0.04048157,-0.05594198,-0.05390681,-0.1825207,-0.01315437,-0.981635,0.3597557,-0.1010317,0.9275604,0.1057606,0.03913164,-0.05141571,-0.05488518,-0.1149961,-0.01134947,-0.9917836,0.2293483,-0.1062581,0.967527,0.14,1.811587,3.74,0,-0.6727939,0,0.73983,-0.9955062,0,0.09469664
saccade,3.1960,0.0381087,0.04049182,-0.05591906,-0.05381141,-0.1825031,-0.01309265,-0.9816443,0.3597154,-0.1008684,0.9275939,0.1057784,0.03913677,-0.05139022,-0.05483488,-0.1153367,-0.01130584,-0.9917474,0.2300096,-0.1061567,0.9673812,0.14,1.811587,3.74,0,-0.6727939,0,0.73983,-0.9955062,0,0.09469664
saccade,3.2073,0.03811999,0.04050863,-0.05590838,-0.05385093,-0.1825501,-0.01308334,-0.9816336,0.3598036,-0.100947,0.9275511,0.1057901,0.03915143,-0.05138628,-0.05487377,-0.1153842,-0.01129385,-0.9917398,0.2301016,-0.1062347,0.9673507,0.14,1.811587,3.74,0,-0.6727939,0,0.73983,-0.9955062,0,0.09469664
saccade,3.2183,0.03814393,0.04053378,-0.05589951,-0.05355075,-0.1830645,-0.01303296,-0.9815549,0.3607715,-0.1003543,0.9272394,0.1058138,0.03917217,-0.05137513,-0.05477303,-0.1153686,-0.01124269,-0.9917477,0.2300647,-0.1060479,0.96738,0.14,1.811587,3.74,0,-0.6727939,0,0.73983,-0.9955062,0,0.09469664
saccade,3.2300,0.03815572,0.04054749,-0.05589094,-0.05352852,-0.1829928,-0.01299357,-0.9815699,0.3606316,-0.1003285,0.9272966,0.1058248,0.03918099,-0.05135684,-0.05457755,-0.1152672,-0.01119854,-0.9917709,0.2298598,-0.1056752,0.9674695,0.14,1.811587,3.74,0,-0.6727939,0,0.73983,-0.9955062,0,0.09469664
saccade,3.2402,0.03815551,0.04054546,-0.05589032,-0.05354451,-0.1830017,-0.01299024,-0.9815674,0.3606481,-0.1003606,0.9272867,0.1058247,0.03917801,-0.05135755,-0.0545933,-0.1152762,-0.01119412,-0.991769,0.2298769,-0.105707,0.9674619,0.14,1.811587,3.74,0,-0.6727939,0,0.73983,-0.9955062,0,0.09469664
saccade,3.2513,0.03816138,0.04054391,-0.05589761,-0.05354076,-0.1834819,-0.01297814,-0.9814782,0.3615566,-0.1003357,0.9269356,0.1058301,0.03917289,-0.05135879,-0.05458308,-0.1152308,-0.01116844,-0.9917751,0.2297853,-0.1056944,0.9674851,0.14,1.811587,3.74,0,-0.6727939,0,0.73983,-0.9955062,0,0.09469664
saccade,3.2623,0.038169,0.04054856,-0.0559086,-0.05348748,-0.1834463,-0.01295145,-0.9814881,0.3614861,-0.1002428,0.9269731,0.1058373,0.03917551,-0.05136475,-0.05474021,-0.1152453,-0.0111539,-0.9917649,0.2298136,-0.106008,0.9674441,0.14,1.811587,3.74,0,-0.6727939,0,0.73983,-0.9955062,0,0.09469664
saccade,3.2737,0.03817584,0.04055417,-0.05591439,-0.05351676,-0.1834367,-0.01291095,-0.9814888,0.3614641,-0.1003155,0.9269739,0.1058439,0.0391748,-0.05136965,-0.05476662,-0.1152357,-0.01111148,-0.9917651,0.2297905,-0.1060704,0.9674428,0.14,1.811587,3.74,0,-0.6727939,0,0.73983,-0.9955062,0,0.09469664
saccade,3.2846,0.03818404,0.04055309,-0.0559102,-0.05326904,-0.1835955,-0.01292885,-0.9814724,0.3617652,-0.09981684,0.9269102,0.1058524,0.03917789,-0.05136757,-0.05472948,-0.1152537,-0.01113514,-0.9917647,0.229828,-0.1059908,0.9674425,0.14,1.811587,3.74,0,-0.6727939,0,0.73983,-0.9955062,0,0.09469664
saccade,3.2959,0.03818496,0.04055512,-0.05590691,-0.0532111,-0.183652,-0.01288255,-0.9814655,0.3618673,-0.0997179,0.926881,0.1058537,0.03917623,-0.05137201,-0.05471915,-0.115418,-0.0110975,-0.9917467,0.2301452,-0.1059734,0.967369,0.14,1.811587,3.74,0,-0.6727939,0,0.73983,-0.9955062,0,0.09469664
saccade,3.3071,0.03818865,0.04055202,-0.05590893,-0.0532013,-0.1836648,-0.01288185,-0.9814637,0.3618912,-0.09969841,0.9268737,0.1058576,0.03917348,-0.05137573,-0.05470935,-0.1154308,-0.01109746,-0.9917457,0.2301702,-0.1059536,0.9673653,0.14,1.811587,3.74,0,-0.6727939,0,0.73983,-0.9955062,0,0.09469664
saccade,3.3180,0.03820018,0.04053915,-0.05589834,-0.05296526,-0.1838956,-0.01291332,-0.9814328,0.3623302,-0.09921429,0.9267542,0.1058692,0.0391674,-0.05136427,-0.05462993,-0.1154292,-0.01113343,-0.9917498,0.2301702,-0.1057882,0.9673833,0.14,1.811587,3.74,0,-0.6727939,0,0.73983,-0.9955062,0,0.09469664
saccade,3.3290,0.03820361,0.04052544,-0.05589566,-0.05298185,-0.1839447,-0.01289761,-0.981423,0.3624218,-0.09925031,0.9267145,0.105873,0.03915131,-0.05136854,-0.05464548,-0.1154789,-0.01111657,-0.9917434,0.2302657,-0.1058211,0.967357,0.14,1.811587,3.74,0,-0.6727939,0,0.73983,-0.9955062,0,0.09469664
saccade,3.3405,0.03815727,0.04053533,-0.05585179,-0.05296497,-0.1839664,-0.01286939,-0.9814202,0.3624598,-0.09922671,0.9267022,0.1058268,0.03915823,-0.05132774,-0.05473027,-0.1153954,-0.01109013,-0.9917487,0.2301005,-0.1059979,0.967377,0.14,1.811587,3.74,0,-0.6727939,0,0.73983,-0.9955062,0,0.09469664
saccade,3.3516,0.03816408,0.0405215,-0.05584626,-0.0530634,-0.1838685,-0.01291108,-0.9814326,0.3622792,-0.09940841,0.9267533,0.1058339,0.03915048,-0.05132474,-0.05471975,-0.1154166,-0.01113211,-0.9917464,0.2301462,-0.1059666,0.9673695,0.14,1.811587,3.74,0,-0.6727939,0,0.73983,-0.9955062,0,0.09469664
saccade,3.3627,0.03815702,0.04050934,-0.05584805,-0.05308635,-0.1838714,-0.01289666,-0.981431,0.3622835,-0.09945852,0.9267463,0.1058268,0.03913569,-0.05132717,-0.05474166,-0.1154196,-0.01111613,-0.991745,0.2301507,-0.1060135,0.9673633,0.14,1.811587,3.74,0,-0.6727939,0,0.73983,-0.9955062,0,0.09469664
saccade,3.3738,0.03813984,0.04048729,-0.05585893,-0.05309575,-0.1838706,-0.01288665,-0.9814308,0.3622809,-0.09948066,0.9267449,0.1058096,0.03911197,-0.05133804,-0.05479115,-0.1153037,-0.01110372,-0.9917559,0.229923,-0.1061183,0.967406,0.14,1.811587,3.74,0,-0.6727939,0,0.73983,-0.9955062,0,0.09469664
saccade,3.3850,0.038125,0.04046893,-0.05587199,-0.0529629,-0.1840263,-0.01292242,-0.9814084,0.3625787,-0.09920033,0.9266585,0.1057946,0.03909719,-0.05134682,-0.05482168,-0.1152727,-0.01113782,-0.9917575,0.2298664,-0.1061718,0.9674135,0.14,1.811587,3.74,0,-0.6727939,0,0.73983,-0.9955062,0,0.09469664
saccade,3.3956,0.03810687,0.04044962,-0.0558809,-0.05297139,-0.1840092,-0.01301313,-0.9814099,0.3625556,-0.09918422,0.9266693,0.1057765,0.03908944,-0.05135285,-0.05483641,-0.1152556,-0.01122774,-0.9917576,0.2298426,-0.1061807,0.9674183,0.14,1.811587,3.74,0,-0.6727939,0,0.73983,-0.9955062,0,0.09469664
saccade,3.4073,0.03807991,0.0404253,-0.05589101,-0.05301926,-0.1839547,-0.01305524,-0.9814169,0.3624568,-0.09926485,0.9266993,0.1057491,0.03906858,-0.05135547,-0.05477951,-0.1151637,-0.01126192,-0.991771,0.2296658,-0.1060635,0.9674731,0.14,1.811587,3.74,0,-0.6727939,0,0.73983,-0.9955062,0,0.09469664
saccade,3.4183,0.03804457,0.04043221,-0.05591057,-0.05411759,-0.1763341,-0.01292722,-0.9827566,0.3479862,-0.1018098,0.9319552,0.1057134,0.03907681,-0.05136886,-0.05489841,-0.1151156,-0.01129649,-0.9917696,0.2295767,-0.1062923,0.9674691,0.14,1.811587,3.74,0,-0.6727939,0,0.73983,-0.9955062,0,0.09469664
saccade,3.4292,0.03800879,0.04039037,-0.05592198,-0.05408021,-0.1762568,-0.01304552,-0.982771,0.3478511,-0.1016982,0.9320177,0.1056771,0.03905118,-0.05136868,-0.05486828,-0.1150376,-0.01141688,-0.991779,0.2294366,-0.1062077,0.9675117,0.14,1.811587,3.74,0,-0.6727939,0,0.73983,-0.9955062,0,0.09469664
saccade,3.4401,0.03798326,0.04037523,-0.05593352,-0.05413637,-0.1761743,-0.01304804,-0.9827826,0.3476948,-0.1018111,0.9320638,0.1043876,0.03893733,-0.05197186,-0.05519468,-0.1039873,-0.01112522,-0.9929836,0.2077434,-0.1073011,0.9722804,0.14,1.811587,3.74,0,-0.6727939,0,0.73983,-0.9955062,0,0.09469664
saccade,3.4514,0.03796779,0.04037213,-0.05594482,-0.07210471,-0.1247696,-0.01232796,-0.9894855,0.2486933,-0.1396168,0.9584669,0.1043718,0.03894305,-0.05197438,-0.05520158,-0.1039248,-0.01119736,-0.9929889,0.2076286,-0.1073018,0.9723048,0.14,1.811587,3.74,0,-0.6727939,0,0.73983,-0.9955062,0,0.09469664
saccade,3.4628,0.03795215,0.04036558,-0.05595822,-0.07209973,-0.1247719,-0.01226605,-0.9894864,0.248689,-0.1396225,0.9584672,0.104356,0.03892863,-0.05198861,-0.05519528,-0.1039281,-0.01113562,-0.9929897,0.2076284,-0.1073021,0.9723048,0.14,1.811587,3.74,0,-0.6727939,0,0.73983,-0.9955062,0,0.09469664
saccade,3.4736,0.0379426,0.04036617,-0.05596131,-0.07208882,-0.1246641,-0.01227548,-0.9895006,0.2484802,-0.1396032,0.9585242,0.1043456,0.03892958,-0.05197716,-0.05782949,-0.04422952,-0.00959017,-0.9973001,0.08932941,-0.1144984,0.989399,0.14,1.811587,3.74,0,-0.6727939,0,0.73983,-0.9955062,0,0.09469664
saccade,3.4847,0.0379324,0.04035997,-0.05596677,-0.09717546,-0.04478825,-0.01091392,-0.9941991,0.09117801,-0.1922459,0.9771019,0.1043353,0.03892374,-0.05198077,-0.05778284,-0.04421708,-0.009588211,-0.9973034,0.08930375,-0.1144061,0.989412,0.14,1.811587,3.74,0,-0.6727939,0,0.73983,-0.9955062,0,0.09469664
saccade,3.4956,0.0379121,0.04036832,-0.05593953,-0.09715664,-0.04479468,-0.01089924,-0.9942008,0.09118769,-0.19221,0.9771081,0.104315,0.03893054,-0.05195448,-0.060591,0.01430693,-0.008037384,-0.9980278,-0.02758344,-0.121173,0.9922481,0.14,1.811587,3.74,0,-0.6727939,0,0.73983,-0.9955062,0,0.09469664
saccade,3.5070,0.03789212,0.04037213,-0.05592194,-0.09716243,-0.0448129,-0.01088527,-0.9941996,0.09122121,-0.1922221,0.9771025,0.1042952,0.03893256,-0.0519395,-0.06059603,0.01428816,-0.008023783,-0.9980279,-0.02754755,-0.1211823,0.9922479,0.14,1.811587,3.74,0,-0.6727939,0,0.73983,-0.9955062,0,0.09469664
saccade,3.5184,0.03789077,0.0403688,-0.05592189,-0.1127295,0.0005535633,-0.01016782,-0.9935735,0.001192414,-0.2240213,0.9745835,0.1042942,0.03893375,-0.05194326,-0.0606,0.01425751,-0.00805653,-0.9980278,-0.02748234,-0.1211907,0.9922487,0.14,1.811587,3.74,0,-0.6727939,0,0.73983,-0.9955062,0,0.09469664
saccade,3.5293,0.03789208,0.04035759,-0.05591793,-0.1127025,0.0005532504,-0.01012921,-0.993577,0.001183782,-0.2239684,0.9745957,0.1042954,0.03891778,-0.05193981,-0.0618807,0.03514143,-0.007475097,-0.9974367,-0.06917758,-0.1239695,0.9898717,0.14,1.811587,3.74,0,-0.6727939,0,0.73983,-0.9955062,0,0.09469664
saccade,3.5415,0.03790399,0.04034472,-0.05589278,-0.1128152,0.0005228706,-0.01014932,-0.993564,0.001250984,-0.2241888,0.9745449,0.1043076,0.03890705,-0.05191885,-0.06199456,0.03511184,-0.00749286,-0.9974306,-0.06911422,-0.1241967,0.9898477,0.14,1.811587,3.74,0,-0.6727939,0,0.73983,-0.9955062,0,0.09469664
saccade,3.5515,0.03790985,0.04032576,-0.05588878,-0.1144611,0.00774681,-0.01004819,-0.9933467,-0.01309028,-0.2275548,0.9736773,0.1043134,0.03889394,-0.05191139,-0.06202578,0.03513586,-0.007538711,-0.9974275,-0.06915575,-0.1242622,0.9898366,0.14,1.811587,3.74,0,-0.6727939,0,0.73983,-0.9955062,0,0.09469664
saccade,3.5625,0.03790503,0.04032063,-0.05588791,-0.1145056,0.00769174,-0.01004437,-0.993342,-0.01298079,-0.2276409,0.9736586,0.104309,0.03888881,-0.05191802,-0.06207037,0.0350806,-0.007536598,-0.9974266,-0.06904504,-0.1243501,0.9898332,0.14,1.811587,3.74,0,-0.6727939,0,0.73983,-0.9955062,0,0.09469664
saccade,3.5737,0.03789951,0.04036283,-0.05588583,-0.1144521,0.007631878,-0.01005418,-0.9933486,-0.01286079,-0.2275351,0.973685,0.104304,0.03893363,-0.05192347,-0.06316133,0.04722079,-0.007243223,-0.9968593,-0.09322998,-0.12661,0.9875617,0.14,1.811587,3.74,0,-0.6727939,0,0.73983,-0.9955062,0,0.09469664
saccade,3.5846,0.03790176,0.0403837,-0.05587957,-0.1143829,0.007598943,-0.01007382,-0.9933566,-0.01279237,-0.2273991,0.9737176,0.1043065,0.03895807,-0.05192097,-0.06309269,0.0471891,-0.007267244,-0.9968649,-0.0931653,-0.1264756,0.987585,0.14,1.811587,3.74,0,-0.6727939,0,0.73983,-0.9955062,0,0.09469664
saccade,3.5962,0.03790286,0.04039001,-0.0558724,-0.1145495,0.01224279,-0.01002846,-0.9932915,-0.02202381,-0.2278077,0.973457,0.1043078,0.038975,-0.05191287,-0.06302312,0.0471892,-0.007347075,-0.9968688,-0.09315681,-0.126345,0.9876025,0.14,1.811587,3.74,0,-0.6727939,0,0.73983,-0.9955062,0,0.09469664
saccade,3.6069,0.03790282,0.04038942,-0.05586903,-0.1145194,0.0122665,-0.01007085,-0.9932942,-0.02206188,-0.22775,0.9734697,0.1043077,0.03897989,-0.0519056,-0.06461506,0.055749,-0.007201879,-0.9963258,-0.1101576,-0.1295583,0.9854339,0.14,1.811587,3.74,0,-0.6727939,0,0.73983,-0.9955062,0,0.09469664
saccade,3.6179,0.03792628,0.040411,-0.05588604,-0.1145656,0.01223255,-0.01009845,-0.9932891,-0.02198704,-0.2278406,0.9734502,0.1043315,0.03900528,-0.05192686,-0.06466269,0.05571641,-0.007229119,-0.9963243,-0.1100883,-0.1296556,0.9854288,0.14,1.811587,3.74,0,-0.6727939,0,0.73983,-0.9955062,0,0.09469664
saccade,3.6293,0.0379356,0.04040575,-0.05588607,-0.1163402,0.0141084,-0.01010244,-0.9930578,-0.02567028,-0.2313501,0.9725319,0.1043403,0.03899872,-0.05191924,-0.06469511,0.0557753,-0.007222534,-0.996319,-0.1102054,-0.1297196,0.9854073,0.14,1.811587,3.74,0,-0.6727939,0,0.73983,-0.9955062,0,0.09469664
saccade,3.6405,0.03793917,0.04037547,-0.05588984,-0.1164012,0.01413923,-0.01009493,-0.9930503,-0.0257318,-0.2314699,0.9725017,0.1043436,0.03896666,-0.0519193,-0.06596234,0.06149821,-0.007089065,-0.9959,-0.1215569,-0.1322557,0.9837339,0.14,1.811587,3.74,0,-0.6727939,0,0.73983,-0.9955062,0,0.09469664
saccade,3.6514,0.03793995,0.04033291,-0.05589575,-0.116472,0.01418464,-0.0101679,-0.9930406,-0.02580329,-0.2316113,0.9724662,0.1043442,0.03893244,-0.05191837,-0.06603677,0.061547,-0.007156203,-0.9958915,-0.1216431,-0.1324118,0.9837022,0.14,1.811587,3.74,0,-0.6727939,0,0.73983,-0.9955062,0,0.09469664
saccade,3.6626,0.03795768,0.04027176,-0.05588273,-0.117308,0.01577242,-0.01015232,-0.9929185,-0.02893957,-0.2332748,0.9719802,0.1043607,0.03886855,-0.0518861,-0.0661475,0.06169547,-0.007144584,-0.9958751,-0.1219368,-0.1326309,0.9836364,0.14,1.811587,3.74,0,-0.6727939,0,0.73983,-0.9955062,0,0.09469664
saccade,3.6735,0.037972,0.04027855,-0.05586578,-0.1173632,0.01576098,-0.01003451,-0.9929133,-0.02894322,-0.2333792,0.9719549,0.1043749,0.03885972,-0.05187272,-0.06671626,0.06592414,-0.00692055,-0.9955677,-0.1303405,-0.1337536,0.9824059,0.14,1.811587,3.74,0,-0.6727939,0,0.73983,-0.9955062,0,0.09469664
saccade,3.6850,0.03798844,0.04029274,-0.05584134,-0.1172964,0.01571376,-0.009905268,-0.9929233,-0.02888141,-0.2332439,0.9719893,0.1043914,0.03885794,-0.05185627,-0.0666429,0.06587067,-0.006797401,-0.995577,-0.1302527,-0.1335918,0.9824396,0.14,1.811587,3.74,0,-0.6727939,0,0.73983,-0.9955062,0,0.09469664
saccade,3.6957,0.0380108,0.0403229,-0.05582178,-0.1177794,0.01685185,-0.009675224,-0.9928496,-0.03118363,-0.2342006,0.971688,0.1044139,0.03886092,-0.05184813,-0.06667721,0.06579972,-0.006588307,-0.9955808,-0.1301393,-0.1336321,0.9824491,0.14,1.811587,3.74,0,-0.6727939,0,0.73983,-0.9955062,0,0.09469664
saccade,3.7068,0.03802337,0.0403496,-0.05581137,-0.1179005,0.01676106,-0.009570751,-0.9928378,-0.03102524,-0.234433,0.9716371,0.104427,0.03887463,-0.05185182,-0.0664813,0.06953944,-0.006362066,-0.9953412,-0.137585,-0.133228,0.981489,0.14,1.811587,3.74,0,-0.6727939,0,0.73983,-0.9955062,0,0.09469664
saccade,3.7181,0.03806189,0.04033172,-0.05577634,-0.1178696,0.01671351,-0.009485045,-0.9928432,-0.03095178,-0.2343691,0.9716548,0.1044658,0.03884637,-0.05182429,-0.06644587,0.06948772,-0.006280699,-0.9953477,-0.1374942,-0.1331464,0.9815128,0.14,1.811587,3.74,0,-0.6727939,0,0.73983,-0.9955062,0,0.09469664
saccade,3.7297,0.03807899,0.04033256,-0.05576337,-0.1180047,0.01775963,-0.009465714,-0.9928091,-0.03302984,-0.2346485,0.9715189,0.1044834,0.038849,-0.05181886,-0.06650997,0.06943187,-0.006290019,-0.9953473,-0.1373809,-0.1332745,0.9815113,0.14,1.811587,3.74,0,-0.6727939,0,0.73983,-0.9955062,0,0.09469664
saccade,3.7401,0.03807322,0.04034746,-0.05577523,-0.1180941,0.01773546,-0.009596069,-0.9927977,-0.03294897,-0.2348276,0.9714785,0.104478,0.03888106,-0.05183219,-0.06729127,0.07209782,-0.006361627,-0.9951047,-0.1426336,-0.134841,0.9805476,0.14,1.811587,3.74,0,-0.6727939,0,0.73983,-0.9955062,0,0.09469664
saccade,3.7514,0.03809589,0.04032338,-0.05576225,-0.119172,0.01859723,-0.009652127,-0.9926525,-0.03462065,-0.2369517,0.9709044,0.1045012,0.03886366,-0.05182441,-0.06733789,0.0720566,-0.006409593,-0.9951043,-0.1425444,-0.1349402,0.9805469,0.14,1.811587,3.74,0,-0.6727939,0,0.73983,-0.9955062,0,0.09469664
saccade,3.7627,0.03810127,0.04032063,-0.0557626,-0.1192556,0.01854387,-0.009711624,-0.9926429,-0.03449856,-0.2371167,0.9708684,0.1045071,0.03886938,-0.05183117,-0.06742521,0.07200633,-0.00646725,-0.9951016,-0.1424351,-0.1351212,0.9805378,0.14,1.811587,3.74,0,-0.6727939,0,0.73983,-0.9955062,0,0.09469664
saccade,3.7737,0.03809595,0.04032779,-0.05575163,-0.1192894,0.01847921,-0.009725383,-0.99264,-0.03436612,-0.2371822,0.9708571,0.1045024,0.03887916,-0.05182863,-0.06799816,0.07426511,-0.006432596,-0.9948968,-0.1468974,-0.1362577,0.9797219,0.14,1.811587,3.74,0,-0.6727939,0,0.73983,-0.9955062,0,0.09469664
saccade,3.7849,0.03809536,0.04035008,-0.05574593,-0.120026,0.01876759,-0.009730573,-0.9925457,-0.03491953,-0.2386278,0.9704831,0.1045027,0.03890252,-0.05183889,-0.0678985,0.07414259,-0.006434408,-0.9949127,-0.146657,-0.1360603,0.9797853,0.14,1.811587,3.74,0,-0.6727939,0,0.73983,-0.9955062,0,0.09469664
saccade,3.7960,0.03809243,0.04037309,-0.05574416,-0.1200076,0.01872613,-0.009613144,-0.9925498,-0.03486593,-0.238587,0.970495,0.1044999,0.03891075,-0.05184439,-0.06787369,0.07409522,-0.006320529,-0.9949187,-0.1465794,-0.1359942,0.9798061,0.14,1.811587,3.74,0,-0.6727939,0,0.73983,-0.9955062,0,0.09469664
saccade,3.8069,0.03806639,0.04040217,-0.05573921,-0.1198661,0.01875046,-0.0095607,-0.9925669,-0.03493017,-0.2383088,0.9705611,0.1044735,0.03893328,-0.05183651,-0.06773321,0.07638941,-0.006209339,-0.9947554,-0.1511364,-0.1357046,0.9791538,0.14,1.811587,3.74,0,-0.6727939,0,0.73983,-0.9955062,0,0.09469664
saccade,3.8185,0.03801833,0.04041696,-0.05573805,-0.1199268,0.01902387,-0.00961095,-0.9925539,-0.03545921,-0.2384332,0.9705113,0.1044252,0.03895462,-0.05182804,-0.06762469,0.07643812,-0.006264294,-0.9947587,-0.1512277,-0.1354982,0.9791682,0.14,1.811587,3.74,0,-0.6727939,0,0.73983,-0.9955062,0,0.09469664
saccade,3.8294,0.03798906,0.04041803,-0.05574468,-0.119839,0.01915267,-0.009730002,-0.9925609,-0.03568832,-0.2382678,0.9705436,0.1043951,0.03896987,-0.05181545,-0.06754306,0.07657283,-0.006381203,-0.9947532,-0.1514801,-0.1353546,0.9791491,0.14,1.811587,3.74,0,-0.6727939,0,0.73983,-0.9955062,0,0.09469664
saccade,3.8403,0.03794954,0.04040456,-0.05576209,-0.1198205,0.01930936,-0.00989055,-0.9925585,-0.03596117,-0.2382397,0.9705404,0.1043546,0.03897512,-0.05180955,-0.06722041,0.07866096,-0.006468503,-0.9946115,-0.1556046,-0.134734,0.9785877,0.14,1.811587,3.74,0,-0.6727939,0,0.73983,-0.9955062,0,0.09469664
saccade,3.8523,0.03792416,0.0403837,-0.05576631,-0.1190137,0.02009505,-0.009966946,-0.9926392,-0.03752187,-0.236676,0.9708638,0.1043286,0.03896892,-0.05179895,-0.06721408,0.07876419,-0.00658565,-0.994603,-0.1557929,-0.1347401,0.9785569,0.14,1.811587,3.74,0,-0.6727939,0,0.73983,-0.9955062,0,0.09469664
saccade,3.8626,0.0378604,0.04036844,-0.0557901,-0.119096,0.02019582,-0.01004343,-0.9926265,-0.03770155,-0.2368414,0.9708166,0.1042642,0.03896177,-0.05180857,-0.06730074,0.07886829,-0.006651788,-0.9945885,-0.1559877,-0.1349223,0.9785008,0.14,1.811587,3.74,0,-0.6727939,0,0.73983,-0.9955062,0,0.09469664
saccade,3.8737,0.03783267,0.04034829,-0.05580381,-0.1191363,0.02031186,-0.01008364,-0.9926189,-0.03792122,-0.2369235,0.9707879,0.1042356,0.03894484,-0.05180649,-0.06710874,0.08110783,-0.006614421,-0.9944215,-0.160423,-0.1345417,0.9778359,0.14,1.811587,3.74,0,-0.6727939,0,0.73983,-0.9955062,0,0.09469664
saccade,3.8851,0.03783061,0.04033399,-0.05580041,-0.1190705,0.0202849,-0.01006101,-0.9926276,-0.03787477,-0.2367935,0.9708215,0.1042337,0.03892827,-0.05180675,-0.06704149,0.08107997,-0.006597281,-0.9944285,-0.1603719,-0.1344057,0.977863,0.14,1.811587,3.74,0,-0.6727939,0,0.73983,-0.9955062,0,0.09469664
saccade,3.8961,0.03780103,0.04034019,-0.05580045,-0.1195388,0.02095455,-0.01011743,-0.9925568,-0.03917832,-0.2377222,0.9705427,0.1042033,0.03893995,-0.05179038,-0.06713437,0.08120227,-0.006644851,-0.9944119,-0.1606048,-0.1345976,0.9777983,0.14,1.811587,3.74,0,-0.6727939,0,0.73983,-0.9955062,0,0.09469664
saccade,3.9071,0.03778516,0.04035521,-0.05580536,-0.1195042,0.0209899,-0.01008941,-0.9925606,-0.03925605,-0.2376538,0.9705564,0.1041871,0.03895092,-0.05179094,-0.06653622,0.08272938,-0.006555239,-0.9943268,-0.1636478,-0.1334021,0.9774576,0.14,1.811587,3.74,0,-0.6727939,0,0.73983,-0.9955062,0,0.09469664
saccade,3.9184,0.03777171,0.04036462,-0.05580492,-0.1194516,0.02105751,-0.01009441,-0.9925654,-0.03939033,-0.2375522,0.9705758,0.104173,0.03896022,-0.0517813,-0.06648351,0.08279707,-0.006559851,-0.9943247,-0.1637821,-0.1332987,0.9774492,0.14,1.811587,3.74,0,-0.6727939,0,0.73983,-0.9955062,0,0.09469664
saccade,3.9291,0.03777001,0.04035342,-0.05580235,-0.1194796,0.02109657,-0.01015191,-0.9925606,-0.03945335,-0.2376098,0.9705591,0.1041711,0.03895581,-0.05177277,-0.06651499,0.08283892,-0.006613333,-0.9943187,-0.1638568,-0.1333699,0.9774269,0.14,1.811587,3.74,0,-0.6727939,0,0.73983,-0.9955062,0,0.09469664
saccade,3.9406,0.03772725,0.04032588,-0.05562072,-0.1200374,0.0206829,-0.01019991,-0.9925015,-0.03860687,-0.2386966,0.9703265,0.1041803,0.03895402,-0.05177216,-0.0669819,0.08430583,-0.006606833,-0.9941642,-0.1667426,-0.134296,0.9768119,0.14,1.811587,3.74,0,-0.6727939,0,0.73983,-0.9955062,0,0.09469664
saccade,3.9527,0.0377229,0.04033256,-0.05561167,-0.1199646,0.02077536,-0.01018517,-0.9925085,-0.03879572,-0.2385551,0.9703537,0.1041752,0.0389576,-0.05175088,-0.06690758,0.08439726,-0.006591812,-0.9941615,-0.1669269,-0.1341465,0.976801,0.14,1.811587,3.74,0,-0.6727939,0,0.73983,-0.9955062,0,0.09469664
saccade,3.9638,0.03773522,0.04034996,-0.05559341,-0.1202225,0.02044559,-0.01011866,-0.9924849,-0.0381509,-0.2390518,0.970257,0.1041879,0.03896511,-0.05174208,-0.06685083,0.08433019,-0.006514428,-0.9941715,-0.1668064,-0.1340211,0.9768388,0.14,1.811587,3.74,0,-0.6727939,0,0.73983,-0.9955062,0,0.09469664
saccade,3.9743,0.03774495,0.04033625,-0.05558828,-0.1202917,0.02039605,-0.009990037,-0.9924788,-0.03808186,-0.2391814,0.9702278,0.1041978,0.03893495,-0.05174581,-0.06693712,0.08573513,-0.006343318,-0.9940466,-0.1696002,-0.1341649,0.9763378,0.14,1.811587,3.74,0,-0.6727939,0,0.73983,-0.9955062,0,0.09469664
saccade,3.9856,0.03775615,0.04032278,-0.05556763,-0.1203815,0.02032866,-0.009905837,-0.9924701,-0.03796622,-0.2393529,0.97019,0.1042094,0.03891098,-0.05173575,-0.06702202,0.08566337,-0.006257186,-0.9940476,-0.1694682,-0.1343182,0.9763397,0.14,1.811587,3.74,0,-0.6727939,0,0.73983,-0.9955062,0,0.09469664
saccade,4.0001,0.03778196,0.04030252,-0.05554919,-0.1208469,0.01978811,-0.009839488,-0.9924251,-0.03689829,-0.2402523,0.9700089,0.1042356,0.03887916,-0.05172826,-0.06714541,0.08559041,-0.00616181,-0.9940462,-0.1693342,-0.1345461,0.9763315,0.14,1.811587,3.74,0,-0.6727939,0,0.73983,-0.9955062,0,0.09469664
saccade,4.0139,0.03780963,0.04027951,-0.05554294,-0.1208566,0.01976536,-0.009838182,-0.9924244,-0.03685324,-0.240271,0.970006,0.1042634,0.03885627,-0.05172507,-0.06744741,0.08637237,-0.006147535,-0.9939582,-0.1708718,-0.1351418,0.9759813,0.14,1.811587,3.74,0,-0.6727939,0,0.73983,-0.9955062,0,0.09469664
saccade,4.0209,0.03782595,0.04026628,-0.05553511,-0.12094,0.01954169,-0.009911358,-0.992418,-0.03638969,-0.2404335,0.9699833,0.1042801,0.0388521,-0.05172078,-0.06750061,0.08634233,-0.006212459,-0.9939568,-0.1708024,-0.1352582,0.9759774,0.14,1.811587,3.74,0,-0.6727939,0,0.73983,-0.9955062,0,0.09469664
saccade,4.0303,0.03783648,0.04025984,-0.0555263,-0.1209776,0.01953658,-0.009948549,-0.9924131,-0.03636962,-0.2405082,0.9699655,0.1042908,0.03885055,-0.0517122,-0.06754082,0.08633913,-0.006247275,-0.9939542,-0.1707904,-0.1353437,0.9759676,0.14,1.811587,3.74,0,-0.6727939,0,0.73983,-0.9955062,0,0.09469664
saccade,4.0417,0.03784543,0.0402565,-0.05550998,-0.1209282,0.01949985,-0.01000658,-0.9924193,-0.0362839,-0.2404132,0.9699922,0.1043001,0.03885579,-0.0516996,-0.0675252,0.08721796,-0.006284873,-0.9938782,-0.1725193,-0.13532,0.9756668,0.14,1.811587,3.74,0,-0.6727939,0,0.73983,-0.9955062,0,0.09469664
saccade,4.0528,0.03786372,0.04024816,-0.05554621,-0.120826,0.01907811,-0.01009646,-0.992439,-0.03542789,-0.2402101,0.9700742,0.1043191,0.03885937,-0.05174296,-0.06752384,0.08715825,-0.006371326,-0.993883,-0.1723898,-0.1353322,0.9756879,0.14,1.811587,3.74,0,-0.6727939,0,0.73983,-0.9955062,0,0.09469664
saccade,4.0635,0.03788116,0.04025126,-0.05554335,-0.1208024,0.01901007,-0.01006464,-0.9924435,-0.03530117,-0.2401617,0.9700908,0.104337,0.03885949,-0.05174951,-0.0674983,0.08708892,-0.006344909,-0.993891,-0.1722572,-0.1352771,0.975719,0.14,1.811587,3.74,0,-0.6727939,0,0.73983,-0.9955062,0,0.09469664
saccade,4.0748,0.03789268,0.04025698,-0.0555404,-0.1207455,0.0191054,-0.009974372,-0.9924495,-0.03551356,-0.2400488,0.970111,0.1043476,0.03885198,-0.05173521,-0.06740313,0.08821339,-0.006222712,-0.993799,-0.1744939,-0.1350682,0.9753504,0.14,1.811587,3.74,0,-0.6727939,0,0.73983,-0.9955062,0,0.09469664
saccade,4.0858,0.03791155,0.04026711,-0.05552785,-0.1203773,0.01931699,-0.009972256,-0.9924902,-0.03594298,-0.2393319,0.9702723,0.1043679,0.03886783,-0.05174561,-0.06742416,0.08803936,-0.006252451,-0.9938129,-0.1741462,-0.1351149,0.9754061,0.14,1.811587,3.74,0,-0.6727939,0,0.73983,-0.9955062,0,0.09469664
saccade,4.0973,0.03794264,0.04027426,-0.05554499,-0.1203536,0.0193479,-0.009913087,-0.992493,-0.03601915,-0.2392839,0.9702813,0.1043986,0.03886676,-0.05175953,-0.06739622,0.08806705,-0.006193481,-0.9938127,-0.1742095,-0.1350493,0.9754039,0.14,1.811587,3.74,0,-0.6727939,0,0.73983,-0.9955062,0,0.09469664
saccade,4.1084,0.0379577,0.04029477,-0.05554175,-0.1202837,0.01935213,-0.009903211,-0.9925016,-0.03603164,-0.2391468,0.9703147,0.1044136,0.03888619,-0.05175562,-0.06733312,0.08927669,-0.006153653,-0.9937092,-0.1766014,-0.1349178,0.9749919,0.14,1.811587,3.74,0,-0.6727939,0,0.73983,-0.9955062,0,0.09469664
saccade,4.1195,0.03795963,0.04030252,-0.05553642,-0.1201504,0.01940225,-0.009892536,-0.9925168,-0.03613693,-0.2388864,0.9703749,0.1044151,0.03889239,-0.05174334,-0.06719846,0.08932634,-0.006149668,-0.993714,-0.1767032,-0.1346508,0.9750103,0.14,1.811587,3.74,0,-0.6727939,0,0.73983,-0.9955062,0,0.09469664
saccade,4.1300,0.03799426,0.04034173,-0.05553435,-0.1199937,0.01933324,-0.009792229,-0.9925381,-0.03602794,-0.2385752,0.9704555,0.1044495,0.03891873,-0.0517427,-0.06715503,0.0893213,-0.006054292,-0.993718,-0.1767072,-0.1345479,0.9750238,0.14,1.811587,3.74,0,-0.6727939,0,0.73983,-0.9955062,0,0.09469664
saccade,4.1415,0.0380168,0.04035747,-0.05553453,-0.119944,0.01932392,-0.009769653,-0.9925445,-0.03601607,-0.238477,0.9704801,0.1044721,0.03893197,-0.05174428,-0.06710364,0.08931097,-0.006035785,-0.9937224,-0.1766906,-0.1344429,0.9750413,0.14,1.811587,3.74,0,-0.6727939,0,0.73983,-0.9955062,0,0.09469664
saccade,4.1528,0.03804034,0.04036796,-0.05552093,-0.1198967,0.01935814,-0.009698031,-0.9925503,-0.03610233,-0.2383825,0.9705001,0.1044952,0.03893268,-0.05172713,-0.06724478,0.09020235,-0.005947731,-0.9936329,-0.1784561,-0.1347062,0.9746833,0.14,1.811587,3.74,0,-0.6727939,0,0.73983,-0.9955062,0,0.09469664
saccade,4.1636,0.03805609,0.04037976,-0.0555112,-0.1197908,0.01904636,-0.009729337,-0.9925688,-0.03547868,-0.2381718,0.9705748,0.1045111,0.03894806,-0.05171837,-0.06720055,0.09019212,-0.005976359,-0.9936367,-0.1784332,-0.1346239,0.974699,0.14,1.811587,3.74,0,-0.6727939,0,0.73983,-0.9955062,0,0.09469664
saccade,4.1744,0.03805541,0.04038095,-0.05551799,-0.1198045,0.01898547,-0.009661082,-0.992569,-0.0353739,-0.2381953,0.9705728,0.1045108,0.03894126,-0.05173434,-0.06752474,0.09073104,-0.005903837,-0.9935661,-0.1794973,-0.1352519,0.9744166,0.14,1.811587,3.74,0,-0.6727939,0,0.73983,-0.9955062,0,0.09469664
saccade,4.1856,0.0380673,0.04038155,-0.05550129,-0.119777,0.01895859,-0.009655997,-0.9925728,-0.03532243,-0.2381409,0.9705881,0.1045229,0.03894174,-0.05172116,-0.06749691,0.09070411,-0.005902172,-0.9935704,-0.1794451,-0.1351966,0.9744338,0.14,1.811587,3.74,0,-0.6727939,0,0.73983,-0.9955062,0,0.09469664
saccade,4.1971,0.03805987,0.04036891,-0.05549702,-0.1197233,0.01863936,-0.009722323,-0.9925847,-0.03467431,-0.2380336,0.9706378,0.1045159,0.03893793,-0.05172244,-0.0675087,0.09065835,-0.005964741,-0.9935734,-0.1793461,-0.1352312,0.9744473,0.14,1.811587,3.74,0,-0.6727939,0,0.73983,-0.9955062,0,0.09469664
saccade,4.2082,0.03808352,0.04037321,-0.05548307,-0.1197288,0.0186083,-0.009727723,-0.9925845,-0.03461125,-0.238044,0.9706375,0.1045398,0.03894341,-0.05171251,-0.06784859,0.09128729,-0.005963549,-0.9934927,-0.1805773,-0.135903,0.9741264,0.14,1.811587,3.74,0,-0.6727939,0,0.73983,-0.9955062,0,0.09469664
saccade,4.2190,0.03809451,0.04036558,-0.05547814,-0.1197249,0.0185457,-0.009697329,-0.9925866,-0.03449441,-0.2380344,0.970644,0.1045513,0.03893268,-0.05171632,-0.06784277,0.09122346,-0.00593685,-0.9934991,-0.1804553,-0.1358866,0.9741513,0.14,1.811587,3.74,0,-0.6727939,0,0.73983,-0.9955062,0,0.09469664
saccade,4.2307,0.03809671,0.040362,-0.05546693,-0.1186058,0.01817994,-0.009707188,-0.9927275,-0.03379279,-0.2358394,0.9712043,0.1045535,0.03893387,-0.05170456,-0.0678706,0.09122574,-0.005971749,-0.9934968,-0.1804544,-0.135948,0.9741429,0.14,1.811587,3.74,0,-0.6727939,0,0.73983,-0.9955062,0,0.09469664
saccade,4.2417,0.03809397,0.04036224,-0.0554496,-0.1186304,0.01817572,-0.009754064,-0.9927242,-0.0337727,-0.235889,0.971193,0.1045509,0.03894031,-0.05168714,-0.06681753,0.08353677,-0.006201025,-0.9942427,-0.165283,-0.1339017,0.9771141,0.14,1.811587,3.74,0,-0.6727939,0,0.73983,-0.9955062,0,0.09469664
saccade,4.2529,0.03808816,0.04032719,-0.05546531,-0.1186318,0.01817378,-0.009753871,-0.9927241,-0.03376885,-0.2358919,0.9711924,0.1045451,0.03890514,-0.05170311,-0.06681902,0.08353481,-0.006200837,-0.9942428,-0.1652791,-0.1339046,0.9771143,0.14,1.811587,3.74,0,-0.6727939,0,0.73983,-0.9955062,0,0.09469664
saccade,4.2638,0.03808141,0.04031384,-0.05546155,-0.1098335,-0.02120598,-0.01054578,-0.9936678,0.04445995,-0.2178287,0.9749738,0.104538,0.03888774,-0.05169377,-0.06683525,0.08357909,-0.006171884,-0.9942381,-0.16537,-0.133932,0.9770952,0.14,1.811587,3.74,0,-0.6727939,0,0.73983,-0.9955062,0,0.09469664
saccade,4.2749,0.03807148,0.04030848,-0.05546074,-0.1098459,-0.02117481,-0.01055144,-0.9936671,0.04439948,-0.2178536,0.974971,0.1045278,0.03888249,-0.05168882,-0.05833891,0.01937182,-0.007717531,-0.9980791,-0.03776876,-0.1167527,0.9924426,0.14,1.811587,3.74,0,-0.6727939,0,0.73983,-0.9955062,0,0.09469664
saccade,4.2862,0.03805938,0.04031992,-0.05546767,-0.1099248,-0.0212055,-0.01062359,-0.9936569,0.04447758,-0.2180044,0.9749337,0.1045161,0.038903,-0.05169912,-0.05842104,0.01934458,-0.007787944,-0.9980742,-0.0377047,-0.1169184,0.9924256,0.14,1.811587,3.74,0,-0.6727939,0,0.73983,-0.9955062,0,0.09469664
saccade,4.2974,0.03803783,0.04028642,-0.05546632,-0.0758777,-0.1126486,-0.01205777,-0.9906601,0.2250228,-0.1476215,0.9631057,0.1044937,0.03887033,-0.05168336,-0.05842931,0.01945275,-0.007799683,-0.9980716,-0.03791901,-0.1169367,0.9924152,0.14,1.811587,3.74,0,-0.6727939,0,0.73983,-0.9955062,0,0.09469664
saccade,4.3081,0.0380315,0.04028058,-0.0554749,-0.07591388,-0.1126539,-0.01211406,-0.9906561,0.2250418,-0.1476797,0.9630923,0.1044876,0.03887105,-0.05169231,-0.04461193,-0.06236524,-0.009686572,-0.9970088,0.1252217,-0.08774876,0.9882407,0.14,1.811587,3.74,0,-0.6727939,0,0.73983,-0.9955062,0,0.09469664
saccade,4.3197,0.03801041,0.04026055,-0.05547055,-0.07593912,-0.1125295,-0.01209139,-0.9906685,0.2247954,-0.1477397,0.9631407,0.1044655,0.03884614,-0.05167172,-0.04463586,-0.06224121,-0.009658688,-0.9970158,0.1249732,-0.08780297,0.9882674,0.14,1.811587,3.74,0,-0.6727939,0,0.73983,-0.9955062,0,0.09469664
saccade,4.3306,0.03798889,0.04025888,-0.0554838,-0.05246702,-0.1598142,-0.01267316,-0.9856704,0.3163781,-0.09937968,0.9434133,0.1044441,0.03885353,-0.05168479,-0.04464532,-0.06224243,-0.009727681,-0.9970146,0.1249818,-0.08781312,0.9882653,0.14,1.811587,3.74,0,-0.6727939,0,0.73983,-0.9955062,0,0.09469664
saccade,4.3417,0.03797587,0.04026365,-0.05549649,-0.05244869,-0.1598162,-0.01269425,-0.9856708,0.3163839,-0.09933679,0.9434158,0.1044312,0.03886151,-0.05169751,-0.03878539,-0.1057559,-0.01075965,-0.9935772,0.2109879,-0.07479677,0.9746228,0.14,1.811587,3.74,0,-0.6727939,0,0.73983,-0.9955062,0,0.09469664
saccade,4.3527,0.03798581,0.04027462,-0.05549756,-0.05240438,-0.1597738,-0.01265241,-0.9856805,0.3162979,-0.09926489,0.9434522,0.1044407,0.03886807,-0.0516929,-0.03873878,-0.1057136,-0.01071967,-0.993584,0.2109012,-0.07471404,0.9746479,0.14,1.811587,3.74,0,-0.6727939,0,0.73983,-0.9955062,0,0.09469664
saccade,4.3638,0.03798515,0.04029179,-0.05550422,-0.04665866,-0.1726579,-0.01278229,-0.9837931,0.3409121,-0.087391,0.9360244,0.1044401,0.03888178,-0.05170173,-0.03873888,-0.1057289,-0.01069296,-0.9935826,0.2109292,-0.07471944,0.9746414,0.14,1.811587,3.74,0,-0.6727939,0,0.73983,-0.9955062,0,0.09469664
saccade,4.3748,0.03798111,0.04031622,-0.05553046,-0.0466216,-0.172686,-0.01275923,-0.9837902,0.3409632,-0.08732507,0.936012,0.1044362,0.03890455,-0.05173167,-0.03601319,-0.1137368,-0.01080168,-0.9927992,0.2266136,-0.06905064,0.971534,0.14,1.811587,3.74,0,-0.6727939,0,0.73983,-0.9955062,0,0.09469664
saccade,4.3862,0.03798536,0.04032874,-0.05553185,-0.04656121,-0.1727334,-0.01270846,-0.9837855,0.3410486,-0.08722214,0.9359905,0.1044407,0.03891265,-0.05173938,-0.0359499,-0.1137849,-0.01075514,-0.9927965,0.2267037,-0.06893432,0.9715212,0.14,1.811587,3.74,0,-0.6727939,0,0.73983,-0.9955062,0,0.09469664
saccade,4.3973,0.03800055,0.04036868,-0.05554231,-0.04264341,-0.1798365,-0.01278048,-0.9826887,0.3545366,-0.0792136,0.9316807,0.1044561,0.03895605,-0.05175085,-0.0358792,-0.1137955,-0.01076929,-0.9927977,0.2267245,-0.06879058,0.9715266,0.14,1.811587,3.74,0,-0.6727939,0,0.73983,-0.9955062,0,0.09469664
saccade,4.4081,0.03801619,0.04038489,-0.05556048,-0.04256774,-0.1798285,-0.01268911,-0.9826946,0.3545132,-0.07909846,0.9316995,0.1044714,0.03896272,-0.05176797,-0.03579757,-0.1137877,-0.01068311,-0.9928025,0.2267022,-0.06864861,0.9715418,0.14,1.811587,3.74,0,-0.6727939,0,0.73983,-0.9955062,0,0.09469664
saccade,4.4191,0.03802711,0.04039133,-0.05557185,-0.04239224,-0.1797955,-0.01267255,-0.9827085,0.3544476,-0.07876149,0.9317529,0.1044821,0.03897238,-0.05177401,-0.03498315,-0.1176307,-0.01076131,-0.9923827,0.2342222,-0.06690162,0.9698784,0.14,1.811587,3.74,0,-0.6727939,0,0.73983,-0.9955062,0,0.09469664
saccade,4.4304,0.03803553,0.04043901,-0.05557946,-0.03968503,-0.1844421,-0.01262136,-0.9819608,0.3632317,-0.07328246,0.9288124,0.1044913,0.03901148,-0.05179834,-0.03493582,-0.117755,-0.01068272,-0.9923705,0.2344596,-0.06682267,0.9698265,0.14,1.811587,3.74,0,-0.6727939,0,0.73983,-0.9955062,0,0.09469664
saccade,4.4419,0.03804261,0.04045343,-0.05557953,-0.03967331,-0.1844392,-0.01262812,-0.9819617,0.3632264,-0.07325711,0.9288164,0.1044984,0.03902709,-0.05179792,-0.0349246,-0.117752,-0.01069023,-0.9923711,0.2344541,-0.06679872,0.9698295,0.14,1.811587,3.74,0,-0.6727939,0,0.73983,-0.9955062,0,0.09469664
saccade,4.4531,0.03805585,0.04046249,-0.05559296,-0.03971993,-0.1844419,-0.01257703,-0.98196,0.3632282,-0.07336731,0.9288071,0.1058498,0.03909409,-0.05141437,-0.03462135,-0.1202587,-0.01069206,-0.9920811,0.2393531,-0.06612275,0.9686784,0.14,1.811587,3.74,0,-0.6727939,0,0.73983,-0.9955062,0,0.09469664
saccade,4.4638,0.03806864,0.04046679,-0.05561064,-0.03828502,-0.1877461,-0.0126131,-0.9813901,0.3694702,-0.07040896,0.9265713,0.1058627,0.03909743,-0.05143375,-0.03464071,-0.1202704,-0.01068796,-0.9920791,0.2393759,-0.06616175,0.9686701,0.14,1.811587,3.74,0,-0.6727939,0,0.73983,-0.9955062,0,0.09469664
saccade,4.4749,0.03807593,0.0404774,-0.05561766,-0.03835913,-0.1877912,-0.01262874,-0.9813784,0.3695574,-0.07054651,0.9265261,0.1058704,0.03910792,-0.05144732,-0.03471576,-0.1203161,-0.01069872,-0.9920708,0.239467,-0.06630652,0.9686377,0.14,1.811587,3.74,0,-0.6727939,0,0.73983,-0.9955062,0,0.09469664
saccade,4.4863,0.03808082,0.04048443,-0.05561928,-0.03838339,-0.1877639,-0.01254986,-0.9813837,0.3695003,-0.07062486,0.9265429,0.1058748,0.03910351,-0.05144565,-0.03558193,-0.1222039,-0.01069821,-0.9918093,0.2431673,-0.06796625,0.9676003,0.14,1.811587,3.74,0,-0.6727939,0,0.73983,-0.9955062,0,0.09469664
saccade,4.4970,0.0380706,0.04044938,-0.05562781,-0.03690588,-0.1888558,-0.01253348,-0.9812311,0.3715476,-0.06769235,0.9259428,0.1058646,0.03906822,-0.05145368,-0.03560697,-0.1221995,-0.01070093,-0.991809,0.2431592,-0.06801534,0.9675989,0.14,1.811587,3.74,0,-0.6727939,0,0.73983,-0.9955062,0,0.09469664
saccade,4.5083,0.03807078,0.04045892,-0.05562237,-0.03688777,-0.1888859,-0.01253546,-0.9812259,0.3716043,-0.06765493,0.9259228,0.105865,0.03907883,-0.05145228,-0.03558906,-0.1222299,-0.01070418,-0.9918058,0.2432185,-0.06797813,0.9675866,0.14,1.811587,3.74,0,-0.6727939,0,0.73983,-0.9955062,0,0.09469664
saccade,4.5196,0.03807196,0.04047537,-0.05561246,-0.03687238,-0.1889303,-0.01253604,-0.981218,0.3716882,-0.0676228,0.9258915,0.1058666,0.03909612,-0.05144841,-0.03610935,-0.12288,-0.01074003,-0.9917063,0.2444973,-0.06898027,0.9671932,0.14,1.811587,3.74,0,-0.6727939,0,0.73983,-0.9955062,0,0.09469664
saccade,4.5305,0.03807536,0.04045272,-0.05563078,-0.03587733,-0.1913008,-0.01260746,-0.9807945,0.3761582,-0.06555295,0.9242337,0.1058704,0.03908074,-0.05146993,-0.03605465,-0.1229067,-0.01078415,-0.9917045,0.244552,-0.06886022,0.967188,0.14,1.811587,3.74,0,-0.6727939,0,0.73983,-0.9955062,0,0.09469664
saccade,4.5416,0.03807756,0.04043055,-0.05564763,-0.03584527,-0.1913143,-0.01274873,-0.9807913,0.3761927,-0.06543542,0.9242279,0.105873,0.03907835,-0.05148791,-0.03702457,-0.124085,-0.01099157,-0.9915197,0.2468794,-0.0706934,0.9664642,0.14,1.811587,3.74,0,-0.6727939,0,0.73983,-0.9955062,0,0.09469664
saccade,4.5525,0.03807456,0.04042387,-0.05564066,-0.03583883,-0.191291,-0.01275042,-0.980796,0.3761489,-0.06542309,0.9242466,0.1058698,0.03907192,-0.05147769,-0.03701825,-0.1240615,-0.01099371,-0.9915228,0.2468336,-0.0706811,0.9664768,0.14,1.811587,3.74,0,-0.6727939,0,0.73983,-0.9955062,0,0.09469664
saccade,4.5635,0.03806309,0.04042685,-0.05563391,-0.03484202,-0.1918652,-0.01282605,-0.9807188,0.3772255,-0.0634187,0.9239475,0.1058587,0.03908646,-0.05147246,-0.0370594,-0.1240743,-0.01108605,-0.9915187,0.2468657,-0.0707392,0.9664643,0.14,1.811587,3.74,0,-0.6727939,0,0.73983,-0.9955062,0,0.09469664
saccade,4.5756,0.03806411,0.04042518,-0.05562735,-0.03484245,-0.1918109,-0.01279748,-0.9807298,0.3771211,-0.06343266,0.9239892,0.1058592,0.03908074,-0.05145852,-0.03656724,-0.1247159,-0.0110601,-0.9914567,0.2481098,-0.06975093,0.9662175,0.14,1.811587,3.74,0,-0.6727939,0,0.73983,-0.9955062,0,0.09469664
saccade,4.5862,0.03805734,0.04041898,-0.055622,-0.03481086,-0.1917399,-0.01272828,-0.9807457,0.3769823,-0.06340017,0.924048,0.1058516,0.03906608,-0.05144347,-0.03653097,-0.124644,-0.01099327,-0.991468,0.2479643,-0.06969808,0.9662587,0.14,1.811587,3.74,0,-0.6727939,0,0.73983,-0.9955062,0,0.09469664
saccade,4.5975,0.03804908,0.04040861,-0.05562207,-0.03395421,-0.1923017,-0.01270068,-0.980666,0.37803,-0.06171076,0.9237343,0.105843,0.03905189,-0.05143905,-0.03658284,-0.1246089,-0.01097662,-0.9914706,0.2478951,-0.06980605,0.9662687,0.14,1.811587,3.74,0,-0.6727939,0,0.73983,-0.9955062,0,0.09469664
saccade,4.6083,0.03804603,0.04036939,-0.05560962,-0.03399986,-0.1921774,-0.01275073,-0.9806882,0.3777992,-0.06178571,0.9238237,0.105839,0.03901708,-0.05140949,-0.03609115,-0.1254552,-0.01103185,-0.9913812,0.2495442,-0.06879216,0.9659168,0.14,1.811587,3.74,0,-0.6727939,0,0.73983,-0.9955062,0,0.09469664
saccade,4.6191,0.03804491,0.04031909,-0.05560907,-0.03412127,-0.1921079,-0.01272451,-0.9806979,0.3776681,-0.06203635,0.9238605,0.1058372,0.03895879,-0.0514001,-0.03621046,-0.1253852,-0.01099757,-0.9913861,0.2494067,-0.06903924,0.9659348,0.14,1.811587,3.74,0,-0.6727939,0,0.73983,-0.9955062,0,0.09469664
saccade,4.6303,0.03805158,0.04031444,-0.05559798,-0.03356328,-0.1930117,-0.01263038,-0.9805409,0.3793596,-0.06094471,0.9232399,0.1058432,0.03894007,-0.05138329,-0.03622998,-0.1253394,-0.01089621,-0.9913924,0.2493105,-0.06910481,0.9659548,0.14,1.811587,3.74,0,-0.6727939,0,0.73983,-0.9955062,0,0.09469664
saccade,4.6417,0.03807013,0.04033923,-0.05557463,-0.03364533,-0.1930468,-0.01243949,-0.9805337,0.3794148,-0.06117795,0.9232019,0.1058615,0.03893709,-0.05136592,-0.03723172,-0.1260162,-0.01074884,-0.991271,0.2506327,-0.07110441,0.9654675,0.14,1.811587,3.74,0,-0.6727939,0,0.73983,-0.9955062,0,0.09469664
saccade,4.6529,0.03809985,0.04036033,-0.05557959,-0.03370226,-0.1931486,-0.01227707,-0.9805137,0.3795972,-0.06134846,0.9231156,0.1058917,0.03893542,-0.05138585,-0.03727756,-0.1261186,-0.01058263,-0.991258,0.2508212,-0.07123402,0.9654089,0.14,1.811587,3.74,0,-0.6727939,0,0.73983,-0.9955062,0,0.09469664
saccade,4.6636,0.03812604,0.04037511,-0.05558144,-0.03317747,-0.1935441,-0.01224449,-0.980454,0.3803347,-0.06031827,0.9228798,0.1059185,0.03894687,-0.05139793,-0.03729707,-0.1261921,-0.01055801,-0.9912483,0.250963,-0.07127663,0.9653689,0.14,1.811587,3.74,0,-0.6727939,0,0.73983,-0.9955062,0,0.09469664
saccade,4.6748,0.03815814,0.04039824,-0.05554995,-0.03319789,-0.1936194,-0.01225991,-0.9804382,0.3804777,-0.06034945,0.9228189,0.1059513,0.03897166,-0.05137689,-0.03779992,-0.1270786,-0.01060989,-0.9911154,0.2527011,-0.07223159,0.9648444,0.14,1.811587,3.74,0,-0.6727939,0,0.73983,-0.9955062,0,0.09469664
saccade,4.6860,0.03818147,0.04041708,-0.05554335,-0.03317534,-0.1936785,-0.01239936,-0.9804256,0.3805974,-0.06024893,0.9227761,0.1059754,0.03900981,-0.05137782,-0.03778686,-0.1271389,-0.01075031,-0.9911066,0.2528289,-0.07216804,0.9648157,0.14,1.811587,3.74,0,-0.6727939,0,0.73983,-0.9955062,0,0.09469664
saccade,4.6973,0.03820859,0.04042876,-0.05557579,-0.03305501,-0.1943401,-0.01250512,-0.9802974,0.3818489,-0.059947,0.9222786,0.1060036,0.03903306,-0.05142309,-0.03783636,-0.1272341,-0.01084269,-0.9910915,0.2530218,-0.07223947,0.9647598,0.14,1.811587,3.74,0,-0.6727939,0,0.73983,-0.9955062,0,0.09469664
saccade,4.7084,0.03822103,0.040447,-0.05559237,-0.03307587,-0.1944033,-0.01253557,-0.9802838,0.3819701,-0.05997356,0.9222267,0.1060167,0.03905487,-0.0514484,-0.03785927,-0.1272982,-0.01087139,-0.9910821,0.2531492,-0.07227547,0.9647236,0.14,1.811587,3.74,0,-0.6727939,0,0.73983,-0.9955062,0,0.09469664
saccade,4.7193,0.03823529,0.04048443,-0.05560818,-0.03296093,-0.194462,-0.01253165,-0.9802761,0.382079,-0.05974775,0.9221962,0.1060314,0.039096,-0.05147171,-0.03794836,-0.1278425,-0.01089502,-0.9910084,0.2542128,-0.0724286,0.9644325,0.14,1.811587,3.74,0,-0.6727939,0,0.73983,-0.9955062,0,0.09469664
saccade,4.7303,0.03824527,0.04052949,-0.05562073,-0.0325893,-0.1954301,-0.01245384,-0.9800969,0.3838926,-0.05901363,0.92149,0.1060423,0.03913367,-0.05150145,-0.03782621,-0.1279698,-0.01081066,-0.9909975,0.2544534,-0.07220449,0.9643858,0.14,1.811587,3.74,0,-0.6727939,0,0.73983,-0.9955062,0,0.09469664
saccade,4.7415,0.03824323,0.04059422,-0.05563333,-0.03242391,-0.1955207,-0.01235261,-0.9800856,0.384055,-0.05872604,0.9214407,0.1060409,0.03919125,-0.05152605,-0.03765438,-0.1280608,-0.01072057,-0.9909933,0.2546221,-0.07188471,0.9643652,0.14,1.811587,3.74,0,-0.6727939,0,0.73983,-0.9955062,0,0.09469664
saccade,4.7524,0.03823066,0.04065681,-0.05564971,-0.0322354,-0.1954932,-0.01220525,-0.9800991,0.3839923,-0.05841568,0.9214866,0.1060278,0.03924084,-0.05153814,-0.03754722,-0.1286765,-0.0106068,-0.9909189,0.2558123,-0.0716828,0.9640651,0.14,1.811587,3.74,0,-0.6727939,0,0.73983,-0.9955062,0,0.09469664
saccade,4.7637,0.03820369,0.04066372,-0.05566621,-0.03171777,-0.1959902,-0.01213351,-0.9800177,0.3849174,-0.05741185,0.9211636,0.1060001,0.03924119,-0.05154597,-0.03744807,-0.1286143,-0.01054119,-0.9909313,0.2556854,-0.07150543,0.964112,0.14,1.811587,3.74,0,-0.6727939,0,0.73983,-0.9955062,0,0.09469664
saccade,4.7749,0.03817983,0.04067695,-0.05571549,-0.03163906,-0.1958813,-0.01217071,-0.9800416,0.3847138,-0.05724716,0.921259,0.1059755,0.03926146,-0.05157966,-0.03737203,-0.1285043,-0.01058424,-0.9909481,0.2554733,-0.07134724,0.9641799,0.14,1.811587,3.74,0,-0.6727939,0,0.73983,-0.9955062,0,0.09469664
saccade,4.7858,0.03814004,0.04068947,-0.05576,-0.03151115,-0.1957731,-0.0121391,-0.9800677,0.3845067,-0.05701311,0.9213599,0.1059347,0.03927386,-0.05160865,-0.03749298,-0.1288421,-0.01058212,-0.9908996,0.2561327,-0.07157671,0.9639879,0.14,1.811587,3.74,0,-0.6727939,0,0.73983,-0.9955062,0,0.09469664
saccade,4.7972,0.03811508,0.04066086,-0.05578215,-0.03101454,-0.1956464,-0.01229176,-0.9801069,0.3842711,-0.05598545,0.9215212,0.1059086,0.03926456,-0.05160587,-0.03756403,-0.1286627,-0.01074845,-0.9909185,0.255796,-0.07167993,0.9640697,0.14,1.811587,3.74,0,-0.6727939,0,0.73983,-0.9955062,0,0.09469664
saccade,4.8080,0.03805962,0.04065895,-0.05583278,-0.03092248,-0.1954989,-0.01236524,-0.9801384,0.3839966,-0.05578185,0.921648,0.1058521,0.03927493,-0.05163541,-0.0374771,-0.1285139,-0.01082888,-0.9909402,0.2555109,-0.07149179,0.9641593,0.14,1.811587,3.74,0,-0.6727939,0,0.73983,-0.9955062,0,0.09469664
saccade,4.8194,0.03806183,0.04064143,-0.05587273,-0.03092371,-0.1954419,-0.01243033,-0.9801488,0.383893,-0.05576085,0.9216924,0.105854,0.03926551,-0.05166727,-0.0372498,-0.1286805,-0.01089219,-0.9909264,0.2558373,-0.0710204,0.9641076,0.14,1.811587,3.74,0,-0.6727939,0,0.73983,-0.9955062,0,0.09469664
saccade,4.8306,0.03804468,0.04063272,-0.05588664,-0.03066781,-0.1955129,-0.0124316,-0.9801427,0.3840236,-0.05525659,0.9216684,0.1058361,0.03925645,-0.0516692,-0.03727623,-0.128592,-0.01089753,-0.9909369,0.2556656,-0.07107412,0.9641491,0.14,1.811587,3.74,0,-0.6727939,0,0.73983,-0.9955062,0,0.09469664
saccade,4.8416,0.03803018,0.04062843,-0.0559048,-0.03072526,-0.1954824,-0.01242893,-0.980147,0.3839667,-0.05537128,0.9216852,0.1058213,0.03924966,-0.05168345,-0.03733335,-0.1285612,-0.01089115,-0.9909388,0.2556057,-0.07118976,0.9641565,0.14,1.811587,3.74,0,-0.6727939,0,0.73983,-0.9955062,0,0.09469664
saccade,4.8527,0.03803848,0.04062772,-0.05596369,-0.03078984,-0.1954525,-0.01241805,-0.9801511,0.3839106,-0.05550312,0.9217007,0.1058293,0.03924513,-0.05173858,-0.03776395,-0.1289481,-0.01089951,-0.9908721,0.2563653,-0.07202754,0.9638926,0.14,1.811587,3.74,0,-0.6727939,0,0.73983,-0.9955062,0,0.09469664
saccade,4.8636,0.03805453,0.04062152,-0.05599207,-0.03064468,-0.1955507,-0.01231931,-0.9801373,0.384088,-0.05525388,0.9216417,0.1058461,0.03923082,-0.05178251,-0.03763799,-0.1290633,-0.01080964,-0.9908628,0.2565818,-0.07179792,0.9638521,0.14,1.811587,3.74,0,-0.6727939,0,0.73983,-0.9955062,0,0.09469664
saccade,4.8751,0.03804609,0.04064977,-0.05600718,-0.03070879,-0.1954963,-0.01232227,-0.9801461,0.3839867,-0.05538028,0.9216763,0.1058372,0.03925705,-0.05179044,-0.03770211,-0.1290085,-0.01080861,-0.9908676,0.2564756,-0.07192679,0.9638707,0.14,1.811587,3.74,0,-0.6727939,0,0.73983,-0.9955062,0,0.09469664
saccade,4.8858,0.03805528,0.04065287,-0.05601493,-0.03067636,-0.1954915,-0.01236848,-0.9801475,0.3839798,-0.05529884,0.9216841,0.1058465,0.0392673,-0.0517972,-0.03740843,-0.1293653,-0.01085762,-0.9908317,0.2571709,-0.07132172,0.9637305,0.14,1.811587,3.74,0,-0.6727939,0,0.73983,-0.9955062,0,0.09469664
saccade,4.8976,0.03810106,0.0406673,-0.05600381,-0.03031799,-0.1957185,-0.01236202,-0.9801134,0.3844022,-0.05459119,0.9215502,0.1058927,0.03928447,-0.05179211,-0.03732826,-0.1294124,-0.01086092,-0.9908285,0.2572619,-0.07116074,0.9637181,0.14,1.811587,3.74,0,-0.6727939,0,0.73983,-0.9955062,0,0.09469664
saccade,4.9081,0.0381165,0.04069436,-0.05600319,-0.03027719,-0.1957087,-0.01226116,-0.9801179,0.3843777,-0.0545512,0.9215628,0.1059078,0.03929973,-0.05179025,-0.03728079,-0.1294019,-0.0107631,-0.9908327,0.2572338,-0.07109252,0.9637306,0.14,1.811587,3.74,0,-0.6727939,0,0.73983,-0.9955062,0,0.09469664
saccade,4.9196,0.03813326,0.04070735,-0.05600074,-0.03030841,-0.1957687,-0.01215475,-0.9801063,0.384485,-0.05465189,0.9215121,0.1059248,0.03929794,-0.05179659,-0.0372813,-0.1299047,-0.01066534,-0.990768,0.2582061,-0.07110329,0.9634697,0.14,1.811587,3.74,0,-0.6727939,0,0.73983,-0.9955062,0,0.09469664
saccade,4.9304,0.03816788,0.04071522,-0.05600118,-0.03031889,-0.1958287,-0.01214754,-0.9800941,0.3845977,-0.05467305,0.9214638,0.1059599,0.03930461,-0.05180541,-0.03729131,-0.1299654,-0.01065707,-0.9907597,0.2583238,-0.07112335,0.9634367,0.14,1.811587,3.74,0,-0.6727939,0,0.73983,-0.9955062,0,0.09469664
saccade,4.9414,0.03820324,0.04070127,-0.05599871,-0.03049409,-0.1957541,-0.0120601,-0.9801046,0.3844546,-0.05505318,0.9215009,0.1059957,0.03927672,-0.051814,-0.0373064,-0.1302668,-0.01056824,-0.9907205,0.2589045,-0.07116705,0.9632776,0.14,1.811587,3.74,0,-0.6727939,0,0.73983,-0.9955062,0,0.09469664
saccade,4.9526,0.03821512,0.04069543,-0.05599736,-0.03054223,-0.1957488,-0.01209329,-0.9801038,0.384447,-0.05513462,0.9214991,0.1060076,0.0392735,-0.05181206,-0.03735663,-0.1302617,-0.0105982,-0.990719,0.2588972,-0.07125876,0.9632728,0.14,1.811587,3.74,0,-0.6727939,0,0.73983,-0.9955062,0,0.09469664
saccade,4.9641,0.03823483,0.04069006,-0.05600403,-0.03082678,-0.1957394,-0.01210273,-0.9800966,0.3844333,-0.05568848,0.9214715,0.1060279,0.03926468,-0.05182964,-0.03749247,-0.1303365,-0.01059538,-0.9907041,0.2590443,-0.07152596,0.9632134,0.14,1.811587,3.74,0,-0.6727939,0,0.73983,-0.9955062,0,0.09469664
saccade,4.9754,0.03822181,0.04066944,-0.05602302,-0.03071755,-0.1957341,-0.01221695,-0.9800997,0.3844284,-0.05542998,0.9214892,0.1060152,0.03926277,-0.05184694,-0.03727841,-0.1302743,-0.01071135,-0.9907191,0.258929,-0.07107404,0.9632779,0.14,1.811587,3.74,0,-0.6727939,0,0.73983,-0.9955062,0,0.09469664
saccade,4.9858,0.03822728,0.04065394,-0.05603135,-0.03068934,-0.1957079,-0.01226638,-0.9801052,0.3843816,-0.05535631,0.9215131,0.1060205,0.03925467,-0.05185135,-0.03725353,-0.1302481,-0.0107627,-0.9907229,0.2588814,-0.0710122,0.9632952,0.14,1.811587,3.74,0,-0.6727939,0,0.73983,-0.9955062,0,0.09469664
saccade,4.9971,0.03823131,0.04065764,-0.05603543,-0.0307564,-0.1959718,-0.01232288,-0.9800496,0.3848822,-0.05545573,0.9212982,0.1060246,0.03926241,-0.05185396,-0.03732491,-0.1302364,-0.01080744,-0.9907213,0.2588626,-0.07114211,0.9632907,0.14,1.811587,3.74,0,-0.6727939,0,0.73983,-0.9955062,0,0.09469664
saccade,5.0082,0.03824548,0.04066181,-0.05604234,-0.03082545,-0.1959982,-0.01240982,-0.9800411,0.3849377,-0.05555581,0.921269,0.1060392,0.03927577,-0.05186459,-0.03746733,-0.1303259,-0.01089333,-0.9907032,0.2590449,-0.07139865,0.9632227,0.14,1.811587,3.74,0,-0.6727939,0,0.73983,-0.9955062,0,0.09469664
saccade,5.0222,0.03825694,0.04069257,-0.05607848,-0.03079909,-0.1960505,-0.0123291,-0.9800324,0.3850312,-0.05553396,0.9212312,0.1060509,0.03929698,-0.0519081,-0.03743569,-0.1303783,-0.01081424,-0.9906983,0.2591408,-0.07135507,0.9632002,0.14,1.811587,3.74,0,-0.6727939,0,0.73983,-0.9955062,0,0.09469664
saccade,5.0383,0.03826385,0.04069483,-0.05609132,-0.03078407,-0.1960788,-0.01226518,-0.9800281,0.3850805,-0.05552862,0.9212109,0.1060579,0.0392915,-0.05192497,-0.03741647,-0.1304064,-0.0107513,-0.9906961,0.2591908,-0.07133263,0.9631884,0.14,1.811587,3.74,0,-0.6727939,0,0.73983,-0.9955062,0,0.09469664
saccade,5.0452,0.03825471,0.04073584,-0.05608233,-0.03077053,-0.1924059,-0.01206704,-0.9807587,0.3781501,-0.05571339,0.9240663,0.1060482,0.03932214,-0.05191068,-0.03521892,-0.1234478,-0.01039973,-0.9916714,0.2455719,-0.06728354,0.9670405,0.14,1.811587,3.74,0,-0.6727939,0,0.73983,-0.9955062,0,0.09469664
saccade,5.0531,0.03825471,0.04073584,-0.05608233,-0.03077053,-0.1924059,-0.01206704,-0.9807587,0.3781501,-0.05571339,0.9240663,0.1060482,0.03932214,-0.05191068,-0.03521892,-0.1234478,-0.01039973,-0.9916714,0.2455719,-0.06728354,0.9670405,0.14,1.811587,3.74,0,-0.6727939,0,0.73983,-0.9955062,0,0.09469664
saccade,5.0641,0.03826401,0.0407809,-0.05608757,-0.03057981,-0.192399,-0.01195958,-0.9807673,0.3781287,-0.05538133,0.924095,0.1060572,0.03935957,-0.05191433,-0.03502118,-0.1234402,-0.01030588,-0.9916804,0.2455483,-0.06691531,0.9670721,0.14,1.811587,3.74,0,-0.6727939,0,0.73983,-0.9955062,0,0.09469664
saccade,5.0750,0.03826295,0.04080737,-0.056081,-0.03408903,-0.1415162,-0.0107716,-0.9892902,0.2807356,-0.06439918,0.9576222,0.1060561,0.03939056,-0.05190482,-0.03494359,-0.123422,-0.01032597,-0.9916851,0.2455132,-0.06675716,0.9670919,0.14,1.811587,3.74,0,-0.6727939,0,0.73983,-0.9955062,0,0.09469664
saccade,5.0866,0.03826902,0.04085529,-0.0560918,-0.03397689,-0.1415359,-0.01067643,-0.9892923,0.2807663,-0.06420396,0.9576263,0.1060621,0.03942895,-0.05191815,-0.02154459,-0.0624392,-0.00818488,-0.9977827,0.1249542,-0.04197153,0.9912744,0.14,1.811587,3.74,0,-0.6727939,0,0.73983,-0.9955062,0,0.09469664
saccade,5.0970,0.0382662,0.04089391,-0.05605384,-0.04119767,-0.02796727,-0.007913684,-0.9987282,0.05651546,-0.08184789,0.9950412,0.1060594,0.03946686,-0.05188181,-0.02150034,-0.06245226,-0.008173783,-0.9977829,0.1249791,-0.0418844,0.9912749,0.14,1.811587,3.74,0,-0.6727939,0,0.73983,-0.9955062,0,0.09469664
saccade,5.1082,0.03827196,0.04091787,-0.05605238,-0.04119718,-0.02799811,-0.007904942,-0.9987274,0.05657629,-0.08184686,0.9950378,0.1060654,0.03948987,-0.05188457,-0.02150011,-0.06248321,-0.00816563,-0.997781,0.1250402,-0.04188439,0.9912672,0.14,1.811587,3.74,0,-0.6727939,0,0.73983,-0.9955062,0,0.09469664
saccade,5.1189,0.03827758,0.04093111,-0.05605703,-0.04123628,-0.0280141,-0.007897205,-0.9987254,0.05660809,-0.08192497,0.9950296,0.1060711,0.03950167,-0.0518916,0.003385328,0.04013838,-0.004578599,-0.9991779,-0.08024178,0.006397534,0.9967549,0.14,1.811587,3.74,0,-0.6727939,0,0.73983,-0.9955062,0,0.09469664
saccade,5.1302,0.03828021,0.04093099,-0.05606225,-0.04250386,0.0366267,-0.006202515,-0.9984055,-0.07260933,-0.08532654,0.9937038,0.1060737,0.03950167,-0.05189662,0.003386375,0.04013976,-0.004579067,-0.9991779,-0.08024453,0.006399576,0.9967546,0.14,1.811587,3.74,0,-0.6727939,0,0.73983,-0.9955062,0,0.09469664
saccade,5.1414,0.03828041,0.04095078,-0.0560719,-0.04244199,0.03656581,-0.006202739,-0.9984103,-0.07248885,-0.08520266,0.9937232,0.1060744,0.03952205,-0.0519143,0.003448392,0.04007895,-0.004582291,-0.9991801,-0.08012377,0.006523822,0.9967636,0.14,1.811587,3.74,0,-0.6727939,0,0.73983,-0.9955062,0,0.09469664
saccade,5.1523,0.03828515,0.04095936,-0.05607067,-0.04233976,0.03650533,-0.00616558,-0.9984171,-0.07237299,-0.08499564,0.9937494,0.1060796,0.03952622,-0.05192114,0.01680917,0.09763519,-0.002545592,-0.9950771,-0.1943947,0.03295576,0.9803696,0.14,1.811587,3.74,0,-0.6727939,0,0.73983,-0.9955062,0,0.09469664
saccade,5.1638,0.03828731,0.04096758,-0.05606828,-0.04052359,0.05763243,-0.005564043,-0.9974996,-0.1145257,-0.08148587,0.9900727,0.1060821,0.0395385,-0.05192259,0.01681315,0.09760729,-0.002576095,-0.9950797,-0.1943407,0.03295796,0.9803803,0.14,1.811587,3.74,0,-0.6727939,0,0.73983,-0.9955062,0,0.09469664
saccade,5.1748,0.03829726,0.04099095,-0.05608015,-0.04037106,0.05758657,-0.00558773,-0.9975083,-0.114435,-0.08118449,0.990108,0.1060924,0.03956544,-0.05194005,0.01696477,0.09756295,-0.002608451,-0.9950814,-0.1942547,0.03325368,0.9803873,0.14,1.811587,3.74,0,-0.6727939,0,0.73983,-0.9955062,0,0.09469664
saccade,5.1856,0.03828779,0.04098678,-0.056083,-0.04051116,0.05756791,-0.005592626,-0.9975036,-0.1143953,-0.08146397,0.9900895,0.1060831,0.03956187,-0.05194587,0.01821088,0.1093335,-0.002241157,-0.9938357,-0.2174007,0.03570719,0.9754291,0.14,1.811587,3.74,0,-0.6727939,0,0.73983,-0.9955062,0,0.09469664
saccade,5.1966,0.03827821,0.04098201,-0.05608964,-0.04220501,0.06659919,-0.005372818,-0.9968723,-0.1323283,-0.08486166,0.9875666,0.106073,0.03955281,-0.05194516,0.01813885,0.1093886,-0.002203968,-0.9938312,-0.2175075,0.03557173,0.9754102,0.14,1.811587,3.74,0,-0.6727939,0,0.73983,-0.9955062,0,0.09469664
saccade,5.2084,0.03826119,0.04097474,-0.05609133,-0.04216623,0.06660756,-0.005432647,-0.9968731,-0.1323404,-0.08479247,0.9875709,0.1060561,0.03955352,-0.05194523,0.01817504,0.1094005,-0.002264785,-0.993829,-0.217533,0.03563023,0.9754024,0.14,1.811587,3.74,0,-0.6727939,0,0.73983,-0.9955062,0,0.09469664
saccade,5.2191,0.03825117,0.04097164,-0.05610235,-0.04222587,0.06663437,-0.00538699,-0.996869,-0.1323965,-0.08490524,0.9875537,0.1060457,0.03954411,-0.05195307,0.02019298,0.116107,-0.001962503,-0.9930295,-0.2306747,0.03964872,0.9722228,0.14,1.811587,3.74,0,-0.6727939,0,0.73983,-0.9955062,0,0.09469664
saccade,5.2304,0.03822785,0.04096222,-0.05611269,-0.0432785,0.07271651,-0.005275889,-0.9963992,-0.1444527,-0.08701261,0.9856786,0.1060222,0.03953707,-0.05195889,0.02019555,0.1161405,-0.001978877,-0.9930255,-0.2307408,0.03964975,0.9722071,0.14,1.811587,3.74,0,-0.6727939,0,0.73983,-0.9955062,0,0.09469664
saccade,5.2415,0.03820885,0.0409503,-0.05612097,-0.04330175,0.07274783,-0.00533337,-0.9963957,-0.1445094,-0.08706735,0.9856654,0.1060031,0.03953278,-0.05196263,0.02016975,0.1161753,-0.002033177,-0.9930218,-0.2308111,0.0395856,0.972193,0.14,1.811587,3.74,0,-0.6727939,0,0.73983,-0.9955062,0,0.09469664
saccade,5.2524,0.03819321,0.04095292,-0.05612824,-0.04331245,0.07282209,-0.005363743,-0.9963896,-0.1446537,-0.08709335,0.985642,0.1059869,0.0395391,-0.05195967,0.01968639,0.1204799,-0.00195781,-0.9925187,-0.2392341,0.03860646,0.9701941,0.14,1.811587,3.74,0,-0.6727939,0,0.73983,-0.9955062,0,0.09469664
saccade,5.2637,0.03817036,0.04094338,-0.05613232,-0.04252985,0.07646068,-0.005277943,-0.9961511,-0.1518839,-0.08553945,0.98469,0.1059637,0.03953421,-0.05195761,0.0197198,0.1205246,-0.001993496,-0.9925125,-0.2393229,0.03866376,0.9701699,0.14,1.811587,3.74,0,-0.6727939,0,0.73983,-0.9955062,0,0.09469664
saccade,5.2746,0.03814904,0.0409354,-0.05614761,-0.04257876,0.07649302,-0.005287018,-0.9961466,-0.1519463,-0.08563822,0.9846717,0.1059422,0.03952742,-0.0519686,0.01967046,0.1205573,-0.001998362,-0.9925095,-0.2393872,0.03856441,0.970158,0.14,1.811587,3.74,0,-0.6727939,0,0.73983,-0.9955062,0,0.09469664
saccade,5.2858,0.03813712,0.04092526,-0.05615565,-0.04259031,0.07653657,-0.005311606,-0.9961426,-0.1520302,-0.08566511,0.9846565,0.10593,0.03952038,-0.05197062,0.02053133,0.1232815,-0.001916422,-0.9921575,-0.2447081,0.0402681,0.9687603,0.14,1.811587,3.74,0,-0.6727939,0,0.73983,-0.9955062,0,0.09469664
saccade,5.2970,0.0381315,0.04093087,-0.05617664,-0.04265617,0.07656679,-0.005292694,-0.9961376,-0.1520906,-0.08579331,0.9846359,0.105924,0.03952336,-0.05198782,0.02046634,0.1233105,-0.001892567,-0.9921553,-0.2447637,0.04014484,0.9687513,0.14,1.811587,3.74,0,-0.6727939,0,0.73983,-0.9955062,0,0.09469664
saccade,5.3082,0.03812417,0.0409224,-0.05618642,-0.04224235,0.0793447,-0.005210568,-0.9959382,-0.1576046,-0.08496841,0.98384,0.1059163,0.03951585,-0.05198999,0.02039863,0.1233679,-0.00189428,-0.9921495,-0.244876,0.04000959,0.9687285,0.14,1.811587,3.74,0,-0.6727939,0,0.73983,-0.9955062,0,0.09469664
saccade,5.3193,0.03811113,0.0409106,-0.05619779,-0.04230529,0.07933136,-0.005186917,-0.9959367,-0.1575792,-0.08508976,0.9838336,0.1059033,0.03950095,-0.05200351,0.02234744,0.12499,-0.001755463,-0.9919048,-0.2480348,0.04389423,0.9677562,0.14,1.811587,3.74,0,-0.6727939,0,0.73983,-0.9955062,0,0.09469664
saccade,5.3299,0.03810155,0.0409075,-0.05620519,-0.04236884,0.07934911,-0.005186752,-0.9959326,-0.1576132,-0.08521614,0.9838172,0.1058936,0.03949797,-0.05200869,0.0222839,0.1250077,-0.001751238,-0.991904,-0.2480694,0.04376914,0.967753,0.14,1.811587,3.74,0,-0.6727939,0,0.73983,-0.9955062,0,0.09469664
saccade,5.3415,0.03810691,0.04093301,-0.05618211,-0.04182004,0.08127324,-0.005118613,-0.995801,-0.1614358,-0.08412089,0.9832915,0.1058986,0.03952396,-0.05197961,0.02221453,0.1250533,-0.001749519,-0.9918998,-0.2481584,0.04363161,0.9677364,0.14,1.811587,3.74,0,-0.6727939,0,0.73983,-0.9955062,0,0.09469664
saccade,5.3525,0.03809855,0.04092312,-0.05619688,-0.04170587,0.08126071,-0.005135467,-0.9958068,-0.1614116,-0.0838966,0.9833146,0.1058903,0.03951621,-0.05199564,0.02398966,0.126955,-0.001662781,-0.991617,-0.2518612,0.04715491,0.9666138,0.14,1.811587,3.74,0,-0.6727939,0,0.73983,-0.9955062,0,0.09469664
saccade,5.3635,0.0380956,0.04092968,-0.05620971,-0.0416843,0.08125976,-0.005170519,-0.9958075,-0.1614071,-0.08385938,0.9833186,0.1058875,0.03952742,-0.05200833,0.02400962,0.1269563,-0.001698771,-0.9916162,-0.2518654,0.04718532,0.9666113,0.14,1.811587,3.74,0,-0.6727939,0,0.73983,-0.9955062,0,0.09469664
saccade,5.3748,0.03811321,0.04098976,-0.05621502,-0.04057924,0.08282211,-0.005099021,-0.9957248,-0.1645222,-0.08165613,0.9829876,0.1059053,0.03958821,-0.05201763,0.02410868,0.1269249,-0.001711178,-0.9916179,-0.2518045,0.0473788,0.9666177,0.14,1.811587,3.74,0,-0.6727939,0,0.73983,-0.9955062,0,0.09469664
saccade,5.3861,0.03811783,0.04100895,-0.05623142,-0.04056549,0.0828201,-0.00506235,-0.9957257,-0.1645215,-0.08162272,0.9829906,0.1059099,0.0396024,-0.05203447,0.02513172,0.1284534,-0.001598908,-0.9913958,-0.2547766,0.0494202,0.9657363,0.14,1.811587,3.74,0,-0.6727939,0,0.73983,-0.9955062,0,0.09469664
saccade,5.3970,0.03812173,0.04102159,-0.05625337,-0.04054828,0.08282248,-0.005068372,-0.9957262,-0.164526,-0.08158952,0.9829925,0.1059138,0.03961575,-0.05205601,0.02514865,0.1284561,-0.001605543,-0.991395,-0.2547822,0.049452,0.9657332,0.14,1.811587,3.74,0,-0.6727939,0,0.73983,-0.9955062,0,0.09469664
saccade,5.4081,0.0381411,0.04104614,-0.0562614,-0.03993294,0.08393353,-0.005014001,-0.9956583,-0.1667378,-0.08036082,0.982721,0.1059335,0.03964007,-0.05207009,0.02517917,0.1284111,-0.001606672,-0.9914001,-0.2546944,0.04951264,0.9657532,0.14,1.811587,3.74,0,-0.6727939,0,0.73983,-0.9955062,0,0.09469664
saccade,5.4190,0.03816574,0.04107821,-0.05626599,-0.03991584,0.08391945,-0.005068257,-0.9956599,-0.1667058,-0.08033586,0.9827285,0.1059584,0.03967953,-0.05207623,0.0256882,0.1299939,-0.001601775,-0.9911807,-0.2577771,0.05050686,0.9648834,0.14,1.811587,3.74,0,-0.6727939,0,0.73983,-0.9955062,0,0.09469664
saccade,5.4302,0.03818339,0.04109871,-0.05627339,-0.03928724,0.08557525,-0.004982817,-0.9955444,-0.1699964,-0.0790772,0.9822668,0.1059759,0.03969681,-0.05208191,0.02574567,0.1300046,-0.001582117,-0.9911778,-0.2577969,0.0506257,0.9648719,0.14,1.811587,3.74,0,-0.6727939,0,0.73983,-0.9955062,0,0.09469664
saccade,5.4414,0.03820367,0.04112732,-0.05628228,-0.03905373,0.08553159,-0.004965899,-0.9955574,-0.1699153,-0.07860995,0.9823183,0.1059964,0.03972256,-0.05209612,0.02597988,0.1299597,-0.001578516,-0.9911776,-0.2577082,0.05109107,0.964871,0.14,1.811587,3.74,0,-0.6727939,0,0.73983,-0.9955062,0,0.09469664
saccade,5.4525,0.03822575,0.04115522,-0.0562732,-0.0390673,0.08549744,-0.004878819,-0.9955602,-0.1698545,-0.07862196,0.9823279,0.1060186,0.03973889,-0.05209222,0.02620809,0.1308807,-0.001459082,-0.9910506,-0.2594952,0.05156516,0.9643668,0.14,1.811587,3.74,0,-0.6727939,0,0.73983,-0.9955062,0,0.09469664
saccade,5.4638,0.03824938,0.04116237,-0.05627802,-0.03902829,0.08545285,-0.004805264,-0.995566,-0.1697728,-0.07853171,0.9823492,0.1060424,0.03973627,-0.05210339,0.02625052,0.1308315,-0.001390467,-0.9910561,-0.2593958,0.05166765,0.9643881,0.14,1.811587,3.74,0,-0.6727939,0,0.73983,-0.9955062,0,0.09469664
saccade,5.4749,0.03826996,0.04113781,-0.05628534,-0.03895015,0.08599886,-0.004706295,-0.9955224,-0.1708609,-0.07836097,0.9821742,0.1060629,0.03970087,-0.05211327,0.02624253,0.1308112,-0.001310377,-0.9910591,-0.259352,0.05167297,0.9643995,0.14,1.811587,3.74,0,-0.6727939,0,0.73983,-0.9955062,0,0.09469664
saccade,5.4859,0.03829188,0.04110694,-0.05629309,-0.0389744,0.08598958,-0.004750188,-0.9955221,-0.1708388,-0.07841669,0.9821736,0.106085,0.03967595,-0.05212211,0.02660538,0.1318592,-0.001311771,-0.9909105,-0.2613911,0.05238115,0.9638106,0.14,1.811587,3.74,0,-0.6727939,0,0.73983,-0.9955062,0,0.09469664
saccade,5.4969,0.03832585,0.04107249,-0.05626362,-0.03905145,0.08598647,-0.004750608,-0.9955193,-0.1708314,-0.07856993,0.9821626,0.106119,0.03964186,-0.05209329,0.02652836,0.1318563,-0.001308847,-0.990913,-0.2613857,0.05222944,0.9638203,0.14,1.811587,3.74,0,-0.6727939,0,0.73983,-0.9955062,0,0.09469664
saccade,5.5077,0.03834869,0.04103792,-0.05625346,-0.03811273,0.0873019,-0.004635138,-0.9954418,-0.1734546,-0.07668733,0.9818516,0.1061416,0.03960145,-0.05207976,0.02641768,0.1318826,-0.001256416,-0.9909125,-0.2614346,0.05202382,0.9638182,0.14,1.811587,3.74,0,-0.6727939,0,0.73983,-0.9955062,0,0.09469664
saccade,5.5189,0.03837363,0.04101694,-0.05623779,-0.03817665,0.08727205,-0.004613292,-0.995442,-0.1733963,-0.0768105,0.9818523,0.1061667,0.03957784,-0.05206846,0.026676,0.1330101,-0.001190979,-0.9907549,-0.2636243,0.05254192,0.9631934,0.14,1.811587,3.74,0,-0.6727939,0,0.73983,-0.9955062,0,0.09469664
saccade,5.5300,0.03840846,0.04102314,-0.05619905,-0.03825775,0.08719511,-0.004532801,-0.995446,-0.1732492,-0.07695753,0.9818667,0.106202,0.03957379,-0.05204087,0.02659878,0.1329287,-0.001112039,-0.990768,-0.2634621,0.0524108,0.963245,0.14,1.811587,3.74,0,-0.6727939,0,0.73983,-0.9955062,0,0.09469664
saccade,5.5419,0.03843525,0.04104221,-0.05616723,-0.0380567,0.08764301,-0.004391682,-0.9954151,-0.1741481,-0.07653423,0.9817408,0.1062291,0.03957748,-0.05201858,0.02653683,0.1328578,-0.0009952957,-0.9907793,-0.2633184,0.05231982,0.9632892,0.14,1.811587,3.74,0,-0.6727939,0,0.73983,-0.9955062,0,0.09469664
saccade,5.5525,0.0384636,0.04106307,-0.05614711,-0.03811389,0.08753968,-0.004374849,-0.995422,-0.1739444,-0.07664476,0.9817683,0.1062582,0.03959668,-0.05201279,0.02642507,0.1337095,-0.0009579537,-0.9906678,-0.2649741,0.05210076,0.9628469,0.14,1.811587,3.74,0,-0.6727939,0,0.73983,-0.9955062,0,0.09469664
saccade,5.5635,0.03847501,0.04106116,-0.05614952,-0.03805643,0.08825952,-0.004315301,-0.9953609,-0.1753717,-0.07652149,0.9815239,0.1062695,0.03958964,-0.05201495,0.02643175,0.1337103,-0.0009199945,-0.9906675,-0.2649735,0.05212412,0.9628459,0.14,1.811587,3.74,0,-0.6727939,0,0.73983,-0.9955062,0,0.09469664
saccade,5.5744,0.03850213,0.04105747,-0.05613963,-0.03807687,0.08827772,-0.004348957,-0.9953584,-0.1754047,-0.07656809,0.9815144,0.1062966,0.03959048,-0.05200246,0.02640975,0.1337305,-0.0009514306,-0.9906653,-0.2650147,0.05207198,0.9628373,0.14,1.811587,3.74,0,-0.6727939,0,0.73983,-0.9955062,0,0.09469664
saccade,5.5862,0.03851364,0.04105628,-0.05614799,-0.03807152,0.08829274,-0.004377564,-0.9953571,-0.1754323,-0.07656253,0.9815099,0.106308,0.0395931,-0.05200861,0.02670996,0.134135,-0.000958556,-0.9906026,-0.2658001,0.05266076,0.9625888,0.14,1.811587,3.74,0,-0.6727939,0,0.73983,-0.9955062,0,0.09469664
saccade,5.5968,0.03852278,0.04106152,-0.05615538,-0.03756278,0.08870389,-0.004372067,-0.99534,-0.1762526,-0.07555111,0.9814413,0.1063172,0.03960097,-0.0520158,0.02676762,0.1341354,-0.000981924,-0.9906009,-0.2658019,0.05276864,0.9625823,0.14,1.811587,3.74,0,-0.6727939,0,0.73983,-0.9955062,0,0.09469664
saccade,5.6079,0.03853377,0.04107773,-0.05617193,-0.03761057,0.08874705,-0.004348896,-0.9953344,-0.1763389,-0.07564209,0.9814188,0.1063278,0.03961384,-0.05202676,0.02672085,0.1341769,-0.000953851,-0.9905966,-0.2658813,0.0526832,0.9625651,0.14,1.811587,3.74,0,-0.6727939,0,0.73983,-0.9955062,0,0.09469664
saccade,5.6192,0.03851134,0.04107988,-0.05613798,-0.03745573,0.08871722,-0.004311346,-0.9953431,-0.1762852,-0.07532758,0.9814526,0.1063055,0.03961051,-0.05199659,0.02687736,0.1341445,-0.0009254165,-0.9905968,-0.265816,0.05300097,0.9625657,0.14,1.811587,3.74,0,-0.6727939,0,0.73983,-0.9955062,0,0.09469664
saccade,5.6303,0.03851739,0.04108202,-0.05614168,-0.0374084,0.08868762,-0.004283087,-0.9953476,-0.1762296,-0.07522845,0.9814702,0.1063117,0.03960884,-0.05200433,0.0274527,0.1344697,-0.0008739182,-0.990537,-0.2664424,0.0541508,0.9623285,0.14,1.811587,3.74,0,-0.6727939,0,0.73983,-0.9955062,0,0.09469664
saccade,5.6413,0.03851684,0.04107547,-0.05614793,-0.03703549,0.08916607,-0.004162033,-0.9953193,-0.1771891,-0.0744665,0.9813555,0.1063109,0.03958941,-0.05201157,0.02745149,0.1344602,-0.0007787899,-0.9905384,-0.2664187,0.05417407,0.9623337,0.14,1.811587,3.74,0,-0.6727939,0,0.73983,-0.9955062,0,0.09469664
saccade,5.6526,0.03851747,0.04104853,-0.0561493,-0.037014,0.08914007,-0.00413338,-0.9953226,-0.1771403,-0.07441863,0.981368,0.1063117,0.03955853,-0.05201656,0.02742742,0.1351198,-0.0007355228,-0.9904494,-0.2676989,0.05413218,0.9619808,0.14,1.811587,3.74,0,-0.6727939,0,0.73983,-0.9955062,0,0.09469664
saccade,5.6662,0.03852227,0.04101658,-0.05615958,-0.0371264,0.08918734,-0.004177423,-0.9953139,-0.1772286,-0.07464999,0.9813345,0.1063162,0.03953278,-0.05202052,0.02731298,0.1351698,-0.0007711672,-0.9904456,-0.2677987,0.05389557,0.9619663,0.14,1.811587,3.74,0,-0.6727939,0,0.73983,-0.9955062,0,0.09469664
saccade,5.6775,0.03850567,0.04096663,-0.05618228,-0.03704192,0.08935381,-0.004316776,-0.9953015,-0.1775482,-0.0745072,0.9812876,0.1062996,0.03950202,-0.05203626,0.02735266,0.135223,-0.0009139293,-0.9904372,-0.2679098,0.05393502,0.9619331,0.14,1.811587,3.74,0,-0.6727939,0,0.73983,-0.9955062,0,0.09469664
saccade,5.6882,0.03847805,0.04091454,-0.05618517,-0.03700946,0.08940189,-0.004465257,-0.9952978,-0.1776325,-0.07446927,0.9812752,0.106272,0.0394696,-0.05203173,0.02793187,0.1355552,-0.001034187,-0.9903755,-0.2685589,0.0550457,0.9616892,0.14,1.811587,3.74,0,-0.6727939,0,0.73983,-0.9955062,0,0.09469664
saccade,5.7004,0.0384588,0.04088163,-0.05618531,-0.03705031,0.0894512,-0.004534034,-0.9952915,-0.1777241,-0.07456286,0.9812515,0.1062525,0.039446,-0.05202492,0.02788777,0.1356087,-0.001097627,-0.9903694,-0.2686666,0.0549407,0.9616651,0.14,1.811587,3.74,0,-0.6727939,0,0.73983,-0.9955062,0,0.09469664
saccade,5.7106,0.03843051,0.0408473,-0.05620035,-0.03685262,0.08960555,-0.004585728,-0.9952848,-0.1780281,-0.07417952,0.9812254,0.1062245,0.03942084,-0.05204184,0.02781044,0.1355984,-0.001160293,-0.9903728,-0.2686505,0.05477073,0.9616793,0.14,1.811587,3.74,0,-0.6727939,0,0.73983,-0.9955062,0,0.09469664
saccade,5.7216,0.03843281,0.04087055,-0.0561965,-0.03696043,0.08958589,-0.004498381,-0.9952829,-0.1779941,-0.07437816,0.9812166,0.1062268,0.03943276,-0.05204146,0.02779897,0.1359717,-0.001055349,-0.9903221,-0.2693703,0.05477288,0.9614778,0.14,1.811587,3.74,0,-0.6727939,0,0.73983,-0.9955062,0,0.09469664
saccade,5.7329,0.03843755,0.04087698,-0.05620982,-0.03701403,0.08959397,-0.004496565,-0.9952802,-0.1780093,-0.0744844,0.9812058,0.1062315,0.03943908,-0.05205385,0.02774548,0.1359798,-0.001050514,-0.9903225,-0.269386,0.05466824,0.9614794,0.14,1.811587,3.74,0,-0.6727939,0,0.73983,-0.9955062,0,0.09469664
saccade,5.7439,0.03842406,0.04088342,-0.05622561,-0.03666534,0.09006342,-0.004439178,-0.995251,-0.1789459,-0.07378205,0.9810885,0.1062177,0.03944123,-0.05206577,0.02770033,0.1360083,-0.001014308,-0.9903199,-0.2694397,0.05458846,0.9614689,0.14,1.811587,3.74,0,-0.6727939,0,0.73983,-0.9955062,0,0.09469664
saccade,5.7559,0.03840684,0.04087508,-0.05624276,-0.03664744,0.0900668,-0.004470313,-0.9952512,-0.1789505,-0.07375206,0.9810899,0.1062005,0.03943706,-0.05208224,0.02783128,0.1362472,-0.001035587,-0.9902834,-0.2699043,0.05483953,0.9613242,0.14,1.811587,3.74,0,-0.6727939,0,0.73983,-0.9955062,0,0.09469664
saccade,5.7665,0.03839387,0.04085803,-0.0562626,-0.03680451,0.09037547,-0.004538246,-0.9952171,-0.1795524,-0.07407726,0.9809554,0.1061868,0.03942907,-0.05208752,0.02778802,0.1363563,-0.001096351,-0.9902695,-0.27012,0.05473628,0.9612696,0.14,1.811587,3.74,0,-0.6727939,0,0.73983,-0.9955062,0,0.09469664
saccade,5.7773,0.03840507,0.04086971,-0.05627742,-0.03678736,0.09045388,-0.004594512,-0.9952104,-0.1797033,-0.07405352,0.9809296,0.1061975,0.03944802,-0.05209131,0.02780241,0.1364377,-0.001148133,-0.9902578,-0.2702809,0.05474982,0.9612235,0.14,1.811587,3.74,0,-0.6727939,0,0.73983,-0.9955062,0,0.09469664
saccade,5.7886,0.03838961,0.04086876,-0.05629738,-0.0367391,0.09047636,-0.004520898,-0.9952105,-0.1797539,-0.07394435,0.9809285,0.1061816,0.0394367,-0.05210846,0.0278346,0.1367743,-0.001067269,-0.9902105,-0.2709302,0.05483228,0.961036,0.14,1.811587,3.74,0,-0.6727939,0,0.73983,-0.9955062,0,0.09469664
saccade,5.7997,0.03838929,0.040874,-0.05630633,-0.03640221,0.09058762,-0.004419689,-0.9952132,-0.1799862,-0.07325666,0.9809375,0.1061811,0.03942955,-0.05211754,0.027909,0.1367694,-0.0009814929,-0.9902092,-0.2709154,0.05500301,0.9610304,0.14,1.811587,3.74,0,-0.6727939,0,0.73983,-0.9955062,0,0.09469664
saccade,5.8106,0.03837489,0.04086804,-0.05632278,-0.03631774,0.0905899,-0.004368293,-0.9952163,-0.1799958,-0.07307945,0.980949,0.1061665,0.03941631,-0.05213369,0.0279958,0.1367681,-0.0009340332,-0.990207,-0.2709099,0.05518777,0.9610214,0.14,1.811587,3.74,0,-0.6727939,0,0.73983,-0.9955062,0,0.09469664
saccade,5.8220,0.03838217,0.04088807,-0.05629934,-0.0363224,0.090555,-0.004212364,-0.99522,-0.1799383,-0.07306046,0.980961,0.1061736,0.03941536,-0.05211583,0.02776481,0.1370799,-0.0007786336,-0.9901705,-0.2715082,0.05477032,0.9608765,0.14,1.811587,3.74,0,-0.6727939,0,0.73983,-0.9955062,0,0.09469664
saccade,5.8329,0.038382,0.04089117,-0.05630685,-0.03624284,0.09048881,-0.004162686,-0.9952291,-0.1798125,-0.0728932,0.9809965,0.1061739,0.03941178,-0.05213236,0.02784675,0.1370108,-0.0007371012,-0.9901778,-0.2713712,0.05494448,0.9609052,0.14,1.811587,3.74,0,-0.6727939,0,0.73983,-0.9955062,0,0.09469664
saccade,5.8441,0.03838144,0.04088604,-0.05632233,-0.03662417,0.0859249,-0.004357127,-0.9956187,-0.1707777,-0.07367619,0.9825512,0.1061733,0.03941381,-0.05214497,0.0278882,0.1370322,-0.0007928308,-0.9901736,-0.2714155,0.05501105,0.9608889,0.14,1.811587,3.74,0,-0.6727939,0,0.73983,-0.9955062,0,0.09469664
saccade,5.8552,0.03837808,0.04090142,-0.05631901,-0.03664242,0.08589438,-0.004431087,-0.9956204,-0.1707117,-0.07372508,0.982559,0.1061704,0.03943944,-0.05214547,0.02786623,0.1370067,-0.0008675806,-0.9901777,-0.2713702,0.05494731,0.9609053,0.14,1.811587,3.74,0,-0.6727939,0,0.73983,-0.9955062,0,0.09469664
saccade,5.8668,0.03837854,0.04089475,-0.05632707,-0.03661599,0.08589449,-0.004527157,-0.9956208,-0.1707052,-0.073689,0.9825628,0.1061711,0.03944564,-0.05215292,0.02147482,0.1305193,-0.001359517,-0.9912122,-0.258803,0.04221733,0.9650071,0.14,1.811587,3.74,0,-0.6727939,0,0.73983,-0.9955062,0,0.09469664
saccade,5.8779,0.0383771,0.04089701,-0.05633908,-0.05843388,0.04531771,-0.006444127,-0.9972413,-0.08963227,-0.1171294,0.9890636,0.1061707,0.03946102,-0.05217724,0.02145866,0.1304314,-0.001457034,-0.9912241,-0.2586361,0.04216059,0.9650543,0.14,1.811587,3.74,0,-0.6727939,0,0.73983,-0.9955062,0,0.09469664
saccade,5.8883,0.0383816,0.04090536,-0.05634199,-0.05841874,0.04522851,-0.006425352,-0.9972464,-0.08945721,-0.117097,0.9890833,0.1061759,0.03946757,-0.05219234,-0.01209627,0.1001662,-0.003395312,-0.9948914,-0.1992268,-0.02474915,0.9796408,0.14,1.811587,3.74,0,-0.6727939,0,0.73983,-0.9955062,0,0.09469664
saccade,5.8995,0.03840723,0.04090798,-0.05633647,-0.05822718,0.0451346,-0.006424356,-0.9972619,-0.08927389,-0.1167154,0.9891449,0.1062023,0.03947115,-0.05219889,-0.01190466,0.1000728,-0.003409218,-0.994903,-0.1990444,-0.0243703,0.9796874,0.14,1.811587,3.74,0,-0.6727939,0,0.73983,-0.9955062,0,0.09469664
saccade,5.9106,0.03841618,0.04092503,-0.05633566,-0.07513402,0.007993727,-0.007967797,-0.9971096,-0.01474394,-0.1499611,0.988582,0.1062122,0.03948915,-0.05221244,-0.01182126,0.09996545,-0.003417473,-0.9949148,-0.1988334,-0.02420554,0.9797344,0.14,1.811587,3.74,0,-0.6727939,0,0.73983,-0.9955062,0,0.09469664
saccade,5.9219,0.03841706,0.04094088,-0.0563324,-0.07499663,0.007946478,-0.00787544,-0.997121,-0.01466594,-0.1496866,0.9886247,0.1062132,0.03949392,-0.05221598,-0.03841377,0.07122722,-0.004992677,-0.9967077,-0.1416019,-0.07728583,0.9869021,0.14,1.811587,3.74,0,-0.6727939,0,0.73983,-0.9955062,0,0.09469664
saccade,5.9329,0.03841386,0.04095864,-0.05629662,-0.07504142,0.007979778,-0.007846757,-0.9971176,-0.01473589,-0.1497755,0.9886102,0.1062097,0.03950715,-0.05217617,-0.03845667,0.07125926,-0.004960011,-0.9967039,-0.1416673,-0.07736673,0.9868864,0.14,1.811587,3.74,0,-0.6727939,0,0.73983,-0.9955062,0,0.09469664
saccade,5.9440,0.03891907,0.04062128,-0.05651083,-0.08422676,-0.007712465,-0.008487848,-0.9963806,0.01679891,-0.1677129,0.9856927,0.1061986,0.03950202,-0.05215161,-0.03842375,0.07130314,-0.00488431,-0.9967024,-0.1417607,-0.07729062,0.9868789,0.14,1.811587,3.74,0,-0.6727939,0,0.73983,-0.9955062,0,0.09469664
saccade,5.9559,0.03891118,0.0406189,-0.05650361,-0.08425647,-0.007662464,-0.008536573,-0.9963781,0.01670795,-0.1677718,0.9856843,0.1061903,0.03950524,-0.05213724,-0.04700237,0.06189105,-0.00546354,-0.9969606,-0.1228923,-0.09439532,0.9879205,0.14,1.811587,3.74,0,-0.6727939,0,0.73983,-0.9955062,0,0.09469664
saccade,5.9678,0.03890114,0.04062009,-0.05649675,-0.08427896,-0.007616293,-0.008500538,-0.9963769,0.01661023,-0.1678177,0.9856781,0.1061798,0.03950095,-0.05212468,-0.04702221,0.06193568,-0.005424314,-0.9969571,-0.1229843,-0.09443018,0.9879057,0.14,1.811587,3.74,0,-0.6727939,0,0.73983,-0.9955062,0,0.09469664
saccade,5.9782,0.03891054,0.04060614,-0.05648343,-0.08980297,-0.01793233,-0.008922386,-0.9957581,0.03731504,-0.1785241,0.9832277,0.1061895,0.03948271,-0.0521162,-0.04709479,0.06190268,-0.005391703,-0.9969559,-0.1229206,-0.09457038,0.9879003,0.14,1.811587,3.74,0,-0.6727939,0,0.73983,-0.9955062,0,0.09469664
saccade,5.9899,0.03890946,0.04058003,-0.05646519,-0.08979942,-0.01791376,-0.008939164,-0.9957587,0.03728103,-0.1785168,0.9832304,0.1061882,0.03945875,-0.05209526,-0.05266835,0.0560189,-0.005750148,-0.997023,-0.1110986,-0.1056673,0.9881759,0.14,1.811587,3.74,0,-0.6727939,0,0.73983,-0.9955062,0,0.09469664
saccade,6.0009,0.03890314,0.04055595,-0.05644343,-0.08981284,-0.01793095,-0.008963111,-0.9957569,0.03731975,-0.1785421,0.9832243,0.1061821,0.03943789,-0.05207556,-0.05268359,0.05600259,-0.005773668,-0.997023,-0.1110634,-0.1057002,0.9881763,0.14,1.811587,3.74,0,-0.6727939,0,0.73983,-0.9955062,0,0.09469664
saccade,6.0118,0.03892046,0.04054749,-0.05641228,-0.09277815,-0.02414741,-0.009232243,-0.9953512,0.04978341,-0.1842478,0.9816182,0.1061997,0.03943074,-0.05204877,-0.05271565,0.05597035,-0.005782147,-0.997023,-0.1109978,-0.1057647,0.9881768,0.14,1.811587,3.74,0,-0.6727939,0,0.73983,-0.9955062,0,0.09469664
saccade,6.0230,0.03893637,0.04053557,-0.05637655,-0.09273345,-0.02425315,-0.009209963,-0.9953529,0.04998903,-0.1841583,0.9816246,0.1062165,0.03941774,-0.05202732,-0.05674261,0.05110661,-0.00602893,-0.9970617,-0.1012287,-0.113768,0.9883368,0.14,1.811587,3.74,0,-0.6727939,0,0.73983,-0.9955062,0,0.09469664
saccade,6.0345,0.03893347,0.04050732,-0.05634576,-0.0927757,-0.02428438,-0.009236898,-0.995348,0.05005674,-0.1842396,0.9816059,0.106214,0.03939295,-0.05200054,-0.05678701,0.05107624,-0.006053731,-0.9970607,-0.1011647,-0.1138586,0.9883329,0.14,1.811587,3.74,0,-0.6727939,0,0.73983,-0.9955062,0,0.09469664
saccade,6.0451,0.03892587,0.04046822,-0.0563265,-0.09460969,-0.02874073,-0.009433904,-0.9950548,0.05898228,-0.1877414,0.980446,0.1062071,0.03935742,-0.05199163,-0.05683327,0.05099894,-0.006076172,-0.9970618,-0.1010075,-0.1139523,0.9883382,0.14,1.811587,3.74,0,-0.6727939,0,0.73983,-0.9955062,0,0.09469664
saccade,6.0561,0.03893698,0.04042125,-0.05627547,-0.0947895,-0.02872826,-0.009461253,-0.9950378,0.05896507,-0.1880947,0.9803793,0.1062181,0.03931165,-0.05193928,-0.05701516,0.05101161,-0.006088612,-0.9970507,-0.101028,-0.1143152,0.9882942,0.14,1.811587,3.74,0,-0.6727939,0,0.73983,-0.9955062,0,0.09469664
saccade,6.0674,0.03892538,0.04037619,-0.05623131,-0.09709432,-0.03126594,-0.009656526,-0.9947371,0.06407797,-0.1925628,0.9791903,0.1062063,0.03927231,-0.05189073,-0.06049773,0.04838848,-0.006316448,-0.9969748,-0.09571993,-0.1212407,0.9879972,0.14,1.811587,3.74,0,-0.6727939,0,0.73983,-0.9955062,0,0.09469664
saccade,6.0787,0.03890652,0.04034007,-0.05620284,-0.09721275,-0.03129955,-0.009704018,-0.994724,0.06415554,-0.1927923,0.97914,0.1061879,0.03924143,-0.05186661,-0.06062007,0.04835612,-0.006355579,-0.9969687,-0.09564851,-0.1214873,0.9879738,0.14,1.811587,3.74,0,-0.6727939,0,0.73983,-0.9955062,0,0.09469664
saccade,6.0898,0.03890366,0.04030776,-0.05617492,-0.09722023,-0.03129965,-0.009663961,-0.9947237,0.06414808,-0.1928096,0.9791371,0.1061849,0.03920364,-0.05183924,-0.06062437,0.04835453,-0.006315086,-0.9969687,-0.09565021,-0.1214919,0.987973,0.14,1.811587,3.74,0,-0.6727939,0,0.73983,-0.9955062,0,0.09469664
saccade,6.1009,0.03889868,0.04027605,-0.05614902,-0.09727434,-0.03129998,-0.009739573,-0.9947177,0.06416411,-0.1929113,0.979116,0.1061801,0.03918135,-0.05181263,-0.06289633,0.04608689,-0.006520399,-0.9969341,-0.09107096,-0.126008,0.9878401,0.14,1.811587,3.74,0,-0.6727939,0,0.73983,-0.9955062,0,0.09469664
saccade,6.1115,0.03886996,0.04023588,-0.05612893,-0.09786664,-0.03326325,-0.009795547,-0.9945953,0.06808426,-0.1940237,0.9786314,0.1061514,0.03913844,-0.05179343,-0.06296649,0.04608283,-0.006501222,-0.9969299,-0.09106399,-0.1261455,0.9878232,0.14,1.811587,3.74,0,-0.6727939,0,0.73983,-0.9955062,0,0.09469664
saccade,6.1226,0.03884111,0.04020083,-0.05611362,-0.09787649,-0.03320245,-0.009825973,-0.9945961,0.06796952,-0.1940427,0.9786355,0.106122,0.03910661,-0.05176962,-0.06297848,0.04614457,-0.006528594,-0.9969262,-0.09118315,-0.1261723,0.9878088,0.14,1.811587,3.74,0,-0.6727939,0,0.73983,-0.9955062,0,0.09469664
saccade,6.1342,0.03884889,0.04019439,-0.05610606,-0.09785955,-0.03317017,-0.009855712,-0.9945985,0.06791095,-0.1940081,0.9786465,0.1061296,0.03910387,-0.05175728,-0.06368665,0.04471627,-0.006622166,-0.9969457,-0.0883159,-0.1275765,0.9878889,0.14,1.811587,3.74,0,-0.6727939,0,0.73983,-0.9955062,0,0.09469664
saccade,6.1453,0.03881779,0.04017282,-0.05610041,-0.09886957,-0.03507527,-0.01002064,-0.9944316,0.07174139,-0.1959351,0.9779891,0.1060975,0.03909028,-0.05173531,-0.06377783,0.04483507,-0.006691218,-0.9969341,-0.08854172,-0.1277646,0.9878444,0.14,1.811587,3.74,0,-0.6727939,0,0.73983,-0.9955062,0,0.09469664
saccade,6.1561,0.03878092,0.04015648,-0.056099,-0.09890117,-0.03500291,-0.01004184,-0.9944308,0.07160223,-0.1959978,0.9779867,0.10606,0.03907537,-0.05172405,-0.065042,0.04319129,-0.006795019,-0.9969242,-0.08523296,-0.1302709,0.9878081,0.14,1.811587,3.74,0,-0.6727939,0,0.73983,-0.9955062,0,0.09469664
saccade,6.1679,0.03874896,0.04014802,-0.05609771,-0.09894224,-0.03494623,-0.01012994,-0.9944278,0.07150757,-0.1960738,0.9779784,0.1060277,0.0390774,-0.05171417,-0.0650897,0.04325071,-0.006877637,-0.996918,-0.08533949,-0.1303731,0.9877854,0.14,1.811587,3.74,0,-0.6727939,0,0.73983,-0.9955062,0,0.09469664
saccade,6.1788,0.03874092,0.04015076,-0.05612258,-0.09970503,-0.03657126,-0.01016294,-0.9942929,0.07475168,-0.1975287,0.9774429,0.1060196,0.03907537,-0.05173949,-0.06507519,0.0432494,-0.006842261,-0.9969192,-0.08534179,-0.1303413,0.9877894,0.14,1.811587,3.74,0,-0.6727939,0,0.73983,-0.9955062,0,0.09469664
saccade,6.1927,0.03871707,0.04014289,-0.0561175,-0.09971555,-0.03646307,-0.01014649,-0.994296,0.0745337,-0.1975536,0.9774545,0.1059948,0.03906369,-0.05172019,-0.06508388,0.04335687,-0.006821222,-0.9969141,-0.08555825,-0.1303576,0.9877685,0.14,1.811587,3.74,0,-0.6727939,0,0.73983,-0.9955062,0,0.09469664
saccade,6.2102,0.03869271,0.0401479,-0.05611665,-0.09964474,-0.0364152,-0.01019734,-0.9943043,0.07444781,-0.1974117,0.9774897,0.10597,0.03907585,-0.05171195,-0.06655628,0.04204071,-0.006964373,-0.9968722,-0.0828914,-0.1332818,0.9876057,0.14,1.811587,3.74,0,-0.6727939,0,0.73983,-0.9955062,0,0.09469664
saccade,6.2176,0.03867219,0.04019248,-0.05611975,-0.1001277,-0.03752331,-0.01029644,-0.9942135,0.07667429,-0.1983239,0.9771329,0.1059488,0.03912711,-0.05170234,-0.06747901,0.04095745,-0.007083314,-0.9968545,-0.08070128,-0.1351138,0.9875382,0.14,1.811587,3.74,0,-0.6727939,0,0.73983,-0.9955062,0,0.09469664
saccade,6.2254,0.03867219,0.04019248,-0.05611975,-0.1001277,-0.03752331,-0.01029644,-0.9942135,0.07667429,-0.1983239,0.9771329,0.1059488,0.03912711,-0.05170234,-0.06747901,0.04095745,-0.007083314,-0.9968545,-0.08070128,-0.1351138,0.9875382,0.14,1.811587,3.74,0,-0.6727939,0,0.73983,-0.9955062,0,0.09469664
saccade,6.2343,0.03865588,0.04017794,-0.05612712,-0.1007753,-0.03882037,-0.01043257,-0.9940968,0.07928509,-0.1995508,0.9766746,0.1059323,0.03912342,-0.05170517,-0.06742533,0.04098467,-0.007164165,-0.9968565,-0.08074556,-0.135014,0.9875482,0.14,1.811587,3.74,0,-0.6727939,0,0.73983,-0.9955062,0,0.09469664
saccade,6.2452,0.03864041,0.04017472,-0.05613622,-0.1008198,-0.03882497,-0.01045856,-0.9940919,0.07930003,-0.1996363,0.976656,0.1059169,0.03912306,-0.05171471,-0.06747193,0.04098073,-0.007186665,-0.9968533,-0.08073376,-0.1351083,0.9875363,0.14,1.811587,3.74,0,-0.6727939,0,0.73983,-0.9955062,0,0.09469664
saccade,6.2559,0.03863503,0.04020023,-0.05612668,-0.1008286,-0.03882501,-0.01046078,-0.9940909,0.07930067,-0.1996534,0.9766524,0.1059116,0.03914869,-0.05170519,-0.0685185,0.03968183,-0.00725822,-0.996834,-0.07811775,-0.1371792,0.9874611,0.14,1.811587,3.74,0,-0.6727939,0,0.73983,-0.9955062,0,0.09469664
saccade,6.2676,0.03863093,0.04020548,-0.05612928,-0.1008069,-0.03882465,-0.0104513,-0.9940933,0.07929777,-0.1996115,0.9766612,0.1059075,0.03915298,-0.05170777,-0.06849605,0.03968198,-0.007250458,-0.9968355,-0.07811957,-0.137134,0.9874673,0.14,1.811587,3.74,0,-0.6727939,0,0.73983,-0.9955062,0,0.09469664
saccade,6.2785,0.03862881,0.04020226,-0.05613001,-0.1012558,-0.03993186,-0.01052658,-0.994003,0.08151653,-0.2004564,0.9763054,0.1059056,0.03915477,-0.05171204,-0.06846306,0.03965261,-0.007284529,-0.9968387,-0.07805707,-0.137071,0.9874809,0.14,1.811587,3.74,0,-0.6727939,0,0.73983,-0.9955062,0,0.09469664
saccade,6.2898,0.03862943,0.04021239,-0.05613365,-0.1012378,-0.03996591,-0.01055466,-0.9940032,0.08158953,-0.2004178,0.9763073,0.1059066,0.03916943,-0.05171979,-0.06900643,0.03907655,-0.007348428,-0.9968235,-0.07689067,-0.1381488,0.9874223,0.14,1.811587,3.74,0,-0.6727939,0,0.73983,-0.9955062,0,0.09469664
saccade,6.3011,0.0386316,0.0402298,-0.0561339,-0.1011173,-0.03999614,-0.01057769,-0.994014,0.08165262,-0.2001779,0.9763512,0.1059091,0.03919196,-0.0517233,-0.06888793,0.03904761,-0.00738188,-0.9968327,-0.07683083,-0.137916,0.9874595,0.14,1.811587,3.74,0,-0.6727939,0,0.73983,-0.9955062,0,0.09469664
saccade,6.3119,0.03863838,0.0402379,-0.05612764,-0.1015995,-0.04061832,-0.01064404,-0.9939389,0.0829071,-0.2011026,0.9760554,0.1059162,0.03920615,-0.05172101,-0.06879225,0.03901322,-0.007422394,-0.9968403,-0.0767587,-0.1377289,0.9874912,0.14,1.811587,3.74,0,-0.6727939,0,0.73983,-0.9955062,0,0.09469664
saccade,6.3231,0.03865042,0.04024315,-0.05611279,-0.1014963,-0.04068073,-0.01063974,-0.9939469,0.08302876,-0.2008983,0.9760872,0.1059288,0.03921318,-0.05171416,-0.06858931,0.03793738,-0.007452518,-0.9968956,-0.07461689,-0.1373182,0.9877125,0.14,1.811587,3.74,0,-0.6727939,0,0.73983,-0.9955062,0,0.09469664
saccade,6.3343,0.03866016,0.04023743,-0.05609917,-0.1014377,-0.04068115,-0.01055897,-0.9939537,0.08301252,-0.2007897,0.9761109,0.1059384,0.03919744,-0.05170145,-0.06852434,0.03793456,-0.007376668,-0.9969007,-0.07462303,-0.1371836,0.9877307,0.14,1.811587,3.74,0,-0.6727939,0,0.73983,-0.9955062,0,0.09469664
saccade,6.3453,0.03866984,0.0402267,-0.05608625,-0.1021924,-0.04116968,-0.01054529,-0.9938564,0.08398881,-0.2022608,0.9757236,0.1059486,0.03918087,-0.05169684,-0.0685251,0.03787607,-0.007328765,-0.9969032,-0.07451314,-0.137181,0.9877394,0.14,1.811587,3.74,0,-0.6727939,0,0.73983,-0.9955062,0,0.09469664
saccade,6.3561,0.03868531,0.04017949,-0.05607487,-0.1022448,-0.04116637,-0.01051988,-0.9938514,0.08397771,-0.2023662,0.9757026,0.105964,0.03912938,-0.05168558,-0.0688902,0.03769425,-0.007314515,-0.9968851,-0.07414588,-0.1379026,0.9876665,0.14,1.811587,3.74,0,-0.6727939,0,0.73983,-0.9955062,0,0.09469664
saccade,6.3675,0.03870162,0.04011869,-0.05605848,-0.1023668,-0.04116656,-0.01061608,-0.9938379,0.08399923,-0.2025979,0.9756528,0.1059804,0.03907979,-0.0516684,-0.0690197,0.0376967,-0.007400753,-0.9968754,-0.07413623,-0.1381661,0.9876305,0.14,1.811587,3.74,0,-0.6727939,0,0.73983,-0.9955062,0,0.09469664
saccade,6.3788,0.03870802,0.04006636,-0.0560184,-0.1032011,-0.04151511,-0.01061724,-0.993737,0.08470163,-0.204228,0.975252,0.1059864,0.0390203,-0.05162381,-0.06918278,0.03773677,-0.007355169,-0.9968629,-0.07421906,-0.1384866,0.9875793,0.14,1.811587,3.74,0,-0.6727939,0,0.73983,-0.9955062,0,0.09469664
saccade,6.3900,0.03870965,0.04005921,-0.05600361,-0.1032244,-0.04155655,-0.01057724,-0.9937333,0.08477592,-0.204276,0.9752355,0.1059884,0.03900802,-0.05161522,-0.06920314,0.03769388,-0.007314912,-0.9968634,-0.07413886,-0.1385236,0.9875802,0.14,1.811587,3.74,0,-0.6727939,0,0.73983,-0.9955062,0,0.09469664
saccade,6.4006,0.0387491,0.04003274,-0.0559425,-0.1032974,-0.04156651,-0.01042454,-0.993727,0.08476517,-0.2044323,0.9752038,0.1060277,0.03896034,-0.05155784,-0.06954852,0.03725154,-0.00717839,-0.996857,-0.07327043,-0.1391947,0.9875507,0.14,1.811587,3.74,0,-0.6727939,0,0.73983,-0.9955062,0,0.09469664
saccade,6.4118,0.03877902,0.04004288,-0.05591693,-0.1039878,-0.04206991,-0.01032335,-0.9936348,0.08575126,-0.2057832,0.9748333,0.1060582,0.03895271,-0.05154518,-0.06962223,0.03716647,-0.007042642,-0.996856,-0.0731186,-0.1393302,0.9875428,0.14,1.811587,3.74,0,-0.6727939,0,0.73983,-0.9955062,0,0.09469664
saccade,6.4235,0.03879892,0.04003477,-0.05588581,-0.1040377,-0.04214423,-0.01024897,-0.9936272,0.08588386,-0.2058855,0.9748001,0.1060787,0.03893518,-0.05152526,-0.06966658,0.03708939,-0.006967193,-0.9968563,-0.07297482,-0.139412,0.9875419,0.14,1.811587,3.74,0,-0.6727939,0,0.73983,-0.9955062,0,0.09469664
saccade,6.4342,0.03882035,0.04001856,-0.05585771,-0.1041416,-0.04214749,-0.01025563,-0.9936161,0.08589292,-0.2060891,0.9747562,0.1061001,0.03891826,-0.05149794,-0.07016066,0.03674768,-0.006987797,-0.9968342,-0.07228216,-0.1403906,0.9874542,0.14,1.811587,3.74,0,-0.6727939,0,0.73983,-0.9955062,0,0.09469664
saccade,6.4455,0.03883114,0.03999233,-0.05584658,-0.1040595,-0.04251889,-0.01029376,-0.9936085,0.08663659,-0.2059134,0.9747276,0.1061107,0.03889465,-0.05148272,-0.07026189,0.03677848,-0.007011923,-0.9968257,-0.07233813,-0.1405935,0.9874212,0.14,1.811587,3.74,0,-0.6727939,0,0.73983,-0.9955062,0,0.09469664
saccade,6.4563,0.03884666,0.04000998,-0.05587534,-0.1041749,-0.0425052,-0.01034707,-0.9935964,0.08662184,-0.2061361,0.9746818,0.1061262,0.03891766,-0.05150939,-0.07038153,0.03679342,-0.007055406,-0.9968164,-0.07235943,-0.1408341,0.9873854,0.14,1.811587,3.74,0,-0.6727939,0,0.73983,-0.9955062,0,0.09469664
saccade,6.4677,0.03885159,0.03999794,-0.05587173,-0.1042072,-0.04250708,-0.01035806,-0.9935929,0.08662823,-0.2061984,0.974668,0.1061311,0.03890657,-0.05150602,-0.07045482,0.03680967,-0.007064685,-0.9968106,-0.07238905,-0.1409803,0.9873623,0.14,1.811587,3.74,0,-0.6727939,0,0.73983,-0.9955062,0,0.09469664
saccade,6.4790,0.03885285,0.03999805,-0.05586742,-0.1041454,-0.04299189,-0.0103567,-0.9935786,0.08758885,-0.2060627,0.9746109,0.1061331,0.03890634,-0.0515121,-0.07044705,0.03673263,-0.007057187,-0.996814,-0.07223689,-0.1409637,0.9873759,0.14,1.811587,3.74,0,-0.6727939,0,0.73983,-0.9955062,0,0.09469664
saccade,6.4899,0.03886827,0.04001963,-0.05588724,-0.104082,-0.0430203,-0.0103243,-0.9935842,0.08763772,-0.2059401,0.9746324,0.1061487,0.03892505,-0.05153591,-0.07038117,0.03670345,-0.007030935,-0.9968199,-0.07218376,-0.1408308,0.9873987,0.14,1.811587,3.74,0,-0.6727939,0,0.73983,-0.9955062,0,0.09469664
saccade,6.5007,0.038879,0.04005384,-0.05592018,-0.1040563,-0.04302083,-0.01032313,-0.9935869,0.08763824,-0.2058898,0.974643,0.1061594,0.0389595,-0.05156883,-0.07060697,0.03667063,-0.007040946,-0.9968051,-0.07211265,-0.1412792,0.9873399,0.14,1.811587,3.74,0,-0.6727939,0,0.73983,-0.9955062,0,0.09469664
saccade,6.5117,0.03887485,0.04006612,-0.05590052,-0.1038214,-0.04355611,-0.01023183,-0.9935891,0.08867832,-0.2054203,0.9746479,0.1061562,0.03896153,-0.05156605,-0.07052059,0.03654937,-0.006954072,-0.9968163,-0.07188521,-0.1411005,0.987382,0.14,1.811587,3.74,0,-0.6727939,0,0.73983,-0.9955062,0,0.09469664
saccade,6.5227,0.03886339,0.04005563,-0.0559008,-0.1037212,-0.04355159,-0.01020994,-0.9936001,0.08866371,-0.2052255,0.9746903,0.1061447,0.03894949,-0.0515656,-0.07041863,0.03655364,-0.006940136,-0.9968234,-0.07189762,-0.1408973,0.9874101,0.14,1.811587,3.74,0,-0.6727939,0,0.73983,-0.9955062,0,0.09469664
saccade,6.5341,0.03886851,0.04005432,-0.05595357,-0.1036226,-0.04358448,-0.01029903,-0.9936079,0.0887462,-0.2050228,0.9747255,0.1061502,0.03896189,-0.05162114,-0.07074308,0.03650321,-0.007051998,-0.9968015,-0.07177516,-0.1415485,0.9873258,0.14,1.811587,3.74,0,-0.6727939,0,0.73983,-0.9955062,0,0.09469664
saccade,6.5450,0.03885712,0.04001546,-0.05597289,-0.1031569,-0.04389617,-0.01040285,-0.9936416,0.08938038,-0.2040887,0.9748635,0.1061382,0.03893673,-0.05162754,-0.07070521,0.03659093,-0.007159221,-0.9968002,-0.0719353,-0.1414818,0.9873238,0.14,1.811587,3.74,0,-0.6727939,0,0.73983,-0.9955062,0,0.09469664
saccade,6.5565,0.03883995,0.03996444,-0.05598211,-0.1032685,-0.04381506,-0.01054283,-0.9936321,0.08924958,-0.204298,0.9748317,0.1061205,0.03890169,-0.05162444,-0.07154796,0.03668998,-0.007310161,-0.9967353,-0.07209434,-0.1431652,0.9870695,0.14,1.811587,3.74,0,-0.6727939,0,0.73983,-0.9955062,0,0.09469664
saccade,6.5672,0.03882202,0.03991687,-0.0559791,-0.1033254,-0.0437757,-0.01056757,-0.9936277,0.08917729,-0.2044087,0.9748151,0.1061022,0.03885603,-0.05161606,-0.07160655,0.03672985,-0.007328956,-0.9967296,-0.07216986,-0.1432831,0.9870468,0.14,1.811587,3.74,0,-0.6727939,0,0.73983,-0.9955062,0,0.09469664
saccade,6.5836,0.0388595,0.03993309,-0.05599244,-0.1040501,-0.04368719,-0.01061902,-0.9935554,0.0890211,-0.2058312,0.97453,0.1061398,0.03887606,-0.05162923,-0.07163557,0.03672954,-0.007357915,-0.9967272,-0.07216449,-0.1433428,0.9870386,0.14,1.811587,3.74,0,-0.6727939,0,0.73983,-0.9955062,0,0.09469664
saccade,6.5943,0.03884199,0.03992271,-0.0559749,-0.1040931,-0.04365949,-0.01065657,-0.9935517,0.08897448,-0.2059132,0.974517,0.106122,0.03886974,-0.05160764,-0.0721961,0.03668037,-0.007409957,-0.9966882,-0.07204785,-0.1444576,0.9868845,0.14,1.811587,3.74,0,-0.6727939,0,0.73983,-0.9955062,0,0.09469664
saccade,6.6048,0.03883029,0.0399214,-0.05596089,-0.1043467,-0.04348753,-0.01063781,-0.9935328,0.08863261,-0.2064186,0.9744412,0.10611,0.0388639,-0.05158992,-0.07228312,0.03671189,-0.007381516,-0.996681,-0.07211297,-0.1446284,0.9868548,0.14,1.811587,3.74,0,-0.6727939,0,0.73983,-0.9955062,0,0.09469664
saccade,6.6159,0.03884424,0.03996801,-0.05596057,-0.1043471,-0.04345592,-0.01057937,-0.9935348,0.08855779,-0.2064255,0.9744465,0.1061236,0.03890228,-0.05158617,-0.07227867,0.0367416,-0.00732223,-0.9966807,-0.0721808,-0.1446156,0.9868517,0.14,1.811587,3.74,0,-0.6727939,0,0.73983,-0.9955062,0,0.09469664
saccade,6.6274,0.03883087,0.03995943,-0.05595512,-0.1043574,-0.04339428,-0.01058972,-0.9935363,0.08843781,-0.2064467,0.9744529,0.1061097,0.03889406,-0.05157237,-0.07244372,0.03673845,-0.007336569,-0.9966687,-0.07216915,-0.1449438,0.9868044,0.14,1.811587,3.74,0,-0.6727939,0,0.73983,-0.9955062,0,0.09469664
saccade,6.6383,0.0388289,0.03993833,-0.05595122,-0.104397,-0.04336267,-0.01065026,-0.9935328,0.08838819,-0.2065201,0.9744419,0.1061075,0.03887999,-0.05156357,-0.07248799,0.03677179,-0.007392684,-0.9966638,-0.07222646,-0.145036,0.9867867,0.14,1.811587,3.74,0,-0.6727939,0,0.73983,-0.9955062,0,0.09469664
saccade,6.6496,0.03881481,0.03990972,-0.05594055,-0.1048465,-0.043327,-0.01074151,-0.9934861,0.08834197,-0.2073962,0.97426,0.1060932,0.03886187,-0.05154619,-0.07240922,0.03681431,-0.007471529,-0.9966674,-0.07230123,-0.1448859,0.9868032,0.14,1.811587,3.74,0,-0.6727939,0,0.73983,-0.9955062,0,0.09469664
saccade,6.6607,0.03881334,0.03994834,-0.05598515,-0.1048506,-0.04331272,-0.01068902,-0.9934868,0.08830274,-0.2074094,0.9742607,0.1060915,0.03889322,-0.05158962,-0.07240911,0.03682686,-0.007418431,-0.9966673,-0.07233394,-0.144882,0.9868014,0.14,1.811587,3.74,0,-0.6727939,0,0.73983,-0.9955062,0,0.09469664
saccade,6.6718,0.03881192,0.03994501,-0.055968,-0.1047848,-0.04328126,-0.01063547,-0.9934958,0.08822836,-0.2072859,0.9742938,0.1060898,0.03888321,-0.05156874,-0.07220364,0.03685179,-0.007364995,-0.9966817,-0.07239545,-0.1444709,0.9868572,0.14,1.811587,3.74,0,-0.6727939,0,0.73983,-0.9955062,0,0.09469664
saccade,6.6826,0.03880375,0.03992414,-0.05593907,-0.1015261,-0.045378,-0.01046375,-0.9937423,0.09231277,-0.200832,0.9752666,0.1060818,0.0388478,-0.05154598,-0.0721011,0.03681208,-0.007250316,-0.9966914,-0.07233506,-0.1442589,0.9868926,0.14,1.811587,3.74,0,-0.6727939,0,0.73983,-0.9955062,0,0.09469664
saccade,6.6940,0.03881776,0.03994,-0.05593491,-0.1016067,-0.04537656,-0.010421,-0.9937346,0.0923022,-0.2009944,0.9752341,0.1060957,0.03885674,-0.05154254,-0.07217806,0.03681189,-0.007201069,-0.9966862,-0.07234029,-0.1444079,0.9868704,0.14,1.811587,3.74,0,-0.6727939,0,0.73983,-0.9955062,0,0.09469664
saccade,6.7051,0.0388207,0.03992426,-0.05591581,-0.1016525,-0.04543284,-0.01032471,-0.9937283,0.09239487,-0.2010919,0.9752052,0.106099,0.03882825,-0.05153248,-0.06477887,0.03156812,-0.007001641,-0.9973756,-0.06206344,-0.1296598,0.9896143,0.14,1.811587,3.74,0,-0.6727939,0,0.73983,-0.9955062,0,0.09469664
saccade,6.7165,0.03881611,0.03990006,-0.05636439,-0.07527459,-0.05491143,-0.00971589,-0.9956024,0.1108026,-0.1488201,0.9826369,0.1060973,0.03880692,-0.05151914,-0.06477077,0.03153136,-0.007002426,-0.9973773,-0.06199023,-0.1296434,0.989621,0.14,1.811587,3.74,0,-0.6727939,0,0.73983,-0.9955062,0,0.09469664
saccade,6.7273,0.03880967,0.03986061,-0.05635709,-0.07546303,-0.05495913,-0.009793309,-0.9955847,0.110911,-0.1491832,0.9825696,0.1060914,0.03877509,-0.05151824,-0.03474687,0.01615722,-0.006494204,-0.9992445,-0.03183873,-0.06965108,0.9970632,0.14,1.811587,3.74,0,-0.6727939,0,0.73983,-0.9955062,0,0.09469664
saccade,6.7383,0.03885062,0.039832,-0.05637822,-0.07549433,-0.05495874,-0.00997399,-0.9955806,0.1109377,-0.1492251,0.9825603,0.1061326,0.03876996,-0.05153765,-0.03479103,0.01616477,-0.006672042,-0.9992416,-0.03184076,-0.069745,0.9970565,0.14,1.811587,3.74,0,-0.6727939,0,0.73983,-0.9955062,0,0.09469664
saccade,6.7497,0.03883668,0.03979158,-0.05636545,-0.04839964,-0.06662981,-0.009490991,-0.996558,0.1337197,-0.09520134,0.9864359,0.1061193,0.03874183,-0.05153097,-0.03481214,0.01611668,-0.006761673,-0.9992411,-0.03173812,-0.06978939,0.9970567,0.14,1.811587,3.74,0,-0.6727939,0,0.73983,-0.9955062,0,0.09469664
saccade,6.7611,0.0388407,0.03977072,-0.05634905,-0.04837006,-0.06663523,-0.009551316,-0.9965585,0.1337358,-0.09513428,0.9864402,0.1061235,0.03872955,-0.05151482,-0.01013546,0.002107693,-0.006398192,-0.999926,-0.004085377,-0.0202964,0.9997857,0.14,1.811587,3.74,0,-0.6727939,0,0.73983,-0.9955062,0,0.09469664
saccade,6.7719,0.03883616,0.03977942,-0.05635167,-0.04831729,-0.06669787,-0.009608404,-0.9965563,0.1338649,-0.09502007,0.9864337,0.1061196,0.03874731,-0.05152532,-0.0100867,0.002047446,-0.006461148,-0.9999262,-0.003964246,-0.02019836,0.9997881,0.14,1.811587,3.74,0,-0.6727939,0,0.73983,-0.9955062,0,0.09469664
saccade,6.7832,0.03882941,0.03979874,-0.05634205,-0.03728294,-0.06902933,-0.00929974,-0.9968743,0.1383206,-0.07304891,0.9876899,0.1061138,0.03876567,-0.05152856,-0.01011273,0.001952464,-0.006455846,-0.9999261,-0.003774067,-0.02024917,0.9997879,0.14,1.811587,3.74,0,-0.6727939,0,0.73983,-0.9955062,0,0.09469664
saccade,6.7942,0.03882552,0.03980029,-0.05633473,-0.03720573,-0.06903233,-0.009217634,-0.9968778,0.1383195,-0.07290649,0.9877005,0.1061098,0.0387578,-0.05152174,-0.003512722,-0.004262604,-0.006335859,-0.9999647,0.008569419,-0.006971181,0.999939,0.14,1.811587,3.74,0,-0.6727939,0,0.73983,-0.9955062,0,0.09469664
saccade,6.8052,0.03882619,0.03980196,-0.05632785,-0.0371925,-0.06896915,-0.009225694,-0.9968826,0.1381945,-0.07288054,0.98772,0.1061099,0.03876054,-0.05150627,-0.003500067,-0.004198976,-0.006342583,-0.999965,0.008442057,-0.006946624,0.9999402,0.14,1.811587,3.74,0,-0.6727939,0,0.73983,-0.9955062,0,0.09469664
saccade,6.8161,0.03881044,0.03983426,-0.05634859,-0.02801497,-0.06945816,-0.008857516,-0.9971521,0.139017,-0.05463992,0.9887815,0.1060934,0.03878117,-0.05151979,-0.003532723,-0.004144341,-0.006259045,-0.9999656,0.008332619,-0.007013323,0.9999407,0.14,1.811587,3.74,0,-0.6727939,0,0.73983,-0.9955062,0,0.09469664
saccade,6.8272,0.03879984,0.03984833,-0.05635497,-0.02801429,-0.06939483,-0.008825298,-0.9971568,0.1388895,-0.05464442,0.9887991,0.1060821,0.0387907,-0.05151775,0.001545008,-0.006733842,-0.006129962,-0.9999574,0.01344817,0.003172441,0.9999045,0.14,1.811587,3.74,0,-0.6727939,0,0.73983,-0.9955062,0,0.09469664
saccade,6.8382,0.03878703,0.03985667,-0.05635022,-0.02796961,-0.06936252,-0.008801745,-0.9971605,0.1388235,-0.05455935,0.9888131,0.106069,0.03879654,-0.05150858,0.001591071,-0.006701961,-0.006108281,-0.9999576,0.01338392,0.003263883,0.9999051,0.14,1.811587,3.74,0,-0.6727939,0,0.73983,-0.9955062,0,0.09469664
saccade,6.8495,0.0387827,0.0398581,-0.05635457,-0.02273551,-0.07008241,-0.008594625,-0.9972451,0.1401695,-0.04414108,0.9891431,0.106064,0.0387913,-0.05150523,0.001646394,-0.00664616,-0.006053583,-0.9999583,0.01327183,0.003373117,0.9999062,0.14,1.811587,3.74,0,-0.6727939,0,0.73983,-0.9955062,0,0.09469664
saccade,6.8611,0.03877647,0.03985381,-0.05637098,-0.02269384,-0.07004759,-0.008580009,-0.9972486,0.1400991,-0.04406079,0.9891567,0.1060574,0.03878582,-0.05151684,0.005719723,-0.007657208,-0.005934957,-0.9999367,0.01524555,0.01152961,0.9998173,0.14,1.811587,3.74,0,-0.6727939,0,0.73983,-0.9955062,0,0.09469664
saccade,6.8719,0.03876702,0.03984451,-0.0563668,-0.02268959,-0.07009518,-0.008555649,-0.9972456,0.1401925,-0.04405476,0.9891437,0.1060484,0.03877342,-0.05151914,0.005725554,-0.007705562,-0.005912299,-0.9999365,0.01534244,0.0115415,0.9998157,0.14,1.811587,3.74,0,-0.6727939,0,0.73983,-0.9955062,0,0.09469664
saccade,6.8828,0.03875935,0.03983688,-0.05635794,-0.019207,-0.07043351,-0.008412302,-0.9972961,0.1408093,-0.03712513,0.9893404,0.1060406,0.0387609,-0.05151044,0.005730855,-0.007707157,-0.005875527,-0.9999366,0.01534599,0.01155155,0.9998155,0.14,1.811587,3.74,0,-0.6727939,0,0.73983,-0.9955062,0,0.09469664
saccade,6.8938,0.03876891,0.03983617,-0.05635295,-0.01923444,-0.07044717,-0.008418215,-0.9972945,0.140837,-0.03717872,0.9893345,0.1060503,0.03876054,-0.05150738,0.008249482,-0.009299014,-0.0058385,-0.9999057,0.01849994,0.01660599,0.9996909,0.14,1.811587,3.74,0,-0.6727939,0,0.73983,-0.9955062,0,0.09469664
saccade,6.9053,0.03877112,0.03982282,-0.05633591,-0.01923759,-0.07039919,-0.008447719,-0.9972976,0.1407429,-0.03718179,0.9893478,0.1060521,0.03875089,-0.05148381,0.008244458,-0.009250139,-0.005866402,-0.9999061,0.01840181,0.0165959,0.9996929,0.14,1.811587,3.74,0,-0.6727939,0,0.73983,-0.9955062,0,0.09469664
saccade,6.9159,0.03876471,0.0397867,-0.05632669,-0.01727688,-0.07051911,-0.008413252,-0.9973254,0.1409517,-0.03327475,0.9894571,0.1060464,0.03871763,-0.05148314,0.00816114,-0.009311565,-0.005894763,-0.999906,0.01852516,0.01643052,0.9996934,0.14,1.811587,3.74,0,-0.6727939,0,0.73983,-0.9955062,0,0.09469664
saccade,6.9271,0.03875478,0.03974748,-0.05631554,-0.01735391,-0.07056443,-0.008440658,-0.9973206,0.1410437,-0.0334236,0.989439,0.1060369,0.03868067,-0.0514783,0.01007643,-0.01112266,-0.005900967,-0.99987,0.02212351,0.0202815,0.9995495,0.14,1.811587,3.74,0,-0.6727939,0,0.73983,-0.9955062,0,0.09469664
saccade,6.9381,0.03876752,0.03975224,-0.05630993,-0.01738179,-0.070562,-0.008482931,-0.9973199,0.1410407,-0.03347327,0.9894378,0.1060497,0.03869057,-0.05147237,0.01004607,-0.0111192,-0.005941433,-0.9998701,0.02211613,0.02022167,0.9995509,0.14,1.811587,3.74,0,-0.6727939,0,0.73983,-0.9955062,0,0.09469664
saccade,6.9494,0.0387608,0.03972983,-0.05629998,-0.01541559,-0.07013386,-0.00840083,-0.9973831,0.1401597,-0.02957214,0.9896872,0.1060435,0.0386672,-0.05146898,0.01001155,-0.01116725,-0.005937783,-0.9998699,0.02221271,0.02015311,0.9995501,0.14,1.811587,3.74,0,-0.6727939,0,0.73983,-0.9955062,0,0.09469664
saccade,6.9616,0.03874432,0.03969848,-0.05629244,-0.01544836,-0.07015621,-0.008408875,-0.997381,0.1402047,-0.02963594,0.9896789,0.1060272,0.03863633,-0.05146455,0.009978395,-0.01118959,-0.005944467,-0.99987,0.02225764,0.02008723,0.9995505,0.14,1.811587,3.74,0,-0.6727939,0,0.73983,-0.9955062,0,0.09469664
saccade,6.9716,0.03874851,0.03970313,-0.05628632,-0.01538098,-0.07008572,-0.008430725,-0.9973868,0.1400645,-0.02949983,0.9897028,0.1060308,0.03864503,-0.05144866,0.01225295,-0.01182808,-0.005914484,-0.9998375,0.02350738,0.02464182,0.9994199,0.14,1.811587,3.74,0,-0.6727939,0,0.73983,-0.9955062,0,0.09469664
saccade,6.9827,0.03873386,0.03968918,-0.05628359,-0.01334568,-0.06982958,-0.008397423,-0.9974343,0.139525,-0.0254501,0.9898915,0.1060162,0.03863668,-0.05144581,0.01225558,-0.01182684,-0.005955637,-0.9998373,0.02350386,0.02464805,0.9994199,0.14,1.811587,3.74,0,-0.6727939,0,0.73983,-0.9955062,0,0.09469664
saccade,6.9939,0.03871832,0.03967619,-0.05628371,-0.01333985,-0.06982814,-0.008445051,-0.9974341,0.1395232,-0.02543183,0.9898922,0.1060007,0.03863013,-0.05144565,0.01225864,-0.01182415,-0.006003468,-0.999837,0.02349725,0.02465525,0.9994198,0.14,1.811587,3.74,0,-0.6727939,0,0.73983,-0.9955062,0,0.09469664
saccade,7.0051,0.03869923,0.03965437,-0.05628809,-0.01342351,-0.06977092,-0.008466581,-0.9974368,0.1394115,-0.02559676,0.9899036,0.1059811,0.0386095,-0.05144256,0.01393358,-0.01234986,-0.005976075,-0.9998088,0.02452846,0.02800944,0.9993067,0.14,1.811587,3.74,0,-0.6727939,0,0.73983,-0.9955062,0,0.09469664
saccade,7.0160,0.03869785,0.03961778,-0.0563197,-0.01249211,-0.06891501,-0.008390719,-0.9975091,0.1376963,-0.0237655,0.9901893,0.1059788,0.03856742,-0.05146232,0.01378583,-0.01225901,-0.005946144,-0.9998122,0.02434947,0.02771227,0.9993193,0.14,1.811587,3.74,0,-0.6727939,0,0.73983,-0.9955062,0,0.09469664
saccade,7.0275,0.03868159,0.03960943,-0.0563204,-0.01247835,-0.06885168,-0.008435848,-0.9975132,0.1375715,-0.02373299,0.9902075,0.105962,0.03856516,-0.05145436,0.01493933,-0.01245284,-0.005959164,-0.9997931,0.02472248,0.03002089,0.9992435,0.14,1.811587,3.74,0,-0.6727939,0,0.73983,-0.9955062,0,0.09469664
saccade,7.0382,0.03866585,0.0395993,-0.0563298,-0.0124506,-0.06878926,-0.00843536,-0.9975179,0.1374471,-0.02367888,0.990226,0.1059457,0.03855538,-0.05145525,0.01496694,-0.01239019,-0.005958491,-0.9997935,0.02459691,0.03007536,0.9992449,0.14,1.811587,3.74,0,-0.6727939,0,0.73983,-0.9955062,0,0.09469664
saccade,7.0492,0.03864362,0.03961074,-0.05633819,-0.01160617,-0.06861363,-0.008465829,-0.9975399,0.1370862,-0.02199349,0.990315,0.105923,0.03857493,-0.05145551,0.01495922,-0.01232863,-0.006018531,-0.999794,0.02447211,0.03006067,0.9992484,0.14,1.811587,3.74,0,-0.6727939,0,0.73983,-0.9955062,0,0.09469664
saccade,7.0606,0.03862262,0.03961813,-0.05634564,-0.01157813,-0.06854835,-0.008470453,-0.9975446,0.1369562,-0.02193812,0.9903342,0.1059013,0.0385834,-0.05145405,0.01611293,-0.01241517,-0.005989209,-0.9997752,0.02463175,0.03236732,0.9991724,0.14,1.811587,3.74,0,-0.6727939,0,0.73983,-0.9955062,0,0.09469664
saccade,7.0717,0.0386159,0.03962708,-0.05635632,-0.0115325,-0.06853566,-0.008474673,-0.997546,0.1369304,-0.02184677,0.9903398,0.1058945,0.03859377,-0.05146286,0.01615822,-0.01240213,-0.005995612,-0.9997746,0.02460491,0.03245786,0.9991702,0.14,1.811587,3.74,0,-0.6727939,0,0.73983,-0.9955062,0,0.09469664
saccade,7.0831,0.03860879,0.03963971,-0.05637545,-0.01071853,-0.06825314,-0.00845122,-0.9975747,0.1363564,-0.02023143,0.9904532,0.1058874,0.03860927,-0.05148148,0.0162541,-0.01240015,-0.006009258,-0.999773,0.02459933,0.03264985,0.9991641,0.14,1.811587,3.74,0,-0.6727939,0,0.73983,-0.9955062,0,0.09469664
saccade,7.0936,0.03862506,0.03967583,-0.05637436,-0.01068053,-0.06823789,-0.008390914,-0.9975766,0.1363243,-0.02016413,0.990459,0.1059034,0.038638,-0.05147828,0.01721634,-0.01246529,-0.005921853,-0.9997566,0.02472061,0.03457194,0.9990965,0.14,1.811587,3.74,0,-0.6727939,0,0.73983,-0.9955062,0,0.09469664
saccade,7.1052,0.03863009,0.03967762,-0.05637699,-0.01054907,-0.0682112,-0.008354783,-0.9975802,0.1362685,-0.0199073,0.9904719,0.1059081,0.03863752,-0.05147693,0.01734956,-0.01243898,-0.005892336,-0.9997548,0.0246674,0.0348372,0.9990885,0.14,1.811587,3.74,0,-0.6727939,0,0.73983,-0.9955062,0,0.09469664
saccade,7.1165,0.038645,0.03970003,-0.05639113,-0.009856823,-0.06812754,-0.008343725,-0.997593,0.1360916,-0.01852932,0.990523,0.1059231,0.0386622,-0.05149099,0.01737503,-0.01243869,-0.005907375,-0.9997543,0.02466598,0.03488847,0.9990868,0.14,1.811587,3.74,0,-0.6727939,0,0.73983,-0.9955062,0,0.09469664
saccade,7.1271,0.03865708,0.03972054,-0.05640326,-0.009788613,-0.06816509,-0.008238505,-0.997592,0.1361632,-0.01840693,0.9905154,0.1059353,0.03866994,-0.05150807,0.01817812,-0.01276801,-0.005790483,-0.9997365,0.02531876,0.03649452,0.9990131,0.14,1.811587,3.74,0,-0.6727939,0,0.73983,-0.9955062,0,0.09469664
saccade,7.1382,0.0386803,0.03974617,-0.05641957,-0.009769979,-0.06816407,-0.008182283,-0.9975927,0.1361598,-0.01837745,0.9905164,0.1059584,0.03868842,-0.05152425,0.01819984,-0.01276847,-0.005735368,-0.9997364,0.02532144,0.03653654,0.9990115,0.14,1.811587,3.74,0,-0.6727939,0,0.73983,-0.9955062,0,0.09469664
saccade,7.1493,0.03870077,0.03976333,-0.05643012,-0.009312334,-0.06807196,-0.008155629,-0.9976037,0.1359696,-0.0174697,0.990559,0.105979,0.0387044,-0.05153605,0.01819718,-0.01277789,-0.005727026,-0.9997364,0.02534061,0.03653112,0.9990112,0.14,1.811587,3.74,0,-0.6727939,0,0.73983,-0.9955062,0,0.09469664
saccade,7.1605,0.03872055,0.03977323,-0.05643614,-0.009256582,-0.06812105,-0.008128993,-0.997601,0.1360657,-0.01736124,0.9905477,0.1059991,0.03871191,-0.05154854,0.01914617,-0.01345367,-0.005691912,-0.99971,0.02668159,0.03843438,0.9989048,0.14,1.811587,3.74,0,-0.6727939,0,0.73983,-0.9955062,0,0.09469664
saccade,7.1716,0.03874177,0.03978527,-0.05643646,-0.00927217,-0.06818621,-0.008071092,-0.9975969,0.1361944,-0.0173991,0.9905294,0.1060209,0.03871596,-0.05155775,0.0191339,-0.01352065,-0.005635154,-0.9997097,0.02681781,0.03840907,0.9989022,0.14,1.811587,3.74,0,-0.6727939,0,0.73983,-0.9955062,0,0.09469664
saccade,7.1826,0.03879442,0.03982985,-0.05639832,-0.008975776,-0.06883283,-0.008055444,-0.9975553,0.1374737,-0.01679871,0.9903629,0.1060739,0.03875792,-0.05152559,0.01914364,-0.01356563,-0.00561468,-0.999709,0.0269084,0.03842847,0.998899,0.14,1.811587,3.74,0,-0.6727939,0,0.73983,-0.9955062,0,0.09469664
saccade,7.1938,0.03882422,0.03984797,-0.05638964,-0.00904676,-0.06890445,-0.008052655,-0.9975498,0.1376169,-0.01693946,0.9903407,0.1061044,0.03877437,-0.0515268,0.01907307,-0.01363777,-0.005610038,-0.9997094,0.0270536,0.03828806,0.9989005,0.14,1.811587,3.74,0,-0.6727939,0,0.73983,-0.9955062,0,0.09469664
saccade,7.2047,0.03884305,0.03984332,-0.05638511,-0.009043801,-0.06899554,-0.008013816,-0.9975438,0.1377971,-0.01693734,0.9903157,0.1061241,0.03876472,-0.05153459,0.0199804,-0.0141005,-0.005554012,-0.9996855,0.02797018,0.04010486,0.9988039,0.14,1.811587,3.74,0,-0.6727939,0,0.73983,-0.9955062,0,0.09469664
saccade,7.2157,0.03886928,0.03984582,-0.056355,-0.008353484,-0.06906951,-0.00796254,-0.9975451,0.1379329,-0.01556602,0.9903193,0.1061511,0.03876305,-0.05151591,0.01995084,-0.0141854,-0.005527763,-0.999685,0.02814129,0.04004595,0.9988015,0.14,1.811587,3.74,0,-0.6727939,0,0.73983,-0.9955062,0,0.09469664
saccade,7.2270,0.03888955,0.03983569,-0.05633812,-0.008353376,-0.06916139,-0.007954204,-0.9975388,0.1381152,-0.01556539,0.9902939,0.1061722,0.03875196,-0.05151143,0.01995159,-0.01427768,-0.005522094,-0.9996837,0.02832597,0.04004825,0.9987962,0.14,1.811587,3.74,0,-0.6727939,0,0.73983,-0.9955062,0,0.09469664
saccade,7.2412,0.03890579,0.03982174,-0.05632102,-0.00837898,-0.06918152,-0.008074378,-0.9975362,0.1381575,-0.01559948,0.9902874,0.1061889,0.03875363,-0.05149702,0.02031395,-0.01452551,-0.005634438,-0.9996723,0.02881258,0.04077826,0.9987527,0.14,1.811587,3.74,0,-0.6727939,0,0.73983,-0.9955062,0,0.09469664
saccade,7.2522,0.03891715,0.03981233,-0.056302,-0.008286421,-0.0694615,-0.008165404,-0.9975168,0.1387133,-0.01539733,0.9902129,0.1062006,0.03875601,-0.05147979,0.02032291,-0.01453728,-0.005721878,-0.9996714,0.02883244,0.04079882,0.9987513,0.14,1.811587,3.74,0,-0.6727939,0,0.73983,-0.9955062,0,0.09469664
saccade,7.2601,0.03890861,0.03979325,-0.05628743,-0.008304228,-0.06946182,-0.008238401,-0.997516,0.1387154,-0.01542269,0.9902122,0.1061922,0.03874636,-0.05146526,0.02030112,-0.0145356,-0.005793773,-0.9996715,0.0288264,0.04075734,0.9987532,0.14,1.811587,3.74,0,-0.6727939,0,0.73983,-0.9955062,0,0.09469664
saccade,7.2720,0.0389074,0.03978181,-0.05627054,-0.008327223,-0.06943409,-0.008260258,-0.9975176,0.138661,-0.01546602,0.9902191,0.1061907,0.03873742,-0.05144469,0.0204603,-0.01463635,-0.005810966,-0.9996666,0.02902515,0.04107706,0.9987343,0.14,1.811587,3.74,0,-0.6727939,0,0.73983,-0.9955062,0,0.09469664
saccade,7.2825,0.03890629,0.03975129,-0.05625442,-0.007474754,-0.0689619,-0.00815795,-0.9975579,0.1377089,-0.01378783,0.9903768,0.1061886,0.03869939,-0.05141608,0.02054765,-0.01454672,-0.005746496,-0.9996666,0.02884759,0.04124879,0.9987324,0.14,1.811587,3.74,0,-0.6727939,0,0.73983,-0.9955062,0,0.09469664
saccade,7.2937,0.03890884,0.03972781,-0.05626725,-0.007655847,-0.06893209,-0.008210883,-0.9975582,0.1376533,-0.01414232,0.9903795,0.106191,0.0386796,-0.05142544,0.02036392,-0.01451617,-0.005788668,-0.9996705,0.02878702,0.04088248,0.9987492,0.14,1.811587,3.74,0,-0.6727939,0,0.73983,-0.9955062,0,0.09469664
saccade,7.3054,0.03891368,0.03966808,-0.0562603,-0.007863882,-0.06881773,-0.00823067,-0.9975643,0.1374297,-0.01455662,0.9904045,0.1061947,0.03861833,-0.05140373,0.02050632,-0.01476223,-0.005792114,-0.999664,0.02927699,0.04116987,0.9987231,0.14,1.811587,3.74,0,-0.6727939,0,0.73983,-0.9955062,0,0.09469664
saccade,7.3160,0.03892424,0.03961587,-0.05623965,-0.007654205,-0.06896637,-0.008223657,-0.9975557,0.1377215,-0.01413668,0.9903701,0.1062038,0.03856206,-0.05136374,0.02031097,-0.01461473,-0.005775669,-0.9996703,0.0289852,0.04077736,0.9987478,0.14,1.811587,3.74,0,-0.6727939,0,0.73983,-0.9955062,0,0.09469664
saccade,7.3270,0.03892694,0.03958797,-0.05621485,-0.007675469,-0.06900535,-0.008046887,-0.9975544,0.1377967,-0.01420284,0.9903587,0.1062065,0.0385102,-0.05134441,0.02029943,-0.01465878,-0.005599183,-0.9996709,0.02908059,0.04074966,0.9987461,0.14,1.811587,3.74,0,-0.6727939,0,0.73983,-0.9955062,0,0.09469664
saccade,7.3381,0.03896564,0.03961015,-0.0562364,-0.007711636,-0.06895937,-0.007842616,-0.9975589,0.137703,-0.01430398,0.9903703,0.1062443,0.03850436,-0.05136006,0.02084561,-0.01491561,-0.005381111,-0.999657,0.02959664,0.04183745,0.998686,0.14,1.811587,3.74,0,-0.6727939,0,0.73983,-0.9955062,0,0.09469664
saccade,7.3496,0.03898523,0.03961396,-0.05620898,-0.007696223,-0.06951647,-0.007676312,-0.9975216,0.1388065,-0.01428704,0.9902164,0.1062645,0.03848314,-0.05134559,0.02077383,-0.01501419,-0.005203812,-0.9996579,0.0298019,0.04168971,0.998686,0.14,1.811587,3.74,0,-0.6727939,0,0.73983,-0.9955062,0,0.09469664
saccade,7.3608,0.03900739,0.03961325,-0.05618251,-0.007783639,-0.06960378,-0.007588859,-0.9975155,0.1389798,-0.01447217,0.9901894,0.1062873,0.03846931,-0.05133127,0.02069151,-0.01510453,-0.005114303,-0.9996588,0.02998711,0.04152339,0.9986874,0.14,1.811587,3.74,0,-0.6727939,0,0.73983,-0.9955062,0,0.09469664
saccade,7.3714,0.03903734,0.0396378,-0.05615763,-0.007767209,-0.0696299,-0.007549631,-0.9975141,0.1390309,-0.01444444,0.9901827,0.1063174,0.03848898,-0.05130988,0.02112371,-0.01538249,-0.005070011,-0.9996457,0.03053988,0.04238842,0.9986343,0.14,1.811587,3.74,0,-0.6727939,0,0.73983,-0.9955062,0,0.09469664
saccade,7.3825,0.03906734,0.03967738,-0.05613802,-0.007609852,-0.06964343,-0.007597276,-0.997514,0.1390562,-0.01412367,0.9901838,0.1063479,0.03853583,-0.05129562,0.02113139,-0.01542124,-0.005124929,-0.9996447,0.03061493,0.04240582,0.9986313,0.14,1.811587,3.74,0,-0.6727939,0,0.73983,-0.9955062,0,0.09469664
saccade,7.3941,0.03909076,0.03967214,-0.05612162,-0.007560669,-0.06967387,-0.007814799,-0.9975106,0.139119,-0.01399472,0.9901768,0.1063721,0.03856063,-0.05128299,0.02116875,-0.01544532,-0.005345595,-0.9996423,0.03065327,0.04248748,0.9986266,0.14,1.811587,3.74,0,-0.6727939,0,0.73983,-0.9955062,0,0.09469664
saccade,7.4052,0.03910472,0.03966665,-0.05611307,-0.007604259,-0.06973512,-0.007934086,-0.9975051,0.1392429,-0.014064,0.9901584,0.1063869,0.03857028,-0.05128275,0.021548,-0.01605014,-0.005465163,-0.9996241,0.03185268,0.04325523,0.9985561,0.14,1.811587,3.74,0,-0.6727939,0,0.73983,-0.9955062,0,0.09469664
saccade,7.4163,0.03913875,0.03967977,-0.0561465,-0.007575976,-0.06988113,-0.007930074,-0.9974951,0.1395323,-0.01400567,0.9901184,0.1064224,0.03858161,-0.05133734,0.02143976,-0.01620513,-0.00546466,-0.9996239,0.03216376,0.04304051,0.9985555,0.14,1.811587,3.74,0,-0.6727939,0,0.73983,-0.9955062,0,0.09469664
saccade,7.4270,0.03916241,0.03969097,-0.05614721,-0.0075517,-0.07001048,-0.007995928,-0.9974856,0.1397896,-0.01394583,0.990083,0.1064475,0.03860223,-0.05135537,0.02146072,-0.01633272,-0.005535504,-0.999621,0.03241547,0.04308599,0.9985453,0.14,1.811587,3.74,0,-0.6727939,0,0.73983,-0.9955062,0,0.09469664
saccade,7.4381,0.03917698,0.039711,-0.0561316,-0.007601332,-0.07009289,-0.007905802,-0.9974802,0.1399527,-0.01405608,0.9900584,0.1064626,0.0386095,-0.05135111,0.02166277,-0.01673131,-0.005446042,-0.9996105,0.03321363,0.04349089,0.9985016,0.14,1.811587,3.74,0,-0.6727939,0,0.73983,-0.9955062,0,0.09469664
saccade,7.4496,0.03916743,0.03974748,-0.05612738,-0.007022368,-0.07033451,-0.007755585,-0.9974686,0.1404219,-0.01291821,0.9900075,0.1064538,0.03862953,-0.05136128,0.02177934,-0.01684362,-0.005316757,-0.9996068,0.0334424,0.04372067,0.9984839,0.14,1.811587,3.74,0,-0.6727939,0,0.73983,-0.9955062,0,0.09469664
saccade,7.4607,0.03913142,0.03979671,-0.05613293,-0.006845708,-0.07035223,-0.007669457,-0.9974692,0.1404534,-0.01257764,0.9900074,0.1064178,0.03867066,-0.05136869,0.02196036,-0.01686304,-0.005240714,-0.9996029,0.03348251,0.04408003,0.9984668,0.14,1.811587,3.74,0,-0.6727939,0,0.73983,-0.9955062,0,0.09469664
saccade,7.4715,0.03911376,0.03982949,-0.05614498,-0.006707298,-0.07026926,-0.00771968,-0.9974756,0.1402873,-0.01229582,0.9900345,0.1063995,0.03871274,-0.05136905,0.02231836,-0.01693309,-0.005292778,-0.9995935,0.03361617,0.04479782,0.9984303,0.14,1.811587,3.74,0,-0.6727939,0,0.73983,-0.9955062,0,0.09469664
saccade,7.4826,0.03907329,0.03984725,-0.05616228,-0.008269085,-0.07213017,-0.007899825,-0.9973297,0.1440058,-0.01535438,0.9894577,0.1063585,0.03874362,-0.05137663,0.02251319,-0.01686322,-0.005371031,-0.9995899,0.03347076,0.04518907,0.9984176,0.14,1.811587,3.74,0,-0.6727939,0,0.73983,-0.9955062,0,0.09469664
saccade,7.4936,0.03903659,0.03987896,-0.05618462,-0.008158145,-0.07199184,-0.008022393,-0.9973395,0.1437315,-0.01511779,0.9895012,0.1063208,0.03879356,-0.05137983,0.02261687,-0.01672034,-0.005495133,-0.9995893,0.03317837,0.04539893,0.9984178,0.14,1.811587,3.74,0,-0.6727939,0,0.73983,-0.9955062,0,0.09469664
saccade,7.5048,0.03900703,0.03988218,-0.05620199,-0.008099589,-0.07182641,-0.008050302,-0.9973518,0.1434028,-0.01499983,0.9895507,0.1062897,0.03880143,-0.05137467,0.01524542,-0.01586464,-0.005749162,-0.9997414,0.03154577,0.03066537,0.9990318,0.14,1.811587,3.74,0,-0.6727939,0,0.73983,-0.9955062,0,0.09469664
saccade,7.5159,0.03896579,0.03987753,-0.05622657,-0.008134823,-0.07169142,-0.008084623,-0.9973609,0.143136,-0.01506751,0.9895883,0.1062472,0.0388006,-0.05138113,0.01520807,-0.01572869,-0.005778236,-0.9997439,0.03127357,0.03059013,0.9990426,0.14,1.811587,3.74,0,-0.6727939,0,0.73983,-0.9955062,0,0.09469664
saccade,7.5272,0.03893119,0.039868,-0.05624998,-0.03609828,-0.08460742,-0.009402507,-0.9957159,0.1691687,-0.07029621,0.983077,0.1062119,0.03879631,-0.0513938,0.01524243,-0.01564912,-0.005813899,-0.9997445,0.03111302,0.03065904,0.9990456,0.14,1.811587,3.74,0,-0.6727939,0,0.73983,-0.9955062,0,0.09469664
saccade,7.5383,0.03892824,0.03988385,-0.05627529,-0.03617559,-0.08450617,-0.00941456,-0.9957216,0.1689704,-0.07045045,0.9831001,0.106208,0.03881168,-0.05140569,-0.02699617,-0.01231779,-0.007135642,-0.9995342,0.02500936,-0.05379141,0.998239,0.14,1.811587,3.74,0,-0.6727939,0,0.73983,-0.9955062,0,0.09469664
saccade,7.5494,0.03890093,0.03989971,-0.05629035,-0.03610548,-0.08441611,-0.009360967,-0.9957322,0.1687876,-0.07032234,0.9831406,0.1061797,0.03882146,-0.05140858,-0.02692232,-0.01222768,-0.007086369,-0.9995376,0.02482563,-0.05364644,0.9982513,0.14,1.811587,3.74,0,-0.6727939,0,0.73983,-0.9955062,0,0.09469664
saccade,7.5608,0.03887568,0.03994226,-0.05630245,-0.08286639,-0.09720732,-0.01122362,-0.9917449,0.1946699,-0.1621826,0.9673678,0.1061539,0.03885865,-0.05141401,-0.02691188,-0.01217731,-0.007047188,-0.9995388,0.0247227,-0.0536273,0.998255,0.14,1.811587,3.74,0,-0.6727939,0,0.73983,-0.9955062,0,0.09469664
saccade,7.5720,0.03889399,0.03997815,-0.05632375,-0.08277829,-0.09714655,-0.01119188,-0.9917586,0.1945447,-0.1620176,0.9674206,0.1061715,0.03889167,-0.05142705,-0.05952375,-0.01336274,-0.008146344,-0.9981042,0.02764461,-0.1186041,0.9925567,0.14,1.811587,3.74,0,-0.6727939,0,0.73983,-0.9955062,0,0.09469664
saccade,7.5828,0.03890349,0.03999269,-0.05633278,-0.08272474,-0.0971303,-0.01121975,-0.9917643,0.194517,-0.1619073,0.9674447,0.1061809,0.03891087,-0.05143333,-0.05947257,-0.01334548,-0.008178215,-0.9981073,0.02761319,-0.1185017,0.9925698,0.14,1.811587,3.74,0,-0.6727939,0,0.73983,-0.9955062,0,0.09469664
saccade,7.5939,0.03890005,0.03999877,-0.05632937,-0.1036507,-0.1049139,-0.01207426,-0.9889913,0.2100209,-0.2024858,0.9564992,0.1061776,0.03891206,-0.05143237,-0.0594103,-0.01336273,-0.008135566,-0.9981111,0.02764165,-0.1183787,0.9925837,0.14,1.811587,3.74,0,-0.6727939,0,0.73983,-0.9955062,0,0.09469664
saccade,7.6050,0.03891347,0.04001832,-0.05630459,-0.1036388,-0.104913,-0.01207928,-0.9889926,0.2100201,-0.2024614,0.9565045,0.106191,0.03893256,-0.05140733,-0.06717265,-0.01411852,-0.008421071,-0.997606,0.02930078,-0.1337859,0.990577,0.14,1.811587,3.74,0,-0.6727939,0,0.73983,-0.9955062,0,0.09469664
saccade,7.6162,0.03893599,0.0399847,-0.05631427,-0.1036446,-0.1049875,-0.01200718,-0.988985,0.2101512,-0.2024847,0.9564708,0.1062142,0.03889036,-0.05142805,-0.06717232,-0.0141961,-0.008351588,-0.9976055,0.02944621,-0.1337858,0.9905727,0.14,1.811587,3.74,0,-0.6727939,0,0.73983,-0.9955062,0,0.09469664
saccade,7.6283,0.03895822,0.03996205,-0.05630206,-0.1110529,-0.1066665,-0.01221175,-0.9879982,0.2134849,-0.2168349,0.952579,0.1062373,0.03885567,-0.05143145,-0.06731428,-0.01430293,-0.008266,-0.9975951,0.02964991,-0.1340684,0.9905284,0.14,1.811587,3.74,0,-0.6727939,0,0.73983,-0.9955062,0,0.09469664
saccade,7.6387,0.03898017,0.03993523,-0.05627739,-0.1112023,-0.1067651,-0.01220208,-0.9879708,0.2136753,-0.2171238,0.9524705,0.1062603,0.03882539,-0.05142098,-0.07368873,-0.01397722,-0.008440518,-0.9971476,0.02911864,-0.1467211,0.9887492,0.14,1.811587,3.74,0,-0.6727939,0,0.73983,-0.9955062,0,0.09469664
saccade,7.6531,0.03900558,0.03989065,-0.056259,-0.1149196,-0.1061793,-0.01229034,-0.9876074,0.2125518,-0.2243809,0.9510389,0.106287,0.03877795,-0.05142149,-0.0738473,-0.01411264,-0.008422763,-0.9971341,0.02938839,-0.1470336,0.9886948,0.14,1.811587,3.74,0,-0.6727939,0,0.73983,-0.9955062,0,0.09469664
saccade,7.6640,0.03903183,0.03982937,-0.05625587,-0.1150266,-0.1062556,-0.01236322,-0.9875858,0.2127173,-0.22457,0.9509572,0.1063141,0.0387249,-0.05142812,-0.0739616,-0.0141872,-0.00848862,-0.997124,0.02954846,-0.1472569,0.9886568,0.14,1.811587,3.74,0,-0.6727939,0,0.73983,-0.9955062,0,0.09469664
saccade,7.6753,0.03904119,0.03980494,-0.05623774,-0.115099,-0.1063215,-0.01244315,-0.9875693,0.2128642,-0.2246905,0.9508959,0.1063242,0.03871036,-0.05141805,-0.07700453,-0.01380132,-0.0086485,-0.9968978,0.02884895,-0.1532926,0.9877596,0.14,1.811587,3.74,0,-0.6727939,0,0.73983,-0.9955062,0,0.09469664
saccade,7.6868,0.03904612,0.03979421,-0.05621041,-0.1170611,-0.1056676,-0.01261957,-0.9874066,0.2116283,-0.2285069,0.9502621,0.1063297,0.03871715,-0.0513956,-0.07705641,-0.01384644,-0.008779583,-0.996892,0.02895985,-0.1533907,0.9877412,0.14,1.811587,3.74,0,-0.6727939,0,0.73983,-0.9955062,0,0.09469664
saccade,7.6977,0.03906919,0.03980196,-0.05622387,-0.1169473,-0.105633,-0.01267006,-0.9874231,0.2115723,-0.2282762,0.95033,0.1063525,0.0387336,-0.05140301,-0.07694706,-0.01380871,-0.00883885,-0.9969004,0.02889207,-0.153173,0.9877769,0.14,1.811587,3.74,0,-0.6727939,0,0.73983,-0.9955062,0,0.09469664
saccade,7.7086,0.03907408,0.03980434,-0.05621483,-0.1169666,-0.1056709,-0.01269701,-0.9874164,0.2116525,-0.2283061,0.950305,0.1063578,0.03873968,-0.05139875,-0.07951561,-0.01399513,-0.00895262,-0.9966952,0.02932151,-0.158255,0.9869628,0.14,1.811587,3.74,0,-0.6727939,0,0.73983,-0.9955062,0,0.09469664
saccade,7.7203,0.03908095,0.03980708,-0.05621029,-0.1170089,-0.1057295,-0.01263603,-0.987406,0.2117528,-0.2283985,0.9502604,0.1063652,0.03873432,-0.05140325,-0.07955268,-0.01405662,-0.008890324,-0.9966919,0.02943474,-0.1583291,0.9869475,0.14,1.811587,3.74,0,-0.6727939,0,0.73983,-0.9955062,0,0.09469664
saccade,7.7312,0.03909045,0.03981376,-0.05620908,-0.118161,-0.1059356,-0.01266329,-0.9872463,0.2121617,-0.230625,0.9496313,0.1063746,0.0387361,-0.0514026,-0.07969493,-0.0140552,-0.008866029,-0.9966808,0.02943024,-0.1586116,0.9869024,0.14,1.811587,3.74,0,-0.6727939,0,0.73983,-0.9955062,0,0.09469664
saccade,7.7420,0.03911929,0.03982091,-0.05623605,-0.1182194,-0.1058702,-0.01253436,-0.9872481,0.2120038,-0.2307697,0.9496314,0.1064027,0.03872383,-0.05142311,-0.0809854,-0.01397061,-0.008769665,-0.9965788,0.02926606,-0.1611716,0.9864924,0.14,1.811587,3.74,0,-0.6727939,0,0.73983,-0.9955062,0,0.09469664
saccade,7.7531,0.03912965,0.03983724,-0.05624491,-0.1182161,-0.1058737,-0.01251157,-0.9872483,0.2120053,-0.2307679,0.9496315,0.1064131,0.0387373,-0.05143277,-0.08098,-0.01397497,-0.008747439,-0.9965794,0.02927107,-0.1611615,0.9864939,0.14,1.811587,3.74,0,-0.6727939,0,0.73983,-0.9955062,0,0.09469664
saccade,7.7642,0.03913934,0.03984785,-0.05624099,-0.1184964,-0.1064503,-0.01249106,-0.9871529,0.2131257,-0.2312888,0.9492539,0.1064224,0.03874171,-0.05142497,-0.0809534,-0.013943,-0.008701332,-0.9965824,0.02919951,-0.1611108,0.9865043,0.14,1.811587,3.74,0,-0.6727939,0,0.73983,-0.9955062,0,0.09469664
saccade,7.7754,0.03917877,0.03988695,-0.0562632,-0.1184468,-0.1064454,-0.01242092,-0.9871603,0.2130997,-0.2312077,0.9492795,0.1064617,0.0387727,-0.05144732,-0.08204877,-0.01482459,-0.008698259,-0.9964801,0.03097218,-0.163262,0.9860964,0.14,1.811587,3.74,0,-0.6727939,0,0.73983,-0.9955062,0,0.09469664
saccade,7.7865,0.03919644,0.03991961,-0.0562709,-0.1184024,-0.1064416,-0.01239501,-0.9871663,0.2130864,-0.2311271,0.9493021,0.1064793,0.03880286,-0.05145469,-0.082002,-0.01482145,-0.008676413,-0.9964842,0.03096165,-0.1631702,0.986112,0.14,1.811587,3.74,0,-0.6727939,0,0.73983,-0.9955062,0,0.09469664
saccade,7.7976,0.03921217,0.03995442,-0.05626965,-0.1182202,-0.1061606,-0.01237955,-0.9872186,0.2125344,-0.2307899,0.9495078,0.1064954,0.03884041,-0.05145869,-0.08189404,-0.01486418,-0.008683759,-0.9964924,0.03104639,-0.1629554,0.9861448,0.14,1.811587,3.74,0,-0.6727939,0,0.73983,-0.9955062,0,0.09469664
saccade,7.8088,0.03922526,0.03998244,-0.0562657,-0.1180506,-0.1062093,-0.01233926,-0.9872342,0.2126203,-0.230466,0.9495673,0.106509,0.03886783,-0.05146097,-0.08270612,-0.01560086,-0.008712038,-0.9964138,0.03253091,-0.1645472,0.9858326,0.14,1.811587,3.74,0,-0.6727939,0,0.73983,-0.9955062,0,0.09469664
saccade,7.8201,0.03925738,0.04005325,-0.05629555,-0.1183691,-0.1065867,-0.01242339,-0.9871544,0.2133761,-0.2310487,0.9492561,0.1065412,0.03894889,-0.05148966,-0.08262056,-0.01560016,-0.008780856,-0.9964203,0.03253959,-0.1643756,0.9858609,0.14,1.811587,3.74,0,-0.6727939,0,0.73983,-0.9955062,0,0.09469664
saccade,7.8306,0.03927028,0.04010129,-0.05630193,-0.1182151,-0.1066809,-0.01230408,-0.9871642,0.2135321,-0.2307702,0.9492888,0.1065549,0.03898644,-0.05150968,-0.08245643,-0.01569796,-0.008679627,-0.9964333,0.03271533,-0.1640522,0.985909,0.14,1.811587,3.74,0,-0.6727939,0,0.73983,-0.9955062,0,0.09469664
saccade,7.8420,0.03927587,0.04011762,-0.0563022,-0.1181913,-0.106669,-0.01232418,-0.987168,0.2135136,-0.23072,0.9493051,0.1065604,0.03900576,-0.05150791,-0.08304285,-0.0154926,-0.008715839,-0.9963874,0.03232084,-0.1652156,0.9857277,0.14,1.811587,3.74,0,-0.6727939,0,0.73983,-0.9955062,0,0.09469664
saccade,7.8531,0.0393005,0.04016626,-0.05634441,-0.1183215,-0.1068166,-0.01229554,-0.9871368,0.2137949,-0.2309723,0.9491804,0.1065853,0.03905094,-0.05155554,-0.08300181,-0.01553147,-0.008683841,-0.9963905,0.03239236,-0.1651347,0.9857389,0.14,1.811587,3.74,0,-0.6727939,0,0.73983,-0.9955062,0,0.09469664
saccade,7.8645,0.03931323,0.04019713,-0.05636374,-0.1182686,-0.1068434,-0.01223941,-0.987141,0.213834,-0.2308802,0.9491941,0.1065983,0.03907621,-0.05157904,-0.08294396,-0.01555992,-0.008633793,-0.9963953,0.0324399,-0.1650213,0.9857564,0.14,1.811587,3.74,0,-0.6727939,0,0.73983,-0.9955062,0,0.09469664
saccade,7.8753,0.03931086,0.04021931,-0.05637253,-0.1182217,-0.1068549,-0.01219533,-0.9871458,0.2138462,-0.2307979,0.9492113,0.106596,0.03909385,-0.0515898,-0.08355013,-0.01551769,-0.008614403,-0.9963455,0.03236143,-0.1662222,0.9855571,0.14,1.811587,3.74,0,-0.6727939,0,0.73983,-0.9955062,0,0.09469664
saccade,7.8871,0.03930973,0.04023814,-0.05638006,-0.1187109,-0.1078032,-0.01219758,-0.986984,0.2156961,-0.2317016,0.9485724,0.1065949,0.0391084,-0.0515995,-0.08352016,-0.01553173,-0.008578194,-0.9963481,0.03238293,-0.1661638,0.9855663,0.14,1.811587,3.74,0,-0.6727939,0,0.73983,-0.9955062,0,0.09469664
saccade,7.8986,0.03932411,0.04022229,-0.05642852,-0.1186947,-0.1077423,-0.01223746,-0.9869921,0.2155866,-0.2316646,0.9486063,0.1066087,0.03909719,-0.05163907,-0.08350728,-0.01546897,-0.008617162,-0.9963499,0.0322642,-0.1661384,0.9855745,0.14,1.811587,3.74,0,-0.6727939,0,0.73983,-0.9955062,0,0.09469664
saccade,7.9091,0.03931733,0.04022849,-0.05644426,-0.1187391,-0.1076858,-0.01226036,-0.9869927,0.2154818,-0.2317487,0.9486096,0.1066014,0.03910434,-0.05164711,-0.08465624,-0.01565948,-0.008676348,-0.9962494,0.0326705,-0.1684057,0.9851762,0.14,1.811587,3.74,0,-0.6727939,0,0.73983,-0.9955062,0,0.09469664
saccade,7.9202,0.03930871,0.04023433,-0.05645928,-0.1196373,-0.1075569,-0.01231131,-0.9868976,0.2152411,-0.2334911,0.9482369,0.1065928,0.03911412,-0.05166152,-0.08463063,-0.0156579,-0.008703277,-0.9962513,0.03267153,-0.1683542,0.985185,0.14,1.811587,3.74,0,-0.6727939,0,0.73983,-0.9955062,0,0.09469664
saccade,7.9310,0.03933444,0.04023898,-0.05649789,-0.119638,-0.1075426,-0.01228389,-0.9868994,0.2152067,-0.2334993,0.9482427,0.1066184,0.03911495,-0.05169864,-0.08462875,-0.01564449,-0.008675403,-0.9962519,0.03264008,-0.1683517,0.9851865,0.14,1.811587,3.74,0,-0.6727939,0,0.73983,-0.9955062,0,0.09469664
saccade,7.9422,0.03935246,0.04024231,-0.0565187,-0.1196465,-0.107468,-0.01231643,-0.9869061,0.2150688,-0.2335124,0.9482707,0.1066357,0.03912103,-0.05170896,-0.08527455,-0.01536551,-0.008719467,-0.9962009,0.03210136,-0.1696332,0.9849843,0.14,1.811587,3.74,0,-0.6727939,0,0.73983,-0.9955062,0,0.09469664
saccade,7.9535,0.03935153,0.04024422,-0.05652928,-0.1202626,-0.1076277,-0.01236073,-0.9868133,0.2153899,-0.2346928,0.9479064,0.1066342,0.03912401,-0.05171165,-0.08530415,-0.01530715,-0.008734166,-0.9961991,0.03198806,-0.1696925,0.9849778,0.14,1.811587,3.74,0,-0.6727939,0,0.73983,-0.9955062,0,0.09469664
saccade,7.9654,0.03933917,0.04024684,-0.05654208,-0.1203487,-0.1076711,-0.01230249,-0.9867988,0.2154606,-0.2348706,0.9478462,0.1066222,0.03911757,-0.0517317,-0.08538511,-0.01535354,-0.008669815,-0.996192,0.0320707,-0.1698537,0.9849473,0.14,1.811587,3.74,0,-0.6727939,0,0.73983,-0.9955062,0,0.09469664
saccade,7.9767,0.03935701,0.04025137,-0.05657879,-0.1203686,-0.1076157,-0.0123578,-0.9868017,0.2153658,-0.2349001,0.9478605,0.1066396,0.03912807,-0.0517602,-0.08566695,-0.0149358,-0.008719551,-0.9961737,0.03125127,-0.1704179,0.9848762,0.14,1.811587,3.74,0,-0.6727939,0,0.73983,-0.9955062,0,0.09469664
saccade,7.9877,0.03935913,0.04024422,-0.05658774,-0.1210882,-0.1077137,-0.01240967,-0.9867023,0.215568,-0.2362826,0.9474708,0.1066418,0.03912449,-0.05176958,-0.0856667,-0.01494121,-0.008745911,-0.9961734,0.03126654,-0.1704164,0.984876,0.14,1.811587,3.74,0,-0.6727939,0,0.73983,-0.9955062,0,0.09469664
saccade,7.9987,0.03935887,0.04024696,-0.05660183,-0.1211578,-0.1076841,-0.01241013,-0.986697,0.2155103,-0.2364194,0.9474499,0.1066412,0.03912508,-0.05178008,-0.08573614,-0.01491196,-0.008738803,-0.996168,0.03120811,-0.1705546,0.9848539,0.14,1.811587,3.74,0,-0.6727939,0,0.73983,-0.9955062,0,0.09469664
saccade,8.0099,0.03936623,0.04025161,-0.05660639,-0.1212209,-0.1076565,-0.01244815,-0.9866918,0.2154655,-0.2365351,0.9474311,0.1066484,0.03913271,-0.05178069,-0.08631332,-0.01483561,-0.008785135,-0.9961188,0.03107262,-0.171696,0.9846599,0.14,1.811587,3.74,0,-0.6727939,0,0.73983,-0.9955062,0,0.09469664
saccade,8.0206,0.03938504,0.04022062,-0.05662226,-0.1216998,-0.1077248,-0.01252058,-0.9866244,0.2156153,-0.2374464,0.9471691,0.1066673,0.03910804,-0.05179626,-0.08637139,-0.01483624,-0.008836834,-0.9961134,0.03108365,-0.1718092,0.9846398,0.14,1.811587,3.74,0,-0.6727939,0,0.73983,-0.9955062,0,0.09469664
saccade,8.0319,0.03939303,0.04021621,-0.05663152,-0.1217135,-0.1077249,-0.01246789,-0.9866234,0.2156028,-0.2374846,0.9471623,0.1066752,0.03909647,-0.05180645,-0.08638023,-0.01483829,-0.008783128,-0.9961131,0.03107861,-0.1718283,0.9846365,0.14,1.811587,3.74,0,-0.6727939,0,0.73983,-0.9955062,0,0.09469664
saccade,8.0435,0.03939861,0.04022133,-0.05663785,-0.1216758,-0.1077792,-0.0124074,-0.9866229,0.2156942,-0.2374217,0.9471573,0.1066813,0.0390954,-0.05182081,-0.08648283,-0.01490397,-0.008733429,-0.9961036,0.03120237,-0.1720314,0.9845972,0.14,1.811587,3.74,0,-0.6727939,0,0.73983,-0.9955062,0,0.09469664
saccade,8.0542,0.03941901,0.04022241,-0.05663445,-0.1222617,-0.1075651,-0.01235028,-0.9865746,0.2152619,-0.2385836,0.9469637,0.1067018,0.03908765,-0.05182204,-0.08647899,-0.01493261,-0.008664962,-0.9961041,0.03124755,-0.1720254,0.9845968,0.14,1.811587,3.74,0,-0.6727939,0,0.73983,-0.9955062,0,0.09469664
saccade,8.0654,0.03942559,0.04022288,-0.056628,-0.122199,-0.1075623,-0.01235989,-0.9865825,0.2152589,-0.2384599,0.9469956,0.1067084,0.03909075,-0.05181471,-0.08641722,-0.01492898,-0.008680248,-0.9961094,0.03124204,-0.1719028,0.9846184,0.14,1.811587,3.74,0,-0.6727939,0,0.73983,-0.9955062,0,0.09469664
saccade,8.0767,0.03945132,0.04025257,-0.05663503,-0.1222069,-0.1076554,-0.01232257,-0.9865718,0.2154313,-0.2384786,0.9469516,0.106735,0.03911698,-0.05183487,-0.08667989,-0.01506837,-0.008655391,-0.9960847,0.03151925,-0.1724202,0.9845191,0.14,1.811587,3.74,0,-0.6727939,0,0.73983,-0.9955062,0,0.09469664
saccade,8.0877,0.03946037,0.04025888,-0.05663934,-0.1222338,-0.1076366,-0.0123015,-0.9865708,0.2153896,-0.2385364,0.9469465,0.1067438,0.03911948,-0.05183716,-0.08670468,-0.01505049,-0.008631246,-0.996083,0.03147982,-0.1724703,0.9845116,0.14,1.811587,3.74,0,-0.6727939,0,0.73983,-0.9955062,0,0.09469664
saccade,8.0989,0.03949436,0.0402528,-0.05666733,-0.1228987,-0.1075515,-0.01232704,-0.9864972,0.2152284,-0.2398268,0.9466572,0.1067781,0.039114,-0.05186919,-0.08674944,-0.01507994,-0.00863679,-0.9960786,0.03154007,-0.172558,0.9844943,0.14,1.811587,3.74,0,-0.6727939,0,0.73983,-0.9955062,0,0.09469664
saccade,8.1105,0.03950428,0.04025614,-0.05668049,-0.1229393,-0.1075975,-0.01235279,-0.9864868,0.2153244,-0.2398978,0.9466174,0.1067885,0.03912055,-0.05188836,-0.08706652,-0.01521401,-0.008671666,-0.9960486,0.03181782,-0.1731811,0.9843759,0.14,1.811587,3.74,0,-0.6727939,0,0.73983,-0.9955062,0,0.09469664
saccade,8.1209,0.03952011,0.04026186,-0.05669103,-0.1230212,-0.1076124,-0.01233186,-0.9864752,0.2153481,-0.2400607,0.9465707,0.1068045,0.03912187,-0.05190171,-0.08714657,-0.01523037,-0.008643803,-0.9960416,0.03184671,-0.1733399,0.984347,0.14,1.811587,3.74,0,-0.6727939,0,0.73983,-0.9955062,0,0.09469664
saccade,8.1322,0.03954771,0.04027319,-0.05670356,-0.1233502,-0.1075296,-0.01229986,-0.9864436,0.2151781,-0.2407108,0.9464443,0.1068328,0.03912961,-0.05192451,-0.08713216,-0.01530426,-0.008608983,-0.996042,0.03198761,-0.1733111,0.9843475,0.14,1.811587,3.74,0,-0.6727939,0,0.73983,-0.9955062,0,0.09469664
saccade,8.1435,0.03957133,0.04029429,-0.05670836,-0.1233032,-0.1075424,-0.0122999,-0.986448,0.2152033,-0.2406188,0.9464619,0.1068565,0.03915191,-0.05193076,-0.08723482,-0.01504873,-0.008611294,-0.9960369,0.03148058,-0.173519,0.9843273,0.14,1.811587,3.74,0,-0.6727939,0,0.73983,-0.9955062,0,0.09469664
saccade,8.1542,0.0395794,0.04031098,-0.05671944,-0.1232577,-0.107573,-0.01230596,-0.9864503,0.2152645,-0.2405276,0.9464712,0.1068649,0.0391711,-0.05194559,-0.08719013,-0.01507886,-0.008622683,-0.9960403,0.03154194,-0.1734297,0.984341,0.14,1.811587,3.74,0,-0.6727939,0,0.73983,-0.9955062,0,0.09469664
saccade,8.1655,0.03959067,0.04034317,-0.05672624,-0.1232188,-0.1078096,-0.01238525,-0.9864284,0.215745,-0.2404226,0.9463884,0.1068764,0.03921509,-0.0519538,-0.08711288,-0.01509849,-0.008703047,-0.9960461,0.03159387,-0.1732741,0.9843668,0.14,1.811587,3.74,0,-0.6727939,0,0.73983,-0.9955062,0,0.09469664
saccade,8.1769,0.03959674,0.04036617,-0.05669706,-0.1232232,-0.10774,-0.01231453,-0.9864362,0.2155921,-0.2404501,0.9464163,0.1068818,0.03922749,-0.05191644,-0.0876555,-0.01511986,-0.008649766,-0.9959986,0.03163512,-0.1743479,0.9841758,0.14,1.811587,3.74,0,-0.6727939,0,0.73983,-0.9955062,0,0.09469664
saccade,8.1879,0.03959349,0.0403918,-0.05670955,-0.1230645,-0.1077757,-0.01228273,-0.9864526,0.2156543,-0.2401471,0.946479,0.1068788,0.03925335,-0.05193333,-0.08749423,-0.01515567,-0.008634171,-0.9960123,0.03170136,-0.174029,0.9842301,0.14,1.811587,3.74,0,-0.6727939,0,0.73983,-0.9955062,0,0.09469664
saccade,8.1992,0.03959506,0.04041696,-0.05671754,-0.1232942,-0.1076472,-0.01228992,-0.9864379,0.215405,-0.2405982,0.9464213,0.1068806,0.03928053,-0.05194303,-0.0874292,-0.01517088,-0.008642376,-0.9960178,0.03173212,-0.1738998,0.984252,0.14,1.811587,3.74,0,-0.6727939,0,0.73983,-0.9955062,0,0.09469664
saccade,8.2100,0.03959646,0.04040885,-0.05672017,-0.1233284,-0.1076133,-0.01216559,-0.9864388,0.2153085,-0.2406936,0.9464189,0.1068815,0.03925467,-0.05194331,-0.08745161,-0.01514159,-0.008514247,-0.9960173,0.03165173,-0.1739488,0.9842459,0.14,1.811587,3.74,0,-0.6727939,0,0.73983,-0.9955062,0,0.09469664
saccade,8.2217,0.03960523,0.04037988,-0.05672445,-0.1230338,-0.1074902,-0.01221552,-0.9864884,0.2150814,-0.2401167,0.9466171,0.1055201,0.03956032,-0.05192481,-0.08780995,-0.01477639,-0.008571119,-0.9959908,0.03093955,-0.1746625,0.9841421,0.14,1.811587,3.74,0,-0.6727939,0,0.73983,-0.9955062,0,0.09469664
saccade,8.2325,0.03960759,0.04033625,-0.05673548,-0.1231325,-0.107441,-0.01225302,-0.986481,0.2149946,-0.2403027,0.9465896,0.105522,0.03951848,-0.05192928,-0.0879117,-0.01472641,-0.008597474,-0.9959823,0.03084613,-0.1748638,0.9841093,0.14,1.811587,3.74,0,-0.6727939,0,0.73983,-0.9955062,0,0.09469664
saccade,8.2434,0.03960401,0.04031289,-0.05672568,-0.1232976,-0.1073506,-0.01230271,-0.9864696,0.2148301,-0.2406173,0.9465471,0.1055176,0.03949606,-0.05190762,-0.08838895,-0.01472905,-0.008640891,-0.9959397,0.03086601,-0.1758056,0.9839409,0.14,1.811587,3.74,0,-0.6727939,0,0.73983,-0.9955062,0,0.09469664
saccade,8.2546,0.03960599,0.04030097,-0.05672202,-0.122171,-0.1047218,-0.01206358,-0.9868952,0.2096466,-0.2386133,0.9482152,0.1055197,0.03946507,-0.05190952,-0.08851526,-0.01475635,-0.008503332,-0.9959292,0.0308979,-0.1760589,0.9838946,0.14,1.811587,3.74,0,-0.6727939,0,0.73983,-0.9955062,0,0.09469664
saccade,8.2655,0.03961757,0.0403316,-0.05670124,-0.1221781,-0.1047509,-0.0119796,-0.9868922,0.209683,-0.2386434,0.9481995,0.1055316,0.0394851,-0.05189393,-0.08851494,-0.01478851,-0.008420124,-0.9959295,0.03094724,-0.1760602,0.9838928,0.14,1.811587,3.74,0,-0.6727939,0,0.73983,-0.9955062,0,0.09469664
saccade,8.2768,0.03962825,0.04036725,-0.05668232,-0.1222419,-0.1048355,-0.01192788,-0.986876,0.2098355,-0.2387743,0.9481329,0.1055431,0.03951395,-0.05188727,-0.08643679,-0.008465779,-0.008118654,-0.9961883,0.01827052,-0.1720772,0.984914,0.14,1.811587,3.74,0,-0.6727939,0,0.73983,-0.9955062,0,0.09469664
saccade,8.2907,0.03964176,0.04039955,-0.05666829,-0.1113655,-0.06505981,-0.01045373,-0.9915925,0.131354,-0.2194982,0.9667299,0.1055569,0.03954279,-0.05187834,-0.08641113,-0.008502473,-0.008086705,-0.9961905,0.01833773,-0.1720264,0.9849216,0.14,1.811587,3.74,0,-0.6727939,0,0.73983,-0.9955062,0,0.09469664
saccade,8.3068,0.03965508,0.04039717,-0.05668722,-0.1114155,-0.06501816,-0.01056349,-0.9915885,0.1312964,-0.219583,0.9667184,0.1055699,0.03955305,-0.05189043,-0.06676523,0.0354821,-0.006326183,-0.9971176,-0.06991491,-0.1335945,0.9885669,0.14,1.811587,3.74,0,-0.6727939,0,0.73983,-0.9955062,0,0.09469664
saccade,8.3135,0.03964819,0.04045558,-0.05672783,-0.1112912,-0.06497348,-0.01069876,-0.9916039,0.1312373,-0.2193233,0.9667854,0.1055626,0.03963077,-0.05192271,-0.06665429,0.03553373,-0.006471085,-0.9971222,-0.07000028,-0.1333848,0.9885891,0.14,1.811587,3.74,0,-0.6727939,0,0.73983,-0.9955062,0,0.09469664
saccade,8.3212,0.03964819,0.04045558,-0.05672783,-0.1112912,-0.06497348,-0.01069876,-0.9916039,0.1312373,-0.2193233,0.9667854,0.1055626,0.03963077,-0.05192271,-0.06665429,0.03553373,-0.006471085,-0.9971222,-0.07000028,-0.1333848,0.9885891,0.14,1.811587,3.74,0,-0.6727939,0,0.73983,-0.9955062,0,0.09469664
saccade,8.3325,0.0396697,0.04048586,-0.05672791,-0.08710381,-0.004173875,-0.008225403,-0.9961566,0.009748593,-0.1734694,0.984791,0.1055844,0.03965938,-0.05192687,-0.06666507,0.0355038,-0.006457485,-0.9971226,-0.06994231,-0.133405,0.9885905,0.14,1.811587,3.74,0,-0.6727939,0,0.73983,-0.9955062,0,0.09469664
saccade,8.3434,0.03967759,0.04053462,-0.0567352,-0.08699937,-0.004204508,-0.008170103,-0.996166,0.009798364,-0.1732629,0.9848269,0.1055925,0.0397023,-0.05193852,-0.04495005,0.07455633,-0.004612036,-0.9961926,-0.1481303,-0.09024552,0.9848417,0.14,1.811587,3.74,0,-0.6727939,0,0.73983,-0.9955062,0,0.09469664
saccade,8.3545,0.0396768,0.04058254,-0.05675109,-0.08685786,-0.004200198,-0.00809255,-0.996179,0.009774102,-0.172984,0.9848762,0.1055916,0.03974152,-0.05195434,-0.04480246,0.07455789,-0.004545747,-0.9961994,-0.1481417,-0.08994222,0.9848677,0.14,1.811587,3.74,0,-0.6727939,0,0.73983,-0.9955062,0,0.09469664
saccade,8.3654,0.03965994,0.04063499,-0.05676641,-0.07723895,0.0368515,-0.006522069,-0.99631,-0.07242353,-0.1543886,0.9853522,0.1055746,0.03977728,-0.05197027,-0.04461694,0.07455648,-0.004420202,-0.9962084,-0.1481532,-0.08955465,0.9849013,0.14,1.811587,3.74,0,-0.6727939,0,0.73983,-0.9955062,0,0.09469664
saccade,8.3765,0.03969966,0.04064798,-0.05677409,-0.07722948,0.03685531,-0.006494591,-0.9963108,-0.07243553,-0.1543678,0.9853546,0.1056143,0.0397867,-0.0519777,-0.03711325,0.08629278,-0.003823306,-0.995571,-0.1715374,-0.07455759,0.9823523,0.14,1.811587,3.74,0,-0.6727939,0,0.73983,-0.9955062,0,0.09469664
saccade,8.3878,0.0396838,0.04065645,-0.05680184,-0.07715563,0.03688878,-0.006484471,-0.9963153,-0.07250508,-0.1542211,0.9853724,0.1055981,0.03979385,-0.05200099,-0.03703879,0.08632582,-0.003815504,-0.995571,-0.1716043,-0.07440824,0.982352,0.14,1.811587,3.74,0,-0.6727939,0,0.73983,-0.9955062,0,0.09469664
saccade,8.3988,0.03965971,0.04064095,-0.05684455,-0.07885515,0.04810701,-0.006354409,-0.9957044,-0.09479856,-0.1576442,0.9829352,0.1055731,0.03979301,-0.05202968,-0.03700268,0.08642696,-0.00393139,-0.995563,-0.171796,-0.07435654,0.9823224,0.14,1.811587,3.74,0,-0.6727939,0,0.73983,-0.9955062,0,0.09469664
saccade,8.4098,0.03963974,0.04063773,-0.05687296,-0.07886527,0.04818218,-0.006532227,-0.9956988,-0.09491955,-0.1576816,0.9829175,0.1055526,0.03981245,-0.05204635,-0.0316224,0.0954198,-0.003681263,-0.9949279,-0.1896388,-0.06362655,0.9797902,0.14,1.811587,3.74,0,-0.6727939,0,0.73983,-0.9955062,0,0.09469664
saccade,8.4208,0.03961816,0.04060221,-0.0568924,-0.07890739,0.04825389,-0.006678999,-0.995691,-0.09503788,-0.1577793,0.9828904,0.1055304,0.0397954,-0.05205489,-0.03167147,0.09549809,-0.003822302,-0.9949183,-0.1897835,-0.06375109,0.9797541,0.14,1.811587,3.74,0,-0.6727939,0,0.73983,-0.9955062,0,0.09469664
saccade,8.4319,0.03959814,0.04058433,-0.0569092,-0.07700258,0.0563151,-0.006436687,-0.9954184,-0.1111229,-0.1540245,0.9817984,0.1055104,0.039783,-0.05207007,-0.03170837,0.09550946,-0.003863159,-0.9949159,-0.1898028,-0.06383226,0.979745,0.14,1.811587,3.74,0,-0.6727939,0,0.73983,-0.9955062,0,0.09469664
saccade,8.4430,0.03957673,0.04057574,-0.05691528,-0.07705442,0.05629836,-0.006415923,-0.9954155,-0.1110918,-0.1541247,0.9817863,0.1054891,0.03977168,-0.05207866,-0.0288252,0.1019125,-0.003565521,-0.9943693,-0.2024717,-0.05805253,0.9775659,0.14,1.811587,3.74,0,-0.6727939,0,0.73983,-0.9955062,0,0.09469664
saccade,8.4545,0.03956522,0.04057181,-0.05690251,-0.07717605,0.05626583,-0.006482504,-0.9954075,-0.1110143,-0.1543727,0.981756,0.105478,0.03977656,-0.05206972,-0.02895008,0.1018833,-0.003627982,-0.9943684,-0.202409,-0.05831336,0.9775634,0.14,1.811587,3.74,0,-0.6727939,0,0.73983,-0.9955062,0,0.09469664
saccade,8.4656,0.03956104,0.0405761,-0.05690871,-0.07739003,0.05955303,-0.006408576,-0.9952001,-0.1175424,-0.1548004,0.9809284,0.1054738,0.0397824,-0.05207602,-0.02902517,0.1018832,-0.003637629,-0.9943662,-0.2024073,-0.05846451,0.9775547,0.14,1.811587,3.74,0,-0.6727939,0,0.73983,-0.9955062,0,0.09469664
saccade,8.4767,0.03955161,0.04059553,-0.05691382,-0.07741387,0.05955232,-0.006356865,-0.9951986,-0.1175486,-0.1548415,0.9809212,0.1054644,0.03979504,-0.05208179,-0.02545467,0.1062107,-0.0033449,-0.9940122,-0.2109792,-0.05131502,0.9761427,0.14,1.811587,3.74,0,-0.6727939,0,0.73983,-0.9955062,0,0.09469664
saccade,8.4881,0.03954425,0.04061782,-0.05691518,-0.07741797,0.05958495,-0.006383998,-0.9951962,-0.117609,-0.1548529,0.9809122,0.1054567,0.03982055,-0.05207859,-0.02546002,0.1062445,-0.003370067,-0.9940084,-0.2110443,-0.05133105,0.9761277,0.14,1.811587,3.74,0,-0.6727939,0,0.73983,-0.9955062,0,0.09469664
saccade,8.4991,0.03955508,0.04060638,-0.05691948,-0.07747301,0.06227893,-0.006342989,-0.9950272,-0.1229556,-0.1549656,0.9802386,0.1054676,0.0398134,-0.05208271,-0.02550993,0.1062456,-0.003401801,-0.9940068,-0.2110442,-0.05143694,0.9761222,0.14,1.811587,3.74,0,-0.6727939,0,0.73983,-0.9955062,0,0.09469664
saccade,8.5102,0.03955971,0.04059136,-0.0569209,-0.07751499,0.06230595,-0.006370462,-0.9950221,-0.123004,-0.1550521,0.9802188,0.105472,0.03980172,-0.05208037,-0.0237304,0.1091384,-0.003284851,-0.9937378,-0.2167541,-0.0478806,0.9750513,0.14,1.811587,3.74,0,-0.6727939,0,0.73983,-0.9955062,0,0.09469664
saccade,8.5216,0.0395704,0.04058969,-0.05691841,-0.0775217,0.06233744,-0.006320158,-0.9950199,-0.1230741,-0.1550592,0.9802089,0.1054823,0.03979313,-0.05207427,-0.02373474,0.109167,-0.003232656,-0.9937348,-0.2168127,-0.04787787,0.9750384,0.14,1.811587,3.74,0,-0.6727939,0,0.73983,-0.9955062,0,0.09469664
saccade,8.5324,0.03958952,0.04058933,-0.05690564,-0.07753804,0.06408148,-0.006271742,-0.9949081,-0.1265378,-0.1550903,0.9797629,0.1055014,0.03979242,-0.05206102,-0.02363086,0.1091693,-0.003233607,-0.993737,-0.2168183,-0.04767175,0.9750473,0.14,1.811587,3.74,0,-0.6727939,0,0.73983,-0.9955062,0,0.09469664
saccade,8.5433,0.0396153,0.04061067,-0.05688938,-0.07762121,0.06395639,-0.006049395,-0.994911,-0.1263227,-0.1552262,0.9797691,0.1055282,0.03978562,-0.0520637,-0.02216719,0.1111472,-0.002904562,-0.9935525,-0.2207324,-0.0446942,0.9743098,0.14,1.811587,3.74,0,-0.6727939,0,0.73983,-0.9955062,0,0.09469664
saccade,8.5544,0.03963816,0.04062569,-0.05688161,-0.07757973,0.06389136,-0.005925075,-0.9949192,-0.1262141,-0.1551283,0.9797986,0.1055516,0.03978491,-0.0520657,-0.02211981,0.1110757,-0.002786165,-0.9935619,-0.2205978,-0.04457375,0.9743458,0.14,1.811587,3.74,0,-0.6727939,0,0.73983,-0.9955062,0,0.09469664
saccade,8.5655,0.03967384,0.04063213,-0.05686887,-0.07757735,0.06559629,-0.005790586,-0.9948092,-0.1296131,-0.155109,0.9793578,0.1055877,0.03978026,-0.05206056,-0.02199907,0.1110187,-0.002705486,-0.9935712,-0.2204909,-0.04431599,0.9743818,0.14,1.811587,3.74,0,-0.6727939,0,0.73983,-0.9955062,0,0.09469664
saccade,8.5767,0.03968861,0.04064047,-0.05688703,-0.07769052,0.06553975,-0.005800413,-0.9948041,-0.1294972,-0.155334,0.9793375,0.105603,0.03979039,-0.05208627,-0.02142949,0.1130401,-0.002632407,-0.9933558,-0.2244652,-0.04316936,0.9735254,0.14,1.811587,3.74,0,-0.6727939,0,0.73983,-0.9955062,0,0.09469664
saccade,8.5879,0.03971037,0.0406425,-0.05689047,-0.07764546,0.06541952,-0.00583416,-0.9948153,-0.1292547,-0.1552491,0.9793829,0.105626,0.03979826,-0.05210511,-0.02138603,0.1129225,-0.002675014,-0.9933701,-0.2242332,-0.04309263,0.9735823,0.14,1.811587,3.74,0,-0.6727939,0,0.73983,-0.9955062,0,0.09469664
saccade,8.5987,0.03973332,0.04065323,-0.05689603,-0.07813038,0.06683295,-0.005885274,-0.9946831,-0.1320356,-0.1562166,0.978858,0.1056486,0.03981793,-0.05210426,-0.02134507,0.1129685,-0.002746669,-0.9933655,-0.2243208,-0.04302748,0.973565,0.14,1.811587,3.74,0,-0.6727939,0,0.73983,-0.9955062,0,0.09469664
saccade,8.6099,0.0397613,0.04067481,-0.05688709,-0.07810218,0.06675612,-0.005941346,-0.9946901,-0.1318752,-0.1561682,0.9788873,0.1056774,0.03984773,-0.05210481,-0.02131945,0.1128953,-0.002808283,-0.9933742,-0.2241748,-0.04299046,0.9736003,0.14,1.811587,3.74,0,-0.6727939,0,0.73983,-0.9955062,0,0.09469664
saccade,8.6211,0.03979439,0.04070759,-0.05688018,-0.07809928,0.06670371,-0.005912124,-0.9946941,-0.1317761,-0.1561585,0.9789022,0.1057109,0.03987718,-0.0521051,-0.02024121,0.1140091,-0.002714522,-0.9932698,-0.2263738,-0.04082893,0.9731844,0.14,1.811587,3.74,0,-0.6727939,0,0.73983,-0.9955062,0,0.09469664
saccade,8.6321,0.0398175,0.0407294,-0.05687811,-0.07858162,0.06770071,-0.005797419,-0.9945894,-0.1337577,-0.1570979,0.9784831,0.1057347,0.03988647,-0.05211379,-0.02019966,0.1139296,-0.002619199,-0.99328,-0.2262221,-0.04072465,0.973224,0.14,1.811587,3.74,0,-0.6727939,0,0.73983,-0.9955062,0,0.09469664
saccade,8.6435,0.03984392,0.04077625,-0.05687562,-0.07863579,0.06765687,-0.005726219,-0.9945885,-0.1336809,-0.1571953,0.9784779,0.1057615,0.03992438,-0.05211793,-0.01930445,0.1149457,-0.002487696,-0.9931811,-0.2282278,-0.03891754,0.9728296,0.14,1.811587,3.74,0,-0.6727939,0,0.73983,-0.9955062,0,0.09469664
saccade,8.6547,0.03987706,0.04076564,-0.05688783,-0.0784791,0.0676479,-0.005626778,-0.994602,-0.1336823,-0.1568722,0.9785296,0.1057946,0.0399009,-0.05213208,-0.01914278,0.1149308,-0.002396505,-0.9931862,-0.2282036,-0.03857556,0.972849,0.14,1.811587,3.74,0,-0.6727939,0,0.73983,-0.9955062,0,0.09469664
saccade,8.6657,0.03989092,0.0408051,-0.05688783,-0.07827763,0.06792724,-0.005560356,-0.9945992,-0.1342503,-0.1564651,0.978517,0.1058086,0.03993344,-0.05213582,-0.01904226,0.1149023,-0.002348122,-0.9931915,-0.2281505,-0.03836484,0.9728697,0.14,1.811587,3.74,0,-0.6727939,0,0.73983,-0.9955062,0,0.09469664
saccade,8.6765,0.03990174,0.04085279,-0.05688588,-0.07825267,0.06804316,-0.005554792,-0.9945933,-0.1344812,-0.1564151,0.9784933,0.1058183,0.03997922,-0.05211863,-0.01897794,0.1157324,-0.002315705,-0.9930964,-0.2297789,-0.03822986,0.9724917,0.14,1.811587,3.74,0,-0.6727939,0,0.73983,-0.9955062,0,0.09469664
saccade,8.6881,0.03990363,0.04087126,-0.05688821,-0.07812114,0.06799164,-0.005556975,-0.9946072,-0.1343817,-0.1561553,0.9785485,0.1058207,0.03999853,-0.05212748,-0.01884632,0.1156812,-0.002327242,-0.9931049,-0.2296794,-0.03797119,0.9725254,0.14,1.811587,3.74,0,-0.6727939,0,0.73983,-0.9955062,0,0.09469664
saccade,8.6990,0.03991271,0.04084969,-0.05689444,-0.07813875,0.0680732,-0.005537977,-0.9946004,-0.1345458,-0.1561876,0.9785208,0.1058293,0.03997386,-0.05212786,-0.01880044,0.1157251,-0.002306718,-0.9931007,-0.2297666,-0.03787535,0.9725085,0.14,1.811587,3.74,0,-0.6727939,0,0.73983,-0.9955062,0,0.09469664
saccade,8.7102,0.03992341,0.04086959,-0.05689383,-0.07813782,0.06809778,-0.005507595,-0.9945988,-0.1345992,-0.1561817,0.9785144,0.1058397,0.03998947,-0.05212433,-0.01866738,0.1167318,-0.002243586,-0.9929855,-0.2317421,-0.03759667,0.9720504,0.14,1.811587,3.74,0,-0.6727939,0,0.73983,-0.9955062,0,0.09469664
saccade,8.7215,0.03991775,0.04086637,-0.05689339,-0.07804621,0.06804651,-0.005490659,-0.9946097,-0.1345024,-0.1559983,0.9785569,0.1058345,0.0399847,-0.05213066,-0.01857481,0.1166797,-0.002234238,-0.9929934,-0.2316414,-0.03741071,0.9720816,0.14,1.811587,3.74,0,-0.6727939,0,0.73983,-0.9955062,0,0.09469664
saccade,8.7321,0.03992329,0.04086614,-0.05687423,-0.07799467,0.06804694,-0.005518121,-0.9946135,-0.1345001,-0.1559001,0.9785729,0.1058401,0.03998804,-0.05211106,-0.01852452,0.1166817,-0.002264105,-0.9929941,-0.2316447,-0.03731783,0.9720844,0.14,1.811587,3.74,0,-0.6727939,0,0.73983,-0.9955062,0,0.09469664
saccade,8.7436,0.0390719,0.04177916,-0.05601052,-0.07813261,0.06785652,-0.005560857,-0.9946154,-0.1341133,-0.1561785,0.9785815,0.1058463,0.03999531,-0.05210898,-0.01845299,0.1168552,-0.002291594,-0.9929749,-0.2319839,-0.03718229,0.9720087,0.14,1.811587,3.74,0,-0.6727939,0,0.73983,-0.9955062,0,0.09469664
saccade,8.7543,0.0390784,0.0417707,-0.05600036,-0.07812516,0.06784406,-0.005553042,-0.9946169,-0.13409,-0.1561627,0.9785873,0.1058528,0.0399859,-0.05210054,-0.01844515,0.1168423,-0.002284917,-0.9929766,-0.2319591,-0.03716515,0.9720153,0.14,1.811587,3.74,0,-0.6727939,0,0.73983,-0.9955062,0,0.09469664
saccade,8.7655,0.03908335,0.04176652,-0.05599502,-0.07795875,0.06804807,-0.005546011,-0.9946161,-0.1344987,-0.1558328,0.9785838,0.1058583,0.03998315,-0.05210322,-0.01844478,0.1167825,-0.002294056,-0.9929836,-0.2318416,-0.03716655,0.9720433,0.14,1.811587,3.74,0,-0.6727939,0,0.73983,-0.9955062,0,0.09469664
saccade,8.7764,0.03908562,0.04173911,-0.0559565,-0.07799824,0.06804662,-0.00553422,-0.9946132,-0.1344968,-0.1559093,0.9785719,0.1058605,0.03995419,-0.05206515,-0.01804662,0.1173804,-0.002249792,-0.9929205,-0.2330177,-0.03636589,0.9717923,0.14,1.811587,3.74,0,-0.6727939,0,0.73983,-0.9955062,0,0.09469664
saccade,8.7875,0.03908766,0.04173112,-0.05593867,-0.07801954,0.06801815,-0.005512484,-0.9946135,-0.1344434,-0.1559485,0.978573,0.1058628,0.03994358,-0.05205143,-0.0180669,0.1173509,-0.002228784,-0.9929237,-0.2329604,-0.0364012,0.9718047,0.14,1.811587,3.74,0,-0.6727939,0,0.73983,-0.9955062,0,0.09469664
saccade,8.7991,0.03908092,0.04171491,-0.05592676,-0.07794491,0.06806087,-0.005482193,-0.9946167,-0.1345344,-0.1557969,0.9785846,0.1058562,0.03992462,-0.05204429,-0.01812137,0.1173174,-0.002203989,-0.9929267,-0.2328953,-0.03650353,0.9718165,0.14,1.811587,3.74,0,-0.6727939,0,0.73983,-0.9955062,0,0.09469664
saccade,8.8099,0.03907166,0.04169369,-0.0559185,-0.07790972,0.06806429,-0.005492837,-0.9946191,-0.1345402,-0.1557287,0.9785947,0.105847,0.03990471,-0.05203533,-0.01805698,0.1176107,-0.002207202,-0.9928932,-0.2334701,-0.03637648,0.9716833,0.14,1.811587,3.74,0,-0.6727939,0,0.73983,-0.9955062,0,0.09469664
saccade,8.8210,0.03908481,0.04164684,-0.05589606,-0.07802968,0.06804708,-0.005487766,-0.9946109,-0.1345043,-0.1559652,0.9785619,0.1058603,0.03985751,-0.05201568,-0.0181769,0.1175934,-0.002197222,-0.992893,-0.2334356,-0.0366122,0.9716828,0.14,1.811587,3.74,0,-0.6727939,0,0.73983,-0.9955062,0,0.09469664
saccade,8.8318,0.03906951,0.0416162,-0.05588834,-0.07800893,0.06777458,-0.005496311,-0.9946311,-0.1339639,-0.1559252,0.9786424,0.1058444,0.03982651,-0.05199888,-0.01823618,0.1176626,-0.002191803,-0.9928837,-0.2335707,-0.03672861,0.9716459,0.14,1.811587,3.74,0,-0.6727939,0,0.73983,-0.9955062,0,0.09469664
saccade,8.8431,0.03904926,0.04158223,-0.0558784,-0.07802662,0.06788867,-0.005593694,-0.9946214,-0.1341741,-0.1559734,0.9786059,0.1058235,0.03980434,-0.05197274,-0.01770615,0.1183274,-0.002248037,-0.9928142,-0.2348746,-0.03568985,0.9713702,0.14,1.811587,3.74,0,-0.6727939,0,0.73983,-0.9955062,0,0.09469664
saccade,8.8541,0.03903061,0.04153633,-0.05589332,-0.07807864,0.06779605,-0.005541116,-0.9946239,-0.1339979,-0.1560691,0.9786149,0.1058055,0.03975236,-0.05200076,-0.01775566,0.1182323,-0.002198611,-0.9928248,-0.2346898,-0.03577642,0.9714118,0.14,1.811587,3.74,0,-0.6727939,0,0.73983,-0.9955062,0,0.09469664
saccade,8.8653,0.03901789,0.04152274,-0.05589701,-0.07742203,0.0683771,-0.005592899,-0.9946352,-0.1351545,-0.1547782,0.9786608,0.105792,0.03974926,-0.05198673,-0.01781574,0.1183641,-0.002275075,-0.9928078,-0.2349445,-0.03591379,0.9713451,0.14,1.811587,3.74,0,-0.6727939,0,0.73983,-0.9955062,0,0.09469664
saccade,8.8763,0.03898542,0.04150283,-0.05590989,-0.07749879,0.06844038,-0.005619839,-0.9946247,-0.1352739,-0.1549336,0.9786197,0.1057591,0.03973246,-0.05199115,-0.01789394,0.1184286,-0.002294289,-0.9927987,-0.2350694,-0.03607358,0.9713089,0.14,1.811587,3.74,0,-0.6727939,0,0.73983,-0.9955062,0,0.09469664
saccade,8.8878,0.03895675,0.04149354,-0.05592849,-0.07758803,0.06856046,-0.005660028,-0.9946093,-0.1355034,-0.1551157,0.9785591,0.1057296,0.03972733,-0.05199362,-0.01808599,0.1187708,-0.002319794,-0.9927543,-0.2357366,-0.03646093,0.9711328,0.14,1.811587,3.74,0,-0.6727939,0,0.73983,-0.9955062,0,0.09469664
saccade,8.8989,0.03891358,0.04146397,-0.05592805,-0.07700216,0.06962986,-0.005543687,-0.9945812,-0.1376513,-0.1539418,0.9784447,0.1056858,0.03968823,-0.05198623,-0.01813992,0.1188255,-0.002246275,-0.9927469,-0.2358458,-0.03655052,0.9711029,0.14,1.811587,3.74,0,-0.6727939,0,0.73983,-0.9955062,0,0.09469664
saccade,8.9095,0.03888092,0.0414542,-0.05594536,-0.07693414,0.06972993,-0.005588121,-0.9945791,-0.137844,-0.1538135,0.9784377,0.1056524,0.03968322,-0.05198947,-0.01807393,0.1189275,-0.002288006,-0.9927358,-0.2360445,-0.03642948,0.9710591,0.14,1.811587,3.74,0,-0.6727939,0,0.73983,-0.9955062,0,0.09469664
saccade,8.9215,0.03885226,0.04146612,-0.05596878,-0.0769326,0.06978653,-0.005633237,-0.994575,-0.1379491,-0.1538167,0.9784224,0.1056234,0.03970051,-0.05200486,-0.01744776,0.1192226,-0.002302438,-0.9927116,-0.2366269,-0.0351902,0.9709631,0.14,1.811587,3.74,0,-0.6727939,0,0.73983,-0.9955062,0,0.09469664
saccade,8.9318,0.03883066,0.04147482,-0.05598789,-0.07708323,0.07004107,-0.005597793,-0.9945457,-0.1384551,-0.1541097,0.9783049,0.1056017,0.03970468,-0.05202441,-0.01740818,0.1192189,-0.002270024,-0.9927128,-0.2366212,-0.0351039,0.9709677,0.14,1.811587,3.74,0,-0.6727939,0,0.73983,-0.9955062,0,0.09469664
saccade,8.9429,0.03883819,0.04147208,-0.05598699,-0.07700732,0.07007328,-0.005606466,-0.9945493,-0.1385192,-0.1539609,0.9783192,0.105609,0.03970253,-0.05201885,-0.01733256,0.1192513,-0.002280481,-0.9927102,-0.236685,-0.03495631,0.9709574,0.14,1.811587,3.74,0,-0.6727939,0,0.73983,-0.9955062,0,0.09469664
saccade,8.9540,0.03882857,0.04148364,-0.05600718,-0.07691318,0.07014257,-0.005686141,-0.9945512,-0.1386461,-0.1537859,0.9783288,0.105599,0.03972399,-0.05202862,-0.01779074,0.119398,-0.002376492,-0.9926842,-0.2369645,-0.03588866,0.9708552,0.14,1.811587,3.74,0,-0.6727939,0,0.73983,-0.9955062,0,0.09469664
saccade,8.9652,0.03881801,0.04150426,-0.05602788,-0.07705791,0.0703807,-0.005747213,-0.9945228,-0.1391047,-0.1540807,0.9782172,0.1055886,0.03975284,-0.05204826,-0.01776774,0.119404,-0.00243943,-0.9926838,-0.2369741,-0.03585805,0.970854,0.14,1.811587,3.74,0,-0.6727939,0,0.73983,-0.9955062,0,0.09469664
saccade,8.9765,0.03881672,0.04154277,-0.056043,-0.07699452,0.070363,-0.005772827,-0.9945288,-0.1390671,-0.1539589,0.9782418,0.1055875,0.0397948,-0.05206524,-0.01770551,0.1193878,-0.002469139,-0.9926867,-0.236942,-0.03574162,0.9708661,0.14,1.811587,3.74,0,-0.6727939,0,0.73983,-0.9955062,0,0.09469664
saccade,8.9875,0.03880942,0.04156792,-0.05606273,-0.07703257,0.07036111,-0.00575932,-0.9945261,-0.1390646,-0.1540323,0.9782306,0.1055802,0.03981817,-0.0520855,-0.01766944,0.1196268,-0.002444774,-0.9926587,-0.2374108,-0.03566438,0.9707544,0.14,1.811587,3.74,0,-0.6727939,0,0.73983,-0.9955062,0,0.09469664
saccade,8.9986,0.03880114,0.04158258,-0.05608116,-0.0770483,0.07071147,-0.00579054,-0.9944998,-0.1397528,-0.1540679,0.9781269,0.1055724,0.03983867,-0.05210909,-0.01762185,0.1195863,-0.002489572,-0.9926643,-0.2373304,-0.0355806,0.9707772,0.14,1.811587,3.74,0,-0.6727939,0,0.73983,-0.9955062,0,0.09469664
saccade,9.0099,0.03880171,0.04159975,-0.05610033,-0.07704312,0.07069197,-0.005825004,-0.9945015,-0.139709,-0.1540626,0.978134,0.1055732,0.03986049,-0.05213048,-0.01761835,0.119569,-0.002525353,-0.9926664,-0.2372952,-0.0355822,0.9707857,0.14,1.811587,3.74,0,-0.6727939,0,0.73983,-0.9955062,0,0.09469664
saccade,9.0208,0.03881466,0.04158008,-0.05610438,-0.07695351,0.07066199,-0.005846668,-0.9945104,-0.1396483,-0.1538884,0.9781701,0.1055865,0.03984392,-0.05213798,-0.01725712,0.1199903,-0.002531717,-0.9926219,-0.2381227,-0.03486715,0.970609,0.14,1.811587,3.74,0,-0.6727939,0,0.73983,-0.9955062,0,0.09469664
saccade,9.0322,0.03881589,0.04158795,-0.05610905,-0.07672212,0.0708732,-0.005876914,-0.994513,-0.1400669,-0.1534353,0.9781814,0.1055883,0.03985751,-0.05214973,-0.01710842,0.1199327,-0.002582932,-0.9926313,-0.2380096,-0.03458426,0.9706469,0.14,1.811587,3.74,0,-0.6727939,0,0.73983,-0.9955062,0,0.09469664
saccade,9.0431,0.03882368,0.04161656,-0.0561029,-0.07658733,0.07089975,-0.005908487,-0.9945214,-0.1401176,-0.1531733,0.9782152,0.1055959,0.03988993,-0.05213923,-0.01683161,0.1202661,-0.002606374,-0.9925956,-0.2386634,-0.03404088,0.9705055,0.14,1.811587,3.74,0,-0.6727939,0,0.73983,-0.9955062,0,0.09469664
saccade,9.0542,0.03882769,0.04161119,-0.05610891,-0.07650205,0.07086561,-0.005802346,-0.994531,-0.1400683,-0.1529897,0.978251,0.1055999,0.03987062,-0.05215061,-0.01674097,0.1202258,-0.002506832,-0.9926023,-0.2385888,-0.03383702,0.970531,0.14,1.811587,3.74,0,-0.6727939,0,0.73983,-0.9955062,0,0.09469664
saccade,9.0652,0.03883083,0.04159653,-0.05610405,-0.07636552,0.07120909,-0.005737999,-0.9945173,-0.140761,-0.1527109,0.9781951,0.1056029,0.03984892,-0.05214704,-0.01667169,0.1202153,-0.00245811,-0.9926048,-0.2385707,-0.03368781,0.9705406,0.14,1.811587,3.74,0,-0.6727939,0,0.73983,-0.9955062,0,0.09469664
saccade,9.0764,0.0388313,0.04155433,-0.05610375,-0.07642571,0.07119442,-0.005766799,-0.9945136,-0.1407262,-0.1528339,0.9781809,0.1056036,0.03981078,-0.05214861,-0.01668419,0.1204763,-0.002475663,-0.992573,-0.2390805,-0.03371707,0.9704142,0.14,1.811587,3.74,0,-0.6727939,0,0.73983,-0.9955062,0,0.09469664
saccade,9.0878,0.03883323,0.04149592,-0.05609882,-0.07650524,0.0712247,-0.005798829,-0.9945051,-0.1407794,-0.1529958,0.978148,0.1056054,0.03975654,-0.05213958,-0.01676542,0.1205084,-0.002501845,-0.9925676,-0.2391416,-0.03388461,0.9703933,0.14,1.811587,3.74,0,-0.6727939,0,0.73983,-0.9955062,0,0.09469664
saccade,9.0991,0.03882059,0.04141521,-0.05607277,-0.07588887,0.07055965,-0.005801834,-0.9945997,-0.1394766,-0.1517769,0.9785244,0.1055923,0.03967667,-0.0521066,-0.01694538,0.1205648,-0.002498894,-0.9925577,-0.2392503,-0.0342411,0.970354,0.14,1.811587,3.74,0,-0.6727939,0,0.73983,-0.9955062,0,0.09469664
saccade,9.1097,0.03881445,0.04136097,-0.05605113,-0.07601999,0.07059117,-0.00585399,-0.9945871,-0.1395281,-0.1520435,0.9784757,0.1055861,0.03962934,-0.05208066,-0.01741989,0.1145625,-0.002720628,-0.9932596,-0.2274858,-0.0352283,0.973144,0.14,1.811587,3.74,0,-0.6727939,0,0.73983,-0.9955062,0,0.09469664
saccade,9.1211,0.03882235,0.041327,-0.05601515,-0.07618124,0.07060395,-0.005793179,-0.9945743,-0.1395591,-0.1523539,0.978423,0.1055938,0.03958726,-0.05204418,-0.01757874,0.1145718,-0.002652125,-0.9932559,-0.227505,-0.0355281,0.9731286,0.14,1.811587,3.74,0,-0.6727939,0,0.73983,-0.9955062,0,0.09469664
saccade,9.1319,0.03884486,0.04132056,-0.05596803,-0.07064682,0.04804346,-0.006169756,-0.9963247,-0.09486203,-0.1413672,0.9854017,0.1056167,0.03957355,-0.05200713,-0.017655,0.1145002,-0.002592162,-0.993263,-0.2273661,-0.03566573,0.973156,0.14,1.811587,3.74,0,-0.6727939,0,0.73983,-0.9955062,0,0.09469664
saccade,9.1430,0.03886627,0.041327,-0.05590894,-0.07067201,0.04794357,-0.006018683,-0.9963286,-0.09468438,-0.1414022,0.9854138,0.1056385,0.03956079,-0.05196291,-0.01767025,0.114393,-0.002445291,-0.9932755,-0.2271611,-0.0356623,0.973204,0.14,1.811587,3.74,0,-0.6727939,0,0.73983,-0.9955062,0,0.09469664
saccade,9.1544,0.0388815,0.04133022,-0.05587505,-0.07072113,0.04783281,-0.005915506,-0.996331,-0.09447793,-0.1414892,0.9854211,0.1056543,0.03955126,-0.05194497,-0.01750546,0.09131929,-0.002978031,-0.9956633,-0.1817423,-0.03540299,0.9827087,0.14,1.811587,3.74,0,-0.6727939,0,0.73983,-0.9955062,0,0.09469664
saccade,9.1652,0.03889819,0.0413295,-0.05585347,-0.06558439,0.02580545,-0.006384632,-0.9974929,-0.05064404,-0.1311694,0.9900655,0.1056713,0.03955472,-0.05192678,-0.01760971,0.09129635,-0.00300568,-0.9956636,-0.181695,-0.03561551,0.9827098,0.14,1.811587,3.74,0,-0.6727939,0,0.73983,-0.9955062,0,0.09469664
saccade,9.1765,0.03894683,0.04134679,-0.05583419,-0.06566484,0.02577326,-0.006425616,-0.9974882,-0.05057318,-0.131331,0.9900478,0.1057203,0.03957736,-0.05191176,-0.01769287,0.09126611,-0.003042818,-0.9956648,-0.1816332,-0.03578775,0.9827149,0.14,1.811587,3.74,0,-0.6727939,0,0.73983,-0.9955062,0,0.09469664
saccade,9.1872,0.03895536,0.04134798,-0.05582624,-0.0657746,0.02586448,-0.006521257,-0.9974779,-0.05074062,-0.1315548,0.9900095,0.1057284,0.03959012,-0.05189127,-0.01843856,0.07233122,-0.003681271,-0.9972035,-0.1441221,-0.03730654,0.9888564,0.14,1.811587,3.74,0,-0.6727939,0,0.73983,-0.9955062,0,0.09469664
saccade,9.1992,0.03895059,0.04134631,-0.05582872,-0.06582467,0.02584565,-0.006548198,-0.997475,-0.05069872,-0.1316554,0.9899982,0.1057239,0.03959191,-0.05189623,-0.01848994,0.07231366,-0.003706728,-0.9972037,-0.1440858,-0.03741256,0.9888577,0.14,1.811587,3.74,0,-0.6727939,0,0.73983,-0.9955062,0,0.09469664
saccade,9.2098,0.03895007,0.04135299,-0.05582227,-0.06516266,0.01562521,-0.006797147,-0.9977292,-0.03029361,-0.1302418,0.9910194,0.1057233,0.03959656,-0.05188824,-0.01852226,0.07232632,-0.003691238,-0.9972022,-0.1441112,-0.03747483,0.9888517,0.14,1.811587,3.74,0,-0.6727939,0,0.73983,-0.9955062,0,0.09469664
saccade,9.2211,0.03895128,0.04136753,-0.05580599,-0.06511314,0.01565769,-0.006844074,-0.9977316,-0.03035307,-0.1301452,0.9910302,0.1054004,0.03949142,-0.05253997,-0.01963397,0.06806616,-0.003897712,-0.99748,-0.1356362,-0.03969958,0.989963,0.14,1.811587,3.74,0,-0.6727939,0,0.73983,-0.9955062,0,0.09469664
saccade,9.2323,0.0389484,0.04137373,-0.0558005,-0.06430686,0.01031542,-0.006857157,-0.9978533,-0.01970463,-0.1284791,0.9915164,0.1053976,0.03948402,-0.05254377,-0.01956304,0.06799654,-0.00379542,-0.9974865,-0.1355028,-0.03954389,0.9899875,0.14,1.811587,3.74,0,-0.6727939,0,0.73983,-0.9955062,0,0.09469664
saccade,9.2430,0.03894601,0.04136443,-0.05580246,-0.06429401,0.01030434,-0.006831669,-0.9978545,-0.019686,-0.1284529,0.9915202,0.1053952,0.03947151,-0.05254735,-0.01954872,0.06798439,-0.003771239,-0.9974877,-0.1354797,-0.03951199,0.989992,0.14,1.811587,3.74,0,-0.6727939,0,0.73983,-0.9955062,0,0.09469664
saccade,9.2545,0.03893186,0.04132843,-0.05581704,-0.064271,0.01032106,-0.006826028,-0.9978558,-0.01972042,-0.1284073,0.9915254,0.1053809,0.03943467,-0.05255966,-0.02094529,0.06463496,-0.003906547,-0.9976816,-0.1288066,-0.04229845,0.9907672,0.14,1.811587,3.74,0,-0.6727939,0,0.73983,-0.9955062,0,0.09469664
saccade,9.2652,0.03892267,0.04128838,-0.05582554,-0.06380058,0.007941158,-0.006933967,-0.997907,-0.01496429,-0.1274442,0.9917328,0.1053713,0.03940117,-0.05255526,-0.02092803,0.06473021,-0.003957773,-0.9976755,-0.1289938,-0.04227115,0.9907441,0.14,1.811587,3.74,0,-0.6727939,0,0.73983,-0.9955062,0,0.09469664
saccade,9.2763,0.03890356,0.04122877,-0.05583723,-0.06367504,0.007893528,-0.007028368,-0.9979147,-0.01485907,-0.1271955,0.9917664,0.1053528,0.03935516,-0.05257188,-0.02080786,0.06468709,-0.004061101,-0.9976804,-0.1289051,-0.04204459,0.9907652,0.14,1.811587,3.74,0,-0.6727939,0,0.73983,-0.9955062,0,0.09469664
saccade,9.2875,0.03890194,0.04121876,-0.05584886,-0.06374834,0.008031889,-0.007186285,-0.9979078,-0.01511394,-0.1273454,0.9917433,0.1053508,0.03936458,-0.05256415,-0.02228734,0.06160224,-0.004344356,-0.9978425,-0.122745,-0.04501375,0.9914169,0.14,1.811587,3.74,0,-0.6727939,0,0.73983,-0.9955062,0,0.09469664
saccade,9.2987,0.03888084,0.04120588,-0.05584429,-0.06378936,0.00803483,-0.00717644,-0.9979053,-0.01512044,-0.1274268,0.9917327,0.1053296,0.03935015,-0.05255947,-0.02232784,0.06160466,-0.004332221,-0.9978415,-0.1227499,-0.04509307,0.9914126,0.14,1.811587,3.74,0,-0.6727939,0,0.73983,-0.9955062,0,0.09469664
saccade,9.3097,0.03887474,0.04119396,-0.05584913,-0.06413571,0.005956454,-0.007253375,-0.9978971,-0.01095746,-0.1280881,0.9917023,0.1053235,0.0393393,-0.05256396,-0.02232771,0.06160708,-0.004340352,-0.9978414,-0.1227544,-0.04509381,0.9914121,0.14,1.811587,3.74,0,-0.6727939,0,0.73983,-0.9955062,0,0.09469664
saccade,9.3209,0.03887201,0.04118943,-0.05585712,-0.06422499,0.005955942,-0.007291939,-0.9978911,-0.01095011,-0.1282659,0.9916794,0.1053209,0.0393393,-0.05257209,-0.0222211,0.06038292,-0.004401647,-0.9979182,-0.1203188,-0.04488125,0.9917203,0.14,1.811587,3.74,0,-0.6727939,0,0.73983,-0.9955062,0,0.09469664
saccade,9.3317,0.03885671,0.04117393,-0.05585602,-0.06441893,0.003580004,-0.007345369,-0.9978895,-0.006198535,-0.1286185,0.9916748,0.1053057,0.03932142,-0.05257363,-0.02226906,0.06036508,-0.00438307,-0.9979183,-0.1202836,-0.04497457,0.9917203,0.14,1.811587,3.74,0,-0.6727939,0,0.73983,-0.9955062,0,0.09469664
saccade,9.3429,0.03884383,0.04116726,-0.05584737,-0.06437436,0.003642352,-0.007332336,-0.9978922,-0.00632532,-0.1285308,0.9916853,0.1052924,0.03931284,-0.05255662,-0.02222369,0.06042683,-0.004369945,-0.9979156,-0.1204075,-0.04488285,0.9917094,0.14,1.811587,3.74,0,-0.6727939,0,0.73983,-0.9955062,0,0.09469664
saccade,9.3573,0.03883474,0.04116642,-0.05585736,-0.06437448,0.003612215,-0.007316728,-0.9978925,-0.006267183,-0.1285305,0.9916857,0.1052834,0.03931022,-0.05257074,-0.02191478,0.05948822,-0.004370904,-0.9979789,-0.1185444,-0.04426101,0.9919618,0.14,1.811587,3.74,0,-0.6727939,0,0.73983,-0.9955062,0,0.09469664
saccade,9.3740,0.03884192,0.04115963,-0.055866,-0.06465021,0.002703551,-0.007453922,-0.9978765,-0.004431825,-0.1290662,0.9916261,0.1052904,0.03931606,-0.05256796,-0.02188751,0.05957088,-0.004468935,-0.9979741,-0.1187048,-0.04421877,0.9919445,0.14,1.811587,3.74,0,-0.6727939,0,0.73983,-0.9955062,0,0.09469664
saccade,9.3802,0.03884444,0.04114354,-0.05587015,-0.06451719,0.002757346,-0.007439055,-0.997885,-0.004543135,-0.1288025,0.9916599,0.1052925,0.03929842,-0.05256448,-0.02210732,0.05886506,-0.004492115,-0.9980111,-0.1172974,-0.04465556,0.9920924,0.14,1.811587,3.74,0,-0.6727939,0,0.73983,-0.9955062,0,0.09469664
saccade,9.3876,0.03884444,0.04114354,-0.05587015,-0.06451719,0.002757346,-0.007439055,-0.997885,-0.004543135,-0.1288025,0.9916599,0.1052925,0.03929842,-0.05256448,-0.02210732,0.05886506,-0.004492115,-0.9980111,-0.1172974,-0.04465556,0.9920924,0.14,1.811587,3.74,0,-0.6727939,0,0.73983,-0.9955062,0,0.09469664
saccade,9.3983,0.03885738,0.04114687,-0.05587788,-0.06397288,0.002214529,-0.00734914,-0.9979222,-0.003479563,-0.1277125,0.9918051,0.1053049,0.03928995,-0.0525685,-0.02207499,0.05889407,-0.004403709,-0.9980104,-0.1173594,-0.04458084,0.9920884,0.14,1.811587,3.74,0,-0.6727939,0,0.73983,-0.9955062,0,0.09469664
saccade,9.4096,0.0388659,0.04114747,-0.05588523,-0.06401611,0.002169395,-0.00722298,-0.9979204,-0.003404992,-0.1277973,0.9917945,0.1053133,0.03927386,-0.05258311,-0.02211109,0.05884366,-0.004277328,-0.9980132,-0.1172643,-0.04463771,0.992097,0.14,1.811587,3.74,0,-0.6727939,0,0.73983,-0.9955062,0,0.09469664
saccade,9.4215,0.03885787,0.04114485,-0.05587529,-0.06400385,0.002175443,-0.007117398,-0.9979219,-0.003430763,-0.1277727,0.9917976,0.1053049,0.03925729,-0.05257321,-0.02209284,0.05884531,-0.004172446,-0.998014,-0.1172725,-0.04458898,0.9920983,0.14,1.811587,3.74,0,-0.6727939,0,0.73983,-0.9955062,0,0.09469664
saccade,9.4320,0.03887269,0.04114187,-0.05587862,-0.06382536,0.0008963011,-0.007045733,-0.9979359,-0.0008895092,-0.1273999,0.991851,0.1053198,0.03924167,-0.05258534,-0.02168415,0.05781819,-0.004088346,-0.9980832,-0.1152374,-0.04375795,0.9923737,0.14,1.811587,3.74,0,-0.6727939,0,0.73983,-0.9955062,0,0.09469664
saccade,9.4429,0.03889029,0.04112399,-0.05588735,-0.06383304,0.0008747652,-0.007045496,-0.9979354,-0.0008464474,-0.1274148,0.9918492,0.1053375,0.03922379,-0.05259696,-0.02169184,0.05779668,-0.004088589,-0.9980843,-0.1151945,-0.04377318,0.992378,0.14,1.811587,3.74,0,-0.6727939,0,0.73983,-0.9955062,0,0.09469664
saccade,9.4542,0.03887575,0.04109526,-0.05587824,-0.06399404,0.0007693656,-0.00711219,-0.9979247,-0.0006252623,-0.1277334,0.9918084,0.105324,0.03920376,-0.05260203,-0.02229702,0.05696871,-0.004185176,-0.9981182,-0.1135364,-0.04498697,0.9925148,0.14,1.811587,3.74,0,-0.6727939,0,0.73983,-0.9955062,0,0.09469664
saccade,9.4653,0.03888595,0.04104269,-0.0558788,-0.06392271,0.0008141212,-0.007256949,-0.9979282,-0.0006971014,-0.1275924,0.9918265,0.1053343,0.0391705,-0.05259508,-0.02223379,0.05701959,-0.004331694,-0.9981161,-0.1136317,-0.0448778,0.9925088,0.14,1.811587,3.74,0,-0.6727939,0,0.73983,-0.9955062,0,0.09469664
saccade,9.4764,0.0388977,0.04102898,-0.05589117,-0.06408951,-0.0002467521,-0.007290185,-0.9979175,0.001426925,-0.1279085,0.9917849,0.1053467,0.03915739,-0.05261913,-0.02234442,0.05693527,-0.004333393,-0.9981185,-0.1134626,-0.04509821,0.9925182,0.14,1.811587,3.74,0,-0.6727939,0,0.73983,-0.9955062,0,0.09469664
saccade,9.4876,0.03891345,0.04102266,-0.05589547,-0.06396674,-0.0002937913,-0.007410939,-0.9979245,0.00153447,-0.1276636,0.9918163,0.1053631,0.03916824,-0.05262806,-0.02244998,0.05625393,-0.00448791,-0.998154,-0.1120987,-0.04532199,0.992663,0.14,1.811587,3.74,0,-0.6727939,0,0.73983,-0.9955062,0,0.09469664
saccade,9.4986,0.03892702,0.04103541,-0.05586071,-0.06397489,-0.0003491826,-0.007362821,-0.9979243,0.001638987,-0.127679,0.9918142,0.1053769,0.03917503,-0.05260108,-0.02245544,0.05619666,-0.004441772,-0.9981573,-0.1119867,-0.04532734,0.9926754,0.14,1.811587,3.74,0,-0.6727939,0,0.73983,-0.9955062,0,0.09469664
saccade,9.5096,0.03893387,0.04104757,-0.05585792,-0.06369768,-0.0005812086,-0.007314058,-0.9979423,0.002091802,-0.1271247,0.9918845,0.1053842,0.03918219,-0.05261017,-0.02247723,0.0561091,-0.004401072,-0.9981619,-0.1118141,-0.0453657,0.9926931,0.14,1.811587,3.74,0,-0.6727939,0,0.73983,-0.9955062,0,0.09469664
saccade,9.5213,0.03894892,0.04104114,-0.05586334,-0.06363381,-0.000642471,-0.007238203,-0.9979469,0.002203493,-0.126997,0.9919006,0.1053994,0.03916657,-0.05262405,-0.02290085,0.05504654,-0.004375354,-0.9982116,-0.1096958,-0.04620149,0.9928908,0.14,1.811587,3.74,0,-0.6727939,0,0.73983,-0.9955062,0,0.09469664
saccade,9.5319,0.03894547,0.04105628,-0.0558572,-0.06367587,-0.0006240755,-0.007231214,-0.9979442,0.002166493,-0.1270809,0.99189,0.1053958,0.03918028,-0.05261573,-0.02294252,0.05506448,-0.004365292,-0.9982097,-0.1097315,-0.04628363,0.9928831,0.14,1.811587,3.74,0,-0.6727939,0,0.73983,-0.9955062,0,0.09469664
saccade,9.5430,0.03893568,0.04107356,-0.05585058,-0.06393303,-0.001040716,-0.00724892,-0.9979274,0.003004008,-0.1275859,0.991823,0.1053858,0.03919709,-0.05260478,-0.02288456,0.0550953,-0.004362429,-0.9982093,-0.1097936,-0.04616785,0.9928816,0.14,1.811587,3.74,0,-0.6727939,0,0.73983,-0.9955062,0,0.09469664
saccade,9.5547,0.03892954,0.04108238,-0.05585222,-0.06388676,-0.000913363,-0.007230202,-0.9979305,0.002746774,-0.1274959,0.9918353,0.1053787,0.03920269,-0.05258948,-0.02283713,0.05522172,-0.004341075,-0.9982035,-0.1100468,-0.04607166,0.9928581,0.14,1.811587,3.74,0,-0.6727939,0,0.73983,-0.9955062,0,0.09469664
saccade,9.5653,0.03892532,0.04108787,-0.05585446,-0.06427251,-0.001970154,-0.007260395,-0.9979041,0.004865336,-0.128247,0.9917303,0.1053745,0.03920674,-0.05259207,-0.0226346,0.05449916,-0.004346843,-0.9982478,-0.1086105,-0.04566368,0.993035,0.14,1.811587,3.74,0,-0.6727939,0,0.73983,-0.9955062,0,0.09469664
saccade,9.5763,0.03892843,0.04109144,-0.05584114,-0.06424233,-0.001939006,-0.007255222,-0.9979061,0.004802077,-0.1281875,0.9917383,0.1053774,0.03920972,-0.05257452,-0.02260409,0.0545301,-0.004342075,-0.9982468,-0.1086727,-0.04560247,0.993031,0.14,1.811587,3.74,0,-0.6727939,0,0.73983,-0.9955062,0,0.09469664
saccade,9.5873,0.03893001,0.04108596,-0.05583187,-0.06424072,-0.001907829,-0.007265904,-0.9979061,0.004741203,-0.1281847,0.991739,0.1053788,0.03920531,-0.05256101,-0.0226966,0.05394258,-0.004371706,-0.9982765,-0.1075008,-0.04578661,0.9931501,0.14,1.811587,3.74,0,-0.6727939,0,0.73983,-0.9955062,0,0.09469664
saccade,9.5987,0.03892921,0.04107916,-0.05582654,-0.06424373,-0.001893126,-0.007244589,-0.9979061,0.004709162,-0.128191,0.9917383,0.1053778,0.03919554,-0.05255393,-0.02269841,0.05395635,-0.004349661,-0.9982758,-0.1075292,-0.04578793,0.993147,0.14,1.811587,3.74,0,-0.6727939,0,0.73983,-0.9955062,0,0.09469664
saccade,9.6094,0.03892605,0.04107034,-0.05581396,-0.06454056,-0.002719201,-0.007253195,-0.997885,0.006363151,-0.1287687,0.9916542,0.1053749,0.03918409,-0.05254756,-0.02270407,0.05391031,-0.004329013,-0.9982783,-0.1074384,-0.04579671,0.9931564,0.14,1.811587,3.74,0,-0.6727939,0,0.73983,-0.9955062,0,0.09469664
saccade,9.6208,0.03892825,0.04108286,-0.05576766,-0.06457651,-0.002687465,-0.007272034,-0.9978827,0.006302756,-0.1288405,0.9916453,0.1053769,0.03919864,-0.05249706,-0.02274158,0.05341106,-0.004359185,-0.9983041,-0.1064427,-0.04587169,0.9932601,0.14,1.811587,3.74,0,-0.6727939,0,0.73983,-0.9955062,0,0.09469664
saccade,9.6319,0.03892957,0.04107654,-0.05575196,-0.06462204,-0.002688531,-0.007285482,-0.9978796,0.006307266,-0.1289309,0.9916335,0.1053783,0.03919387,-0.05248161,-0.02278787,0.05341042,-0.0043701,-0.9983031,-0.1064404,-0.04596522,0.9932561,0.14,1.811587,3.74,0,-0.6727939,0,0.73983,-0.9955062,0,0.09469664
saccade,9.6439,0.0389247,0.04106045,-0.05573894,-0.06471219,-0.003408797,-0.007233537,-0.9978719,0.007739283,-0.1290997,0.9916014,0.1053736,0.03916836,-0.05247767,-0.02282911,0.05334528,-0.00429886,-0.9983059,-0.1063135,-0.04603951,0.9932662,0.14,1.811587,3.74,0,-0.6727939,0,0.73983,-0.9955062,0,0.09469664
saccade,9.6542,0.03892482,0.04104698,-0.05571243,-0.06473514,-0.003433656,-0.007336533,-0.9978696,0.007802545,-0.1291441,0.9915951,0.1053743,0.03916872,-0.05245367,-0.02269125,0.05289949,-0.004407736,-0.9983323,-0.1054225,-0.04577315,0.9933735,0.14,1.811587,3.74,0,-0.6727939,0,0.73983,-0.9955062,0,0.09469664
saccade,9.6654,0.03891813,0.04102743,-0.05568445,-0.06466816,-0.00382575,-0.007312478,-0.9978727,0.008580993,-0.1290052,0.9916068,0.1053679,0.03914559,-0.05243526,-0.02273075,0.05282952,-0.004378947,-0.9983352,-0.1052841,-0.04584849,0.9933847,0.14,1.811587,3.74,0,-0.6727939,0,0.73983,-0.9955062,0,0.09469664
saccade,9.6764,0.03891104,0.04099905,-0.05567019,-0.06459867,-0.003837142,-0.007362132,-0.9978768,0.008609159,-0.1288665,0.9916246,0.1053611,0.03912425,-0.05242176,-0.02266407,0.05282046,-0.004432881,-0.998337,-0.1052643,-0.04572106,0.9933927,0.14,1.811587,3.74,0,-0.6727939,0,0.73983,-0.9955062,0,0.09469664
saccade,9.6877,0.03890028,0.04097092,-0.05565204,-0.06470814,-0.003856056,-0.007363677,-0.9978697,0.008648662,-0.1290838,0.991596,0.1053505,0.03909576,-0.05240662,-0.02291082,0.05220665,-0.004450106,-0.9983636,-0.1040385,-0.04621131,0.9934991,0.14,1.811587,3.74,0,-0.6727939,0,0.73983,-0.9955062,0,0.09469664
saccade,9.6988,0.03889505,0.04094851,-0.05562982,-0.06470396,-0.003853727,-0.007420048,-0.9978695,0.008651247,-0.129075,0.9915971,0.1053454,0.03908086,-0.05238359,-0.0229098,0.05221134,-0.004506474,-0.9983631,-0.1040453,-0.04621518,0.9934982,0.14,1.811587,3.74,0,-0.6727939,0,0.73983,-0.9955062,0,0.09469664
saccade,9.7097,0.03888275,0.04092669,-0.05561852,-0.06464416,-0.004510652,-0.007374456,-0.997871,0.009955529,-0.1289465,0.9916016,0.1053329,0.03905082,-0.0523736,-0.02295705,0.05220445,-0.0044439,-0.9983627,-0.1040339,-0.0463029,0.9934953,0.14,1.811587,3.74,0,-0.6727939,0,0.73983,-0.9955062,0,0.09469664
saccade,9.7211,0.03886426,0.04090774,-0.0556088,-0.06468887,-0.00449213,-0.007393057,-0.997868,0.009921603,-0.1290355,0.9915903,0.1053144,0.03903377,-0.05236148,-0.02300281,0.05222356,-0.004459149,-0.9983605,-0.1040707,-0.04639595,0.9934871,0.14,1.811587,3.74,0,-0.6727939,0,0.73983,-0.9955062,0,0.09469664
saccade,9.7324,0.03885516,0.04089189,-0.0555947,-0.06476519,-0.004462142,-0.007421438,-0.997863,0.009866513,-0.1291873,0.9915711,0.1053052,0.03902102,-0.05234353,-0.02310775,0.05228112,-0.004482018,-0.998355,-0.1041831,-0.04660812,0.9934654,0.14,1.811587,3.74,0,-0.6727939,0,0.73983,-0.9955062,0,0.09469664
saccade,9.7479,0.03884158,0.04086936,-0.05557983,-0.0645976,-0.004816234,-0.007509435,-0.9978716,0.01058215,-0.1288479,0.9916079,0.1052914,0.03900826,-0.05231839,-0.02320409,0.05235947,-0.004557914,-0.9983483,-0.1043344,-0.04680882,0.9934401,0.14,1.811587,3.74,0,-0.6727939,0,0.73983,-0.9955062,0,0.09469664
saccade,9.7605,0.0388074,0.04084837,-0.05557644,-0.06466588,-0.004710607,-0.007545232,-0.9978673,0.01037696,-0.1289849,0.9915923,0.1052566,0.03899062,-0.052301,-0.02338394,0.0519583,-0.004603261,-0.9983649,-0.1035314,-0.04716977,0.993507,0.14,1.811587,3.74,0,-0.6727939,0,0.73983,-0.9955062,0,0.09469664
saccade,9.7716,0.03879701,0.04084826,-0.0555868,-0.06460599,-0.004847396,-0.007500361,-0.9978709,0.01064329,-0.1288642,0.9916052,0.1052461,0.03898442,-0.05231293,-0.02339273,0.05194801,-0.004556943,-0.9983654,-0.103513,-0.04718243,0.9935083,0.14,1.811587,3.74,0,-0.6727939,0,0.73983,-0.9955062,0,0.09469664
saccade,9.7824,0.0388127,0.04084671,-0.05559039,-0.06460369,-0.004814964,-0.007546794,-0.9978709,0.01058453,-0.1288596,0.9916064,0.1052617,0.03898871,-0.05231181,-0.02339305,0.05198228,-0.004602043,-0.9983634,-0.1035791,-0.04718797,0.9935012,0.14,1.811587,3.74,0,-0.6727939,0,0.73983,-0.9955062,0,0.09469664
saccade,9.7938,0.03880338,0.04083514,-0.05558985,-0.06456465,-0.004811279,-0.007526385,-0.9978736,0.01057397,-0.1287823,0.9916165,0.1052523,0.03897476,-0.05231077,-0.02361074,0.0514733,-0.004606652,-0.9983846,-0.1025628,-0.04761944,0.9935861,0.14,1.811587,3.74,0,-0.6727939,0,0.73983,-0.9955062,0,0.09469664
saccade,9.8048,0.03879397,0.04084575,-0.05559392,-0.06460177,-0.005335025,-0.007533084,-0.9978684,0.01162061,-0.1288478,0.9915963,0.1052428,0.03898406,-0.05231304,-0.02357986,0.05148609,-0.004597361,-0.9983847,-0.102589,-0.04755694,0.9935864,0.14,1.811587,3.74,0,-0.6727939,0,0.73983,-0.9955062,0,0.09469664
saccade,9.8156,0.03878145,0.04085362,-0.05557682,-0.06451303,-0.00528593,-0.007504384,-0.9978747,0.01151765,-0.1286725,0.9916202,0.1052298,0.03898835,-0.05228925,-0.02348942,0.05153419,-0.004571724,-0.9983845,-0.1026871,-0.04737416,0.9935849,0.14,1.811587,3.74,0,-0.6727939,0,0.73983,-0.9955062,0,0.09469664
saccade,9.8270,0.03876874,0.04086185,-0.05557375,-0.06445559,-0.005284317,-0.007525183,-0.9978783,0.01151629,-0.1285581,0.9916351,0.1052172,0.03899968,-0.05228551,-0.02322146,0.05105946,-0.004602076,-0.9984151,-0.1017433,-0.04683927,0.9937074,0.14,1.811587,3.74,0,-0.6727939,0,0.73983,-0.9955062,0,0.09469664
saccade,9.8388,0.03876056,0.04086435,-0.05558069,-0.06458899,-0.005673539,-0.007530179,-0.9978675,0.01229561,-0.1288171,0.9915922,0.1052089,0.03900063,-0.05229153,-0.02326629,0.0510681,-0.004590222,-0.9984136,-0.1017606,-0.04692759,0.9937015,0.14,1.811587,3.74,0,-0.6727939,0,0.73983,-0.9955062,0,0.09469664
saccade,9.8495,0.03874605,0.04085922,-0.05558615,-0.06456134,-0.005692609,-0.007510657,-0.9978693,0.01233076,-0.128762,0.9915988,0.1051945,0.03899324,-0.05229956,-0.02323753,0.05104836,-0.004573106,-0.9984154,-0.1017224,-0.04686832,0.9937082,0.14,1.811587,3.74,0,-0.6727939,0,0.73983,-0.9955062,0,0.09469664
saccade,9.8602,0.03873238,0.04083824,-0.05558982,-0.06457028,-0.005697411,-0.007528961,-0.9978685,0.01234283,-0.1287795,0.9915965,0.1051809,0.03897464,-0.05230375,-0.0232935,0.0509736,-0.004594556,-0.9984178,-0.1015718,-0.0469817,0.9937182,0.14,1.811587,3.74,0,-0.6727939,0,0.73983,-0.9955062,0,0.09469664
saccade,9.8715,0.0387265,0.04083645,-0.05559371,-0.0647977,-0.005890459,-0.007534836,-0.9978526,0.0127321,-0.1292283,0.9915331,0.1051749,0.03897178,-0.05230594,-0.02329013,0.0509865,-0.004586812,-0.9984173,-0.1015979,-0.04697427,0.9937159,0.14,1.811587,3.74,0,-0.6727939,0,0.73983,-0.9955062,0,0.09469664
saccade,9.8827,0.03871886,0.04084313,-0.05560144,-0.06475701,-0.005938087,-0.007518174,-0.9978551,0.01282441,-0.1291469,0.9915425,0.1051675,0.03897703,-0.05231993,-0.02324852,0.05093842,-0.00457449,-0.9984207,-0.1015032,-0.04688965,0.9937296,0.14,1.811587,3.74,0,-0.6727939,0,0.73983,-0.9955062,0,0.09469664
saccade,9.8936,0.03871394,0.04085648,-0.05560662,-0.06481982,-0.005955439,-0.007496506,-0.9978511,0.01285713,-0.1292718,0.9915258,0.1051626,0.03898716,-0.05232789,-0.02285584,0.05135472,-0.004522923,-0.9984087,-0.1023392,-0.04610348,0.9936806,0.14,1.811587,3.74,0,-0.6727939,0,0.73983,-0.9955062,0,0.09469664
saccade,9.9046,0.03874108,0.0408591,-0.05558217,-0.06426733,0.003923712,-0.007205497,-0.997899,-0.00690478,-0.1283212,0.9917086,0.1051905,0.03899181,-0.05231734,-0.02264414,0.05124335,-0.004535469,-0.9984192,-0.1021193,-0.04568151,0.9937227,0.14,1.811587,3.74,0,-0.6727939,0,0.73983,-0.9955062,0,0.09469664
saccade,9.9156,0.03873779,0.04086292,-0.05557714,-0.06413393,0.003905885,-0.007252247,-0.9979074,-0.006865193,-0.1280561,0.9917431,0.1051875,0.03900266,-0.05231364,-0.009739587,0.08486242,-0.003235223,-0.9963399,-0.1690406,-0.01995698,0.985407,0.14,1.811587,3.74,0,-0.6727939,0,0.73983,-0.9955062,0,0.09469664
saccade,9.9272,0.03873216,0.04086685,-0.05557276,-0.0640519,0.003873572,-0.007333418,-0.9979122,-0.00679153,-0.1278931,0.9917647,0.1051823,0.03901815,-0.05231248,-0.009664273,0.08483498,-0.003324401,-0.9963427,-0.1689852,-0.01982191,0.9854193,0.14,1.811587,3.74,0,-0.6727939,0,0.73983,-0.9955062,0,0.09469664
saccade,9.9384,0.03871854,0.0408777,-0.05556693,-0.05772511,0.05467679,-0.005769082,-0.9968175,-0.1083395,-0.1157137,0.9873565,0.1051689,0.03903437,-0.05230685,-0.009645458,0.08483241,-0.003364749,-0.9963429,-0.1689794,-0.01979125,0.9854209,0.14,1.811587,3.74,0,-0.6727939,0,0.73983,-0.9955062,0,0.09469664
saccade,9.9491,0.0387054,0.04088938,-0.05556478,-0.05770303,0.05470641,-0.005816206,-0.9968168,-0.1083933,-0.1156751,0.9873551,0.1051557,0.03905201,-0.0523003,-0.009624798,0.08486419,-0.00341103,-0.9963402,-0.1690416,-0.0197581,0.9854109,0.14,1.811587,3.74,0,-0.6727939,0,0.73983,-0.9955062,0,0.09469664
saccade,9.9599,0.03869738,0.04088879,-0.0555615,-0.05767777,0.05470261,-0.005762791,-0.9968188,-0.1083924,-0.115619,0.9873618,0.1051475,0.03904426,-0.05229784,0.00968759,0.13064,-0.001448536,-0.9913815,-0.2590562,0.01882972,0.9656787,0.14,1.811587,3.74,0,-0.6727939,0,0.73983,-0.9955062,0,0.09469664
saccade,9.9719,0.03869127,0.04087222,-0.05556246,-0.05767471,0.05474809,-0.005758319,-0.9968165,-0.1084834,-0.1156127,0.9873526,0.1051411,0.03902674,-0.05229279,0.009690997,0.1306847,-0.001441241,-0.9913756,-0.2591432,0.01883814,0.9656552,0.14,1.811587,3.74,0,-0.6727939,0,0.73983,-0.9955062,0,0.09469664
saccade,9.9822,0.03871978,0.04083276,-0.05556447,-0.05070427,0.09790052,-0.004293043,-0.9938945,-0.1941702,-0.10163,0.9756891,0.105169,0.03898239,-0.05228561,0.009568959,0.1307566,-0.001392756,-0.9913674,-0.2592824,0.01860848,0.9656223,0.14,1.811587,3.74,0,-0.6727939,0,0.73983,-0.9955062,0,0.09469664
saccade,9.9938,0.03872015,0.04077375,-0.05557004,-0.05078948,0.09795517,-0.004398684,-0.9938842,-0.1942654,-0.1018195,0.9756504,0.1051694,0.03893745,-0.05228345,0.01708417,0.1568951,-0.0005023454,-0.9874674,-0.3098747,0.03358249,0.9501842,0.14,1.811587,3.74,0,-0.6727939,0,0.73983,-0.9955062,0,0.09469664
saccade,10.0049,0.03871479,0.04074502,-0.05555444,-0.04850626,0.1094142,-0.003915458,-0.9928043,-0.216874,-0.09717126,0.9713513,0.1051635,0.03889692,-0.05226377,0.01708795,0.1569241,-0.0004126308,-0.9874628,-0.3099276,0.03361793,0.9501656,0.14,1.811587,3.74,0,-0.6727939,0,0.73983,-0.9955062,0,0.09469664
saccade,10.0155,0.03876543,0.04076111,-0.05552907,-0.04849925,0.1094166,-0.003796441,-0.9928048,-0.2168904,-0.09713137,0.9713517,0.1052137,0.03889716,-0.05223888,0.01710066,0.1569187,-0.0002941899,-0.9874634,-0.309913,0.03368023,0.9501682,0.14,1.811587,3.74,0,-0.6727939,0,0.73983,-0.9955062,0,0.09469664
saccade,10.0266,0.03879309,0.04076684,-0.055505,-0.0485846,0.1093848,-0.003610199,-0.9928048,-0.2168446,-0.09725985,0.971349,0.105241,0.03887904,-0.05222065,0.01850809,0.1622872,9.644962E-05,-0.98657,-0.3202119,0.03655035,0.9466406,0.14,1.811587,3.74,0,-0.6727939,0,0.73983,-0.9955062,0,0.09469664
saccade,10.0383,0.03881441,0.04076445,-0.05547824,-0.04770225,0.1166938,-0.003239355,-0.9920164,-0.2312152,-0.09539887,0.9682141,0.1052623,0.0388608,-0.05220333,0.01840559,0.1622185,0.0002274956,-0.9865832,-0.3200757,0.0363911,0.9466928,0.14,1.811587,3.74,0,-0.6727939,0,0.73983,-0.9955062,0,0.09469664
saccade,10.0488,0.03883158,0.04075444,-0.05546003,-0.04777271,0.1166748,-0.003193021,-0.9920155,-0.2311813,-0.09552761,0.9682095,0.1052795,0.0388453,-0.05218821,0.01833729,0.1621969,0.0002756577,-0.986588,-0.320033,0.03627213,0.9467118,0.14,1.811587,3.74,0,-0.6727939,0,0.73983,-0.9955062,0,0.09469664
saccade,10.0602,0.03884251,0.04075587,-0.05546569,-0.04779993,0.116561,-0.003247336,-0.9920273,-0.2309529,-0.0955947,0.9682574,0.1052914,0.03885496,-0.05220881,0.01879647,0.1657882,0.0003373404,-0.9859822,-0.3269157,0.03717782,0.9443219,0.14,1.811587,3.74,0,-0.6727939,0,0.73983,-0.9955062,0,0.09469664
saccade,10.0716,0.03885611,0.04073179,-0.05544866,-0.0478066,0.1165588,-0.00332856,-0.992027,-0.2309407,-0.09562682,0.9682571,0.1053053,0.03884172,-0.05219153,0.01878577,0.1657914,0.0002565824,-0.9859819,-0.326925,0.03712993,0.9443206,0.14,1.811587,3.74,0,-0.6727939,0,0.73983,-0.9955062,0,0.09469664
saccade,10.0824,0.03885338,0.04071903,-0.05545508,-0.04778041,0.123085,-0.003208506,-0.9912401,-0.2437069,-0.09551355,0.9651343,0.1053026,0.03883946,-0.0521928,0.01864263,0.1658348,0.0001955191,-0.9859773,-0.3270114,0.03682726,0.9443026,0.14,1.811587,3.74,0,-0.6727939,0,0.73983,-0.9955062,0,0.09469664
saccade,10.0937,0.03886373,0.04071665,-0.05545363,-0.04784801,0.1230185,-0.003279081,-0.9912449,-0.2435691,-0.09566496,0.9651541,0.1053137,0.03884757,-0.05219998,0.02073822,0.1677288,0.000251381,-0.985615,-0.3306216,0.04096413,0.942874,0.14,1.811587,3.74,0,-0.6727939,0,0.73983,-0.9955062,0,0.09469664
saccade,10.1045,0.03888581,0.04071271,-0.05544114,-0.04840037,0.1271443,-0.003224929,-0.9906974,-0.2516108,-0.09672032,0.9629835,0.1053363,0.03885078,-0.05219513,0.02070043,0.1676741,0.0001998057,-0.9856251,-0.3305193,0.04087274,0.9429138,0.14,1.811587,3.74,0,-0.6727939,0,0.73983,-0.9955062,0,0.09469664
saccade,10.1156,0.03888224,0.04071498,-0.05543748,-0.04840104,0.1270538,-0.003216225,-0.990709,-0.2514354,-0.09671996,0.9630293,0.1053333,0.03885245,-0.05220364,0.02070025,0.1675838,0.0002022032,-0.9856405,-0.3303464,0.04087378,0.9429743,0.14,1.811587,3.74,0,-0.6727939,0,0.73983,-0.9955062,0,0.09469664
saccade,10.1268,0.03888011,0.04071093,-0.05542321,-0.04832461,0.1269797,-0.003201553,-0.9907223,-0.2512938,-0.0965656,0.9630818,0.1053316,0.03884614,-0.05219913,0.02116903,0.1695994,0.0002816965,-0.9852857,-0.3341958,0.04181063,0.9415758,0.14,1.811587,3.74,0,-0.6727939,0,0.73983,-0.9955062,0,0.09469664
saccade,10.1380,0.03887017,0.04073,-0.0554248,-0.04880313,0.1290415,-0.003091804,-0.9904328,-0.255312,-0.09747038,0.9619331,0.1053214,0.03885508,-0.05220114,0.02126419,0.1695923,0.0003465719,-0.9852848,-0.3341787,0.04202012,0.9415725,0.14,1.811587,3.74,0,-0.6727939,0,0.73983,-0.9955062,0,0.09469664
saccade,10.1493,0.03884943,0.04073608,-0.05542558,-0.04872423,0.1291057,-0.003082271,-0.9904283,-0.2554395,-0.09731159,0.9619154,0.1053002,0.03885865,-0.05219312,0.0213434,0.1696549,0.0003573659,-0.9852723,-0.3342973,0.04217937,0.9415234,0.14,1.811587,3.74,0,-0.6727939,0,0.73983,-0.9955062,0,0.09469664
saccade,10.1605,0.03881153,0.04071438,-0.05543477,-0.04863033,0.1291984,-0.003137298,-0.9904206,-0.2556164,-0.09713963,0.9618858,0.1052618,0.03884268,-0.05218921,0.02186578,0.1705458,0.0003421295,-0.9851071,-0.3359968,0.04319696,0.940872,0.14,1.811587,3.74,0,-0.6727939,0,0.73983,-0.9955062,0,0.09469664
saccade,10.1713,0.03878831,0.04068899,-0.05544865,-0.04846964,0.1307238,-0.003176997,-0.9902282,-0.2585848,-0.09682263,0.9611239,0.1052381,0.03882837,-0.05218653,0.02181857,0.1706713,0.0002664707,-0.9850864,-0.3362404,0.04307731,0.9407905,0.14,1.811587,3.74,0,-0.6727939,0,0.73983,-0.9955062,0,0.09469664
saccade,10.1825,0.03877129,0.04065228,-0.05546996,-0.04850491,0.1309313,-0.003373793,-0.9901984,-0.2589686,-0.09694244,0.9610085,0.1052203,0.03881669,-0.05217881,0.02177502,0.170891,8.648005E-05,-0.9850494,-0.3366684,0.04292849,0.9406442,0.14,1.811587,3.74,0,-0.6727939,0,0.73983,-0.9955062,0,0.09469664
saccade,10.1932,0.03873551,0.040627,-0.05547354,-0.04862599,0.1309539,-0.003287899,-0.9901898,-0.2590187,-0.09715905,0.9609731,0.1051842,0.03878129,-0.05218036,0.02173745,0.1716398,0.0002023718,-0.98492,-0.3380941,0.04288876,0.9401345,0.14,1.811587,3.74,0,-0.6727939,0,0.73983,-0.9955062,0,0.09469664
saccade,10.2049,0.03872475,0.04061139,-0.0554717,-0.04839029,0.1320374,-0.003348861,-0.9900572,-0.261125,-0.09670267,0.960449,0.1051734,0.03877723,-0.05217282,0.02181401,0.1716813,0.0001059189,-0.984911,-0.3381769,0.04300609,0.9400994,0.14,1.811587,3.74,0,-0.6727939,0,0.73983,-0.9955062,0,0.09469664
saccade,10.2159,0.03871682,0.0405848,-0.0554745,-0.04839121,0.1320708,-0.003385482,-0.9900526,-0.2611865,-0.09671395,0.9604312,0.1051654,0.0387553,-0.05217089,0.02181158,0.171717,7.182546E-05,-0.9849048,-0.3382466,0.04298932,0.9400751,0.14,1.811587,3.74,0,-0.6727939,0,0.73983,-0.9955062,0,0.09469664
saccade,10.2267,0.03870565,0.04056096,-0.05547792,-0.04844353,0.1320832,-0.003441133,-0.9900482,-0.2612041,-0.09683188,0.9604145,0.1051544,0.03873944,-0.05217242,0.02174038,0.1723893,3.77046E-05,-0.984789,-0.3395326,0.04283238,0.9396186,0.14,1.811587,3.74,0,-0.6727939,0,0.73983,-0.9955062,0,0.09469664
saccade,10.2380,0.03869461,0.04055977,-0.05547576,-0.04846083,0.1321086,-0.003379059,-0.9900442,-0.2612591,-0.09684952,0.9603978,0.105143,0.03873003,-0.05216736,0.02172557,0.1724102,0.0001020746,-0.9847856,-0.3395697,0.04282526,0.9396055,0.14,1.811587,3.74,0,-0.6727939,0,0.73983,-0.9955062,0,0.09469664
saccade,10.2490,0.03869046,0.04056156,-0.05547219,-0.0481751,0.1328462,-0.003307441,-0.9899597,-0.2627062,-0.09626158,0.9600621,0.1051384,0.03872454,-0.05215938,0.02181659,0.1724394,0.0001456721,-0.9847785,-0.339623,0.04301926,0.9395773,0.14,1.811587,3.74,0,-0.6727939,0,0.73983,-0.9955062,0,0.09469664
saccade,10.2606,0.03870928,0.0405544,-0.05551917,-0.04821037,0.1328183,-0.003337398,-0.9899616,-0.2626481,-0.09633937,0.9600701,0.1051575,0.03872204,-0.05221001,0.02178017,0.172414,0.0001152516,-0.9847838,-0.3395759,0.04293726,0.9395981,0.14,1.811587,3.74,0,-0.6727939,0,0.73983,-0.9955062,0,0.09469664
saccade,10.2716,0.03871359,0.04054153,-0.05552704,-0.04836437,0.1328309,-0.003355926,-0.9899523,-0.262668,-0.09664839,0.9600337,0.1051619,0.03871322,-0.05221655,0.02129372,0.1726,9.778422E-05,-0.9847618,-0.3399356,0.04197223,0.9395117,0.14,1.811587,3.74,0,-0.6727939,0,0.73983,-0.9955062,0,0.09469664
saccade,10.2823,0.03872101,0.0405339,-0.05552152,-0.04797638,0.1334928,-0.003313048,-0.9898823,-0.2639664,-0.09586648,0.9597559,0.1051691,0.03870356,-0.0522089,0.02132196,0.1726147,0.0001102095,-0.9847587,-0.339963,0.04203201,0.9394991,0.14,1.811587,3.74,0,-0.6727939,0,0.73983,-0.9955062,0,0.09469664
saccade,10.2937,0.03874561,0.04054093,-0.05551965,-0.04796541,0.1335162,-0.003200666,-0.9898801,-0.264023,-0.0958147,0.9597455,0.1051932,0.03869534,-0.05220464,0.02139924,0.1731361,0.0002401273,-0.9846654,-0.340952,0.04222532,0.9391319,0.14,1.811587,3.74,0,-0.6727939,0,0.73983,-0.9955062,0,0.09469664
saccade,10.3047,0.03877162,0.04055333,-0.05552161,-0.04795261,0.1334548,-0.00311113,-0.9898893,-0.2639125,-0.09576593,0.9597808,0.1052193,0.03869617,-0.0522154,0.02141573,0.173069,0.0003245529,-0.9846768,-0.3408202,0.04228749,0.939177,0.14,1.811587,3.74,0,-0.6727939,0,0.73983,-0.9955062,0,0.09469664
saccade,10.3160,0.03879217,0.04055667,-0.05551418,-0.04811304,0.1346791,-0.003039752,-0.9897159,-0.2662956,-0.09605526,0.9590933,0.10524,0.03869402,-0.05221472,0.0214539,0.1730172,0.0003608889,-0.9846851,-0.3407194,0.04237554,0.9392095,0.14,1.811587,3.74,0,-0.6727939,0,0.73983,-0.9955062,0,0.09469664
saccade,10.3268,0.03881926,0.04054332,-0.05550794,-0.04809405,0.1345826,-0.002880573,-0.9897304,-0.2661239,-0.09597563,0.959149,0.1052672,0.03865993,-0.05222246,0.02136326,0.1732642,0.0005183938,-0.9846436,-0.3411849,0.04225003,0.9390463,0.14,1.811587,3.74,0,-0.6727939,0,0.73983,-0.9955062,0,0.09469664
saccade,10.3380,0.03884609,0.04053605,-0.05552746,-0.04805574,0.1345902,-0.002839061,-0.9897313,-0.2661434,-0.09588876,0.9591522,0.1052939,0.0386467,-0.05224111,0.02140318,0.1732687,0.0005588015,-0.9846418,-0.3411913,0.04234258,0.9390398,0.14,1.811587,3.74,0,-0.6727939,0,0.73983,-0.9955062,0,0.09469664
saccade,10.3489,0.03885905,0.04053104,-0.05553999,-0.04744326,0.1348906,-0.002803536,-0.9897201,-0.2667418,-0.09466743,0.9591073,0.1053071,0.03864169,-0.05225957,0.02137003,0.1732258,0.0005616299,-0.9846501,-0.3411095,0.04227858,0.9390723,0.14,1.811587,3.74,0,-0.6727939,0,0.73983,-0.9955062,0,0.09469664
saccade,10.3606,0.0388789,0.04050601,-0.05554221,-0.04747735,0.1349255,-0.00290874,-0.9897134,-0.2667989,-0.09476288,0.959082,0.1053271,0.03863084,-0.0522565,0.02106669,0.1733825,0.0004550398,-0.9846292,-0.3414157,0.04164355,0.9389895,0.14,1.811587,3.74,0,-0.6727939,0,0.73983,-0.9955062,0,0.09469664
saccade,10.3715,0.03889477,0.0404855,-0.05555303,-0.04750973,0.135915,-0.002999863,-0.9895762,-0.2687115,-0.09484445,0.9585398,0.1053432,0.03862584,-0.05226278,0.02105033,0.1734185,0.0003398126,-0.9846232,-0.3414895,0.04157114,0.9389658,0.14,1.811587,3.74,0,-0.6727939,0,0.73983,-0.9955062,0,0.09469664
saccade,10.3827,0.03892087,0.04049933,-0.05557968,-0.04753976,0.1358469,-0.002985429,-0.9895841,-0.26858,-0.09490031,0.9585712,0.1053697,0.03863859,-0.05229875,0.02102094,0.1733502,0.0003506318,-0.9846358,-0.3413588,0.04151751,0.9390157,0.14,1.811587,3.74,0,-0.6727939,0,0.73983,-0.9955062,0,0.09469664
saccade,10.3935,0.03894111,0.04050553,-0.0555855,-0.04748955,0.1358082,-0.003069709,-0.9895915,-0.2684978,-0.09482431,0.9586017,0.1053905,0.03865552,-0.052309,0.02122471,0.1737932,0.0002809367,-0.9845534,-0.3422055,0.04189138,0.9386908,0.14,1.811587,3.74,0,-0.6727939,0,0.73983,-0.9955062,0,0.09469664
saccade,10.4047,0.03896229,0.04051447,-0.05559019,-0.04744578,0.1357392,-0.003019428,-0.9896033,-0.2683694,-0.09472471,0.9586475,0.1054119,0.03865778,-0.05232315,0.02127054,0.173721,0.0003245757,-0.9845651,-0.3420655,0.04199723,0.9387372,0.14,1.811587,3.74,0,-0.6727939,0,0.73983,-0.9955062,0,0.09469664
saccade,10.4159,0.03898124,0.0405488,-0.0556227,-0.04685371,0.1364069,-0.003007839,-0.9895397,-0.2696782,-0.0935478,0.9583958,0.1054315,0.03869462,-0.05236682,0.02138933,0.1736352,0.0002886713,-0.9845777,-0.3419024,0.04221916,0.9387866,0.14,1.811587,3.74,0,-0.6727939,0,0.73983,-0.9955062,0,0.09469664
saccade,10.4271,0.03898633,0.04056251,-0.05563349,-0.04684833,0.1364059,-0.00297457,-0.9895402,-0.2696795,-0.09352811,0.9583973,0.1054365,0.03870392,-0.05237796,0.02139789,0.1736159,0.0003211694,-0.9845809,-0.3418641,0.04224743,0.9387993,0.14,1.811587,3.74,0,-0.6727939,0,0.73983,-0.9955062,0,0.09469664
saccade,10.4383,0.03899861,0.04057217,-0.05564728,-0.04678556,0.1364231,-0.002976018,-0.9895409,-0.2697139,-0.09340445,0.9583997,0.1054486,0.03871286,-0.05238923,0.02146059,0.1736327,0.0003185365,-0.9845766,-0.3418957,0.04236981,0.9387823,0.14,1.811587,3.74,0,-0.6727939,0,0.73983,-0.9955062,0,0.09469664
saccade,10.4521,0.03901208,0.04058492,-0.05566745,-0.04630908,0.1371102,-0.002902816,-0.9894685,-0.2710637,-0.09243875,0.9581125,0.1054619,0.03871953,-0.05240793,0.02151915,0.1736412,0.0003574458,-0.9845738,-0.3419098,0.04249852,0.9387713,0.14,1.811587,3.74,0,-0.6727939,0,0.73983,-0.9955062,0,0.09469664
saccade,10.4671,0.03906527,0.04060054,-0.05574086,-0.04610032,0.1371434,-0.002951504,-0.9894735,-0.2711274,-0.09203965,0.9581329,0.1055149,0.03873897,-0.05247589,0.02201355,0.1741079,0.000325141,-0.9844804,-0.3427973,0.04345703,0.9384037,0.14,1.811587,3.74,0,-0.6727939,0,0.73983,-0.9955062,0,0.09469664
saccade,10.4742,0.03905557,0.04061639,-0.05573211,-0.04617005,0.1372041,-0.002835413,-0.9894622,-0.2712546,-0.0921451,0.9580867,0.1055044,0.0387398,-0.05246002,0.02194806,0.1741606,0.0004476707,-0.9844726,-0.342893,0.04337047,0.9383727,0.14,1.811587,3.74,0,-0.6727939,0,0.73983,-0.9955062,0,0.09469664
saccade,10.4824,0.03906083,0.0406251,-0.05574661,-0.04593712,0.1378647,-0.002780557,-0.9893814,-0.2725461,-0.09166535,0.9577662,0.1055092,0.03874397,-0.05246793,0.02197317,0.174208,0.0004809292,-0.9844636,-0.3429818,0.04343114,0.9383374,0.14,1.811587,3.74,0,-0.6727939,0,0.73983,-0.9955062,0,0.09469664
saccade,10.4936,0.03906695,0.0406239,-0.05576454,-0.04586574,0.137863,-0.002752557,-0.9893849,-0.2725466,-0.09151671,0.9577803,0.1055152,0.03873813,-0.05248606,0.0220456,0.174204,0.0005060874,-0.9844627,-0.3429724,0.04358247,0.9383339,0.14,1.811587,3.74,0,-0.6727939,0,0.73983,-0.9955062,0,0.09469664
saccade,10.5048,0.03908318,0.04064023,-0.05576725,-0.04591597,0.1378859,-0.00275219,-0.9893795,-0.2725902,-0.09161561,0.9577584,0.1055313,0.03875494,-0.05248586,0.02223756,0.1748802,0.0005364269,-0.9843385,-0.3442587,0.04396619,0.9378448,0.14,1.811587,3.74,0,-0.6727939,0,0.73983,-0.9955062,0,0.09469664
saccade,10.5156,0.0386417,0.0409869,-0.05569342,-0.0455365,0.138394,-0.002685972,-0.9893262,-0.273589,-0.09084435,0.9575471,0.1055412,0.03876305,-0.0525092,0.02225528,0.1748193,0.0005700531,-0.9843488,-0.3441411,0.04401324,0.9378858,0.14,1.811587,3.74,0,-0.6727939,0,0.73983,-0.9955062,0,0.09469664
saccade,10.5269,0.03864766,0.04099452,-0.05568777,-0.04543667,0.1384026,-0.002699708,-0.9893296,-0.2736063,-0.09065098,0.9575604,0.1055471,0.03877127,-0.05250189,0.02235459,0.1748282,0.0005532522,-0.984345,-0.3441578,0.04420271,0.9378707,0.14,1.811587,3.74,0,-0.6727939,0,0.73983,-0.9955062,0,0.09469664
saccade,10.5383,0.03866428,0.04099202,-0.05568874,-0.04539884,0.138372,-0.002702936,-0.9893356,-0.2735472,-0.09057739,0.9575843,0.1055639,0.03876889,-0.05250683,0.02198846,0.1751657,0.0005435853,-0.9842933,-0.3448049,0.04347662,0.937667,0.14,1.811587,3.74,0,-0.6727939,0,0.73983,-0.9955062,0,0.09469664
saccade,10.5492,0.03867945,0.04098737,-0.05568951,-0.04498087,0.1389093,-0.002723705,-0.9892793,-0.2745952,-0.08975399,0.9573618,0.1055795,0.03877115,-0.05251098,0.02198585,0.1751418,0.0004916366,-0.9842976,-0.3447618,0.04345345,0.9376839,0.14,1.811587,3.74,0,-0.6727939,0,0.73983,-0.9955062,0,0.09469664
saccade,10.5602,0.0386849,0.04096997,-0.05568678,-0.04496657,0.1388383,-0.002703228,-0.98929,-0.2744596,-0.08972059,0.9574038,0.1055853,0.03875124,-0.05251791,0.02161191,0.1753034,0.0005005061,-0.9842771,-0.3450727,0.0427197,0.9376033,0.14,1.811587,3.74,0,-0.6727939,0,0.73983,-0.9955062,0,0.09469664
saccade,10.5716,0.03868574,0.04096437,-0.05568563,-0.04504621,0.1387851,-0.002697928,-0.9892938,-0.2743554,-0.08987674,0.957419,0.1055865,0.03874624,-0.05252428,0.02153254,0.1752508,0.0005051659,-0.9842882,-0.3449728,0.04256552,0.937647,0.14,1.811587,3.74,0,-0.6727939,0,0.73983,-0.9955062,0,0.09469664
saccade,10.5830,0.03870135,0.04095995,-0.05565821,-0.04480432,0.1397281,-0.002689898,-0.9891721,-0.2761892,-0.08939008,0.9569373,0.1056023,0.03874528,-0.05249665,0.02153417,0.1752527,0.0004789231,-0.9842879,-0.3449775,0.0425595,0.9376456,0.14,1.811587,3.74,0,-0.6727939,0,0.73983,-0.9955062,0,0.09469664
saccade,10.5937,0.03870038,0.04095173,-0.05565026,-0.04494352,0.1396789,-0.002682714,-0.9891728,-0.276092,-0.08966325,0.9569398,0.1056017,0.03873813,-0.05249593,0.02114741,0.1758376,0.0004976941,-0.9841919,-0.3460948,0.04180125,0.9372679,0.14,1.811587,3.74,0,-0.6727939,0,0.73983,-0.9955062,0,0.09469664
saccade,10.6046,0.03869836,0.04092598,-0.0556462,-0.04494548,0.139727,-0.002714521,-0.9891658,-0.2761823,-0.08967564,0.9569126,0.1055995,0.03871632,-0.05248519,0.02114422,0.1758874,0.000469262,-0.9841831,-0.3461909,0.04178464,0.9372331,0.14,1.811587,3.74,0,-0.6727939,0,0.73983,-0.9955062,0,0.09469664
saccade,10.6152,0.03869706,0.04091311,-0.05564139,-0.04477578,0.1403313,-0.002683294,-0.989088,-0.2773597,-0.08932746,0.9566045,0.1055982,0.03870392,-0.05248111,0.02105137,0.1758851,0.0004779927,-0.9841855,-0.346187,0.04160504,0.9372426,0.14,1.811587,3.74,0,-0.6727939,0,0.73983,-0.9955062,0,0.09469664
saccade,10.6266,0.03868407,0.04089534,-0.05563664,-0.04473064,0.1403179,-0.00271248,-0.9890919,-0.277332,-0.08924664,0.9566201,0.1055854,0.03868961,-0.05247779,0.02110789,0.1761662,0.0004551169,-0.984134,-0.3467231,0.04170634,0.9370399,0.14,1.811587,3.74,0,-0.6727939,0,0.73983,-0.9955062,0,0.09469664
saccade,10.6378,0.03866781,0.04089832,-0.05562776,-0.04484758,0.1404048,-0.002654389,-0.9890744,-0.2775035,-0.08946057,0.9565504,0.1055684,0.03868568,-0.05245803,0.0209929,0.1762493,0.0005230862,-0.9841216,-0.3468795,0.04150352,0.936991,0.14,1.811587,3.74,0,-0.6727939,0,0.73983,-0.9955062,0,0.09469664
saccade,10.6487,0.03865356,0.04087186,-0.05563423,-0.04524858,0.1402489,-0.002731197,-0.9890781,-0.277187,-0.09027484,0.9565656,0.1055545,0.03866684,-0.05246553,0.02101535,0.1762419,0.0004627659,-0.9841225,-0.3468677,0.04152648,0.9369943,0.14,1.811587,3.74,0,-0.6727939,0,0.73983,-0.9955062,0,0.09469664
saccade,10.6599,0.03867214,0.04087627,-0.05563613,-0.04525959,0.1403062,-0.002732281,-0.9890694,-0.2772979,-0.09029646,0.9565315,0.1055727,0.03867114,-0.05245972,0.01960403,0.1706035,0.0002570292,-0.9851447,-0.3361282,0.03871332,0.9410203,0.14,1.811587,3.74,0,-0.6727939,0,0.73983,-0.9955062,0,0.09469664
saccade,10.6714,0.03865621,0.04085684,-0.05563629,-0.04529769,0.1403071,-0.002739279,-0.9890676,-0.2772982,-0.09037363,0.9565241,0.1055568,0.03865314,-0.05245987,0.01956571,0.170605,0.0002512783,-0.9851452,-0.3361316,0.03863587,0.9410222,0.14,1.811587,3.74,0,-0.6727939,0,0.73983,-0.9955062,0,0.09469664
saccade,10.6824,0.03864197,0.04084682,-0.05563399,-0.04740844,0.1281649,-0.003153031,-0.9906141,-0.253625,-0.09473515,0.9626524,0.1055423,0.03864264,-0.05245346,0.0195802,0.1706347,0.0002539789,-0.9851398,-0.3361881,0.03866515,0.9410008,0.14,1.811587,3.74,0,-0.6727939,0,0.73983,-0.9955062,0,0.09469664
saccade,10.6934,0.0386481,0.04085839,-0.05564524,-0.04746923,0.1282396,-0.003193958,-0.9906014,-0.2537654,-0.09486535,0.9626026,0.1055482,0.03865981,-0.05245461,0.007840197,0.1312864,-0.001290192,-0.9913127,-0.2603121,0.0152054,0.9654048,0.14,1.811587,3.74,0,-0.6727939,0,0.73983,-0.9955062,0,0.09469664
saccade,10.7046,0.03864801,0.04086888,-0.05565819,-0.04744013,0.1282236,-0.003170464,-0.9906049,-0.2537371,-0.09480192,0.9626163,0.1055481,0.03866696,-0.05246976,0.00786943,0.131269,-0.001267716,-0.9913148,-0.2602777,0.01526934,0.965413,0.14,1.811587,3.74,0,-0.6727939,0,0.73983,-0.9955062,0,0.09469664
saccade,10.7154,0.03864842,0.04087543,-0.05565857,-0.05213304,0.07684133,-0.004797281,-0.9956679,-0.1525167,-0.1045516,0.9827551,0.1055483,0.0386759,-0.05246548,0.007890959,0.1313028,-0.00128696,-0.9913101,-0.2603439,0.01530681,0.9653946,0.14,1.811587,3.74,0,-0.6727939,0,0.73983,-0.9955062,0,0.09469664
saccade,10.7265,0.03864436,0.04087853,-0.05565868,-0.05208326,0.07683732,-0.004696361,-0.9956713,-0.1525202,-0.1044373,0.9827667,0.1055439,0.03866529,-0.05246665,-0.004357554,0.09167968,-0.00271306,-0.9957753,-0.1825611,-0.009175755,0.9831517,0.14,1.811587,3.74,0,-0.6727939,0,0.73983,-0.9955062,0,0.09469664
saccade,10.7380,0.03870217,0.04087496,-0.05568349,-0.05196155,0.07684424,-0.004692773,-0.9956771,-0.1525364,-0.1041951,0.9827899,0.1056016,0.03866076,-0.05249,-0.004235657,0.09168621,-0.002710943,-0.9957753,-0.1825748,-0.008932638,0.9831514,0.14,1.811587,3.74,0,-0.6727939,0,0.73983,-0.9955062,0,0.09469664
saccade,10.7488,0.03870158,0.04089117,-0.05568328,-0.05765969,0.02453527,-0.006324313,-0.9980147,-0.04824381,-0.1154008,0.9921468,0.1056015,0.03867662,-0.05249979,-0.004213691,0.09161114,-0.002709675,-0.9957823,-0.1824267,-0.008888312,0.9831793,0.14,1.811587,3.74,0,-0.6727939,0,0.73983,-0.9955062,0,0.09469664
saccade,10.7601,0.03871268,0.04089165,-0.05568233,-0.05761103,0.02451896,-0.006339539,-0.9980178,-0.04821026,-0.1153046,0.9921596,0.1056127,0.03867948,-0.05250064,-0.004166095,0.09159584,-0.00272898,-0.9957839,-0.1823966,-0.008796987,0.9831857,0.14,1.811587,3.74,0,-0.6727939,0,0.73983,-0.9955062,0,0.09469664
saccade,10.7718,0.03872606,0.04089415,-0.05567551,-0.05758327,0.02451682,-0.00631081,-0.9980198,-0.04820975,-0.1152479,0.9921662,0.105626,0.03867829,-0.05249419,-0.01157151,0.07636157,-0.003370775,-0.9970074,-0.1521881,-0.02358856,0.98807,0.14,1.811587,3.74,0,-0.6727939,0,0.73983,-0.9955062,0,0.09469664
saccade,10.7821,0.03873833,0.04089487,-0.05566426,-0.06021701,0.008094038,-0.006822477,-0.9981292,-0.01533613,-0.1203192,0.9926168,0.1056384,0.0386759,-0.05248724,-0.01159999,0.07633094,-0.003346127,-0.9970095,-0.1521277,-0.02364144,0.9880781,0.14,1.811587,3.74,0,-0.6727939,0,0.73983,-0.9955062,0,0.09469664
saccade,10.7930,0.03874321,0.04087913,-0.05566192,-0.06027861,0.00800104,-0.006798564,-0.9981264,-0.01515248,-0.1204401,0.992605,0.1056438,0.03865731,-0.05249783,-0.01165998,0.07623697,-0.00332266,-0.9970161,-0.1519415,-0.02375699,0.9881039,0.14,1.811587,3.74,0,-0.6727939,0,0.73983,-0.9955062,0,0.09469664
saccade,10.8046,0.03874802,0.04086077,-0.05565739,-0.06033316,0.008003968,-0.006777551,-0.9981232,-0.01516007,-0.1205484,0.9925917,0.1056485,0.03863585,-0.05249337,-0.01397131,0.06770591,-0.003610054,-0.997601,-0.1349861,-0.02836442,0.9904414,0.14,1.811587,3.74,0,-0.6727939,0,0.73983,-0.9955062,0,0.09469664
saccade,10.8156,0.03876098,0.04086041,-0.05565168,-0.06164812,-0.001327906,-0.007146531,-0.9980715,0.00353183,-0.1230395,0.9923955,0.1056617,0.03864467,-0.05248708,-0.01402498,0.06771103,-0.003676746,-0.9975997,-0.1349939,-0.02848054,0.990437,0.14,1.811587,3.74,0,-0.6727939,0,0.73983,-0.9955062,0,0.09469664
saccade,10.8266,0.03876508,0.04087484,-0.05564431,-0.06163579,-0.001392268,-0.007097903,-0.9980725,0.003654138,-0.1230142,0.9923982,0.105666,0.03865314,-0.05248865,-0.01400934,0.06764463,-0.003632226,-0.9976045,-0.1348634,-0.02844296,0.9904559,0.14,1.811587,3.74,0,-0.6727939,0,0.73983,-0.9955062,0,0.09469664
saccade,10.8380,0.03876337,0.04087508,-0.05563904,-0.06167246,-0.001406066,-0.007102381,-0.9980702,0.003682748,-0.1230869,0.9923891,0.1056644,0.03865385,-0.05248537,-0.01572551,0.06194514,-0.003848634,-0.9979482,-0.123515,-0.03186329,0.991831,0.14,1.811587,3.74,0,-0.6727939,0,0.73983,-0.9955062,0,0.09469664
saccade,10.8494,0.03876024,0.04086256,-0.05563253,-0.06353298,-0.006726965,-0.007347627,-0.99793,0.01435971,-0.1267041,0.9918366,0.1056615,0.0386467,-0.05248012,-0.01567118,0.06193307,-0.003889669,-0.9979497,-0.1234903,-0.0317599,0.9918374,0.14,1.811587,3.74,0,-0.6727939,0,0.73983,-0.9955062,0,0.09469664
saccade,10.8602,0.03876221,0.0408299,-0.05563805,-0.06357291,-0.006759793,-0.007439458,-0.9979267,0.01443745,-0.1267816,0.9918256,0.1056641,0.03862631,-0.05248946,-0.01571744,0.06190458,-0.003980029,-0.9979504,-0.1234303,-0.03186321,0.9918416,0.14,1.811587,3.74,0,-0.6727939,0,0.73983,-0.9955062,0,0.09469664
saccade,10.8712,0.03875616,0.04080248,-0.05563622,-0.06360357,-0.006692644,-0.007533936,-0.9979244,0.01431588,-0.1268423,0.9918196,0.105658,0.0386107,-0.05247803,-0.01700832,0.05770164,-0.004229356,-0.9981801,-0.1150494,-0.03444281,0.9927625,0.14,1.811587,3.74,0,-0.6727939,0,0.73983,-0.9955062,0,0.09469664
saccade,10.8826,0.03874289,0.04077601,-0.0556311,-0.06565562,-0.0111641,-0.007776733,-0.9977496,0.02329912,-0.1308421,0.9911294,0.1056447,0.03859067,-0.05246821,-0.0171014,0.05773923,-0.00427608,-0.9981761,-0.1151216,-0.03463421,0.9927474,0.14,1.811587,3.74,0,-0.6727939,0,0.73983,-0.9955062,0,0.09469664
saccade,10.8933,0.03873639,0.04076815,-0.05563648,-0.06570707,-0.01111,-0.007785887,-0.9977468,0.02319311,-0.130945,0.9911183,0.1056379,0.03858304,-0.05246658,-0.0171534,0.05779342,-0.004279022,-0.998172,-0.1152287,-0.03473869,0.9927314,0.14,1.811587,3.74,0,-0.6727939,0,0.73983,-0.9955062,0,0.09469664
saccade,10.9043,0.03872905,0.04074526,-0.05563688,-0.0658402,-0.01104423,-0.00778701,-0.9977387,0.02306391,-0.1312106,0.9910862,0.1056301,0.0385586,-0.05245892,-0.01814442,0.05421062,-0.004398933,-0.998355,-0.1080833,-0.03670609,0.993464,0.14,1.811587,3.74,0,-0.6727939,0,0.73983,-0.9955062,0,0.09469664
saccade,10.9158,0.03872613,0.0407145,-0.05563244,-0.06606786,-0.0130584,-0.007794075,-0.9976993,0.02708659,-0.1316282,0.990929,0.1056258,0.03851748,-0.05243202,-0.01832497,0.05438637,-0.004322579,-0.9983425,-0.108434,-0.03705938,0.9934126,0.14,1.811587,3.74,0,-0.6727939,0,0.73983,-0.9955062,0,0.09469664
saccade,10.9269,0.03872887,0.04063404,-0.05564062,-0.06615315,-0.01297798,-0.007828194,-0.9976944,0.02693184,-0.1317981,0.9909106,0.1056281,0.03844011,-0.05242964,-0.01899833,0.05200182,-0.004436604,-0.9984564,-0.1036745,-0.03839944,0.9938697,0.14,1.811587,3.74,0,-0.6727939,0,0.73983,-0.9955062,0,0.09469664
saccade,10.9381,0.03876391,0.04061329,-0.05563329,-0.06638488,-0.01287284,-0.007811534,-0.9976805,0.0267231,-0.1322607,0.9908547,0.1056624,0.03841436,-0.0524097,-0.01922887,0.05210501,-0.004400001,-0.9984468,-0.1038789,-0.03885654,0.9938306,0.14,1.811587,3.74,0,-0.6727939,0,0.73983,-0.9955062,0,0.09469664
saccade,10.9488,0.03879382,0.04060042,-0.05561728,-0.06677634,-0.01431095,-0.007670905,-0.9976358,0.0295787,-0.1330174,0.9906722,0.1056913,0.03837514,-0.05239177,-0.01924138,0.052124,-0.004203331,-0.9984464,-0.1039243,-0.03886116,0.9938257,0.14,1.811587,3.74,0,-0.6727939,0,0.73983,-0.9955062,0,0.09469664
saccade,10.9600,0.03883296,0.04062569,-0.05559521,-0.06675949,-0.01438643,-0.007389045,-0.997638,0.02969148,-0.132991,0.9906724,0.1057298,0.03836358,-0.05238217,-0.01960592,0.04959071,-0.00401048,-0.9985691,-0.09888225,-0.03955349,0.9943128,0.14,1.811587,3.74,0,-0.6727939,0,0.73983,-0.9955062,0,0.09469664
saccade,10.9715,0.03887888,0.04066527,-0.05558011,-0.06680761,-0.01449237,-0.007135159,-0.9976351,0.02986955,-0.1330924,0.9906535,0.1057754,0.03836989,-0.05238373,-0.01963788,0.04947287,-0.003759366,-0.9985753,-0.09865712,-0.03959177,0.9943336,0.14,1.811587,3.74,0,-0.6727939,0,0.73983,-0.9955062,0,0.09469664
saccade,10.9821,0.03894429,0.04072237,-0.05556531,-0.06653911,-0.0166004,-0.007059412,-0.9976208,0.03406126,-0.1325272,0.990594,0.1058416,0.03841269,-0.05239557,-0.0195707,0.04927376,-0.003649593,-0.9985869,-0.0982654,-0.03944575,0.9943781,0.14,1.811587,3.74,0,-0.6727939,0,0.73983,-0.9955062,0,0.09469664
saccade,10.9932,0.03898966,0.04072821,-0.05555964,-0.06651957,-0.01672162,-0.007038642,-0.9976202,0.03430006,-0.1324871,0.990591,0.1058877,0.0384171,-0.05240616,-0.01954992,0.0491519,-0.003635911,-0.9985934,-0.09802337,-0.03940226,0.9944038,0.14,1.811587,3.74,0,-0.6727939,0,0.73983,-0.9955062,0,0.09469664
saccade,11.0050,0.03902399,0.04075623,-0.05556092,-0.06646781,-0.01687089,-0.006998468,-0.9976214,0.03459186,-0.1323833,0.9905948,0.1059228,0.03844154,-0.05242743,-0.02026721,0.04698748,-0.00368887,-0.9986831,-0.09370168,-0.0408277,0.9947628,0.14,1.811587,3.74,0,-0.6727939,0,0.73983,-0.9955062,0,0.09469664
saccade,11.0153,0.03904165,0.04078376,-0.05556097,-0.06644373,-0.01822229,-0.007259551,-0.9975974,0.03732173,-0.1323036,0.9905064,0.1059419,0.03849971,-0.05243545,-0.02028441,0.04692353,-0.003917322,-0.9986849,-0.09356473,-0.04088311,0.9947734,0.14,1.811587,3.74,0,-0.6727939,0,0.73983,-0.9955062,0,0.09469664
saccade,11.0265,0.0390708,0.0407939,-0.05557831,-0.066372,-0.01830499,-0.007475935,-0.9975991,0.03751446,-0.1321516,0.9905193,0.1059725,0.03854012,-0.05246151,-0.02068829,0.04525171,-0.004202033,-0.9987525,-0.09021666,-0.04170526,0.9950486,0.14,1.811587,3.74,0,-0.6727939,0,0.73983,-0.9955062,0,0.09469664
saccade,11.0380,0.03908251,0.04082179,-0.05561159,-0.06642499,-0.01841297,-0.007405134,-0.9975941,0.03772111,-0.1322576,0.9904974,0.1059846,0.03855908,-0.05251014,-0.02073688,0.04514049,-0.004133069,-0.9987569,-0.08999734,-0.04179533,0.9950646,0.14,1.811587,3.74,0,-0.6727939,0,0.73983,-0.9955062,0,0.09469664
saccade,11.0491,0.03910083,0.04083765,-0.05563707,-0.06622743,-0.01905202,-0.00740444,-0.9975953,0.03899316,-0.1318542,0.9905019,0.1060038,0.03857541,-0.05255466,-0.02065532,0.04499523,-0.004134045,-0.9987651,-0.08970854,-0.04163164,0.9950976,0.14,1.811587,3.74,0,-0.6727939,0,0.73983,-0.9955062,0,0.09469664
saccade,11.0597,0.03915026,0.04090285,-0.05567476,-0.06612779,-0.01910097,-0.007443377,-0.9976006,0.03909471,-0.1316539,0.9905245,0.1060538,0.03864717,-0.05259798,-0.02055823,0.04494855,-0.004181468,-0.998769,-0.08961451,-0.04144175,0.995114,0.14,1.811587,3.74,0,-0.6727939,0,0.73983,-0.9955062,0,0.09469664
saccade,11.0711,0.03913995,0.04096639,-0.05570762,-0.06596238,-0.01914679,-0.007299225,-0.9976117,0.03916506,-0.1313302,0.9905647,0.1060431,0.03869331,-0.05263727,-0.02052031,0.04337912,-0.004097572,-0.9988396,-0.08648939,-0.04134848,0.9953943,0.14,1.811587,3.74,0,-0.6727939,0,0.73983,-0.9955062,0,0.09469664
saccade,11.0821,0.03912183,0.04102838,-0.05575119,-0.06570659,-0.01927402,-0.00723784,-0.9976266,0.03940769,-0.1308223,0.9906223,0.1060243,0.03874767,-0.05267024,-0.02033743,0.04345271,-0.004040861,-0.9988403,-0.08664027,-0.04097887,0.9953965,0.14,1.811587,3.74,0,-0.6727939,0,0.73983,-0.9955062,0,0.09469664
saccade,11.0934,0.03907817,0.04107177,-0.05579214,-0.06540238,-0.01915761,-0.007245847,-0.9976488,0.03917293,-0.1302196,0.990711,0.1059799,0.03879368,-0.05269385,-0.02003361,0.0435705,-0.00406253,-0.9988412,-0.08687724,-0.04037481,0.9954005,0.14,1.811587,3.74,0,-0.6727939,0,0.73983,-0.9955062,0,0.09469664
saccade,11.1044,0.03903544,0.04108906,-0.05584325,-0.0652658,-0.01897601,-0.007333739,-0.9976605,0.03882051,-0.1299479,0.9907606,0.1059364,0.03882229,-0.05271918,-0.02049785,0.04231972,-0.004209253,-0.998885,-0.08437249,-0.04130626,0.9955778,0.14,1.811587,3.74,0,-0.6727939,0,0.73983,-0.9955062,0,0.09469664
saccade,11.1154,0.03899632,0.04108167,-0.05589688,-0.06534539,-0.01986929,-0.007505923,-0.9976367,0.04062562,-0.1300836,0.9906704,0.1058963,0.03883147,-0.05273995,-0.02047439,0.04256141,-0.004337971,-0.9988747,-0.08484939,-0.04127197,0.9955387,0.14,1.811587,3.74,0,-0.6727939,0,0.73983,-0.9955062,0,0.09469664
saccade,11.1266,0.03895611,0.04106724,-0.05594813,-0.06537035,-0.01972622,-0.007616118,-0.997637,0.04035494,-0.1301313,0.9906752,0.1058556,0.03883028,-0.05277129,-0.02050612,0.04270907,-0.004439814,-0.9988672,-0.08513929,-0.04134503,0.9955109,0.14,1.811587,3.74,0,-0.6727939,0,0.73983,-0.9955062,0,0.09469664
saccade,11.1379,0.03891376,0.04103625,-0.05598169,-0.0654406,-0.01963278,-0.007671677,-0.9976339,0.04017672,-0.1302703,0.9906642,0.1058128,0.03880525,-0.0527923,-0.02074639,0.04189352,-0.004517275,-0.9988965,-0.08350715,-0.0418255,0.995629,0.14,1.811587,3.74,0,-0.6727939,0,0.73983,-0.9955062,0,0.09469664
saccade,11.1490,0.03889051,0.04101801,-0.05601878,-0.06525828,-0.02065021,-0.007760691,-0.9976246,0.04221521,-0.129886,0.9906299,0.1057895,0.03879428,-0.05282407,-0.02098741,0.04194089,-0.004573928,-0.9988892,-0.08359661,-0.04231187,0.995601,0.14,1.811587,3.74,0,-0.6727939,0,0.73983,-0.9955062,0,0.09469664
saccade,11.1600,0.03888765,0.04099631,-0.05604066,-0.06518624,-0.02060483,-0.007759054,-0.9976302,0.04212357,-0.1297438,0.9906524,0.1057864,0.03877258,-0.0528395,-0.02091523,0.04198641,-0.004574758,-0.9988888,-0.08368815,-0.04216813,0.9955994,0.14,1.811587,3.74,0,-0.6727939,0,0.73983,-0.9955062,0,0.09469664
saccade,11.1712,0.03889704,0.04103339,-0.05601923,-0.06527634,-0.02060779,-0.007758957,-0.9976242,0.0421306,-0.1299227,0.9906287,0.1057958,0.03880882,-0.05281897,-0.02191308,0.04117467,-0.004621628,-0.998901,-0.08205629,-0.04415858,0.9956489,0.14,1.811587,3.74,0,-0.6727939,0,0.73983,-0.9955062,0,0.09469664
saccade,11.1820,0.03890418,0.04105318,-0.05603303,-0.06500763,-0.02147851,-0.007714195,-0.9976238,0.04385791,-0.129375,0.9906254,0.1058029,0.0388211,-0.0528375,-0.02190225,0.0411403,-0.00456428,-0.9989029,-0.0819904,-0.044132,0.9956555,0.14,1.811587,3.74,0,-0.6727939,0,0.73983,-0.9955062,0,0.09469664
saccade,11.1937,0.03891804,0.04107237,-0.05604165,-0.06502297,-0.02152212,-0.007665377,-0.9976222,0.04393874,-0.1294068,0.9906176,0.1058168,0.03883398,-0.05285245,-0.02191456,0.0410946,-0.004516545,-0.9989047,-0.08190122,-0.04415233,0.995662,0.14,1.811587,3.74,0,-0.6727939,0,0.73983,-0.9955062,0,0.09469664
saccade,11.2043,0.03894823,0.04104733,-0.05605641,-0.06505953,-0.02153361,-0.00769442,-0.9976194,0.04396588,-0.1294779,0.9906071,0.1058472,0.03881252,-0.05286869,-0.02229298,0.04048807,-0.004571544,-0.9989209,-0.08068493,-0.04490802,0.9957275,0.14,1.811587,3.74,0,-0.6727939,0,0.73983,-0.9955062,0,0.09469664
saccade,11.2153,0.03896353,0.0410409,-0.05602852,-0.06514443,-0.02232782,-0.007714956,-0.9975962,0.04555347,-0.1296311,0.9905154,0.1058629,0.03880632,-0.0528489,-0.0222852,0.0404273,-0.004571913,-0.9989235,-0.08056378,-0.04489209,0.995738,0.14,1.811587,3.74,0,-0.6727939,0,0.73983,-0.9955062,0,0.09469664
saccade,11.2270,0.03899373,0.04104078,-0.05601504,-0.06517553,-0.02233108,-0.007589689,-0.9975951,0.04554408,-0.1296986,0.9905069,0.1058926,0.03878939,-0.05283711,-0.02230844,0.04041855,-0.004445205,-0.9989239,-0.08055177,-0.0449282,0.9957374,0.14,1.811587,3.74,0,-0.6727939,0,0.73983,-0.9955062,0,0.09469664
saccade,11.2380,0.03902826,0.04104495,-0.05600527,-0.06524727,-0.02241817,-0.007490934,-0.9975892,0.04570577,-0.1298441,0.9904804,0.1059273,0.03878045,-0.05284023,-0.02237026,0.03963672,-0.004365231,-0.9989542,-0.07899524,-0.04503977,0.995857,0.14,1.811587,3.74,0,-0.6727939,0,0.73983,-0.9955062,0,0.09469664
saccade,11.2488,0.03907569,0.04103768,-0.05597699,-0.06522167,-0.0230676,-0.007387599,-0.9975768,0.04698706,-0.1297864,0.990428,0.1059751,0.03875828,-0.05283006,-0.02244749,0.03950698,-0.004251378,-0.9989581,-0.07874077,-0.04518412,0.9958706,0.14,1.811587,3.74,0,-0.6727939,0,0.73983,-0.9955062,0,0.09469664
saccade,11.2601,0.03912988,0.04102647,-0.05595546,-0.06540917,-0.02315074,-0.007206274,-0.9975639,0.04713141,-0.130166,0.9903713,0.1060291,0.03872192,-0.05282228,-0.02284221,0.03871717,-0.004089296,-0.9989808,-0.0771686,-0.04595451,0.9959584,0.14,1.811587,3.74,0,-0.6727939,0,0.73983,-0.9955062,0,0.09469664
saccade,11.2712,0.03916744,0.04100668,-0.05595952,-0.0654792,-0.02328089,-0.007273626,-0.9975559,0.04740051,-0.1302996,0.9903409,0.1060678,0.03871155,-0.05284354,-0.02291653,0.03858977,-0.004157727,-0.9989837,-0.07691054,-0.04610738,0.9959713,0.14,1.811587,3.74,0,-0.6727939,0,0.73983,-0.9955062,0,0.09469664
saccade,11.2824,0.03919991,0.04098499,-0.05595785,-0.06531592,-0.02391649,-0.007224279,-0.9975519,0.04865959,-0.1299665,0.9903237,0.1061002,0.03868163,-0.0528466,-0.02296586,0.0385578,-0.004096449,-0.998984,-0.0768491,-0.04620095,0.9959717,0.14,1.811587,3.74,0,-0.6727939,0,0.73983,-0.9955062,0,0.09469664
saccade,11.2932,0.03922354,0.04096901,-0.05593411,-0.06523341,-0.02398572,-0.007252504,-0.9975554,0.04880037,-0.1298,0.9903386,0.1061244,0.03867078,-0.05283138,-0.02288518,0.03849021,-0.004132687,-0.9989884,-0.07671339,-0.0460422,0.9959896,0.14,1.811587,3.74,0,-0.6727939,0,0.73983,-0.9955062,0,0.09469664
saccade,11.3042,0.03924778,0.04097021,-0.05592494,-0.06534983,-0.02400678,-0.007318761,-0.9975468,0.04885233,-0.1300276,0.9903061,0.106149,0.03867996,-0.05282513,-0.02289893,0.03784742,-0.004206698,-0.9990123,-0.07542742,-0.04607105,0.9960864,0.14,1.811587,3.74,0,-0.6727939,0,0.73983,-0.9955062,0,0.09469664
saccade,11.3158,0.03927328,0.0409677,-0.05592883,-0.06534095,-0.02403862,-0.007282857,-0.9975469,0.04891103,-0.1300112,0.9903054,0.1061746,0.03867304,-0.05283353,-0.02288787,0.03781414,-0.004172806,-0.9990139,-0.07536268,-0.04604618,0.9960925,0.14,1.811587,3.74,0,-0.6727939,0,0.73983,-0.9955062,0,0.09469664
saccade,11.3269,0.03930466,0.04097605,-0.0559293,-0.06556672,-0.02431066,-0.007276381,-0.9975255,0.04945518,-0.1304552,0.99022,0.1062061,0.03867888,-0.05283821,-0.02287951,0.03778284,-0.004153899,-0.9990154,-0.07530119,-0.04602786,0.996098,0.14,1.811587,3.74,0,-0.6727939,0,0.73983,-0.9955062,0,0.09469664
saccade,11.3380,0.03932513,0.0409919,-0.05589637,-0.06555849,-0.02437108,-0.007205689,-0.997525,0.04956632,-0.1304413,0.9902163,0.1062267,0.03868592,-0.05281391,-0.02276311,0.03717754,-0.004098565,-0.999041,-0.07409719,-0.04578731,0.9961994,0.14,1.811587,3.74,0,-0.6727939,0,0.73983,-0.9955062,0,0.09469664
saccade,11.3491,0.03935872,0.04100227,-0.05589671,-0.06597513,-0.02476012,-0.007144666,-0.9974884,0.05033861,-0.1312651,0.9900684,0.1062601,0.03868532,-0.05281879,-0.02276328,0.0371456,-0.004015431,-0.9990426,-0.07403727,-0.04578128,0.9962041,0.14,1.811587,3.74,0,-0.6727939,0,0.73983,-0.9955062,0,0.09469664
saccade,11.3600,0.03938184,0.04102576,-0.05590893,-0.06593891,-0.02480656,-0.00699516,-0.9974908,0.05041113,-0.1311999,0.9900734,0.1062829,0.03868973,-0.05283831,-0.02271783,0.03709292,-0.003870609,-0.9990461,-0.07393921,-0.04567947,0.9962161,0.14,1.811587,3.74,0,-0.6727939,0,0.73983,-0.9955062,0,0.09469664
saccade,11.3713,0.03941831,0.04107583,-0.05585846,-0.06591018,-0.02478405,-0.006957352,-0.9974935,0.05036098,-0.1311451,0.9900832,0.106319,0.03873467,-0.05278499,-0.0224413,0.03654481,-0.003841935,-0.9990727,-0.07284942,-0.04512178,0.9963217,0.14,1.811587,3.74,0,-0.6727939,0,0.73983,-0.9955062,0,0.09469664
saccade,11.3822,0.03943925,0.0411067,-0.0558496,-0.06612666,-0.02527284,-0.006919331,-0.9974672,0.05133276,-0.1315686,0.9899771,0.1063398,0.0387584,-0.05277884,-0.02236883,0.03652308,-0.003786937,-0.9990753,-0.07280919,-0.04497291,0.9963314,0.14,1.811587,3.74,0,-0.6727939,0,0.73983,-0.9955062,0,0.09469664
saccade,11.3934,0.03946413,0.0411216,-0.05585328,-0.06605526,-0.02521704,-0.006863096,-0.9974737,0.05121335,-0.1314306,0.9900016,0.1063641,0.03876603,-0.05277514,-0.02229389,0.03657665,-0.003732798,-0.9990752,-0.07291922,-0.04481961,0.9963303,0.14,1.811587,3.74,0,-0.6727939,0,0.73983,-0.9955062,0,0.09469664
saccade,11.4043,0.0394748,0.04113662,-0.05585257,-0.06604528,-0.02526201,-0.006790114,-0.9974737,0.05129329,-0.1314138,0.9899997,0.1063748,0.03877175,-0.05278102,-0.02239398,0.03632271,-0.00367208,-0.9990824,-0.0724143,-0.04501363,0.9963583,0.14,1.811587,3.74,0,-0.6727939,0,0.73983,-0.9955062,0,0.09469664
saccade,11.4161,0.0395017,0.04116464,-0.05583069,-0.0661664,-0.02558065,-0.006780745,-0.9974576,0.05192855,-0.1316494,0.9899353,0.1064017,0.03879702,-0.05276286,-0.02241213,0.03629609,-0.003651301,-0.9990831,-0.07236196,-0.04504821,0.9963606,0.14,1.811587,3.74,0,-0.6727939,0,0.73983,-0.9955062,0,0.09469664
saccade,11.4266,0.03951996,0.04117572,-0.05582435,-0.06614895,-0.02561268,-0.006721389,-0.9974583,0.05198439,-0.1316173,0.9899366,0.10642,0.03880072,-0.0527612,-0.02239102,0.03626158,-0.003594604,-0.999085,-0.07229583,-0.04500177,0.9963675,0.14,1.811587,3.74,0,-0.6727939,0,0.73983,-0.9955062,0,0.09469664
saccade,11.4381,0.03953407,0.04118204,-0.05582759,-0.06617919,-0.02563939,-0.006697452,-0.9974558,0.05203478,-0.1316782,0.9899259,0.1064341,0.03880382,-0.0527684,-0.02259255,0.03582043,-0.003587196,-0.9990964,-0.07141403,-0.04540126,0.9964129,0.14,1.811587,3.74,0,-0.6727939,0,0.73983,-0.9955062,0,0.09469664
saccade,11.4490,0.03953845,0.04119194,-0.0558212,-0.06681855,-0.02578635,-0.006751531,-0.997409,0.05234133,-0.1329427,0.9897407,0.106439,0.03881848,-0.05276951,-0.02257385,0.03576282,-0.003621673,-0.9990988,-0.07129767,-0.04536605,0.9964229,0.14,1.811587,3.74,0,-0.6727939,0,0.73983,-0.9955062,0,0.09469664
saccade,11.4601,0.03954124,0.04119813,-0.05579875,-0.06684457,-0.02577342,-0.006750885,-0.9974077,0.05231574,-0.1329946,0.9897351,0.1064417,0.0388242,-0.0527455,-0.02259981,0.03577558,-0.003618858,-0.9990978,-0.07132304,-0.04541778,0.9964187,0.14,1.811587,3.74,0,-0.6727939,0,0.73983,-0.9955062,0,0.09469664
saccade,11.4711,0.03955274,0.04121828,-0.05579484,-0.06689709,-0.02581928,-0.006774497,-0.9974028,0.05241082,-0.1330969,0.9897163,0.1064536,0.03884745,-0.05274781,-0.02260609,0.03557561,-0.003644075,-0.9991047,-0.07092276,-0.04543098,0.9964467,0.14,1.811587,3.74,0,-0.6727939,0,0.73983,-0.9955062,0,0.09469664
saccade,11.4821,0.03956043,0.04121757,-0.0557882,-0.06757265,-0.02625494,-0.006773824,-0.9973459,0.05328596,-0.1344309,0.9894893,0.1064612,0.0388422,-0.05274242,-0.02262247,0.03556772,-0.003609836,-0.9991047,-0.07090843,-0.04546122,0.9964463,0.14,1.811587,3.74,0,-0.6727939,0,0.73983,-0.9955062,0,0.09469664
saccade,11.4934,0.03960159,0.04122901,-0.05576165,-0.06762645,-0.02631,-0.006754279,-0.9973409,0.05339362,-0.1345378,0.9894689,0.1065026,0.0388509,-0.05272371,-0.02267513,0.03551162,-0.003589528,-0.9991056,-0.07079692,-0.04556463,0.9964495,0.14,1.811587,3.74,0,-0.6727939,0,0.73983,-0.9955062,0,0.09469664
saccade,11.5046,0.03961393,0.04121506,-0.05575584,-0.06769813,-0.02630828,-0.006753906,-0.9973361,0.05339085,-0.1346802,0.9894497,0.1065149,0.03883624,-0.0527181,-0.02291892,0.03498879,-0.003604988,-0.9991184,-0.06975065,-0.0460497,0.996501,0.14,1.811587,3.74,0,-0.6727939,0,0.73983,-0.9955062,0,0.09469664
saccade,11.5157,0.03961885,0.04119122,-0.05575468,-0.06776723,-0.02637067,-0.006721263,-0.9973299,0.05351148,-0.1348181,0.9894244,0.1065201,0.03880799,-0.05272596,-0.0229861,0.03492473,-0.003571033,-0.9991192,-0.06962377,-0.04618114,0.9965038,0.14,1.811587,3.74,0,-0.6727939,0,0.73983,-0.9955062,0,0.09469664
saccade,11.5265,0.04042531,0.04036152,-0.05633128,-0.06817403,-0.02222387,-0.00668515,-0.9974036,0.04524384,-0.1356969,0.9897168,0.1065145,0.03880632,-0.05272669,-0.02300105,0.03488747,-0.003641432,-0.9991199,-0.06954603,-0.04621569,0.9965076,0.14,1.811587,3.74,0,-0.6727939,0,0.73983,-0.9955062,0,0.09469664
saccade,11.5381,0.04044928,0.04039538,-0.05631014,-0.0681663,-0.02218859,-0.006615504,-0.9974053,0.04516393,-0.1356853,0.9897221,0.106538,0.03883076,-0.05270149,-0.0210026,0.04122771,-0.003328537,-0.9989235,-0.08222684,-0.04223443,0.9957184,0.14,1.811587,3.74,0,-0.6727939,0,0.73983,-0.9955062,0,0.09469664
saccade,11.5492,0.04044767,0.04041004,-0.05630665,-0.06811152,-0.02217884,-0.006629395,-0.9974091,0.04514583,-0.1355761,0.9897379,0.1065364,0.03884768,-0.05269635,-0.02094868,0.04123832,-0.003345383,-0.9989241,-0.08224775,-0.0421282,0.9957211,0.14,1.811587,3.74,0,-0.6727939,0,0.73983,-0.9955062,0,0.09469664
saccade,11.5607,0.04043968,0.04042184,-0.05630775,-0.07580107,0.01574363,-0.005874394,-0.9969814,-0.03050164,-0.1513295,0.9880127,0.1065278,0.03886747,-0.05268302,-0.02095577,0.04134625,-0.003408657,-0.9989193,-0.08246028,-0.04214811,0.9957027,0.14,1.811587,3.74,0,-0.6727939,0,0.73983,-0.9955062,0,0.09469664
saccade,11.5713,0.04043816,0.0404253,-0.05632596,-0.07585917,0.01575316,-0.005850567,-0.996977,-0.03052343,-0.151444,0.9879944,0.1065261,0.03886747,-0.05270043,-0.01809391,0.07503464,-0.002329737,-0.997014,-0.1495369,-0.03642939,0.9880849,0.14,1.811587,3.74,0,-0.6727939,0,0.73983,-0.9955062,0,0.09469664
saccade,11.5824,0.04043875,0.04041803,-0.05634605,-0.07585096,0.01581998,-0.005852111,-0.9969766,-0.03065652,-0.1514284,0.9879927,0.1065262,0.03885972,-0.05271167,-0.01808572,0.07510128,-0.002327884,-0.9970092,-0.1496691,-0.03641291,0.9880654,0.14,1.811587,3.74,0,-0.6727939,0,0.73983,-0.9955062,0,0.09469664
saccade,11.5945,0.04042495,0.04042697,-0.05637028,-0.07761921,0.04912706,-0.004995865,-0.9957594,-0.09706192,-0.155071,0.9831236,0.1065125,0.03887308,-0.05273558,-0.01806218,0.07510244,-0.002361345,-0.9970095,-0.1496704,-0.03637102,0.9880667,0.14,1.811587,3.74,0,-0.6727939,0,0.73983,-0.9955062,0,0.09469664
saccade,11.6047,0.04041042,0.04044056,-0.05638761,-0.07761364,0.04912547,-0.005035152,-0.9957598,-0.09705274,-0.1550638,0.9831256,0.1064981,0.03889191,-0.05275269,-0.01522276,0.1055574,-0.001439256,-0.9942957,-0.2098668,-0.03057569,0.9772518,0.14,1.811587,3.74,0,-0.6727939,0,0.73983,-0.9955062,0,0.09469664
saccade,11.6159,0.04042269,0.04044473,-0.05639408,-0.07763979,0.0491372,-0.004994568,-0.9957573,-0.0970819,-0.1551116,0.9831152,0.1065102,0.0388906,-0.05275812,-0.01524663,0.1055666,-0.001396603,-0.9942944,-0.2098859,-0.03061415,0.9772465,0.14,1.811587,3.74,0,-0.6727939,0,0.73983,-0.9955062,0,0.09469664
saccade,11.6270,0.04041692,0.04045773,-0.0564112,-0.07936985,0.06435743,-0.004623823,-0.9947549,-0.1273057,-0.1585022,0.9791171,0.1065042,0.03890395,-0.05277053,-0.01520508,0.105601,-0.001401864,-0.9942914,-0.2099538,-0.03053264,0.9772345,0.14,1.811587,3.74,0,-0.6727939,0,0.73983,-0.9955062,0,0.09469664
saccade,11.6378,0.04039788,0.04048252,-0.05643493,-0.07936306,0.06440113,-0.004622855,-0.9947526,-0.1273926,-0.1584887,0.979108,0.1064848,0.03892815,-0.05278847,-0.01314775,0.113772,-0.001099811,-0.9934193,-0.2260176,-0.02637272,0.9737661,0.14,1.811587,3.74,0,-0.6727939,0,0.73983,-0.9955062,0,0.09469664
saccade,11.6489,0.04039796,0.04051578,-0.05644728,-0.07926622,0.06440362,-0.004614977,-0.9947602,-0.1274007,-0.1582962,0.9791381,0.1064848,0.0389601,-0.05280029,-0.01305034,0.1137738,-0.001096593,-0.9934204,-0.2260219,-0.02617848,0.9737704,0.14,1.811587,3.74,0,-0.6727939,0,0.73983,-0.9955062,0,0.09469664
saccade,11.6600,0.04040539,0.04056787,-0.0564551,-0.07913405,0.07293837,-0.004371595,-0.9941825,-0.1443362,-0.1579851,0.9768356,0.106492,0.03901243,-0.05280437,-0.01308457,0.1138027,-0.001096683,-0.9934167,-0.2260783,-0.02624647,0.9737555,0.14,1.811587,3.74,0,-0.6727939,0,0.73983,-0.9955062,0,0.09469664
saccade,11.6715,0.0403905,0.04059851,-0.05648012,-0.079104,0.07300109,-0.00439271,-0.9941801,-0.1444575,-0.1579286,0.9768268,0.1064767,0.0390451,-0.0528208,-0.01284107,0.1199177,-0.0009349219,-0.9927004,-0.2380608,-0.0257189,0.9709097,0.14,1.811587,3.74,0,-0.6727939,0,0.73983,-0.9955062,0,0.09469664
saccade,11.6825,0.04037511,0.04061389,-0.05651087,-0.07913163,0.07754485,-0.004240678,-0.9938345,-0.1534624,-0.1579452,0.97545,0.1064618,0.03905797,-0.05286072,-0.01278512,0.1198478,-0.0009183569,-0.9927096,-0.2379246,-0.02560394,0.9709461,0.14,1.811587,3.74,0,-0.6727939,0,0.73983,-0.9955062,0,0.09469664
saccade,11.6933,0.04037499,0.04063189,-0.05650502,-0.07919329,0.07758208,-0.004300923,-0.9938264,-0.153525,-0.1580761,0.9754189,0.1064615,0.03908372,-0.05284949,-0.01284946,0.1198888,-0.0009733101,-0.9927037,-0.2380032,-0.02574479,0.9709231,0.14,1.811587,3.74,0,-0.6727939,0,0.73983,-0.9955062,0,0.09469664
saccade,11.7044,0.04036027,0.04065669,-0.05652419,-0.0791227,0.07758073,-0.004299613,-0.9938322,-0.1535241,-0.1579365,0.9754416,0.1064468,0.03910816,-0.05286865,-0.01306044,0.1218662,-0.0009276574,-0.9924602,-0.2418704,-0.02615004,0.9699561,0.14,1.811587,3.74,0,-0.6727939,0,0.73983,-0.9955062,0,0.09469664
saccade,11.7156,0.04034221,0.04069436,-0.05654812,-0.08031881,0.08113556,-0.004348693,-0.9934521,-0.16051,-0.1602915,0.9739318,0.1064287,0.03915954,-0.05288516,-0.01301542,0.1219191,-0.001035228,-0.9924542,-0.2419713,-0.02608684,0.9699327,0.14,1.811587,3.74,0,-0.6727939,0,0.73983,-0.9955062,0,0.09469664
saccade,11.7268,0.0403286,0.04071963,-0.05657143,-0.08011981,0.0810857,-0.004364486,-0.9934722,-0.1604134,-0.1599014,0.9740118,0.1064154,0.03918672,-0.05291434,-0.0128166,0.1218702,-0.001062507,-0.9924628,-0.241876,-0.02569898,0.9699668,0.14,1.811587,3.74,0,-0.6727939,0,0.73983,-0.9955062,0,0.09469664
saccade,11.7382,0.04033718,0.04074788,-0.05654912,-0.08010419,0.08112668,-0.004382177,-0.99347,-0.1604918,-0.1598732,0.9740036,0.1064237,0.03921688,-0.05288637,-0.01160695,0.1243967,-0.0009693033,-0.9921643,-0.2468214,-0.02327316,0.9687815,0.14,1.811587,3.74,0,-0.6727939,0,0.73983,-0.9955062,0,0.09469664
saccade,11.7495,0.04032881,0.04077196,-0.05657106,-0.08103225,0.0841686,-0.004424336,-0.9931414,-0.1664656,-0.1616977,0.9726989,0.1064163,0.03925478,-0.05291896,-0.01156576,0.1243143,-0.001076318,-0.992175,-0.2466581,-0.02321812,0.9688244,0.14,1.811587,3.74,0,-0.6727939,0,0.73983,-0.9955062,0,0.09469664
saccade,11.7600,0.04032046,0.04078782,-0.05658,-0.08098543,0.08416323,-0.004415062,-0.9931457,-0.1664576,-0.1616038,0.9727158,0.1064079,0.03926921,-0.0529286,-0.01151844,0.1243082,-0.00106934,-0.9921762,-0.2466466,-0.02312251,0.9688296,0.14,1.811587,3.74,0,-0.6727939,0,0.73983,-0.9955062,0,0.09469664
saccade,11.7712,0.04032632,0.04080462,-0.05658171,-0.08091899,0.08413517,-0.004447041,-0.9931534,-0.1663986,-0.1614783,0.9727468,0.106414,0.03929043,-0.05293348,-0.01112851,0.1265297,-0.001032188,-0.9918998,-0.2509867,-0.02233794,0.9677328,0.14,1.811587,3.74,0,-0.6727939,0,0.73983,-0.9955062,0,0.09469664
saccade,11.7826,0.04036844,0.0407896,-0.05655997,-0.08088794,0.08411612,-0.004374788,-0.9931579,-0.1663734,-0.161405,0.9727632,0.1064561,0.03926587,-0.05291497,-0.01109432,0.1265057,-0.0009628383,-0.9919034,-0.2509415,-0.0222526,0.9677464,0.14,1.811587,3.74,0,-0.6727939,0,0.73983,-0.9955062,0,0.09469664
saccade,11.7935,0.04037657,0.04079437,-0.05654855,-0.08124503,0.08554652,-0.004268056,-0.993007,-0.1692031,-0.162084,0.9721621,0.1064644,0.03926086,-0.05290993,-0.01107991,0.1264586,-0.000889265,-0.9919096,-0.2508512,-0.02220546,0.9677709,0.14,1.811587,3.74,0,-0.6727939,0,0.73983,-0.9955062,0,0.09469664
saccade,11.8050,0.04037976,0.04078984,-0.05654355,-0.08130509,0.08541812,-0.004247082,-0.9930133,-0.168952,-0.1621996,0.9721864,0.1064685,0.03925526,-0.05292229,-0.01113927,0.1263297,-0.0008749471,-0.9919254,-0.2505998,-0.02231971,0.9678335,0.14,1.811587,3.74,0,-0.6727939,0,0.73983,-0.9955062,0,0.09469664
saccade,11.8159,0.04039693,0.04072046,-0.05652323,-0.08134582,0.08549009,-0.004201896,-0.9930039,-0.1691004,-0.1622719,0.9721486,0.106485,0.03917921,-0.05289306,-0.01084776,0.1283091,-0.0007587125,-0.9916746,-0.2544653,-0.02170959,0.9668382,0.14,1.811587,3.74,0,-0.6727939,0,0.73983,-0.9955062,0,0.09469664
saccade,11.8298,0.04040441,0.0406394,-0.0565093,-0.08197331,0.08668332,-0.00423131,-0.9928487,-0.1714331,-0.1635078,0.9715328,0.1064931,0.03910601,-0.05288681,-0.01099763,0.1282542,-0.0008059496,-0.99168,-0.2543565,-0.022019,0.9668598,0.14,1.811587,3.74,0,-0.6727939,0,0.73983,-0.9955062,0,0.09469664
saccade,11.8471,0.04042454,0.04056931,-0.05648804,-0.08214398,0.08672585,-0.004238767,-0.9928309,-0.1715118,-0.1638454,0.971462,0.106513,0.03903711,-0.0528603,-0.01083267,0.1298257,-0.000748859,-0.9914774,-0.2574222,-0.02167513,0.9660559,0.14,1.811587,3.74,0,-0.6727939,0,0.73983,-0.9955062,0,0.09469664
saccade,11.8530,0.04049143,0.04052758,-0.05638025,-0.08279479,0.08770779,-0.004034585,-0.9926914,-0.1734655,-0.1650871,0.9709047,0.1065804,0.03897405,-0.05277106,-0.01114858,0.1296962,-0.0005610187,-0.991491,-0.2571726,-0.02225296,0.9661092,0.14,1.811587,3.74,0,-0.6727939,0,0.73983,-0.9955062,0,0.09469664
saccade,11.8608,0.04049143,0.04052758,-0.05638025,-0.08279479,0.08770779,-0.004034585,-0.9926914,-0.1734655,-0.1650871,0.9709047,0.1065804,0.03897405,-0.05277106,-0.01114858,0.1296962,-0.0005610187,-0.991491,-0.2571726,-0.02225296,0.9661092,0.14,1.811587,3.74,0,-0.6727939,0,0.73983,-0.9955062,0,0.09469664
saccade,11.8714,0.04051838,0.04055381,-0.05632604,-0.08286972,0.08762157,-0.003838769,-0.9926935,-0.1733265,-0.1652012,0.9709101,0.1066075,0.0389756,-0.05273066,-0.01068736,0.1313187,-0.0003024051,-0.9912826,-0.2603415,-0.02126782,0.9652823,0.14,1.811587,3.74,0,-0.6727939,0,0.73983,-0.9955062,0,0.09469664
saccade,11.8827,0.04053744,0.04058182,-0.05629564,-0.08305374,0.0875684,-0.003703458,-0.9926834,-0.1732402,-0.1655407,0.9708677,0.1066267,0.03898728,-0.05270931,-0.01086591,0.1312568,-0.0001633328,-0.9912888,-0.2602232,-0.02158538,0.9653072,0.14,1.811587,3.74,0,-0.6727939,0,0.73983,-0.9955062,0,0.09469664
saccade,11.8933,0.04059519,0.04058111,-0.05625965,-0.08305683,0.08817369,-0.003627188,-0.9926298,-0.1744451,-0.165529,0.970654,0.1066844,0.03897905,-0.05267671,-0.0108671,0.1312321,-0.0001067387,-0.9912921,-0.2601765,-0.02157295,0.9653201,0.14,1.811587,3.74,0,-0.6727939,0,0.73983,-0.9955062,0,0.09469664
saccade,11.9047,0.04062153,0.04059219,-0.05624957,-0.0831933,0.08817474,-0.003674611,-0.9926181,-0.1744363,-0.1658064,0.9706082,0.1067109,0.03899693,-0.05266632,-0.01100596,0.131237,-0.0001479883,-0.9912899,-0.2601845,-0.02185904,0.9653115,0.14,1.811587,3.74,0,-0.6727939,0,0.73983,-0.9955062,0,0.09469664
saccade,11.9157,0.04063237,0.0406127,-0.05624887,-0.08322445,0.08826409,-0.003710265,-0.9926074,-0.1746056,-0.1658734,0.9705663,0.1067212,0.03902137,-0.0526535,-0.0106243,0.1321326,-0.0001390022,-0.9911751,-0.2619302,-0.02109783,0.9648562,0.14,1.811587,3.74,0,-0.6727939,0,0.73983,-0.9955062,0,0.09469664
saccade,11.9267,0.04063348,0.04063547,-0.05625311,-0.08294825,0.08937791,-0.00368154,-0.992531,-0.1768099,-0.1653155,0.9702623,0.1067224,0.03904581,-0.05265779,-0.01061205,0.1321317,-0.0001516659,-0.9911754,-0.2619282,-0.02107689,0.9648572,0.14,1.811587,3.74,0,-0.6727939,0,0.73983,-0.9955062,0,0.09469664
saccade,11.9382,0.04068397,0.0406456,-0.05624586,-0.08273107,0.08942482,-0.003732749,-0.9925447,-0.1768986,-0.1648962,0.9703175,0.1067726,0.03906107,-0.05264318,-0.01032644,0.1328264,-0.0001876838,-0.9910856,-0.2632808,-0.02051863,0.964501,0.14,1.811587,3.74,0,-0.6727939,0,0.73983,-0.9955062,0,0.09469664
saccade,11.9493,0.04068485,0.0406934,-0.05624583,-0.08270046,0.08947226,-0.00368721,-0.992543,-0.1770003,-0.1648273,0.9703107,0.106773,0.03910232,-0.05263731,-0.01029377,0.1328701,-0.0001401927,-0.99108,-0.263367,-0.02044116,0.9644791,0.14,1.811587,3.74,0,-0.6727939,0,0.73983,-0.9955062,0,0.09469664
saccade,11.9602,0.04068469,0.04073858,-0.05624837,-0.08319866,0.09009873,-0.003669895,-0.9924448,-0.1782254,-0.1658015,0.9699204,0.106773,0.03914452,-0.05264398,-0.0101447,0.1328359,-0.0001303805,-0.9910861,-0.2633011,-0.02014317,0.9645034,0.14,1.811587,3.74,0,-0.6727939,0,0.73983,-0.9955062,0,0.09469664
saccade,11.9713,0.04068091,0.04077101,-0.05624817,-0.08306251,0.09005567,-0.00358278,-0.9924605,-0.1781582,-0.1655178,0.9699812,0.1067692,0.03916526,-0.05265009,-0.01001106,0.1335888,-2.977858E-05,-0.9909863,-0.2647688,-0.0198496,0.9641076,0.14,1.811587,3.74,0,-0.6727939,0,0.73983,-0.9955062,0,0.09469664
saccade,11.9825,0.04068702,0.0407536,-0.05625866,-0.08297414,0.09010404,-0.003574586,-0.9924635,-0.1782568,-0.1653418,0.9699931,0.1067749,0.03914595,-0.05265404,-0.00992211,0.1336359,-2.194382E-05,-0.9909808,-0.2648608,-0.0196711,0.964086,0.14,1.811587,3.74,0,-0.6727939,0,0.73983,-0.9955062,0,0.09469664
saccade,11.9936,0.0406742,0.04074955,-0.0562753,-0.08349586,0.09037067,-0.003599046,-0.9923955,-0.1787659,-0.1663723,0.9697232,0.1067622,0.03914332,-0.05267201,-0.009829422,0.1336237,-3.998587E-05,-0.9909834,-0.264837,-0.01949227,0.9640962,0.14,1.811587,3.74,0,-0.6727939,0,0.73983,-0.9955062,0,0.09469664
saccade,12.0045,0.04065974,0.04073441,-0.05630051,-0.0834867,0.09044487,-0.00374,-0.9923889,-0.1788885,-0.1663791,0.9696994,0.1067476,0.03914595,-0.05268577,-0.009826347,0.1337077,-0.000175324,-0.9909721,-0.2649977,-0.01952216,0.9640514,0.14,1.811587,3.74,0,-0.6727939,0,0.73983,-0.9955062,0,0.09469664
saccade,12.0157,0.04065456,0.04069602,-0.05633877,-0.08354907,0.09053113,-0.003869511,-0.9923753,-0.1790351,-0.1665247,0.9696473,0.1067421,0.03912389,-0.05271132,-0.01015312,0.1345736,-0.0002814448,-0.9908516,-0.2666791,-0.02019622,0.9635738,0.14,1.811587,3.74,0,-0.6727939,0,0.73983,-0.9955062,0,0.09469664
saccade,12.0268,0.04064023,0.04068565,-0.05636053,-0.08421706,0.09117105,-0.003919618,-0.99226,-0.1802706,-0.1678451,0.9691907,0.1067282,0.03911972,-0.05273737,-0.01008501,0.1345392,-0.0003332068,-0.9908569,-0.2666115,-0.02007526,0.963595,0.14,1.811587,3.74,0,-0.6727939,0,0.73983,-0.9955062,0,0.09469664
saccade,12.0380,0.04063232,0.04069412,-0.0563647,-0.08423488,0.09122778,-0.003958356,-0.9922532,-0.1803753,-0.1678869,0.969164,0.1067199,0.03913271,-0.05273364,-0.01006259,0.1347703,-0.0003605399,-0.9908257,-0.2670605,-0.02003772,0.9634714,0.14,1.811587,3.74,0,-0.6727939,0,0.73983,-0.9955062,0,0.09469664
saccade,12.0492,0.04062487,0.04071188,-0.05636814,-0.08483811,0.09174255,-0.00399862,-0.9921541,-0.181367,-0.1690786,0.9687716,0.1067136,0.03915823,-0.0527553,-0.01015733,0.1346352,-0.0004095661,-0.9908431,-0.2667963,-0.02023892,0.9635404,0.14,1.811587,3.74,0,-0.6727939,0,0.73983,-0.9955062,0,0.09469664
saccade,12.0600,0.04064814,0.04069626,-0.05636823,-0.0847719,0.09175791,-0.00403186,-0.9921582,-0.1813931,-0.1689542,0.9687884,0.1067369,0.0391463,-0.0527528,-0.01009237,0.1346526,-0.0004443936,-0.9908414,-0.2668299,-0.02011956,0.9635336,0.14,1.811587,3.74,0,-0.6727939,0,0.73983,-0.9955062,0,0.09469664
saccade,12.0713,0.04064826,0.04070699,-0.05637337,-0.08481003,0.09173989,-0.003991175,-0.9921569,-0.1813637,-0.169022,0.9687821,0.106737,0.03915226,-0.05276089,-0.009900494,0.1349702,-0.0003866144,-0.9908001,-0.2674494,-0.01972318,0.96337,0.14,1.811587,3.74,0,-0.6727939,0,0.73983,-0.9955062,0,0.09469664
saccade,12.0821,0.04064244,0.04073477,-0.0563806,-0.084945,0.09176666,-0.003903569,-0.9921432,-0.1814281,-0.1692716,0.9687265,0.1067308,0.03916883,-0.05276595,-0.01003202,0.1349907,-0.0002914348,-0.9907961,-0.2674907,-0.01995805,0.9633538,0.14,1.811587,3.74,0,-0.6727939,0,0.73983,-0.9955062,0,0.09469664
saccade,12.0936,0.04064841,0.0406884,-0.05639105,-0.08493924,0.09223939,-0.00405553,-0.9920992,-0.1823323,-0.1692845,0.9685544,0.1067369,0.03914332,-0.05276909,-0.01000991,0.1350429,-0.0004526193,-0.9907891,-0.2675891,-0.01995766,0.9633264,0.14,1.811587,3.74,0,-0.6727939,0,0.73983,-0.9955062,0,0.09469664
saccade,12.1050,0.0406511,0.04066348,-0.05639394,-0.08501973,0.09229531,-0.004101152,-0.9920869,-0.1824326,-0.169451,0.9685065,0.1067393,0.03912413,-0.05276426,-0.01014063,0.1352734,-0.0004869711,-0.9907563,-0.2680361,-0.02022554,0.9631965,0.14,1.811587,3.74,0,-0.6727939,0,0.73983,-0.9955062,0,0.09469664
saccade,12.1157,0.04064522,0.04066384,-0.05640358,-0.08493503,0.09240422,-0.004047744,-0.9920843,-0.182658,-0.1692735,0.968495,0.1067328,0.03911746,-0.05276547,-0.0101586,0.1353377,-0.0004322043,-0.9907474,-0.2681622,-0.02024621,0.963161,0.14,1.811587,3.74,0,-0.6727939,0,0.73983,-0.9955062,0,0.09469664
saccade,12.1267,0.04065194,0.0406723,-0.05640013,-0.08493222,0.09239181,-0.00392862,-0.9920861,-0.1826539,-0.1692461,0.9685006,0.1067393,0.0391103,-0.05276503,-0.01015066,0.1353165,-0.0003145812,-0.9907504,-0.2681234,-0.02019868,0.9631728,0.14,1.811587,3.74,0,-0.6727939,0,0.73983,-0.9955062,0,0.09469664
saccade,12.1380,0.04065861,0.04064322,-0.05636292,-0.08493241,0.09241358,-0.00380254,-0.9920846,-0.1827183,-0.1692231,0.9684924,0.1067455,0.03906441,-0.0527264,-0.009545841,0.1356714,-0.0001582734,-0.9907079,-0.2688184,-0.01895723,0.9630043,0.14,1.811587,3.74,0,-0.6727939,0,0.73983,-0.9955062,0,0.09469664
saccade,12.1492,0.0406745,0.04062712,-0.0563488,-0.08496233,0.09235889,-0.00371448,-0.9920875,-0.182625,-0.1692663,0.9685025,0.1067616,0.03903747,-0.05272061,-0.009572019,0.1356106,-7.339172E-05,-0.990716,-0.2687017,-0.01898621,0.9630363,0.14,1.811587,3.74,0,-0.6727939,0,0.73983,-0.9955062,0,0.09469664
saccade,12.1604,0.04069298,0.04061556,-0.05633571,-0.08477256,0.09249988,-0.003576417,-0.9920911,-0.1829303,-0.1688658,0.9685147,0.1067798,0.03900945,-0.05271029,-0.009599474,0.135592,5.356572E-05,-0.9907183,-0.2686681,-0.01900622,0.9630453,0.14,1.811587,3.74,0,-0.6727939,0,0.73983,-0.9955062,0,0.09469664
saccade,12.1712,0.04071413,0.04060566,-0.05632691,-0.08478799,0.09243017,-0.003546553,-0.9920964,-0.1827979,-0.1688913,0.9685353,0.1068014,0.03899646,-0.0527111,-0.009613657,0.1355207,7.871818E-05,-0.9907279,-0.2685298,-0.0190277,0.9630834,0.14,1.811587,3.74,0,-0.6727939,0,0.73983,-0.9955062,0,0.09469664
saccade,12.1823,0.04074446,0.04057491,-0.05631704,-0.08476407,0.09235942,-0.003585283,-0.9921048,-0.1826527,-0.168852,0.9685696,0.1068324,0.03897142,-0.05271007,-0.009292974,0.1360767,6.122491E-05,-0.9906547,-0.2696111,-0.01839559,0.9627936,0.14,1.811587,3.74,0,-0.6727939,0,0.73983,-0.9955062,0,0.09469664
saccade,12.1939,0.04075826,0.04054642,-0.05631859,-0.08469609,0.09233306,-0.003674216,-0.9921128,-0.1825872,-0.1687347,0.9686024,0.1068467,0.03895569,-0.0527161,-0.009317072,0.1360424,-3.283285E-05,-0.9906592,-0.2695427,-0.01846902,0.9628113,0.14,1.811587,3.74,0,-0.6727939,0,0.73983,-0.9955062,0,0.09469664
saccade,12.2047,0.04076752,0.04052973,-0.05633235,-0.0847759,0.09230299,-0.003757027,-0.9921084,-0.1825121,-0.1689073,0.9685864,0.1068564,0.03895068,-0.0527331,-0.00940071,0.136019,-0.0001140847,-0.9906616,-0.2694955,-0.01865688,0.9628209,0.14,1.811587,3.74,0,-0.6727939,0,0.73983,-0.9955062,0,0.09469664
saccade,12.2157,0.04081858,0.0404985,-0.05636309,-0.08481389,0.0922304,-0.003856014,-0.9921116,-0.1823516,-0.169001,0.9686003,0.1069083,0.03893352,-0.0527724,-0.009287152,0.1365621,-0.0001939398,-0.990588,-0.27055,-0.01845245,0.9625291,0.14,1.811587,3.74,0,-0.6727939,0,0.73983,-0.9955062,0,0.09469664
saccade,12.2269,0.04083866,0.04050326,-0.05636841,-0.08473173,0.0922337,-0.003744749,-0.9921187,-0.1823789,-0.1688187,0.968627,0.1069284,0.03892386,-0.05278426,-0.00920054,0.1365124,-9.12086E-05,-0.9905956,-0.2704556,-0.01825293,0.9625594,0.14,1.811587,3.74,0,-0.6727939,0,0.73983,-0.9955062,0,0.09469664
saccade,12.2380,0.04085045,0.04052317,-0.05637118,-0.08475009,0.09219161,-0.003746975,-0.992121,-0.1822954,-0.1688556,0.9686363,0.1069405,0.0389446,-0.05279261,-0.009219058,0.1364709,-9.580166E-05,-0.9906012,-0.2703748,-0.01829097,0.9625814,0.14,1.811587,3.74,0,-0.6727939,0,0.73983,-0.9955062,0,0.09469664
saccade,12.2493,0.04086069,0.04055083,-0.05637277,-0.08462753,0.09211538,-0.003627732,-0.992139,-0.1821685,-0.1685929,0.9687059,0.106951,0.03895676,-0.05280533,-0.008922203,0.1366688,2.517598E-05,-0.9905766,-0.2707624,-0.01766937,0.9624841,0.14,1.811587,3.74,0,-0.6727939,0,0.73983,-0.9955062,0,0.09469664
saccade,12.2600,0.04087405,0.04054999,-0.05634905,-0.08462343,0.09262814,-0.003558673,-0.9920919,-0.183189,-0.1685677,0.9685178,0.1069641,0.0389477,-0.05278103,-0.008809354,0.1366713,7.848395E-05,-0.9905773,-0.2707684,-0.01743124,0.9624867,0.14,1.811587,3.74,0,-0.6727939,0,0.73983,-0.9955062,0,0.09469664
saccade,12.2715,0.04087877,0.04057121,-0.0563523,-0.08451843,0.0926473,-0.003530475,-0.9920991,-0.1832338,-0.1683555,0.9685462,0.1069686,0.03896439,-0.05278179,-0.008702838,0.1366879,0.0001033635,-0.990576,-0.2708012,-0.01721339,0.9624814,0.14,1.811587,3.74,0,-0.6727939,0,0.73983,-0.9955062,0,0.09469664
saccade,12.2823,0.04087448,0.04058909,-0.05636058,-0.0844589,0.0927341,-0.003509698,-0.9920962,-0.1834094,-0.1682336,0.9685342,0.1069636,0.03897834,-0.05277867,-0.008810835,0.1370733,0.0001313053,-0.9905217,-0.2715505,-0.01741865,0.9622666,0.14,1.811587,3.74,0,-0.6727939,0,0.73983,-0.9955062,0,0.09469664
saccade,12.2935,0.04089369,0.04058623,-0.05636938,-0.08322266,0.0899058,-0.003584881,-0.9924607,-0.1778592,-0.165835,0.9699818,0.1069829,0.03898025,-0.05278841,-0.008830452,0.1370663,9.714207E-05,-0.9905225,-0.2715364,-0.01746689,0.9622697,0.14,1.811587,3.74,0,-0.6727939,0,0.73983,-0.9955062,0,0.09469664
saccade,12.3046,0.04090223,0.04058409,-0.056377,-0.08313139,0.0899677,-0.00356637,-0.9924628,-0.1779862,-0.1656513,0.96999,0.1069909,0.03897452,-0.05278781,-0.008738086,0.1371261,0.0001158668,-0.9905151,-0.271653,-0.01727863,0.9622402,0.14,1.811587,3.74,0,-0.6727939,0,0.73983,-0.9955062,0,0.09469664
saccade,12.3157,0.04089881,0.04059923,-0.05638282,-0.0831086,0.08992246,-0.003567263,-0.9924688,-0.1778975,-0.1656069,0.9700138,0.1069879,0.03899002,-0.05279953,-0.009194239,0.127258,-0.0001839758,-0.991827,-0.2524326,-0.01828501,0.9674417,0.14,1.811587,3.74,0,-0.6727939,0,0.73983,-0.9955062,0,0.09469664
saccade,12.3270,0.04089359,0.04061794,-0.05638817,-0.070208,0.04281655,-0.004513303,-0.9966028,-0.08470844,-0.1403255,0.9864752,0.1069827,0.03901184,-0.05280485,-0.009225236,0.1272588,-0.000204056,-0.9918267,-0.2524336,-0.01835161,0.9674402,0.14,1.811587,3.74,0,-0.6727939,0,0.73983,-0.9955062,0,0.09469664
saccade,12.3379,0.04088978,0.04060566,-0.05637328,-0.07011295,0.0427286,-0.004516327,-0.9966133,-0.08453447,-0.140137,0.9865169,0.1069795,0.03900075,-0.05280121,-0.003435632,0.06688736,-0.001744125,-0.9977531,-0.1334622,-0.007089145,0.9910285,0.14,1.811587,3.74,0,-0.6727939,0,0.73983,-0.9955062,0,0.09469664
saccade,12.3493,0.0408844,0.04062116,-0.0563746,-0.07010568,0.04267767,-0.004579216,-0.9966157,-0.08442441,-0.1401277,0.9865276,0.1069747,0.03902519,-0.05280863,-0.003429812,0.06684082,-0.001810434,-0.9977562,-0.1333693,-0.007086253,0.9910411,0.14,1.811587,3.74,0,-0.6727939,0,0.73983,-0.9955062,0,0.09469664
saccade,12.3602,0.04087553,0.04062784,-0.05637155,-0.04030573,-0.04513241,-0.006073097,-0.9981492,0.09058732,-0.07991407,0.992677,0.1069661,0.03902972,-0.05281197,-0.0033649,0.06679101,-0.001795374,-0.9977597,-0.1332707,-0.006954553,0.9910553,0.14,1.811587,3.74,0,-0.6727939,0,0.73983,-0.9955062,0,0.09469664
saccade,12.3711,0.04089082,0.04061735,-0.05637392,-0.04029221,-0.04513174,-0.006064619,-0.9981498,0.09058519,-0.0798879,0.9926793,0.1069814,0.03901827,-0.05281424,0.003672701,-0.01572049,-0.003870745,-0.9998622,0.03140822,0.007466089,0.9994788,0.14,1.811587,3.74,0,-0.6727939,0,0.73983,-0.9955062,0,0.09469664
saccade,12.3833,0.04090367,0.04058874,-0.05637021,-0.04030834,-0.0451299,-0.006105288,-0.998149,0.0905849,-0.0799164,0.992677,0.1069943,0.03899479,-0.05281015,0.003655365,-0.01571693,-0.003910806,-0.9998622,0.03140093,0.007432655,0.9994792,0.14,1.811587,3.74,0,-0.6727939,0,0.73983,-0.9955062,0,0.09469664
saccade,12.3943,0.04089342,0.04056752,-0.05636996,-0.02104103,-0.09345187,-0.006852912,-0.9953778,0.1863282,-0.04060672,0.981648,0.1069844,0.03897536,-0.05281521,0.003594499,-0.01575539,-0.003927857,-0.9998617,0.03147819,0.007311774,0.9994777,0.14,1.811587,3.74,0,-0.6727939,0,0.73983,-0.9955062,0,0.09469664
saccade,12.4049,0.04087787,0.04054081,-0.05636799,-0.02107404,-0.09345231,-0.006858293,-0.9953771,0.1863296,-0.0406714,0.9816451,0.1069689,0.03894854,-0.05281343,0.003561158,-0.01575587,-0.003930671,-0.9998618,0.03147938,0.007245195,0.9994782,0.14,1.811587,3.74,0,-0.6727939,0,0.73983,-0.9955062,0,0.09469664
saccade,12.4158,0.04085907,0.04050541,-0.0563489,-0.02110397,-0.09346049,-0.006866441,-0.9953756,0.1863464,-0.04072927,0.9816395,0.1069502,0.03891373,-0.05279553,0.006949281,-0.05207755,-0.004840416,-0.9986072,0.1039428,0.01438336,0.9944793,0.14,1.811587,3.74,0,-0.6727939,0,0.73983,-0.9955062,0,0.09469664
saccade,12.4266,0.04083886,0.0404824,-0.05634296,-0.01578868,-0.1023674,-0.006964435,-0.994597,0.2038485,-0.02998088,0.9785433,0.1069298,0.03889203,-0.05278564,0.006890575,-0.05204588,-0.004856216,-0.9986091,0.1038801,0.01426747,0.9944875,0.14,1.811587,3.74,0,-0.6727939,0,0.73983,-0.9955062,0,0.09469664
saccade,12.4378,0.04080939,0.04046047,-0.05634268,-0.01584105,-0.1023654,-0.007009672,-0.9945961,0.2038465,-0.03007581,0.9785408,0.1069004,0.03887486,-0.05278525,0.006835977,-0.05204312,-0.004898705,-0.9986095,0.1038745,0.01416283,0.9944896,0.14,1.811587,3.74,0,-0.6727939,0,0.73983,-0.9955062,0,0.09469664
saccade,12.4497,0.04078135,0.04043734,-0.05634599,-0.01583594,-0.1022999,-0.007056239,-0.9946026,0.2037189,-0.03005723,0.9785679,0.106872,0.03885782,-0.05277976,0.01026923,-0.0575386,-0.004990929,-0.998278,0.1147765,0.02107745,0.9931677,0.14,1.811587,3.74,0,-0.6727939,0,0.73983,-0.9955062,0,0.09469664
saccade,12.4602,0.04077874,0.04039919,-0.05634533,-0.01142078,-0.1087863,-0.007096819,-0.9939743,0.2164237,-0.02115985,0.9760702,0.1068691,0.03881824,-0.0527728,0.0102014,-0.05748919,-0.004986839,-0.9982815,0.114679,0.02094111,0.9931818,0.14,1.811587,3.74,0,-0.6727939,0,0.73983,-0.9955062,0,0.09469664
saccade,12.4711,0.04074607,0.0403738,-0.05635489,-0.01147781,-0.1087115,-0.007164825,-0.9939813,0.2162788,-0.02125967,0.9761001,0.106836,0.03880036,-0.05277258,0.01014082,-0.05741285,-0.005050163,-0.9982862,0.1145265,0.02082677,0.9932019,0.14,1.811587,3.74,0,-0.6727939,0,0.73983,-0.9955062,0,0.09469664
saccade,12.4819,0.04071758,0.04036105,-0.05636009,-0.01149472,-0.1087164,-0.007193677,-0.9939803,0.2162892,-0.02128691,0.9760972,0.1068077,0.03879106,-0.05277847,0.01179222,-0.06106923,-0.005127693,-0.9980507,0.1217794,0.02416475,0.992263,0.14,1.811587,3.74,0,-0.6727939,0,0.73983,-0.9955062,0,0.09469664
saccade,12.4935,0.04070328,0.04033267,-0.05634224,-0.008764212,-0.1126811,-0.007269985,-0.993566,0.2240397,-0.01577727,0.9744523,0.1067931,0.03876948,-0.05275215,0.01180604,-0.06100499,-0.005177064,-0.9980542,0.1216503,0.02419779,0.992278,0.14,1.811587,3.74,0,-0.6727939,0,0.73983,-0.9955062,0,0.09469664
saccade,12.5050,0.04067512,0.0403223,-0.05634504,-0.008789475,-0.1125954,-0.007243066,-0.9935757,0.2238714,-0.01583495,0.97449,0.1067642,0.03875494,-0.05274368,0.01178207,-0.06091956,-0.005147076,-0.9980599,0.1214815,0.02414553,0.9923,0.14,1.811587,3.74,0,-0.6727939,0,0.73983,-0.9955062,0,0.09469664
saccade,12.5158,0.0406432,0.04031885,-0.05635589,-0.008830805,-0.1125927,-0.007258691,-0.9935755,0.2238669,-0.01591359,0.9744898,0.1067323,0.03875256,-0.05275435,0.01145633,-0.0627154,-0.00521997,-0.9979521,0.1250543,0.02352049,0.9918711,0.14,1.811587,3.74,0,-0.6727939,0,0.73983,-0.9955062,0,0.09469664
saccade,12.5265,0.0417868,0.04031503,-0.05639202,-0.008079409,-0.115437,-0.007313707,-0.993255,0.2294349,-0.01436128,0.973218,0.106709,0.03873932,-0.05275535,0.01142559,-0.06265578,-0.005216092,-0.9979562,0.1249363,0.02345812,0.9918874,0.14,1.811587,3.74,0,-0.6727939,0,0.73983,-0.9955062,0,0.09469664
saccade,12.5379,0.04177526,0.0402863,-0.0563818,-0.008078431,-0.1154658,-0.00731933,-0.9932516,0.2294915,-0.01435756,0.9732048,0.1066977,0.03871131,-0.05274889,0.01142632,-0.06268463,-0.005222333,-0.9979544,0.1249935,0.02346061,0.9918802,0.14,1.811587,3.74,0,-0.6727939,0,0.73983,-0.9955062,0,0.09469664
saccade,12.5495,0.04175901,0.04027367,-0.05638857,-0.008140267,-0.1154063,-0.00732126,-0.9932581,0.2293757,-0.01448093,0.9732302,0.106681,0.03869748,-0.05274814,0.01096285,-0.06506683,-0.005301324,-0.9978067,0.129732,0.02256748,0.9912922,0.14,1.811587,3.74,0,-0.6727939,0,0.73983,-0.9955062,0,0.09469664
saccade,12.5600,0.04174306,0.04027641,-0.05639928,-0.006503491,-0.1176104,-0.007413004,-0.9930108,0.2336732,-0.01117238,0.972251,0.1066653,0.03871155,-0.05275751,0.01100725,-0.06505673,-0.005384058,-0.9978063,0.1297095,0.02266674,0.991293,0.14,1.811587,3.74,0,-0.6727939,0,0.73983,-0.9955062,0,0.09469664
saccade,12.5715,0.04173957,0.04027653,-0.05637684,-0.006480506,-0.1175668,-0.007477426,-0.9930158,0.2335883,-0.0111123,0.9722721,0.1066617,0.03872049,-0.05272925,0.01102672,-0.06501175,-0.005448806,-0.9978088,0.1296184,0.02271359,0.9913037,0.14,1.811587,3.74,0,-0.6727939,0,0.73983,-0.9955062,0,0.09469664
saccade,12.5821,0.04173343,0.0402776,-0.05635976,-0.006445022,-0.1175815,-0.007510751,-0.9930139,0.2336169,-0.01103374,0.9722661,0.1066557,0.03872669,-0.05271394,0.01148022,-0.06603515,-0.005499118,-0.9977361,0.1316451,0.02363473,0.9910151,0.14,1.811587,3.74,0,-0.6727939,0,0.73983,-0.9955062,0,0.09469664
saccade,12.5932,0.04172395,0.04027689,-0.05637107,-0.006338099,-0.1212266,-0.007651204,-0.9925752,0.24075,-0.01072702,0.9705279,0.1066464,0.03873122,-0.05272505,0.01147641,-0.06603292,-0.005541376,-0.9977361,0.1316397,0.02363268,0.9910159,0.14,1.811587,3.74,0,-0.6727939,0,0.73983,-0.9955062,0,0.09469664
saccade,12.6044,0.04171517,0.04027498,-0.05638312,-0.006302858,-0.12129,-0.007643907,-0.9925677,0.2408735,-0.01065777,0.970498,0.1066381,0.03872931,-0.05274525,0.01151211,-0.06609667,-0.005537205,-0.9977315,0.131766,0.02370397,0.9909974,0.14,1.811587,3.74,0,-0.6727939,0,0.73983,-0.9955062,0,0.09469664
saccade,12.6155,0.04173191,0.04025543,-0.05636727,-0.006213656,-0.1213318,-0.007663445,-0.992563,0.2409542,-0.01047525,0.97048,0.1066552,0.03871441,-0.05273449,0.01285079,-0.06949398,-0.005616304,-0.9974838,0.1384939,0.02641751,0.9900109,0.14,1.811587,3.74,0,-0.6727939,0,0.73983,-0.9955062,0,0.09469664
saccade,12.6268,0.04173276,0.04025745,-0.05637049,-0.004503768,-0.1267468,-0.007795783,-0.9918942,0.2515092,-0.006958341,0.9678299,0.1066564,0.03872311,-0.05274116,0.01294817,-0.06952261,-0.005656844,-0.9974803,0.1385484,0.02661764,0.9899979,0.14,1.811587,3.74,0,-0.6727939,0,0.73983,-0.9955062,0,0.09469664
saccade,12.6376,0.0417356,0.04027081,-0.05637505,-0.004394889,-0.1267473,-0.007810712,-0.9918945,0.2515087,-0.006738558,0.9678316,0.1066593,0.03874099,-0.05274533,0.013056,-0.06952238,-0.005677998,-0.9974788,0.1385459,0.02683566,0.9899924,0.14,1.811587,3.74,0,-0.6727939,0,0.73983,-0.9955062,0,0.09469664
saccade,12.6494,0.04175176,0.04030263,-0.0563684,-0.004332362,-0.1267846,-0.007746817,-0.9918906,0.25158,-0.006630105,0.9678138,0.1066756,0.03876626,-0.05274329,0.01502987,-0.0725693,-0.005641019,-0.9972342,0.1445676,0.03079533,0.9890156,0.14,1.811587,3.74,0,-0.6727939,0,0.73983,-0.9955062,0,0.09469664
saccade,12.6600,0.04177427,0.04033244,-0.05636339,-0.00430255,-0.1268639,-0.007656485,-0.9918813,0.2517337,-0.006592575,0.9677741,0.1066984,0.03878522,-0.05274855,0.0150647,-0.07265058,-0.005554034,-0.9972282,0.1447311,0.0308529,0.9889899,0.14,1.811587,3.74,0,-0.6727939,0,0.73983,-0.9955062,0,0.09469664
saccade,12.6712,0.04178564,0.0403347,-0.05636482,-0.002719108,-0.1285202,-0.007578607,-0.9916742,0.2549416,-0.00344493,0.9669503,0.1067091,0.03877878,-0.05274192,0.01511362,-0.0725913,-0.005479361,-0.9972322,0.1446151,0.03093909,0.9890041,0.14,1.811587,3.74,0,-0.6727939,0,0.73983,-0.9955062,0,0.09469664
saccade,12.6824,0.04179493,0.04030204,-0.05637162,-0.00275678,-0.1285197,-0.007569634,-0.9916742,0.2549411,-0.003521961,0.9669502,0.1067184,0.03874397,-0.05274881,0.01598705,-0.07471818,-0.005498016,-0.9970614,0.1488214,0.03270175,0.9883232,0.14,1.811587,3.74,0,-0.6727939,0,0.73983,-0.9955062,0,0.09469664
saccade,12.6932,0.04180852,0.04026413,-0.05635348,-0.002885194,-0.1285025,-0.00759448,-0.991676,0.2549096,-0.003770536,0.9669576,0.1067319,0.0387063,-0.05272895,0.01585747,-0.07470103,-0.005515569,-0.9970647,0.1487886,0.03244587,0.9883366,0.14,1.811587,3.74,0,-0.6727939,0,0.73983,-0.9955062,0,0.09469664
saccade,12.7053,0.04182309,0.04022384,-0.0563359,-0.0008150731,-0.1293962,-0.007569576,-0.9915638,0.2566215,0.0003425549,0.9665119,0.1067465,0.03866649,-0.05271157,0.0157821,-0.07470011,-0.005529929,-0.9970658,0.1487873,0.03229776,0.9883416,0.14,1.811587,3.74,0,-0.6727939,0,0.73983,-0.9955062,0,0.09469664
saccade,12.7208,0.04184673,0.04020059,-0.05631004,-0.0009167437,-0.1293858,-0.007528783,-0.9915653,0.2566028,0.0001302132,0.9665169,0.1067699,0.03863561,-0.05268474,0.01585437,-0.07549011,-0.005500276,-0.9970053,0.1503537,0.03244422,0.9880998,0.14,1.811587,3.74,0,-0.6727939,0,0.73983,-0.9955062,0,0.09469664
saccade,12.7315,0.04187991,0.04020786,-0.05627519,0.00146223,-0.1307294,-0.007340287,-0.9913899,0.2591861,0.004818463,0.9658154,0.1068036,0.03862119,-0.05266868,0.01571185,-0.07563299,-0.005352678,-0.9969976,0.1506436,0.03213903,0.9880656,0.14,1.811587,3.74,0,-0.6727939,0,0.73983,-0.9955062,0,0.09469664
saccade,12.7430,0.04189814,0.04022837,-0.05621503,0.001520917,-0.1307814,-0.007228991,-0.9913837,0.2592871,0.004906459,0.9657878,0.1068218,0.03862882,-0.05261501,0.01577671,-0.07568658,-0.005245573,-0.9969931,0.1507525,0.03225258,0.9880453,0.14,1.811587,3.74,0,-0.6727939,0,0.73983,-0.9955062,0,0.09469664
saccade,12.7537,0.04192754,0.04024768,-0.0561756,0.001451137,-0.1308411,-0.007141442,-0.9913766,0.2594049,0.004746034,0.965757,0.1068514,0.03863525,-0.05258361,0.01564734,-0.07673799,-0.005184941,-0.996915,0.1528403,0.0319939,0.9877329,0.14,1.811587,3.74,0,-0.6727939,0,0.73983,-0.9955062,0,0.09469664
saccade,12.7647,0.04195776,0.04025841,-0.05615779,0.003280897,-0.1318374,-0.007124691,-0.9912404,0.2613184,0.008382916,0.9652163,0.1068823,0.0386461,-0.05257912,0.01555378,-0.07683729,-0.005199867,-0.9969088,0.1530378,0.03181048,0.9877082,0.14,1.811587,3.74,0,-0.6727939,0,0.73983,-0.9955062,0,0.09469664
saccade,12.7764,0.04196817,0.04023182,-0.05616248,0.003200345,-0.1318225,-0.00718145,-0.9912422,0.26129,0.008237986,0.9652252,0.1068928,0.03862488,-0.05258224,0.01547019,-0.07682189,-0.0052519,-0.996911,0.1530067,0.03165173,0.9877182,0.14,1.811587,3.74,0,-0.6727939,0,0.73983,-0.9955062,0,0.09469664
saccade,12.7872,0.04197215,0.04022408,-0.05616766,0.0031575,-0.1318127,-0.007235727,-0.9912432,0.2612712,0.008167223,0.9652309,0.1068968,0.03862298,-0.05258637,0.01565061,-0.07799617,-0.005329916,-0.9968166,0.1553289,0.03203301,0.9873433,0.14,1.811587,3.74,0,-0.6727939,0,0.73983,-0.9955062,0,0.09469664
saccade,12.7983,0.04197408,0.04022324,-0.05617484,0.004446715,-0.1324058,-0.007223654,-0.9911593,0.2624061,0.01072771,0.9648979,0.1068987,0.03862298,-0.05259099,0.01561936,-0.07797548,-0.005340172,-0.9968187,0.155288,0.03197215,0.9873517,0.14,1.811587,3.74,0,-0.6727939,0,0.73983,-0.9955062,0,0.09469664
saccade,12.8091,0.04197511,0.0402348,-0.05618085,0.004447546,-0.1324588,-0.007228754,-0.9911522,0.2625093,0.01073141,0.9648698,0.1069001,0.03863513,-0.05260395,0.01654127,-0.07905356,-0.005345931,-0.9967188,0.1574115,0.03381922,0.9869539,0.14,1.811587,3.74,0,-0.6727939,0,0.73983,-0.9955062,0,0.09469664
saccade,12.8208,0.04199965,0.04022908,-0.05619114,0.004580144,-0.1325399,-0.007202405,-0.991141,0.2626655,0.01098835,0.9648244,0.1069252,0.03862929,-0.05262429,0.01667525,-0.07913496,-0.005327749,-0.9967102,0.1575716,0.034084,0.9869192,0.14,1.811587,3.74,0,-0.6727939,0,0.73983,-0.9955062,0,0.09469664
saccade,12.8315,0.04200955,0.04025078,-0.05619345,0.005135203,-0.132765,-0.007134663,-0.9911086,0.2630958,0.01207356,0.9646941,0.1069345,0.03864408,-0.05261955,0.01669927,-0.07908257,-0.005269553,-0.9967143,0.1574695,0.03412225,0.9869342,0.14,1.811587,3.74,0,-0.6727939,0,0.73983,-0.9955062,0,0.09469664
saccade,12.8429,0.04200222,0.04025662,-0.05620003,0.005211412,-0.1327704,-0.007120649,-0.9911076,0.2631052,0.01222096,0.9646897,0.1069272,0.03864992,-0.05262651,0.01732323,-0.08005647,-0.005269679,-0.9966258,0.1593901,0.03537329,0.9865817,0.14,1.811587,3.74,0,-0.6727939,0,0.73983,-0.9955062,0,0.09469664
saccade,12.8537,0.04198354,0.04024708,-0.0562105,0.005251627,-0.1327163,-0.007121199,-0.9911146,0.2629992,0.01230013,0.9647176,0.1069082,0.03864157,-0.05262973,0.01736324,-0.08000191,-0.005271674,-0.9966295,0.1592815,0.03545292,0.9865964,0.14,1.811587,3.74,0,-0.6727939,0,0.73983,-0.9955062,0,0.09469664
saccade,12.8651,0.04195742,0.04022479,-0.05622612,0.005196745,-0.1332969,-0.007253283,-0.9910361,0.2641287,0.012234,0.9644099,0.1068819,0.03863418,-0.05263644,0.0173899,-0.07993205,-0.00538372,-0.9966341,0.1591388,0.0355234,0.9866169,0.14,1.811587,3.74,0,-0.6727939,0,0.73983,-0.9955062,0,0.09469664
saccade,12.8766,0.04192831,0.04018426,-0.05624706,0.005188901,-0.1332265,-0.00739234,-0.9910445,0.2639901,0.01225458,0.9644475,0.1068527,0.03861141,-0.05264837,0.01823125,-0.08053713,-0.005513136,-0.9965696,0.1603207,0.03722544,0.9863628,0.14,1.811587,3.74,0,-0.6727939,0,0.73983,-0.9955062,0,0.09469664
saccade,12.8874,0.04190378,0.04016066,-0.05625457,0.005186081,-0.1331424,-0.00744037,-0.9910555,0.2638259,0.01226065,0.9644924,0.1068278,0.03859377,-0.05264493,0.01822571,-0.08045195,-0.005559805,-0.9965764,0.1601504,0.03722121,0.9863906,0.14,1.811587,3.74,0,-0.6727939,0,0.73983,-0.9955062,0,0.09469664
saccade,12.8984,0.04187805,0.04010189,-0.05624006,0.005467352,-0.1339471,-0.007538284,-0.9909447,0.2653859,0.01285515,0.9640566,0.106802,0.03854656,-0.05262576,0.01825919,-0.08041535,-0.005643551,-0.9965783,0.1600743,0.03730109,0.9863999,0.14,1.811587,3.74,0,-0.6727939,0,0.73983,-0.9955062,0,0.09469664
saccade,12.9122,0.04184177,0.04006696,-0.05624384,0.005534107,-0.1338668,-0.007620838,-0.9909546,0.2652275,0.01300845,0.9640981,0.1067654,0.03852379,-0.05261886,0.01832122,-0.08033334,-0.005728497,-0.9965832,0.1599078,0.03743763,0.9864218,0.14,1.811587,3.74,0,-0.6727939,0,0.73983,-0.9955062,0,0.09469664
saccade,12.9260,0.04183321,0.04006279,-0.05624368,0.005750226,-0.1343813,-0.007641452,-0.9908836,0.2662247,0.01344935,0.9638172,0.1067564,0.03851867,-0.05261132,0.01857202,-0.08069409,-0.005736617,-0.9965494,0.1606182,0.03794169,0.9862871,0.14,1.811587,3.74,0,-0.6727939,0,0.73983,-0.9955062,0,0.09469664
saccade,12.9321,0.04181189,0.04003811,-0.05624505,0.005761872,-0.1343815,-0.007680932,-0.9908832,0.2662243,0.01348304,0.9638168,0.1067353,0.03849936,-0.05261271,0.01858151,-0.08069376,-0.005776668,-0.996549,0.1606159,0.03796706,0.9862865,0.14,1.811587,3.74,0,-0.6727939,0,0.73983,-0.9955062,0,0.09469664
saccade,12.9428,0.0418059,0.04005802,-0.05624816,0.005705253,-0.1343463,-0.007583243,-0.990889,0.266158,0.01334411,0.9638371,0.1067287,0.03850543,-0.0526113,0.01853017,-0.08065969,-0.005675605,-0.9965533,0.160553,0.0378482,0.9863013,0.14,1.811587,3.74,0,-0.6727939,0,0.73983,-0.9955062,0,0.09469664
saccade,12.9536,0.04178895,0.04004073,-0.056254,0.005732574,-0.1343428,-0.007566968,-0.9908894,0.266151,0.01339383,0.9638383,0.1067117,0.03848672,-0.05261656,0.01911015,-0.08107557,-0.005654925,-0.9965087,0.1613689,0.03900382,0.9861231,0.14,1.811587,3.74,0,-0.6727939,0,0.73983,-0.9955062,0,0.09469664
saccade,12.9647,0.04178892,0.04001379,-0.05625915,0.005811269,-0.1347847,-0.007654014,-0.9908283,0.2670081,0.01357923,0.9635986,0.1067114,0.038468,-0.05261344,0.01903875,-0.08100852,-0.005727854,-0.9965151,0.1612343,0.03887282,0.9861503,0.14,1.811587,3.74,0,-0.6727939,0,0.73983,-0.9955062,0,0.09469664
saccade,12.9759,0.04178963,0.03997862,-0.05624574,0.005802716,-0.1346889,-0.007708347,-0.990841,0.2668211,0.01357559,0.9636505,0.1067116,0.03843963,-0.05258758,0.01902706,-0.08091148,-0.005780323,-0.9965229,0.1610403,0.03885719,0.9861826,0.14,1.811587,3.74,0,-0.6727939,0,0.73983,-0.9955062,0,0.09469664
saccade,12.9873,0.0417912,0.03998244,-0.05623695,0.005834625,-0.1346754,-0.007660881,-0.990843,0.266795,0.01362586,0.963657,0.1067129,0.03843832,-0.05257684,0.01909989,-0.0815601,-0.005751794,-0.9964688,0.1623245,0.03900312,0.9859663,0.14,1.811587,3.74,0,-0.6727939,0,0.73983,-0.9955062,0,0.09469664
saccade,12.9984,0.04178287,0.03996623,-0.05622385,0.005880957,-0.1349186,-0.007596089,-0.9908102,0.2672681,0.01370353,0.9635248,0.1067045,0.03841305,-0.05256729,0.01909857,-0.0815887,-0.005682857,-0.9964669,0.1623838,0.03898951,0.9859571,0.14,1.811587,3.74,0,-0.6727939,0,0.73983,-0.9955062,0,0.09469664
saccade,13.0096,0.04179176,0.0399648,-0.05620351,0.005861308,-0.1349087,-0.00748995,-0.9908124,0.2672506,0.01363583,0.9635306,0.106713,0.03839767,-0.05254558,0.01908463,-0.08158017,-0.00557569,-0.9964685,0.1623713,0.03894419,0.9859609,0.14,1.811587,3.74,0,-0.6727939,0,0.73983,-0.9955062,0,0.09469664
saccade,13.0205,0.04181267,0.03994656,-0.05617324,0.005834348,-0.1349312,-0.007342626,-0.9908106,0.2672969,0.01354297,0.963519,0.1076785,0.03924954,-0.0517608,0.01930619,-0.08204465,-0.005432097,-0.9964269,0.1632932,0.03936576,0.9857919,0.14,1.811587,3.74,0,-0.6727939,0,0.73983,-0.9955062,0,0.09469664
saccade,13.0316,0.04181703,0.03993833,-0.05615887,0.006264726,-0.1350766,-0.007175248,-0.9907894,0.267575,0.01435246,0.9634301,0.1076831,0.03922021,-0.05175447,0.01927998,-0.08210833,-0.005276462,-0.9964229,0.1634258,0.03928851,0.985773,0.14,1.811587,3.74,0,-0.6727939,0,0.73983,-0.9955062,0,0.09469664
saccade,13.0430,0.04182975,0.0399195,-0.05614863,0.00620262,-0.1351243,-0.007158312,-0.9907834,0.2676691,0.01422543,0.9634059,0.1076962,0.03919756,-0.0517507,0.01921898,-0.0821568,-0.005256895,-0.9964203,0.1635233,0.03916414,0.9857618,0.14,1.811587,3.74,0,-0.6727939,0,0.73983,-0.9955062,0,0.09469664
saccade,13.0535,0.04186976,0.03989732,-0.05615143,0.006257579,-0.13509,-0.007294634,-0.9907867,0.2675995,0.01437072,0.9634231,0.1077361,0.03919446,-0.05174897,0.01918777,-0.08246069,-0.005407555,-0.996395,0.1641193,0.03912902,0.9856641,0.14,1.811587,3.74,0,-0.6727939,0,0.73983,-0.9955062,0,0.09469664
saccade,13.0646,0.04188067,0.03987217,-0.0561458,0.006120229,-0.1352137,-0.007329779,-0.9907705,0.2678418,0.01410966,0.9633596,0.1077473,0.03917158,-0.0517464,0.01912846,-0.08248245,-0.005434511,-0.9963942,0.1641622,0.03901547,0.9856615,0.14,1.811587,3.74,0,-0.6727939,0,0.73983,-0.9955062,0,0.09469664
saccade,13.0759,0.04188781,0.0398469,-0.05613915,0.006044067,-0.1351931,-0.00741141,-0.9907731,0.2678019,0.01398054,0.9633726,0.1077543,0.03915489,-0.05173727,0.01904804,-0.082461,-0.005511712,-0.9963971,0.1641178,0.03886783,0.9856747,0.14,1.811587,3.74,0,-0.6727939,0,0.73983,-0.9955062,0,0.09469664
saccade,13.0880,0.04192005,0.03981757,-0.05612035,0.006037287,-0.135189,-0.007496418,-0.9907731,0.2677928,0.01399003,0.963375,0.1077867,0.03913641,-0.05171804,0.01889798,-0.07936859,-0.005513328,-0.9966509,0.1579972,0.03854455,0.986687,0.14,1.811587,3.74,0,-0.6727939,0,0.73983,-0.9955062,0,0.09469664
saccade,13.0982,0.04195808,0.03987586,-0.05612085,0.003200986,-0.124498,-0.007292099,-0.9921879,0.2470041,0.008167662,0.96898,0.1078266,0.03919852,-0.05174609,0.01901053,-0.07957833,-0.005529526,-0.996632,0.1584104,0.03877307,0.9866118,0.14,1.811587,3.74,0,-0.6727939,0,0.73983,-0.9955062,0,0.09469664
saccade,13.1093,0.04198204,0.03989387,-0.0561108,0.003189199,-0.124585,-0.007215102,-0.9921776,0.2471748,0.008126291,0.9689368,0.1078512,0.03920615,-0.05174755,0.0190024,-0.07966696,-0.0054535,-0.9966255,0.158589,0.03874548,0.9865842,0.14,1.811587,3.74,0,-0.6727939,0,0.73983,-0.9955062,0,0.09469664
saccade,13.1206,0.04200532,0.03991973,-0.05609642,0.003279128,-0.1246295,-0.007204148,-0.9921718,0.2472605,0.008302615,0.9689134,0.1078749,0.03923285,-0.05173887,0.02146436,-0.04211522,-0.004313916,-0.9988729,0.08395031,0.0432437,0.9955312,0.14,1.811587,3.74,0,-0.6727939,0,0.73983,-0.9955062,0,0.09469664
saccade,13.1322,0.04203286,0.03993654,-0.05609309,-0.007506579,-0.06452624,-0.005768679,-0.9978711,0.1288644,-0.01423674,0.99156,0.1079032,0.03924048,-0.05174831,0.02163852,-0.04221633,-0.004226835,-0.9988652,0.08415393,0.04358481,0.9954991,0.14,1.811587,3.74,0,-0.6727939,0,0.73983,-0.9955062,0,0.09469664
saccade,13.1430,0.04205089,0.0399822,-0.05611575,-0.007496067,-0.06443622,-0.00569924,-0.9978774,0.1286843,-0.01422584,0.9915836,0.1079203,0.03927708,-0.05175911,0.02165046,-0.0421282,-0.004155034,-0.998869,0.08398119,0.04360203,0.995513,0.14,1.811587,3.74,0,-0.6727939,0,0.73983,-0.9955062,0,0.09469664
saccade,13.1538,0.0420626,0.03999507,-0.05611906,-0.007420935,-0.06438937,-0.005638226,-0.9978814,0.1285896,-0.01408434,0.9915979,0.1079315,0.03928328,-0.05175613,0.02797965,0.0323924,-0.001804378,-0.9990819,-0.0648263,0.05579104,0.9963357,0.14,1.811587,3.74,0,-0.6727939,0,0.73983,-0.9955062,0,0.09469664
saccade,13.1648,0.04207599,0.04000926,-0.05611462,-0.01749684,0.01637291,-0.003612417,-0.9997064,-0.03260979,-0.0351017,0.9988516,0.1079444,0.03928697,-0.05174603,0.02813324,0.03243082,-0.0017184,-0.9990765,-0.06489842,0.05610305,0.9963135,0.14,1.811587,3.74,0,-0.6727939,0,0.73983,-0.9955062,0,0.09469664
saccade,13.1760,0.04209227,0.04002607,-0.05610953,-0.01758676,0.01636102,-0.003631244,-0.9997049,-0.03258466,-0.03528197,0.9988461,0.1079608,0.03930569,-0.05174263,0.02923703,0.07766964,-0.0004206666,-0.9965503,-0.154828,0.058207,0.9862252,0.14,1.811587,3.74,0,-0.6727939,0,0.73983,-0.9955062,0,0.09469664
saccade,13.1871,0.04210223,0.04002953,-0.05610024,-0.01758045,0.01643624,-0.003604837,-0.9997039,-0.032736,-0.03526898,0.9988416,0.1079701,0.03930557,-0.05172349,0.0292448,0.07774333,-0.0003911881,-0.9965444,-0.1549722,0.05822666,0.9862014,0.14,1.811587,3.74,0,-0.6727939,0,0.73983,-0.9955062,0,0.09469664
saccade,13.1987,0.04210486,0.04002714,-0.05610046,-0.02679146,0.05977891,-0.00262985,-0.9978486,-0.1191597,-0.05378206,0.9914174,0.1079728,0.03929734,-0.05172597,0.02921542,0.07772537,-0.0003478499,-0.9965466,-0.1549342,0.05817499,0.9862105,0.14,1.811587,3.74,0,-0.6727939,0,0.73983,-0.9955062,0,0.09469664
saccade,13.2096,0.04210627,0.04001641,-0.05610073,-0.02682545,0.05976708,-0.002636104,-0.9978484,-0.1191355,-0.05385057,0.9914166,0.1079743,0.03928745,-0.05172783,0.02918135,0.07771397,-0.0003541464,-0.9965485,-0.1549122,0.05810621,0.986218,0.14,1.811587,3.74,0,-0.6727939,0,0.73983,-0.9955062,0,0.09469664
saccade,13.2205,0.04210129,0.03999102,-0.05610707,-0.02686596,0.05974963,-0.002611515,-0.9978484,-0.1191018,-0.05392838,0.9914164,0.1079695,0.03925884,-0.05173662,0.0292113,0.09077883,4.44029E-05,-0.9954426,-0.1807276,0.05816441,0.9818118,0.14,1.811587,3.74,0,-0.6727939,0,0.73983,-0.9955062,0,0.09469664
saccade,13.2314,0.04210456,0.03996861,-0.05609766,-0.02685595,0.0597068,-0.002631516,-0.9978513,-0.1190157,-0.05391072,0.9914277,0.1079732,0.03923917,-0.05173277,0.02922077,0.09073728,2.172403E-05,-0.9954461,-0.1806469,0.05817934,0.9818258,0.14,1.811587,3.74,0,-0.6727939,0,0.73983,-0.9955062,0,0.09469664
saccade,13.2428,0.04210521,0.03993452,-0.05608419,-0.02930989,0.0655002,-0.00258883,-0.9974186,-0.1305105,-0.0588076,0.9897013,0.1079743,0.03921151,-0.05172519,0.02916584,0.09069494,-2.671965E-05,-0.9954516,-0.1805664,0.05806152,0.9818476,0.14,1.811587,3.74,0,-0.6727939,0,0.73983,-0.9955062,0,0.09469664
saccade,13.2542,0.04208806,0.03989291,-0.05608143,-0.02931893,0.06545289,-0.002606382,-0.9974214,-0.1304154,-0.05882784,0.9897127,0.1079576,0.03917253,-0.05172861,0.0290408,0.09718423,0.0001359994,-0.9948426,-0.1933581,0.05780848,0.9794237,0.14,1.811587,3.74,0,-0.6727939,0,0.73983,-0.9955062,0,0.09469664
saccade,13.2648,0.0420802,0.03985357,-0.05606799,-0.032095,0.06852318,-0.00266708,-0.9971296,-0.1364818,-0.06437125,0.988549,0.1079496,0.03914106,-0.05171255,0.02902352,0.09720589,7.688488E-05,-0.994841,-0.1934043,0.05776251,0.9794173,0.14,1.811587,3.74,0,-0.6727939,0,0.73983,-0.9955062,0,0.09469664
saccade,13.2763,0.04206993,0.03981972,-0.05606256,-0.03209755,0.06847429,-0.002707992,-0.9971327,-0.1363821,-0.06438188,0.988562,0.1079398,0.03911281,-0.0517134,0.02901987,0.09715974,3.314368E-05,-0.9948456,-0.193316,0.05774703,0.9794357,0.14,1.811587,3.74,0,-0.6727939,0,0.73983,-0.9955062,0,0.09469664
saccade,13.2869,0.04205795,0.03979647,-0.05605522,-0.03214533,0.06852162,-0.002749531,-0.9971279,-0.1364729,-0.06448282,0.9885429,0.1079275,0.03909492,-0.05169971,0.02817203,0.1010953,8.192833E-05,-0.9944778,-0.2010695,0.05604948,0.9779721,0.14,1.811587,3.74,0,-0.6727939,0,0.73983,-0.9955062,0,0.09469664
saccade,13.2984,0.04205683,0.03978562,-0.05603477,-0.03221493,0.07072517,-0.002732667,-0.9969718,-0.1408459,-0.0646213,0.9879203,0.1079266,0.03909063,-0.05168241,0.02802034,0.1010748,3.600191E-05,-0.9944842,-0.2010326,0.05573885,0.9779975,0.14,1.811587,3.74,0,-0.6727939,0,0.73983,-0.9955062,0,0.09469664
saccade,13.3094,0.04202691,0.0397588,-0.05603781,-0.03216095,0.07081701,-0.002737736,-0.996967,-0.1410283,-0.06451457,0.9879013,0.1078959,0.03906417,-0.05167323,0.02807398,0.1011665,3.485149E-05,-0.9944733,-0.2012127,0.05584471,0.9779544,0.14,1.811587,3.74,0,-0.6727939,0,0.73983,-0.9955062,0,0.09469664
saccade,13.3205,0.04199866,0.03974378,-0.05603502,-0.03218222,0.07085705,-0.002831897,-0.9969632,-0.1411015,-0.0645703,0.9878871,0.1078674,0.03906131,-0.05166476,0.02797711,0.1042042,2.772943E-05,-0.9941623,-0.2071903,0.05563336,0.9767175,0.14,1.811587,3.74,0,-0.6727939,0,0.73983,-0.9955062,0,0.09469664
saccade,13.3316,0.04198521,0.03973985,-0.05604281,-0.03262993,0.07349807,-0.002809573,-0.9967575,-0.1463362,-0.06546125,0.9870666,0.1078534,0.03906214,-0.05166258,0.02794721,0.1042808,-4.751375E-06,-0.9941552,-0.2073428,0.05556673,0.9766889,0.14,1.811587,3.74,0,-0.6727939,0,0.73983,-0.9955062,0,0.09469664
saccade,13.3428,0.04196376,0.03972721,-0.05605084,-0.03263969,0.07360293,-0.002825764,-0.9967493,-0.1465429,-0.06548315,0.9870345,0.107831,0.03905129,-0.05165672,0.02793675,0.1043862,-1.422898E-05,-0.9941444,-0.2075506,0.05554337,0.9766461,0.14,1.811587,3.74,0,-0.6727939,0,0.73983,-0.9955062,0,0.09469664
saccade,13.3535,0.04193648,0.03971589,-0.05605978,-0.03264703,0.0737282,-0.002919651,-0.9967396,-0.146785,-0.0655117,0.9869967,0.1078027,0.03905177,-0.05164871,0.02904529,0.1063956,-1.00194E-05,-0.9938996,-0.2114936,0.05773408,0.9756727,0.14,1.811587,3.74,0,-0.6727939,0,0.73983,-0.9955062,0,0.09469664
saccade,13.3646,0.04190317,0.03969669,-0.05607194,-0.03249583,0.07497205,-0.002838753,-0.996652,-0.1492576,-0.06519972,0.9866464,0.1077686,0.03902674,-0.05164985,0.02900852,0.1064779,3.796979E-05,-0.9938918,-0.2116529,0.05767075,0.9756419,0.14,1.811587,3.74,0,-0.6727939,0,0.73983,-0.9955062,0,0.09469664
saccade,13.3763,0.0419074,0.03967333,-0.05610379,-0.03245331,0.07503697,-0.00287946,-0.9966484,-0.1493841,-0.06512122,0.9866325,0.1077723,0.03900838,-0.05167289,0.02904961,0.106545,2.28174E-08,-0.9938834,-0.2117866,0.05774385,0.9756086,0.14,1.811587,3.74,0,-0.6727939,0,0.73983,-0.9955062,0,0.09469664
saccade,13.3872,0.04189364,0.03965104,-0.05611234,-0.03244401,0.07515326,-0.003083753,-0.9966393,-0.1496013,-0.06513346,0.9865987,0.1077577,0.03901267,-0.05166517,0.02973164,0.1089853,-0.0001082513,-0.9935987,-0.2165818,0.05905905,0.9744765,0.14,1.811587,3.74,0,-0.6727939,0,0.73983,-0.9955062,0,0.09469664
saccade,13.3985,0.04187623,0.03963399,-0.05612311,-0.03223506,0.07617138,-0.002996114,-0.9965691,-0.1516269,-0.06470536,0.9863176,0.1077395,0.03898811,-0.05166595,0.0297307,0.1090591,-4.962343E-05,-0.9935905,-0.2167231,0.05906945,0.9744444,0.14,1.811587,3.74,0,-0.6727939,0,0.73983,-0.9955062,0,0.09469664
saccade,13.4129,0.04187376,0.03964484,-0.05613299,-0.0322902,0.07613976,-0.002972689,-0.9965698,-0.1515652,-0.06481155,0.9863201,0.1077373,0.03899598,-0.05168018,0.02967642,0.1090263,-2.640229E-05,-0.9935958,-0.2166577,0.05896696,0.9744651,0.14,1.811587,3.74,0,-0.6727939,0,0.73983,-0.9955062,0,0.09469664
saccade,13.4246,0.04187473,0.03965569,-0.05612897,-0.0322649,0.0761123,-0.002949802,-0.9965727,-0.1515125,-0.06475767,0.9863318,0.1077385,0.03900397,-0.05167986,0.02954123,0.1101439,2.176361E-05,-0.9934766,-0.2188494,0.05870183,0.9739913,0.14,1.811587,3.74,0,-0.6727939,0,0.73983,-0.9955062,0,0.09469664
saccade,13.4354,0.0418811,0.03966594,-0.05613127,-0.03238384,0.07678043,-0.002898663,-0.9965178,-0.1528384,-0.06498726,0.9861121,0.107745,0.03900945,-0.05168443,0.02958071,0.1101252,5.588238E-05,-0.9934775,-0.2188105,0.05878785,0.9739949,0.14,1.811587,3.74,0,-0.6727939,0,0.73983,-0.9955062,0,0.09469664
saccade,13.4462,0.04188759,0.03966701,-0.05612998,-0.0322918,0.07673673,-0.002867534,-0.9965242,-0.1527548,-0.06479921,0.9861374,0.1077518,0.03900647,-0.05168893,0.0298349,0.110653,0.0001028143,-0.9934112,-0.2198418,0.0592994,0.9737316,0.14,1.811587,3.74,0,-0.6727939,0,0.73983,-0.9955062,0,0.09469664
saccade,13.4576,0.04193655,0.03968096,-0.05615339,-0.03230402,0.07674997,-0.002845241,-0.9965228,-0.1527824,-0.06482013,0.9861318,0.1078006,0.03901744,-0.0517107,0.02982343,0.1106648,0.0001262934,-0.9934102,-0.2198636,0.05928174,0.9737277,0.14,1.811587,3.74,0,-0.6727939,0,0.73983,-0.9955062,0,0.09469664
saccade,13.4684,0.04196358,0.03967667,-0.05616926,-0.03228247,0.07709796,-0.002775612,-0.9964969,-0.1534766,-0.06476676,0.9860275,0.1078282,0.03900576,-0.05173492,0.02984212,0.1106,0.0001795059,-0.9934169,-0.2197331,0.05933104,0.9737542,0.14,1.811587,3.74,0,-0.6727939,0,0.73983,-0.9955062,0,0.09469664
saccade,13.4805,0.04199487,0.03967083,-0.05617652,-0.0322862,0.07706814,-0.002746636,-0.9964992,-0.1534193,-0.06476971,0.9860362,0.1078597,0.03899622,-0.05174626,0.02977725,0.1109331,0.0002151476,-0.9933817,-0.2203849,0.05920809,0.9736143,0.14,1.811587,3.74,0,-0.6727939,0,0.73983,-0.9955062,0,0.09469664
saccade,13.4910,0.0420658,0.03968501,-0.05619224,-0.03224711,0.07697531,-0.002688966,-0.9965078,-0.1532396,-0.06468296,0.9860699,0.1079314,0.03900313,-0.05177443,0.02981847,0.1108371,0.0002655608,-0.9933912,-0.2201933,0.05930168,0.973652,0.14,1.811587,3.74,0,-0.6727939,0,0.73983,-0.9955062,0,0.09469664
saccade,13.5019,0.04211474,0.03969753,-0.05619587,-0.03210248,0.07663386,-0.002587607,-0.9965391,-0.1525711,-0.06437935,0.9861934,0.1079816,0.03900301,-0.05179878,0.02980942,0.1106783,0.0003579288,-0.9934091,-0.2198762,0.05930512,0.9737235,0.14,1.811587,3.74,0,-0.6727939,0,0.73983,-0.9955062,0,0.09469664
saccade,13.5131,0.04215392,0.03970373,-0.05619472,-0.03205182,0.07653109,-0.00253458,-0.9965487,-0.1523714,-0.06427035,0.9862313,0.1080216,0.03900254,-0.05181135,0.02986206,0.1105726,0.0004027054,-0.9934192,-0.2196659,0.05942015,0.9737639,0.14,1.811587,3.74,0,-0.6727939,0,0.73983,-0.9955062,0,0.09469664
saccade,13.5247,0.04219015,0.03970885,-0.05618958,-0.03202537,0.07647165,-0.002535648,-0.9965541,-0.1522539,-0.06421784,0.9862529,0.1080583,0.0390079,-0.05181403,0.03002293,0.110939,0.0004134889,-0.9933736,-0.220383,0.05973971,0.9735823,0.14,1.811587,3.74,0,-0.6727939,0,0.73983,-0.9955062,0,0.09469664
saccade,13.5353,0.04063195,0.04014981,-0.05600796,-0.03193894,0.07639256,-0.002560408,-0.9965629,-0.1520964,-0.06404951,0.9862882,0.1080977,0.03903508,-0.05180046,0.03003012,0.1108508,0.0003801046,-0.9933832,-0.2202119,0.0597471,0.9736206,0.14,1.811587,3.74,0,-0.6727939,0,0.73983,-0.9955062,0,0.09469664
saccade,13.5461,0.04065598,0.04015076,-0.05600586,-0.03191705,0.07634654,-0.002587554,-0.9965671,-0.1520037,-0.06401007,0.986305,0.1081222,0.03903985,-0.05180442,0.03005114,0.1108067,0.0003494072,-0.9933875,-0.220127,0.05978228,0.9736376,0.14,1.811587,3.74,0,-0.6727939,0,0.73983,-0.9955062,0,0.09469664
saccade,13.5576,0.04067278,0.04014754,-0.05600015,-0.03185693,0.07628597,-0.002622524,-0.9965734,-0.1518821,-0.06389567,0.9863312,0.1081395,0.03904152,-0.05180661,0.03001967,0.1112687,0.0003206637,-0.9933369,-0.2210354,0.05971064,0.9734362,0.14,1.811587,3.74,0,-0.6727939,0,0.73983,-0.9955062,0,0.09469664
saccade,13.5684,0.04067595,0.04014039,-0.05599491,-0.03222957,0.07673375,-0.002672542,-0.996527,-0.1527622,-0.06464542,0.9861464,0.1081428,0.03904116,-0.05180093,0.03004423,0.1112729,0.000269759,-0.9933357,-0.2210465,0.05974804,0.9734313,0.14,1.811587,3.74,0,-0.6727939,0,0.73983,-0.9955062,0,0.09469664
saccade,13.5798,0.04066906,0.04013419,-0.05598957,-0.03219826,0.07679625,-0.002701854,-0.9965231,-0.1528845,-0.06458761,0.9861312,0.1081354,0.03903854,-0.05178693,0.03007439,0.1113369,0.0002433413,-0.9933276,-0.2211733,0.05980162,0.9733993,0.14,1.811587,3.74,0,-0.6727939,0,0.73983,-0.9955062,0,0.09469664
saccade,13.5912,0.04066912,0.04011428,-0.05599878,-0.03220196,0.07678937,-0.002671584,-0.9965236,-0.1528728,-0.06459033,0.9861329,0.1081355,0.03901458,-0.05179721,0.03014725,0.1120075,0.0002949708,-0.99325,-0.2224851,0.0599536,0.9730909,0.14,1.811587,3.74,0,-0.6727939,0,0.73983,-0.9955062,0,0.09469664
saccade,13.6016,0.04067641,0.04005694,-0.05600716,-0.0326989,0.0774509,-0.002705638,-0.9964561,-0.1541759,-0.06558514,0.9858643,0.1081418,0.03896165,-0.05178868,0.03007175,0.1121343,0.0002695411,-0.9932379,-0.2227358,0.05979725,0.9730432,0.14,1.811587,3.74,0,-0.6727939,0,0.73983,-0.9955062,0,0.09469664
saccade,13.6130,0.04067375,0.0399884,-0.0559985,-0.03285821,0.07760195,-0.002672314,-0.9964393,-0.1544757,-0.06589717,0.9857966,0.1081378,0.03888822,-0.0517601,0.0299134,0.1122827,0.0003178462,-0.9932259,-0.2230252,0.05949291,0.9729956,0.14,1.811587,3.74,0,-0.6727939,0,0.73983,-0.9955062,0,0.09469664
saccade,13.6241,0.04068307,0.03995955,-0.05598658,-0.03297497,0.077654,-0.002538847,-0.9964317,-0.1545864,-0.06610892,0.985765,0.1081464,0.03884137,-0.05174201,0.0299345,0.1128761,0.0004784237,-0.993158,-0.224179,0.05956738,0.9727258,0.14,1.811587,3.74,0,-0.6727939,0,0.73983,-0.9955062,0,0.09469664
saccade,13.6355,0.0406973,0.03996789,-0.05597593,-0.03349736,0.07802355,-0.002405684,-0.9963858,-0.1553219,-0.06712797,0.9855805,0.10816,0.03883159,-0.05172633,0.02977491,0.1129122,0.0006218667,-0.9931586,-0.2242425,0.05928284,0.9727286,0.14,1.811587,3.74,0,-0.6727939,0,0.73983,-0.9955062,0,0.09469664
saccade,13.6464,0.04071391,0.03996539,-0.05596159,-0.03350738,0.07796612,-0.00216855,-0.9963905,-0.1552241,-0.06711102,0.9855971,0.1081767,0.03879738,-0.05172091,0.02977332,0.1128401,0.0008550825,-0.9931666,-0.2240872,0.05933271,0.9727613,0.14,1.811587,3.74,0,-0.6727939,0,0.73983,-0.9955062,0,0.09469664
saccade,13.6576,0.04073441,0.0399915,-0.05595317,-0.03357547,0.07796769,-0.002106239,-0.9963882,-0.1552307,-0.06723684,0.9855875,0.108197,0.03881514,-0.05171271,0.02960211,0.1133742,0.0009319296,-0.9931109,-0.2251311,0.05900768,0.97254,0.14,1.811587,3.74,0,-0.6727939,0,0.73983,-0.9955062,0,0.09469664
saccade,13.6682,0.04075758,0.03998208,-0.05593596,-0.03338217,0.07790855,-0.002028265,-0.9963994,-0.1551207,-0.06683999,0.9856318,0.1082205,0.03879654,-0.0517034,0.02956128,0.113315,0.001000387,-0.9931188,-0.2250114,0.05894244,0.9725717,0.14,1.811587,3.74,0,-0.6727939,0,0.73983,-0.9955062,0,0.09469664
saccade,13.6795,0.04076242,0.03997517,-0.05592168,-0.03333103,0.07787761,-0.002002525,-0.9964036,-0.1550616,-0.06673422,0.9856482,0.1082256,0.03878617,-0.05169331,0.02961338,0.1132826,0.001022284,-0.9931209,-0.224946,0.05905094,0.9725802,0.14,1.811587,3.74,0,-0.6727939,0,0.73983,-0.9955062,0,0.09469664
saccade,13.6910,0.0407724,0.03995216,-0.05591119,-0.03324593,0.07792609,-0.002062506,-0.9964026,-0.1551544,-0.06657411,0.9856445,0.1082353,0.03877091,-0.05167578,0.02958889,0.1138377,0.0009736404,-0.9930582,-0.2260374,0.05898865,0.9723309,0.14,1.811587,3.74,0,-0.6727939,0,0.73983,-0.9955062,0,0.09469664
saccade,13.7018,0.0407849,0.03991187,-0.05590641,-0.03334559,0.07810072,-0.002370152,-0.9963849,-0.1554787,-0.06682029,0.9855767,0.1082485,0.03877342,-0.05167135,0.02943957,0.1138466,0.0006645059,-0.9930618,-0.2260743,0.05862193,0.9723445,0.14,1.811587,3.74,0,-0.6727939,0,0.73983,-0.9955062,0,0.09469664
saccade,13.7133,0.04079326,0.03987765,-0.0558996,-0.03348057,0.07804781,-0.002419821,-0.9963844,-0.1553692,-0.06709676,0.9855752,0.1082574,0.03874636,-0.05167175,0.02901139,0.1138274,0.0006080749,-0.9930767,-0.2260435,0.05775952,0.9724033,0.14,1.811587,3.74,0,-0.6727939,0,0.73983,-0.9955062,0,0.09469664
saccade,13.7242,0.04080818,0.03983903,-0.05589859,-0.03363335,0.07796339,-0.002453282,-0.9963858,-0.1551982,-0.06740612,0.985581,0.1082732,0.0387131,-0.05168235,0.02885764,0.1137458,0.0005749016,-0.9930906,-0.2258866,0.05744727,0.9724582,0.14,1.811587,3.74,0,-0.6727939,0,0.73983,-0.9955062,0,0.09469664
saccade,13.7352,0.04082329,0.03984332,-0.05589958,-0.03365583,0.07784727,-0.002472456,-0.996394,-0.1549667,-0.06745388,0.9856142,0.1082892,0.03872108,-0.0516972,0.0287161,0.113647,0.0005512413,-0.9931059,-0.2256954,0.05716155,0.9725195,0.14,1.811587,3.74,0,-0.6727939,0,0.73983,-0.9955062,0,0.09469664
saccade,13.7464,0.04083474,0.03985167,-0.05588388,-0.03364251,0.07771806,-0.002311798,-0.9964049,-0.1547218,-0.06740246,0.9856561,0.1083014,0.03870833,-0.05169972,0.02853776,0.11374,0.0007035164,-0.9931004,-0.2258704,0.05684176,0.9724976,0.14,1.811587,3.74,0,-0.6727939,0,0.73983,-0.9955062,0,0.09469664
saccade,13.7575,0.04082955,0.03986692,-0.05588164,-0.03358733,0.07767257,-0.002267047,-0.9964104,-0.1546352,-0.0672857,0.9856777,0.1082965,0.03871763,-0.05170371,0.02859462,0.1136919,0.0007433141,-0.9931042,-0.2257733,0.05696389,0.972513,0.14,1.811587,3.74,0,-0.6727939,0,0.73983,-0.9955062,0,0.09469664
saccade,13.7682,0.04081986,0.03986466,-0.05588877,-0.03346103,0.07772781,-0.002268106,-0.9964104,-0.1547458,-0.06703442,0.9856775,0.1082864,0.038715,-0.05170308,0.02872072,0.1137467,0.0007411313,-0.9930943,-0.2258798,0.05721337,0.9724736,0.14,1.811587,3.74,0,-0.6727939,0,0.73983,-0.9955062,0,0.09469664
saccade,13.7794,0.04079584,0.03987968,-0.05594283,-0.03303263,0.07796375,-0.002371603,-0.996406,-0.1552104,-0.0661976,0.985661,0.1082621,0.03874564,-0.05174875,0.02881865,0.1138098,0.0006222781,-0.9930843,-0.2260095,0.05738035,0.9724336,0.14,1.811587,3.74,0,-0.6727939,0,0.73983,-0.9955062,0,0.09469664
saccade,13.7904,0.0407788,0.0398618,-0.0559538,-0.0329432,0.07806677,-0.002415561,-0.9964008,-0.1554124,-0.06602642,0.9856406,0.1082442,0.03873312,-0.05174539,0.02886086,0.1142349,0.0005895005,-0.9930342,-0.2268443,0.05745432,0.9722349,0.14,1.811587,3.74,0,-0.6727939,0,0.73983,-0.9955062,0,0.09469664
saccade,13.8018,0.04074906,0.03982866,-0.0559801,-0.03290002,0.07819019,-0.002522371,-0.9963923,-0.1556502,-0.0659571,0.9856077,0.1082137,0.03871369,-0.05175441,0.0288999,0.1143642,0.0004890527,-0.9930183,-0.2271032,0.05750812,0.9721712,0.14,1.811587,3.74,0,-0.6727939,0,0.73983,-0.9955062,0,0.09469664
saccade,13.8128,0.04072986,0.03980255,-0.0560008,-0.03302022,0.07807781,-0.002589855,-0.996397,-0.1554219,-0.06620691,0.9856271,0.1081939,0.03869581,-0.05176331,0.02876332,0.1144551,0.0004373924,-0.9930119,-0.2272853,0.05722476,0.9721454,0.14,1.811587,3.74,0,-0.6727939,0,0.73983,-0.9955062,0,0.09469664
saccade,13.8241,0.04071462,0.03976715,-0.05599849,-0.03302155,0.07810324,-0.002605466,-0.9963949,-0.1554713,-0.06621201,0.9856189,0.1081784,0.03866255,-0.05175748,0.02897132,0.1147736,0.0004387102,-0.9929691,-0.2279078,0.05763596,0.9719754,0.14,1.811587,3.74,0,-0.6727939,0,0.73983,-0.9955062,0,0.09469664
saccade,13.8353,0.04070215,0.03974998,-0.05601374,-0.0331558,0.07819288,-0.002662407,-0.9963832,-0.1556436,-0.06648812,0.9855731,0.1081653,0.0386529,-0.05176064,0.02883488,0.1148665,0.0003924413,-0.9929623,-0.2280935,0.05735406,0.9719485,0.14,1.811587,3.74,0,-0.6727939,0,0.73983,-0.9955062,0,0.09469664
saccade,13.8461,0.04068757,0.03973234,-0.05602857,-0.03309071,0.07841088,-0.002585283,-0.9963685,-0.1560812,-0.06634652,0.9855134,0.1081502,0.03862536,-0.05177015,0.0288578,0.1149032,0.0004646187,-0.9929573,-0.2281612,0.0574159,0.971929,0.14,1.811587,3.74,0,-0.6727939,0,0.73983,-0.9955062,0,0.09469664
saccade,13.8572,0.04068664,0.03976011,-0.05605,-0.03310231,0.07845803,-0.002560419,-0.9963644,-0.1561761,-0.0663657,0.9854972,0.1081489,0.03864968,-0.05178535,0.02887846,0.1148815,0.0004918108,-0.9929593,-0.2281168,0.05746327,0.9719366,0.14,1.811587,3.74,0,-0.6727939,0,0.73983,-0.9955062,0,0.09469664
saccade,13.8683,0.04068314,0.03977108,-0.05606785,-0.03306149,0.07849224,-0.002447581,-0.9963633,-0.1562517,-0.06626674,0.9854918,0.1081448,0.03864515,-0.05179901,0.02892334,0.1149084,0.0006049894,-0.9929548,-0.2281628,0.05757817,0.971919,0.14,1.811587,3.74,0,-0.6727939,0,0.73983,-0.9955062,0,0.09469664
saccade,13.8796,0.04069192,0.03977203,-0.05608081,-0.03314416,0.07858371,-0.002469214,-0.9963534,-0.1564306,-0.06643468,0.9854521,0.1081541,0.03864968,-0.05181785,0.02887899,0.1148667,0.0005795995,-0.9929609,-0.2280828,0.05748457,0.9719433,0.14,1.811587,3.74,0,-0.6727939,0,0.73983,-0.9955062,0,0.09469664
saccade,13.8905,0.04069621,0.03976595,-0.05607417,-0.0329931,0.07860372,-0.002527912,-0.9963566,-0.1564679,-0.06614318,0.9854658,0.1081583,0.03865123,-0.0518079,0.02920825,0.114964,0.0005247573,-0.9929401,-0.2282741,0.05812473,0.9718603,0.14,1.811587,3.74,0,-0.6727939,0,0.73983,-0.9955062,0,0.09469664
saccade,13.9022,0.04069953,0.03978348,-0.0560712,-0.03288579,0.07859854,-0.002512376,-0.9963607,-0.1564597,-0.06592715,0.9854816,0.1081616,0.03866637,-0.05180546,0.02931608,0.1149577,0.0005360075,-0.9929376,-0.2282602,0.05834131,0.9718506,0.14,1.811587,3.74,0,-0.6727939,0,0.73983,-0.9955062,0,0.09469664
saccade,13.9135,0.04071721,0.03978515,-0.05606976,-0.03260662,0.07871721,-0.002421765,-0.9963607,-0.1567035,-0.06535719,0.9854808,0.1081795,0.03865743,-0.05181118,0.02938935,0.1149016,0.0006090655,-0.9929419,-0.2281453,0.05850381,0.9718678,0.14,1.811587,3.74,0,-0.6727939,0,0.73983,-0.9955062,0,0.09469664
saccade,13.9243,0.04073649,0.03976786,-0.05607948,-0.03260871,0.07866573,-0.002324336,-0.9963649,-0.1566079,-0.06534604,0.9854968,0.1081991,0.03862727,-0.05182831,0.02920062,0.1149497,0.0007000788,-0.9929418,-0.2282358,0.05814999,0.9718678,0.14,1.811587,3.74,0,-0.6727939,0,0.73983,-0.9955062,0,0.09469664
saccade,13.9357,0.04076377,0.0397675,-0.05606467,-0.03331304,0.07485461,-0.002399473,-0.996635,-0.1490456,-0.06676111,0.9865741,0.1082266,0.03862,-0.05181977,0.02912367,0.1149035,0.0007541075,-0.9929494,-0.2281429,0.05800997,0.971898,0.14,1.811587,3.74,0,-0.6727939,0,0.73983,-0.9955062,0,0.09469664
saccade,13.9464,0.04080141,0.03976309,-0.0560584,-0.03338876,0.07477554,-0.00232471,-0.9966386,-0.1488931,-0.06690072,0.9865876,0.1082648,0.03860593,-0.05182472,0.02905116,0.1148204,0.0008267545,-0.992961,-0.2279763,0.0578832,0.9719446,0.14,1.811587,3.74,0,-0.6727939,0,0.73983,-0.9955062,0,0.09469664
saccade,13.9574,0.04084187,0.03974962,-0.05606274,-0.03346356,0.07469561,-0.002256454,-0.9966422,-0.1487386,-0.06703948,0.9866015,0.1083058,0.03858376,-0.05184036,0.02535585,0.1123708,0.0007083241,-0.9933425,-0.2232094,0.05053327,0.9734598,0.14,1.811587,3.74,0,-0.6727939,0,0.73983,-0.9955062,0,0.09469664
saccade,13.9686,0.04085759,0.03974462,-0.05606521,-0.03337172,0.07465845,-0.002319731,-0.9966479,-0.1486616,-0.06686608,0.9866249,0.108322,0.03858721,-0.05184734,0.0254453,0.1123374,0.0006395334,-0.9933441,-0.2231469,0.05069558,0.9734657,0.14,1.811587,3.74,0,-0.6727939,0,0.73983,-0.9955062,0,0.09469664
saccade,13.9797,0.04085515,0.03979194,-0.05602177,-0.04110719,0.05972449,-0.003079755,-0.9973634,-0.1188808,-0.08236549,0.9894864,0.10832,0.0386461,-0.05180781,0.02543724,0.1123108,0.000554173,-0.9933473,-0.223099,0.0506605,0.9734785,0.14,1.811587,3.74,0,-0.6727939,0,0.73983,-0.9955062,0,0.09469664
saccade,13.9911,0.04087553,0.03978097,-0.05602095,-0.04095539,0.05972651,-0.003216195,-0.9973691,-0.1188753,-0.08207946,0.9895108,0.1083406,0.03865349,-0.05180559,0.01875871,0.1060733,1.244084E-05,-0.9941813,-0.2109118,0.03730176,0.9767931,0.14,1.811587,3.74,0,-0.6727939,0,0.73983,-0.9955062,0,0.09469664
saccade,14.0022,0.04089938,0.03979826,-0.05603167,-0.05029336,0.04568969,-0.003901997,-0.9976813,-0.09077501,-0.10071,0.990766,0.1083648,0.03866982,-0.05182337,0.01872017,0.1060217,2.129539E-05,-0.9941876,-0.2108102,0.03722724,0.9768179,0.14,1.811587,3.74,0,-0.6727939,0,0.73983,-0.9955062,0,0.09469664
saccade,14.0134,0.04093445,0.039832,-0.05602509,-0.05019173,0.04569986,-0.003838269,-0.9976861,-0.09080293,-0.100502,0.9907846,0.1083997,0.03869498,-0.05181561,0.01882557,0.1060275,7.932029E-05,-0.994185,-0.2108189,0.03744902,0.9768075,0.14,1.811587,3.74,0,-0.6727939,0,0.73983,-0.9955062,0,0.09469664
saccade,14.0243,0.04096045,0.03986216,-0.05603719,-0.05015572,0.04561202,-0.003727219,-0.9976924,-0.09063964,-0.10042,0.9908079,0.1084262,0.03871095,-0.05184024,0.01886836,0.1059327,0.0001816482,-0.9941943,-0.2106284,0.03755611,0.9768445,0.14,1.811587,3.74,0,-0.6727939,0,0.73983,-0.9955062,0,0.09469664
saccade,14.0381,0.04099396,0.0398773,-0.05605282,-0.05623936,0.03868327,-0.004101892,-0.9976593,-0.07672407,-0.1125328,0.9906815,0.1072216,0.03806591,-0.05248891,0.01555142,0.1007192,-6.713858E-05,-0.9947933,-0.2003917,0.03092737,0.9792276,0.14,1.811587,3.74,0,-0.6727939,0,0.73983,-0.9955062,0,0.09469664
saccade,14.0548,0.04101923,0.03988814,-0.05607002,-0.05628951,0.03864871,-0.004013217,-0.9976581,-0.0766646,-0.1126256,0.9906755,0.1072469,0.03806508,-0.05251155,0.01550683,0.1006785,2.176221E-05,-0.9947982,-0.2003089,0.03085671,0.9792467,0.14,1.811587,3.74,0,-0.6727939,0,0.73983,-0.9955062,0,0.09469664
saccade,14.0622,0.04107616,0.03996229,-0.05613843,-0.05629381,0.03868653,-0.00383661,-0.9976571,-0.07675982,-0.1126207,0.9906687,0.107303,0.0381155,-0.05257633,0.01264291,0.09806395,3.400375E-05,-0.9950998,-0.195166,0.02516858,0.9804472,0.14,1.811587,3.74,0,-0.6727939,0,0.73983,-0.9955062,0,0.09469664
saccade,14.0689,0.04107616,0.03996229,-0.05613843,-0.05820275,0.03686225,-0.003948562,-0.9976162,-0.07308913,-0.1164191,0.9905072,0.107303,0.0381155,-0.05257633,0.01264291,0.09806395,3.400375E-05,-0.9950998,-0.195166,0.02516858,0.9804472,0.14,1.811587,3.74,0,-0.6727939,0,0.73983,-0.9955062,0,0.09469664
saccade,14.0797,0.0410982,0.03997731,-0.05616071,-0.0581848,0.03689793,-0.003929547,-0.9976161,-0.07316265,-0.1163822,0.9905062,0.1073247,0.0381279,-0.05259397,0.01266201,0.09809807,5.436852E-05,-0.9950963,-0.1952327,0.02521051,0.9804329,0.14,1.811587,3.74,0,-0.6727939,0,0.73983,-0.9955062,0,0.09469664
saccade,14.0906,0.04112497,0.04000795,-0.05616494,-0.05817084,0.03689613,-0.00389593,-0.997617,-0.07316316,-0.1163519,0.9905096,0.1073513,0.03815413,-0.05259864,0.009486378,0.09574476,-8.144277E-05,-0.9953607,-0.1906027,0.01886914,0.9814859,0.14,1.811587,3.74,0,-0.6727939,0,0.73983,-0.9955062,0,0.09469664
saccade,14.1019,0.04115321,0.04004574,-0.05617097,-0.05818285,0.03686696,-0.003912312,-0.9976173,-0.07310297,-0.1163769,0.9905112,0.1073799,0.03819418,-0.05260845,0.009473418,0.09571685,-9.903068E-05,-0.9953635,-0.190548,0.01884003,0.981497,0.14,1.811587,3.74,0,-0.6727939,0,0.73983,-0.9955062,0,0.09469664
saccade,14.1131,0.04117675,0.04004967,-0.05618206,-0.05932926,0.03468399,-0.003987022,-0.9976278,-0.06873032,-0.1186536,0.9905541,0.1074038,0.03819573,-0.05262754,0.009534902,0.09565484,-8.330809E-05,-0.9953689,-0.1904253,0.01896555,0.9815184,0.14,1.811587,3.74,0,-0.6727939,0,0.73983,-0.9955062,0,0.09469664
saccade,14.1243,0.04120028,0.04005492,-0.05619038,-0.05937278,0.03459444,-0.003999454,-0.9976283,-0.06854986,-0.1187406,0.9905562,0.107428,0.03820324,-0.05264777,0.009490653,0.09556665,-9.921474E-05,-0.9953778,-0.1902517,0.01887461,0.9815539,0.14,1.811587,3.74,0,-0.6727939,0,0.73983,-0.9955062,0,0.09469664
saccade,14.1354,0.04125417,0.04005527,-0.05619438,-0.05927236,0.0345891,-0.004006527,-0.9976344,-0.06853961,-0.1185415,0.9905807,0.1074819,0.03820479,-0.05265203,0.007175307,0.0932329,-0.0002552237,-0.9956185,-0.1856525,0.01424015,0.9825123,0.14,1.811587,3.74,0,-0.6727939,0,0.73983,-0.9955062,0,0.09469664
saccade,14.1465,0.04127972,0.04005086,-0.05619539,-0.0599675,0.0339547,-0.004080701,-0.9976143,-0.06725796,-0.119926,0.9905019,0.107508,0.03820562,-0.05266103,0.007150835,0.09317369,-0.0002948528,-0.9956242,-0.1855362,0.01418414,0.9825351,0.14,1.811587,3.74,0,-0.6727939,0,0.73983,-0.9955062,0,0.09469664
saccade,14.1575,0.04129523,0.04004598,-0.05620357,-0.0601253,0.03386001,-0.003957649,-0.9976085,-0.06708215,-0.120231,0.9904769,0.1075239,0.03818476,-0.05268336,0.005221136,0.09138967,-0.0002732752,-0.9958015,-0.1820148,0.01034848,0.9832413,0.14,1.811587,3.74,0,-0.6727939,0,0.73983,-0.9955062,0,0.09469664
saccade,14.1685,0.04130342,0.04002929,-0.0561988,-0.06012814,0.03387781,-0.004044054,-0.9976074,-0.06710719,-0.1202426,0.9904738,0.1075322,0.0381794,-0.05267555,0.005213296,0.091413,-0.0003580209,-0.9957994,-0.1820617,0.01031734,0.983233,0.14,1.811587,3.74,0,-0.6727939,0,0.73983,-0.9955062,0,0.09469664
saccade,14.1795,0.04134342,0.04003656,-0.05619799,-0.06063407,0.03327789,-0.004127855,-0.9975967,-0.06589525,-0.1212514,0.9904322,0.1075724,0.03819358,-0.05267489,0.005127266,0.09141443,-0.0004066894,-0.9957997,-0.1820651,0.01013711,0.9832342,0.14,1.811587,3.74,0,-0.6727939,0,0.73983,-0.9955062,0,0.09469664
saccade,14.1903,0.04135815,0.04002964,-0.05620494,-0.06075981,0.03327302,-0.004067444,-0.9975895,-0.06589135,-0.1214974,0.9904023,0.107587,0.03817844,-0.05268349,0.002993613,0.08931237,-0.0004630393,-0.9959991,-0.1779129,0.005880563,0.9840287,0.14,1.811587,3.74,0,-0.6727939,0,0.73983,-0.9955062,0,0.09469664
saccade,14.2018,0.04135359,0.04001486,-0.0562074,-0.06075852,0.03329255,-0.004107571,-0.9975886,-0.0659254,-0.1214975,0.9904,0.1075824,0.03816879,-0.05268302,0.002992636,0.08933436,-0.0005018439,-0.9959971,-0.1779566,0.005871649,0.9840208,0.14,1.811587,3.74,0,-0.6727939,0,0.73983,-0.9955062,0,0.09469664
saccade,14.2127,0.04135742,0.04000866,-0.0561935,-0.06217311,0.03218081,-0.00416277,-0.9975378,-0.06368553,-0.124308,0.9901978,0.1075857,0.03815913,-0.0526614,0.002974451,0.08939289,-0.0004749885,-0.9959919,-0.178072,0.005840136,0.9840001,0.14,1.811587,3.74,0,-0.6727939,0,0.73983,-0.9955062,0,0.09469664
saccade,14.2241,0.04135167,0.0400095,-0.05618672,-0.06210522,0.03219102,-0.004232576,-0.9975414,-0.06369802,-0.1241776,0.9902133,0.1075801,0.03816938,-0.05265241,0.001615668,0.08809559,-0.000630293,-0.9961106,-0.1755079,0.003107715,0.9844731,0.14,1.811587,3.74,0,-0.6727939,0,0.73983,-0.9955062,0,0.09469664
saccade,14.2354,0.04134509,0.04000258,-0.05618566,-0.0620819,0.03225449,-0.004201396,-0.997541,-0.0638287,-0.1241295,0.990211,0.107573,0.03815782,-0.05264314,0.001640733,0.08815677,-0.0005964724,-0.9961051,-0.1756288,0.00316352,0.9844514,0.14,1.811587,3.74,0,-0.6727939,0,0.73983,-0.9955062,0,0.09469664
saccade,14.2462,0.04132885,0.0399965,-0.05619473,-0.06249982,0.0316379,-0.004293996,-0.9975342,-0.06258302,-0.1249631,0.9901856,0.1075568,0.03815973,-0.05264913,0.001673419,0.08817893,-0.000657307,-0.996103,-0.1756728,0.003217874,0.9844434,0.14,1.811587,3.74,0,-0.6727939,0,0.73983,-0.9955062,0,0.09469664
saccade,14.2569,0.041358,0.04002154,-0.05618573,-0.06256472,0.0316968,-0.004312797,-0.9975282,-0.06269724,-0.1250935,0.990162,0.1075856,0.03818655,-0.05263244,0.0009540858,0.08742471,-0.0007127022,-0.9961705,-0.1741812,0.001776249,0.984712,0.14,1.811587,3.74,0,-0.6727939,0,0.73983,-0.9955062,0,0.09469664
saccade,14.2682,0.04136222,0.04001641,-0.0561939,-0.06258015,0.03170266,-0.004309327,-0.9975271,-0.06270918,-0.125124,0.9901573,0.1075898,0.03818083,-0.05263993,0.0009388476,0.08743031,-0.000708013,-0.99617,-0.1741922,0.0017467,0.9847101,0.14,1.811587,3.74,0,-0.6727939,0,0.73983,-0.9955062,0,0.09469664
saccade,14.2793,0.041359,0.04001546,-0.05619759,-0.06348924,0.03122197,-0.004386378,-0.9974844,-0.06172989,-0.1269329,0.9899886,0.1075858,0.03818321,-0.05262887,0.0008840933,0.08754267,-0.0007310149,-0.9961601,-0.1744143,0.001633407,0.984671,0.14,1.811587,3.74,0,-0.6727939,0,0.73983,-0.9955062,0,0.09469664
saccade,14.2906,0.04138053,0.04003346,-0.05619262,-0.0635561,0.03121701,-0.004401041,-0.9974802,-0.06171728,-0.1270667,0.9899722,0.1076075,0.038203,-0.0526247,0.0004304256,0.08670309,-0.0007786733,-0.9962338,-0.1727538,0.0007225824,0.9849648,0.14,1.811587,3.74,0,-0.6727939,0,0.73983,-0.9955062,0,0.09469664
saccade,14.3023,0.04139971,0.04005849,-0.05618852,-0.06358814,0.03120164,-0.004376987,-0.9974788,-0.06168929,-0.1271288,0.989966,0.1076267,0.03822494,-0.05262297,0.0003997087,0.0866862,-0.0007539155,-0.9962354,-0.1727203,0.0006656997,0.9849707,0.14,1.811587,3.74,0,-0.6727939,0,0.73983,-0.9955062,0,0.09469664
saccade,14.3130,0.04140483,0.04005814,-0.05619161,-0.06367367,0.03087325,-0.00434391,-0.9974837,-0.06103795,-0.1272951,0.989985,0.107631,0.03821731,-0.05261404,0.0004679393,0.08677478,-0.0007018468,-0.9962276,-0.1728955,0.000810543,0.9849398,0.14,1.811587,3.74,0,-0.6727939,0,0.73983,-0.9955062,0,0.09469664
saccade,14.3239,0.04142445,0.04007912,-0.0561958,-0.06367767,0.03084429,-0.004367636,-0.9974842,-0.06097713,-0.1273044,0.9899876,0.1076509,0.03824162,-0.05262186,-0.0002032146,0.0859132,-0.0007724178,-0.9963024,-0.1711907,-0.0005376481,0.9852378,0.14,1.811587,3.74,0,-0.6727939,0,0.73983,-0.9955062,0,0.09469664
saccade,14.3352,0.04147094,0.04012454,-0.05618227,-0.06362035,0.03074991,-0.004290761,-0.9974911,-0.06079956,-0.1271854,0.9900138,0.1076978,0.03827798,-0.05262125,-0.0001416169,0.08581454,-0.0007049766,-0.9963109,-0.1709957,-0.0004031834,0.9852717,0.14,1.811587,3.74,0,-0.6727939,0,0.73983,-0.9955062,0,0.09469664
saccade,14.3458,0.04149731,0.04014683,-0.05617447,-0.06451952,0.03074814,-0.004303677,-0.9974334,-0.06078309,-0.1289725,0.9897836,0.107724,0.03829789,-0.05261245,-3.233179E-05,0.08581904,-0.0006918026,-0.9963105,-0.1710048,-0.0001831647,0.9852702,0.14,1.811587,3.74,0,-0.6727939,0,0.73983,-0.9955062,0,0.09469664
saccade,14.3572,0.04152424,0.040169,-0.05616547,-0.06446037,0.03068522,-0.004234545,-0.9974394,-0.06066737,-0.1288505,0.9898065,0.1077512,0.0383116,-0.05261213,3.066845E-05,0.08575208,-0.0006302453,-0.9963163,-0.1708724,-4.697874E-05,0.9852931,0.14,1.811587,3.74,0,-0.6727939,0,0.73983,-0.9955062,0,0.09469664
saccade,14.3686,0.04154927,0.04018748,-0.0561627,-0.06446506,0.03057567,-0.004203598,-0.9974426,-0.06045298,-0.1288574,0.9898188,0.1077769,0.03832698,-0.05262413,-0.0004103631,0.08478,-0.0006447807,-0.9963994,-0.1689489,-0.0009271001,0.9856244,0.14,1.811587,3.74,0,-0.6727939,0,0.73983,-0.9955062,0,0.09469664
saccade,14.3794,0.0415861,0.04023397,-0.05615703,-0.06465667,0.0303668,-0.004184662,-0.9974366,-0.06003679,-0.129236,0.9897947,0.1078137,0.03836942,-0.05261959,-0.0003633965,0.08477023,-0.0006157858,-0.9964003,-0.1689297,-0.0008285773,0.9856278,0.14,1.811587,3.74,0,-0.6727939,0,0.73983,-0.9955062,0,0.09469664
saccade,14.3902,0.04161307,0.040254,-0.05616216,-0.06480955,0.03027237,-0.004203238,-0.9974295,-0.0598443,-0.1295404,0.9897666,0.1078415,0.03839231,-0.05263766,-0.0005173814,0.08467726,-0.000632068,-0.9964082,-0.1687456,-0.00113809,0.985659,0.14,1.811587,3.74,0,-0.6727939,0,0.73983,-0.9955062,0,0.09469664
saccade,14.4019,0.04163394,0.04025662,-0.05615201,-0.06472207,0.03020957,-0.004108011,-0.9974375,-0.05973255,-0.1293606,0.9897969,0.1078625,0.03838313,-0.05263628,-0.001211565,0.08396536,-0.0005890636,-0.9964678,-0.1673361,-0.002513493,0.9858967,0.14,1.811587,3.74,0,-0.6727939,0,0.73983,-0.9955062,0,0.09469664
saccade,14.4133,0.04165537,0.04029763,-0.05615813,-0.06483588,0.03007684,-0.004127264,-0.9974341,-0.05946414,-0.1295873,0.9897834,0.1078843,0.03842628,-0.05264813,-0.001205128,0.08392204,-0.0006052057,-0.9964715,-0.1672504,-0.002503331,0.9859113,0.14,1.811587,3.74,0,-0.6727939,0,0.73983,-0.9955062,0,0.09469664
saccade,14.4240,0.04167483,0.04032767,-0.05615064,-0.06477652,0.0300138,-0.004101968,-0.9974399,-0.0593425,-0.1294676,0.9898064,0.1079041,0.03845358,-0.05264896,-0.001144363,0.08385781,-0.0005872147,-0.9964769,-0.1671234,-0.002379147,0.9859331,0.14,1.811587,3.74,0,-0.6727939,0,0.73983,-0.9955062,0,0.09469664
saccade,14.4349,0.04169145,0.04034984,-0.05615079,-0.06476051,0.02997106,-0.004113462,-0.9974422,-0.05925602,-0.1294363,0.9898157,0.107921,0.03847778,-0.05265459,-0.002008103,0.08320691,-0.0006470341,-0.9965301,-0.1658338,-0.004109945,0.9861451,0.14,1.811587,3.74,0,-0.6727939,0,0.73983,-0.9955062,0,0.09469664
saccade,14.4462,0.04169991,0.04036474,-0.05615017,-0.06498861,0.02930224,-0.004106172,-0.9974473,-0.05792117,-0.1298861,0.9898357,0.1079299,0.03848898,-0.05266282,-0.001976715,0.08313964,-0.0006204098,-0.9965358,-0.1657008,-0.004042896,0.9861678,0.14,1.811587,3.74,0,-0.6727939,0,0.73983,-0.9955062,0,0.09469664
saccade,14.4577,0.04169814,0.04034042,-0.05616384,-0.0650128,0.02925988,-0.00407034,-0.9974471,-0.05784113,-0.1299319,0.9898344,0.1079283,0.03846025,-0.05268249,-0.002768212,0.08252539,-0.0006262205,-0.996585,-0.1644837,-0.005620874,0.9863638,0.14,1.811587,3.74,0,-0.6727939,0,0.73983,-0.9955062,0,0.09469664
saccade,14.4686,0.04170027,0.04033756,-0.0561692,-0.06507343,0.02927806,-0.004145022,-0.9974423,-0.05786689,-0.1300567,0.9898165,0.1079305,0.03846693,-0.05268504,-0.002832871,0.082548,-0.0006962877,-0.9965828,-0.1645279,-0.005761337,0.9863556,0.14,1.811587,3.74,0,-0.6727939,0,0.73983,-0.9955062,0,0.09469664
saccade,14.4797,0.04169438,0.0403471,-0.05617743,-0.06441712,0.02910178,-0.004237413,-0.9974896,-0.05751152,-0.1287574,0.990007,0.1079252,0.03849101,-0.05269549,-0.002799403,0.08252981,-0.000806595,-0.9965844,-0.1644913,-0.005712819,0.986362,0.14,1.811587,3.74,0,-0.6727939,0,0.73983,-0.9955062,0,0.09469664
saccade,14.4907,0.04168713,0.04037941,-0.05616232,-0.06443404,0.02915056,-0.004220489,-0.9974872,-0.05761074,-0.1287903,0.989997,0.1079175,0.03852057,-0.05267414,-0.003211349,0.08222438,-0.0008082215,-0.9966084,-0.1638858,-0.006533827,0.9864577,0.14,1.811587,3.74,0,-0.6727939,0,0.73983,-0.9955062,0,0.09469664
saccade,14.5014,0.04166498,0.04041493,-0.05615029,-0.06433468,0.02915769,-0.004260599,-0.9974933,-0.05762099,-0.1285953,0.9900218,0.1078954,0.0385617,-0.05266043,-0.003114069,0.08223409,-0.0008530317,-0.9966078,-0.163905,-0.006347308,0.9864557,0.14,1.811587,3.74,0,-0.6727939,0,0.73983,-0.9955062,0,0.09469664
saccade,14.5128,0.04164803,0.04043388,-0.05615711,-0.06416853,0.0290261,-0.004298021,-0.9975076,-0.05735593,-0.1282667,0.9900798,0.1078783,0.03858495,-0.05266031,-0.003031764,0.08228372,-0.0008893123,-0.996604,-0.1640032,-0.006189289,0.9864404,0.14,1.811587,3.74,0,-0.6727939,0,0.73983,-0.9955062,0,0.09469664
saccade,14.5239,0.04162842,0.04043984,-0.05617434,-0.06408639,0.02910347,-0.004308681,-0.9975106,-0.05750978,-0.1281045,0.9900919,0.1078581,0.0385921,-0.05266689,-0.003735948,0.08182622,-0.0009392593,-0.9966392,-0.1630954,-0.007600497,0.986581,0.14,1.811587,3.74,0,-0.6727939,0,0.73983,-0.9955062,0,0.09469664
saccade,14.5348,0.04161448,0.04042363,-0.05620408,-0.06403911,0.02916409,-0.004248441,-0.9975121,-0.05763892,-0.1280074,0.9900969,0.1078435,0.03856742,-0.05268894,-0.003685456,0.081883,-0.0008780357,-0.9966348,-0.1632084,-0.007489899,0.9865632,0.14,1.811587,3.74,0,-0.6727939,0,0.73983,-0.9955062,0,0.09469664
saccade,14.5464,0.04170803,0.03945577,-0.05650793,-0.06433506,0.02917197,-0.004441154,-0.997492,-0.05762617,-0.1286065,0.99002,0.1078311,0.03854442,-0.05271734,-0.0037228,0.08198607,-0.00105237,-0.996626,-0.1634111,-0.007593038,0.9865289,0.14,1.811587,3.74,0,-0.6727939,0,0.73983,-0.9955062,0,0.09469664
saccade,14.5570,0.04169749,0.03943968,-0.05653286,-0.06435128,0.02921542,-0.004440411,-0.9974897,-0.05771267,-0.1286389,0.9900107,0.1078202,0.03852785,-0.05273658,-0.004122997,0.08140802,-0.001077867,-0.9966717,-0.1622653,-0.008394043,0.9867114,0.14,1.811587,3.74,0,-0.6727939,0,0.73983,-0.9955062,0,0.09469664
saccade,14.5680,0.04169062,0.03943729,-0.05653306,-0.06421268,0.02940118,-0.00437086,-0.9974935,-0.05809363,-0.1283605,0.9900246,0.1078118,0.03851521,-0.05271255,-0.003980655,0.08158894,-0.001004544,-0.9966576,-0.1626245,-0.00809862,0.9866548,0.14,1.811587,3.74,0,-0.6727939,0,0.73983,-0.9955062,0,0.09469664
saccade,14.5797,0.04168929,0.03952718,-0.05652124,-0.06445597,0.02919463,-0.004203268,-0.9974846,-0.05770053,-0.1288331,0.9899862,0.1078111,0.03858268,-0.0527176,-0.004116541,0.08146469,-0.00083116,-0.9966674,-0.1623796,-0.008341066,0.9866931,0.14,1.811587,3.74,0,-0.6727939,0,0.73983,-0.9955062,0,0.09469664
saccade,14.5911,0.04168714,0.03958166,-0.05651882,-0.06448989,0.02911276,-0.004042014,-0.9974854,-0.05755776,-0.1288908,0.989987,0.1078094,0.0386163,-0.05272745,-0.004673094,0.08103191,-0.0006999474,-0.9967003,-0.1615225,-0.009428786,0.986824,0.14,1.811587,3.74,0,-0.6727939,0,0.73983,-0.9955062,0,0.09469664
saccade,14.6027,0.04169672,0.0396266,-0.05652574,-0.06451212,0.02909874,-0.004007104,-0.9974846,-0.05753408,-0.1289329,0.9899829,0.107819,0.03865671,-0.05273657,-0.004693529,0.08101583,-0.0006648342,-0.9967015,-0.161491,-0.009463819,0.9868288,0.14,1.811587,3.74,0,-0.6727939,0,0.73983,-0.9955062,0,0.09469664
saccade,14.6130,0.04169441,0.03965008,-0.05654524,-0.06468625,0.02905636,-0.004126357,-0.997474,-0.0574321,-0.1292855,0.9899428,0.1078169,0.03869522,-0.05275562,-0.004698499,0.08101872,-0.0007774793,-0.9967012,-0.1614956,-0.00949198,0.9868278,0.14,1.811587,3.74,0,-0.6727939,0,0.73983,-0.9955062,0,0.09469664
saccade,14.6238,0.04169199,0.03967333,-0.05656838,-0.06470305,0.02905136,-0.004200509,-0.9974728,-0.0574123,-0.1293231,0.9899391,0.1078146,0.03872812,-0.05277881,-0.004719183,0.08101813,-0.0008508253,-0.9967011,-0.1614937,-0.009545094,0.9868276,0.14,1.811587,3.74,0,-0.6727939,0,0.73983,-0.9955062,0,0.09469664
saccade,14.6349,0.04168501,0.0396961,-0.05660599,-0.06472807,0.02904836,-0.004276833,-0.9974709,-0.05739612,-0.1293772,0.989933,0.1078078,0.03876102,-0.05281621,-0.00521734,0.08073592,-0.000948563,-0.9967214,-0.1609326,-0.01055364,0.986909,0.14,1.811587,3.74,0,-0.6727939,0,0.73983,-0.9955062,0,0.09469664
saccade,14.6460,0.04168449,0.03971434,-0.05662808,-0.06494743,0.02869021,-0.004391788,-0.9974665,-0.05666457,-0.1298178,0.9899174,0.1078074,0.03879213,-0.05283743,-0.005142643,0.08074074,-0.001047975,-0.9967213,-0.1609413,-0.01042079,0.986909,0.14,1.811587,3.74,0,-0.6727939,0,0.73983,-0.9955062,0,0.09469664
saccade,14.6574,0.0416906,0.03972423,-0.05664151,-0.06488714,0.02867162,-0.004348988,-0.9974712,-0.05663384,-0.1296955,0.9899352,0.1078136,0.03879678,-0.05285356,-0.005080082,0.08071978,-0.00100956,-0.9967234,-0.1609003,-0.01028986,0.986917,0.14,1.811587,3.74,0,-0.6727939,0,0.73983,-0.9955062,0,0.09469664
saccade,14.6682,0.04169487,0.03976071,-0.0566551,-0.06481925,0.02862543,-0.004360146,-0.9974769,-0.05654117,-0.129561,0.9899581,0.1078182,0.03883541,-0.052873,-0.005361535,0.08045144,-0.001044197,-0.9967436,-0.1603677,-0.01085617,0.9869977,0.14,1.811587,3.74,0,-0.6727939,0,0.73983,-0.9955062,0,0.09469664
saccade,14.6797,0.04169248,0.03978586,-0.05666202,-0.064747,0.02844989,-0.004266926,-0.997487,-0.05620426,-0.1294114,0.9899969,0.1078155,0.03884745,-0.05287701,-0.005241543,0.08047231,-0.0009486283,-0.9967426,-0.1604104,-0.01060161,0.9869935,0.14,1.811587,3.74,0,-0.6727939,0,0.73983,-0.9955062,0,0.09469664
saccade,14.6907,0.04167067,0.03978276,-0.05666516,-0.06467517,0.02842306,-0.004170153,-0.9974928,-0.05616418,-0.1292631,0.9900185,0.1077937,0.03883219,-0.05288436,-0.005164629,0.08043997,-0.0008574942,-0.9967457,-0.1603475,-0.0104336,0.9870055,0.14,1.811587,3.74,0,-0.6727939,0,0.73983,-0.9955062,0,0.09469664
saccade,14.7015,0.04164499,0.03975594,-0.05667585,-0.06465603,0.02848822,-0.004138405,-0.9974923,-0.05629842,-0.1292236,0.990016,0.1077675,0.0388006,-0.05288668,-0.005398175,0.0802343,-0.0008384683,-0.9967611,-0.1599398,-0.01089593,0.9870666,0.14,1.811587,3.74,0,-0.6727939,0,0.73983,-0.9955062,0,0.09469664
saccade,14.7127,0.0416364,0.03974819,-0.05670178,-0.06514237,0.02831691,-0.004242677,-0.9974651,-0.05593751,-0.1301948,0.9899092,0.1077579,0.03880227,-0.05289314,-0.005549197,0.08038284,-0.0009068185,-0.9967483,-0.1602329,-0.01120809,0.9870156,0.14,1.811587,3.74,0,-0.6727939,0,0.73983,-0.9955062,0,0.09469664
saccade,14.7236,0.04161826,0.0397073,-0.05672536,-0.06506011,0.02838006,-0.004257418,-0.9974687,-0.05606246,-0.1300325,0.9899235,0.1077393,0.03876317,-0.05290807,-0.005467641,0.0804467,-0.0009220197,-0.9967435,-0.1603594,-0.01104802,0.9869969,0.14,1.811587,3.74,0,-0.6727939,0,0.73983,-0.9955062,0,0.09469664
saccade,14.7350,0.04161071,0.0396688,-0.05673144,-0.06501089,0.02843743,-0.004375836,-0.9974697,-0.05616201,-0.1299417,0.9899298,0.1077315,0.03873992,-0.05290544,-0.005845254,0.08030017,-0.001058398,-0.996753,-0.1600665,-0.01182253,0.9870355,0.14,1.811587,3.74,0,-0.6727939,0,0.73983,-0.9955062,0,0.09469664
saccade,14.7461,0.04161322,0.03966141,-0.05673291,-0.06602319,0.02941622,-0.00441035,-0.9973747,-0.05809561,-0.1319592,0.9895512,0.1077335,0.03873563,-0.05289739,-0.006029233,0.08037452,-0.001078557,-0.9967459,-0.1602129,-0.01219261,0.9870071,0.14,1.811587,3.74,0,-0.6727939,0,0.73983,-0.9955062,0,0.09469664
saccade,14.7583,0.04161697,0.03964639,-0.05673292,-0.06582153,0.0293064,-0.00442552,-0.9973912,-0.0578773,-0.131559,0.9896173,0.1077381,0.03872442,-0.05291131,-0.00582817,0.08026644,-0.001110555,-0.9967558,-0.1599991,-0.01179681,0.9870467,0.14,1.811587,3.74,0,-0.6727939,0,0.73983,-0.9955062,0,0.09469664
saccade,14.7686,0.04162325,0.03964388,-0.05672467,-0.06584817,0.02927534,-0.004397599,-0.9973904,-0.05781873,-0.1316102,0.989614,0.1077446,0.03871834,-0.05290748,-0.007529417,0.08510397,-0.0009984348,-0.9963431,-0.1695705,-0.01517371,0.9854013,0.14,1.811587,3.74,0,-0.6727939,0,0.73983,-0.9955062,0,0.09469664
saccade,14.7798,0.04162461,0.03963971,-0.05672809,-0.07416714,0.04701366,-0.004163838,-0.9961284,-0.09304565,-0.1481515,0.9845779,0.1077461,0.03871536,-0.05291443,-0.007572148,0.08507792,-0.0010053,-0.996345,-0.1695187,-0.01526,0.9854088,0.14,1.811587,3.74,0,-0.6727939,0,0.73983,-0.9955062,0,0.09469664
saccade,14.7907,0.04163315,0.03964162,-0.05673411,-0.0742621,0.0469807,-0.004120673,-0.996123,-0.09298509,-0.1483356,0.9845559,0.1077549,0.03871167,-0.05292541,-0.007665649,0.08504224,-0.000960849,-0.9963474,-0.1694485,-0.01543873,0.9854181,0.14,1.811587,3.74,0,-0.6727939,0,0.73983,-0.9955062,0,0.09469664
saccade,14.8017,0.04164129,0.03964853,-0.05673502,-0.07429464,0.04698391,-0.004117057,-0.9961205,-0.09299152,-0.1483997,0.9845456,0.107763,0.0387181,-0.052926,-0.01879341,0.1097561,-0.0006008069,-0.9937807,-0.2181245,-0.03748494,0.9752008,0.14,1.811587,3.74,0,-0.6727939,0,0.73983,-0.9955062,0,0.09469664
saccade,14.8126,0.04165446,0.03963971,-0.05674411,-0.08974845,0.07861541,-0.003721854,-0.9928499,-0.1554386,-0.1787987,0.9715297,0.1077762,0.0387125,-0.05293504,-0.01888658,0.1097572,-0.000620669,-0.9937788,-0.2181253,-0.03767442,0.9751933,0.14,1.811587,3.74,0,-0.6727939,0,0.73983,-0.9955062,0,0.09469664
saccade,14.8239,0.04166405,0.039626,-0.05674476,-0.08974302,0.07867523,-0.003751002,-0.9928456,-0.1555515,-0.1787921,0.9715128,0.1077854,0.03870189,-0.05292743,-0.01888206,0.1098187,-0.0006456385,-0.993772,-0.2182451,-0.03767073,0.9751666,0.14,1.811587,3.74,0,-0.6727939,0,0.73983,-0.9955062,0,0.09469664
saccade,14.8350,0.04167486,0.0396384,-0.0567514,-0.08979079,0.0787037,-0.003752658,-0.992839,-0.1556063,-0.1788863,0.9714867,0.107796,0.03871429,-0.05293037,-0.03324521,0.137314,-0.00030594,-0.9899695,-0.2718531,-0.06590751,0.9600792,0.14,1.811587,3.74,0,-0.6727939,0,0.73983,-0.9955062,0,0.09469664
saccade,14.8460,0.04168427,0.03964591,-0.05675127,-0.09823489,0.09459867,-0.003500477,-0.9906507,-0.1867407,-0.1952952,0.962802,0.1078055,0.03871357,-0.05293462,-0.03316731,0.1372824,-0.0002478676,-0.9899765,-0.2717963,-0.06573776,0.9601069,0.14,1.811587,3.74,0,-0.6727939,0,0.73983,-0.9955062,0,0.09469664
saccade,14.8576,0.04169855,0.03967214,-0.05672609,-0.09816303,0.09458862,-0.003378008,-0.9906592,-0.186747,-0.1951313,0.962834,0.1078197,0.03872335,-0.05291231,-0.03845681,0.1503369,7.580616E-05,-0.9878866,-0.2970374,-0.07595915,0.9518398,0.14,1.811587,3.74,0,-0.6727939,0,0.73983,-0.9955062,0,0.09469664
saccade,14.8681,0.0417145,0.03968537,-0.05671368,-0.09805951,0.09459701,-0.003293385,-0.990669,-0.1867827,-0.1949121,0.9628715,0.1078355,0.0387249,-0.05289979,-0.03834829,0.1503399,0.0001548107,-0.9878904,-0.2970506,-0.07572126,0.9518546,0.14,1.811587,3.74,0,-0.6727939,0,0.73983,-0.9955062,0,0.09469664
saccade,14.8794,0.04172869,0.03968453,-0.05671173,-0.1024782,0.09475403,-0.003349194,-0.9902064,-0.1869656,-0.2035838,0.9610398,0.1078498,0.03871393,-0.05290212,-0.03830345,0.1503104,0.0002285896,-0.9878966,-0.2969999,-0.07561097,0.9518793,0.14,1.811587,3.74,0,-0.6727939,0,0.73983,-0.9955062,0,0.09469664
saccade,14.8906,0.04175133,0.0396837,-0.05672989,-0.1025343,0.09475742,-0.00339542,-0.9902002,-0.1869613,-0.2037025,0.9610155,0.1078725,0.0387193,-0.05291927,-0.03925791,0.1506909,0.0001685286,-0.9878011,-0.2977186,-0.07750722,0.9515021,0.14,1.811587,3.74,0,-0.6727939,0,0.73983,-0.9955062,0,0.09469664
saccade,14.9014,0.04176819,0.03967714,-0.05674528,-0.1026206,0.09475307,-0.00344281,-0.9901915,-0.1869407,-0.2038804,0.9609817,0.1078894,0.03871953,-0.05293467,-0.03934706,0.1506898,0.0001259139,-0.9877978,-0.297712,-0.07769593,0.9514888,0.14,1.811587,3.74,0,-0.6727939,0,0.73983,-0.9955062,0,0.09469664
saccade,14.9131,0.04177999,0.03966725,-0.056752,-0.1093385,0.09566894,-0.003693576,-0.9893832,-0.1884988,-0.217062,0.9577851,0.107901,0.03871834,-0.0529351,-0.03939819,0.1507347,6.350549E-05,-0.9877889,-0.2977932,-0.07781505,0.9514536,0.14,1.811587,3.74,0,-0.6727939,0,0.73983,-0.9955062,0,0.09469664
saccade,14.9240,0.04179149,0.03965986,-0.0567506,-0.1092287,0.09566404,-0.003828044,-0.9893952,-0.1884628,-0.2168731,0.957835,0.1079127,0.03872812,-0.05293226,-0.03929544,0.1507389,-7.689209E-05,-0.9877924,-0.2977914,-0.07765464,0.9514673,0.14,1.811587,3.74,0,-0.6727939,0,0.73983,-0.9955062,0,0.09469664
saccade,14.9349,0.04180329,0.03969264,-0.05675765,-0.1093041,0.09562622,-0.003862059,-0.9893904,-0.188379,-0.2170275,0.9578165,0.1079248,0.03876626,-0.05294388,-0.04003596,0.1508178,-0.0001267246,-0.9877506,-0.2979305,-0.07912932,0.9513022,0.14,1.811587,3.74,0,-0.6727939,0,0.73983,-0.9955062,0,0.09469664
saccade,14.9459,0.0418201,0.03970289,-0.05675112,-0.1092156,0.0955103,-0.003792544,-0.9894117,-0.1881696,-0.2168427,0.9578995,0.1079424,0.03876853,-0.05295359,-0.03994349,0.1506979,-7.052603E-05,-0.9877726,-0.2977048,-0.07893144,0.9513893,0.14,1.811587,3.74,0,-0.6727939,0,0.73983,-0.9955062,0,0.09469664
saccade,14.9570,0.04184458,0.03972507,-0.05673914,-0.1108479,0.09737026,-0.00369257,-0.9890491,-0.1917893,-0.2199872,0.9564635,0.1079671,0.03877819,-0.05294745,-0.03990425,0.1506577,2.275384E-05,-0.9877803,-0.2976353,-0.07882641,0.9514198,0.14,1.811587,3.74,0,-0.6727939,0,0.73983,-0.9955062,0,0.09469664
saccade,14.9679,0.04185665,0.0397321,-0.05674025,-0.1107315,0.09725185,-0.003767768,-0.9890736,-0.1915441,-0.219776,0.9565612,0.1079801,0.03879631,-0.05296297,-0.04240176,0.1557662,2.600718E-07,-0.9868835,-0.3074462,-0.08369111,0.947878,0.14,1.811587,3.74,0,-0.6727939,0,0.73983,-0.9955062,0,0.09469664
saccade,14.9794,0.04184979,0.03970385,-0.05675155,-0.1144017,0.1006998,-0.003613542,-0.9883111,-0.1982186,-0.2268567,0.9535436,0.1079734,0.03874612,-0.05298299,-0.04235172,0.1557077,0.0001638725,-0.9868948,-0.3073482,-0.08354235,0.9479229,0.14,1.811587,3.74,0,-0.6727939,0,0.73983,-0.9955062,0,0.09469664
saccade,14.9911,0.0418606,0.03972518,-0.05674759,-0.1143381,0.100735,-0.003615698,-0.9883149,-0.1982889,-0.2267326,0.9535585,0.107984,0.03876674,-0.05297429,-0.04228794,0.1557425,0.000160736,-0.9868921,-0.3074157,-0.08341721,0.947912,0.14,1.811587,3.74,0,-0.6727939,0,0.73983,-0.9955062,0,0.09469664
saccade,15.0017,0.04187089,0.03974438,-0.056749,-0.1142897,0.1007921,-0.003562426,-0.9883148,-0.1984143,-0.2266265,0.9535577,0.1079938,0.03877795,-0.05296895,-0.04360814,0.1577052,0.00022651,-0.9865229,-0.3111794,-0.08596943,0.9464548,0.14,1.811587,3.74,0,-0.6727939,0,0.73983,-0.9955062,0,0.09469664
saccade,15.0133,0.04187313,0.03975892,-0.05675445,-0.1167144,0.106912,-0.00349852,-0.9873881,-0.2103106,-0.2312329,0.9498951,0.1079961,0.03879642,-0.0529746,-0.04356149,0.1577019,0.0001920566,-0.9865255,-0.3111705,-0.08588848,0.946465,0.14,1.811587,3.74,0,-0.6727939,0,0.73983,-0.9955062,0,0.09469664
saccade,15.0245,0.04188024,0.03977382,-0.05676372,-0.1167907,0.1069033,-0.003448582,-0.9873803,-0.2103028,-0.231371,0.9498633,0.1080032,0.03880525,-0.05298586,-0.04363563,0.1576899,0.0002450862,-0.986524,-0.3111511,-0.08601791,0.9464597,0.14,1.811587,3.74,0,-0.6727939,0,0.73983,-0.9955062,0,0.09469664
saccade,15.0347,0.0418896,0.03978705,-0.05677366,-0.1167947,0.1069449,-0.003430743,-0.9873753,-0.2103881,-0.2313742,0.9498436,0.1080122,0.03881562,-0.05299058,-0.04438471,0.1591244,0.0002823398,-0.9862604,-0.3139012,-0.0874599,0.9454189,0.14,1.811587,3.74,0,-0.6727939,0,0.73983,-0.9955062,0,0.09469664
saccade,15.0459,0.04189875,0.03979456,-0.05678201,-0.1174315,0.109645,-0.003387568,-0.9870037,-0.2156444,-0.2325536,0.9483756,0.1080218,0.03882587,-0.05300557,-0.04438493,0.1590739,0.0002640484,-0.9862685,-0.3138027,-0.08746692,0.9454509,0.14,1.811587,3.74,0,-0.6727939,0,0.73983,-0.9955062,0,0.09469664
saccade,15.0572,0.04189396,0.03980935,-0.05677588,-0.1174063,0.1096271,-0.003374643,-0.9870088,-0.2156134,-0.2325021,0.9483953,0.1080171,0.0388391,-0.05300198,-0.04435903,0.1590552,0.0002743372,-0.9862726,-0.3137679,-0.08741293,0.9454675,0.14,1.811587,3.74,0,-0.6727939,0,0.73983,-0.9955062,0,0.09469664
saccade,15.0682,0.04190311,0.03981447,-0.05677946,-0.1173626,0.1096028,-0.003384709,-0.9870166,-0.2155651,-0.2324196,0.9484265,0.1080265,0.03884554,-0.05300859,-0.04611903,0.1600033,0.0002318302,-0.9860386,-0.3155603,-0.09087611,0.944544,0.14,1.811587,3.74,0,-0.6727939,0,0.73983,-0.9955062,0,0.09469664
saccade,15.0792,0.04190905,0.03981614,-0.05679003,-0.1173356,0.1122673,-0.003335022,-0.9867205,-0.2207702,-0.2323036,0.9472569,0.1080326,0.03885102,-0.05302157,-0.04612262,0.1599839,0.0002039669,-0.9860415,-0.3155204,-0.09089237,0.9445557,0.14,1.811587,3.74,0,-0.6727939,0,0.73983,-0.9955062,0,0.09469664
saccade,15.0904,0.04191354,0.03981066,-0.05680081,-0.1173226,0.1122289,-0.003351821,-0.9867263,-0.220692,-0.232283,0.9472801,0.1080374,0.03884828,-0.05303715,-0.04611052,0.1599471,0.0001838464,-0.986048,-0.315448,-0.09087557,0.9445815,0.14,1.811587,3.74,0,-0.6727939,0,0.73983,-0.9955062,0,0.09469664
saccade,15.1016,0.04193956,0.03986847,-0.05679016,-0.1173458,0.1122131,-0.003319445,-0.9867256,-0.220668,-0.2323211,0.9472764,0.1080635,0.03890216,-0.05302911,-0.04584871,0.1606818,0.0002460699,-0.9859408,-0.316868,-0.09032915,0.9441585,0.14,1.811587,3.74,0,-0.6727939,0,0.73983,-0.9955062,0,0.09469664
saccade,15.1128,0.04194169,0.03986168,-0.05679627,-0.1179056,0.1132506,-0.003258395,-0.9865404,-0.2226842,-0.2333752,0.9465452,0.1080657,0.03889012,-0.05303767,-0.04591941,0.1606662,0.0002950148,-0.98594,-0.3168416,-0.09045278,0.9441555,0.14,1.811587,3.74,0,-0.6727939,0,0.73983,-0.9955062,0,0.09469664
saccade,15.1236,0.0419377,0.03985751,-0.05681031,-0.1179332,0.1132459,-0.003249506,-0.9865376,-0.2226763,-0.2334271,0.9465342,0.1080617,0.038885,-0.05305249,-0.0459468,0.1606611,0.0003048675,-0.9859396,-0.3168323,-0.09050357,0.9441538,0.14,1.811587,3.74,0,-0.6727939,0,0.73983,-0.9955062,0,0.09469664
saccade,15.1376,0.04193526,0.03988051,-0.05680883,-0.1179781,0.1132758,-0.003243562,-0.9865289,-0.2227344,-0.2335125,0.9464995,0.1080591,0.03890705,-0.05304718,-0.04621743,0.1611883,0.0003222542,-0.9858409,-0.3178418,-0.09102217,0.9437646,0.14,1.811587,3.74,0,-0.6727939,0,0.73983,-0.9955062,0,0.09469664
saccade,15.1524,0.04192487,0.039891,-0.05681893,-0.1181779,0.1138043,-0.003236856,-0.9864442,-0.2237581,-0.2338885,0.9461651,0.1080483,0.0389173,-0.05305097,-0.04624945,0.1612358,0.0003255632,-0.9858316,-0.3179328,-0.09108335,0.943728,0.14,1.811587,3.74,0,-0.6727939,0,0.73983,-0.9955062,0,0.09469664
saccade,15.1592,0.041913,0.03989005,-0.05683967,-0.1182005,0.1138542,-0.00327756,-0.9864357,-0.2238448,-0.2339406,0.9461318,0.1080361,0.03892112,-0.05306448,-0.04627399,0.1612882,0.0002897261,-0.9858218,-0.3180298,-0.09114236,0.9436896,0.14,1.811587,3.74,0,-0.6727939,0,0.73983,-0.9955062,0,0.09469664
saccade,15.1680,0.04189646,0.03988051,-0.05685703,-0.1182101,0.1138813,-0.003288416,-0.9864312,-0.2238947,-0.2339613,0.9461148,0.1080194,0.03891265,-0.0530781,-0.0467989,0.1619909,0.0002845428,-0.9856819,-0.3193696,-0.09216547,0.9431376,0.14,1.811587,3.74,0,-0.6727939,0,0.73983,-0.9955062,0,0.09469664
saccade,15.1797,0.04186679,0.03987896,-0.05686945,-0.1182033,0.1139043,-0.003295573,-0.9864294,-0.2239381,-0.2339492,0.9461076,0.1079895,0.0389117,-0.05308736,-0.04679238,0.1620141,0.0002787412,-0.9856784,-0.3194138,-0.09215415,0.9431238,0.14,1.811587,3.74,0,-0.6727939,0,0.73983,-0.9955062,0,0.09469664
saccade,15.1909,0.04185226,0.03986919,-0.0568878,-0.1180773,0.1144596,-0.003280938,-0.9863803,-0.2250266,-0.2336893,0.9459135,0.1079747,0.03890157,-0.05310057,-0.04677718,0.1620523,0.0002773833,-0.9856728,-0.3194871,-0.0921241,0.9431019,0.14,1.811587,3.74,0,-0.6727939,0,0.73983,-0.9955062,0,0.09469664
saccade,15.2019,0.04183548,0.03986561,-0.05690515,-0.1180637,0.1144489,-0.003351436,-0.9863829,-0.2249895,-0.2336792,0.9459248,0.1079581,0.03890729,-0.0531182,-0.04641357,0.1622232,0.0002217177,-0.9856619,-0.3198151,-0.09142425,0.9430588,0.14,1.811587,3.74,0,-0.6727939,0,0.73983,-0.9955062,0,0.09469664
saccade,15.2128,0.04181954,0.03985155,-0.05691059,-0.117993,0.1145356,-0.003395769,-0.9863811,-0.2251502,-0.2335501,0.9459184,0.1079415,0.03889716,-0.05311143,-0.04634449,0.1623119,0.0001803895,-0.9856505,-0.3199824,-0.09130038,0.943014,0.14,1.811587,3.74,0,-0.6727939,0,0.73983,-0.9955062,0,0.09469664
saccade,15.2241,0.04180077,0.03983939,-0.05692417,-0.1190479,0.1157328,-0.003399763,-0.9861146,-0.2274421,-0.2355766,0.9448671,0.1079226,0.03888512,-0.05312234,-0.04633192,0.1623317,0.0001771429,-0.9856479,-0.3200203,-0.09127641,0.9430035,0.14,1.811587,3.74,0,-0.6727939,0,0.73983,-0.9955062,0,0.09469664
saccade,15.2352,0.04179068,0.03984118,-0.0569442,-0.1189891,0.1157705,-0.003395505,-0.9861173,-0.2275185,-0.2354606,0.9448776,0.1079122,0.03888535,-0.05313743,-0.04613761,0.1628308,0.0001986409,-0.9855747,-0.3209822,-0.09087943,0.9427149,0.14,1.811587,3.74,0,-0.6727939,0,0.73983,-0.9955062,0,0.09469664
saccade,15.2463,0.04178635,0.0398469,-0.05696683,-0.1189385,0.1158043,-0.003393518,-0.9861194,-0.2275866,-0.2353611,0.944886,0.1079076,0.03888988,-0.05315559,-0.04608662,0.162864,0.000200687,-0.9855716,-0.3210467,-0.09077796,0.9427027,0.14,1.811587,3.74,0,-0.6727939,0,0.73983,-0.9955062,0,0.09469664
saccade,15.2574,0.04178447,0.0398432,-0.05696933,-0.1183166,0.1159645,-0.003365353,-0.9861755,-0.2279264,-0.2341424,0.9451068,0.1079054,0.03888404,-0.05315412,-0.04601087,0.1628934,0.0002068535,-0.9855703,-0.3211049,-0.0906265,0.9426975,0.14,1.811587,3.74,0,-0.6727939,0,0.73983,-0.9955062,0,0.09469664
saccade,15.2682,0.0417844,0.03984511,-0.05698669,-0.1183443,0.1159938,-0.003351267,-0.9861688,-0.2279858,-0.2341923,0.9450802,0.1079051,0.03888392,-0.05316784,-0.04606113,0.1633337,0.0002352211,-0.985495,-0.3219508,-0.09070919,0.9424009,0.14,1.811587,3.74,0,-0.6727939,0,0.73983,-0.9955062,0,0.09469664
saccade,15.2797,0.04178051,0.03984511,-0.05700272,-0.1183281,0.1159032,-0.003329494,-0.9861814,-0.2278152,-0.2341577,0.9451298,0.1079019,0.03888237,-0.0531962,-0.046044,0.1632423,0.0002495132,-0.9855109,-0.321777,-0.09067228,0.9424638,0.14,1.811587,3.74,0,-0.6727939,0,0.73983,-0.9955062,0,0.09469664
saccade,15.2910,0.0414924,0.04080224,-0.05612007,-0.1184227,0.1165431,-0.003266853,-0.9860949,-0.2290714,-0.2343135,0.9447875,0.1079035,0.03888524,-0.05320928,-0.04608509,0.1632886,0.0003027686,-0.9855013,-0.3218701,-0.09073497,0.942426,0.14,1.811587,3.74,0,-0.6727939,0,0.73983,-0.9955062,0,0.09469664
saccade,15.3022,0.04150477,0.04083681,-0.0561019,-0.1183479,0.1164914,-0.003292328,-0.9861099,-0.2289673,-0.2341751,0.9448471,0.1079163,0.03892326,-0.0531974,-0.04636755,0.1634944,0.0002660938,-0.985454,-0.3222572,-0.09129917,0.9422392,0.14,1.811587,3.74,0,-0.6727939,0,0.73983,-0.9955062,0,0.09469664
saccade,15.3126,0.04150149,0.0408386,-0.05611282,-0.1185823,0.117474,-0.00328645,-0.9859652,-0.2308711,-0.2346081,0.9442762,0.107913,0.03892624,-0.05320691,-0.0463303,0.1635034,0.0002520592,-0.9854543,-0.3222736,-0.09123036,0.9422403,0.14,1.811587,3.74,0,-0.6727939,0,0.73983,-0.9955062,0,0.09469664
saccade,15.3237,0.0415022,0.04084122,-0.05612407,-0.1185264,0.1174681,-0.003286183,-0.9859726,-0.2308617,-0.2344996,0.9443055,0.1079137,0.03892839,-0.05321882,-0.04627417,0.1634973,0.0002492776,-0.9854579,-0.3222624,-0.09112098,0.9422547,0.14,1.811587,3.74,0,-0.6727939,0,0.73983,-0.9955062,0,0.09469664
saccade,15.3355,0.04149764,0.04085362,-0.05612626,-0.1185058,0.1174432,-0.003281651,-0.9859781,-0.230815,-0.2344591,0.9443269,0.1079093,0.03894031,-0.05322434,-0.04664944,0.1636282,0.0002430077,-0.9854185,-0.3225073,-0.09185891,0.9420993,0.14,1.811587,3.74,0,-0.6727939,0,0.73983,-0.9955062,0,0.09469664
saccade,15.3462,0.04149788,0.04086125,-0.0561309,-0.1186934,0.1175343,-0.003307294,-0.9859446,-0.2309794,-0.2348276,0.9441952,0.1079098,0.03895211,-0.05323282,-0.04668925,0.1635993,0.0002182077,-0.9854214,-0.3224488,-0.09194577,0.9421108,0.14,1.811587,3.74,0,-0.6727939,0,0.73983,-0.9955062,0,0.09469664
saccade,15.3575,0.04149706,0.04085326,-0.0561366,-0.1186789,0.1175338,-0.003279541,-0.9859465,-0.2309857,-0.234793,0.9442022,0.1079089,0.03894031,-0.053239,-0.04667342,0.1635968,0.0002451474,-0.9854226,-0.3224468,-0.09190588,0.9421154,0.14,1.811587,3.74,0,-0.6727939,0,0.73983,-0.9955062,0,0.09469664
saccade,15.3691,0.04149919,0.04084837,-0.05614186,-0.1186948,0.1174948,-0.003357409,-0.9859489,-0.2308908,-0.234843,0.944213,0.1079115,0.03894651,-0.0532482,-0.04695345,0.1638209,0.0001645745,-0.9853721,-0.3228645,-0.09247933,0.9419162,0.14,1.811587,3.74,0,-0.6727939,0,0.73983,-0.9955062,0,0.09469664
saccade,15.3800,0.04152478,0.04088819,-0.0561125,-0.1188056,0.1175459,-0.003354754,-0.9859295,-0.2309869,-0.2350565,0.9441364,0.1079371,0.03898585,-0.05321951,-0.04695834,0.1638162,0.0001688511,-0.9853727,-0.3228559,-0.09248761,0.9419183,0.14,1.811587,3.74,0,-0.6727939,0,0.73983,-0.9955062,0,0.09469664
saccade,15.3905,0.04151199,0.04086411,-0.05611737,-0.1187609,0.1175182,-0.003328546,-0.9859383,-0.2309408,-0.2349642,0.9441707,0.1079244,0.03895819,-0.05322839,-0.04691231,0.1637867,0.0001908455,-0.9853797,-0.322802,-0.09239035,0.9419463,0.14,1.811587,3.74,0,-0.6727939,0,0.73983,-0.9955062,0,0.09469664
saccade,15.4019,0.04149859,0.04082906,-0.05612209,-0.1187997,0.1174841,-0.003248435,-0.985938,-0.2308923,-0.2350216,0.9441682,0.107911,0.03891361,-0.05323903,-0.04719296,0.164138,0.0002733383,-0.9853078,-0.3234787,-0.09290946,0.9416631,0.14,1.811587,3.74,0,-0.6727939,0,0.73983,-0.9955062,0,0.09469664
saccade,15.4129,0.04149139,0.04077125,-0.05612268,-0.1188741,0.1175024,-0.003241576,-0.9859268,-0.2309268,-0.2351642,0.9441243,0.1079037,0.03885531,-0.05323748,-0.04726736,0.1641559,0.000285025,-0.9853013,-0.3235131,-0.0930516,0.9416372,0.14,1.811587,3.74,0,-0.6727939,0,0.73983,-0.9955062,0,0.09469664
saccade,15.4237,0.04148244,0.04070008,-0.05611981,-0.1189109,0.1171751,-0.003348373,-0.985961,-0.2302637,-0.2352677,0.9442604,0.1078951,0.03879762,-0.05323357,-0.04731862,0.1641599,0.0001893344,-0.9852982,-0.3235108,-0.09318375,0.941625,0.14,1.811587,3.74,0,-0.6727939,0,0.73983,-0.9955062,0,0.09469664
saccade,15.4349,0.04146583,0.040622,-0.05612524,-0.1190584,0.1172559,-0.003343916,-0.9859336,-0.2304168,-0.2355515,0.9441524,0.107878,0.03871906,-0.05322868,-0.04746644,0.1642404,0.0002066768,-0.9852777,-0.3236643,-0.09346736,0.9415441,0.14,1.811587,3.74,0,-0.6727939,0,0.73983,-0.9955062,0,0.09469664
saccade,15.4467,0.04145056,0.04056418,-0.05612152,-0.1191727,0.1172583,-0.003337317,-0.9859195,-0.2304191,-0.2357721,0.9440967,0.1078627,0.03866148,-0.05322503,-0.04804222,0.1641708,0.0002024744,-0.9852614,-0.3235218,-0.0946018,0.9414798,0.14,1.811587,3.74,0,-0.6727939,0,0.73983,-0.9955062,0,0.09469664
saccade,15.4573,0.04145103,0.04055965,-0.0560917,-0.1196678,0.1168177,-0.003309527,-0.9859119,-0.2295518,-0.2367371,0.9440665,0.107863,0.03865194,-0.05319337,-0.04823667,0.1641915,0.0002636171,-0.9852484,-0.3235642,-0.09496364,0.9414287,0.14,1.811587,3.74,0,-0.6727939,0,0.73983,-0.9955062,0,0.09469664
saccade,15.4682,0.04144457,0.04055285,-0.05606455,-0.1197101,0.116834,-0.003245414,-0.9859051,-0.2295975,-0.2368038,0.9440386,0.1078562,0.0386368,-0.05316519,-0.04827604,0.1642034,0.000330711,-0.9852445,-0.3235928,-0.0950188,0.9414133,0.14,1.811587,3.74,0,-0.6727939,0,0.73983,-0.9955062,0,0.09469664
saccade,15.4794,0.04143213,0.04057908,-0.05605145,-0.1198633,0.1168325,-0.003184736,-0.9858868,-0.2296037,-0.2370874,0.9439659,0.1078437,0.03865659,-0.05315366,-0.04865206,0.1643045,0.0003944864,-0.985209,-0.323787,-0.09573527,0.941274,0.14,1.811587,3.74,0,-0.6727939,0,0.73983,-0.9955062,0,0.09469664
saccade,15.4910,0.04143742,0.04059947,-0.0560408,-0.1201367,0.1168551,-0.003103324,-0.9858512,-0.2296579,-0.2375992,0.9438241,0.1078493,0.0386678,-0.05315563,-0.04872023,0.1642164,0.0004762537,-0.9852204,-0.323625,-0.09584391,0.9413186,0.14,1.811587,3.74,0,-0.6727939,0,0.73983,-0.9955062,0,0.09469664
saccade,15.5020,0.04144313,0.04060507,-0.05603848,-0.1202537,0.1169071,-0.003190658,-0.9858305,-0.2297337,-0.2378456,0.9437436,0.1078549,0.0386852,-0.05314525,-0.04884179,0.1642746,0.0003986366,-0.9852046,-0.3237271,-0.09610735,0.9412567,0.14,1.811587,3.74,0,-0.6727939,0,0.73983,-0.9955062,0,0.09469664
saccade,15.5129,0.04141954,0.0405854,-0.05605642,-0.120288,0.1169008,-0.00327787,-0.9858267,-0.2296992,-0.2379327,0.94373,0.1078317,0.03867757,-0.05316267,-0.04895335,0.158414,0.0001405813,-0.9861585,-0.3124565,-0.09650698,0.9450172,0.14,1.811587,3.74,0,-0.6727939,0,0.73983,-0.9955062,0,0.09469664
saccade,15.5243,0.04139832,0.04057789,-0.05608726,-0.1193268,0.1059123,-0.00364409,-0.9871831,-0.20824,-0.2363666,0.9490874,0.10781,0.03867853,-0.05317805,-0.04897599,0.158526,7.336448E-05,-0.9861394,-0.3126647,-0.09657104,0.9449417,0.14,1.811587,3.74,0,-0.6727939,0,0.73983,-0.9955062,0,0.09469664
saccade,15.5352,0.04139199,0.04059005,-0.05606401,-0.1192275,0.1059659,-0.003680227,-0.9871892,-0.2083393,-0.2361802,0.9491121,0.1078034,0.03869367,-0.05314685,-0.0579675,0.1171731,-0.001444699,-0.9914173,-0.2321673,-0.1152785,0.9658205,0.14,1.811587,3.74,0,-0.6727939,0,0.73983,-0.9955062,0,0.09469664
saccade,15.5464,0.04136408,0.04059422,-0.05608501,-0.1191062,0.10598,-0.003703157,-0.9872022,-0.2083653,-0.2359486,0.9491639,0.1077755,0.03869975,-0.05316529,-0.05784573,0.117188,-0.001468088,-0.9914225,-0.2321958,-0.1150432,0.9658417,0.14,1.811587,3.74,0,-0.6727939,0,0.73983,-0.9955062,0,0.09469664
saccade,15.5584,0.04133953,0.04062808,-0.05611163,-0.1190468,0.04232743,-0.005565514,-0.9919705,-0.08265,-0.2366529,0.9680725,0.1077509,0.03873897,-0.05318876,-0.05773687,0.1172061,-0.001517524,-0.9914267,-0.2322272,-0.1148395,0.9658584,0.14,1.811587,3.74,0,-0.6727939,0,0.73983,-0.9955062,0,0.09469664
saccade,15.5683,0.04131779,0.04065633,-0.05614164,-0.1189329,0.04232696,-0.005470313,-0.9919846,-0.08267418,-0.2364224,0.9681268,0.1077289,0.03875458,-0.05321992,-0.0760448,0.03918546,-0.004219721,-0.9963253,-0.07744114,-0.1518614,0.9853634,0.14,1.811587,3.74,0,-0.6727939,0,0.73983,-0.9955062,0,0.09469664
saccade,15.5795,0.04131802,0.04062903,-0.05614882,-0.1187732,0.04233218,-0.005438234,-0.9920037,-0.08269554,-0.2361074,0.9682018,0.107729,0.03872299,-0.05322631,-0.07588449,0.0391892,-0.00418691,-0.9963374,-0.07745589,-0.1515413,0.9854115,0.14,1.811587,3.74,0,-0.6727939,0,0.73983,-0.9955062,0,0.09469664
saccade,15.5904,0.04129526,0.04061508,-0.0561882,-0.1151333,-0.0491943,-0.007823745,-0.9921004,0.09941291,-0.2276777,0.9686485,0.1077061,0.03870225,-0.05326738,-0.07579136,0.03917769,-0.004134516,-0.9963452,-0.07744229,-0.1513527,0.9854416,0.14,1.811587,3.74,0,-0.6727939,0,0.73983,-0.9955062,0,0.09469664
saccade,15.6020,0.04126884,0.04059267,-0.05623903,-0.1150832,-0.04914965,-0.007905891,-0.9921077,0.09934317,-0.2275727,0.9686803,0.1076796,0.03869069,-0.05331079,-0.08734816,-0.003843095,-0.005782362,-0.9961537,0.008666784,-0.1739799,0.9847111,0.14,1.811587,3.74,0,-0.6727939,0,0.73983,-0.9955062,0,0.09469664
saccade,15.6130,0.04124888,0.04056776,-0.05621866,-0.1150476,-0.04917287,-0.007976882,-0.9921101,0.09940524,-0.2274953,0.9686921,0.10766,0.03867579,-0.05329221,-0.08731583,-0.003864214,-0.005855517,-0.996156,0.008721278,-0.1739151,0.984722,0.14,1.811587,3.74,0,-0.6727939,0,0.73983,-0.9955062,0,0.09469664
saccade,15.6240,0.04123013,0.04053712,-0.05622478,-0.1160886,-0.100061,-0.009482072,-0.9881404,0.1999502,-0.2275261,0.9530225,0.1076415,0.03865469,-0.05329594,-0.08729088,-0.003853262,-0.005927102,-0.9961578,0.008711677,-0.1738653,0.9847309,0.14,1.811587,3.74,0,-0.6727939,0,0.73983,-0.9955062,0,0.09469664
saccade,15.6353,0.04121405,0.04051793,-0.05625413,-0.1160479,-0.1000374,-0.00956182,-0.9881468,0.1999225,-0.2274315,0.9530509,0.1076255,0.03864622,-0.0533207,-0.09120622,-0.01464962,-0.006433085,-0.9957035,0.03034684,-0.1814402,0.9829336,0.14,1.811587,3.74,0,-0.6727939,0,0.73983,-0.9955062,0,0.09469664
saccade,15.6460,0.04120674,0.04050183,-0.05627836,-0.1160416,-0.1000744,-0.009613631,-0.9881433,0.2000068,-0.2274073,0.9530389,0.1076186,0.03863764,-0.05334902,-0.09120467,-0.01468545,-0.006486166,-0.9957028,0.03042782,-0.181435,0.9829321,0.14,1.811587,3.74,0,-0.6727939,0,0.73983,-0.9955062,0,0.09469664
saccade,15.6573,0.04123754,0.04049659,-0.05626673,-0.1167186,-0.1083187,-0.009877247,-0.9871911,0.2161683,-0.2283073,0.9492877,0.1076496,0.03863382,-0.05334217,-0.09129516,-0.01471944,-0.006498992,-0.9956939,0.03049877,-0.1816128,0.982897,0.14,1.811587,3.74,0,-0.6727939,0,0.73983,-0.9955062,0,0.09469664
saccade,15.6685,0.04123178,0.04048645,-0.05628762,-0.1167885,-0.1083504,-0.009898195,-0.9871792,0.2162345,-0.2284373,0.9492413,0.1076441,0.0386256,-0.05336741,-0.09343503,-0.01928057,-0.006704694,-0.9954161,0.03963729,-0.1857549,0.9817963,0.14,1.811587,3.74,0,-0.6727939,0,0.73983,-0.9955062,0,0.09469664
saccade,15.6801,0.04121809,0.0404793,-0.05630576,-0.1168503,-0.1083477,-0.009853737,-0.9871726,0.2162185,-0.2285676,0.9492136,0.1076302,0.03861129,-0.05338627,-0.09349278,-0.01927924,-0.006654826,-0.995411,0.03962588,-0.1858709,0.9817748,0.14,1.811587,3.74,0,-0.6727939,0,0.73983,-0.9955062,0,0.09469664
saccade,15.6907,0.0412272,0.04049015,-0.05627608,-0.1171539,-0.1122047,-0.01001732,-0.986704,0.2237729,-0.2289444,0.9473702,0.1076397,0.0386281,-0.05336,-0.09354622,-0.01930729,-0.006700763,-0.9954052,0.03969081,-0.185974,0.9817527,0.14,1.811587,3.74,0,-0.6727939,0,0.73983,-0.9955062,0,0.09469664
saccade,15.7020,0.04123226,0.04046702,-0.05626874,-0.1172561,-0.1120892,-0.01010364,-0.9867041,0.2235672,-0.2291292,0.947374,0.1076442,0.03861237,-0.05333673,-0.09493628,-0.02357177,-0.006937285,-0.9951801,0.04823351,-0.1886303,0.980863,0.14,1.811587,3.74,0,-0.6727939,0,0.73983,-0.9955062,0,0.09469664
saccade,15.7130,0.04121942,0.04045403,-0.05629152,-0.1172944,-0.1120312,-0.01017586,-0.9867054,0.2234707,-0.2291901,0.9473821,0.1076312,0.038607,-0.05335098,-0.09498048,-0.02351198,-0.007004455,-0.9951768,0.04812772,-0.1887154,0.9808518,0.14,1.811587,3.74,0,-0.6727939,0,0.73983,-0.9955062,0,0.09469664
saccade,15.7241,0.04120979,0.04044819,-0.0563065,-0.1178444,-0.1151197,-0.01021885,-0.9862838,0.2294898,-0.2301033,0.9457203,0.107621,0.03859198,-0.05335939,-0.09499083,-0.02345586,-0.006940784,-0.9951776,0.04800411,-0.1887399,0.9808531,0.14,1.811587,3.74,0,-0.6727939,0,0.73983,-0.9955062,0,0.09469664
saccade,15.7352,0.04121107,0.04042435,-0.05625348,-0.1178133,-0.1150806,-0.01009512,-0.9862934,0.2293851,-0.2300735,0.945753,0.1076217,0.03855205,-0.05330282,-0.0965884,-0.02688919,-0.00696843,-0.9949368,0.05485223,-0.191824,0.9798953,0.14,1.811587,3.74,0,-0.6727939,0,0.73983,-0.9955062,0,0.09469664
saccade,15.7461,0.04121194,0.04041314,-0.05625216,-0.1178329,-0.115102,-0.009999745,-0.9862895,0.2294044,-0.2301327,0.9457339,0.1076224,0.03852832,-0.05330592,-0.09659962,-0.02691295,-0.006872191,-0.9949357,0.054881,-0.1918509,0.9798884,0.14,1.811587,3.74,0,-0.6727939,0,0.73983,-0.9955062,0,0.09469664
saccade,15.7577,0.04121991,0.04039967,-0.05624923,-0.1195582,-0.1192721,-0.01005574,-0.9855856,0.2375101,-0.233271,0.94296,0.1076297,0.03849995,-0.05329692,-0.09653097,-0.02685883,-0.006759535,-0.9949446,0.05475111,-0.1917228,0.9799207,0.14,1.811587,3.74,0,-0.6727939,0,0.73983,-0.9955062,0,0.09469664
saccade,15.7682,0.04122191,0.04038465,-0.05625575,-0.1195526,-0.119354,-0.009971345,-0.9855772,0.2376494,-0.2332763,0.9429236,0.107632,0.03847539,-0.05331557,-0.09694412,-0.0289305,-0.006746929,-0.9948464,0.05887095,-0.1924986,0.9795297,0.14,1.811587,3.74,0,-0.6727939,0,0.73983,-0.9955062,0,0.09469664
saccade,15.7793,0.04125212,0.04035485,-0.05622505,-0.1196066,-0.1193502,-0.009972866,-0.9855711,0.2376419,-0.2333812,0.9428996,0.1076621,0.03844452,-0.05328473,-0.09699824,-0.02892695,-0.006743434,-0.9948413,0.05886365,-0.1926056,0.9795092,0.14,1.811587,3.74,0,-0.6727939,0,0.73983,-0.9955062,0,0.09469664
saccade,15.7909,0.04125869,0.04030418,-0.05623779,-0.1190129,-0.120777,-0.01008112,-0.985468,0.2404433,-0.2321317,0.9424977,0.1076688,0.03840411,-0.05329259,-0.09703626,-0.02889664,-0.006827013,-0.9948379,0.05881988,-0.1926761,0.9794979,0.14,1.811587,3.74,0,-0.6727939,0,0.73983,-0.9955062,0,0.09469664
saccade,15.8021,0.04125989,0.04025865,-0.0562553,-0.1190631,-0.1208158,-0.01023982,-0.9854556,0.2405556,-0.2321886,0.942455,0.1076707,0.03837883,-0.05331319,-0.09710135,-0.02893245,-0.006981223,-0.9948294,0.05892146,-0.1927946,0.9794685,0.14,1.811587,3.74,0,-0.6727939,0,0.73983,-0.9955062,0,0.09469664
saccade,15.8127,0.04126833,0.04021442,-0.05626237,-0.1190839,-0.1208455,-0.01035852,-0.9854482,0.240641,-0.2321984,0.9424308,0.1088361,0.03770983,-0.05296732,-0.09708311,-0.03085797,-0.007150011,-0.9947721,0.06278158,-0.1927099,0.9792453,0.14,1.811587,3.74,0,-0.6727939,0,0.73983,-0.9955062,0,0.09469664
saccade,15.8241,0.04129057,0.04020143,-0.05620261,-0.118004,-0.1221243,-0.01042334,-0.9854198,0.2431475,-0.230021,0.9423214,0.108859,0.03770578,-0.05291543,-0.09712909,-0.03092033,-0.007213398,-0.9947652,0.06291819,-0.1927952,0.9792197,0.14,1.811587,3.74,0,-0.6727939,0,0.73983,-0.9955062,0,0.09469664
saccade,15.8350,0.04130186,0.04019034,-0.05620136,-0.1179722,-0.1221828,-0.01044844,-0.9854161,0.2432671,-0.2299502,0.9423078,0.1088708,0.0376997,-0.05292145,-0.09710015,-0.0309785,-0.007242572,-0.9947661,0.06303924,-0.1927351,0.9792238,0.14,1.811587,3.74,0,-0.6727939,0,0.73983,-0.9955062,0,0.09469664
saccade,15.8461,0.04130581,0.0401895,-0.05620497,-0.1179152,-0.1222559,-0.01040337,-0.9854143,0.2433988,-0.2298469,0.942299,0.1088752,0.03769541,-0.05293515,-0.09692404,-0.03255228,-0.007243059,-0.994733,0.06616571,-0.1923555,0.9790922,0.14,1.811587,3.74,0,-0.6727939,0,0.73983,-0.9955062,0,0.09469664
saccade,15.8572,0.04133559,0.04019904,-0.05614822,-0.1185571,-0.1240513,-0.0103778,-0.9851131,0.2468698,-0.2310096,0.941111,0.1089054,0.03769422,-0.05289534,-0.09693354,-0.03266914,-0.007152729,-0.9947289,0.06638055,-0.1923778,0.9790732,0.14,1.811587,3.74,0,-0.6727939,0,0.73983,-0.9955062,0,0.09469664
saccade,15.8685,0.04133542,0.04020298,-0.05615583,-0.1184797,-0.1239896,-0.01032535,-0.9851307,0.2467386,-0.2308756,0.9411783,0.1089046,0.03769207,-0.05289476,-0.09685098,-0.03260772,-0.007106262,-0.9947392,0.06624884,-0.1922195,0.9791132,0.14,1.811587,3.74,0,-0.6727939,0,0.73983,-0.9955062,0,0.09469664
saccade,15.8798,0.04133716,0.04020846,-0.05615771,-0.118421,-0.1239285,-0.01034797,-0.9851453,0.246626,-0.230759,0.9412364,0.108906,0.03770077,-0.05288753,-0.09655077,-0.03337822,-0.007148522,-0.9947426,0.06778586,-0.1916091,0.9791277,0.14,1.811587,3.74,0,-0.6727939,0,0.73983,-0.9955062,0,0.09469664
saccade,15.8908,0.04133373,0.04022264,-0.05610511,-0.1188117,-0.1248026,-0.01034191,-0.9849879,0.2483155,-0.2314749,0.9406162,0.1089019,0.03770816,-0.05282697,-0.09654139,-0.03331524,-0.007103418,-0.9947459,0.06765195,-0.191595,0.9791397,0.14,1.811587,3.74,0,-0.6727939,0,0.73983,-0.9955062,0,0.09469664
saccade,15.9018,0.04132789,0.04023838,-0.05608719,-0.1188158,-0.124713,-0.01042365,-0.9849979,0.248161,-0.2314668,0.9406589,0.1088958,0.03773332,-0.05279572,-0.09655225,-0.03322315,-0.007182344,-0.9947474,0.06748422,-0.1916129,0.9791478,0.14,1.811587,3.74,0,-0.6727939,0,0.73983,-0.9955062,0,0.09469664
saccade,15.9131,0.04132218,0.04022384,-0.05609985,-0.1188079,-0.1246536,-0.01037283,-0.9850069,0.2480341,-0.2314671,0.9406923,0.1088894,0.03771114,-0.05280107,-0.09627536,-0.03414005,-0.007150117,-0.9947434,0.06929795,-0.1910504,0.979131,0.14,1.811587,3.74,0,-0.6727939,0,0.73983,-0.9955062,0,0.09469664
saccade,15.9238,0.04131014,0.04021621,-0.05610706,-0.1186146,-0.1257458,-0.01041365,-0.9848909,0.2501623,-0.231026,0.9402371,0.1088773,0.03770626,-0.05280333,-0.09621923,-0.03410776,-0.007168611,-0.9947498,0.06923689,-0.1909391,0.979157,0.14,1.811587,3.74,0,-0.6727939,0,0.73983,-0.9955062,0,0.09469664
saccade,15.9351,0.04131205,0.04025507,-0.05606149,-0.1186405,-0.1257457,-0.01039445,-0.9848881,0.2501572,-0.2310812,0.9402249,0.1088791,0.0377419,-0.05275825,-0.09658156,-0.03495417,-0.007181347,-0.9946852,0.07092396,-0.1916345,0.9789004,0.14,1.811587,3.74,0,-0.6727939,0,0.73983,-0.9955062,0,0.09469664
saccade,15.9465,0.04131202,0.04026258,-0.05605035,-0.1185384,-0.1257287,-0.01040543,-0.9849024,0.2501279,-0.230881,0.9402819,0.108879,0.03775311,-0.05274378,-0.09648049,-0.03493621,-0.007201218,-0.9946955,0.07089134,-0.1914343,0.978942,0.14,1.811587,3.74,0,-0.6727939,0,0.73983,-0.9955062,0,0.09469664
saccade,15.9575,0.04130404,0.04025567,-0.0560541,-0.1189006,-0.1261071,-0.01038054,-0.9848106,0.2508517,-0.231571,0.9399193,0.108871,0.03773987,-0.05275062,-0.0964942,-0.03495401,-0.007154527,-0.9946939,0.07091782,-0.1914642,0.9789342,0.14,1.811587,3.74,0,-0.6727939,0,0.73983,-0.9955062,0,0.09469664
saccade,15.9685,0.04130157,0.04024243,-0.05604425,-0.1189303,-0.1261488,-0.01036947,-0.9848018,0.2509296,-0.2316294,0.9398841,0.1088687,0.03772521,-0.05274683,-0.09681826,-0.03529499,-0.007159314,-0.9946503,0.07159866,-0.1920952,0.978761,0.14,1.811587,3.74,0,-0.6727939,0,0.73983,-0.9955062,0,0.09469664
saccade,15.9800,0.04130383,0.04025865,-0.05600513,-0.1189186,-0.12618,-0.01041299,-0.9847987,0.2510004,-0.2315939,0.9398739,0.1088714,0.03774798,-0.05271117,-0.09681077,-0.03532544,-0.007204434,-0.9946496,0.07166781,-0.1920766,0.9787596,0.14,1.811587,3.74,0,-0.6727939,0,0.73983,-0.9955062,0,0.09469664
saccade,15.9912,0.04130112,0.04024529,-0.05600019,-0.1189656,-0.1261978,-0.01041912,-0.9847907,0.2510358,-0.2316826,0.9398426,0.1088688,0.03773451,-0.05270894,-0.09685837,-0.03534345,-0.007206641,-0.9946444,0.07170437,-0.1921699,0.9787386,0.14,1.811587,3.74,0,-0.6727939,0,0.73983,-0.9955062,0,0.09469664
saccade,16.0018,0.04129233,0.04021502,-0.05599612,-0.1190872,-0.1266647,-0.01044352,-0.9847158,0.2519449,-0.2318884,0.9395486,0.1088601,0.03770506,-0.05270488,-0.09688588,-0.03564707,-0.007222285,-0.9946307,0.07231081,-0.1922164,0.9786848,0.14,1.811587,3.74,0,-0.6727939,0,0.73983,-0.9955062,0,0.09469664
saccade,16.0177,0.04128614,0.04020226,-0.0559447,-0.1191303,-0.1266952,-0.01042733,-0.9847068,0.2519998,-0.2319747,0.9395126,0.108854,0.03768969,-0.05265822,-0.09692777,-0.03567846,-0.007202922,-0.9946256,0.07236975,-0.1922997,0.9786641,0.14,1.811587,3.74,0,-0.6727939,0,0.73983,-0.9955062,0,0.09469664
saccade,16.0291,0.04127685,0.04017127,-0.05593132,-0.1191466,-0.1278181,-0.01050209,-0.984559,0.2541915,-0.231929,0.9389333,0.1088451,0.03766441,-0.05264883,-0.09696192,-0.03571066,-0.00724573,-0.9946209,0.07244225,-0.1923632,0.9786463,0.14,1.811587,3.74,0,-0.6727939,0,0.73983,-0.9955062,0,0.09469664
saccade,16.0403,0.0412669,0.04013348,-0.05593394,-0.1192077,-0.1278703,-0.01051417,-0.9845447,0.2542948,-0.2320416,0.9388775,0.1088356,0.03762758,-0.05265884,-0.09745681,-0.03631125,-0.007282155,-0.9945505,0.07364612,-0.1933226,0.9783673,0.14,1.811587,3.74,0,-0.6727939,0,0.73983,-0.9955062,0,0.09469664
saccade,16.0512,0.04126816,0.04012799,-0.05592673,-0.1192122,-0.12778,-0.01049788,-0.984556,0.2541161,-0.2320593,0.9389215,0.1088361,0.0376184,-0.0526397,-0.09745912,-0.03622067,-0.007263485,-0.9945537,0.07346259,-0.1933305,0.9783795,0.14,1.811587,3.74,0,-0.6727939,0,0.73983,-0.9955062,0,0.09469664
saccade,16.0624,0.04127047,0.04010749,-0.05591349,-0.1191598,-0.128565,-0.01049915,-0.9844602,0.2556364,-0.2319165,0.938544,0.1088384,0.03759551,-0.05262738,-0.09745798,-0.03622574,-0.007244883,-0.9945537,0.07346904,-0.1933295,0.9783792,0.14,1.811587,3.74,0,-0.6727939,0,0.73983,-0.9955062,0,0.09469664
saccade,16.0735,0.04125148,0.04009259,-0.05592142,-0.1191948,-0.1285656,-0.01054702,-0.9844553,0.2556485,-0.2319719,0.938527,0.1088196,0.03758621,-0.05263496,-0.09749736,-0.03622553,-0.007289294,-0.9945496,0.07347755,-0.1934038,0.9783639,0.14,1.811587,3.74,0,-0.6727939,0,0.73983,-0.9955062,0,0.09469664
saccade,16.0847,0.04122888,0.04007709,-0.05593032,-0.1192282,-0.1285383,-0.01058034,-0.9844545,0.2556032,-0.2320296,0.9385251,0.1087969,0.03757381,-0.05263994,-0.09770312,-0.03674259,-0.007339379,-0.9945101,0.07451592,-0.1937941,0.9782082,0.14,1.811587,3.74,0,-0.6727939,0,0.73983,-0.9955062,0,0.09469664
saccade,16.0959,0.04121676,0.04008591,-0.05588499,-0.1193355,-0.1290615,-0.0106234,-0.9843726,0.2566247,-0.232199,0.9382043,0.1087847,0.03758466,-0.05259061,-0.09774137,-0.03671303,-0.007360727,-0.9945073,0.07446164,-0.1938685,0.9781976,0.14,1.811587,3.74,0,-0.6727939,0,0.73983,-0.9955062,0,0.09469664
saccade,16.1071,0.0411968,0.04007375,-0.05588543,-0.1193173,-0.1289716,-0.01064533,-0.9843863,0.2564561,-0.2321628,0.9382594,0.1087641,0.03757441,-0.0525784,-0.09772456,-0.03662183,-0.007382229,-0.9945121,0.07428455,-0.1938358,0.9782175,0.14,1.811587,3.74,0,-0.6727939,0,0.73983,-0.9955062,0,0.09469664
saccade,16.1183,0.04117924,0.04007363,-0.05589309,-0.1193492,-0.128975,-0.01067992,-0.9843816,0.2564706,-0.2322155,0.9382424,0.1087467,0.03757811,-0.05258626,-0.0975296,-0.03707168,-0.007419142,-0.9945143,0.07518381,-0.1934391,0.9782273,0.14,1.811587,3.74,0,-0.6727939,0,0.73983,-0.9955062,0,0.09469664
saccade,16.1291,0.04116276,0.04007089,-0.055902,-0.1196951,-0.1296356,-0.01069953,-0.9842526,0.2577498,-0.2328464,0.9377354,0.10873,0.03757405,-0.05259104,-0.09750193,-0.03704137,-0.007409646,-0.9945182,0.07512153,-0.193386,0.9782426,0.14,1.811587,3.74,0,-0.6727939,0,0.73983,-0.9955062,0,0.09469664
saccade,16.1402,0.04115821,0.04009295,-0.05588016,-0.1196572,-0.1295736,-0.01066518,-0.9842658,0.2576221,-0.2327852,0.9377856,0.1087249,0.03759134,-0.05256101,-0.09721147,-0.03780771,-0.007393004,-0.9945179,0.07663826,-0.1927981,0.978241,0.14,1.811587,3.74,0,-0.6727939,0,0.73983,-0.9955062,0,0.09469664
saccade,16.1515,0.04114547,0.04008973,-0.05588667,-0.1196348,-0.1295726,-0.01065544,-0.9842687,0.257618,-0.2327443,0.9377969,0.1087121,0.0375874,-0.05256733,-0.09718822,-0.03780676,-0.007385356,-0.9945203,0.07663472,-0.1927529,0.9782502,0.14,1.811587,3.74,0,-0.6727939,0,0.73983,-0.9955062,0,0.09469664
saccade,16.1624,0.04113731,0.04008532,-0.05589225,-0.1195761,-0.130104,-0.01067331,-0.9842056,0.2586507,-0.2325976,0.937549,0.1087035,0.03758383,-0.05256406,-0.09711797,-0.03774494,-0.007391502,-0.9945295,0.07651261,-0.1926154,0.9782869,0.14,1.811587,3.74,0,-0.6727939,0,0.73983,-0.9955062,0,0.09469664
saccade,16.1734,0.0411536,0.04009175,-0.05589012,-0.1195175,-0.130135,-0.01065986,-0.9842087,0.2587081,-0.2324859,0.9375609,0.10872,0.03759038,-0.05256584,-0.09676154,-0.03770642,-0.007372964,-0.9945658,0.07642987,-0.1919154,0.9784309,0.14,1.811587,3.74,0,-0.6727939,0,0.73983,-0.9955062,0,0.09469664
saccade,16.1850,0.0411586,0.04009295,-0.05589811,-0.1194719,-0.1300898,-0.01057324,-0.9842212,0.2586007,-0.2324226,0.9376062,0.1087244,0.03758049,-0.05256864,-0.09670761,-0.0376626,-0.007289921,-0.9945733,0.07632641,-0.1918165,0.9784583,0.14,1.811587,3.74,0,-0.6727939,0,0.73983,-0.9955062,0,0.09469664
saccade,16.1958,0.0411601,0.04010129,-0.05589771,-0.1191442,-0.1310279,-0.01065273,-0.9841356,0.2604369,-0.2317164,0.9372727,0.1087264,0.03759754,-0.05257314,-0.0967437,-0.03770332,-0.007353809,-0.9945678,0.07641988,-0.1918818,0.9784383,0.14,1.811587,3.74,0,-0.6727939,0,0.73983,-0.9955062,0,0.09469664
saccade,16.2070,0.04115633,0.04011154,-0.05590926,-0.1190963,-0.1310761,-0.01066567,-0.9841348,0.2605336,-0.2316176,0.9372703,0.1087231,0.03761137,-0.0525906,-0.0966438,-0.0383431,-0.00738712,-0.9945528,0.07769631,-0.1916682,0.9783795,0.14,1.811587,3.74,0,-0.6727939,0,0.73983,-0.9955062,0,0.09469664
saccade,16.2179,0.04116008,0.04012144,-0.0558737,-0.1190948,-0.1310903,-0.01060987,-0.9841338,0.2605479,-0.2316287,0.9372635,0.1087267,0.03761423,-0.0525578,-0.09663721,-0.03835864,-0.007332055,-0.9945532,0.07771652,-0.1916592,0.9783797,0.14,1.811587,3.74,0,-0.6727939,0,0.73983,-0.9955062,0,0.09469664
saccade,16.2292,0.04116067,0.04012275,-0.05586852,-0.1190335,-0.1317116,-0.01065267,-0.9840577,0.2617597,-0.2314654,0.9369662,0.1087277,0.03762138,-0.05255675,-0.09657048,-0.03839575,-0.007365794,-0.994558,0.07779624,-0.1915243,0.9783998,0.14,1.811587,3.74,0,-0.6727939,0,0.73983,-0.9955062,0,0.09469664
saccade,16.2405,0.04115592,0.04011917,-0.05586411,-0.119035,-0.1317477,-0.01066054,-0.9840527,0.2618313,-0.2314643,0.9369465,0.1087233,0.03761935,-0.05255711,-0.09620614,-0.03902192,-0.00737922,-0.9945689,0.07903983,-0.1907914,0.9784433,0.14,1.811587,3.74,0,-0.6727939,0,0.73983,-0.9955062,0,0.09469664
saccade,16.2513,0.04115967,0.04011726,-0.05586271,-0.1189741,-0.1317073,-0.01067728,-0.9840652,0.2617577,-0.231344,0.9369967,0.1087268,0.03762043,-0.05254946,-0.09614663,-0.03898035,-0.007400605,-0.9945761,0.07896093,-0.1906733,0.9784727,0.14,1.811587,3.74,0,-0.6727939,0,0.73983,-0.9955062,0,0.09469664
saccade,16.2630,0.04116822,0.04013383,-0.0558537,-0.1184829,-0.1321368,-0.01071492,-0.9840665,0.2626019,-0.2303585,0.9370033,0.1087361,0.03764677,-0.05254836,-0.09600945,-0.03905088,-0.007454147,-0.9945862,0.07911028,-0.1903972,0.9785144,0.14,1.811587,3.74,0,-0.6727939,0,0.73983,-0.9955062,0,0.09469664
saccade,16.2736,0.0411757,0.04014802,-0.05584123,-0.1183963,-0.132168,-0.01073717,-0.9840725,0.2626683,-0.2301828,0.9370279,0.1087439,0.03766656,-0.05253904,-0.09560014,-0.03943798,-0.007484768,-0.9946101,0.07988191,-0.1895794,0.9786105,0.14,1.811587,3.74,0,-0.6727939,0,0.73983,-0.9955062,0,0.09469664
saccade,16.2848,0.04117695,0.04015803,-0.05583094,-0.1183802,-0.132139,-0.0107253,-0.9840785,0.2626097,-0.2301564,0.9370508,0.1087449,0.0376749,-0.05252486,-0.0955828,-0.03940892,-0.007473772,-0.9946131,0.07982199,-0.1895467,0.9786217,0.14,1.811587,3.74,0,-0.6727939,0,0.73983,-0.9955062,0,0.09469664
saccade,16.2958,0.04115264,0.04015315,-0.05581109,-0.1177547,-0.1325316,-0.01071322,-0.9841008,0.2633721,-0.2289253,0.9371384,0.1087204,0.0376693,-0.05250079,-0.09556748,-0.03937792,-0.007469978,-0.9946157,0.07975958,-0.1895175,0.9786325,0.14,1.811587,3.74,0,-0.6727939,0,0.73983,-0.9955062,0,0.09469664
saccade,16.3074,0.04115137,0.04011405,-0.05580557,-0.117834,-0.132471,-0.01069864,-0.9840997,0.2632506,-0.2290864,0.9371332,0.1087186,0.03762531,-0.05248795,-0.09564485,-0.03931762,-0.007446635,-0.9946109,0.07963592,-0.1896732,0.9786124,0.14,1.811587,3.74,0,-0.6727939,0,0.73983,-0.9955062,0,0.09469664
saccade,16.3209,0.04116222,0.04004598,-0.05580182,-0.1179505,-0.1324056,-0.0107579,-0.9840938,0.2631369,-0.2292999,0.9371129,0.1087291,0.03756118,-0.05247546,-0.0936056,-0.03690693,-0.007360096,-0.9948978,0.07481514,-0.1857127,0.9797518,0.14,1.811587,3.74,0,-0.6727939,0,0.73983,-0.9955062,0,0.09469664
saccade,16.3358,0.04117402,0.04001606,-0.05579173,-0.1095847,-0.1164051,-0.01002864,-0.9870869,0.2320018,-0.2140045,0.9488821,0.1087406,0.03752565,-0.05246255,-0.09368398,-0.03687927,-0.007327651,-0.9948918,0.07475473,-0.1858704,0.9797264,0.14,1.811587,3.74,0,-0.6727939,0,0.73983,-0.9955062,0,0.09469664
saccade,16.3422,0.04119058,0.04005146,-0.05574077,-0.109574,-0.1164003,-0.009959508,-0.9870893,0.2319777,-0.2140001,0.948889,0.1087568,0.03755212,-0.05241183,-0.07498266,-0.01748412,-0.006129772,-0.9970127,0.03578304,-0.149303,0.9881438,0.14,1.811587,3.74,0,-0.6727939,0,0.73983,-0.9955062,0,0.09469664
saccade,16.3514,0.04121767,0.04008842,-0.0557074,-0.1094827,-0.1164513,-0.009750812,-0.9870955,0.2320323,-0.2138688,0.9489052,0.1087835,0.03756404,-0.05238755,-0.07487118,-0.01754198,-0.005933101,-0.9970213,0.0358679,-0.1490882,0.9881732,0.14,1.811587,3.74,0,-0.6727939,0,0.73983,-0.9955062,0,0.09469664
saccade,16.3624,0.04124855,0.0401181,-0.05568089,-0.08513623,-0.08098181,-0.007806035,-0.9930422,0.1621659,-0.1678235,0.9723876,0.1088139,0.03756797,-0.05237214,-0.07483444,-0.01761111,-0.005733524,-0.997024,0.03597553,-0.1490215,0.9881793,0.14,1.811587,3.74,0,-0.6727939,0,0.73983,-0.9955062,0,0.09469664
saccade,16.3735,0.04127202,0.04015446,-0.05566173,-0.08509485,-0.08106261,-0.007699382,-0.99304,0.1623072,-0.1677569,0.9723755,0.1088375,0.0375917,-0.05236477,-0.07478662,-0.01769314,-0.005630588,-0.9970267,0.03612324,-0.1489293,0.9881878,0.14,1.811587,3.74,0,-0.6727939,0,0.73983,-0.9955062,0,0.09469664
saccade,16.3847,0.04130209,0.04017544,-0.05565681,-0.08516122,-0.08114943,-0.007721239,-0.993027,0.1624823,-0.1678817,0.9723247,0.1088682,0.03761542,-0.05237181,-0.05270683,-0.0003258996,-0.00447022,-0.9986,0.001122109,-0.1052632,0.9944438,0.14,1.811587,3.74,0,-0.6727939,0,0.73983,-0.9955062,0,0.09469664
saccade,16.3956,0.04132645,0.04018807,-0.05565906,-0.07404006,-0.05842981,-0.006826316,-0.9955187,0.1173468,-0.1466188,0.9822081,0.1088934,0.03763998,-0.05238109,-0.05268483,-0.0003832989,-0.004553118,-0.9986008,0.001245286,-0.1052187,0.9944483,0.14,1.811587,3.74,0,-0.6727939,0,0.73983,-0.9955062,0,0.09469664
saccade,16.4070,0.04135107,0.04018807,-0.05565782,-0.07387075,-0.05848005,-0.006777289,-0.9955287,0.1174384,-0.1462882,0.9822464,0.1089182,0.03763616,-0.05238598,-0.05251283,-0.0004340448,-0.004515104,-0.99861,0.001341085,-0.1048758,0.9944844,0.14,1.811587,3.74,0,-0.6727939,0,0.73983,-0.9955062,0,0.09469664
saccade,16.4180,0.04135697,0.04025006,-0.0556713,-0.07396322,-0.05852676,-0.006853262,-0.9955186,0.1175427,-0.1464613,0.9822081,0.1089247,0.03770757,-0.05240564,-0.04495547,0.007299563,-0.004132063,-0.9989538,-0.01421233,-0.0898772,0.9958515,0.14,1.811587,3.74,0,-0.6727939,0,0.73983,-0.9955062,0,0.09469664
saccade,16.4291,0.04138769,0.04027903,-0.05567206,-0.0698875,-0.05154359,-0.006527189,-0.996201,0.1036079,-0.1385711,0.984918,0.108956,0.03773725,-0.05241838,-0.04491399,0.007209201,-0.004131018,-0.9989563,-0.01403227,-0.08979379,0.9958615,0.14,1.811587,3.74,0,-0.6727939,0,0.73983,-0.9955062,0,0.09469664
saccade,16.4404,0.04140937,0.04030919,-0.05566782,-0.06973962,-0.05160117,-0.006489238,-0.9962087,0.1037162,-0.1382807,0.9849474,0.108978,0.03776479,-0.05242129,-0.03984168,0.01308767,-0.003786829,-0.9991131,-0.02585038,-0.07971181,0.9964827,0.14,1.811587,3.74,0,-0.6727939,0,0.73983,-0.9955062,0,0.09469664
saccade,16.4511,0.04141891,0.04034483,-0.05567059,-0.06962808,-0.05181134,-0.006354705,-0.9962064,0.1041145,-0.1380694,0.984935,0.1089883,0.03778589,-0.05245294,-0.03972186,0.01287378,-0.003666203,-0.9991211,-0.02543368,-0.07946829,0.9965129,0.14,1.811587,3.74,0,-0.6727939,0,0.73983,-0.9955062,0,0.09469664
saccade,16.4626,0.04141098,0.04038072,-0.05567326,-0.06767161,-0.04911887,-0.006144598,-0.9964789,0.09872346,-0.134263,0.9860158,0.1089797,0.0378114,-0.05244906,-0.039654,0.01292255,-0.003589004,-0.9991235,-0.02553781,-0.07933124,0.9965211,0.14,1.811587,3.74,0,-0.6727939,0,0.73983,-0.9955062,0,0.09469664
saccade,16.4737,0.04140573,0.04041016,-0.05567793,-0.06753142,-0.04912757,-0.006079267,-0.9964884,0.09873119,-0.1339912,0.986052,0.1089742,0.03783393,-0.05245459,-0.03464214,0.01641054,-0.003286924,-0.9992597,-0.03256905,-0.06934086,0.9970613,0.14,1.811587,3.74,0,-0.6727939,0,0.73983,-0.9955062,0,0.09469664
saccade,16.4846,0.04138379,0.04041481,-0.05568881,-0.0674061,-0.04907057,-0.006136586,-0.9964993,0.09862487,-0.133738,0.986097,0.1089522,0.0378474,-0.05245646,-0.03452055,0.01647,-0.003350397,-0.9992627,-0.0326844,-0.06910057,0.9970741,0.14,1.811587,3.74,0,-0.6727939,0,0.73983,-0.9955062,0,0.09469664
saccade,16.4959,0.0413997,0.04043567,-0.05575034,-0.06742369,-0.04563494,-0.006178382,-0.9966611,0.09179828,-0.1338332,0.986743,0.1089678,0.03788376,-0.05249868,-0.03459784,0.01661182,-0.003473199,-0.9992573,-0.03295863,-0.06925968,0.9970541,0.14,1.811587,3.74,0,-0.6727939,0,0.73983,-0.9955062,0,0.09469664
saccade,16.5068,0.0413646,0.04039013,-0.05576206,-0.06735516,-0.04557062,-0.006276826,-0.9966681,0.09168313,-0.1336894,0.9867732,0.1089327,0.03785181,-0.05250042,-0.0319541,0.01913244,-0.003426441,-0.9993004,-0.03801914,-0.0639946,0.9972258,0.14,1.811587,3.74,0,-0.6727939,0,0.73983,-0.9955062,0,0.09469664
saccade,16.5183,0.04134149,0.04036844,-0.05577011,-0.06738146,-0.04548889,-0.006319488,-0.9966698,0.09152643,-0.1337392,0.986781,0.1089092,0.03783476,-0.05249723,-0.03198303,0.01921559,-0.003464368,-0.9992977,-0.03818258,-0.06405427,0.9972157,0.14,1.811587,3.74,0,-0.6727939,0,0.73983,-0.9955062,0,0.09469664
saccade,16.5298,0.04132956,0.0403527,-0.05576767,-0.0666207,-0.0439494,-0.006322038,-0.9967899,0.08845899,-0.132258,0.9872603,0.1088971,0.0378269,-0.05248418,-0.03202663,0.01929387,-0.003525972,-0.9992946,-0.03833468,-0.06414415,0.9972041,0.14,1.811587,3.74,0,-0.6727939,0,0.73983,-0.9955062,0,0.09469664
saccade,16.5403,0.04134765,0.04039562,-0.05576755,-0.06661682,-0.04392152,-0.006321223,-0.9967914,0.0884034,-0.1322509,0.9872662,0.108915,0.03786945,-0.05248028,-0.0296721,0.02171263,-0.003385586,-0.9993181,-0.04319474,-0.05945075,0.9972963,0.14,1.811587,3.74,0,-0.6727939,0,0.73983,-0.9955062,0,0.09469664
saccade,16.5511,0.04134461,0.04038656,-0.05576036,-0.06663416,-0.04390772,-0.006299529,-0.996791,0.08837317,-0.1322875,0.987264,0.1089117,0.03785717,-0.05247153,-0.02968799,0.02172556,-0.003362304,-0.9993174,-0.04322181,-0.05948154,0.9972932,0.14,1.811587,3.74,0,-0.6727939,0,0.73983,-0.9955062,0,0.09469664
saccade,16.5623,0.04134086,0.04037678,-0.05575331,-0.06704932,-0.04189845,-0.006271845,-0.9968498,0.08437397,-0.1331507,0.9874978,0.1089079,0.03784835,-0.05246263,-0.02976045,0.02174189,-0.003372415,-0.9993149,-0.04325325,-0.05962677,0.9972832,0.14,1.811587,3.74,0,-0.6727939,0,0.73983,-0.9955062,0,0.09469664
saccade,16.5735,0.04135749,0.04038787,-0.05578575,-0.06707291,-0.0419113,-0.006224242,-0.996848,0.08439334,-0.1332013,0.9874893,0.1089244,0.03785288,-0.05249737,-0.02978101,0.02172716,-0.003323928,-0.9993148,-0.04322655,-0.05966564,0.997282,0.14,1.811587,3.74,0,-0.6727939,0,0.73983,-0.9955062,0,0.09469664
saccade,16.5850,0.04136458,0.04037642,-0.05579033,-0.06715331,-0.04181759,-0.006300678,-0.996846,0.08421763,-0.1333561,0.9874834,0.1089312,0.0378499,-0.05248914,-0.02795929,0.02318927,-0.003293967,-0.9993347,-0.04616349,-0.05603414,0.9973611,0.14,1.811587,3.74,0,-0.6727939,0,0.73983,-0.9955062,0,0.09469664
saccade,16.5961,0.04137008,0.04035866,-0.05577819,-0.06698204,-0.04040295,-0.006305157,-0.9969159,0.08140136,-0.1330414,0.987762,0.1089373,0.0378387,-0.05248418,-0.02804037,0.0231379,-0.003343147,-0.9993334,-0.04605748,-0.05619807,0.9973568,0.14,1.811587,3.74,0,-0.6727939,0,0.73983,-0.9955062,0,0.09469664
saccade,16.6067,0.04137976,0.0403595,-0.05575798,-0.0669346,-0.04030659,-0.006388538,-0.9969224,0.08122031,-0.1329422,0.9877903,0.1089467,0.0378505,-0.05244993,-0.02799812,0.0232377,-0.003425517,-0.999332,-0.04625253,-0.05611803,0.9973522,0.14,1.811587,3.74,0,-0.6727939,0,0.73983,-0.9955062,0,0.09469664
saccade,16.6181,0.04139438,0.04036331,-0.0557752,-0.06694484,-0.04031369,-0.006266709,-0.9969223,0.08121827,-0.1329723,0.9877864,0.1089608,0.03783786,-0.05246925,-0.02648483,0.02455101,-0.003219437,-0.9993426,-0.0488992,-0.05309291,0.9973916,0.14,1.811587,3.74,0,-0.6727939,0,0.73983,-0.9955062,0,0.09469664
saccade,16.6296,0.04140993,0.0403645,-0.05575959,-0.06669981,-0.03959068,-0.006122664,-0.9969686,0.07975809,-0.1325104,0.9879674,0.1089763,0.03782427,-0.0524642,-0.02647078,0.02447534,-0.003108139,-0.9993451,-0.04875408,-0.05305904,0.9974005,0.14,1.811587,3.74,0,-0.6727939,0,0.73983,-0.9955062,0,0.09469664
saccade,16.6402,0.04142554,0.0403626,-0.0557368,-0.06672141,-0.03964645,-0.006012735,-0.9969656,0.07985465,-0.1325611,0.9879528,0.1089918,0.03780782,-0.05245004,-0.0264854,0.02441507,-0.002999406,-0.9993466,-0.04863935,-0.05308264,0.9974049,0.14,1.811587,3.74,0,-0.6727939,0,0.73983,-0.9955062,0,0.09469664
saccade,16.6517,0.04147267,0.04036868,-0.05573424,-0.06675595,-0.03967505,-0.005883919,-0.9969628,0.07989467,-0.1326395,0.9879391,0.1090385,0.0377965,-0.05245269,-0.02530232,0.02573881,-0.002794651,-0.9993445,-0.05130245,-0.05071533,0.9973946,0.14,1.811587,3.74,0,-0.6727939,0,0.73983,-0.9955062,0,0.09469664
saccade,16.6626,0.0415005,0.04035878,-0.05572319,-0.06575647,-0.03842573,-0.005765928,-0.9970789,0.07738526,-0.1306857,0.9883991,0.1090665,0.03778028,-0.05244949,-0.02528921,0.0256814,-0.002746258,-0.9993466,-0.05119035,-0.05068642,0.9974018,0.14,1.811587,3.74,0,-0.6727939,0,0.73983,-0.9955062,0,0.09469664
saccade,16.6735,0.04151851,0.04034591,-0.0557078,-0.06581065,-0.03844938,-0.005807385,-0.9970741,0.07743815,-0.1307896,0.9883812,0.1090849,0.03777254,-0.05243728,-0.02534606,0.02565918,-0.002785096,-0.9993455,-0.0511436,-0.05080188,0.9973984,0.14,1.811587,3.74,0,-0.6727939,0,0.73983,-0.9955062,0,0.09469664
saccade,16.6847,0.04152894,0.04032886,-0.05569106,-0.06574733,-0.03848564,-0.005853314,-0.9970767,0.07751594,-0.1306597,0.9883923,0.1090958,0.03776264,-0.05242463,-0.02467865,0.02695246,-0.00278102,-0.9993282,-0.05373144,-0.04947406,0.9973291,0.14,1.811587,3.74,0,-0.6727939,0,0.73983,-0.9955062,0,0.09469664
saccade,16.6962,0.04157991,0.04035211,-0.05574725,-0.06489566,-0.03808655,-0.00587829,-0.9971476,0.07671878,-0.1289733,0.988676,0.109147,0.03779471,-0.05247997,-0.02463718,0.02695545,-0.002844789,-0.999329,-0.05373454,-0.04939466,0.9973328,0.14,1.811587,3.74,0,-0.6727939,0,0.73983,-0.9955062,0,0.09469664
saccade,16.7071,0.04158707,0.04034603,-0.05572253,-0.06490827,-0.03811883,-0.005973606,-0.9971451,0.07679548,-0.1289905,0.9886677,0.1091549,0.03780162,-0.05245887,-0.02384466,0.02747902,-0.002899788,-0.9993338,-0.05478313,-0.04781691,0.9973527,0.14,1.811587,3.74,0,-0.6727939,0,0.73983,-0.9955062,0,0.09469664
saccade,16.7181,0.04160797,0.04034853,-0.0557114,-0.06492251,-0.03813114,-0.006034201,-0.9971433,0.07682792,-0.1290139,0.9886622,0.1091761,0.03781223,-0.05244898,-0.02386288,0.02746913,-0.00295978,-0.9993334,-0.05476039,-0.04785656,0.997352,0.14,1.811587,3.74,0,-0.6727939,0,0.73983,-0.9955062,0,0.09469664
saccade,16.7291,0.04162825,0.04038441,-0.0557192,-0.0645861,-0.03736917,-0.006004687,-0.9971941,0.07530428,-0.128361,0.9888644,0.1091968,0.03784919,-0.05246443,-0.02384262,0.02741146,-0.002966123,-0.9993355,-0.05464504,-0.04781616,0.9973603,0.14,1.811587,3.74,0,-0.6727939,0,0.73983,-0.9955062,0,0.09469664
saccade,16.7403,0.04164359,0.04041791,-0.05572694,-0.06455673,-0.03746013,-0.005968929,-0.9971929,0.0754806,-0.1283038,0.9888583,0.1092126,0.03787899,-0.05248456,-0.02306534,0.02780434,-0.002899597,-0.999343,-0.05543838,-0.04626162,0.9973898,0.14,1.811587,3.74,0,-0.6727939,0,0.73983,-0.9955062,0,0.09469664
saccade,16.7516,0.04165838,0.04043722,-0.05571206,-0.0644654,-0.03745873,-0.005894797,-0.9971992,0.07546765,-0.1281281,0.9888821,0.109227,0.03788936,-0.05246956,-0.02296919,0.02780309,-0.002831573,-0.9993455,-0.05543971,-0.04606577,0.9973988,0.14,1.811587,3.74,0,-0.6727939,0,0.73983,-0.9955062,0,0.09469664
saccade,16.7627,0.04166792,0.0404557,-0.0557024,-0.06390037,-0.03658604,-0.005805677,-0.9972686,0.07371418,-0.1270269,0.9891564,0.1092361,0.03790152,-0.05245572,-0.0228912,0.02783203,-0.002784145,-0.9993466,-0.05550022,-0.04590747,0.9974027,0.14,1.811587,3.74,0,-0.6727939,0,0.73983,-0.9955062,0,0.09469664
saccade,16.7735,0.04165187,0.04049516,-0.05572394,-0.06383789,-0.03655877,-0.005813425,-0.9972735,0.07366042,-0.1269026,0.9891763,0.10922,0.03794253,-0.05247314,-0.02274933,0.02852101,-0.002774336,-0.9993305,-0.05687761,-0.04562645,0.9973381,0.14,1.811587,3.74,0,-0.6727939,0,0.73983,-0.9955062,0,0.09469664
saccade,16.7844,0.04164718,0.04052341,-0.05573364,-0.06382063,-0.03647062,-0.00570267,-0.9972785,0.07347063,-0.1268779,0.9891936,0.1092141,0.0379554,-0.05247176,-0.02272475,0.02860465,-0.002661381,-0.9993289,-0.05704995,-0.04557126,0.9973307,0.14,1.811587,3.74,0,-0.6727939,0,0.73983,-0.9955062,0,0.09469664
saccade,16.7957,0.04166051,0.04053473,-0.0557188,-0.06343501,-0.03564686,-0.005687732,-0.9973329,0.07182518,-0.1261261,0.9894106,0.1092277,0.03797007,-0.05245996,-0.0226642,0.02857923,-0.002684417,-0.999331,-0.05699855,-0.04545152,0.9973391,0.14,1.811587,3.74,0,-0.6727939,0,0.73983,-0.9955062,0,0.09469664
saccade,16.8068,0.04167391,0.0405432,-0.05570952,-0.06346897,-0.0355966,-0.005673843,-0.9973326,0.07172352,-0.1261954,0.9894091,0.1092407,0.03797579,-0.05244422,-0.0226972,0.02862875,-0.002666329,-0.9993289,-0.05709804,-0.04551661,0.9973305,0.14,1.811587,3.74,0,-0.6727939,0,0.73983,-0.9955062,0,0.09469664
saccade,16.8178,0.04167923,0.04057276,-0.055737,-0.0635116,-0.03564194,-0.005602583,-0.9973287,0.07180512,-0.1262845,0.9893919,0.1085356,0.03834319,-0.05291408,-0.02244863,0.029314,-0.002565558,-0.9993149,-0.05847265,-0.04501692,0.9972735,0.14,1.811587,3.74,0,-0.6727939,0,0.73983,-0.9955062,0,0.09469664
saccade,16.8297,0.04169123,0.0405668,-0.05572373,-0.06290491,-0.03497555,-0.005538801,-0.9973911,0.07046544,-0.1250941,0.9896393,0.1085475,0.03833377,-0.0528999,-0.02240631,0.02931995,-0.002539582,-0.9993157,-0.05848597,-0.04493088,0.9972766,0.14,1.811587,3.74,0,-0.6727939,0,0.73983,-0.9955062,0,0.09469664
saccade,16.8406,0.04170737,0.04056585,-0.05570696,-0.06291277,-0.03500604,-0.00551592,-0.9973897,0.07052337,-0.1251109,0.9896331,0.1085637,0.03832996,-0.05288742,-0.02241273,0.02928852,-0.002517506,-0.9993166,-0.05842415,-0.0449423,0.9972797,0.14,1.811587,3.74,0,-0.6727939,0,0.73983,-0.9955062,0,0.09469664
saccade,16.8519,0.04171949,0.04057693,-0.0557072,-0.06294813,-0.03508778,-0.005588938,-0.9973842,0.07069562,-0.1251747,0.9896128,0.1085766,0.03835106,-0.05289818,-0.0222517,0.02966271,-0.002572825,-0.9993089,-0.05916991,-0.04462527,0.99725,0.14,1.811587,3.74,0,-0.6727939,0,0.73983,-0.9955062,0,0.09469664
saccade,16.8627,0.04173648,0.04058361,-0.05569423,-0.06303257,-0.03509517,-0.00555072,-0.9973788,0.07070611,-0.1253451,0.9895905,0.1085935,0.03835201,-0.05288786,-0.02230482,0.0296457,-0.002531067,-0.9993084,-0.05913748,-0.04472885,0.9972473,0.14,1.811587,3.74,0,-0.6727939,0,0.73983,-0.9955062,0,0.09469664
saccade,16.8736,0.04173781,0.04055738,-0.05567208,-0.06299893,-0.0351694,-0.005558053,-0.9973783,0.0708547,-0.1252766,0.9895885,0.1085953,0.03832781,-0.05287537,-0.02227173,0.02957197,-0.002543595,-0.9993113,-0.0589899,-0.04466322,0.997259,0.14,1.811587,3.74,0,-0.6727939,0,0.73983,-0.9955062,0,0.09469664
saccade,16.8847,0.04174436,0.04054701,-0.05564856,-0.06306975,-0.03522626,-0.00558295,-0.9973716,0.07097157,-0.1254146,0.9895626,0.1086023,0.03832054,-0.05285963,-0.0219856,0.02993611,-0.002543618,-0.9993068,-0.05971888,-0.04409301,0.9972409,0.14,1.811587,3.74,0,-0.6727939,0,0.73983,-0.9955062,0,0.09469664
saccade,16.8955,0.04176861,0.04056573,-0.05566659,-0.06267609,-0.03414075,-0.005560773,-0.9974343,0.06880337,-0.1246509,0.9898123,0.1086267,0.0383414,-0.05287915,-0.02207936,0.02992783,-0.002560437,-0.9993049,-0.05970099,-0.04428127,0.9972336,0.14,1.811587,3.74,0,-0.6727939,0,0.73983,-0.9955062,0,0.09469664
saccade,16.9067,0.04176945,0.04054296,-0.05565035,-0.06272398,-0.03414846,-0.005554699,-0.9974311,0.0688183,-0.1247463,0.9897991,0.1086275,0.03831744,-0.05286426,-0.02212685,0.02991967,-0.002551635,-0.9993041,-0.05968478,-0.04437559,0.9972304,0.14,1.811587,3.74,0,-0.6727939,0,0.73983,-0.9955062,0,0.09469664
saccade,16.9184,0.04176273,0.04052258,-0.05563573,-0.06284099,-0.03413308,-0.005598263,-0.997424,0.06879392,-0.1249761,0.9897719,0.1086209,0.03830147,-0.05284786,-0.02218973,0.03055763,-0.002568139,-0.9992834,-0.06095749,-0.04450462,0.9971477,0.14,1.811587,3.74,0,-0.6727939,0,0.73983,-0.9955062,0,0.09469664
saccade,16.9293,0.04174577,0.04050386,-0.05563135,-0.06323089,-0.03350708,-0.00557118,-0.9974207,0.06754585,-0.1257623,0.9897583,0.1086038,0.03827977,-0.05284393,-0.02220769,0.03055548,-0.002545589,-0.9992831,-0.06095408,-0.04453909,0.9971464,0.14,1.811587,3.74,0,-0.6727939,0,0.73983,-0.9955062,0,0.09469664
saccade,16.9402,0.04171638,0.04049087,-0.0556316,-0.06322889,-0.0334902,-0.005584134,-0.9974214,0.06751383,-0.1257577,0.9897611,0.1085744,0.03826833,-0.0528418,-0.0222065,0.03057288,-0.002557937,-0.9992826,-0.0609883,-0.04453754,0.9971443,0.14,1.811587,3.74,0,-0.6727939,0,0.73983,-0.9955062,0,0.09469664
saccade,16.9512,0.04170413,0.04047668,-0.0556221,-0.06318276,-0.03344306,-0.005589071,-0.9974259,0.06742021,-0.1256664,0.989779,0.1085619,0.03825498,-0.05282573,-0.02175039,0.03068324,-0.002549379,-0.9992892,-0.06121196,-0.0436263,0.9971709,0.14,1.811587,3.74,0,-0.6727939,0,0.73983,-0.9955062,0,0.09469664
saccade,16.9629,0.0416856,0.04047513,-0.05561581,-0.06342942,-0.03263166,-0.005647542,-0.9974368,0.06581247,-0.1261651,0.9898238,0.1085431,0.03826141,-0.05280641,-0.02182332,0.03078168,-0.002613286,-0.9992845,-0.06140526,-0.0437763,0.9971524,0.14,1.811587,3.74,0,-0.6727939,0,0.73983,-0.9955062,0,0.09469664
saccade,16.9732,0.04165997,0.04047394,-0.05566427,-0.06345172,-0.03258868,-0.005630065,-0.9974368,0.06572478,-0.1262112,0.9898237,0.1085171,0.03825736,-0.0528494,-0.02184447,0.0308238,-0.002592648,-0.9992827,-0.06149011,-0.04381743,0.9971454,0.14,1.811587,3.74,0,-0.6727939,0,0.73983,-0.9955062,0,0.09469664
saccade,16.9844,0.04163878,0.04047191,-0.05567335,-0.06343061,-0.03249938,-0.005666497,-0.9974409,0.06555128,-0.1261683,0.9898407,0.1084956,0.03825963,-0.05284614,-0.02138526,0.0312269,-0.002604186,-0.9992802,-0.06229746,-0.04290238,0.9971351,0.14,1.811587,3.74,0,-0.6727939,0,0.73983,-0.9955062,0,0.09469664
saccade,16.9961,0.04162433,0.04047048,-0.05567427,-0.06329419,-0.03177566,-0.005628073,-0.9974731,0.06410319,-0.1259108,0.9899683,0.1084809,0.03825605,-0.05284375,-0.02136664,0.03125136,-0.002588664,-0.9992798,-0.06234707,-0.0428643,0.9971336,0.14,1.811587,3.74,0,-0.6727939,0,0.73983,-0.9955062,0,0.09469664
saccade,17.0069,0.04160342,0.04046762,-0.05568412,-0.06316204,-0.03172636,-0.00564606,-0.9974829,0.06400623,-0.1256478,0.990008,0.1084598,0.03825653,-0.05284615,-0.02123558,0.03130195,-0.002612825,-0.9992809,-0.06244791,-0.0426042,0.9971385,0.14,1.811587,3.74,0,-0.6727939,0,0.73983,-0.9955062,0,0.09469664
saccade,17.0177,0.04162662,0.04050457,-0.05573456,-0.06320848,-0.03165124,-0.005644246,-0.9974824,0.06385663,-0.1257414,0.9900058,0.1084825,0.03829205,-0.05288684,-0.02086102,0.03178174,-0.002580579,-0.9992738,-0.06340966,-0.04185578,0.9971095,0.14,1.811587,3.74,0,-0.6727939,0,0.73983,-0.9955062,0,0.09469664
saccade,17.0295,0.04162311,0.04052162,-0.0557466,-0.06318294,-0.03136566,-0.005689383,-0.9974928,0.06329298,-0.1256921,0.9900482,0.1084791,0.03831649,-0.05289396,-0.02078649,0.03181466,-0.002634477,-0.9992742,-0.06347362,-0.04171044,0.9971115,0.14,1.811587,3.74,0,-0.6727939,0,0.73983,-0.9955062,0,0.09469664
saccade,17.0406,0.04162135,0.04053807,-0.05575192,-0.06312426,-0.0313694,-0.005656677,-0.9974965,0.06329588,-0.1255776,0.9900626,0.1084772,0.03832901,-0.05289973,-0.02072577,0.0318098,-0.002605723,-0.9992757,-0.06346551,-0.04158729,0.9971172,0.14,1.811587,3.74,0,-0.6727939,0,0.73983,-0.9955062,0,0.09469664
saccade,17.0513,0.04161853,0.04058719,-0.05577983,-0.06307711,-0.03136838,-0.005635575,-0.9974996,0.06329084,-0.1254852,0.9900746,0.1084743,0.03837585,-0.05292742,-0.02032768,0.03225446,-0.002564495,-0.9992697,-0.06435755,-0.04079111,0.9970928,0.14,1.811587,3.74,0,-0.6727939,0,0.73983,-0.9955062,0,0.09469664
saccade,17.0626,0.04162056,0.04059994,-0.05578859,-0.06292085,-0.03099039,-0.005598558,-0.9975216,0.06253169,-0.1251828,0.9901611,0.1084765,0.0383867,-0.052943,-0.0202501,0.03220108,-0.00254878,-0.999273,-0.06425212,-0.04063489,0.9971061,0.14,1.811587,3.74,0,-0.6727939,0,0.73983,-0.9955062,0,0.09469664
saccade,17.0740,0.04163171,0.04062569,-0.05579152,-0.06289577,-0.03099819,-0.005557671,-0.9975231,0.06254194,-0.1251354,0.9901665,0.1084876,0.03840744,-0.05294717,-0.02022244,0.03219165,-0.002509928,-0.999274,-0.06423505,-0.04057712,0.9971095,0.14,1.811587,3.74,0,-0.6727939,0,0.73983,-0.9955062,0,0.09469664
saccade,17.0852,0.04164005,0.04065132,-0.05579081,-0.06287476,-0.03104129,-0.00552372,-0.9975233,0.06262342,-0.1250951,0.9901664,0.108496,0.03842914,-0.05295238,-0.02034927,0.03244449,-0.002475904,-0.9992633,-0.06474041,-0.04082921,0.9970665,0.14,1.811587,3.74,0,-0.6727939,0,0.73983,-0.9955062,0,0.09469664
saccade,17.0960,0.04165933,0.04069448,-0.05580795,-0.06282527,-0.03112021,-0.005453315,-0.9975243,0.06277154,-0.125,0.990169,0.1085155,0.03846395,-0.05298037,-0.02029538,0.03236287,-0.002412215,-0.9992672,-0.0645804,-0.04071715,0.9970815,0.14,1.811587,3.74,0,-0.6727939,0,0.73983,-0.9955062,0,0.09469664
saccade,17.1074,0.04166969,0.0407114,-0.05581674,-0.06306255,-0.0310949,-0.005484098,-0.99751,0.06272664,-0.12547,0.9901124,0.1085263,0.03848469,-0.05299651,-0.02030619,0.03230777,-0.002439836,-0.9992688,-0.0644692,-0.04074033,0.9970877,0.14,1.811587,3.74,0,-0.6727939,0,0.73983,-0.9955062,0,0.09469664
saccade,17.1182,0.04168407,0.04072666,-0.05581228,-0.06309895,-0.03108824,-0.005455651,-0.997508,0.06271003,-0.1255442,0.9901041,0.1085405,0.0384959,-0.05299159,-0.02058212,0.03350601,-0.002384115,-0.9992238,-0.06686187,-0.04129205,0.9969075,0.14,1.811587,3.74,0,-0.6727939,0,0.73983,-0.9955062,0,0.09469664
saccade,17.1297,0.04169845,0.04073119,-0.05581792,-0.06308712,-0.03114744,-0.005408999,-0.9975072,0.06282207,-0.1255228,0.9900997,0.108555,0.03849471,-0.05300545,-0.02056734,0.03344494,-0.002340897,-0.9992262,-0.06674183,-0.04125942,0.9969168,0.14,1.811587,3.74,0,-0.6727939,0,0.73983,-0.9955062,0,0.09469664
saccade,17.1407,0.04174047,0.04074562,-0.05585467,-0.06540718,-0.02456093,-0.005269371,-0.9975424,0.04969045,-0.130234,0.9902373,0.108597,0.03850448,-0.0530437,-0.02060599,0.03343581,-0.002305944,-0.9992258,-0.06672482,-0.04133427,0.9969149,0.14,1.811587,3.74,0,-0.6727939,0,0.73983,-0.9955062,0,0.09469664
saccade,17.1518,0.04174612,0.04074669,-0.05585609,-0.06533137,-0.02460868,-0.005261485,-0.9975463,0.04978406,-0.1300832,0.9902524,0.1086029,0.03850555,-0.05305116,-0.02988751,0.05341849,-0.002053982,-0.9981228,-0.1065136,-0.05988224,0.9925064,0.14,1.811587,3.74,0,-0.6727939,0,0.73983,-0.9955062,0,0.09469664
saccade,17.1627,0.04175149,0.04076147,-0.05585848,-0.06531499,-0.02464236,-0.005307499,-0.9975463,0.04985711,-0.1300479,0.9902534,0.1086086,0.03852701,-0.05305755,-0.02987481,0.05338655,-0.002102306,-0.9981248,-0.1064473,-0.05986204,0.9925147,0.14,1.811587,3.74,0,-0.6727939,0,0.73983,-0.9955062,0,0.09469664
saccade,17.1738,0.04176256,0.04076254,-0.0558737,-0.07450014,-0.006811494,-0.005161888,-0.9971845,0.01435375,-0.1485104,0.9888067,0.1086202,0.03853548,-0.05307797,-0.02975261,0.05334179,-0.0021585,-0.9981307,-0.1063557,-0.05962426,0.9925389,0.14,1.811587,3.74,0,-0.6727939,0,0.73983,-0.9955062,0,0.09469664
saccade,17.1848,0.04177563,0.04076624,-0.05588112,-0.07442411,-0.006784983,-0.005228939,-0.9971899,0.01431015,-0.148359,0.98883,0.1086334,0.03854847,-0.0530808,-0.03886224,0.06851976,-0.002106396,-0.9968904,-0.1364496,-0.07777144,0.9875895,0.14,1.811587,3.74,0,-0.6727939,0,0.73983,-0.9955062,0,0.09469664
saccade,17.1967,0.04176772,0.04078031,-0.05588064,-0.08351365,0.007851152,-0.005181092,-0.9964622,-0.01478137,-0.1665177,0.9859276,0.1086255,0.0385704,-0.05307582,-0.03883179,0.06854984,-0.00216754,-0.9968894,-0.1365049,-0.07771916,0.987586,0.14,1.811587,3.74,0,-0.6727939,0,0.73983,-0.9955062,0,0.09469664
saccade,17.2070,0.041761,0.04078519,-0.05587871,-0.08356176,0.007915422,-0.005195899,-0.9964576,-0.01490641,-0.1666138,0.9859096,0.1086185,0.03857625,-0.0530654,-0.03888072,0.06861443,-0.002176496,-0.996883,-0.1366319,-0.07781775,0.9875607,0.14,1.811587,3.74,0,-0.6727939,0,0.73983,-0.9955062,0,0.09469664
saccade,17.2183,0.04176058,0.04076576,-0.05592314,-0.08362882,0.007975983,-0.005220786,-0.9964514,-0.01502214,-0.1667474,0.9858852,0.1086178,0.0385592,-0.05310182,-0.04138204,0.07470711,-0.002107429,-0.9963443,-0.1486936,-0.08277639,0.9854128,0.14,1.811587,3.74,0,-0.6727939,0,0.73983,-0.9955062,0,0.09469664
saccade,17.2295,0.04175637,0.04073191,-0.05593289,-0.08905405,0.009163404,-0.005395176,-0.9959701,-0.01729203,-0.1774892,0.9839708,0.108613,0.03852832,-0.05309485,-0.04143829,0.07483254,-0.002133833,-0.9963325,-0.1489393,-0.08289198,0.9853659,0.14,1.811587,3.74,0,-0.6727939,0,0.73983,-0.9955062,0,0.09469664
saccade,17.2407,0.04174806,0.04066682,-0.05594453,-0.08922704,0.009249305,-0.005419875,-0.9959537,-0.01745656,-0.1778323,0.983906,0.1086043,0.0384649,-0.05309563,-0.04161285,0.07491879,-0.002142971,-0.9963188,-0.1491076,-0.08324043,0.9853111,0.14,1.811587,3.74,0,-0.6727939,0,0.73983,-0.9955062,0,0.09469664
saccade,17.2516,0.04175252,0.04063106,-0.05595569,-0.08942012,0.009342005,-0.005424428,-0.9959354,-0.01763796,-0.1782147,0.9838336,0.1086082,0.03842771,-0.05309537,-0.04538751,0.07890904,-0.002136116,-0.9958458,-0.1569686,-0.09073505,0.9834267,0.14,1.811587,3.74,0,-0.6727939,0,0.73983,-0.9955062,0,0.09469664
saccade,17.2626,0.04176491,0.04062796,-0.05595624,-0.09173579,0.01081645,-0.00533369,-0.9957104,-0.02056153,-0.1827999,0.9829351,0.1086198,0.03840744,-0.05309096,-0.04535783,0.07895118,-0.002010616,-0.9958441,-0.1570637,-0.09065614,0.9834188,0.14,1.811587,3.74,0,-0.6727939,0,0.73983,-0.9955062,0,0.09469664
saccade,17.2736,0.04178751,0.04064786,-0.05592621,-0.09172505,0.01077943,-0.005090687,-0.9957131,-0.02053255,-0.1827734,0.9829406,0.1086417,0.03839552,-0.05306879,-0.04533064,0.07890312,-0.001770902,-0.9958495,-0.1569907,-0.09056444,0.9834388,0.14,1.811587,3.74,0,-0.6727939,0,0.73983,-0.9955062,0,0.09469664
saccade,17.2851,0.04181509,0.04067171,-0.05589217,-0.09174101,0.01065774,-0.004882899,-0.9957139,-0.0203282,-0.1827997,0.98294,0.1086692,0.03839302,-0.05305359,-0.04484519,0.0814483,-0.001479778,-0.9956671,-0.1620581,-0.0895428,0.9827102,0.14,1.811587,3.74,0,-0.6727939,0,0.73983,-0.9955062,0,0.09469664
saccade,17.2959,0.04182921,0.04068065,-0.05586576,-0.09180164,0.01054819,-0.004818423,-0.9957098,-0.02012119,-0.1829172,0.9829224,0.1086837,0.03839445,-0.05304287,-0.04490165,0.08133604,-0.001416398,-0.9956738,-0.1618411,-0.08964521,0.9827366,0.14,1.811587,3.74,0,-0.6727939,0,0.73983,-0.9955062,0,0.09469664
saccade,17.3070,0.04235637,0.0402292,-0.05625232,-0.09299242,0.01250078,-0.004803614,-0.9955768,-0.02399757,-0.1852823,0.9823923,0.1087121,0.03840113,-0.05303346,-0.04495681,0.08125108,-0.001422187,-0.9956782,-0.161672,-0.08975615,0.9827543,0.14,1.811587,3.74,0,-0.6727939,0,0.73983,-0.9955062,0,0.09469664
saccade,17.3182,0.04238204,0.04023802,-0.05623836,-0.09310035,0.01243772,-0.004989425,-0.9955665,-0.02383613,-0.1854993,0.9823552,0.1087388,0.03843462,-0.05302599,-0.04582169,0.08200862,-0.001603654,-0.9955764,-0.1631447,-0.09150101,0.9823499,0.14,1.811587,3.74,0,-0.6727939,0,0.73983,-0.9955062,0,0.09469664
saccade,17.3299,0.042392,0.04024792,-0.05623792,-0.09431583,0.01328487,-0.005019691,-0.995441,-0.02550174,-0.1879051,0.981856,0.1087492,0.03844762,-0.05303361,-0.04591901,0.08194955,-0.001620405,-0.9955768,-0.1630253,-0.09169738,0.9823514,0.14,1.811587,3.74,0,-0.6727939,0,0.73983,-0.9955062,0,0.09469664
saccade,17.3405,0.04238749,0.04026854,-0.05626795,-0.09435291,0.01317638,-0.005125891,-0.9954385,-0.02526526,-0.1879801,0.9818478,0.1087458,0.0384835,-0.05307679,-0.04596374,0.08184657,-0.001728954,-0.995583,-0.1628112,-0.09180446,0.9823769,0.14,1.811587,3.74,0,-0.6727939,0,0.73983,-0.9955062,0,0.09469664
saccade,17.3516,0.04239377,0.0402981,-0.05626861,-0.09433264,0.01304834,-0.005196113,-0.9954417,-0.0249974,-0.1879409,0.9818622,0.1087531,0.03852391,-0.05309341,-0.04679943,0.08345457,-0.001784648,-0.9954105,-0.1659761,-0.09346717,0.9816903,0.14,1.811587,3.74,0,-0.6727939,0,0.73983,-0.9955062,0,0.09469664
saccade,17.3628,0.04239618,0.0403347,-0.05627347,-0.09420396,0.01290043,-0.005178856,-0.9954559,-0.02470788,-0.1876854,0.9819184,0.1087564,0.03856075,-0.05311749,-0.04666989,0.08330686,-0.001783596,-0.9954289,-0.1656857,-0.09321029,0.9817638,0.14,1.811587,3.74,0,-0.6727939,0,0.73983,-0.9955062,0,0.09469664
saccade,17.3737,0.04239709,0.04037046,-0.05628814,-0.09431057,0.01410986,-0.005074916,-0.9954299,-0.02713351,-0.1879023,0.9818128,0.1087573,0.03858733,-0.05313725,-0.04660651,0.08327048,-0.001714641,-0.9954351,-0.1656209,-0.09307308,0.9817877,0.14,1.811587,3.74,0,-0.6727939,0,0.73983,-0.9955062,0,0.09469664
saccade,17.3851,0.0423773,0.04041779,-0.05630183,-0.09407712,0.01415041,-0.004954961,-0.995452,-0.02723981,-0.1874388,0.9818985,0.1087369,0.03861928,-0.05314614,-0.04636439,0.08330578,-0.001609343,-0.9954436,-0.1657032,-0.09257441,0.981821,0.14,1.811587,3.74,0,-0.6727939,0,0.73983,-0.9955062,0,0.09469664
saccade,17.3962,0.04234005,0.04046822,-0.05632468,-0.09388144,0.01425783,-0.004935413,-0.9954691,-0.02745977,-0.1870529,0.981966,0.1086989,0.03866673,-0.05315423,-0.04625263,0.08446082,-0.001572452,-0.9953515,-0.167991,-0.09234088,0.9814541,0.14,1.811587,3.74,0,-0.6727939,0,0.73983,-0.9955062,0,0.09469664
saccade,17.4074,0.04230554,0.04048967,-0.05635002,-0.09405969,0.01562575,-0.004969404,-0.9954315,-0.03017389,-0.1874153,0.9818172,0.1086634,0.03869414,-0.05315667,-0.04616753,0.08462819,-0.001628675,-0.9953412,-0.1683175,-0.09218054,0.9814132,0.14,1.811587,3.74,0,-0.6727939,0,0.73983,-0.9955062,0,0.09469664
saccade,17.4184,0.04224852,0.04049397,-0.05640524,-0.09405039,0.01581761,-0.005082259,-0.9954288,-0.03053463,-0.1874017,0.9818087,0.1086055,0.03871095,-0.05318509,-0.04523229,0.08541477,-0.001687505,-0.9953168,-0.1698769,-0.0903292,0.9813167,0.14,1.811587,3.74,0,-0.6727939,0,0.73983,-0.9955062,0,0.09469664
saccade,17.4293,0.04220002,0.04049122,-0.05644479,-0.09404948,0.01597387,-0.005174221,-0.9954259,-0.03082833,-0.1874039,0.9817991,0.1085562,0.03871846,-0.05320283,-0.0452373,0.08557476,-0.00177153,-0.9953027,-0.1701853,-0.0903528,0.9812611,0.14,1.811587,3.74,0,-0.6727939,0,0.73983,-0.9955062,0,0.09469664
saccade,17.4407,0.04215997,0.04048884,-0.05647996,-0.0952282,0.0168728,-0.005303291,-0.9952983,-0.03257689,-0.1897399,0.9812938,0.1085153,0.03872871,-0.05321458,-0.04531234,0.08574788,-0.001872072,-0.9952842,-0.1705174,-0.09051836,0.9811882,0.14,1.811587,3.74,0,-0.6727939,0,0.73983,-0.9955062,0,0.09469664
saccade,17.4515,0.04212968,0.0404619,-0.05652622,-0.09530953,0.01689054,-0.005343331,-0.9952901,-0.03260342,-0.1899018,0.9812616,0.108485,0.03870654,-0.05325831,-0.04579203,0.08624282,-0.001904974,-0.9952194,-0.1714866,-0.09147482,0.9809305,0.14,1.811587,3.74,0,-0.6727939,0,0.73983,-0.9955062,0,0.09469664
saccade,17.4630,0.04210304,0.04043686,-0.05656685,-0.09535726,0.01696155,-0.005342567,-0.9952843,-0.03274422,-0.1899964,0.9812386,0.1084579,0.03868032,-0.05328977,-0.04583953,0.08631333,-0.001897362,-0.9952111,-0.171626,-0.09156756,0.9808975,0.14,1.811587,3.74,0,-0.6727939,0,0.73983,-0.9955062,0,0.09469664
saccade,17.4765,0.04209408,0.04044855,-0.05657425,-0.09602106,0.01702256,-0.005375675,-0.9952193,-0.03285,-0.191307,0.9809804,0.1084488,0.03869343,-0.05329378,-0.0458117,0.08633748,-0.001910475,-0.9952103,-0.1716729,-0.09151445,0.9808943,0.14,1.811587,3.74,0,-0.6727939,0,0.73983,-0.9955062,0,0.09469664
saccade,17.4947,0.04209096,0.04046893,-0.05657891,-0.09606721,0.01693759,-0.005328629,-0.9952165,-0.03268932,-0.1913959,0.9809684,0.1084461,0.03870845,-0.05331045,-0.04615838,0.0865526,-0.001865996,-0.9951757,-0.1720978,-0.09219442,0.9807561,0.14,1.811587,3.74,0,-0.6727939,0,0.73983,-0.9955062,0,0.09469664
saccade,17.5015,0.04217213,0.04048109,-0.05660968,-0.09644278,0.01771162,-0.005222167,-0.9951673,-0.03424477,-0.1921384,0.9807702,0.1085278,0.03870952,-0.05335662,-0.0461186,0.08644014,-0.001778757,-0.9951874,-0.1718842,-0.09210082,0.9808024,0.14,1.811587,3.74,0,-0.6727939,0,0.73983,-0.9955062,0,0.09469664
saccade,17.5082,0.04217213,0.04048109,-0.05660968,-0.09644278,0.01771162,-0.005222167,-0.9951673,-0.03424477,-0.1921384,0.9807702,0.1085278,0.03870952,-0.05335662,-0.0461186,0.08644014,-0.001778757,-0.9951874,-0.1718842,-0.09210082,0.9808024,0.14,1.811587,3.74,0,-0.6727939,0,0.73983,-0.9955062,0,0.09469664
saccade,17.5182,0.04218948,0.04048562,-0.05661675,-0.09642746,0.01766718,-0.005292275,-0.9951691,-0.03414303,-0.1921103,0.9807792,0.1085456,0.03872395,-0.05336859,-0.04614189,0.08749862,-0.001823013,-0.9950938,-0.1739704,-0.09215003,0.9804298,0.14,1.811587,3.74,0,-0.6727939,0,0.73983,-0.9955062,0,0.09469664
saccade,17.5296,0.04220951,0.04050219,-0.05661797,-0.09646475,0.01760382,-0.005252609,-0.9951669,-0.0340241,-0.192182,0.9807693,0.108566,0.03873599,-0.05337884,-0.04617665,0.08743349,-0.001784086,-0.995098,-0.173845,-0.09221257,0.9804462,0.14,1.811587,3.74,0,-0.6727939,0,0.73983,-0.9955062,0,0.09469664
saccade,17.5404,0.04224546,0.04052162,-0.05663249,-0.09750757,0.01836789,-0.005125049,-0.9950521,-0.03555456,-0.1942385,0.9803098,0.1086016,0.03873706,-0.05339666,-0.04616812,0.08741519,-0.001646117,-0.9951002,-0.1738217,-0.0921716,0.9804542,0.14,1.811587,3.74,0,-0.6727939,0,0.73983,-0.9955062,0,0.09469664
saccade,17.5515,0.04227038,0.04053545,-0.05664514,-0.09744702,0.01822141,-0.005004948,-0.9950613,-0.0352874,-0.1941139,0.9803441,0.1086272,0.03873718,-0.05342998,-0.04617983,0.08743442,-0.001536055,-0.9950982,-0.1738698,-0.09217554,0.9804453,0.14,1.811587,3.74,0,-0.6727939,0,0.73983,-0.9955062,0,0.09469664
saccade,17.5626,0.04229447,0.04053974,-0.05664185,-0.09852721,0.01876124,-0.004883253,-0.9949455,-0.03637056,-0.1962416,0.9798808,0.1086509,0.03872311,-0.05342999,-0.04628358,0.08741919,-0.001392342,-0.9950949,-0.1738519,-0.09235653,0.9804314,0.14,1.811587,3.74,0,-0.6727939,0,0.73983,-0.9955062,0,0.09469664
saccade,17.5738,0.04232629,0.04053342,-0.05664994,-0.09852812,0.01861815,-0.004794451,-0.9949486,-0.03610342,-0.1962394,0.9798911,0.1086834,0.0387069,-0.05345814,-0.04627888,0.08727219,-0.001311318,-0.9951081,-0.1735692,-0.09233385,0.9804837,0.14,1.811587,3.74,0,-0.6727939,0,0.73983,-0.9955062,0,0.09469664
saccade,17.5848,0.04234812,0.04054165,-0.05665654,-0.0984971,0.01855868,-0.00474181,-0.994953,-0.03599592,-0.196176,0.9799078,0.1087055,0.03870904,-0.05347316,-0.04616741,0.08746863,-0.001254711,-0.9950961,-0.1739635,-0.09210151,0.9804356,0.14,1.811587,3.74,0,-0.6727939,0,0.73983,-0.9955062,0,0.09469664
saccade,17.5959,0.04235521,0.04055357,-0.0566701,-0.09846266,0.01855239,-0.004767803,-0.9949564,-0.03597874,-0.196109,0.9799218,0.1087127,0.03872466,-0.05348707,-0.04613471,0.08746382,-0.001283316,-0.9950981,-0.1739517,-0.09204161,0.9804434,0.14,1.811587,3.74,0,-0.6727939,0,0.73983,-0.9955062,0,0.09469664
saccade,17.6070,0.04235859,0.04057276,-0.05668448,-0.0988766,0.01875392,-0.004864029,-0.9949111,-0.03635508,-0.1969293,0.9797434,0.1087161,0.03875494,-0.05349532,-0.04603722,0.08750315,-0.001373077,-0.9950989,-0.1740222,-0.09186348,0.9804475,0.14,1.811587,3.74,0,-0.6727939,0,0.73983,-0.9955062,0,0.09469664
saccade,17.6182,0.04237394,0.04058826,-0.05671851,-0.09881414,0.01873964,-0.004926297,-0.9949173,-0.03631522,-0.1968084,0.9797692,0.1087317,0.03877914,-0.05353015,-0.04597901,0.08749238,-0.001440171,-0.9951025,-0.1739953,-0.09175966,0.980462,0.14,1.811587,3.74,0,-0.6727939,0,0.73983,-0.9955062,0,0.09469664
saccade,17.6300,0.04237122,0.04060686,-0.05674007,-0.09880233,0.0187363,-0.004952905,-0.9949184,-0.03630346,-0.1967861,0.9797741,0.1087291,0.03880131,-0.05355176,-0.04615949,0.08805703,-0.001458225,-0.9950443,-0.1751067,-0.09211829,0.9802305,0.14,1.811587,3.74,0,-0.6727939,0,0.73983,-0.9955062,0,0.09469664
saccade,17.6404,0.04236605,0.04063189,-0.05676028,-0.09997639,0.01902807,-0.004983481,-0.9947954,-0.03686161,-0.1991017,0.9792853,0.1087239,0.0388267,-0.05357215,-0.04616081,0.08805561,-0.001460575,-0.9950444,-0.1751036,-0.09212134,0.9802307,0.14,1.811587,3.74,0,-0.6727939,0,0.73983,-0.9955062,0,0.09469664
saccade,17.6517,0.04237996,0.04063714,-0.05678905,-0.1000265,0.01904404,-0.004914596,-0.9947904,-0.03690648,-0.199198,0.9792641,0.1087375,0.03882241,-0.05359992,-0.04620619,0.08806768,-0.001387625,-0.9950413,-0.1751337,-0.09219854,0.9802182,0.14,1.811587,3.74,0,-0.6727939,0,0.73983,-0.9955062,0,0.09469664
saccade,17.6633,0.04239117,0.04063845,-0.05682106,-0.1000203,0.0190501,-0.004844172,-0.9947913,-0.03693271,-0.1991832,0.979266,0.1087485,0.03881443,-0.05363205,-0.04587146,0.08836401,-0.001299596,-0.9950306,-0.1757306,-0.09151668,0.9801752,0.14,1.811587,3.74,0,-0.6727939,0,0.73983,-0.9955062,0,0.09469664
saccade,17.6742,0.04239539,0.04067171,-0.05683935,-0.1008115,0.01924964,-0.004832556,-0.9947076,-0.03732118,-0.200742,0.978933,0.1087522,0.03884256,-0.05364192,-0.04591044,0.08843007,-0.001261908,-0.995023,-0.175864,-0.09158707,0.9801447,0.14,1.811587,3.74,0,-0.6727939,0,0.73983,-0.9955062,0,0.09469664
saccade,17.6850,0.04237617,0.04070008,-0.05685102,-0.1006077,0.01925656,-0.004812568,-0.9947283,-0.03734173,-0.2003399,0.9790146,0.1087328,0.0388689,-0.05365212,-0.0461373,0.08881705,-0.00125891,-0.9949781,-0.1766259,-0.09203482,0.9799657,0.14,1.811587,3.74,0,-0.6727939,0,0.73983,-0.9955062,0,0.09469664
saccade,17.6964,0.04239263,0.04073632,-0.05685627,-0.1004645,0.01925734,-0.004803612,-0.9947427,-0.03734701,-0.2000576,0.9790721,0.1087492,0.03890443,-0.05365681,-0.04599326,0.08881769,-0.001259932,-0.9949847,-0.1766286,-0.09174898,0.9799921,0.14,1.811587,3.74,0,-0.6727939,0,0.73983,-0.9955062,0,0.09469664
saccade,17.7071,0.04239017,0.04077351,-0.05686247,-0.1010089,0.01933238,-0.00485843,-0.9946858,-0.0374778,-0.2011321,0.9788469,0.1087463,0.03894544,-0.05365003,-0.04594596,0.0889124,-0.00129408,-0.9949784,-0.1768129,-0.0916606,0.9799671,0.14,1.811587,3.74,0,-0.6727939,0,0.73983,-0.9955062,0,0.09469664
saccade,17.7182,0.04238063,0.04078293,-0.05687383,-0.1009799,0.01933709,-0.004854335,-0.9946887,-0.03748839,-0.2010749,0.9788583,0.1087367,0.03895426,-0.0536607,-0.04591662,0.08891694,-0.001291764,-0.9949793,-0.1768224,-0.09160189,0.9799709,0.14,1.811587,3.74,0,-0.6727939,0,0.73983,-0.9955062,0,0.09469664
saccade,17.7298,0.04237783,0.04079294,-0.05688193,-0.1009448,0.01933766,-0.004816889,-0.9946924,-0.03749758,-0.2010043,0.9788724,0.1087337,0.0389595,-0.05366909,-0.0460712,0.08952927,-0.001246502,-0.9949173,-0.1780336,-0.09189726,0.9797239,0.14,1.811587,3.74,0,-0.6727939,0,0.73983,-0.9955062,0,0.09469664
saccade,17.7404,0.0423973,0.04076505,-0.05687726,-0.1014164,0.01942458,-0.004870216,-0.9946425,-0.03765319,-0.2019352,0.9786748,0.1087531,0.0389365,-0.05365999,-0.046121,0.08956203,-0.001282987,-0.994912,-0.1780943,-0.0920025,0.979703,0.14,1.811587,3.74,0,-0.6727939,0,0.73983,-0.9955062,0,0.09469664
saccade,17.7516,0.04239403,0.04076946,-0.05687958,-0.1014338,0.01933666,-0.004854649,-0.9946425,-0.03748127,-0.2019685,0.9786745,0.1087504,0.03893995,-0.0536742,-0.0461377,0.08947367,-0.001271138,-0.9949192,-0.1779208,-0.09203403,0.9797316,0.14,1.811587,3.74,0,-0.6727939,0,0.73983,-0.9955062,0,0.09469664
saccade,17.7627,0.04239688,0.04076171,-0.05687507,-0.1014153,0.01932216,-0.004769064,-0.9946451,-0.03747007,-0.2019287,0.9786832,0.1087531,0.03892112,-0.05367269,-0.04607825,0.08968868,-0.001180668,-0.9949027,-0.1783542,-0.09189855,0.9796655,0.14,1.811587,3.74,0,-0.6727939,0,0.73983,-0.9955062,0,0.09469664
saccade,17.7747,0.04242031,0.04074788,-0.05689172,-0.101774,0.019532,-0.00488835,-0.9946038,-0.03785819,-0.2026406,0.9785211,0.1087769,0.03892243,-0.05368853,-0.04616367,0.08969148,-0.001291211,-0.9948983,-0.1783486,-0.09208795,0.9796487,0.14,1.811587,3.74,0,-0.6727939,0,0.73983,-0.9955062,0,0.09469664
saccade,17.7852,0.04242558,0.04074311,-0.05689815,-0.1017626,0.01946512,-0.004856892,-0.9946064,-0.03773176,-0.2026166,0.9785309,0.1087825,0.03891444,-0.05370416,-0.04624521,0.08971676,-0.00126485,-0.9948924,-0.1784001,-0.09224496,0.9796246,0.14,1.811587,3.74,0,-0.6727939,0,0.73983,-0.9955062,0,0.09469664
saccade,17.7961,0.04241692,0.04074156,-0.05690097,-0.1017456,0.01945382,-0.00487628,-0.9946083,-0.03770559,-0.2025837,0.9785388,0.108774,0.03891575,-0.05370815,-0.04622951,0.08970664,-0.001285992,-0.994894,-0.1783783,-0.09221765,0.9796311,0.14,1.811587,3.74,0,-0.6727939,0,0.73983,-0.9955062,0,0.09469664
saccade,17.8072,0.04240733,0.04073358,-0.05690032,-0.1022999,0.0195848,-0.004860182,-0.9945489,-0.0379617,-0.2036749,0.9783024,0.1087644,0.03890407,-0.05370991,-0.04627035,0.08969101,-0.001255884,-0.9948936,-0.1783498,-0.09229343,0.9796292,0.14,1.811587,3.74,0,-0.6727939,0,0.73983,-0.9955062,0,0.09469664
saccade,17.8181,0.04240579,0.04070234,-0.05688833,-0.1022684,0.01960292,-0.004861479,-0.9945518,-0.03799788,-0.2036131,0.9783138,0.1087628,0.03887284,-0.05369538,-0.04623888,0.08970918,-0.001258366,-0.9948933,-0.1783857,-0.09223128,0.9796284,0.14,1.811587,3.74,0,-0.6727939,0,0.73983,-0.9955062,0,0.09469664
saccade,17.8298,0.04239189,0.04070163,-0.05689236,-0.1022867,0.0196671,-0.004930392,-0.9945483,-0.03811114,-0.2036522,0.9783012,0.1082458,0.03856027,-0.05383109,-0.04596228,0.09008653,-0.001304506,-0.994872,-0.1791292,-0.0916882,0.9795437,0.14,1.811587,3.74,0,-0.6727939,0,0.73983,-0.9955062,0,0.09469664
saccade,17.8403,0.04236162,0.04070437,-0.05690339,-0.1028543,0.02005871,-0.004888555,-0.9944822,-0.03889045,-0.2047697,0.9780372,0.1082151,0.0385561,-0.0538381,-0.04599554,0.09012052,-0.00125122,-0.9948674,-0.1792009,-0.09174445,0.9795254,0.14,1.811587,3.74,0,-0.6727939,0,0.73983,-0.9955062,0,0.09469664
saccade,17.8512,0.04234282,0.04069316,-0.05690192,-0.1028505,0.02013564,-0.004891587,-0.994481,-0.03904283,-0.2047627,0.9780326,0.1081958,0.03854418,-0.05382651,-0.04603826,0.09068734,-0.00123842,-0.994814,-0.1803201,-0.09182362,0.9793126,0.14,1.811587,3.74,0,-0.6727939,0,0.73983,-0.9955062,0,0.09469664
saccade,17.8669,0.04233558,0.04067385,-0.0568886,-0.1028025,0.02012454,-0.004913005,-0.9944861,-0.03901701,-0.204669,0.9780533,0.1081887,0.03852797,-0.05381411,-0.04599174,0.09067763,-0.001263777,-0.994817,-0.1802991,-0.09173592,0.9793246,0.14,1.811587,3.74,0,-0.6727939,0,0.73983,-0.9955062,0,0.09469664
saccade,17.8782,0.04228577,0.0406816,-0.05692494,-0.1030718,0.02037151,-0.004973322,-0.9944529,-0.03949179,-0.2052028,0.9779224,0.1081383,0.0385412,-0.05383233,-0.0460877,0.09081559,-0.001307051,-0.9947999,-0.1805662,-0.09193348,0.9792569,0.14,1.811587,3.74,0,-0.6727939,0,0.73983,-0.9955062,0,0.09469664
saccade,17.8896,0.04225776,0.04067945,-0.05695465,-0.103091,0.02039493,-0.005044449,-0.9944501,-0.0395234,-0.2052434,0.9779126,0.1081104,0.03854799,-0.05385808,-0.04600456,0.09100395,-0.001367502,-0.9947864,-0.1809332,-0.09177832,0.9792037,0.14,1.811587,3.74,0,-0.6727939,0,0.73983,-0.9955062,0,0.09469664
saccade,17.9007,0.0422654,0.0406642,-0.05696012,-0.1030934,0.02043605,-0.005052681,-0.9944489,-0.03960341,-0.2052488,0.9779083,0.1081178,0.03853321,-0.05385807,-0.04600745,0.09104529,-0.001373168,-0.9947825,-0.1810142,-0.09178486,0.9791881,0.14,1.811587,3.74,0,-0.6727939,0,0.73983,-0.9955062,0,0.09469664
saccade,17.9115,0.04224115,0.0406692,-0.05698732,-0.1019923,0.02067039,-0.005040175,-0.9945577,-0.04008767,-0.2030828,0.9783406,0.1080931,0.03854072,-0.05387496,-0.04597759,0.09112136,-0.001396189,-0.9947769,-0.1811625,-0.09172934,0.9791659,0.14,1.811587,3.74,0,-0.6727939,0,0.73983,-0.9955062,0,0.09469664
saccade,17.9227,0.04220704,0.04068029,-0.05701679,-0.1017805,0.02076381,-0.005072389,-0.9945773,-0.04026988,-0.2026679,0.9784192,0.1080585,0.03855538,-0.05389076,-0.04576741,0.09121659,-0.001437974,-0.9947778,-0.1813489,-0.09131914,0.9791697,0.14,1.811587,3.74,0,-0.6727939,0,0.73983,-0.9955062,0,0.09469664
saccade,17.9341,0.04223244,0.04070485,-0.05699483,-0.1018219,0.02074337,-0.005042451,-0.9945737,-0.04023475,-0.2027479,0.978404,0.1080839,0.03857625,-0.05387207,-0.04155902,0.08516256,-0.001433761,-0.995499,-0.1694393,-0.08298814,0.9820403,0.14,1.811587,3.74,0,-0.6727939,0,0.73983,-0.9955062,0,0.09469664
saccade,17.9451,0.04222235,0.04073024,-0.0570097,-0.08283048,0.0001220405,-0.005006853,-0.9965511,0.0005862009,-0.1650908,0.9862782,0.1080741,0.03860414,-0.05389188,-0.04145798,0.08512117,-0.001455273,-0.9955066,-0.1693567,-0.08279113,0.9820712,0.14,1.811587,3.74,0,-0.6727939,0,0.73983,-0.9955062,0,0.09469664
saccade,17.9558,0.04221272,0.04076099,-0.05704251,-0.08280552,0.0001792088,-0.004954199,-0.9965534,0.0004632877,-0.165042,0.9862864,0.1080639,0.03862751,-0.05391765,-0.04142836,0.085176,-0.001402604,-0.9955033,-0.1694698,-0.08272308,0.9820575,0.14,1.811587,3.74,0,-0.6727939,0,0.73983,-0.9955062,0,0.09469664
saccade,17.9669,0.04220642,0.04078352,-0.05708034,-0.08275634,0.0001523607,-0.004927909,-0.9965577,0.000511959,-0.1649444,0.9863027,0.1080577,0.03864717,-0.05395905,-0.01600337,0.05164173,-0.001469488,-0.9985363,-0.1030852,-0.03211167,0.994154,0.14,1.811587,3.74,0,-0.6727939,0,0.73983,-0.9955062,0,0.09469664
saccade,17.9784,0.04220729,0.04080546,-0.05703725,-0.0380683,-0.0326957,-0.004372694,-0.9987305,0.06564131,-0.07575401,0.9949636,0.1080583,0.03866732,-0.05391149,-0.01595706,0.05167428,-0.001456558,-0.9985355,-0.1031507,-0.03201791,0.9941503,0.14,1.811587,3.74,0,-0.6727939,0,0.73983,-0.9955062,0,0.09469664
saccade,17.9894,0.04221187,0.0408442,-0.05707922,-0.03804228,-0.03274026,-0.004397428,-0.99873,0.06573194,-0.07569999,0.9949617,0.1080633,0.03870988,-0.05395908,0.005562739,0.02252725,-0.001572625,-0.9997296,-0.04505981,0.01105162,0.9989232,0.14,1.811587,3.74,0,-0.6727939,0,0.73983,-0.9955062,0,0.09469664
saccade,18.0002,0.04221972,0.04088593,-0.05711301,-0.03794811,-0.03278776,-0.004371286,-0.9987321,0.06582414,-0.07551334,0.9949698,0.1080713,0.03874934,-0.05399878,0.00565831,0.02247904,-0.001553814,-0.9997302,-0.04496354,0.01124371,0.9989253,0.14,1.811587,3.74,0,-0.6727939,0,0.73983,-0.9955062,0,0.09469664
saccade,18.0118,0.04226406,0.04093552,-0.0571175,-0.01821746,-0.054623,-0.004304406,-0.9983315,0.1092205,-0.03590389,0.9933689,0.1081158,0.03879786,-0.05400705,0.005737051,0.02244753,-0.001543789,-0.9997304,-0.04490068,0.0114017,0.9989264,0.14,1.811587,3.74,0,-0.6727939,0,0.73983,-0.9955062,0,0.09469664
saccade,18.0227,0.04231523,0.04099882,-0.05711529,-0.01812039,-0.05466925,-0.00426665,-0.998331,0.1093106,-0.03571378,0.9933658,0.1081671,0.0388577,-0.05401054,0.01237268,0.01065012,-0.00161479,-0.9998655,-0.02133733,0.02470763,0.999467,0.14,1.811587,3.74,0,-0.6727939,0,0.73983,-0.9955062,0,0.09469664
saccade,18.0335,0.04231088,0.04103959,-0.05715396,-0.01795561,-0.05482561,-0.004272087,-0.9983253,0.109621,-0.03538264,0.9933435,0.1081638,0.03890169,-0.054069,0.01253699,0.01049448,-0.001635761,-0.999865,-0.02102714,0.02503627,0.9994654,0.14,1.811587,3.74,0,-0.6727939,0,0.73983,-0.9955062,0,0.09469664
saccade,18.0446,0.0423222,0.04104912,-0.05716031,-0.01441437,-0.06061679,-0.004292631,-0.9980478,0.1211207,-0.02825206,0.9922357,0.108175,0.03890991,-0.05407384,0.01264342,0.01050215,-0.001622074,-0.9998636,-0.02104245,0.02524933,0.9994597,0.14,1.811587,3.74,0,-0.6727939,0,0.73983,-0.9955062,0,0.09469664
saccade,18.0560,0.04237464,0.04109526,-0.05719007,-0.01436737,-0.06069633,-0.004321233,-0.9980435,0.1212793,-0.02815395,0.9922191,0.1082281,0.0389607,-0.05411381,0.0168977,0.003834295,-0.001693773,-0.9998485,-0.007724669,0.03377729,0.9993995,0.14,1.811587,3.74,0,-0.6727939,0,0.73983,-0.9955062,0,0.09469664
saccade,18.0669,0.04240634,0.04113173,-0.05721236,-0.0142678,-0.06075691,-0.004269443,-0.9980415,0.1213977,-0.02796092,0.99221,0.10826,0.03899193,-0.05414369,0.0170005,0.003772466,-0.001650437,-0.9998471,-0.007599894,0.03398335,0.9993935,0.14,1.811587,3.74,0,-0.6727939,0,0.73983,-0.9955062,0,0.09469664
saccade,18.0783,0.04241725,0.04115772,-0.05722905,-0.0113931,-0.06345104,-0.004194052,-0.9979111,0.1267326,-0.02220637,0.9916883,0.1082705,0.039011,-0.05415713,0.0170403,0.003794849,-0.001596204,-0.9998463,-0.007642932,0.03406324,0.9993905,0.14,1.811587,3.74,0,-0.6727939,0,0.73983,-0.9955062,0,0.09469664
saccade,18.0897,0.04242251,0.04117322,-0.05725193,-0.0114449,-0.06349944,-0.004121092,-0.9979078,0.1268275,-0.02231853,0.9916736,0.1082757,0.03901625,-0.05418674,0.01948473,-0.0007993262,-0.001559852,-0.9998086,0.00153756,0.0389645,0.9992394,0.14,1.811587,3.74,0,-0.6727939,0,0.73983,-0.9955062,0,0.09469664
saccade,18.1003,0.04247028,0.04115486,-0.05729182,-0.01145918,-0.06342252,-0.004134809,-0.9979125,0.126675,-0.02234605,0.9916925,0.1083231,0.03899932,-0.05421654,0.01946947,-0.0007219296,-0.00157024,-0.999809,0.00138244,0.03893378,0.9992408,0.14,1.811587,3.74,0,-0.6727939,0,0.73983,-0.9955062,0,0.09469664
saccade,18.1113,0.04247041,0.04111063,-0.0573164,-0.008863353,-0.06542666,-0.004136418,-0.9978095,0.13064,-0.01714661,0.9912816,0.1083233,0.03895843,-0.0542397,0.01939394,-0.0007080249,-0.001598565,-0.9998104,0.001353777,0.0387828,0.9992468,0.14,1.811587,3.74,0,-0.6727939,0,0.73983,-0.9955062,0,0.09469664
saccade,18.1223,0.04246796,0.04106414,-0.05732967,-0.008946885,-0.06536761,-0.004174826,-0.9978124,0.1305239,-0.01730883,0.9912941,0.1083206,0.03891563,-0.05424555,0.02112858,-0.003699314,-0.00165129,-0.9997686,0.007327137,0.04225961,0.9990798,0.14,1.811587,3.74,0,-0.6727939,0,0.73983,-0.9955062,0,0.09469664
saccade,18.1345,0.04249351,0.04106915,-0.05730287,-0.009060784,-0.06533534,-0.004134498,-0.9978137,0.1304599,-0.01754169,0.9912984,0.1083457,0.03891361,-0.05421509,0.02101734,-0.003668703,-0.001603069,-0.9997711,0.007268343,0.04203682,0.9990896,0.14,1.811587,3.74,0,-0.6727939,0,0.73983,-0.9955062,0,0.09469664
saccade,18.1452,0.04250879,0.04109204,-0.0572737,-0.007133925,-0.06708232,-0.004081772,-0.9977136,0.1339161,-0.0136876,0.9908981,0.1083609,0.03893065,-0.05418676,0.02093423,-0.003673114,-0.001563246,-0.9997729,0.007279109,0.04187043,0.9990965,0.14,1.811587,3.74,0,-0.6727939,0,0.73983,-0.9955062,0,0.09469664
saccade,18.1558,0.04250623,0.04111981,-0.05726168,-0.007206338,-0.06714922,-0.003961088,-0.9977091,0.1340479,-0.01384769,0.9908781,0.1083582,0.03894174,-0.054184,0.02200755,-0.006188897,-0.001468095,-0.9997376,0.01230993,0.04402173,0.9989547,0.14,1.811587,3.74,0,-0.6727939,0,0.73983,-0.9955062,0,0.09469664
saccade,18.1669,0.04250618,0.04114783,-0.05725708,-0.007312944,-0.06715004,-0.003864582,-0.9977087,0.1340489,-0.01407336,0.9908748,0.1083577,0.03895557,-0.0541801,0.02190705,-0.006192988,-0.001365347,-0.9997399,0.01232293,0.04381962,0.9989635,0.14,1.811587,3.74,0,-0.6727939,0,0.73983,-0.9955062,0,0.09469664
saccade,18.1781,0.04251013,0.04118311,-0.05723709,-0.006790476,-0.06734699,-0.003883314,-0.997699,0.1344368,-0.01302664,0.9908366,0.1083617,0.038993,-0.05415989,0.02176019,-0.006185722,-0.001390502,-0.9997432,0.01230775,0.04352641,0.9989765,0.14,1.811587,3.74,0,-0.6727939,0,0.73983,-0.9955062,0,0.09469664
saccade,18.1893,0.04250781,0.04119933,-0.05724352,-0.006916945,-0.06735222,-0.003937775,-0.9976975,0.1344488,-0.0132716,0.9908317,0.1083596,0.03901446,-0.05416761,0.02163066,-0.006189976,-0.001437272,-0.9997458,0.01231463,0.04326813,0.9989876,0.14,1.811587,3.74,0,-0.6727939,0,0.73983,-0.9955062,0,0.09469664
saccade,18.2003,0.04250835,0.0412122,-0.05725921,-0.006971297,-0.06722483,-0.003989662,-0.9977056,0.1341968,-0.0133742,0.9908645,0.1083596,0.03903329,-0.05416672,0.02320477,-0.008132179,-0.001485487,-0.9996966,0.01619048,0.04641962,0.9987908,0.14,1.811587,3.74,0,-0.6727939,0,0.73983,-0.9955062,0,0.09469664
saccade,18.2116,0.04251608,0.04123378,-0.05726258,-0.006166935,-0.06705353,-0.003969776,-0.9977224,0.1338506,-0.0117734,0.9909316,0.1083674,0.03905594,-0.05417086,0.02318886,-0.008137202,-0.001495176,-0.9996969,0.01620013,0.046388,0.9987921,0.14,1.811587,3.74,0,-0.6727939,0,0.73983,-0.9955062,0,0.09469664
saccade,18.2227,0.04252238,0.04126251,-0.05726944,-0.006089475,-0.06703443,-0.004022539,-0.997724,0.1338127,-0.01161193,0.9909386,0.1083738,0.03909266,-0.05417479,0.02326302,-0.008116187,-0.001551813,-0.9996952,0.01615523,0.04653705,0.9987859,0.14,1.811587,3.74,0,-0.6727939,0,0.73983,-0.9955062,0,0.09469664
saccade,18.2337,0.04251969,0.04128504,-0.0572858,-0.005977901,-0.0670125,-0.003957755,-0.9977264,0.1337676,-0.01139818,0.9909472,0.1083707,0.03910851,-0.05418774,0.02481426,-0.009564456,-0.001486441,-0.9996452,0.01904836,0.04963936,0.9985855,0.14,1.811587,3.74,0,-0.6727939,0,0.73983,-0.9955062,0,0.09469664
saccade,18.2452,0.042516,0.04131043,-0.05729965,-0.005747681,-0.06722876,-0.003934043,-0.9977133,0.1341953,-0.01094011,0.9908945,0.1083671,0.03913248,-0.05420262,0.02494819,-0.009577357,-0.001468554,-0.9996418,0.01907458,0.04990664,0.9985718,0.14,1.811587,3.74,0,-0.6727939,0,0.73983,-0.9955062,0,0.09469664
saccade,18.2561,0.04253684,0.04130614,-0.05731888,-0.005629866,-0.06726786,-0.003787749,-0.9977119,0.1342705,-0.01072438,0.9908867,0.1083875,0.03911078,-0.05422649,0.02507429,-0.009620447,-0.001330558,-0.9996384,0.01916721,0.05015605,0.9985574,0.14,1.811587,3.74,0,-0.6727939,0,0.73983,-0.9955062,0,0.09469664
saccade,18.2669,0.04254129,0.04130638,-0.05734234,-0.00557239,-0.06727691,-0.003789798,-0.9977116,0.1342881,-0.01060935,0.9908856,0.1083921,0.03911221,-0.05425086,0.02672213,-0.01062669,-0.001312095,-0.9995856,0.02117446,0.05345,0.998346,0.14,1.811587,3.74,0,-0.6727939,0,0.73983,-0.9955062,0,0.09469664
saccade,18.2780,0.04252959,0.0412991,-0.05737706,-0.005397616,-0.06690908,-0.003780724,-0.9977373,0.1335562,-0.01026488,0.9909881,0.1083802,0.03910625,-0.05428135,0.0267804,-0.01059642,-0.001317699,-0.9995843,0.02111345,0.05356645,0.998341,0.14,1.811587,3.74,0,-0.6727939,0,0.73983,-0.9955062,0,0.09469664
saccade,18.2898,0.04251774,0.04128468,-0.05741588,-0.00540291,-0.06687023,-0.003883421,-0.9977396,0.1334801,-0.01026202,0.9909984,0.1083686,0.03910518,-0.05431503,0.02825685,-0.01297283,-0.001434359,-0.9995155,0.02585203,0.05652353,0.9980665,0.14,1.811587,3.74,0,-0.6727939,0,0.73983,-0.9955062,0,0.09469664
saccade,18.3004,0.04253323,0.04128265,-0.05740572,-0.005387498,-0.0667969,-0.004010564,-0.997744,0.1333356,-0.0102149,0.9910183,0.1083841,0.03911996,-0.05429506,0.02826522,-0.01289506,-0.001559587,-0.9995161,0.02568948,0.05654331,0.9980696,0.14,1.811587,3.74,0,-0.6727939,0,0.73983,-0.9955062,0,0.09469664
saccade,18.3113,0.04252341,0.0412823,-0.05744375,-0.005414169,-0.06675526,-0.004012269,-0.9977466,0.1332531,-0.01026826,0.9910288,0.1083741,0.03911936,-0.05432773,0.02823842,-0.01285343,-0.001558443,-0.9995174,0.02560644,0.05648964,0.9980748,0.14,1.811587,3.74,0,-0.6727939,0,0.73983,-0.9955062,0,0.09469664
saccade,18.3226,0.04278232,0.04052627,-0.0584209,-0.003752239,-0.06711036,-0.004011563,-0.9977305,0.1339462,-0.006949012,0.9909642,0.1083694,0.0391345,-0.05435331,0.02853557,-0.01583786,-0.001675107,-0.9994659,0.0315632,0.05709373,0.9978698,0.14,1.811587,3.74,0,-0.6727939,0,0.73983,-0.9955062,0,0.09469664
saccade,18.3338,0.04278601,0.04054892,-0.05843396,-0.003707312,-0.06721234,-0.004104289,-0.9977234,0.1341491,-0.006846026,0.9909375,0.1083742,0.03917003,-0.0543796,0.02857589,-0.01593682,-0.001773281,-0.999463,0.03175518,0.0571776,0.9978589,0.14,1.811587,3.74,0,-0.6727939,0,0.73983,-0.9955062,0,0.09469664
saccade,18.3452,0.04281107,0.04057086,-0.05843548,-0.002734296,-0.06822564,-0.00409073,-0.9976578,0.1361541,-0.004897598,0.9906756,0.1083996,0.03919232,-0.05438689,0.02867054,-0.01598305,-0.001768913,-0.9994596,0.03184739,0.05736665,0.9978451,0.14,1.811587,3.74,0,-0.6727939,0,0.73983,-0.9955062,0,0.09469664
saccade,18.3560,0.04281493,0.04059446,-0.05845325,-0.002717234,-0.06823913,-0.004027329,-0.9976572,0.1361804,-0.004872093,0.9906721,0.1084034,0.03920782,-0.05440638,0.02869092,-0.01599846,-0.001706945,-0.9994588,0.03188165,0.0574054,0.9978418,0.14,1.811587,3.74,0,-0.6727939,0,0.73983,-0.9955062,0,0.09469664
saccade,18.3672,0.04281821,0.04061794,-0.05847348,-0.002709866,-0.0682654,-0.003953279,-0.9976557,0.1362322,-0.004867282,0.990665,0.1084067,0.03922188,-0.05443005,0.03142039,-0.0176125,-0.001589584,-0.9993498,0.03510221,0.06285592,0.9974051,0.14,1.811587,3.74,0,-0.6727939,0,0.73983,-0.9955062,0,0.09469664
saccade,18.3781,0.04283881,0.04062164,-0.05841164,-0.001474388,-0.06907457,-0.003998364,-0.9976025,0.1378297,-0.002389336,0.9904531,0.1084274,0.03923368,-0.05436699,0.03141631,-0.01760109,-0.001652026,-0.9993501,0.0350755,0.06284993,0.9974064,0.14,1.811587,3.74,0,-0.6727939,0,0.73983,-0.9955062,0,0.09469664
saccade,18.3890,0.04286002,0.0406245,-0.05842031,-0.001610972,-0.06896602,-0.004075202,-0.9976094,0.1376154,-0.002652141,0.9904822,0.1084479,0.03924417,-0.05436184,0.03287731,-0.01907841,-0.001708568,-0.9992758,0.03801683,0.06577221,0.9971102,0.14,1.811587,3.74,0,-0.6727939,0,0.73983,-0.9955062,0,0.09469664
saccade,18.4004,0.04285672,0.04062271,-0.05843136,-0.001555711,-0.06896345,-0.004015962,-0.9976099,0.1376097,-0.002550077,0.9904832,0.1084444,0.03923559,-0.05437237,0.03293543,-0.0190776,-0.001652095,-0.999274,0.03801867,0.06588608,0.9971026,0.14,1.811587,3.74,0,-0.6727939,0,0.73983,-0.9955062,0,0.09469664
saccade,18.4119,0.04287013,0.04061043,-0.05839515,-0.0008747615,-0.06944101,-0.003884844,-0.9975781,0.1385525,-0.001205751,0.9903544,0.108458,0.03920782,-0.05434325,0.03294701,-0.01913588,-0.001533711,-0.9992728,0.03814287,0.0659048,0.9970966,0.14,1.811587,3.74,0,-0.6727939,0,0.73983,-0.9955062,0,0.09469664
saccade,18.4226,0.04289028,0.04061115,-0.05839075,-0.0009473786,-0.06944327,-0.003775101,-0.9975784,0.1385574,-0.001365858,0.9903535,0.1084778,0.03919291,-0.05433938,0.03314446,-0.01969997,-0.001426647,-0.9992554,0.03927603,0.06629576,0.9970267,0.14,1.811587,3.74,0,-0.6727939,0,0.73983,-0.9955062,0,0.09469664
saccade,18.4335,0.04291076,0.04060757,-0.05838826,-0.000937406,-0.06950087,-0.00364484,-0.9975748,0.1386715,-0.001363626,0.9903375,0.1084984,0.03917253,-0.05434441,0.03316102,-0.01976203,-0.001299094,-0.9992538,0.03940841,0.0663239,0.9970196,0.14,1.811587,3.74,0,-0.6727939,0,0.73983,-0.9955062,0,0.09469664
saccade,18.4446,0.0429358,0.04059577,-0.05838767,-0.0002966654,-0.06970661,-0.003564812,-0.9975612,0.1390753,-9.490165E-05,0.9902818,0.1085237,0.03915238,-0.05435152,0.03316135,-0.01982284,-0.001237396,-0.9992527,0.03953399,0.06632219,0.9970148,0.14,1.811587,3.74,0,-0.6727939,0,0.73983,-0.9955062,0,0.09469664
saccade,18.4565,0.04296769,0.04056466,-0.05835631,-0.0003558863,-0.06974329,-0.003555667,-0.9975587,0.1391486,-0.0002140671,0.9902715,0.1085559,0.03911912,-0.05432518,0.03414045,-0.02074405,-0.001216875,-0.999201,0.04137186,0.06827682,0.9968082,0.14,1.811587,3.74,0,-0.6727939,0,0.73983,-0.9955062,0,0.09469664
saccade,18.4675,0.04298322,0.04052448,-0.05836743,-0.0003780089,-0.06975329,-0.003606455,-0.9975578,0.1391686,-0.0002510473,0.9902686,0.1085716,0.03908515,-0.0543377,0.03411589,-0.02075243,-0.001266838,-0.9992017,0.04138529,0.06822989,0.9968109,0.14,1.811587,3.74,0,-0.6727939,0,0.73983,-0.9955062,0,0.09469664
saccade,18.4783,0.04300302,0.04049349,-0.05838457,-0.0001836047,-0.07053211,-0.003776925,-0.9975023,0.1407133,0.0001664968,0.9900504,0.1085916,0.03907299,-0.05435111,0.03400125,-0.02071612,-0.001419205,-0.9992061,0.04130283,0.06800731,0.9968295,0.14,1.811587,3.74,0,-0.6727939,0,0.73983,-0.9955062,0,0.09469664
saccade,18.4897,0.04301979,0.04046905,-0.05839621,-0.000214994,-0.07055023,-0.003832675,-0.9975008,0.1407495,0.0001118789,0.9900452,0.1086087,0.03905535,-0.05436524,0.03396718,-0.02073252,-0.001473919,-0.9992068,0.04133203,0.0679416,0.9968328,0.14,1.811587,3.74,0,-0.6727939,0,0.73983,-0.9955062,0,0.09469664
saccade,18.4999,0.04302986,0.04042697,-0.05834802,-0.000266619,-0.0706245,-0.003919053,-0.9974953,0.1408973,2.165989E-05,0.9900242,0.1086196,0.03902364,-0.05432701,0.03436948,-0.02125074,-0.001557454,-0.999182,0.04235967,0.06874893,0.9967343,0.14,1.811587,3.74,0,-0.6727939,0,0.73983,-0.9955062,0,0.09469664
saccade,18.5114,0.04304896,0.04042757,-0.05834912,3.455766E-05,-0.0712489,-0.003938194,-0.9974508,0.1421343,0.0006301231,0.9898472,0.1086392,0.03902614,-0.05433569,0.03438129,-0.02130827,-0.001573512,-0.9991804,0.04247341,0.06877328,0.9967278,0.14,1.811587,3.74,0,-0.6727939,0,0.73983,-0.9955062,0,0.09469664
saccade,18.5230,0.04306784,0.04043543,-0.05835105,2.53804E-05,-0.07130675,-0.003887144,-0.997447,0.1422492,0.0006049903,0.9898307,0.1086584,0.03902721,-0.05434524,0.03437482,-0.021368,-0.001524102,-0.9991794,0.04259615,0.06875836,0.9967235,0.14,1.811587,3.74,0,-0.6727939,0,0.73983,-0.9955062,0,0.09469664
saccade,18.5337,0.04308863,0.04043996,-0.05831896,4.668533E-05,-0.07136057,-0.003810042,-0.9974434,0.1423559,0.0006369055,0.9898154,0.1086794,0.03902197,-0.05432014,0.03477925,-0.02179458,-0.001447908,-0.9991564,0.04345168,0.06956294,0.9966308,0.14,1.811587,3.74,0,-0.6727939,0,0.73983,-0.9955062,0,0.09469664
saccade,18.5449,0.04309829,0.04045415,-0.05831353,0.0005302913,-0.07118162,-0.003727869,-0.9974563,0.1419972,0.001588596,0.9898658,0.1086889,0.03902864,-0.05431465,0.03482138,-0.02179729,-0.001386217,-0.9991549,0.04346119,0.06964432,0.9966247,0.14,1.811587,3.74,0,-0.6727939,0,0.73983,-0.9955062,0,0.09469664
saccade,18.5558,0.04310562,0.04048204,-0.05832686,0.0005848315,-0.07112209,-0.003731377,-0.9974605,0.1418786,0.001697459,0.9898826,0.1086957,0.03905785,-0.05431999,0.0348755,-0.02173728,-0.001390348,-0.9991543,0.04334081,0.06975246,0.9966224,0.14,1.811587,3.74,0,-0.6727939,0,0.73983,-0.9955062,0,0.09469664
saccade,18.5669,0.04310824,0.0404942,-0.05834379,0.0006901808,-0.07112801,-0.0036858,-0.9974602,0.1418896,0.001901183,0.9898807,0.1086983,0.03906596,-0.05433732,0.03474821,-0.02214459,-0.00136786,-0.9991498,0.04415645,0.06949792,0.9966044,0.14,1.811587,3.74,0,-0.6727939,0,0.73983,-0.9955062,0,0.09469664
saccade,18.5782,0.04310646,0.04050756,-0.05828917,0.0008269381,-0.07162041,-0.003667182,-0.9974249,0.1428659,0.002174907,0.9897397,0.1086963,0.03907681,-0.05427959,0.03482367,-0.02212352,-0.001340958,-0.9991477,0.04411593,0.06964732,0.9965957,0.14,1.811587,3.74,0,-0.6727939,0,0.73983,-0.9955062,0,0.09469664
saccade,18.5891,0.04311091,0.04052758,-0.05829972,0.0008339528,-0.07155961,-0.003652201,-0.9974293,0.1427452,0.002186318,0.9897571,0.1087002,0.03909492,-0.05428212,0.03483127,-0.02206309,-0.001324267,-0.9991488,0.04399637,0.06966168,0.9966,0.14,1.811587,3.74,0,-0.6727939,0,0.73983,-0.9955062,0,0.09469664
saccade,18.6003,0.04311223,0.04053414,-0.05831226,0.0008995794,-0.07158826,-0.003636819,-0.9974273,0.1428016,0.002315237,0.9897486,0.1087017,0.03910053,-0.0542982,0.03427375,-0.02315581,-0.001359817,-0.9991433,0.04617874,0.06855174,0.9965782,0.14,1.811587,3.74,0,-0.6727939,0,0.73983,-0.9955062,0,0.09469664
saccade,18.6118,0.04309943,0.04055524,-0.05827773,0.001271235,-0.07182939,-0.003626912,-0.9974095,0.1432774,0.003056921,0.9896778,0.1086889,0.03912079,-0.05426398,0.0342446,-0.0231577,-0.001354899,-0.9991443,0.04618296,0.06849334,0.996582,0.14,1.811587,3.74,0,-0.6727939,0,0.73983,-0.9955062,0,0.09469664
saccade,18.6226,0.0430921,0.04056525,-0.05826581,0.00124527,-0.07183062,-0.003605063,-0.9974096,0.1432801,0.003001996,0.9896776,0.1086815,0.03912735,-0.0542523,0.03421974,-0.02315976,-0.001331867,-0.9991451,0.04618877,0.06844267,0.9965852,0.14,1.811587,3.74,0,-0.6727939,0,0.73983,-0.9955062,0,0.09469664
saccade,18.6336,0.04310262,0.04056501,-0.0582785,0.00129831,-0.07185733,-0.003635213,-0.9974075,0.1433326,0.003112322,0.9896697,0.1086924,0.03913212,-0.05426834,0.0341717,-0.02367535,-0.001381082,-0.9991345,0.04721533,0.06834964,0.9965435,0.14,1.811587,3.74,0,-0.6727939,0,0.73983,-0.9955062,0,0.09469664
saccade,18.6495,0.04310609,0.04056585,-0.05828561,0.001680436,-0.07225446,-0.003650953,-0.9973782,0.1441178,0.003879655,0.9895529,0.1086964,0.03913558,-0.05428331,0.03418722,-0.02373492,-0.001402311,-0.9991326,0.04733277,0.0683817,0.9965358,0.14,1.811587,3.74,0,-0.6727939,0,0.73983,-0.9955062,0,0.09469664
saccade,18.6629,0.04312322,0.04056036,-0.05823196,0.00174306,-0.07230287,-0.003651208,-0.9973745,0.1442134,0.004004952,0.9895385,0.1087139,0.03913116,-0.05423582,0.03388425,-0.0238438,-0.00142007,-0.9991403,0.04755037,0.06777796,0.9965667,0.14,1.811587,3.74,0,-0.6727939,0,0.73983,-0.9955062,0,0.09469664
saccade,18.6684,0.04312972,0.04057062,-0.05822356,0.002162641,-0.07233904,-0.003651455,-0.9973711,0.1442819,0.004842197,0.9895248,0.1087207,0.03914177,-0.05423229,0.03377834,-0.02387816,-0.001432491,-0.9991431,0.04761861,0.06756719,0.9965777,0.14,1.811587,3.74,0,-0.6727939,0,0.73983,-0.9955062,0,0.09469664
saccade,18.6782,0.04312859,0.04055345,-0.05821632,0.002254036,-0.07238033,-0.003589854,-0.9973682,0.1443635,0.005015876,0.989512,0.1087197,0.03911817,-0.05423015,0.03387265,-0.02392104,-0.001376728,-0.999139,0.04770761,0.06775284,0.9965609,0.14,1.811587,3.74,0,-0.6727939,0,0.73983,-0.9955062,0,0.09469664
saccade,18.6893,0.04313455,0.04054284,-0.05821813,0.002208028,-0.07242763,-0.003595523,-0.9973648,0.1444577,0.004925249,0.9894987,0.1087261,0.03910744,-0.05423833,0.03382656,-0.02396846,-0.001381671,-0.9991394,0.04780219,0.06766113,0.9965625,0.14,1.811587,3.74,0,-0.6727939,0,0.73983,-0.9955062,0,0.09469664
saccade,18.7008,0.04315716,0.04050314,-0.05821835,0.002175117,-0.07244022,-0.00362066,-0.9973638,0.1444828,0.004863329,0.9894953,0.1087489,0.03907049,-0.05424034,0.03399438,-0.02393962,-0.001398297,-0.9991343,0.04774271,0.06799685,0.9965426,0.14,1.811587,3.74,0,-0.6727939,0,0.73983,-0.9955062,0,0.09469664
saccade,18.7118,0.04316181,0.04049611,-0.05821289,0.002203603,-0.07231426,-0.003675941,-0.9973727,0.1442323,0.004927272,0.9895316,0.1087533,0.03906798,-0.05422917,0.03375978,-0.02388908,-0.001450673,-0.9991434,0.04763928,0.06753103,0.9965792,0.14,1.811587,3.74,0,-0.6727939,0,0.73983,-0.9955062,0,0.09469664
saccade,18.7223,0.04314661,0.04046857,-0.05821765,0.002271166,-0.07233547,-0.003625241,-0.9973712,0.1442742,0.005054859,0.9895248,0.1087381,0.03903496,-0.05423648,0.0336892,-0.02414322,-0.001414314,-0.9991397,0.04814962,0.06738873,0.9965643,0.14,1.811587,3.74,0,-0.6727939,0,0.73983,-0.9955062,0,0.09469664
saccade,18.7337,0.04314565,0.04041898,-0.05818908,0.002209122,-0.07225856,-0.00361833,-0.9973769,0.144122,0.004929564,0.9895476,0.1087365,0.03898335,-0.05419799,0.03362742,-0.02406666,-0.001401995,-0.9991437,0.04799782,0.06726474,0.99658,0.14,1.811587,3.74,0,-0.6727939,0,0.73983,-0.9955062,0,0.09469664
saccade,18.7448,0.04312856,0.04039991,-0.05819314,0.002376879,-0.07222579,-0.003677768,-0.9973787,0.1440555,0.005272556,0.9895556,0.1087197,0.0389725,-0.05420348,0.03359106,-0.02407456,-0.001467347,-0.9991447,0.04800936,0.06719531,0.9965841,0.14,1.811587,3.74,0,-0.6727939,0,0.73983,-0.9955062,0,0.09469664
saccade,18.7558,0.04311107,0.04038477,-0.05819532,0.002394473,-0.07219845,-0.003669825,-0.9973807,0.1440011,0.005306314,0.9895633,0.1087019,0.03895664,-0.05420201,0.03360894,-0.02404734,-0.001459401,-0.9991447,0.04795544,0.06723057,0.9965844,0.14,1.811587,3.74,0,-0.6727939,0,0.73983,-0.9955062,0,0.09469664
saccade,18.7672,0.04310204,0.04038656,-0.05820198,0.002326626,-0.07210546,-0.003686242,-0.9973875,0.143817,0.005172692,0.9895908,0.1086922,0.03895938,-0.05419667,0.03386718,-0.02411032,-0.001463496,-0.9991344,0.04807978,0.0677463,0.9965434,0.14,1.811587,3.74,0,-0.6727939,0,0.73983,-0.9955062,0,0.09469664
saccade,18.7780,0.04305228,0.04036474,-0.0581633,0.002423546,-0.07192558,-0.003689513,-0.9974003,0.1434593,0.005365231,0.9896417,0.1086426,0.03893948,-0.05415995,0.03389972,-0.02412557,-0.001475862,-0.9991329,0.04810924,0.06781187,0.9965375,0.14,1.811587,3.74,0,-0.6727939,0,0.73983,-0.9955062,0,0.09469664
saccade,18.7892,0.04303148,0.04036033,-0.05816606,0.002415739,-0.07187449,-0.003692104,-0.9974039,0.143358,0.005349671,0.9896564,0.1086214,0.0389353,-0.05415602,0.03389169,-0.02407434,-0.001476455,-0.9991344,0.04800693,0.06779578,0.9965436,0.14,1.811587,3.74,0,-0.6727939,0,0.73983,-0.9955062,0,0.09469664
saccade,18.8007,0.0430095,0.04036069,-0.05818043,0.002378527,-0.07181879,-0.003703058,-0.997408,0.1432477,0.005276623,0.9896728,0.108599,0.0389365,-0.0541632,0.03409612,-0.02439133,-0.001485977,-0.9991198,0.0486384,0.0682047,0.9964851,0.14,1.811587,3.74,0,-0.6727939,0,0.73983,-0.9955062,0,0.09469664
saccade,18.8117,0.04299353,0.04033387,-0.05819903,0.002550867,-0.07174271,-0.003739549,-0.9974129,0.1430952,0.005625105,0.9896929,0.1085828,0.03891492,-0.05417651,0.03407796,-0.02434914,-0.001527117,-0.9991214,0.04855141,0.06817041,0.9964916,0.14,1.811587,3.74,0,-0.6727939,0,0.73983,-0.9955062,0,0.09469664
saccade,18.8227,0.04297295,0.04032552,-0.05822115,0.002496105,-0.071725,-0.003795588,-0.9974141,0.1430601,0.005523778,0.9896986,0.1085622,0.03891289,-0.0541965,0.03402059,-0.02432988,-0.001579913,-0.9991237,0.04850963,0.06805842,0.9965013,0.14,1.811587,3.74,0,-0.6727939,0,0.73983,-0.9955062,0,0.09469664
saccade,18.8342,0.04295442,0.04033601,-0.05823744,0.002554731,-0.0716816,-0.00382197,-0.997417,0.1429734,0.005644195,0.9897105,0.1085434,0.03892791,-0.05420691,0.03433798,-0.02456824,-0.001606855,-0.999107,0.04898225,0.06869359,0.9964346,0.14,1.811587,3.74,0,-0.6727939,0,0.73983,-0.9955062,0,0.09469664
saccade,18.8451,0.04293877,0.04035127,-0.05825604,0.002360955,-0.07147624,-0.003860273,-0.997432,0.1425671,0.00526162,0.9897711,0.1085276,0.03894842,-0.05422059,0.0343688,-0.02453009,-0.001642735,-0.9991068,0.04890344,0.0687568,0.9964341,0.14,1.811587,3.74,0,-0.6727939,0,0.73983,-0.9955062,0,0.09469664
saccade,18.8561,0.04295977,0.0403775,-0.05816093,0.002542701,-0.07150457,-0.003851053,-0.9974297,0.142622,0.005623066,0.9897612,0.1085488,0.03897655,-0.05412859,0.03455074,-0.02455794,-0.001642954,-0.9990999,0.04895813,0.06911997,0.9964063,0.14,1.811587,3.74,0,-0.6727939,0,0.73983,-0.9955062,0,0.09469664
saccade,18.8672,0.04293995,0.04038,-0.05820994,0.002491358,-0.07147493,-0.003927869,-0.9974315,0.1425631,0.005531407,0.9897702,0.108529,0.03898823,-0.05417392,0.0345941,-0.02476293,-0.001719325,-0.9990932,0.049362,0.06921062,0.9963801,0.14,1.811587,3.74,0,-0.6727939,0,0.73983,-0.9955062,0,0.09469664
saccade,18.8783,0.04292715,0.04038596,-0.0582252,0.002493995,-0.07109,-0.003913697,-0.9974592,0.1417992,0.005531765,0.98988,0.1085163,0.03899455,-0.05419042,0.0346675,-0.02477407,-0.001716895,-0.9990904,0.04938403,0.06935699,0.9963688,0.14,1.811587,3.74,0,-0.6727939,0,0.73983,-0.9955062,0,0.09469664
saccade,18.8893,0.04293781,0.04040694,-0.05821195,0.002619538,-0.07102349,-0.003978073,-0.9974633,0.1416658,0.00579086,0.9898976,0.1085266,0.03902614,-0.05416805,0.0347897,-0.02470483,-0.001784811,-0.9990877,0.04924039,0.0696041,0.9963587,0.14,1.811587,3.74,0,-0.6727939,0,0.73983,-0.9955062,0,0.09469664
saccade,18.9007,0.04294657,0.04042912,-0.05818908,0.002774676,-0.0711093,-0.003956065,-0.9974568,0.141835,0.006097866,0.9898716,0.108536,0.03904819,-0.05415594,0.03536408,-0.0249775,-0.001764453,-0.9990608,0.04978329,0.07074988,0.996251,0.14,1.811587,3.74,0,-0.6727939,0,0.73983,-0.9955062,0,0.09469664
saccade,18.9116,0.04293274,0.04044747,-0.05820728,0.002742292,-0.07154614,-0.003965651,-0.9974257,0.1427022,0.006037919,0.9897473,0.1085221,0.03906608,-0.05417255,0.03536051,-0.0249653,-0.001761178,-0.9990612,0.04975918,0.07074256,0.9962527,0.14,1.811587,3.74,0,-0.6727939,0,0.73983,-0.9955062,0,0.09469664
saccade,18.9226,0.04293244,0.04046583,-0.05820969,0.002736351,-0.07152775,-0.003917456,-0.9974272,0.142666,0.006019034,0.9897526,0.1085215,0.03907812,-0.05417252,0.03535677,-0.02494846,-0.001712179,-0.9990618,0.04972904,0.07073265,0.9962549,0.14,1.811587,3.74,0,-0.6727939,0,0.73983,-0.9955062,0,0.09469664
saccade,18.9338,0.04293695,0.0404706,-0.05821802,0.00271292,-0.07153812,-0.003899019,-0.9974266,0.1426869,0.005969735,0.9897498,0.108526,0.03908014,-0.05418229,0.0354772,-0.02507839,-0.001691577,-0.9990544,0.04998933,0.07097214,0.9962249,0.14,1.811587,3.74,0,-0.6727939,0,0.73983,-0.9955062,0,0.09469664
saccade,18.9451,0.0429287,0.04042017,-0.05817755,0.002940167,-0.07141639,-0.003911536,-0.9974346,0.1424433,0.006423945,0.9897821,0.1085176,0.0390327,-0.05413791,0.03548879,-0.02504813,-0.001712728,-0.9990547,0.04992733,0.07099628,0.9962263,0.14,1.811587,3.74,0,-0.6727939,0,0.73983,-0.9955062,0,0.09469664
saccade,18.9564,0.04292716,0.04038537,-0.05817717,0.002823005,-0.07137592,-0.00396486,-0.9974377,0.1423637,0.006197533,0.989795,0.1085159,0.03900278,-0.05413262,0.03536926,-0.0250064,-0.001759221,-0.9990599,0.04984134,0.07076,0.9962474,0.14,1.811587,3.74,0,-0.6727939,0,0.73983,-0.9955062,0,0.09469664
saccade,18.9674,0.04293253,0.04035425,-0.05817321,0.002789894,-0.07138579,-0.003954522,-0.9974371,0.1423836,0.006130082,0.9897926,0.1085213,0.03896964,-0.05413006,0.03534887,-0.02506543,-0.001748559,-0.9990591,0.04996007,0.07071888,0.9962444,0.14,1.811587,3.74,0,-0.6727939,0,0.73983,-0.9955062,0,0.09469664
saccade,18.9786,0.04296471,0.04031706,-0.05812402,0.00279435,-0.07134461,-0.003943035,-0.9974401,0.1423019,0.006137021,0.9898043,0.1085532,0.03892982,-0.05407722,0.03525407,-0.02503596,-0.001735105,-0.9990633,0.04990267,0.07052897,0.9962607,0.14,1.811587,3.74,0,-0.6727939,0,0.73983,-0.9955062,0,0.09469664
saccade,18.9897,0.04298737,0.04030788,-0.05809082,0.002812134,-0.07143842,-0.003894776,-0.9974334,0.1424882,0.006166307,0.9897773,0.1085765,0.03891468,-0.05405627,0.03527427,-0.0251314,-0.001690814,-0.9990602,0.05009628,0.07056724,0.9962483,0.14,1.811587,3.74,0,-0.6727939,0,0.73983,-0.9955062,0,0.09469664
saccade,19.0005,0.04300011,0.04033172,-0.05806023,0.002609247,-0.07154738,-0.003683679,-0.997427,0.1427074,0.005732182,0.9897483,0.1085895,0.03890741,-0.05404054,0.03519849,-0.02523394,-0.001470234,-0.9990606,0.05031698,0.07040505,0.9962486,0.14,1.811587,3.74,0,-0.6727939,0,0.73983,-0.9955062,0,0.09469664
saccade,19.0114,0.04303489,0.04035044,-0.05799146,0.002491996,-0.07157753,-0.003622759,-0.9974254,0.1427684,0.005489776,0.9897409,0.1086243,0.03891623,-0.0539761,0.03508433,-0.02526666,-0.001404985,-0.999064,0.05038743,0.07017398,0.9962614,0.14,1.811587,3.74,0,-0.6727939,0,0.73983,-0.9955062,0,0.09469664
saccade,19.0227,0.04305677,0.04035616,-0.05796184,0.002385311,-0.07163509,-0.003638379,-0.9974214,0.1428834,0.005279591,0.9897255,0.1086468,0.03892231,-0.0539574,0.03499205,-0.02534744,-0.001419131,-0.9990651,0.05054817,0.06999061,0.9962661,0.14,1.811587,3.74,0,-0.6727939,0,0.73983,-0.9955062,0,0.09469664
saccade,19.0340,0.0430747,0.0403564,-0.05794808,0.002258889,-0.07166246,-0.003674566,-0.9974196,0.1429385,0.005032777,0.9897188,0.1086651,0.03892505,-0.05394769,0.03511035,-0.02554897,-0.001447262,-0.9990558,0.05094806,0.07022835,0.9962291,0.14,1.811587,3.74,0,-0.6727939,0,0.73983,-0.9955062,0,0.09469664
saccade,19.0450,0.04308252,0.04035711,-0.05794759,0.002191879,-0.071628,-0.003755105,-0.9974219,0.1428702,0.004910397,0.9897292,0.1086728,0.03893507,-0.05394293,0.03503966,-0.02551213,-0.001523449,-0.9990591,0.05086948,0.07009111,0.9962427,0.14,1.811587,3.74,0,-0.6727939,0,0.73983,-0.9955062,0,0.09469664
saccade,19.0564,0.04308785,0.04034185,-0.05795211,0.00225855,-0.07170161,-0.003794797,-0.9974164,0.1430156,0.005049617,0.9897075,0.1086776,0.0389241,-0.05393605,0.03498305,-0.02542279,-0.001557171,-0.9990633,0.05068899,0.06997974,0.9962597,0.14,1.811587,3.74,0,-0.6727939,0,0.73983,-0.9955062,0,0.09469664
saccade,19.0673,0.04309376,0.04033923,-0.0579517,0.002292113,-0.07172315,-0.003841185,-0.9974146,0.1430578,0.005123379,0.9897011,0.1086838,0.03892803,-0.05393839,0.03527643,-0.02547067,-0.001598317,-0.9990517,0.05078027,0.07056738,0.9962136,0.14,1.811587,3.74,0,-0.6727939,0,0.73983,-0.9955062,0,0.09469664
saccade,19.0782,0.04309358,0.04034948,-0.05794872,0.002415898,-0.07173932,-0.003792786,-0.9974133,0.1430892,0.005363481,0.9896953,0.1086836,0.03893411,-0.0539371,0.03540228,-0.02548789,-0.001556243,-0.9990469,0.05081701,0.07081642,0.9961941,0.14,1.811587,3.74,0,-0.6727939,0,0.73983,-0.9955062,0,0.09469664
saccade,19.0895,0.04333527,0.04072082,-0.05780599,0.00244353,-0.07161766,-0.003765387,-0.9974221,0.1428477,0.005413798,0.9897299,0.1086864,0.03895199,-0.05394353,0.03552548,-0.02554984,-0.001538396,-0.999041,0.05094137,0.07106142,0.9961703,0.14,1.811587,3.74,0,-0.6727939,0,0.73983,-0.9955062,0,0.09469664
saccade,19.1006,0.04333331,0.04070771,-0.05778998,0.002602771,-0.07160476,-0.003612447,-0.9974232,0.1428217,0.005709465,0.989732,0.1086838,0.03892183,-0.0539251,0.03582258,-0.02572253,-0.001393209,-0.9990261,0.05129514,0.07164706,0.9961102,0.14,1.811587,3.74,0,-0.6727939,0,0.73983,-0.9955062,0,0.09469664
saccade,19.1115,0.04332456,0.04069829,-0.05779772,0.002675541,-0.07158261,-0.0036159,-0.9974245,0.1427772,0.005854971,0.9897376,0.1086749,0.03891408,-0.05392964,0.03589502,-0.0256999,-0.001399245,-0.9990241,0.05124919,0.07179189,0.9961022,0.14,1.811587,3.74,0,-0.6727939,0,0.73983,-0.9955062,0,0.09469664
saccade,19.1230,0.0433131,0.04068458,-0.0578094,0.002658505,-0.07152332,-0.00373519,-0.9974284,0.1426589,0.005837643,0.9897547,0.108663,0.03891587,-0.05392718,0.03590817,-0.02558785,-0.001513228,-0.9990264,0.05101719,0.07182386,0.9961118,0.14,1.811587,3.74,0,-0.6727939,0,0.73983,-0.9955062,0,0.09469664
saccade,19.1336,0.04329865,0.04066002,-0.05782828,0.002620989,-0.07143395,-0.003789587,-0.9974347,0.1424815,0.005769942,0.9897807,0.1086481,0.03889787,-0.05393454,0.03595313,-0.02554165,-0.001561321,-0.9990259,0.05092127,0.07191598,0.99611,0.14,1.811587,3.74,0,-0.6727939,0,0.73983,-0.9955062,0,0.09469664
saccade,19.1450,0.04327632,0.04063535,-0.05785796,0.002625642,-0.07137204,-0.003925254,-0.9974386,0.1423578,0.005798141,0.9897982,0.1086257,0.03889084,-0.05395617,0.03595141,-0.02547514,-0.001694904,-0.9990274,0.05077884,0.07191923,0.9961171,0.14,1.811587,3.74,0,-0.6727939,0,0.73983,-0.9955062,0,0.09469664
saccade,19.1558,0.04326669,0.04060948,-0.05786993,0.002466109,-0.07143263,-0.003974756,-0.9974345,0.1424791,0.005487419,0.9897826,0.1086161,0.03886962,-0.05396509,0.03588849,-0.02544857,-0.001735385,-0.9990302,0.05072322,0.07179571,0.9961288,0.14,1.811587,3.74,0,-0.6727939,0,0.73983,-0.9955062,0,0.09469664
saccade,19.1673,0.04326685,0.04059219,-0.05786716,0.002434889,-0.07135423,-0.003999899,-0.9974401,0.1423237,0.005428132,0.9898053,0.1086157,0.03885508,-0.05395219,0.03606118,-0.02567099,-0.001757789,-0.9990183,0.05116479,0.0721418,0.9960812,0.14,1.811587,3.74,0,-0.6727939,0,0.73983,-0.9955062,0,0.09469664
saccade,19.1785,0.04328928,0.04059124,-0.05787299,0.00257278,-0.07086037,-0.004008321,-0.9974749,0.1413423,0.00570063,0.9899444,0.1086383,0.03885806,-0.05395956,0.03609663,-0.02568273,-0.001784542,-0.9990166,0.05118613,0.07221394,0.9960749,0.14,1.811587,3.74,0,-0.6727939,0,0.73983,-0.9955062,0,0.09469664
saccade,19.1896,0.04329566,0.04061949,-0.05787566,0.002376326,-0.0709265,-0.004031452,-0.9974706,0.141475,0.005312504,0.9899276,0.1086452,0.03888583,-0.05397169,0.03589961,-0.02574911,-0.001801023,-0.999022,0.05131854,0.07182176,0.9960964,0.14,1.811587,3.74,0,-0.6727939,0,0.73983,-0.9955062,0,0.09469664
saccade,19.2005,0.0432989,0.04061496,-0.05786168,0.002621038,-0.07092299,-0.003950702,-0.9974706,0.1414665,0.005789208,0.9899261,0.1086482,0.03887498,-0.05395623,0.03652829,-0.02553471,-0.001713842,-0.9990049,0.05089339,0.07307141,0.9960274,0.14,1.811587,3.74,0,-0.6727939,0,0.73983,-0.9955062,0,0.09469664
saccade,19.2114,0.04330245,0.04062402,-0.05786227,0.002772068,-0.07092484,-0.003930307,-0.9974701,0.141469,0.006087624,0.989924,0.1086516,0.03888094,-0.05395582,0.03644135,-0.02552536,-0.001696326,-0.9990084,0.05087647,0.07289703,0.9960409,0.14,1.811587,3.74,0,-0.6727939,0,0.73983,-0.9955062,0,0.09469664
saccade,19.2228,0.0433101,0.0405997,-0.05786206,0.002786418,-0.07086404,-0.003976624,-0.9974742,0.1413479,0.00612236,0.9899411,0.108659,0.03886282,-0.05394761,0.03645343,-0.02546285,-0.001741155,-0.9990094,0.05074831,0.07292331,0.9960456,0.14,1.811587,3.74,0,-0.6727939,0,0.73983,-0.9955062,0,0.09469664
saccade,19.2339,0.04331747,0.0405966,-0.05786175,0.002776586,-0.0707868,-0.003999641,-0.9974796,0.1411946,0.006105419,0.9899631,0.1086658,0.03886259,-0.05393724,0.03662049,-0.02546276,-0.001757473,-0.9990033,0.05074605,0.07325748,0.9960212,0.14,1.811587,3.74,0,-0.6727939,0,0.73983,-0.9955062,0,0.09469664
saccade,19.2449,0.04332461,0.04060507,-0.0578596,0.002923013,-0.07036625,-0.003965762,-0.9975091,0.1403588,0.006389576,0.9900801,0.1086724,0.0388689,-0.05392696,0.03665523,-0.02540221,-0.001735922,-0.9990036,0.05062655,0.0733256,0.9960222,0.14,1.811587,3.74,0,-0.6727939,0,0.73983,-0.9955062,0,0.09469664
saccade,19.2560,0.0433383,0.04061353,-0.0578314,0.002967337,-0.07039914,-0.003903128,-0.9975069,0.1404241,0.006469431,0.9900703,0.1086861,0.03886998,-0.05390285,0.03670237,-0.02543706,-0.001676491,-0.999001,0.05070023,0.07341669,0.9960118,0.14,1.811587,3.74,0,-0.6727939,0,0.73983,-0.9955062,0,0.09469664
saccade,19.2672,0.04335601,0.04061425,-0.05781566,0.0029405,-0.07042362,-0.003757809,-0.9975058,0.1404738,0.006395609,0.9900637,0.1087035,0.03885138,-0.05389031,0.03674269,-0.02548572,-0.001529614,-0.9989986,0.05080799,0.07348976,0.9960009,0.14,1.811587,3.74,0,-0.6727939,0,0.73983,-0.9955062,0,0.09469664
saccade,19.2781,0.04338194,0.0406152,-0.05779911,0.003324741,-0.07053445,-0.003608616,-0.9974974,0.1406919,0.007141905,0.9900277,0.1087295,0.03883445,-0.05388242,0.03675156,-0.02555723,-0.001393887,-0.9989966,0.05096071,0.07350062,0.9959923,0.14,1.811587,3.74,0,-0.6727939,0,0.73983,-0.9955062,0,0.09469664
saccade,19.2893,0.04340638,0.04061532,-0.05779006,0.003327528,-0.07056282,-0.003579215,-0.9974954,0.1407483,0.007143506,0.9900196,0.1087541,0.03883076,-0.05387705,0.03675574,-0.02558661,-0.001365613,-0.9989957,0.05102143,0.07350753,0.9959887,0.14,1.811587,3.74,0,-0.6727939,0,0.73983,-0.9955062,0,0.09469664
saccade,19.3006,0.04340796,0.04059207,-0.05774086,0.003388498,-0.07064588,-0.003529673,-0.9974895,0.1409131,0.007258695,0.9899954,0.1087561,0.03880215,-0.05383845,0.036998,-0.02567137,-0.001316068,-0.9989847,0.05119322,0.07398845,0.9959443,0.14,1.811587,3.74,0,-0.6727939,0,0.73983,-0.9955062,0,0.09469664
saccade,19.3115,0.04342175,0.04056215,-0.05772618,0.0033339,-0.070607,-0.003581792,-0.9974922,0.140836,0.007156878,0.9900071,0.1087704,0.03877771,-0.05382961,0.03689375,-0.02571114,-0.001368465,-0.9989875,0.05126923,0.07378316,0.9959556,0.14,1.811587,3.74,0,-0.6727939,0,0.73983,-0.9955062,0,0.09469664
saccade,19.3227,0.0434427,0.04054296,-0.05771793,0.00328601,-0.0706121,-0.003700033,-0.9974916,0.1408456,0.007078068,0.9900063,0.1087918,0.03877306,-0.0538223,0.03684063,-0.02571252,-0.00148455,-0.9989892,0.05126368,0.07368314,0.9959633,0.14,1.811587,3.74,0,-0.6727939,0,0.73983,-0.9955062,0,0.09469664
saccade,19.3340,0.04344343,0.04052591,-0.05769952,0.003267149,-0.07063386,-0.003810787,-0.9974897,0.1408882,0.007056235,0.9900004,0.1087931,0.03876996,-0.05380689,0.03692981,-0.02560931,-0.001588327,-0.9989884,0.05104949,0.07386626,0.9959607,0.14,1.811587,3.74,0,-0.6727939,0,0.73983,-0.9955062,0,0.09469664
saccade,19.3448,0.04344639,0.04052615,-0.05767064,0.003280765,-0.07074732,-0.003887468,-0.9974813,0.1411128,0.007095059,0.9899681,0.1087972,0.03878033,-0.05379288,0.03694022,-0.02572031,-0.001669348,-0.9989851,0.05126508,0.07389133,0.9959478,0.14,1.811587,3.74,0,-0.6727939,0,0.73983,-0.9955062,0,0.09469664
saccade,19.3560,0.04346887,0.04053974,-0.05765323,0.003381809,-0.07073887,-0.003935425,-0.9974814,0.1410948,0.007303359,0.9899691,0.1088204,0.03880143,-0.05378389,0.03698976,-0.02578403,-0.001725218,-0.9989815,0.05138791,0.07399313,0.9959339,0.14,1.811587,3.74,0,-0.6727939,0,0.73983,-0.9955062,0,0.09469664
saccade,19.3670,0.04348565,0.04055095,-0.0576385,0.003424989,-0.07085167,-0.003932765,-0.9974732,0.1413184,0.007389956,0.9899366,0.108838,0.03881299,-0.05378377,0.03715747,-0.02570412,-0.001719469,-0.9989773,0.05122789,0.07432733,0.9959173,0.14,1.811587,3.74,0,-0.6727939,0,0.73983,-0.9955062,0,0.09469664
saccade,19.3784,0.04345271,0.04052877,-0.05764795,0.003470665,-0.0708492,-0.003838838,-0.9974737,0.1413138,0.007467751,0.9899367,0.1088048,0.03877938,-0.05379265,0.03720731,-0.02570459,-0.001627661,-0.9989756,0.0512354,0.07442206,0.9959098,0.14,1.811587,3.74,0,-0.6727939,0,0.73983,-0.9955062,0,0.09469664
saccade,19.3894,0.0434576,0.04053557,-0.05764634,0.004078594,-0.07095439,-0.003825457,-0.9974639,0.1415177,0.008679366,0.9898977,0.10881,0.03878677,-0.05379643,0.03721286,-0.02574578,-0.001632908,-0.9989743,0.05131721,0.07443345,0.9959047,0.14,1.811587,3.74,0,-0.6727939,0,0.73983,-0.9955062,0,0.09469664
saccade,19.4009,0.04345404,0.04054034,-0.05764048,0.004077806,-0.07086734,-0.003771771,-0.9974703,0.1413454,0.008669572,0.9899224,0.1088056,0.03878462,-0.05377911,0.03721429,-0.02566036,-0.001576363,-0.9989765,0.05115087,0.0744333,0.9959133,0.14,1.811587,3.74,0,-0.6727939,0,0.73983,-0.9955062,0,0.09469664
saccade,19.4116,0.04343905,0.04053259,-0.05764563,0.004091775,-0.07077624,-0.003745256,-0.9974768,0.1411647,0.008693052,0.989948,0.1087898,0.03877366,-0.05377226,0.03744658,-0.02536795,-0.001535482,-0.9989754,0.05056892,0.07489433,0.9959084,0.14,1.811587,3.74,0,-0.6727939,0,0.73983,-0.9955062,0,0.09469664
saccade,19.4233,0.04341651,0.04052913,-0.05765765,0.004072893,-0.07075343,-0.003718629,-0.9974786,0.1411198,0.00865146,0.9899547,0.1087665,0.03876686,-0.0537741,0.03747512,-0.02529197,-0.001504735,-0.9989763,0.05041938,0.07494963,0.9959118,0.14,1.811587,3.74,0,-0.6727939,0,0.73983,-0.9955062,0,0.09469664
saccade,19.4340,0.04341358,0.04053295,-0.05764765,0.004075155,-0.07071069,-0.003719834,-0.9974816,0.1410349,0.008655848,0.9899668,0.1087633,0.03877091,-0.05375848,0.0375555,-0.025017,-0.001496163,-0.9989803,0.0498706,0.07510926,0.9959275,0.14,1.811587,3.74,0,-0.6727939,0,0.73983,-0.9955062,0,0.09469664
saccade,19.4451,0.04341001,0.04053879,-0.05763694,0.004133856,-0.07069361,-0.003670735,-0.9974828,0.141001,0.008765896,0.9899706,0.1087594,0.03877139,-0.05374526,0.0376163,-0.02500125,-0.00144924,-0.9989784,0.04984239,0.07522821,0.9959199,0.14,1.811587,3.74,0,-0.6727939,0,0.73983,-0.9955062,0,0.09469664
saccade,19.4564,0.04339001,0.04055035,-0.05762052,0.004622736,-0.07059662,-0.003673317,-0.9974875,0.1408045,0.00974089,0.9899895,0.1087395,0.03878605,-0.0537285,0.03764768,-0.02499873,-0.001469911,-0.9989772,0.04983564,0.07529185,0.9959154,0.14,1.811587,3.74,0,-0.6727939,0,0.73983,-0.9955062,0,0.09469664
saccade,19.4671,0.04338624,0.04055822,-0.05760922,0.004582496,-0.07055172,-0.003674213,-0.9974908,0.1407157,0.00966044,0.9900029,0.1087354,0.03879333,-0.05371149,0.03772281,-0.0247579,-0.001458813,-0.9989805,0.04935526,0.07544094,0.995928,0.14,1.811587,3.74,0,-0.6727939,0,0.73983,-0.9955062,0,0.09469664
saccade,19.4785,0.04338497,0.04054666,-0.05759279,0.004572855,-0.07062118,-0.00366162,-0.997486,0.1408538,0.009639894,0.9899835,0.1087346,0.03877985,-0.05370418,0.03771394,-0.02482792,-0.001448119,-0.9989791,0.04949591,0.07542279,0.9959224,0.14,1.811587,3.74,0,-0.6727939,0,0.73983,-0.9955062,0,0.09469664
saccade,19.4895,0.0433923,0.04054415,-0.0575716,0.004603434,-0.07067692,-0.003678382,-0.9974819,0.140964,0.009703638,0.9899672,0.108742,0.03877878,-0.05368404,0.03764783,-0.02483353,-0.001463775,-0.9989814,0.04950626,0.07529167,0.9959319,0.14,1.811587,3.74,0,-0.6727939,0,0.73983,-0.9955062,0,0.09469664
saccade,19.5004,0.0433622,0.04049838,-0.0575753,0.004536922,-0.07075252,-0.003696203,-0.9974768,0.1411145,0.009573979,0.989947,0.1087125,0.0387342,-0.05369792,0.0375808,-0.02490897,-0.001481044,-0.998982,0.0496559,0.07515887,0.9959344,0.14,1.811587,3.74,0,-0.6727939,0,0.73983,-0.9955062,0,0.09469664
saccade,19.5113,0.04336333,0.0404669,-0.05755632,0.004466856,-0.07081398,-0.003702699,-0.9974727,0.1412369,0.009435539,0.9899309,0.1087141,0.03870225,-0.05368728,0.03768069,-0.02479919,-0.001476627,-0.998981,0.04943656,0.07535782,0.9959303,0.14,1.811587,3.74,0,-0.6727939,0,0.73983,-0.9955062,0,0.09469664
saccade,19.5225,0.04337037,0.04042864,-0.05753514,0.004493552,-0.07090181,-0.003692223,-0.9974664,0.1414112,0.009487905,0.9899055,0.1087218,0.03866243,-0.05367642,0.03766838,-0.02487815,-0.001469185,-0.9989795,0.04959484,0.07533298,0.9959244,0.14,1.811587,3.74,0,-0.6727939,0,0.73983,-0.9955062,0,0.09469664
saccade,19.5336,0.04336104,0.04041803,-0.05751934,0.004348776,-0.07094432,-0.003722716,-0.9974639,0.1414964,0.009203704,0.989896,0.1087128,0.03865337,-0.05366679,0.03767414,-0.02478275,-0.001486106,-0.9989816,0.04940305,0.07534521,0.9959329,0.14,1.811587,3.74,0,-0.6727939,0,0.73983,-0.9955062,0,0.09469664
saccade,19.5448,0.04336238,0.04039371,-0.05749403,0.004304436,-0.0709272,-0.003744784,-0.9974652,0.1414626,0.009118264,0.9899016,0.1087141,0.0386312,-0.05363943,0.03762883,-0.02476508,-0.001505522,-0.9989838,0.04936653,0.07525574,0.9959415,0.14,1.811587,3.74,0,-0.6727939,0,0.73983,-0.9955062,0,0.09469664
saccade,19.5558,0.04335224,0.04037869,-0.05747771,0.004271772,-0.07088453,-0.003766007,-0.9974683,0.141378,0.009055817,0.9899143,0.1087044,0.03861892,-0.05362837,0.03761669,-0.02480407,-0.001529007,-0.9989833,0.04944267,0.07523273,0.9959395,0.14,1.811587,3.74,0,-0.6727939,0,0.73983,-0.9955062,0,0.09469664
saccade,19.5670,0.04334622,0.040362,-0.05745208,0.004355455,-0.07085162,-0.00382934,-0.9974701,0.1413114,0.009231501,0.9899222,0.1086983,0.03861177,-0.05359814,0.03802718,-0.02471031,-0.001583217,-0.9989699,0.0492493,0.07605427,0.9958867,0.14,1.811587,3.74,0,-0.6727939,0,0.73983,-0.9955062,0,0.09469664
saccade,19.5784,0.04331511,0.04033661,-0.05750549,0.004323497,-0.07081399,-0.003801713,-0.997473,0.1412372,0.009163573,0.9899334,0.1086668,0.03858244,-0.05364673,0.03799647,-0.0246737,-0.001552887,-0.9989721,0.04917866,0.07599144,0.995895,0.14,1.811587,3.74,0,-0.6727939,0,0.73983,-0.9955062,0,0.09469664
saccade,19.5896,0.04329484,0.04031801,-0.05750764,0.001483245,-0.06760369,-0.003838819,-0.9977038,0.1348855,0.003478715,0.9908551,0.1086468,0.03856754,-0.05365072,0.03795611,-0.02468539,-0.001585866,-0.9989732,0.0491997,0.07591258,0.9958999,0.14,1.811587,3.74,0,-0.6727939,0,0.73983,-0.9955062,0,0.09469664
saccade,19.6008,0.04328033,0.04030848,-0.05750044,0.00146845,-0.06748058,-0.003844138,-0.9977121,0.1346411,0.00344899,0.9908884,0.1086313,0.03855848,-0.05362745,0.03794084,-0.024562,-0.001586023,-0.9989768,0.04895339,0.07588194,0.9959144,0.14,1.811587,3.74,0,-0.6727939,0,0.73983,-0.9955062,0,0.09469664
saccade,19.6121,0.0432546,0.04030192,-0.05750689,0.00154086,-0.06745827,-0.003850965,-0.9977134,0.1345962,0.003594232,0.990894,0.109193,0.03907454,-0.05345622,0.03306898,-0.01959152,-0.001620063,-0.9992597,0.03904689,0.06615248,0.9970452,0.14,1.811587,3.74,0,-0.6727939,0,0.73983,-0.9955062,0,0.09469664
saccade,19.6229,0.04322993,0.04029751,-0.05753995,-0.02795129,-0.04604578,-0.004223303,-0.9985393,0.09219314,-0.05543198,0.994197,0.1091681,0.0390718,-0.05348433,0.03309564,-0.01955418,-0.001630024,-0.9992596,0.0389715,0.06620602,0.9970446,0.14,1.811587,3.74,0,-0.6727939,0,0.73983,-0.9955062,0,0.09469664
saccade,19.6342,0.04320321,0.04030001,-0.05754889,-0.0279203,-0.04595919,-0.004277616,-0.9985439,0.0920234,-0.0553661,0.9942164,0.1091408,0.03908157,-0.05348156,0.005949013,0.01021776,-0.001754841,-0.9999286,-0.02045493,0.01186132,0.9997204,0.14,1.811587,3.74,0,-0.6727939,0,0.73983,-0.9955062,0,0.09469664
saccade,19.6451,0.04318721,0.04029775,-0.05755024,-0.02785469,-0.04587345,-0.00422812,-0.9985499,0.0918494,-0.05524067,0.9942395,0.109124,0.03907335,-0.05347155,0.006017253,0.01030214,-0.001706203,-0.9999274,-0.02062333,0.01199848,0.9997153,0.14,1.811587,3.74,0,-0.6727939,0,0.73983,-0.9955062,0,0.09469664
saccade,19.6560,0.04319365,0.0402993,-0.0575949,-0.04910797,-0.03071558,-0.004538621,-0.9983108,0.06177316,-0.09777121,0.9932899,0.1091302,0.03908014,-0.05351147,0.006053342,0.01033762,-0.001743881,-0.9999267,-0.02069484,0.01206974,0.999713,0.14,1.811587,3.74,0,-0.6727939,0,0.73983,-0.9955062,0,0.09469664
saccade,19.6669,0.04318401,0.04030323,-0.05761121,-0.04909677,-0.03068532,-0.004509747,-0.9983124,0.06170991,-0.09775107,0.9932958,0.1091203,0.03908026,-0.05352395,0.006065699,0.0103663,-0.001713857,-0.9999264,-0.02075186,0.01209497,0.9997115,0.14,1.811587,3.74,0,-0.6727939,0,0.73983,-0.9955062,0,0.09469664
saccade,19.6780,0.04317686,0.04030883,-0.05760778,-0.04906715,-0.03068498,-0.004515308,-0.9983138,0.06170959,-0.09769174,0.9933017,0.1091131,0.03908694,-0.05352034,-0.0148376,0.0259148,-0.00197304,-0.9995521,-0.05174784,-0.02976417,0.9982165,0.14,1.811587,3.74,0,-0.6727939,0,0.73983,-0.9955062,0,0.09469664
saccade,19.6894,0.04316705,0.04030395,-0.05761517,-0.05771777,-0.03097638,-0.00478749,-0.9978408,0.06237165,-0.1148897,0.9914182,0.1091036,0.03908157,-0.05353237,-0.01485219,0.02587998,-0.001969126,-0.9995528,-0.05167833,-0.02979303,0.9982193,0.14,1.811587,3.74,0,-0.6727939,0,0.73983,-0.9955062,0,0.09469664
saccade,19.7002,0.04318215,0.04030204,-0.0576387,-0.05775056,-0.03099593,-0.004748365,-0.9978385,0.06240631,-0.1149571,0.9914082,0.1091188,0.0390743,-0.05355888,-0.01488276,0.02585864,-0.001929083,-0.999553,-0.05163673,-0.02985198,0.9982197,0.14,1.811587,3.74,0,-0.6727939,0,0.73983,-0.9955062,0,0.09469664
saccade,19.7113,0.04318606,0.04029024,-0.05764271,-0.05779336,-0.03099408,-0.004754252,-0.997836,0.06240354,-0.1150419,0.9913986,0.1091227,0.03906274,-0.05356274,-0.02000025,0.02741783,-0.002050609,-0.9994219,-0.05472192,-0.04008983,0.9976965,0.14,1.811587,3.74,0,-0.6727939,0,0.73983,-0.9955062,0,0.09469664
saccade,19.7226,0.04318075,0.04028356,-0.05763911,-0.06137856,-0.02920663,-0.004798843,-0.9976756,0.05886658,-0.1221915,0.9907593,0.1091178,0.03905416,-0.05356735,-0.01997872,0.02735546,-0.002034509,-0.999424,-0.05459812,-0.04004573,0.997705,0.14,1.811587,3.74,0,-0.6727939,0,0.73983,-0.9955062,0,0.09469664
saccade,19.7339,0.04318423,0.04028523,-0.05763726,-0.06138644,-0.02925221,-0.004823464,-0.9976737,0.05896051,-0.1222051,0.990752,0.1091218,0.03905928,-0.05357133,-0.01998803,0.02731091,-0.002060521,-0.9994251,-0.05450805,-0.04006563,0.9977092,0.14,1.811587,3.74,0,-0.6727939,0,0.73983,-0.9955062,0,0.09469664
saccade,19.7450,0.04317797,0.04029286,-0.0576472,-0.06137833,-0.02926706,-0.004801466,-0.9976739,0.05898737,-0.1221901,0.9907523,0.1091156,0.03906441,-0.05358337,-0.02187055,0.03085128,-0.002005792,-0.9992827,-0.06157057,-0.04383349,0.9971398,0.14,1.811587,3.74,0,-0.6727939,0,0.73983,-0.9955062,0,0.09469664
saccade,19.7556,0.04317883,0.04028118,-0.05765243,-0.06232823,-0.02946906,-0.004840248,-0.9976088,0.05940055,-0.1240731,0.9904935,0.1091166,0.0390532,-0.0535906,-0.02189231,0.0308365,-0.002010154,-0.9992826,-0.06154074,-0.04387719,0.9971397,0.14,1.811587,3.74,0,-0.6727939,0,0.73983,-0.9955062,0,0.09469664
saccade,19.7669,0.04317585,0.04027712,-0.05765108,-0.06232981,-0.02953827,-0.004887344,-0.9976064,0.0595444,-0.1240725,0.990485,0.1091143,0.03905582,-0.05359799,-0.02189681,0.03076924,-0.002059845,-0.9992846,-0.06140424,-0.04388906,0.9971476,0.14,1.811587,3.74,0,-0.6727939,0,0.73983,-0.9955062,0,0.09469664
saccade,19.7781,0.0431769,0.04028893,-0.0576352,-0.06228953,-0.02953918,-0.004929646,-0.9976088,0.05955122,-0.1239899,0.9904949,0.1091154,0.03907359,-0.05358174,-0.02261757,0.03180723,-0.002101006,-0.9992359,-0.06347082,-0.04533423,0.9969535,0.14,1.811587,3.74,0,-0.6727939,0,0.73983,-0.9955062,0,0.09469664
saccade,19.7927,0.04317004,0.04028416,-0.05761573,-0.0634291,-0.0279889,-0.004959746,-0.9975815,0.05647159,-0.1262738,0.9903867,0.1091087,0.03907418,-0.053564,-0.0225579,0.03179205,-0.00213885,-0.9992376,-0.06343913,-0.04521739,0.9969608,0.14,1.811587,3.74,0,-0.6727939,0,0.73983,-0.9955062,0,0.09469664
saccade,19.8079,0.04316575,0.04028201,-0.0575959,-0.06341238,-0.02794381,-0.00505503,-0.9975833,0.05639366,-0.1262358,0.990396,0.1091043,0.03908432,-0.0535374,-0.02456227,0.03919338,-0.002104236,-0.9989275,-0.07819933,-0.0492368,0.9957212,0.14,1.811587,3.74,0,-0.6727939,0,0.73983,-0.9955062,0,0.09469664
saccade,19.8150,0.04315398,0.04028082,-0.05757862,-0.0646324,-0.02637181,-0.005026261,-0.997548,0.05326401,-0.1286827,0.9902543,0.1090924,0.03907967,-0.0535191,-0.02456916,0.03920184,-0.002077486,-0.9989271,-0.07821747,-0.04924848,0.9957191,0.14,1.811587,3.74,0,-0.6727939,0,0.73983,-0.9955062,0,0.09469664
saccade,19.8227,0.043139,0.04026926,-0.05756596,-0.06461577,-0.02632694,-0.005035351,-0.9975502,0.05317562,-0.1286498,0.9902634,0.109077,0.03906906,-0.05350041,-0.02455307,0.03924708,-0.00208583,-0.9989257,-0.07830741,-0.04921712,0.9957137,0.14,1.811587,3.74,0,-0.6727939,0,0.73983,-0.9955062,0,0.09469664
saccade,19.8340,0.04312955,0.04021478,-0.05755283,-0.06474316,-0.02621956,-0.005064613,-0.9975446,0.05296615,-0.1289028,0.9902417,0.1090667,0.03901601,-0.05347331,-0.0246822,0.03935499,-0.002102339,-0.9989182,-0.07852106,-0.04947646,0.995684,0.14,1.811587,3.74,0,-0.6727939,0,0.73983,-0.9955062,0,0.09469664
saccade,19.8449,0.04312132,0.04015565,-0.05754697,-0.06487451,-0.02616004,-0.005130754,-0.9975373,0.05285694,-0.1291611,0.9902139,0.1090581,0.03896356,-0.0534595,-0.02759184,0.04197105,-0.002176974,-0.9987354,-0.08371581,-0.05529664,0.9949542,0.14,1.811587,3.74,0,-0.6727939,0,0.73983,-0.9955062,0,0.09469664
saccade,19.8557,0.0431204,0.04009986,-0.05753174,-0.0673371,-0.02408404,-0.005107514,-0.9974265,0.04873196,-0.1340816,0.9897714,0.1090566,0.03889978,-0.05343658,-0.02773361,0.04203351,-0.002121937,-0.9987291,-0.08384248,-0.0555751,0.9949281,0.14,1.811587,3.74,0,-0.6727939,0,0.73983,-0.9955062,0,0.09469664
saccade,19.8672,0.04312558,0.04008996,-0.05749703,-0.06740864,-0.02405519,-0.005002805,-0.9974229,0.04866086,-0.1342292,0.9897549,0.1090613,0.0388751,-0.05339925,-0.02779816,0.04205789,-0.002011668,-0.9987264,-0.0838968,-0.05569471,0.9949168,0.14,1.811587,3.74,0,-0.6727939,0,0.73983,-0.9955062,0,0.09469664
saccade,19.8777,0.04312884,0.04009807,-0.05746264,-0.0674264,-0.02412627,-0.004790509,-0.997421,0.04877411,-0.1342739,0.9897432,0.1090648,0.03885579,-0.05337613,-0.02879845,0.04437691,-0.001769287,-0.9985982,-0.0885275,-0.05767319,0.9944027,0.14,1.811587,3.74,0,-0.6727939,0,0.73983,-0.9955062,0,0.09469664
saccade,19.8894,0.04314031,0.04010642,-0.0574333,-0.06808552,-0.02279074,-0.004638729,-0.9974084,0.04609501,-0.1356067,0.9896899,0.1090761,0.03884578,-0.05334917,-0.02886062,0.04436418,-0.00163047,-0.9985971,-0.08850978,-0.05778494,0.9943978,0.14,1.811587,3.74,0,-0.6727939,0,0.73983,-0.9955062,0,0.09469664
saccade,19.9004,0.04318189,0.04012728,-0.05740926,-0.0681483,-0.02292181,-0.004548015,-0.9974015,0.04634437,-0.1357339,0.9896608,0.1091185,0.03885508,-0.0533434,-0.03015757,0.0457506,-0.00153916,-0.9984964,-0.09127078,-0.06036528,0.9939948,0.14,1.811587,3.74,0,-0.6727939,0,0.73983,-0.9955062,0,0.09469664
saccade,19.9114,0.04319471,0.04013038,-0.05738622,-0.06824064,-0.02296957,-0.004623713,-0.9973937,0.04645046,-0.1359131,0.9896312,0.1091319,0.03886759,-0.05332629,-0.03025514,0.04570542,-0.001610113,-0.9984954,-0.09117587,-0.06056643,0.9939913,0.14,1.811587,3.74,0,-0.6727939,0,0.73983,-0.9955062,0,0.09469664
saccade,19.9233,0.04319758,0.04011285,-0.05738585,-0.0688245,-0.02199778,-0.004702875,-0.9973752,0.04452742,-0.1370808,0.9895586,0.1091352,0.03886163,-0.05332936,-0.03028477,0.04567714,-0.001697926,-0.9984957,-0.09111402,-0.06063354,0.9939929,0.14,1.811587,3.74,0,-0.6727939,0,0.73983,-0.9955062,0,0.09469664
saccade,19.9337,0.04320462,0.04007125,-0.05742069,-0.0688705,-0.02202729,-0.004850792,-0.9973707,0.04460689,-0.1371651,0.9895433,0.1091428,0.03883934,-0.0533669,-0.03034083,0.04565319,-0.001843425,-0.9984948,-0.09105708,-0.06075864,0.9939904,0.14,1.811587,3.74,0,-0.6727939,0,0.73983,-0.9955062,0,0.09469664
saccade,19.9451,0.04320615,0.04005611,-0.05742454,-0.06893706,-0.02202461,-0.00486394,-0.9973661,0.0446038,-0.1372967,0.9895252,0.1091443,0.03882515,-0.05337051,-0.03157501,0.04651219,-0.001865181,-0.9984168,-0.09275932,-0.06322356,0.9936793,0.14,1.811587,3.74,0,-0.6727939,0,0.73983,-0.9955062,0,0.09469664
saccade,19.9560,0.04320467,0.04005921,-0.05741989,-0.06891568,-0.02212364,-0.00491432,-0.9973651,0.04480803,-0.1372507,0.9895223,0.1091437,0.038836,-0.05337836,-0.03155727,0.04641527,-0.001920593,-0.9984218,-0.09256281,-0.06319322,0.9936996,0.14,1.811587,3.74,0,-0.6727939,0,0.73983,-0.9955062,0,0.09469664
saccade,19.9672,0.04320375,0.04007125,-0.05741218,-0.07042637,-0.02109207,-0.004925393,-0.9972818,0.04276322,-0.1402621,0.9891905,0.1091433,0.03884792,-0.05337915,-0.03154559,0.04635067,-0.00191723,-0.9984252,-0.09243439,-0.06316956,0.993713,0.14,1.811587,3.74,0,-0.6727939,0,0.73983,-0.9955062,0,0.09469664
saccade,19.9784,0.04321124,0.04009366,-0.05742946,-0.07037649,-0.02114624,-0.004824696,-0.9972847,0.04285674,-0.1401667,0.9892,0.1091511,0.03885806,-0.05340433,-0.03190005,0.04769878,-0.00179731,-0.9983507,-0.09512555,-0.06386633,0.9934144,0.14,1.811587,3.74,0,-0.6727939,0,0.73983,-0.9955062,0,0.09469664
saccade,19.9898,0.04319248,0.04010832,-0.0574305,-0.07163049,-0.02020684,-0.004761603,-0.9972152,0.04098329,-0.1426696,0.9889215,0.109133,0.03886473,-0.05341912,-0.03179879,0.04759478,-0.001731228,-0.998359,-0.09492325,-0.06365801,0.9934471,0.14,1.811587,3.74,0,-0.6727939,0,0.73983,-0.9955062,0,0.09469664
saccade,20.0008,0.04316691,0.04010916,-0.0574244,-0.07150339,-0.02013662,-0.00462489,-0.9972264,0.04082294,-0.1424239,0.9889635,0.1091066,0.03884828,-0.05340464,-0.03166232,0.04765993,-0.001600736,-0.9983604,-0.09506222,-0.06337339,0.9934521,0.14,1.811587,3.74,0,-0.6727939,0,0.73983,-0.9955062,0,0.09469664
saccade,20.0117,0.04313246,0.04010904,-0.05744038,-0.07147779,-0.0200255,-0.004815097,-0.9972295,0.04062838,-0.1423667,0.9889798,0.1090716,0.03887236,-0.05340414,-0.03277125,0.04817986,-0.001811699,-0.9982993,-0.0960771,-0.0656056,0.9932095,0.14,1.811587,3.74,0,-0.6727939,0,0.73983,-0.9955062,0,0.09469664
saccade,20.0226,0.04311529,0.04009116,-0.05745117,-0.07224728,-0.01956841,-0.004948211,-0.9971825,0.03974155,-0.1438938,0.9887948,0.1090533,0.03886855,-0.05339196,-0.03273839,0.04834954,-0.001923342,-0.998292,-0.09640797,-0.06555093,0.993181,0.14,1.811587,3.74,0,-0.6727939,0,0.73983,-0.9955062,0,0.09469664
saccade,20.0335,0.04306757,0.04005516,-0.05747213,-0.07227138,-0.0194216,-0.005070948,-0.997183,0.03946674,-0.1439386,0.9887993,0.1090046,0.03884697,-0.05339253,-0.03277055,0.04850085,-0.002038229,-0.9982834,-0.09670159,-0.06562629,0.9931475,0.14,1.811587,3.74,0,-0.6727939,0,0.73983,-0.9955062,0,0.09469664
saccade,20.0450,0.0430294,0.04002452,-0.05748343,-0.07225889,-0.01934912,-0.005172875,-0.9971848,0.03933688,-0.1439108,0.9888085,0.108966,0.03882909,-0.05339329,-0.03208232,0.04898385,-0.002105614,-0.998282,-0.09766427,-0.06426068,0.9931426,0.14,1.811587,3.74,0,-0.6727939,0,0.73983,-0.9955062,0,0.09469664
saccade,20.0558,0.04301765,0.03997648,-0.05747465,-0.07363691,-0.01900071,-0.005288562,-0.9970901,0.0386697,-0.1466443,0.9884332,0.1089537,0.03879046,-0.05337386,-0.0321382,0.04906308,-0.002180139,-0.9982761,-0.09781687,-0.06437953,0.9931199,0.14,1.811587,3.74,0,-0.6727939,0,0.73983,-0.9955062,0,0.09469664
saccade,20.0669,0.04299204,0.03996027,-0.05747855,-0.07362854,-0.01901216,-0.005324439,-0.9970903,0.03869773,-0.1466261,0.9884347,0.1089283,0.03877926,-0.05337889,-0.03213231,0.04905318,-0.002216949,-0.9982767,-0.09779482,-0.06437136,0.9931226,0.14,1.811587,3.74,0,-0.6727939,0,0.73983,-0.9955062,0,0.09469664
saccade,20.0781,0.04297769,0.03994751,-0.05747448,-0.07369003,-0.0189231,-0.005340723,-0.9970874,0.03852309,-0.1467487,0.9884234,0.1089132,0.03876698,-0.05336315,-0.03227377,0.04933095,-0.002222743,-0.9982585,-0.09834661,-0.06465444,0.9930497,0.14,1.811587,3.74,0,-0.6727939,0,0.73983,-0.9955062,0,0.09469664
saccade,20.0899,0.04296643,0.03992558,-0.05748471,-0.07375266,-0.01889332,-0.005341208,-0.9970833,0.03846428,-0.1468733,0.9884072,0.1089017,0.03874421,-0.05336966,-0.03233637,0.04936045,-0.002217717,-0.998255,-0.0984052,-0.06477881,0.9930358,0.14,1.811587,3.74,0,-0.6727939,0,0.73983,-0.9955062,0,0.09469664
saccade,20.1005,0.04292506,0.04078555,-0.05674525,-0.07477003,-0.01832903,-0.005287539,-0.9970183,0.03733945,-0.1489003,0.988147,0.1088867,0.0387162,-0.0533657,-0.03237067,0.04940377,-0.002142665,-0.9982519,-0.09849609,-0.06483987,0.9930228,0.14,1.811587,3.74,0,-0.6727939,0,0.73983,-0.9955062,0,0.09469664
saccade,20.1118,0.04291671,0.04077613,-0.0567384,-0.07479408,-0.01827927,-0.005304303,-0.9970174,0.03724296,-0.1489481,0.9881434,0.1088781,0.03870821,-0.05335226,-0.03275854,0.05012889,-0.002149006,-0.9982031,-0.09993684,-0.0656148,0.992828,0.14,1.811587,3.74,0,-0.6727939,0,0.73983,-0.9955062,0,0.09469664
saccade,20.1233,0.04291223,0.04075229,-0.05672788,-0.07510222,-0.0175388,-0.005325622,-0.9970074,0.03577256,-0.1495681,0.9881041,0.1088736,0.0386883,-0.05333947,-0.03275805,0.05014507,-0.002179303,-0.9982023,-0.09996707,-0.06561688,0.9928248,0.14,1.811587,3.74,0,-0.6727939,0,0.73983,-0.9955062,0,0.09469664
saccade,20.1336,0.04292256,0.04077137,-0.05671149,-0.07505896,-0.01750991,-0.005324161,-0.9970112,0.0357144,-0.1494828,0.9881191,0.1088838,0.03870738,-0.05331907,-0.03271462,0.05017402,-0.00217954,-0.9982022,-0.100025,-0.06553032,0.9928246,0.14,1.811587,3.74,0,-0.6727939,0,0.73983,-0.9955062,0,0.09469664
saccade,20.1446,0.04292282,0.0407778,-0.05669229,-0.0750718,-0.01752554,-0.00527457,-0.9970102,0.03573824,-0.1495098,0.9881142,0.108884,0.03870726,-0.05330248,-0.03276338,0.05041762,-0.00212415,-0.9981884,-0.1005134,-0.06562225,0.9927692,0.14,1.811587,3.74,0,-0.6727939,0,0.73983,-0.9955062,0,0.09469664
saccade,20.1559,0.04293866,0.04078102,-0.0566678,-0.07581848,-0.01710246,-0.005188534,-0.9969615,0.03488775,-0.1509987,0.9879181,0.1088999,0.03869855,-0.05328646,-0.03270997,0.05035494,-0.002031925,-0.9981935,-0.100395,-0.06550639,0.9927889,0.14,1.811587,3.74,0,-0.6727939,0,0.73983,-0.9955062,0,0.09469664
saccade,20.1673,0.04294666,0.04077327,-0.0566469,-0.07593413,-0.01716026,-0.005060822,-0.9969524,0.03498451,-0.1512317,0.987879,0.1089078,0.03867364,-0.05327501,-0.03281712,0.05029131,-0.001899337,-0.9981935,-0.1002763,-0.06570671,0.9927877,0.14,1.811587,3.74,0,-0.6727939,0,0.73983,-0.9955062,0,0.09469664
saccade,20.1829,0.04298533,0.04073811,-0.05665538,-0.07599321,-0.01724363,-0.004999681,-0.9969467,0.03514185,-0.1513499,0.9878554,0.1089468,0.03863072,-0.05329536,-0.03385423,0.05065146,-0.00185691,-0.9981408,-0.1009888,-0.06777069,0.9925767,0.14,1.811587,3.74,0,-0.6727939,0,0.73983,-0.9955062,0,0.09469664
saccade,20.1938,0.04299823,0.04070091,-0.05664024,-0.07643144,-0.01676636,-0.004983853,-0.9969214,0.03419134,-0.1522252,0.9877542,0.1089601,0.03859186,-0.05328853,-0.0339217,0.05059118,-0.001841829,-0.9981415,-0.1008694,-0.06790367,0.9925797,0.14,1.811587,3.74,0,-0.6727939,0,0.73983,-0.9955062,0,0.09469664
saccade,20.2051,0.04300275,0.04067779,-0.05662596,-0.07648669,-0.01677934,-0.005023838,-0.9969168,0.03422372,-0.1523331,0.9877365,0.1089648,0.0385735,-0.05327585,-0.03460957,0.05097225,-0.001887683,-0.9980984,-0.10162,-0.06927997,0.992408,0.14,1.811587,3.74,0,-0.6727939,0,0.73983,-0.9955062,0,0.09469664
saccade,20.2160,0.04303756,0.04065478,-0.05662178,-0.07654315,-0.0167648,-0.005094509,-0.9969124,0.03420597,-0.1524428,0.9877202,0.1089998,0.0385592,-0.05326933,-0.0346708,0.05098949,-0.001953694,-0.9980953,-0.1016493,-0.06940876,0.992396,0.14,1.811587,3.74,0,-0.6727939,0,0.73983,-0.9955062,0,0.09469664
saccade,20.2270,0.04304942,0.04063475,-0.05660906,-0.07782213,-0.01624254,-0.005268985,-0.996821,0.0332019,-0.1549783,0.9873598,0.1090122,0.03855872,-0.0532557,-0.03470564,0.05099211,-0.002101106,-0.9980937,-0.101644,-0.06949324,0.9923906,0.14,1.811587,3.74,0,-0.6727939,0,0.73983,-0.9955062,0,0.09469664
saccade,20.2381,0.04305167,0.04062438,-0.05659181,-0.0778236,-0.01633922,-0.005332038,-0.996819,0.0334044,-0.1549779,0.987353,0.1090154,0.03855753,-0.05325053,-0.03506913,0.05127436,-0.002169042,-0.9980664,-0.1021983,-0.07022507,0.9922822,0.14,1.811587,3.74,0,-0.6727939,0,0.73983,-0.9955062,0,0.09469664
saccade,20.2497,0.0430605,0.04061294,-0.05657614,-0.07785917,-0.01629891,-0.00533487,-0.9968169,0.03332479,-0.1550488,0.9873446,0.1090239,0.03854573,-0.05322971,-0.03510481,0.05131456,-0.002167729,-0.998063,-0.1022781,-0.07029611,0.9922689,0.14,1.811587,3.74,0,-0.6727939,0,0.73983,-0.9955062,0,0.09469664
saccade,20.2612,0.04303725,0.04059815,-0.05657043,-0.07850686,-0.01595265,-0.005336847,-0.9967717,0.03264026,-0.1563365,0.9871644,0.1090018,0.03853238,-0.05324464,-0.03503532,0.05115577,-0.002172585,-0.9980736,-0.1019622,-0.07015793,0.9923112,0.14,1.811587,3.74,0,-0.6727939,0,0.73983,-0.9955062,0,0.09469664
saccade,20.2717,0.04304573,0.04061091,-0.05656196,-0.07857211,-0.01584839,-0.005304435,-0.9967684,0.0324279,-0.1564683,0.9871505,0.1090094,0.03853917,-0.05322313,-0.03509818,0.05125815,-0.002131344,-0.9980662,-0.1021685,-0.07027911,0.9922814,0.14,1.811587,3.74,0,-0.6727939,0,0.73983,-0.9955062,0,0.09469664
saccade,20.2828,0.0430418,0.04061806,-0.05655256,-0.07853156,-0.01584567,-0.005249592,-0.9967719,0.03241355,-0.1563897,0.9871634,0.1090053,0.03853941,-0.05321373,-0.03497857,0.05173259,-0.002064078,-0.9980461,-0.1031186,-0.07003402,0.9922005,0.14,1.811587,3.74,0,-0.6727939,0,0.73983,-0.9955062,0,0.09469664
saccade,20.2937,0.04305092,0.04063892,-0.05655437,-0.07955415,-0.01492491,-0.00525711,-0.996705,0.03058791,-0.1584271,0.9868968,0.1090141,0.03855991,-0.05321032,-0.03497387,0.05177208,-0.002061852,-0.9980443,-0.1031974,-0.07002445,0.992193,0.14,1.811587,3.74,0,-0.6727939,0,0.73983,-0.9955062,0,0.09469664
saccade,20.3049,0.04305838,0.04065824,-0.05654325,-0.07945582,-0.01484125,-0.005207287,-0.9967144,0.03041247,-0.158235,0.986933,0.1090208,0.03857255,-0.05318822,-0.034872,0.05185372,-0.002014993,-0.9980437,-0.103364,-0.06981652,0.9921902,0.14,1.811587,3.74,0,-0.6727939,0,0.73983,-0.9955062,0,0.09469664
saccade,20.3167,0.04305071,0.04067087,-0.05654247,-0.0794775,-0.014798,-0.005173816,-0.9967134,0.03032114,-0.1582794,0.9869287,0.1090127,0.03858006,-0.05318221,-0.03503237,0.05219004,-0.001974719,-0.9980206,-0.1040351,-0.07013217,0.9920979,0.14,1.811587,3.74,0,-0.6727939,0,0.73983,-0.9955062,0,0.09469664
saccade,20.3269,0.04304436,0.04066777,-0.05654144,-0.07934729,-0.01474427,-0.005173442,-0.9967246,0.03021295,-0.1580222,0.9869732,0.1090062,0.03857756,-0.05317654,-0.03497327,0.05222306,-0.001979624,-0.9980209,-0.104101,-0.07001488,0.9920992,0.14,1.811587,3.74,0,-0.6727939,0,0.73983,-0.9955062,0,0.09469664
saccade,20.3379,0.04302524,0.04072654,-0.05653844,-0.07938168,-0.01465486,-0.005097741,-0.9967235,0.03002303,-0.1580938,0.9869676,0.1089861,0.03862512,-0.05316275,-0.03500241,0.05230879,-0.001897879,-0.9980156,-0.1042771,-0.07006446,0.9920772,0.14,1.811587,3.74,0,-0.6727939,0,0.73983,-0.9955062,0,0.09469664
saccade,20.3492,0.04302038,0.04071248,-0.0565384,-0.07939291,-0.01462354,-0.005164436,-0.9967228,0.02997126,-0.1581144,0.9869658,0.1089813,0.0386194,-0.05315795,-0.0352808,0.05257418,-0.001964266,-0.9979917,-0.1047986,-0.07062643,0.9919825,0.14,1.811587,3.74,0,-0.6727939,0,0.73983,-0.9955062,0,0.09469664
saccade,20.3606,0.04301176,0.04071176,-0.0565309,-0.07948601,-0.01428196,-0.005162805,-0.9967203,0.02929097,-0.1583032,0.986956,0.1089727,0.03861928,-0.05315042,-0.03529764,0.05257488,-0.001968235,-0.997991,-0.1047996,-0.07066042,0.9919799,0.14,1.811587,3.74,0,-0.6727939,0,0.73983,-0.9955062,0,0.09469664
saccade,20.3712,0.04300643,0.04071772,-0.05653217,-0.07942236,-0.01431504,-0.005141227,-0.996725,0.02935297,-0.1581773,0.9869744,0.1089675,0.03862321,-0.05315594,-0.0352326,0.05254117,-0.001952448,-0.9979952,-0.1047341,-0.0705291,0.9919962,0.14,1.811587,3.74,0,-0.6727939,0,0.73983,-0.9955062,0,0.09469664
saccade,20.3827,0.04300284,0.04073417,-0.05653424,-0.07938333,-0.01431161,-0.005200389,-0.9967279,0.02935522,-0.1580983,0.9869869,0.1089641,0.03864777,-0.05315674,-0.03510183,0.05113407,-0.002048888,-0.9980727,-0.1019272,-0.07027788,0.9923064,0.14,1.811587,3.74,0,-0.6727939,0,0.73983,-0.9955062,0,0.09469664
saccade,20.3939,0.04299406,0.04074967,-0.05653395,-0.07827121,-0.01879666,-0.005329769,-0.9967406,0.03830512,-0.1558318,0.9870406,0.1089557,0.03866935,-0.05315958,-0.03512499,0.05110946,-0.002094213,-0.998073,-0.1018748,-0.07032868,0.9923081,0.14,1.811587,3.74,0,-0.6727939,0,0.73983,-0.9955062,0,0.09469664
saccade,20.4044,0.04299464,0.04075789,-0.05652701,-0.07816035,-0.01883509,-0.005324965,-0.9967487,0.03838011,-0.1556118,0.9870724,0.1089565,0.03867841,-0.05315718,-0.03501386,0.05107135,-0.002098836,-0.9980788,-0.1017995,-0.07010757,0.9923315,0.14,1.811587,3.74,0,-0.6727939,0,0.73983,-0.9955062,0,0.09469664
saccade,20.4162,0.04303292,0.04075766,-0.05656787,-0.0781327,-0.01883776,-0.005322597,-0.9967508,0.03838485,-0.1555571,0.9870808,0.1089948,0.03867805,-0.05319829,-0.03576788,0.03456572,-0.002565021,-0.9987589,-0.06886214,-0.07162429,0.9950517,0.14,1.811587,3.74,0,-0.6727939,0,0.73983,-0.9955062,0,0.09469664
saccade,20.4267,0.04304014,0.04076266,-0.05658163,-0.07202199,-0.04133601,-0.005771539,-0.9965294,0.08321647,-0.1430669,0.9862083,0.1090024,0.03868866,-0.0532157,-0.03582306,0.03453828,-0.002606684,-0.9987578,-0.068804,-0.07173719,0.9950476,0.14,1.811587,3.74,0,-0.6727939,0,0.73983,-0.9955062,0,0.09469664
saccade,20.4385,0.04303322,0.04076838,-0.0565903,-0.07205977,-0.04133851,-0.005832961,-0.9965262,0.08323047,-0.1431367,0.9861971,0.1089957,0.03870189,-0.05322433,-0.03586547,0.03453783,-0.002665116,-0.9987561,-0.06879856,-0.07182581,0.9950416,0.14,1.811587,3.74,0,-0.6727939,0,0.73983,-0.9955062,0,0.09469664
saccade,20.4491,0.04302611,0.04077256,-0.05659961,-0.07207384,-0.04140198,-0.005773268,-0.996523,0.08334824,-0.1431684,0.9861825,0.1089888,0.03869879,-0.05324262,-0.03487846,0.01752992,-0.003030389,-0.9992332,-0.03482157,-0.06980968,0.9969524,0.14,1.811587,3.74,0,-0.6727939,0,0.73983,-0.9955062,0,0.09469664
saccade,20.4605,0.04302971,0.04077828,-0.05662724,-0.06828608,-0.06088579,-0.006227366,-0.9957867,0.122109,-0.1352384,0.9832599,0.1089925,0.03871119,-0.0532674,-0.03488729,0.01755008,-0.003082177,-0.9992325,-0.03485817,-0.06982921,0.9969497,0.14,1.811587,3.74,0,-0.6727939,0,0.73983,-0.9955062,0,0.09469664
saccade,20.4713,0.04302843,0.04078388,-0.05663255,-0.06826697,-0.06087424,-0.006174132,-0.9957891,0.1220788,-0.1352073,0.9832679,0.1089909,0.03871,-0.05327153,-0.03486401,0.01755997,-0.003030244,-0.9992332,-0.03488171,-0.06978098,0.9969523,0.14,1.811587,3.74,0,-0.6727939,0,0.73983,-0.9955062,0,0.09469664
saccade,20.4827,0.04302273,0.04079545,-0.05664196,-0.06822776,-0.0608415,-0.006214272,-0.9957935,0.1220191,-0.1351254,0.9832866,0.1089852,0.03872705,-0.05327606,-0.03345691,0.00930988,-0.003250791,-0.9993916,-0.01839091,-0.06693364,0.9975879,0.14,1.811587,3.74,0,-0.6727939,0,0.73983,-0.9955062,0,0.09469664
saccade,20.4943,0.04305291,0.04081464,-0.05668151,-0.06902435,-0.06908835,-0.006459303,-0.9951988,0.138405,-0.1364934,0.9809249,0.1090151,0.03874588,-0.05331173,-0.03345904,0.009339416,-0.003249743,-0.9993912,-0.01845,-0.06693804,0.9975865,0.14,1.811587,3.74,0,-0.6727939,0,0.73983,-0.9955062,0,0.09469664
saccade,20.5054,0.04305368,0.04082918,-0.05670151,-0.06899431,-0.06905838,-0.006453856,-0.9952031,0.1383448,-0.1364353,0.9809415,0.1090157,0.03876007,-0.05332766,-0.03408905,0.003978726,-0.00341045,-0.9994051,-0.0077202,-0.06816468,0.9976442,0.14,1.811587,3.74,0,-0.6727939,0,0.73983,-0.9955062,0,0.09469664
saccade,20.5162,0.04305246,0.04084253,-0.05671056,-0.06897382,-0.06904235,-0.006486833,-0.9952053,0.1383175,-0.1363905,0.9809515,0.1090145,0.03877783,-0.05333419,-0.03407097,0.003996043,-0.003444247,-0.9994055,-0.007752637,-0.06812897,0.9976464,0.14,1.811587,3.74,0,-0.6727939,0,0.73983,-0.9955062,0,0.09469664
saccade,20.5270,0.04304647,0.04084802,-0.0567215,-0.06748331,-0.07163746,-0.006509011,-0.995124,0.1434548,-0.133376,0.9806281,0.1090077,0.03878188,-0.05333164,-0.03408871,0.004099284,-0.003437492,-0.9994045,-0.007959327,-0.068165,0.9976423,0.14,1.811587,3.74,0,-0.6727939,0,0.73983,-0.9955062,0,0.09469664
saccade,20.5391,0.04305552,0.04081357,-0.05674354,-0.06744857,-0.07168371,-0.006427975,-0.9951235,0.1435354,-0.1333178,0.9806243,0.1090168,0.03873777,-0.05336027,-0.03404795,0.004050421,-0.003360929,-0.9994063,-0.007867168,-0.06808271,0.9976487,0.14,1.811587,3.74,0,-0.6727939,0,0.73983,-0.9955062,0,0.09469664
saccade,20.5507,0.04305122,0.04083335,-0.05676052,-0.06743345,-0.07163265,-0.006405865,-0.9951283,0.1434313,-0.1332921,0.980643,0.1090121,0.03875446,-0.05337062,-0.03429716,0.000384938,-0.003445759,-0.9994057,-0.0005330588,-0.06855621,0.9976471,0.14,1.811587,3.74,0,-0.6727939,0,0.73983,-0.9955062,0,0.09469664
saccade,20.5612,0.04305936,0.04084325,-0.0567665,-0.06824724,-0.07371289,-0.006491602,-0.9949204,0.147563,-0.1348441,0.9798175,0.1090201,0.03876483,-0.05337447,-0.0342958,0.000400845,-0.003449842,-0.9994057,-0.0005645833,-0.0685536,0.9976473,0.14,1.811587,3.74,0,-0.6727939,0,0.73983,-0.9955062,0,0.09469664
saccade,20.5726,0.04307254,0.04085588,-0.05676658,-0.06823555,-0.07376292,-0.006458382,-0.9949178,0.1476575,-0.1348247,0.9798059,0.1090335,0.03877378,-0.05338138,-0.03428177,0.0003496372,-0.003419318,-0.9994063,-0.0004644186,-0.06852522,0.9976493,0.14,1.811587,3.74,0,-0.6727939,0,0.73983,-0.9955062,0,0.09469664
saccade,20.5834,0.04309107,0.04086864,-0.05676674,-0.06819212,-0.07372723,-0.006442677,-0.9949235,0.1475846,-0.1347419,0.9798282,0.1090518,0.03878486,-0.05337672,-0.03453406,-0.001711119,-0.003470769,-0.9993961,0.00365989,-0.06901453,0.997609,0.14,1.811587,3.74,0,-0.6727939,0,0.73983,-0.9955062,0,0.09469664
saccade,20.5950,0.04310657,0.04088545,-0.05676594,-0.06817545,-0.07375707,-0.00639954,-0.9949227,0.1476378,-0.1347146,0.979824,0.1090673,0.03879654,-0.05338013,-0.03451435,-0.001742397,-0.003429985,-0.9993968,0.003719458,-0.0689751,0.9976115,0.14,1.811587,3.74,0,-0.6727939,0,0.73983,-0.9955062,0,0.09469664
saccade,20.6056,0.0431194,0.040887,-0.05676206,-0.06644467,-0.07539078,-0.006307273,-0.9949179,0.1508534,-0.1312629,0.9798027,0.1090802,0.03878689,-0.05338366,-0.03461349,-0.001792304,-0.003347794,-0.9993936,0.003814192,-0.06917299,0.9975974,0.14,1.811587,3.74,0,-0.6727939,0,0.73983,-0.9955062,0,0.09469664
saccade,20.6169,0.04316055,0.04089785,-0.05677442,-0.06638197,-0.07546373,-0.006265633,-0.9949168,0.1509921,-0.1311434,0.9797973,0.1092688,0.03903472,-0.05291399,-0.03452994,-0.00361754,-0.003359237,-0.9993915,0.007462666,-0.06899355,0.9975892,0.14,1.811587,3.74,0,-0.6727939,0,0.73983,-0.9955062,0,0.09469664
saccade,20.6284,0.04318232,0.04089725,-0.0567728,-0.0667923,-0.07788672,-0.006321668,-0.9947022,0.1557927,-0.1318922,0.9789449,0.1092909,0.03903174,-0.0529202,-0.03454448,-0.003675755,-0.003341129,-0.9993908,0.007577868,-0.06902231,0.9975863,0.14,1.811587,3.74,0,-0.6727939,0,0.73983,-0.9955062,0,0.09469664
saccade,20.6390,0.04320247,0.04089582,-0.05676563,-0.0668083,-0.07793137,-0.006309767,-0.9946977,0.1558794,-0.1319247,0.9789267,0.1093114,0.039029,-0.05291912,-0.03455966,-0.003720991,-0.003329541,-0.9993902,0.00766758,-0.06905239,0.9975836,0.14,1.811587,3.74,0,-0.6727939,0,0.73983,-0.9955062,0,0.09469664
saccade,20.6504,0.04321527,0.04088402,-0.05675906,-0.06682207,-0.0779449,-0.006310422,-0.9946958,0.1559063,-0.1319515,0.9789188,0.1093243,0.03901708,-0.05291442,-0.03498885,-0.005488668,-0.003389347,-0.9993669,0.01120756,-0.06989619,0.9974913,0.14,1.811587,3.74,0,-0.6727939,0,0.73983,-0.9955062,0,0.09469664
saccade,20.6620,0.04322931,0.04087698,-0.05675146,-0.06728604,-0.07842044,-0.006329119,-0.994627,0.1568499,-0.1328564,0.9786456,0.1093388,0.03900909,-0.05291537,-0.03503656,-0.00555161,-0.003382643,-0.9993649,0.0113332,-0.06999105,0.9974833,0.14,1.811587,3.74,0,-0.6727939,0,0.73983,-0.9955062,0,0.09469664
saccade,20.6727,0.04323414,0.04088116,-0.05674168,-0.06731635,-0.07850286,-0.006322143,-0.9946185,0.157012,-0.1329156,0.9786116,0.1093442,0.03901255,-0.05291671,-0.0350665,-0.005634644,-0.003376177,-0.9993634,0.01149889,-0.0700503,0.9974772,0.14,1.811587,3.74,0,-0.6727939,0,0.73983,-0.9955062,0,0.09469664
saccade,20.6843,0.04324767,0.04088521,-0.05672688,-0.06733117,-0.07850236,-0.006323573,-0.9946175,0.1570112,-0.1329447,0.9786078,0.1093578,0.0390166,-0.05290191,-0.03529615,-0.006886177,-0.003416657,-0.9993474,0.01400456,-0.07049918,0.9974135,0.14,1.811587,3.74,0,-0.6727939,0,0.73983,-0.9955062,0,0.09469664
saccade,20.6948,0.04324937,0.04086399,-0.05672695,-0.06741752,-0.0793482,-0.006354671,-0.9945443,0.1586874,-0.133091,0.9783175,0.1093597,0.03899634,-0.05290581,-0.03529562,-0.006915499,-0.003424367,-0.9993472,0.0140637,-0.0704978,0.9974128,0.14,1.811587,3.74,0,-0.6727939,0,0.73983,-0.9955062,0,0.09469664
saccade,20.7057,0.04325558,0.04085696,-0.05671688,-0.06740642,-0.07936464,-0.006420387,-0.9945433,0.1587287,-0.1330581,0.9783152,0.1093663,0.03899837,-0.0528973,-0.03528935,-0.006929813,-0.003491213,-0.999347,0.01409698,-0.07048422,0.9974133,0.14,1.811587,3.74,0,-0.6727939,0,0.73983,-0.9955062,0,0.09469664
saccade,20.7170,0.04325366,0.04085302,-0.05670302,-0.06740917,-0.07938201,-0.006427759,-0.9945417,0.158764,-0.133062,0.978309,0.1093645,0.03899539,-0.05288569,-0.0358811,-0.008091196,-0.003547829,-0.999317,0.01642594,-0.07165578,0.9972942,0.14,1.811587,3.74,0,-0.6727939,0,0.73983,-0.9955062,0,0.09469664
saccade,20.7280,0.04325194,0.04084325,-0.05668602,-0.06702458,-0.0799797,-0.006442886,-0.9945197,0.1599464,-0.1322839,0.9782219,0.1093629,0.03898907,-0.05286962,-0.0357618,-0.008102575,-0.003564627,-0.9993212,0.01644911,-0.07141729,0.9973109,0.14,1.811587,3.74,0,-0.6727939,0,0.73983,-0.9955062,0,0.09469664
saccade,20.7392,0.04324391,0.04083073,-0.05670086,-0.06709474,-0.07989293,-0.006470121,-0.9945218,0.1597787,-0.1324205,0.9782308,0.1093543,0.03897798,-0.0528731,-0.03583369,-0.008015119,-0.003583989,-0.9993193,0.01627618,-0.07156114,0.9973034,0.14,1.811587,3.74,0,-0.6727939,0,0.73983,-0.9955062,0,0.09469664
saccade,20.7506,0.04323603,0.04082322,-0.05669262,-0.06707291,-0.07987931,-0.006421646,-0.9945247,0.1597453,-0.1323854,0.978241,0.1093462,0.03896439,-0.05286337,-0.03623069,-0.0085595,-0.003564827,-0.9993005,0.01736534,-0.07234967,0.9972281,0.14,1.811587,3.74,0,-0.6727939,0,0.73983,-0.9955062,0,0.09469664
saccade,20.7620,0.04322337,0.04079568,-0.05668783,-0.06703071,-0.08046895,-0.00641481,-0.99448,0.1609095,-0.132289,0.9780633,0.1093328,0.03893447,-0.05284723,-0.03613677,-0.008475804,-0.003542682,-0.9993047,0.01719586,-0.07216324,0.9972446,0.14,1.811587,3.74,0,-0.6727939,0,0.73983,-0.9955062,0,0.09469664
saccade,20.7725,0.04320415,0.04073906,-0.05670265,-0.06717409,-0.08037725,-0.006482668,-0.9944773,0.1607376,-0.1325641,0.9780543,0.109313,0.03888321,-0.05285009,-0.03628473,-0.008382541,-0.003597145,-0.9992999,0.01701439,-0.07245834,0.9972263,0.14,1.811587,3.74,0,-0.6727939,0,0.73983,-0.9955062,0,0.09469664
saccade,20.7837,0.04317709,0.04068851,-0.0567174,-0.06731966,-0.080284,-0.006524509,-0.9944748,0.1605593,-0.1328478,0.9780451,0.1092853,0.03883457,-0.05285291,-0.03636546,-0.008600366,-0.003631704,-0.999295,0.01745274,-0.07261719,0.9972072,0.14,1.811587,3.74,0,-0.6727939,0,0.73983,-0.9955062,0,0.09469664
saccade,20.7949,0.04316049,0.04066622,-0.05670938,-0.06747568,-0.08024338,-0.006484732,-0.9944677,0.160474,-0.1331641,0.9780161,0.1092682,0.03880394,-0.05284068,-0.03651841,-0.008561713,-0.003579598,-0.9992899,0.01737271,-0.07292366,0.9971862,0.14,1.811587,3.74,0,-0.6727939,0,0.73983,-0.9955062,0,0.09469664
saccade,20.8063,0.04316231,0.04070103,-0.05667811,-0.0673211,-0.08089659,-0.006390373,-0.9944259,0.1617517,-0.1328578,0.9778472,0.1092697,0.03882492,-0.05280966,-0.03649311,-0.008560603,-0.003473382,-0.9992912,0.01736258,-0.07287502,0.9971899,0.14,1.811587,3.74,0,-0.6727939,0,0.73983,-0.9955062,0,0.09469664
saccade,20.8175,0.04319464,0.04074204,-0.05668892,-0.06731812,-0.08098167,-0.006230299,-0.9944202,0.1618984,-0.1328759,0.9778205,0.1093022,0.0388459,-0.05283309,-0.03656398,-0.009070672,-0.003330675,-0.9992846,0.01837193,-0.07301522,0.9971616,0.14,1.811587,3.74,0,-0.6727939,0,0.73983,-0.9955062,0,0.09469664
saccade,20.8285,0.04319661,0.04077065,-0.05666624,-0.0673573,-0.08098954,-0.006207106,-0.994417,0.161911,-0.1329571,0.9778074,0.1093041,0.03887069,-0.05281185,-0.03660147,-0.009079479,-0.00330498,-0.9992833,0.01838787,-0.07309045,0.9971558,0.14,1.811587,3.74,0,-0.6727939,0,0.73983,-0.9955062,0,0.09469664
saccade,20.8392,0.04319825,0.04078174,-0.05666357,-0.06757862,-0.08188139,-0.0063437,-0.9943281,0.1636913,-0.1333518,0.9774572,0.1093065,0.03889585,-0.0528145,-0.03663814,-0.009122476,-0.00341184,-0.9992812,0.01848184,-0.07316136,0.9971489,0.14,1.811587,3.74,0,-0.6727939,0,0.73983,-0.9955062,0,0.09469664
saccade,20.8500,0.04321565,0.04080427,-0.05669028,-0.06762621,-0.0818691,-0.006361303,-0.9943258,0.1636695,-0.1334434,0.9774483,0.1093238,0.03891969,-0.05283969,-0.0364133,-0.009431671,-0.003425648,-0.9992865,0.01909936,-0.07271002,0.9971702,0.14,1.811587,3.74,0,-0.6727939,0,0.73983,-0.9955062,0,0.09469664
saccade,20.8617,0.04322098,0.04083097,-0.0567218,-0.06764285,-0.08186828,-0.006489929,-0.9943238,0.1636852,-0.1334552,0.9774441,0.1093296,0.03896284,-0.05287009,-0.03643927,-0.009426944,-0.003552641,-0.9992852,0.01909932,-0.07275946,0.9971666,0.14,1.811587,3.74,0,-0.6727939,0,0.73983,-0.9955062,0,0.09469664
saccade,20.8727,0.04321075,0.04085195,-0.05674615,-0.0675532,-0.08244078,-0.006526682,-0.9942824,0.1648206,-0.1332578,0.9772801,0.1093197,0.03898728,-0.05289914,-0.03646011,-0.009462806,-0.003578051,-0.9992839,0.01917297,-0.07280028,0.9971622,0.14,1.811587,3.74,0,-0.6727939,0,0.73983,-0.9955062,0,0.09469664
saccade,20.8836,0.04320494,0.04088259,-0.0567605,-0.06751888,-0.08244169,-0.00655325,-0.9942845,0.1648259,-0.1331854,0.9772891,0.109314,0.03902197,-0.0529132,-0.03624585,-0.009645715,-0.00360631,-0.9992899,0.01953916,-0.07237066,0.9971864,0.14,1.811587,3.74,0,-0.6727939,0,0.73983,-0.9955062,0,0.09469664
saccade,20.8948,0.04321574,0.04093063,-0.05681048,-0.06735221,-0.08301765,-0.006517665,-0.9942482,0.1659582,-0.1328474,0.9771435,0.1093249,0.03906596,-0.05296719,-0.03613391,-0.009678181,-0.003566995,-0.9992938,0.01960047,-0.07214774,0.9972013,0.14,1.811587,3.74,0,-0.6727939,0,0.73983,-0.9955062,0,0.09469664
saccade,20.9064,0.04320318,0.04099405,-0.0568426,-0.06717386,-0.08305067,-0.006406915,-0.9942581,0.1660084,-0.1325121,0.9771805,0.1093123,0.03911853,-0.05300367,-0.03594768,-0.009713747,-0.003470714,-0.9993005,0.01966343,-0.07177764,0.9972268,0.14,1.811587,3.74,0,-0.6727939,0,0.73983,-0.9955062,0,0.09469664
saccade,20.9172,0.04318148,0.04103911,-0.05686683,-0.0670222,-0.08301592,-0.006377195,-0.9942715,0.1659355,-0.1322177,0.9772328,0.1092903,0.03916216,-0.05302274,-0.03590982,-0.01005889,-0.003464857,-0.9992985,0.02035251,-0.07169954,0.9972186,0.14,1.811587,3.74,0,-0.6727939,0,0.73983,-0.9955062,0,0.09469664
saccade,20.9286,0.04315167,0.04106879,-0.05689382,-0.06693801,-0.08317275,-0.006335679,-0.9942643,0.1662396,-0.1320542,0.9772032,0.1092597,0.03918672,-0.05303932,-0.03580791,-0.009981826,-0.003421576,-0.999303,0.02019477,-0.0714976,0.9972363,0.14,1.811587,3.74,0,-0.6727939,0,0.73983,-0.9955062,0,0.09469664
saccade,20.9395,0.04310443,0.04108584,-0.05691918,-0.06682635,-0.08309658,-0.006359114,-0.9942781,0.1660921,-0.1318311,0.9772584,0.1092119,0.03920817,-0.0530538,-0.03569794,-0.009904064,-0.003450699,-0.9993076,0.02004078,-0.07127809,0.9972551,0.14,1.811587,3.74,0,-0.6727939,0,0.73983,-0.9955062,0,0.09469664
saccade,20.9501,0.04306951,0.04108095,-0.0569592,-0.06676052,-0.08303536,-0.006478399,-0.9942868,0.1659869,-0.1316823,0.9772964,0.1091769,0.03921962,-0.05308436,-0.03583571,-0.01000441,-0.003583019,-0.9993013,0.02025164,-0.07154965,0.9972314,0.14,1.811587,3.74,0,-0.6727939,0,0.73983,-0.9955062,0,0.09469664
saccade,20.9613,0.04304221,0.04106176,-0.05699159,-0.06696984,-0.08339086,-0.006613554,-0.9942421,0.1667072,-0.1320655,0.977122,0.1091492,0.03921473,-0.05310195,-0.03583813,-0.009896327,-0.00369612,-0.9993019,0.02004376,-0.07155306,0.9972354,0.14,1.811587,3.74,0,-0.6727939,0,0.73983,-0.9955062,0,0.09469664
saccade,20.9725,0.0429807,0.04104292,-0.05701689,-0.06693154,-0.08321684,-0.006729177,-0.9942585,0.1663789,-0.1319745,0.9771903,0.1090866,0.03921032,-0.05310303,-0.03580803,-0.009717982,-0.00380869,-0.9993042,0.01969521,-0.0714922,0.9972467,0.14,1.811587,3.74,0,-0.6727939,0,0.73983,-0.9955062,0,0.09469664
saccade,20.9840,0.04298322,0.04104173,-0.05702051,-0.06704617,-0.08326358,-0.006730442,-0.9942468,0.1664716,-0.1322001,0.977144,0.1090895,0.03920746,-0.05311343,-0.03618111,-0.01019429,-0.003822578,-0.9992859,0.02065062,-0.0722326,0.997174,0.14,1.811587,3.74,0,-0.6727939,0,0.73983,-0.9955062,0,0.09469664
saccade,20.9947,0.04296687,0.04103696,-0.05703408,-0.067044,-0.08356829,-0.006697878,-0.9942216,0.1670689,-0.1321937,0.9770429,0.109073,0.03919756,-0.05312771,-0.03617138,-0.01019847,-0.003782658,-0.9992864,0.02065603,-0.07221397,0.9971752,0.14,1.811587,3.74,0,-0.6727939,0,0.73983,-0.9955062,0,0.09469664
saccade,21.0059,0.04296084,0.04104078,-0.05703744,-0.06706116,-0.08356661,-0.006722701,-0.9942205,0.1670689,-0.1322236,0.9770389,0.1090671,0.03920436,-0.05313072,-0.03619033,-0.0101961,-0.00380609,-0.9992856,0.02065312,-0.07225133,0.9971726,0.14,1.811587,3.74,0,-0.6727939,0,0.73983,-0.9955062,0,0.09469664
saccade,21.0176,0.04300327,0.04107797,-0.05705581,-0.06716479,-0.08359962,-0.006684397,-0.994211,0.1671292,-0.1324343,0.977,0.1091096,0.03923488,-0.05315433,-0.03671824,-0.01097743,-0.003794751,-0.9992582,0.02221724,-0.07329869,0.9970625,0.14,1.811587,3.74,0,-0.6727939,0,0.73983,-0.9955062,0,0.09469664
saccade,21.0280,0.04300169,0.04109144,-0.05706069,-0.06715243,-0.08359566,-0.006641856,-0.9942124,0.1671157,-0.1324171,0.9770046,0.1091079,0.03924298,-0.05315899,-0.03670277,-0.01097467,-0.003753119,-0.9992589,0.02220858,-0.07326877,0.9970649,0.14,1.811587,3.74,0,-0.6727939,0,0.73983,-0.9955062,0,0.09469664
saccade,21.0426,0.04300763,0.0411036,-0.05706197,-0.06708655,-0.08384378,-0.006709598,-0.9941955,0.1676145,-0.1322692,0.9769392,0.1091139,0.03926313,-0.05315747,-0.03670708,-0.01095561,-0.00381524,-0.9992588,0.02217507,-0.07327614,0.9970651,0.14,1.811587,3.74,0,-0.6727939,0,0.73983,-0.9955062,0,0.09469664
saccade,21.0589,0.0430426,0.04110289,-0.05707348,-0.06711385,-0.08383012,-0.006681939,-0.994195,0.1675839,-0.1323282,0.9769365,0.1091486,0.03925812,-0.05316755,-0.03673335,-0.01138068,-0.003796925,-0.9992531,0.02302332,-0.0733254,0.9970423,0.14,1.811587,3.74,0,-0.6727939,0,0.73983,-0.9955062,0,0.09469664
saccade,21.0665,0.04306645,0.04112208,-0.05706787,-0.06639343,-0.08431493,-0.006666617,-0.9942024,0.1685375,-0.1308928,0.9769658,0.1091727,0.03927875,-0.05316547,-0.03662135,-0.01141101,-0.003798026,-0.9992568,0.02308324,-0.07310158,0.9970573,0.14,1.811587,3.74,0,-0.6727939,0,0.73983,-0.9955062,0,0.09469664
saccade,21.0729,0.04306645,0.04112208,-0.05706787,-0.06639343,-0.08431493,-0.006666617,-0.9942024,0.1685375,-0.1308928,0.9769658,0.1091727,0.03927875,-0.05316547,-0.03662135,-0.01141101,-0.003798026,-0.9992568,0.02308324,-0.07310158,0.9970573,0.14,1.811587,3.74,0,-0.6727939,0,0.73983,-0.9955062,0,0.09469664
saccade,21.0841,0.04308388,0.04113734,-0.05705439,-0.06638223,-0.0843778,-0.006518534,-0.9941989,0.168642,-0.1308942,0.9769475,0.1091902,0.03927541,-0.05316149,-0.03683386,-0.01128401,-0.003655421,-0.9992511,0.0228204,-0.07353005,0.9970319,0.14,1.811587,3.74,0,-0.6727939,0,0.73983,-0.9955062,0,0.09469664
saccade,21.0947,0.04313697,0.04116881,-0.05703906,-0.06645322,-0.08439462,-0.006464215,-0.994193,0.1686682,-0.1310436,0.976923,0.1092432,0.03929865,-0.05314922,-0.03690083,-0.01130287,-0.00359659,-0.9992486,0.02285419,-0.0736649,0.9970211,0.14,1.811587,3.74,0,-0.6727939,0,0.73983,-0.9955062,0,0.09469664
saccade,21.1060,0.04316973,0.04116464,-0.05703152,-0.06643964,-0.08479495,-0.006382161,-0.9941605,0.1694476,-0.131021,0.9767912,0.109277,0.03928351,-0.05316377,-0.03695103,-0.01146526,-0.003511295,-0.9992452,0.0231727,-0.07376576,0.9970064,0.14,1.811587,3.74,0,-0.6727939,0,0.73983,-0.9955062,0,0.09469664
saccade,21.1170,0.04319966,0.04115295,-0.05702752,-0.06651007,-0.08478734,-0.006383302,-0.9941564,0.1694329,-0.1311604,0.9767751,0.1093068,0.03927052,-0.05315912,-0.03770767,-0.01131936,-0.003525012,-0.9992185,0.02288686,-0.0752766,0.9969,0.14,1.811587,3.74,0,-0.6727939,0,0.73983,-0.9955062,0,0.09469664
saccade,21.1281,0.04322222,0.04114699,-0.05702901,-0.06650895,-0.08484443,-0.006426831,-0.9941513,0.1695513,-0.1311494,0.976756,0.10933,0.03927088,-0.0531678,-0.03770987,-0.01137538,-0.003570156,-0.9992176,0.02300222,-0.07527951,0.9968972,0.14,1.811587,3.74,0,-0.6727939,0,0.73983,-0.9955062,0,0.09469664
saccade,21.1396,0.04323612,0.0411514,-0.05704699,-0.06666669,-0.0848273,-0.006479169,-0.9941418,0.1695246,-0.1314531,0.9767197,0.1093441,0.03928125,-0.05318612,-0.03773321,-0.01137894,-0.003617276,-0.9992166,0.02301303,-0.07532497,0.9968935,0.14,1.811587,3.74,0,-0.6727939,0,0.73983,-0.9955062,0,0.09469664
saccade,21.1505,0.04326554,0.04115391,-0.05704679,-0.06662433,-0.0848755,-0.006523357,-0.9941403,0.1696255,-0.1313605,0.9767147,0.1093741,0.03929079,-0.0531917,-0.03808308,-0.01186069,-0.003689654,-0.9991974,0.02398338,-0.07601751,0.996818,0.14,1.811587,3.74,0,-0.6727939,0,0.73983,-0.9955062,0,0.09469664
saccade,21.1614,0.04328387,0.04116964,-0.05704505,-0.06659655,-0.08494491,-0.006519851,-0.9941362,0.169762,-0.1313044,0.9766985,0.1093929,0.03930712,-0.05319903,-0.03805523,-0.01193029,-0.003690198,-0.9991977,0.02412229,-0.07596134,0.996819,0.14,1.811587,3.74,0,-0.6727939,0,0.73983,-0.9955062,0,0.09469664
saccade,21.1725,0.04331122,0.04120207,-0.05704915,-0.06463025,-0.08204018,-0.006345776,-0.994511,0.164,-0.1275098,0.9781847,0.1094209,0.03933716,-0.0532158,-0.0379824,-0.01202747,-0.00366244,-0.9991993,0.02431389,-0.07581587,0.9968253,0.14,1.811587,3.74,0,-0.6727939,0,0.73983,-0.9955062,0,0.09469664
saccade,21.1839,0.04334063,0.04123116,-0.05704087,-0.06455025,-0.08207706,-0.006183337,-0.9945142,0.1640519,-0.1273773,0.9781932,0.1094501,0.03934669,-0.0532133,-0.03562295,-0.007059451,-0.003303866,-0.999335,0.0143449,-0.07115188,0.9973623,0.14,1.811587,3.74,0,-0.6727939,0,0.73983,-0.9955062,0,0.09469664
saccade,21.1949,0.04337016,0.04126275,-0.05703975,-0.06450522,-0.08215658,-0.006128293,-0.9945109,0.1642018,-0.1272953,0.9781787,0.1094801,0.03937268,-0.05322292,-0.035574,-0.007140543,-0.00325471,-0.9993363,0.01450317,-0.0710543,0.997367,0.14,1.811587,3.74,0,-0.6727939,0,0.73983,-0.9955062,0,0.09469664
saccade,21.2060,0.04338132,0.0412885,-0.05703495,-0.05574391,-0.05323254,-0.004976767,-0.9970126,0.1067019,-0.1106249,0.9881178,0.109491,0.03938377,-0.0532202,-0.03547741,-0.007155214,-0.003137208,-0.99934,0.01452358,-0.07086309,0.9973803,0.14,1.811587,3.74,0,-0.6727939,0,0.73983,-0.9955062,0,0.09469664
saccade,21.2173,0.04339547,0.04133272,-0.0570332,-0.05571026,-0.05317724,-0.004960379,-0.9970176,0.10659,-0.1105607,0.9881371,0.1095047,0.03942585,-0.05321109,-0.0203676,0.02094672,-0.001913955,-0.9995713,-0.04179751,-0.04079792,0.9982928,0.14,1.811587,3.74,0,-0.6727939,0,0.73983,-0.9955062,0,0.09469664
saccade,21.2280,0.0434113,0.04136896,-0.057036,-0.04494506,-0.01622599,-0.003580724,-0.9988513,0.03273658,-0.08967066,0.9954333,0.10952,0.03945231,-0.05320948,-0.02026629,0.02097872,-0.001836485,-0.9995729,-0.04186509,-0.04059232,0.9982983,0.14,1.811587,3.74,0,-0.6727939,0,0.73983,-0.9955062,0,0.09469664
saccade,21.2396,0.04341749,0.041399,-0.05703491,-0.04491333,-0.01619293,-0.00358987,-0.9988532,0.03267118,-0.08960738,0.9954411,0.1095259,0.03948367,-0.05320381,-0.02023489,0.02101207,-0.001845982,-0.9995728,-0.04193148,-0.04053007,0.9982981,0.14,1.811587,3.74,0,-0.6727939,0,0.73983,-0.9955062,0,0.09469664
saccade,21.2503,0.04342727,0.04141748,-0.05705182,-0.0447634,-0.01622288,-0.003588628,-0.9988595,0.03273004,-0.08930825,0.9954661,0.1095359,0.03950369,-0.05322403,-0.007742625,0.04404079,-0.0008648344,-0.9989994,-0.08798005,-0.01554593,0.9960009,0.14,1.811587,3.74,0,-0.6727939,0,0.73983,-0.9955062,0,0.09469664
saccade,21.2614,0.04342951,0.04143715,-0.05707659,-0.04050559,0.00841936,-0.002837352,-0.9991398,-0.01659438,-0.08098927,0.9965768,0.1095385,0.0395267,-0.05325357,-0.007662355,0.04400218,-0.0008888336,-0.9990017,-0.08790288,-0.01538763,0.9960102,0.14,1.811587,3.74,0,-0.6727939,0,0.73983,-0.9955062,0,0.09469664
saccade,21.2723,0.04343833,0.04145217,-0.05707028,-0.0404356,0.00840141,-0.00279606,-0.9991429,-0.0165623,-0.08084888,0.9965888,0.1095473,0.03953671,-0.05324957,-0.007590879,0.04398301,-0.0008506671,-0.9990031,-0.08786541,-0.01524145,0.9960157,0.14,1.811587,3.74,0,-0.6727939,0,0.73983,-0.9955062,0,0.09469664
saccade,21.2837,0.04344752,0.04146087,-0.05706865,-0.04037618,0.008431046,-0.002896818,-0.9991448,-0.01661375,-0.08073215,0.9965973,0.1095567,0.03955901,-0.05324323,-0.004150991,0.05022097,-0.000686243,-0.9987293,-0.1003086,-0.00836036,0.9949213,0.14,1.811587,3.74,0,-0.6727939,0,0.73983,-0.9955062,0,0.09469664
saccade,21.2952,0.04345295,0.04148686,-0.05707545,-0.03842547,0.01158745,-0.002735032,-0.9991906,-0.02294595,-0.07685212,0.9967784,0.1095624,0.03958285,-0.05325673,-0.004142266,0.05017018,-0.0006698087,-0.9987319,-0.1002076,-0.008341236,0.9949316,0.14,1.811587,3.74,0,-0.6727939,0,0.73983,-0.9955062,0,0.09469664
saccade,21.3065,0.04345501,0.0414809,-0.05707486,-0.03847743,0.01160267,-0.002773436,-0.9991883,-0.02297308,-0.07695675,0.9967697,0.1095645,0.03958166,-0.05325415,-0.004195717,0.0501866,-0.0007056369,-0.9987308,-0.1002399,-0.008451612,0.9949274,0.14,1.811587,3.74,0,-0.6727939,0,0.73983,-0.9955062,0,0.09469664
saccade,21.3170,0.04345577,0.04147398,-0.05706945,-0.03852066,0.01160207,-0.002795581,-0.9991866,-0.02296989,-0.07704353,0.9967631,0.1095653,0.03957736,-0.05324888,-0.000784047,0.05416112,-0.0005150073,-0.9985318,-0.1081624,-0.001621578,0.9941319,0.14,1.811587,3.74,0,-0.6727939,0,0.73983,-0.9955062,0,0.09469664
saccade,21.3283,0.04345496,0.04146349,-0.05707897,-0.03929063,0.01516647,-0.002681129,-0.9991091,-0.03009522,-0.07859257,0.9964525,0.1095645,0.03956068,-0.05326054,-0.0008875523,0.05414808,-0.0004687179,-0.9985324,-0.1081364,-0.00182326,0.9941344,0.14,1.811587,3.74,0,-0.6727939,0,0.73983,-0.9955062,0,0.09469664
saccade,21.3393,0.04346443,0.04146218,-0.05713252,-0.03935935,0.01516816,-0.002657756,-0.9991065,-0.0301,-0.07872899,0.9964415,0.1095738,0.03955591,-0.05331428,-0.0009553656,0.05414876,-0.0004426381,-0.9985324,-0.1081377,-0.001955864,0.994134,0.14,1.811587,3.74,0,-0.6727939,0,0.73983,-0.9955062,0,0.09469664
saccade,21.3504,0.04346055,0.04145074,-0.05714279,-0.03942195,0.01519763,-0.0026916,-0.9991035,-0.03015578,-0.07885504,0.9964299,0.1095699,0.0395484,-0.05332073,0.0006347988,0.0571321,-0.0003438191,-0.9983664,-0.114078,0.001228237,0.993471,0.14,1.811587,3.74,0,-0.6727939,0,0.73983,-0.9955062,0,0.09469664
saccade,21.3619,0.04345863,0.04143667,-0.05715245,-0.03949266,0.0152084,-0.002702173,-0.9991005,-0.03017601,-0.07899646,0.9964181,0.1095679,0.03953528,-0.0533292,0.0005636495,0.05714315,-0.0003509799,-0.9983658,-0.1140999,0.001085345,0.9934687,0.14,1.811587,3.74,0,-0.6727939,0,0.73983,-0.9955062,0,0.09469664
saccade,21.3727,0.04344976,0.04144073,-0.05715894,-0.04119295,0.01689011,-0.002684464,-0.9990048,-0.03352545,-0.08239459,0.9960358,0.1095589,0.03953576,-0.05333502,0.0005683638,0.0571481,-0.0003238901,-0.9983655,-0.1141098,0.00109785,0.9934676,0.14,1.811587,3.74,0,-0.6727939,0,0.73983,-0.9955062,0,0.09469664
saccade,21.3840,0.04344366,0.04144537,-0.05716717,-0.04113678,0.0169152,-0.002730305,-0.9990066,-0.03357217,-0.0822842,0.9960433,0.1095528,0.03954673,-0.05333945,0.0008821227,0.05937924,-0.0003049904,-0.9982351,-0.1185494,0.001724911,0.9929467,0.14,1.811587,3.74,0,-0.6727939,0,0.73983,-0.9955062,0,0.09469664
saccade,21.3945,0.0434375,0.04144037,-0.05717407,-0.04114597,0.01691288,-0.002725928,-0.9990063,-0.03356782,-0.08230238,0.996042,0.1095466,0.03954089,-0.05334672,0.0008731131,0.05937671,-0.0003003294,-0.9982352,-0.1185444,0.001707479,0.9929473,0.14,1.811587,3.74,0,-0.6727939,0,0.73983,-0.9955062,0,0.09469664
saccade,21.4059,0.04343503,0.04143703,-0.05718052,-0.03962494,0.01907842,-0.002660726,-0.9990289,-0.03790892,-0.07927445,0.9961318,0.1095439,0.03954232,-0.05334674,0.000882661,0.0594249,-0.0003361544,-0.9982324,-0.1186403,0.00172225,0.9929358,0.14,1.811587,3.74,0,-0.6727939,0,0.73983,-0.9955062,0,0.09469664
saccade,21.4174,0.04344923,0.04146528,-0.05723141,-0.03968735,0.01912086,-0.002649087,-0.9990257,-0.03799419,-0.07939868,0.9961186,0.1095577,0.03956866,-0.05339234,0.002438439,0.0609461,-0.0002306255,-0.9981381,-0.1216664,0.004839686,0.9925593,0.14,1.811587,3.74,0,-0.6727939,0,0.73983,-0.9955062,0,0.09469664
saccade,21.4282,0.04344878,0.04147315,-0.0572557,-0.03971981,0.01912345,-0.002643068,-0.9990243,-0.03799961,-0.0794632,0.9961132,0.1095572,0.03957546,-0.05341645,0.00240624,0.06094838,-0.0002231521,-0.9981381,-0.1216709,0.004776317,0.992559,0.14,1.811587,3.74,0,-0.6727939,0,0.73983,-0.9955062,0,0.09469664
saccade,21.4392,0.04344983,0.04148161,-0.05727154,-0.03979308,0.02021178,-0.002554959,-0.9990003,-0.04017982,-0.07960987,0.996016,0.109558,0.0395757,-0.05343059,0.002466233,0.06095946,-0.0001609919,-0.9981372,-0.1216926,0.004903651,0.9925557,0.14,1.811587,3.74,0,-0.6727939,0,0.73983,-0.9955062,0,0.09469664
saccade,21.4509,0.04345234,0.04148161,-0.05728699,-0.03968931,0.02019344,-0.002615708,-0.9990046,-0.04013906,-0.07940526,0.996034,0.1095608,0.0395844,-0.05344772,0.002969133,0.06232671,-0.000177878,-0.9980514,-0.1244116,0.005904521,0.9922131,0.14,1.811587,3.74,0,-0.6727939,0,0.73983,-0.9955062,0,0.09469664
saccade,21.4614,0.04350715,0.04154158,-0.05725795,-0.03967073,0.02023781,-0.002517252,-0.9990047,-0.04023561,-0.07936438,0.9960333,0.1096149,0.03963113,-0.05341326,0.002991831,0.06236678,-7.848541E-05,-0.9980488,-0.1244907,0.005962197,0.9922029,0.14,1.811587,3.74,0,-0.6727939,0,0.73983,-0.9955062,0,0.09469664
saccade,21.4725,0.04350172,0.04154909,-0.05727934,-0.03990213,0.02178791,-0.002464471,-0.998963,-0.04333396,-0.0798289,0.9958662,0.1096097,0.03963637,-0.05343946,0.00305541,0.06232861,-6.200507E-05,-0.998051,-0.1244147,0.006091182,0.9922116,0.14,1.811587,3.74,0,-0.6727939,0,0.73983,-0.9955062,0,0.09469664
saccade,21.4836,0.04351611,0.04156375,-0.0572999,-0.03977282,0.02175407,-0.002397,-0.9989691,-0.04327263,-0.07956792,0.9958898,0.1096241,0.03964293,-0.05346434,0.003752645,0.06368449,5.247205E-05,-0.9979631,-0.1271092,0.007496686,0.9918604,0.14,1.811587,3.74,0,-0.6727939,0,0.73983,-0.9955062,0,0.09469664
saccade,21.4946,0.04354543,0.04158258,-0.0573163,-0.03975467,0.02175801,-0.002413435,-0.9989697,-0.04327929,-0.07953244,0.9958923,0.1096535,0.03966403,-0.05348005,0.003770104,0.06368916,3.547769E-05,-0.9979627,-0.1271185,0.007529365,0.991859,0.14,1.811587,3.74,0,-0.6727939,0,0.73983,-0.9955062,0,0.09469664
saccade,21.5056,0.04356426,0.04161,-0.05734447,-0.04002602,0.02318112,-0.002374993,-0.9989269,-0.04612236,-0.08007625,0.9957211,0.1096726,0.03969038,-0.0535147,0.003677553,0.06364299,4.330056E-05,-0.997966,-0.1270268,0.007345656,0.9918721,0.14,1.811587,3.74,0,-0.6727939,0,0.73983,-0.9955062,0,0.09469664
saccade,21.5169,0.04357867,0.04161859,-0.05737051,-0.03986123,0.02319527,-0.002354641,-0.9989332,-0.04615333,-0.07974665,0.9957461,0.1096869,0.03969705,-0.05353831,0.004264584,0.06450712,9.275538E-05,-0.9979082,-0.1287436,0.008523294,0.9916413,0.14,1.811587,3.74,0,-0.6727939,0,0.73983,-0.9955062,0,0.09469664
saccade,21.5281,0.04358968,0.04164481,-0.0573943,-0.0398221,0.02314672,-0.002370018,-0.9989359,-0.04605542,-0.07966916,0.9957569,0.1096983,0.03972566,-0.05356827,0.004303125,0.06445944,7.364539E-05,-0.997911,-0.1286489,0.008597765,0.9916529,0.14,1.811587,3.74,0,-0.6727939,0,0.73983,-0.9955062,0,0.09469664
saccade,21.5389,0.04362011,0.0416615,-0.05742554,-0.03992509,0.02426419,-0.002351637,-0.9989053,-0.04828748,-0.07987688,0.9956345,0.1097286,0.03974319,-0.05359692,0.004405508,0.06447604,6.673544E-05,-0.9979095,-0.1286819,0.008801203,0.9916469,0.14,1.811587,3.74,0,-0.6727939,0,0.73983,-0.9955062,0,0.09469664
saccade,21.5502,0.04363466,0.04169285,-0.05745393,-0.03993535,0.02417737,-0.002281274,-0.9989071,-0.04811968,-0.07989374,0.9956412,0.1097436,0.03976572,-0.05363721,0.005140573,0.06557025,0.0001871384,-0.9978347,-0.1308546,0.01028342,0.9913482,0.14,1.811587,3.74,0,-0.6727939,0,0.73983,-0.9955062,0,0.09469664
saccade,21.5612,0.0436539,0.04171669,-0.05747166,-0.03982936,0.02419267,-0.002373516,-0.9989108,-0.04814357,-0.0796868,0.9956567,0.109763,0.03980207,-0.05365199,0.00524272,0.0655898,9.137375E-05,-0.9978329,-0.1308944,0.0104747,0.991341,0.14,1.811587,3.74,0,-0.6727939,0,0.73983,-0.9955062,0,0.09469664
saccade,21.5723,0.04366661,0.04170823,-0.05747898,-0.03897455,0.02509433,-0.002326039,-0.9989224,-0.04995327,-0.07798184,0.9957025,0.1097761,0.03979445,-0.05366513,0.00534324,0.06554297,8.496585E-05,-0.9978355,-0.1308013,0.01067449,0.9913511,0.14,1.811587,3.74,0,-0.6727939,0,0.73983,-0.9955062,0,0.09469664
saccade,21.5835,0.04368315,0.04172301,-0.05749159,-0.03885518,0.02507785,-0.002357532,-0.9989274,-0.0499187,-0.07774524,0.9957228,0.1097928,0.03981388,-0.05367928,0.006172667,0.06646199,9.385829E-05,-0.9977699,-0.1326264,0.01233028,0.9910894,0.14,1.811587,3.74,0,-0.6727939,0,0.73983,-0.9955062,0,0.09469664
saccade,21.5947,0.04369631,0.04173458,-0.05749369,-0.03876427,0.02505914,-0.002312954,-0.9989315,-0.04988541,-0.07756162,0.9957387,0.109806,0.03982008,-0.05368372,0.006265435,0.06644144,0.000133748,-0.9977707,-0.132585,0.01252071,0.9910926,0.14,1.811587,3.74,0,-0.6727939,0,0.73983,-0.9955062,0,0.09469664
saccade,21.6065,0.043707,0.04175413,-0.05749851,-0.03940464,0.02542462,-0.002206108,-0.9988974,-0.0506193,-0.07883456,0.9956017,0.1098163,0.03982413,-0.05368992,0.006390274,0.06642694,0.0002492235,-0.9977708,-0.1325545,0.01278517,0.9910933,0.14,1.811587,3.74,0,-0.6727939,0,0.73983,-0.9955062,0,0.09469664
saccade,21.6168,0.04371872,0.04175675,-0.05748584,-0.03927655,0.02536691,-0.002168407,-0.998904,-0.05050788,-0.07857702,0.9956278,0.1098283,0.0398227,-0.05368455,0.006519957,0.06636783,0.0002789555,-0.9977739,-0.1324365,0.01304791,0.9911056,0.14,1.811587,3.74,0,-0.6727939,0,0.73983,-0.9955062,0,0.09469664
saccade,21.6277,0.0437232,0.04173124,-0.05748361,-0.03928844,0.02536662,-0.00209907,-0.9989038,-0.05051269,-0.07859723,0.9956259,0.1098325,0.03978789,-0.05368277,0.006843366,0.06680067,0.0003698964,-0.9977429,-0.1332947,0.01370526,0.9909817,0.14,1.811587,3.74,0,-0.6727939,0,0.73983,-0.9955062,0,0.09469664
saccade,21.6390,0.04372938,0.04168713,-0.05747956,-0.03942555,0.02588537,-0.002127275,-0.9988849,-0.05154528,-0.0788733,0.9955512,0.1098386,0.03974843,-0.05367381,0.006817413,0.06683871,0.0003359057,-0.9977405,-0.1333708,0.01364892,0.9909722,0.14,1.811587,3.74,0,-0.6727939,0,0.73983,-0.9955062,0,0.09469664
saccade,21.6502,0.04373061,0.04163015,-0.05747361,-0.03953673,0.02589943,-0.002187009,-0.99888,-0.05156791,-0.07909819,0.9955322,0.1098399,0.03969884,-0.05366613,0.006703781,0.06685534,0.000281489,-0.9977401,-0.1334047,0.0134149,0.9909708,0.14,1.811587,3.74,0,-0.6727939,0,0.73983,-0.9955062,0,0.09469664
saccade,21.6615,0.04375546,0.04157007,-0.05746885,-0.03973036,0.02598286,-0.002227472,-0.9988701,-0.05173002,-0.0794867,0.9954928,0.1098643,0.03964281,-0.0536509,0.006595336,0.0670449,0.0002582694,-0.9977282,-0.1337818,0.01319534,0.990923,0.14,1.811587,3.74,0,-0.6727939,0,0.73983,-0.9955062,0,0.09469664
saccade,21.6723,0.04376326,0.04152882,-0.05745637,-0.04010054,0.02619106,-0.002223756,-0.9988499,-0.05214352,-0.08022532,0.9954119,0.1098722,0.03960037,-0.05364144,0.006419282,0.06702725,0.0002687045,-0.9977305,-0.1337468,0.01284545,0.9909323,0.14,1.811587,3.74,0,-0.6727939,0,0.73983,-0.9955062,0,0.09469664
saccade,21.6837,0.04377667,0.04150951,-0.05742551,-0.04022777,0.02619658,-0.002158584,-0.9988447,-0.05215897,-0.08047569,0.995391,0.1098854,0.03957188,-0.05361071,0.00629472,0.06702957,0.0003392043,-0.9977311,-0.1337507,0.01260635,0.9909348,0.14,1.811587,3.74,0,-0.6727939,0,0.73983,-0.9955062,0,0.09469664
saccade,21.6946,0.0437655,0.04155552,-0.05738053,-0.04029838,0.02605882,-0.002065133,-0.9988457,-0.05189104,-0.08061136,0.9953939,0.1098749,0.03960598,-0.05358474,0.006534467,0.06722725,0.000447201,-0.9977162,-0.1341416,0.01309921,0.9908756,0.14,1.811587,3.74,0,-0.6727939,0,0.73983,-0.9955062,0,0.09469664
saccade,21.7056,0.04376499,0.04156506,-0.05734693,-0.03974783,0.02647664,-0.001937505,-0.9988571,-0.05273874,-0.0795074,0.9954382,0.1098742,0.03960252,-0.05355435,0.006552864,0.06720193,0.0005451997,-0.9977178,-0.13409,0.01314909,0.9908819,0.14,1.811587,3.74,0,-0.6727939,0,0.73983,-0.9955062,0,0.09469664
saccade,21.7168,0.0437644,0.04156315,-0.05733179,-0.03985194,0.02644465,-0.001982361,-0.9988537,-0.05267067,-0.07971737,0.995425,0.1098741,0.03960633,-0.05354363,0.006446952,0.06717196,0.0005031871,-0.9977205,-0.1340312,0.01293211,0.9908927,0.14,1.811587,3.74,0,-0.6727939,0,0.73983,-0.9955062,0,0.09469664
saccade,21.7281,0.04376097,0.04153502,-0.05733564,-0.0399756,0.02650513,-0.002080095,-0.9988469,-0.05278283,-0.07996928,0.9953989,0.1098705,0.03959024,-0.05353945,0.006602976,0.06786527,0.0004386161,-0.9976726,-0.1354089,0.01323475,0.9907014,0.14,1.811587,3.74,0,-0.6727939,0,0.73983,-0.9955062,0,0.09469664
saccade,21.7390,0.043726,0.04150856,-0.05735642,-0.04002796,0.02684607,-0.002193528,-0.9988354,-0.053454,-0.08008047,0.9953541,0.1098359,0.03957963,-0.05355828,0.006470848,0.06788442,0.0003204753,-0.9976722,-0.1354487,0.01295508,0.9906996,0.14,1.811587,3.74,0,-0.6727939,0,0.73983,-0.9955062,0,0.09469664
saccade,21.7500,0.04371324,0.04148579,-0.05735967,-0.04005671,0.02695797,-0.002192255,-0.9988313,-0.0536773,-0.08013799,0.9953374,0.1098223,0.03955591,-0.05354687,0.006442056,0.06799589,0.000328136,-0.9976648,-0.13567,0.01289865,0.9906701,0.14,1.811587,3.74,0,-0.6727939,0,0.73983,-0.9955062,0,0.09469664
saccade,21.7616,0.04368874,0.04148316,-0.05737332,-0.04008745,0.02698194,-0.002197587,-0.9988294,-0.05372452,-0.08019964,0.9953299,0.1097976,0.03955376,-0.05355743,0.006722758,0.06851236,0.0003478051,-0.9976276,-0.136695,0.01346128,0.9905217,0.14,1.811587,3.74,0,-0.6727939,0,0.73983,-0.9955062,0,0.09469664
saccade,21.7724,0.04366275,0.04150021,-0.05736147,-0.04022059,0.02725536,-0.002225142,-0.9988166,-0.05426722,-0.08046728,0.9952789,0.1097711,0.03957415,-0.05353396,0.006785749,0.06859843,0.0003228872,-0.9976212,-0.1368661,0.01358351,0.9904964,0.14,1.811587,3.74,0,-0.6727939,0,0.73983,-0.9955062,0,0.09469664
saccade,21.7838,0.04363653,0.04150593,-0.05736251,-0.04017501,0.02719925,-0.002173803,-0.9988201,-0.05415966,-0.08037346,0.9952924,0.1097451,0.03957355,-0.05354251,0.006833497,0.06854014,0.0003696006,-0.9976249,-0.1367497,0.0136852,0.9905111,0.14,1.811587,3.74,0,-0.6727939,0,0.73983,-0.9955062,0,0.09469664
saccade,21.7949,0.04361009,0.04150367,-0.0573785,-0.04006549,0.02721947,-0.002071138,-0.9988241,-0.05420897,-0.08014949,0.9953077,0.1097181,0.03955805,-0.05355594,0.00727354,0.06927636,0.000497381,-0.9975709,-0.1382089,0.01458066,0.9902958,0.14,1.811587,3.74,0,-0.6727939,0,0.73983,-0.9955062,0,0.09469664
saccade,21.8058,0.04358327,0.04148924,-0.05740153,-0.04039659,0.02740095,-0.002073569,-0.9988058,-0.05456892,-0.08081032,0.9952346,0.1096911,0.03954291,-0.05357631,0.007319082,0.06929511,0.0005014985,-0.9975693,-0.138246,0.01467208,0.9902892,0.14,1.811587,3.74,0,-0.6727939,0,0.73983,-0.9955062,0,0.09469664
saccade,21.8170,0.0435663,0.04148853,-0.05739653,-0.04039792,0.02749807,-0.002137082,-0.998803,-0.05475765,-0.08081666,0.9952237,0.1096736,0.03955019,-0.05355813,0.007716688,0.07000186,0.0004711361,-0.9975169,-0.1396488,0.01546102,0.9900804,0.14,1.811587,3.74,0,-0.6727939,0,0.73983,-0.9955062,0,0.09469664
saccade,21.8283,0.04353193,0.04144669,-0.05742434,-0.04040934,0.02757628,-0.00225596,-0.9988001,-0.05490405,-0.08084613,0.9952133,0.1096391,0.0395236,-0.053575,0.007700134,0.07008551,0.0003567567,-0.9975112,-0.1398167,0.01541195,0.9900575,0.14,1.811587,3.74,0,-0.6727939,0,0.73983,-0.9955062,0,0.09469664
saccade,21.8391,0.04350105,0.04140496,-0.05746006,-0.0405112,0.02789445,-0.002403572,-0.9987868,-0.05552648,-0.0810582,0.9951615,0.1096085,0.03950179,-0.05360648,0.0076522,0.0701198,0.0002068917,-0.9975092,-0.1398871,0.0152953,0.9900493,0.14,1.811587,3.74,0,-0.6727939,0,0.73983,-0.9955062,0,0.09469664
saccade,21.8503,0.04349902,0.04140246,-0.05746302,-0.04056998,0.02792026,-0.002485434,-0.9987835,-0.05557092,-0.08118004,0.9951491,0.1096066,0.03950977,-0.05360582,0.007589933,0.07014938,0.0001289244,-0.9975076,-0.1399471,0.01516012,0.9900429,0.14,1.811587,3.74,0,-0.6727939,0,0.73983,-0.9955062,0,0.09469664
saccade,21.8612,0.0434898,0.04141569,-0.0574665,-0.04061746,0.02788755,-0.002538017,-0.9987823,-0.055501,-0.08127756,0.995145,0.1095978,0.03952992,-0.05361351,0.007923678,0.07052845,9.963091E-05,-0.9974784,-0.1406996,0.01582145,0.9899259,0.14,1.811587,3.74,0,-0.6727939,0,0.73983,-0.9955062,0,0.09469664
saccade,21.8727,0.04348219,0.04141688,-0.05747233,-0.04066208,0.02788579,-0.002551138,-0.9987805,-0.05549611,-0.08136728,0.9951379,0.1095903,0.03953278,-0.05361968,0.007878505,0.07052728,8.835329E-05,-0.9974788,-0.1406975,0.01572975,0.9899276,0.14,1.811587,3.74,0,-0.6727939,0,0.73983,-0.9955062,0,0.09469664
saccade,21.8833,0.04347621,0.04143155,-0.05747358,-0.0406337,0.02772179,-0.002521125,-0.9987863,-0.05517141,-0.08130854,0.9951608,0.1095838,0.03954256,-0.05361513,0.007841177,0.07057188,0.0001255784,-0.9974759,-0.1407855,0.0156605,0.9899163,0.14,1.811587,3.74,0,-0.6727939,0,0.73983,-0.9955062,0,0.09469664
saccade,21.8946,0.04347366,0.04146528,-0.05745914,-0.04061719,0.02767434,-0.002484288,-0.9987884,-0.05507981,-0.08127347,0.9951687,0.1095815,0.03957176,-0.0536071,0.007789716,0.07070291,0.0001618423,-0.997467,-0.1410451,0.01556286,0.9898809,0.14,1.811587,3.74,0,-0.6727939,0,0.73983,-0.9955062,0,0.09469664
saccade,21.9059,0.04346049,0.04148996,-0.05746435,-0.0404813,0.02778813,-0.002449495,-0.9987908,-0.05531074,-0.08100083,0.9951782,0.109568,0.0395925,-0.05360837,0.007821068,0.07073157,0.0001912336,-0.9974648,-0.1411015,0.01562953,0.9898717,0.14,1.811587,3.74,0,-0.6727939,0,0.73983,-0.9955062,0,0.09469664
saccade,21.9171,0.04346421,0.04148054,-0.05747488,-0.04040511,0.02777638,-0.002523241,-0.9987941,-0.05528187,-0.08085295,0.9951918,0.109572,0.03959322,-0.05361975,0.007894086,0.0707235,0.0001138023,-0.9974648,-0.1410866,0.01576424,0.9898717,0.14,1.811587,3.74,0,-0.6727939,0,0.73983,-0.9955062,0,0.09469664
saccade,21.9329,0.04346329,0.04145956,-0.0574858,-0.04047434,0.02781905,-0.002608276,-0.9987898,-0.05535963,-0.08099584,0.9951758,0.1095711,0.03958297,-0.05362484,0.007789817,0.07093891,3.740122E-05,-0.9974503,-0.1415155,0.01554522,0.989814,0.14,1.811587,3.74,0,-0.6727939,0,0.73983,-0.9955062,0,0.09469664
saccade,21.9436,0.04346659,0.04145491,-0.05745564,-0.03911223,0.02585646,-0.002508538,-0.9988971,-0.05145966,-0.07826792,0.9956034,0.1095739,0.03956389,-0.05359371,0.007799916,0.07094528,0.0001458635,-0.9974498,-0.1415264,0.01558075,0.9898118,0.14,1.811587,3.74,0,-0.6727939,0,0.73983,-0.9955062,0,0.09469664
saccade,21.9546,0.04347337,0.04144323,-0.05744845,-0.0391657,0.02587153,-0.002368851,-0.998895,-0.05150032,-0.07836741,0.9955934,0.1095801,0.0395335,-0.05358548,0.007752763,0.07095367,0.0002883712,-0.9974495,-0.1415409,0.0155069,0.9898109,0.14,1.811587,3.74,0,-0.6727939,0,0.73983,-0.9955062,0,0.09469664
saccade,21.9659,0.04348722,0.04143786,-0.05744018,-0.03918111,0.0258133,-0.002304878,-0.998896,-0.05138898,-0.07839471,0.995597,0.1095942,0.03951991,-0.05358531,0.006693727,0.0617055,7.698651E-05,-0.998072,-0.123172,0.01337114,0.9922953,0.14,1.811587,3.74,0,-0.6727939,0,0.73983,-0.9955062,0,0.09469664
saccade,21.9768,0.043523,0.04143536,-0.05743857,-0.04224448,-0.01307908,-0.003286172,-0.9990163,0.02641007,-0.0843199,0.9960887,0.1096302,0.03950131,-0.05359624,0.006694956,0.06161022,0.0001978524,-0.9980778,-0.1229809,0.01338855,0.9923187,0.14,1.811587,3.74,0,-0.6727939,0,0.73983,-0.9955062,0,0.09469664
saccade,21.9881,0.04355419,0.04143667,-0.05743205,-0.04221939,-0.01311972,-0.003238118,-0.999017,0.02648706,-0.08427081,0.9960908,0.1096616,0.03949678,-0.05359524,-0.005442602,0.01169733,-0.001439688,-0.9999158,-0.02337701,-0.01091797,0.9996671,0.14,1.811587,3.74,0,-0.6727939,0,0.73983,-0.9955062,0,0.09469664
saccade,21.9997,0.04354981,0.04141855,-0.0574365,-0.04223559,-0.01313368,-0.003273761,-0.999016,0.02651805,-0.08430207,0.9960873,0.1096574,0.03948319,-0.05360141,-0.005459681,0.01168464,-0.001475411,-0.9999158,-0.02335121,-0.01095292,0.9996673,0.14,1.811587,3.74,0,-0.6727939,0,0.73983,-0.9955062,0,0.09469664
saccade,22.0104,0.04357012,0.04139578,-0.05743054,-0.04060941,-0.08901694,-0.005319323,-0.9951877,0.1776092,-0.07988095,0.9808537,0.1096784,0.03947604,-0.05359893,-0.005571581,0.01166105,-0.001597799,-0.9999152,-0.02330231,-0.01117948,0.999666,0.14,1.811587,3.74,0,-0.6727939,0,0.73983,-0.9955062,0,0.09469664
saccade,22.0215,0.04357884,0.04136908,-0.05742496,-0.04061119,-0.08901815,-0.005443252,-0.9951869,0.1776215,-0.07986236,0.980853,0.1096875,0.03946543,-0.05359291,-0.02151047,-0.04930417,-0.003812023,-0.9985449,0.09862885,-0.04258244,0.9942128,0.14,1.811587,3.74,0,-0.6727939,0,0.73983,-0.9955062,0,0.09469664
saccade,22.0332,0.04357906,0.04134297,-0.05743039,-0.040418,-0.08907897,-0.005549706,-0.9951887,0.1777494,-0.07945835,0.9808626,0.1096887,0.03945744,-0.05360491,-0.02132156,-0.04936248,-0.003927225,-0.9985456,0.09874884,-0.04219339,0.9942175,0.14,1.811587,3.74,0,-0.6727939,0,0.73983,-0.9955062,0,0.09469664
saccade,22.0442,0.04358834,0.041363,-0.05742881,-0.04224826,-0.1276146,-0.006597649,-0.9909017,0.2534645,-0.08204384,0.9638592,0.1096984,0.03947806,-0.05361133,-0.02130394,-0.04942358,-0.003929262,-0.998543,0.09887054,-0.0421574,0.9942069,0.14,1.811587,3.74,0,-0.6727939,0,0.73983,-0.9955062,0,0.09469664
saccade,22.0552,0.04359619,0.04138529,-0.05740964,-0.04222081,-0.1276808,-0.006577301,-0.9908945,0.2535919,-0.08199315,0.96383,0.1097067,0.03949881,-0.05360094,-0.03051853,-0.07983474,-0.004982929,-0.9963284,0.1593874,-0.06001734,0.9853901,0.14,1.811587,3.74,0,-0.6727939,0,0.73983,-0.9955062,0,0.09469664
saccade,22.0660,0.04360485,0.04140854,-0.05739115,-0.0421852,-0.1277047,-0.006495779,-0.9908934,0.2536315,-0.08194299,0.9638239,0.1097153,0.0395124,-0.05358583,-0.03047903,-0.07985956,-0.004903506,-0.996328,0.1594315,-0.05995104,0.985387,0.14,1.811587,3.74,0,-0.6727939,0,0.73983,-0.9955062,0,0.09469664
saccade,22.0773,0.04361155,0.04144073,-0.05739274,-0.04329938,-0.138895,-0.006717211,-0.9893373,0.2754097,-0.0838094,0.9576667,0.1097222,0.03953266,-0.05359584,-0.03045418,-0.07992125,-0.004806694,-0.9963243,0.1595477,-0.05991616,0.9853703,0.14,1.811587,3.74,0,-0.6727939,0,0.73983,-0.9955062,0,0.09469664
saccade,22.0881,0.04361178,0.04145885,-0.05740435,-0.04327168,-0.138859,-0.006689701,-0.9893438,0.2753375,-0.08376329,0.9576915,0.109722,0.03954768,-0.05360264,-0.03018804,-0.08249212,-0.00483994,-0.9961227,0.1646367,-0.05934348,0.9845675,0.14,1.811587,3.74,0,-0.6727939,0,0.73983,-0.9955062,0,0.09469664
saccade,22.0995,0.04359682,0.04150724,-0.05738369,-0.04325786,-0.1388158,-0.006683805,-0.9893505,0.2752531,-0.08373874,0.9577179,0.1097067,0.03959537,-0.05357617,-0.03017388,-0.08244865,-0.004834253,-0.9961267,0.1645503,-0.05931686,0.9845835,0.14,1.811587,3.74,0,-0.6727939,0,0.73983,-0.9955062,0,0.09469664
saccade,22.1108,0.04358567,0.04153204,-0.05738694,-0.0440011,-0.1439998,-0.00687612,-0.9885751,0.2853143,-0.08501647,0.9546559,0.1096952,0.03962588,-0.05357123,-0.03011379,-0.08239005,-0.004870629,-0.9961332,0.1644363,-0.0591921,0.9846101,0.14,1.811587,3.74,0,-0.6727939,0,0.73983,-0.9955062,0,0.09469664
saccade,22.1213,0.04358133,0.04154956,-0.05739688,-0.04393754,-0.1439758,-0.006859703,-0.9885815,0.2852665,-0.08489642,0.9546809,0.1096907,0.03964281,-0.05357771,-0.03137311,-0.08607794,-0.00499385,-0.9957818,0.171743,-0.06162182,0.9832126,0.14,1.811587,3.74,0,-0.6727939,0,0.73983,-0.9955062,0,0.09469664
saccade,22.1325,0.0435584,0.04155397,-0.05738476,-0.04388751,-0.1439645,-0.006811959,-0.9885858,0.2852404,-0.08481177,0.9546962,0.1096675,0.03964221,-0.05356404,-0.03132034,-0.08606693,-0.004948955,-0.9957847,0.1717183,-0.06152476,0.983223,0.14,1.811587,3.74,0,-0.6727939,0,0.73983,-0.9955062,0,0.09469664
saccade,22.1438,0.04354525,0.04155517,-0.05738254,-0.04463487,-0.1472077,-0.006946084,-0.9880736,0.2915241,-0.08616004,0.9526752,0.1096546,0.03964853,-0.05356319,-0.0312703,-0.08607997,-0.004979603,-0.9957849,0.1717457,-0.06141969,0.9832248,0.14,1.811587,3.74,0,-0.6727939,0,0.73983,-0.9955062,0,0.09469664
saccade,22.1551,0.04354408,0.04155135,-0.05738251,-0.0446582,-0.1472374,-0.006946722,-0.9880681,0.2915817,-0.08620505,0.9526536,0.1096537,0.03964424,-0.05356725,-0.03129365,-0.08611,-0.004979219,-0.9957816,0.1718052,-0.06146576,0.9832116,0.14,1.811587,3.74,0,-0.6727939,0,0.73983,-0.9955062,0,0.09469664
saccade,22.1660,0.0435329,0.04154384,-0.05738737,-0.044656,-0.1473138,-0.006956924,-0.9880568,0.2917301,-0.08619563,0.952609,0.1096431,0.03963864,-0.05358224,-0.03294263,-0.08605297,-0.005038481,-0.9957331,0.1717035,-0.06473698,0.9830194,0.14,1.811587,3.74,0,-0.6727939,0,0.73983,-0.9955062,0,0.09469664
saccade,22.1769,0.04357544,0.04153275,-0.0573735,-0.0439532,-0.1501108,-0.007028023,-0.9876667,0.2971367,-0.08471225,0.9510697,0.1096857,0.03963017,-0.05356752,-0.032956,-0.08604668,-0.005059922,-0.9957331,0.1716926,-0.06475997,0.9830198,0.14,1.811587,3.74,0,-0.6727939,0,0.73983,-0.9955062,0,0.09469664
saccade,22.1883,0.04357767,0.0415163,-0.05736981,-0.0440503,-0.1501111,-0.007048396,-0.9876622,0.2971391,-0.08489755,0.9510525,0.1096879,0.0396136,-0.05356431,-0.03305425,-0.0860471,-0.005073996,-0.9957297,0.1716947,-0.064953,0.9830067,0.14,1.811587,3.74,0,-0.6727939,0,0.73983,-0.9955062,0,0.09469664
saccade,22.1997,0.04357765,0.04148901,-0.05736496,-0.04410332,-0.150149,-0.007025386,-0.9876543,0.2972102,-0.08500797,0.9510204,0.1096881,0.03958213,-0.05356492,-0.03362454,-0.08911608,-0.005141718,-0.9954402,0.1777653,-0.06602602,0.9818555,0.14,1.811587,3.74,0,-0.6727939,0,0.73983,-0.9955062,0,0.09469664
saccade,22.2138,0.04358338,0.04146588,-0.05733643,-0.04197857,-0.1568097,-0.007157008,-0.9867104,0.3100524,-0.0805968,0.947297,0.1096939,0.0395596,-0.05353666,-0.03375107,-0.08911406,-0.005164808,-0.9954361,0.1777633,-0.06627355,0.9818391,0.14,1.811587,3.74,0,-0.6727939,0,0.73983,-0.9955062,0,0.09469664
saccade,22.2253,0.04358081,0.04144883,-0.05731226,-0.04206085,-0.15683,-0.007223776,-0.9867032,0.310097,-0.08073734,0.9472705,0.1096916,0.03954887,-0.05351533,-0.03363669,-0.09278843,-0.005314048,-0.9951034,0.1850256,-0.0659578,0.9805177,0.14,1.811587,3.74,0,-0.6727939,0,0.73983,-0.9955062,0,0.09469664
saccade,22.2382,0.04357854,0.04141033,-0.0572939,-0.04207369,-0.1568263,-0.007197302,-0.9867034,0.3100878,-0.08077106,0.9472706,0.1096892,0.03950655,-0.05349668,-0.0336478,-0.09278501,-0.005286769,-0.9951034,0.1850171,-0.06598502,0.9805176,0.14,1.811587,3.74,0,-0.6727939,0,0.73983,-0.9955062,0,0.09469664
saccade,22.2479,0.04357454,0.0413847,-0.05729018,-0.04374715,-0.1624002,-0.007402996,-0.985727,0.3208122,-0.083841,0.9434248,0.1096858,0.039482,-0.05350133,-0.03368466,-0.09284706,-0.005298201,-0.9950964,0.1851405,-0.06605513,0.9804896,0.14,1.811587,3.74,0,-0.6727939,0,0.73983,-0.9955062,0,0.09469664
saccade,22.2576,0.04357807,0.04136658,-0.05725351,-0.04378115,-0.1623675,-0.007415089,-0.9857308,0.3207505,-0.08390491,0.94344,0.1096891,0.03946435,-0.05346042,-0.03592212,-0.09488364,-0.005429367,-0.9948252,0.1891753,-0.07044214,0.9794134,0.14,1.811587,3.74,0,-0.6727939,0,0.73983,-0.9955062,0,0.09469664
saccade,22.2693,0.04357335,0.04134512,-0.05724461,-0.04385546,-0.1623665,-0.007438863,-0.9857274,0.3207507,-0.08404341,0.9434276,0.1096844,0.03944373,-0.05345169,-0.03599789,-0.09488271,-0.005448022,-0.9948225,0.1891751,-0.07058918,0.9794028,0.14,1.811587,3.74,0,-0.6727939,0,0.73983,-0.9955062,0,0.09469664
saccade,22.2858,0.04355853,0.04132664,-0.05724554,-0.04392354,-0.1657609,-0.007563088,-0.9851583,0.3272658,-0.08403595,0.9411881,0.1096697,0.03942752,-0.05345498,-0.0360946,-0.09489788,-0.005479082,-0.9948174,0.1892077,-0.07077517,0.9793832,0.14,1.811587,3.74,0,-0.6727939,0,0.73983,-0.9955062,0,0.09469664
saccade,22.2920,0.04353864,0.04129004,-0.05725141,-0.04407654,-0.1656895,-0.007671545,-0.9851627,0.3271385,-0.08430292,0.9412085,0.1096496,0.03939998,-0.05345162,-0.03799555,-0.09696577,-0.005685877,-0.994546,0.1933059,-0.07447398,0.978308,0.14,1.811587,3.74,0,-0.6727939,0,0.73983,-0.9955062,0,0.09469664
saccade,22.2998,0.04353864,0.04129004,-0.05725141,-0.04407654,-0.1656895,-0.007671545,-0.9851627,0.3271385,-0.08430292,0.9412085,0.1096496,0.03939998,-0.05345162,-0.03799555,-0.09696577,-0.005685877,-0.994546,0.1933059,-0.07447398,0.978308,0.14,1.811587,3.74,0,-0.6727939,0,0.73983,-0.9955062,0,0.09469664
saccade,22.3104,0.04352509,0.04128551,-0.0572654,-0.04426635,-0.1673482,-0.007763349,-0.984873,0.3303207,-0.08459511,0.9400702,0.1096354,0.03939831,-0.05345255,-0.03806288,-0.09686603,-0.005722604,-0.9945529,0.1931124,-0.07460244,0.9783364,0.14,1.811587,3.74,0,-0.6727939,0,0.73983,-0.9955062,0,0.09469664
saccade,22.3216,0.04350764,0.04128623,-0.05727781,-0.04425608,-0.167331,-0.007778609,-0.9848763,0.3302891,-0.08457033,0.9400835,0.1096178,0.03940117,-0.0534625,-0.03853419,-0.09852377,-0.005797428,-0.9943715,0.1963852,-0.07549224,0.9776164,0.14,1.811587,3.74,0,-0.6727939,0,0.73983,-0.9955062,0,0.09469664
saccade,22.3330,0.04349631,0.0412792,-0.05727644,-0.04424431,-0.167277,-0.007770339,-0.9848861,0.3301852,-0.08455162,0.9401217,0.1096061,0.03939319,-0.05345388,-0.03852181,-0.09846932,-0.005789658,-0.9943774,0.1962774,-0.07547023,0.9776397,0.14,1.811587,3.74,0,-0.6727939,0,0.73983,-0.9955062,0,0.09469664
saccade,22.3438,0.04349158,0.04128087,-0.05728119,-0.04305267,-0.1698185,-0.007748377,-0.984504,0.3350411,-0.08213942,0.9386163,0.1096008,0.03938878,-0.05345311,-0.0384854,-0.09842733,-0.005738666,-0.9943833,0.1961907,-0.07540879,0.9776618,0.14,1.811587,3.74,0,-0.6727939,0,0.73983,-0.9955062,0,0.09469664
saccade,22.3547,0.04348186,0.04129624,-0.05730556,-0.04297259,-0.1698171,-0.007742067,-0.9845078,0.3350379,-0.08198423,0.938631,0.1095911,0.0394057,-0.05347686,-0.03725026,-0.1000781,-0.005745231,-0.9942654,0.1994365,-0.07292335,0.9771936,0.14,1.811587,3.74,0,-0.6727939,0,0.73983,-0.9955062,0,0.09469664
saccade,22.3663,0.04347438,0.04131877,-0.05732039,-0.04286982,-0.1698016,-0.0077135,-0.9845151,0.3350059,-0.08179246,0.9386592,0.1095835,0.03942752,-0.05348917,-0.0371457,-0.1000623,-0.005723868,-0.9942711,0.1994034,-0.0727203,0.9772155,0.14,1.811587,3.74,0,-0.6727939,0,0.73983,-0.9955062,0,0.09469664
saccade,22.3776,0.04349291,0.04132187,-0.05733739,-0.04289028,-0.1706162,-0.007676173,-0.9843737,0.3365588,-0.08182077,0.9381011,0.1096019,0.03942513,-0.05350727,-0.03706292,-0.1000719,-0.005668405,-0.9942735,0.1994178,-0.07256686,0.9772239,0.14,1.811587,3.74,0,-0.6727939,0,0.73983,-0.9955062,0,0.09469664
saccade,22.3895,0.04349556,0.04133379,-0.0573568,-0.04283586,-0.1706384,-0.007630403,-0.9843727,0.3365972,-0.08172882,0.9380953,0.1096046,0.039433,-0.05352955,-0.03713009,-0.1008869,-0.00565118,-0.9941887,0.2010208,-0.07268838,0.9768864,0.14,1.811587,3.74,0,-0.6727939,0,0.73983,-0.9955062,0,0.09469664
saccade,22.3995,0.04349184,0.04134679,-0.05737132,-0.04286508,-0.1706049,-0.00769175,-0.9843767,0.3365384,-0.08176628,0.9381131,0.1096008,0.03945267,-0.05353945,-0.03716353,-0.1008528,-0.005710109,-0.9941906,0.2009582,-0.07274351,0.9768952,0.14,1.811587,3.74,0,-0.6727939,0,0.73983,-0.9955062,0,0.09469664
saccade,22.4102,0.04348899,0.04134595,-0.0573901,-0.04279669,-0.1706587,-0.007675009,-0.9843705,0.3366397,-0.08163597,0.9380881,0.1095984,0.03945208,-0.05356514,-0.03709417,-0.100907,-0.005698557,-0.9941878,0.2010637,-0.07260709,0.9768836,0.14,1.811587,3.74,0,-0.6727939,0,0.73983,-0.9955062,0,0.09469664
saccade,22.4216,0.0434941,0.041345,-0.0573746,-0.04289634,-0.1719075,-0.007706059,-0.9841485,0.3390261,-0.08178329,0.9372154,0.109603,0.03944921,-0.05354273,-0.03712639,-0.1008535,-0.005691376,-0.9941921,0.200958,-0.07267353,0.9769004,0.14,1.811587,3.74,0,-0.6727939,0,0.73983,-0.9955062,0,0.09469664
saccade,22.4333,0.04349305,0.04136169,-0.05739226,-0.04286339,-0.1719837,-0.007726427,-0.9841365,0.3391732,-0.08170922,0.9371687,0.1096027,0.03946996,-0.05357032,-0.03710749,-0.1009793,-0.005716189,-0.9941798,0.2012073,-0.07262861,0.9768524,0.14,1.811587,3.74,0,-0.6727939,0,0.73983,-0.9955062,0,0.09469664
saccade,22.4440,0.04349313,0.04136431,-0.05740716,-0.0428151,-0.1720159,-0.007704695,-0.9841331,0.3392329,-0.08162086,0.9371548,0.109603,0.03947151,-0.05358937,-0.03705779,-0.1010118,-0.005698177,-0.9941785,0.2012699,-0.07253294,0.9768467,0.14,1.811587,3.74,0,-0.6727939,0,0.73983,-0.9955062,0,0.09469664
saccade,22.4549,0.04350429,0.04137743,-0.05739027,-0.04264054,-0.1727871,-0.007750391,-0.9840053,0.3407077,-0.08123869,0.9366528,0.1096145,0.0394913,-0.05357536,-0.0369683,-0.1010381,-0.005734081,-0.994179,0.2013239,-0.07234749,0.9768493,0.14,1.811587,3.74,0,-0.6727939,0,0.73983,-0.9955062,0,0.09469664
saccade,22.4661,0.04351033,0.04138505,-0.05738051,-0.04258408,-0.1727976,-0.007815081,-0.9840054,0.3407331,-0.08110507,0.9366552,0.1096209,0.03950906,-0.05356638,-0.03698225,-0.1025846,-0.005844219,-0.9940194,0.2043744,-0.07232309,0.9762174,0.14,1.811587,3.74,0,-0.6727939,0,0.73983,-0.9955062,0,0.09469664
saccade,22.4771,0.04351067,0.04138851,-0.05738383,-0.04260872,-0.1737354,-0.007872634,-0.9838387,0.3425261,-0.08110471,0.936001,0.1096214,0.039518,-0.05356966,-0.0369347,-0.1025873,-0.005879125,-0.9940208,0.2043821,-0.07222147,0.9762233,0.14,1.811587,3.74,0,-0.6727939,0,0.73983,-0.9955062,0,0.09469664
saccade,22.4883,0.04350402,0.04139566,-0.05738708,-0.04257314,-0.1737372,-0.007854961,-0.98384,0.342528,-0.08104092,0.9360058,0.1096147,0.03952408,-0.05357303,-0.03689794,-0.102589,-0.005864064,-0.994022,0.2043843,-0.07215155,0.9762281,0.14,1.811587,3.74,0,-0.6727939,0,0.73983,-0.9955062,0,0.09469664
saccade,22.4993,0.04350547,0.04141855,-0.05734175,-0.0425982,-0.1737217,-0.007851505,-0.9838418,0.3424983,-0.08109183,0.9360123,0.109616,0.03954566,-0.05352578,-0.03671796,-0.1031374,-0.005866782,-0.9939719,0.2054622,-0.07178307,0.9760289,0.14,1.811587,3.74,0,-0.6727939,0,0.73983,-0.9955062,0,0.09469664
saccade,22.5105,0.04349635,0.04141629,-0.05734153,-0.04361109,-0.1747768,-0.007881029,-0.9836102,0.3445119,-0.08303779,0.9351023,0.1096065,0.03953838,-0.05352196,-0.03675485,-0.1031078,-0.00583542,-0.9939738,0.2054018,-0.07186335,0.9760357,0.14,1.811587,3.74,0,-0.6727939,0,0.73983,-0.9955062,0,0.09469664
saccade,22.5225,0.04348262,0.0413841,-0.05735166,-0.04379413,-0.1747306,-0.0078313,-0.9836107,0.3444198,-0.083416,0.9351026,0.1095922,0.03949392,-0.0535272,-0.03693379,-0.1030621,-0.00577224,-0.9939722,0.2053081,-0.07223253,0.9760282,0.14,1.811587,3.74,0,-0.6727939,0,0.73983,-0.9955062,0,0.09469664
saccade,22.5330,0.0434914,0.04134429,-0.05733273,-0.04382458,-0.1746864,-0.007977871,-0.9836161,0.3443479,-0.08342587,0.9351282,0.1096011,0.03947175,-0.05350178,-0.03758516,-0.1029911,-0.005934318,-0.9939542,0.205183,-0.07349349,0.9759604,0.14,1.811587,3.74,0,-0.6727939,0,0.73983,-0.9955062,0,0.09469664
saccade,22.5437,0.04349371,0.04129004,-0.05731453,-0.04450407,-0.1759376,-0.008041407,-0.983362,0.3467365,-0.08469764,0.9341307,0.1096029,0.03941596,-0.05347665,-0.03767579,-0.1029357,-0.005938783,-0.9939565,0.2050748,-0.07367356,0.9759696,0.14,1.811587,3.74,0,-0.6727939,0,0.73983,-0.9955062,0,0.09469664
saccade,22.5549,0.04349163,0.0412643,-0.05730493,-0.04455107,-0.175907,-0.008042366,-0.9833653,0.3466782,-0.08479053,0.9341439,0.1096006,0.03938866,-0.05346321,-0.03772271,-0.102905,-0.00593605,-0.9939579,0.2050142,-0.07376786,0.9759752,0.14,1.811587,3.74,0,-0.6727939,0,0.73983,-0.9955062,0,0.09469664
saccade,22.5669,0.04350128,0.04126203,-0.05728707,-0.0446525,-0.1759241,-0.008009078,-0.9833579,0.3467079,-0.0850008,0.9341137,0.1096102,0.03937912,-0.05344841,-0.03782146,-0.1029228,-0.005895505,-0.9939526,0.2050467,-0.07397191,0.9759529,0.14,1.811587,3.74,0,-0.6727939,0,0.73983,-0.9955062,0,0.09469664
saccade,22.5774,0.04351647,0.04127848,-0.05723397,-0.04496825,-0.1767565,-0.007896724,-0.9831951,0.3482825,-0.08563352,0.93347,0.1096255,0.03937602,-0.05340738,-0.03781585,-0.1036069,-0.005765847,-0.9938825,0.2063822,-0.07397426,0.9756712,0.14,1.811587,3.74,0,-0.6727939,0,0.73983,-0.9955062,0,0.09469664
saccade,22.5887,0.04354176,0.04128432,-0.05719115,-0.0452522,-0.1767987,-0.007724167,-0.9831759,0.3483476,-0.0862505,0.9333889,0.1096504,0.03935111,-0.05337276,-0.03808641,-0.1036517,-0.005573124,-0.9938685,0.2064569,-0.07455044,0.9756115,0.14,1.811587,3.74,0,-0.6727939,0,0.73983,-0.9955062,0,0.09469664
saccade,22.5996,0.04355499,0.04127014,-0.05719167,-0.04522948,-0.1768713,-0.007831178,-0.9831631,0.3484951,-0.08616567,0.9333417,0.1096646,0.03935194,-0.05338234,-0.03807361,-0.1041333,-0.005692937,-0.993818,0.2074127,-0.07449085,0.9754133,0.14,1.811587,3.74,0,-0.6727939,0,0.73983,-0.9955062,0,0.09469664
saccade,22.6110,0.04357915,0.0412544,-0.05717298,-0.04574274,-0.1773504,-0.007927306,-0.9830522,0.3494147,-0.08712317,0.9329088,0.1096886,0.03933966,-0.05335838,-0.03825399,-0.1040887,-0.005751271,-0.9938154,0.20733,-0.07483753,0.9754043,0.14,1.811587,3.74,0,-0.6727939,0,0.73983,-0.9955062,0,0.09469664
saccade,22.6218,0.04359921,0.0412432,-0.05716113,-0.04581888,-0.1773378,-0.008006007,-0.9830502,0.3493976,-0.08724498,0.9329038,0.1097087,0.0393362,-0.05334489,-0.03833576,-0.1040757,-0.005824022,-0.9938133,0.2073102,-0.0749849,0.9753972,0.14,1.811587,3.74,0,-0.6727939,0,0.73983,-0.9955062,0,0.09469664
saccade,22.6331,0.04359681,0.04124188,-0.05717621,-0.04589324,-0.1773355,-0.00804622,-0.9830469,0.3493969,-0.08737667,0.9328918,0.1097519,0.04356241,-0.05025861,-0.03866488,-0.1044265,-0.005875908,-0.9937634,0.2080049,-0.07562028,0.9752002,0.14,1.811587,3.74,0,-0.6727939,0,0.73983,-0.9955062,0,0.09469664
saccade,22.6440,0.04360234,0.04125273,-0.05719011,-0.04630946,-0.1779246,-0.008090224,-0.9829206,0.3505208,-0.08815814,0.9323965,0.1097579,0.04357421,-0.0502774,-0.0387051,-0.104465,-0.005890867,-0.9937577,0.2080818,-0.07569619,0.9751779,0.14,1.811587,3.74,0,-0.6727939,0,0.73983,-0.9955062,0,0.09469664
saccade,22.6553,0.04361606,0.04125619,-0.05716678,-0.04618426,-0.1779712,-0.008103763,-0.9829179,0.3506108,-0.08790621,0.9323865,0.109772,0.04358435,-0.05026054,-0.03858127,-0.1045116,-0.005914035,-0.9937574,0.2081747,-0.07544468,0.9751776,0.14,1.811587,3.74,0,-0.6727939,0,0.73983,-0.9955062,0,0.09469664
saccade,22.6662,0.0436141,0.04127538,-0.05716409,-0.04607438,-0.1780688,-0.008002035,-0.9829063,0.3507872,-0.08772376,0.9323373,0.1097718,0.04359531,-0.0502719,-0.03828488,-0.1048402,-0.00582208,-0.9937348,0.2088125,-0.07486925,0.9750856,0.14,1.811587,3.74,0,-0.6727939,0,0.73983,-0.9955062,0,0.09469664
saccade,22.6774,0.04361268,0.04129159,-0.05716156,-0.04590574,-0.1783253,-0.007888138,-0.9828686,0.3512649,-0.08742531,0.9321855,0.1097706,0.04360294,-0.05026799,-0.03808184,-0.1048204,-0.005714687,-0.9937454,0.2087648,-0.07448927,0.9751249,0.14,1.811587,3.74,0,-0.6727939,0,0.73983,-0.9955062,0,0.09469664
saccade,22.6883,0.04359611,0.04129839,-0.05717394,-0.0458686,-0.1783327,-0.007873945,-0.982869,0.3512776,-0.08735729,0.9321871,0.1097541,0.0436095,-0.05028155,-0.03804374,-0.1048278,-0.005703353,-0.9937461,0.2087784,-0.07441589,0.9751276,0.14,1.811587,3.74,0,-0.6727939,0,0.73983,-0.9955062,0,0.09469664
saccade,22.6997,0.04356978,0.04125762,-0.05718315,-0.04576606,-0.1782707,-0.007957678,-0.9828844,0.3511673,-0.08712825,0.9322501,0.1097264,0.0435828,-0.05028212,-0.03801621,-0.1045916,-0.005791552,-0.9937716,0.2083206,-0.07434735,0.9752308,0.14,1.811587,3.74,0,-0.6727939,0,0.73983,-0.9955062,0,0.09469664
saccade,22.7110,0.04354556,0.04122436,-0.05720358,-0.04569794,-0.1782407,-0.008031475,-0.9828924,0.3511169,-0.08696924,0.9322839,0.1097013,0.04356122,-0.0502982,-0.03795371,-0.1045605,-0.005869959,-0.9937767,0.2082651,-0.0742075,0.9752532,0.14,1.811587,3.74,0,-0.6727939,0,0.73983,-0.9955062,0,0.09469664
saccade,22.7222,0.04352042,0.04121411,-0.05722927,-0.0462169,-0.1782273,-0.008194488,-0.9828693,0.3511057,-0.08792938,0.932198,0.1096736,0.0435667,-0.05030413,-0.03801624,-0.1044192,-0.006009685,-0.9937884,0.2079981,-0.07430515,0.9753028,0.14,1.811587,3.74,0,-0.6727939,0,0.73983,-0.9955062,0,0.09469664
saccade,22.7331,0.04349957,0.0411706,-0.05721924,-0.04620864,-0.1781455,-0.008226183,-0.9828842,0.350953,-0.08790457,0.9322579,0.1096514,0.04352701,-0.05028293,-0.03844217,-0.104208,-0.006051354,-0.9937939,0.2075877,-0.07514599,0.9753258,0.14,1.811587,3.74,0,-0.6727939,0,0.73983,-0.9955062,0,0.09469664
saccade,22.7439,0.04348458,0.04115582,-0.05722467,-0.04617947,-0.1781202,-0.008264175,-0.9828898,0.3509084,-0.08783464,0.9322813,0.1096358,0.04351807,-0.05028478,-0.03841588,-0.104182,-0.006091201,-0.9937974,0.2075396,-0.07508601,0.9753407,0.14,1.811587,3.74,0,-0.6727939,0,0.73983,-0.9955062,0,0.09469664
saccade,22.7550,0.04346967,0.0411483,-0.05722886,-0.04638551,-0.1787085,-0.008281212,-0.9827732,0.3520282,-0.08821302,0.9318233,0.1096209,0.04350984,-0.05028888,-0.03841699,-0.1041811,-0.006086395,-0.9937975,0.2075375,-0.07508924,0.9753408,0.14,1.811587,3.74,0,-0.6727939,0,0.73983,-0.9955062,0,0.09469664
saccade,22.7661,0.04346727,0.04114556,-0.05723124,-0.04636247,-0.1786782,-0.008307392,-0.9827796,0.351973,-0.08815948,0.9318492,0.109618,0.04351115,-0.05028706,-0.03877859,-0.1044021,-0.006132572,-0.99376,0.2079769,-0.07579271,0.9751928,0.14,1.811587,3.74,0,-0.6727939,0,0.73983,-0.9955062,0,0.09469664
saccade,22.7772,0.04346862,0.04112923,-0.05719868,-0.04637766,-0.1786935,-0.008313728,-0.982776,0.3520025,-0.08818648,0.9318355,0.1096195,0.04349518,-0.05025648,-0.03879424,-0.1044175,-0.006137875,-0.9937577,0.2080077,-0.07582234,0.975184,0.14,1.811587,3.74,0,-0.6727939,0,0.73983,-0.9955062,0,0.09469664
saccade,22.7884,0.04346069,0.04113078,-0.05720002,-0.04639916,-0.178797,-0.008230076,-0.9827569,0.3521917,-0.08825516,0.9317575,0.109612,0.0434866,-0.05025887,-0.03875501,-0.1044209,-0.006052636,-0.9937594,0.2080076,-0.07576227,0.9751887,0.14,1.811587,3.74,0,-0.6727939,0,0.73983,-0.9955062,0,0.09469664
saccade,22.7995,0.04346444,0.04113269,-0.05720628,-0.04638053,-0.1788068,-0.008259024,-0.9827557,0.352213,-0.08820794,0.9317539,0.1096158,0.04349303,-0.0502663,-0.03699014,-0.1011617,-0.005942762,-0.9941643,0.2015824,-0.0723462,0.9767961,0.14,1.811587,3.74,0,-0.6727939,0,0.73983,-0.9955062,0,0.09469664
saccade,22.8106,0.04346476,0.04112697,-0.05722044,-0.0464817,-0.17876,-0.008271107,-0.9827594,0.352125,-0.08840356,0.9317687,0.1096155,0.04348481,-0.05027384,-0.03709192,-0.1011147,-0.00594641,-0.9941654,0.2014906,-0.07254847,0.9768,0.14,1.811587,3.74,0,-0.6727939,0,0.73983,-0.9955062,0,0.09469664
saccade,22.8218,0.04348543,0.04115677,-0.05716521,-0.04566967,-0.1652633,-0.007926775,-0.9851596,0.3263455,-0.08736382,0.9412046,0.1096347,0.04352093,-0.05020673,-0.03699916,-0.1010243,-0.005979412,-0.9941778,0.2013146,-0.07235935,0.9768503,0.14,1.811587,3.74,0,-0.6727939,0,0.73983,-0.9955062,0,0.09469664
saccade,22.8326,0.0434874,0.04119122,-0.05716627,-0.04569007,-0.1653197,-0.007863692,-0.9851497,0.3264478,-0.08742307,0.9411637,0.1096378,0.04354692,-0.05021571,-0.03701549,-0.1010817,-0.005915662,-0.9941717,0.2014231,-0.07240358,0.9768247,0.14,1.811587,3.74,0,-0.6727939,0,0.73983,-0.9955062,0,0.09469664
saccade,22.8443,0.0434973,0.04117954,-0.05716037,-0.04459646,-0.09375937,-0.005857167,-0.9945784,0.1870245,-0.08761103,0.9784406,0.109648,0.0435226,-0.0502086,-0.02664134,-0.05591904,-0.004302667,-0.9980706,0.1118516,-0.05269866,0.9923266,0.14,1.811587,3.74,0,-0.6727939,0,0.73983,-0.9955062,0,0.09469664
saccade,22.8550,0.0435294,0.04117811,-0.05710869,-0.04452361,-0.09379972,-0.005705222,-0.9945787,0.1870904,-0.08749417,0.9784385,0.1096814,0.0435034,-0.05016347,-0.02656272,-0.05596198,-0.004154349,-0.9980709,0.1119288,-0.05255798,0.9923254,0.14,1.811587,3.74,0,-0.6727939,0,0.73983,-0.9955062,0,0.09469664
saccade,22.8660,0.043551,0.04117644,-0.05708525,-0.04445397,-0.09388692,-0.005594849,-0.9945742,0.1872525,-0.08737498,0.9784182,0.1097047,0.04348969,-0.05015253,0.0002524443,0.04620683,-0.0005384021,-0.9989318,-0.09231521,0.0004545936,0.9957297,0.14,1.811587,3.74,0,-0.6727939,0,0.73983,-0.9955062,0,0.09469664
saccade,22.8772,0.04357559,0.04116666,-0.05707978,-0.04414585,0.04535127,-0.001825854,-0.9979935,-0.09035933,-0.08828016,0.9919888,0.1097304,0.04346335,-0.05015166,0.0002595149,0.04617217,-0.0004128443,-0.9989334,-0.09224606,0.0004803524,0.9957361,0.14,1.811587,3.74,0,-0.6727939,0,0.73983,-0.9955062,0,0.09469664
saccade,22.8885,0.04358797,0.04114604,-0.05707828,-0.0443012,0.04525899,-0.001899302,-0.9979907,-0.09016781,-0.08859631,0.991978,0.1097436,0.04345179,-0.05016123,0.0001040772,0.04608334,-0.000490199,-0.9989375,-0.09206886,0.0001627532,0.9957526,0.14,1.811587,3.74,0,-0.6727939,0,0.73983,-0.9955062,0,0.09469664
saccade,22.8994,0.0436201,0.04110181,-0.05702745,-0.04433765,0.04532174,-0.001981279,-0.9979861,-0.09028524,-0.0886763,0.9919602,0.1097745,0.04341769,-0.05010147,0.02969958,0.1405619,0.00286031,-0.9896222,-0.2780365,0.05958682,0.9587206,0.14,1.811587,3.74,0,-0.6727939,0,0.73983,-0.9955062,0,0.09469664
saccade,22.9104,0.04362918,0.04106629,-0.05702325,-0.04034565,0.1221766,0.0001217569,-0.9916881,-0.2423319,-0.07999084,0.9668902,0.1097839,0.04339063,-0.05010391,0.02962106,0.1405117,0.002798658,-0.9896319,-0.2779439,0.05941438,0.9587581,0.14,1.811587,3.74,0,-0.6727939,0,0.73983,-0.9955062,0,0.09469664
saccade,22.9220,0.0436387,0.04104543,-0.05701233,-0.04046894,0.1221407,-1.390604E-05,-0.9916874,-0.2422497,-0.08026848,0.9668878,0.1097932,0.04338837,-0.05009646,0.02949529,0.1404862,0.002663148,-0.9896396,-0.2779044,0.05912769,0.9587873,0.14,1.811587,3.74,0,-0.6727939,0,0.73983,-0.9955062,0,0.09469664
saccade,22.9331,0.04365102,0.04103291,-0.05697971,-0.04054858,0.1221054,-9.549479E-05,-0.9916885,-0.2421733,-0.08044644,0.9668922,0.1098055,0.04338694,-0.05006774,0.04475969,0.1855697,0.004275176,-0.9816019,-0.3639285,0.08945908,0.9271209,0.14,1.811587,3.74,0,-0.6727939,0,0.73983,-0.9955062,0,0.09469664
saccade,22.9443,0.04366586,0.0410248,-0.05696001,-0.03949634,0.1355961,0.0003427535,-0.9899766,-0.268501,-0.07810795,0.9601075,0.1098215,0.04337394,-0.05005706,0.04473548,0.1855001,0.004311417,-0.981616,-0.3637939,0.08942567,0.927177,0.14,1.811587,3.74,0,-0.6727939,0,0.73983,-0.9955062,0,0.09469664
saccade,22.9548,0.0436764,0.04102683,-0.05694529,-0.03944806,0.1354823,0.0003393828,-0.9899941,-0.2682801,-0.07801472,0.9601768,0.1098336,0.0433768,-0.05005778,0.04478376,0.1853875,0.004295936,-0.9816352,-0.363581,0.08951544,0.9272518,0.14,1.811587,3.74,0,-0.6727939,0,0.73983,-0.9955062,0,0.09469664
saccade,22.9662,0.04368745,0.04102218,-0.05693648,-0.03945224,0.1355257,0.0002703951,-0.989988,-0.268359,-0.07804119,0.9601526,0.1098437,0.04338109,-0.05004283,0.044776,0.1854362,0.004231181,-0.9816266,-0.3636793,0.08947585,0.9272171,0.14,1.811587,3.74,0,-0.6727939,0,0.73983,-0.9955062,0,0.09469664
saccade,22.9778,0.04368273,0.04095483,-0.05697086,-0.03692236,0.1437787,0.0006435059,-0.9889207,-0.2844189,-0.07284153,0.9559289,0.1098393,0.0433048,-0.05007782,0.04531465,0.1900746,0.00444893,-0.9807132,-0.3724142,0.09057261,0.9236364,0.14,1.811587,3.74,0,-0.6727939,0,0.73983,-0.9955062,0,0.09469664
saccade,22.9886,0.04368585,0.04093742,-0.05696936,-0.03692938,0.143796,0.0006378887,-0.9889179,-0.284452,-0.07285681,0.9559179,0.1098422,0.04328811,-0.05007394,0.04530734,0.1900922,0.004445107,-0.9807102,-0.372448,0.09055671,0.9236244,0.14,1.811587,3.74,0,-0.6727939,0,0.73983,-0.9955062,0,0.09469664
saccade,22.9999,0.04368998,0.04092968,-0.05696298,-0.03688983,0.1438749,0.0006623636,-0.9889079,-0.2846069,-0.07277069,0.9558783,0.1098454,0.04327655,-0.05005734,0.04384905,0.1920902,0.004479162,-0.980387,-0.3762527,0.08769889,0.9223572,0.14,1.811587,3.74,0,-0.6727939,0,0.73983,-0.9955062,0,0.09469664
saccade,23.0109,0.04368571,0.04093194,-0.05695521,-0.03644059,0.1490595,0.0008098349,-0.9881563,-0.2946471,-0.07177657,0.9529067,0.1098407,0.04327893,-0.05004615,0.0438793,0.1921166,0.004475701,-0.9803804,-0.376302,0.08775652,0.9223316,0.14,1.811587,3.74,0,-0.6727939,0,0.73983,-0.9955062,0,0.09469664
saccade,23.0221,0.04367632,0.04092586,-0.0569441,-0.03643353,0.1490548,0.0009263731,-0.9881571,-0.2946465,-0.07172795,0.9529105,0.109832,0.04325736,-0.05003619,0.04389146,0.1921026,0.004591057,-0.9803821,-0.376265,0.08782471,0.9223402,0.14,1.811587,3.74,0,-0.6727939,0,0.73983,-0.9955062,0,0.09469664
saccade,23.0327,0.04368018,0.0409106,-0.05693921,-0.0364133,0.1490164,0.0009422939,-0.9881637,-0.2945738,-0.07168376,0.9529364,0.1098365,0.04324007,-0.05003661,0.0450264,0.1940396,0.004690926,-0.9799486,-0.3798752,0.09006757,0.9206426,0.14,1.811587,3.74,0,-0.6727939,0,0.73983,-0.9955062,0,0.09469664
saccade,23.0439,0.04369033,0.04089904,-0.05692125,-0.03638874,0.151964,0.001079602,-0.9877154,-0.3002729,-0.07155532,0.9511656,0.1098458,0.04322159,-0.05000857,0.04490691,0.1941074,0.004757464,-0.9799404,-0.3800001,0.08985911,0.9206114,0.14,1.811587,3.74,0,-0.6727939,0,0.73983,-0.9955062,0,0.09469664
saccade,23.0553,0.0437008,0.04087472,-0.05690398,-0.03643874,0.1519198,0.001109025,-0.9877203,-0.3001893,-0.0716456,0.9511852,0.109857,0.04319394,-0.04999707,0.04485834,0.1940617,0.004785303,-0.9799515,-0.3799128,0.08977529,0.9206555,0.14,1.811587,3.74,0,-0.6727939,0,0.73983,-0.9955062,0,0.09469664
saccade,23.0664,0.04370845,0.04085767,-0.05689149,-0.03645048,0.1519151,0.001109879,-0.9877206,-0.3001802,-0.07166857,0.9511864,0.1098647,0.04317677,-0.04998514,0.04605776,0.1953805,0.004860024,-0.9796334,-0.3823549,0.09213855,0.9194103,0.14,1.811587,3.74,0,-0.6727939,0,0.73983,-0.9955062,0,0.09469664
saccade,23.0775,0.04371706,0.04083264,-0.05687081,-0.03638017,0.1518309,0.001062991,-0.9877362,-0.3000151,-0.07154523,0.9512477,0.1098743,0.04315794,-0.04997592,0.04612608,0.1953005,0.004803183,-0.9796464,-0.3822078,0.09225062,0.9194602,0.14,1.811587,3.74,0,-0.6727939,0,0.73983,-0.9955062,0,0.09469664
saccade,23.0888,0.04373099,0.04082525,-0.05685508,-0.0356321,0.1535823,0.001148833,-0.9874926,-0.3034047,-0.07001999,0.9502857,0.1098886,0.04314876,-0.04996245,0.04612162,0.1952828,0.004816762,-0.97965,-0.3821734,0.09224736,0.9194748,0.14,1.811587,3.74,0,-0.6727939,0,0.73983,-0.9955062,0,0.09469664
saccade,23.0996,0.04372986,0.04078078,-0.05682499,-0.03552935,0.1535268,0.00121805,-0.9875048,-0.3033034,-0.06979679,0.9503344,0.1098886,0.04309475,-0.04994063,0.04622731,0.1952214,0.004876682,-0.9796571,-0.3820492,0.09247788,0.9195033,0.14,1.811587,3.74,0,-0.6727939,0,0.73983,-0.9955062,0,0.09469664
saccade,23.1105,0.04372637,0.0407865,-0.0568196,-0.03550788,0.1534741,0.001325841,-0.9875136,-0.3032097,-0.06972206,0.9503698,0.1098864,0.04308617,-0.04994283,0.04739168,0.1954167,0.005020983,-0.9795617,-0.3823696,0.09480852,0.9191326,0.14,1.811587,3.74,0,-0.6727939,0,0.73983,-0.9955062,0,0.09469664
saccade,23.1214,0.04243458,0.04129827,-0.0563377,-0.0350463,0.1547404,0.001346588,-0.9873324,-0.3056549,-0.06878795,0.9496543,0.1098951,0.04308355,-0.04993534,0.04730441,0.1954338,0.004996106,-0.9795626,-0.3824067,0.09462808,0.9191358,0.14,1.811587,3.74,0,-0.6727939,0,0.73983,-0.9955062,0,0.09469664
saccade,23.1327,0.04244946,0.04126966,-0.05632777,-0.03505177,0.154784,0.001228635,-0.9873256,-0.3057306,-0.06883468,0.9496266,0.1099089,0.04307055,-0.04991893,0.04610034,0.1964251,0.004870724,-0.9794224,-0.3843172,0.09221689,0.9185839,0.14,1.811587,3.74,0,-0.6727939,0,0.73983,-0.9955062,0,0.09469664
saccade,23.1443,0.04243297,0.04126298,-0.05632846,-0.03512311,0.1547786,0.001353773,-0.9873238,-0.3057282,-0.0689367,0.9496199,0.109893,0.04304767,-0.04992058,0.04603443,0.1964102,0.004997951,-0.9794279,-0.3842791,0.09213811,0.9186077,0.14,1.811587,3.74,0,-0.6727939,0,0.73983,-0.9955062,0,0.09469664
saccade,23.1552,0.04241889,0.04125774,-0.05633179,-0.03459594,0.1548903,0.001350139,-0.9873248,-0.3059475,-0.06789663,0.9496242,0.1098781,0.04304552,-0.04991646,0.04599584,0.1964644,0.004981228,-0.9794189,-0.3843837,0.09205566,0.9185722,0.14,1.811587,3.74,0,-0.6727939,0,0.73983,-0.9955062,0,0.09469664
saccade,23.1664,0.04240584,0.04125798,-0.05633085,-0.03468459,0.1549744,0.0013258,-0.9873086,-0.3061072,-0.06807785,0.9495598,0.1098638,0.04304945,-0.04990355,0.0455697,0.1968271,0.00496466,-0.9793661,-0.3850791,0.0912132,0.9183649,0.14,1.811587,3.74,0,-0.6727939,0,0.73983,-0.9955062,0,0.09469664
saccade,23.1772,0.04239633,0.0412662,-0.05631544,-0.03461272,0.1549519,0.001269724,-0.9873146,-0.3060605,-0.0679538,0.9495837,0.1098544,0.04306471,-0.0498913,0.04563911,0.1968087,0.004903892,-0.9793668,-0.3850482,0.09132513,0.9183668,0.14,1.811587,3.74,0,-0.6727939,0,0.73983,-0.9955062,0,0.09469664
saccade,23.1883,0.0423827,0.04125178,-0.05631456,-0.03520986,0.1561839,0.001240081,-0.9870995,-0.3084254,-0.06912392,0.9487337,0.1098398,0.04305553,-0.04988154,0.04565373,0.1968755,0.004866443,-0.979353,-0.3851768,0.09133841,0.9183115,0.14,1.811587,3.74,0,-0.6727939,0,0.73983,-0.9955062,0,0.09469664
saccade,23.2000,0.04236542,0.04124963,-0.05632251,-0.03525496,0.1562023,0.001163273,-0.9870951,-0.308455,-0.06923658,0.9487159,0.1098219,0.043064,-0.04988646,0.04574632,0.1973517,0.004810028,-0.979253,-0.3860745,0.09149298,0.9179192,0.14,1.811587,3.74,0,-0.6727939,0,0.73983,-0.9955062,0,0.09469664
saccade,23.2109,0.04235573,0.0412457,-0.05631078,-0.03519512,0.1562638,0.001211921,-0.9870874,-0.3085774,-0.06910256,0.9486858,0.1098117,0.04305279,-0.0498668,0.04580798,0.1974082,0.004860975,-0.9792385,-0.3861741,0.09163308,0.9178632,0.14,1.811587,3.74,0,-0.6727939,0,0.73983,-0.9955062,0,0.09469664
saccade,23.2219,0.04234432,0.04124594,-0.05630875,-0.0352862,0.1575609,0.001260214,-0.9868779,-0.3110756,-0.06924921,0.9478589,0.1097997,0.04305005,-0.04985762,0.04583574,0.1974597,0.004882567,-0.9792267,-0.386268,0.09169538,0.9178175,0.14,1.811587,3.74,0,-0.6727939,0,0.73983,-0.9955062,0,0.09469664
saccade,23.2328,0.04233421,0.04124355,-0.05631313,-0.03529393,0.1576021,0.001228018,-0.986871,-0.3111526,-0.06927402,0.9478318,0.1097889,0.04305196,-0.0498562,0.04582663,0.1975032,0.004854204,-0.9792185,-0.3863527,0.09166601,0.9177848,0.14,1.811587,3.74,0,-0.6727939,0,0.73983,-0.9955062,0,0.09469664
saccade,23.2438,0.0423243,0.04124153,-0.05631745,-0.03430481,0.1585783,0.001256413,-0.9867495,-0.3130403,-0.06730203,0.9473522,0.1097784,0.04305351,-0.04985503,0.0459859,0.1985158,0.004861358,-0.9790062,-0.3882492,0.09197107,0.9169536,0.14,1.811587,3.74,0,-0.6727939,0,0.73983,-0.9955062,0,0.09469664
saccade,23.2556,0.04234422,0.04124856,-0.05631226,-0.03431283,0.1585983,0.001279863,-0.986746,-0.3130802,-0.06731013,0.9473385,0.1097981,0.04305744,-0.04984718,0.04597879,0.1985337,0.004886666,-0.9790028,-0.3882808,0.09196707,0.9169406,0.14,1.811587,3.74,0,-0.6727939,0,0.73983,-0.9955062,0,0.09469664
saccade,23.2662,0.04234273,0.04125571,-0.05631202,-0.03426423,0.1585965,0.001318702,-0.9867479,-0.3130798,-0.06720202,0.9473463,0.1097968,0.04305887,-0.04984756,0.04606983,0.1994934,0.004950606,-0.9788032,-0.3900734,0.09216181,0.9161599,0.14,1.811587,3.74,0,-0.6727939,0,0.73983,-0.9955062,0,0.09469664
saccade,23.2776,0.04234365,0.04126787,-0.05630561,-0.03359086,0.1595528,0.001298841,-0.9866169,-0.3149222,-0.06586816,0.9468291,0.1097971,0.04307926,-0.04983639,0.04610944,0.1995322,0.004887349,-0.9787937,-0.390151,0.09221362,0.9161217,0.14,1.811587,3.74,0,-0.6727939,0,0.73983,-0.9955062,0,0.09469664
saccade,23.2885,0.0423426,0.041273,-0.05630422,-0.03354378,0.1595176,0.001361511,-0.9866241,-0.3148591,-0.06575584,0.9468579,0.1097968,0.04307568,-0.04984027,0.04615909,0.1994919,0.004944985,-0.9787992,-0.3900686,0.09233393,0.9161446,0.14,1.811587,3.74,0,-0.6727939,0,0.73983,-0.9955062,0,0.09469664
saccade,23.3025,0.04236246,0.04126799,-0.05629376,-0.03349336,0.1594911,0.001354167,-0.9866301,-0.3148082,-0.06565917,0.9468815,0.109817,0.04307127,-0.04983361,0.04672125,0.1993079,0.004945335,-0.97881,-0.3897071,0.09343375,0.9161869,0.14,1.811587,3.74,0,-0.6727939,0,0.73983,-0.9955062,0,0.09469664
saccade,23.3186,0.04237123,0.04125798,-0.05629039,-0.03346737,0.1594588,0.001411688,-0.9866362,-0.3147501,-0.06559002,0.9469057,0.1098264,0.04305339,-0.049835,0.04674962,0.1992711,0.004998931,-0.9788159,-0.3896321,0.09351083,0.916211,0.14,1.811587,3.74,0,-0.6727939,0,0.73983,-0.9955062,0,0.09469664
saccade,23.3242,0.04236468,0.04125977,-0.05627649,-0.03216549,0.1604481,0.00155524,-0.9865188,-0.3166703,-0.06296466,0.9464436,0.1098217,0.04304492,-0.04983699,0.04682651,0.1991539,0.005062309,-0.9788358,-0.3894037,0.09368728,0.91629,0.14,1.811587,3.74,0,-0.6727939,0,0.73983,-0.9955062,0,0.09469664
saccade,23.3325,0.04236468,0.04125977,-0.05627649,-0.03216549,0.1604481,0.00155524,-0.9865188,-0.3166703,-0.06296466,0.9464436,0.1098217,0.04304492,-0.04983699,0.04682651,0.1991539,0.005062309,-0.9788358,-0.3894037,0.09368728,0.91629,0.14,1.811587,3.74,0,-0.6727939,0,0.73983,-0.9955062,0,0.09469664
saccade,23.3443,0.04235773,0.04127574,-0.05627173,-0.03202602,0.1603775,0.001635973,-0.9865347,-0.3165408,-0.06266481,0.9465067,0.109816,0.04304898,-0.0498428,0.04712507,0.1993294,0.005143132,-0.9787853,-0.3897166,0.09430101,0.9160941,0.14,1.811587,3.74,0,-0.6727939,0,0.73983,-0.9955062,0,0.09469664
saccade,23.3551,0.04236756,0.04130077,-0.0562617,-0.03194594,0.1608429,0.001703182,-0.9864615,-0.3174393,-0.06247899,0.9462181,0.1098256,0.04306555,-0.04982799,0.04720927,0.199363,0.005198719,-0.9787741,-0.3897719,0.09448728,0.9160513,0.14,1.811587,3.74,0,-0.6727939,0,0.73983,-0.9955062,0,0.09469664
saccade,23.3659,0.0423869,0.04132736,-0.05627193,-0.03187545,0.1607911,0.001745325,-0.9864721,-0.3173431,-0.06232722,0.9462604,0.1098458,0.04308593,-0.04984575,0.04728144,0.1993078,0.005233746,-0.9787816,-0.3896628,0.09464267,0.9160817,0.14,1.811587,3.74,0,-0.6727939,0,0.73983,-0.9955062,0,0.09469664
saccade,23.3769,0.04241409,0.04135811,-0.05628579,-0.03165356,0.1607054,0.001723684,-0.9864932,-0.3171786,-0.06189804,0.9463437,0.1098742,0.04311812,-0.04987223,0.04759006,0.1994794,0.005205972,-0.9787319,-0.3899782,0.09523278,0.9158863,0.14,1.811587,3.74,0,-0.6727939,0,0.73983,-0.9955062,0,0.09469664
saccade,23.3890,0.04241434,0.04135847,-0.05628353,-0.03167738,0.1611194,0.001586202,-0.9864252,-0.317965,-0.06198359,0.9460741,0.1098737,0.04313874,-0.04986735,0.04754375,0.1995052,0.00506078,-0.9787296,-0.390042,0.09508425,0.9158745,0.14,1.811587,3.74,0,-0.6727939,0,0.73983,-0.9955062,0,0.09469664
saccade,23.3991,0.0424062,0.04135835,-0.05628016,-0.03175046,0.161172,0.001528224,-0.9864143,-0.3180618,-0.06214561,0.946031,0.1098646,0.04314697,-0.04985624,0.04749447,0.1991344,0.004999652,-0.9788079,-0.3893537,0.09496713,0.9161795,0.14,1.811587,3.74,0,-0.6727939,0,0.73983,-0.9955062,0,0.09469664
saccade,23.4105,0.04241407,0.04135346,-0.05628772,-0.03170661,0.1611162,0.001480541,-0.9864249,-0.317952,-0.0620753,0.9460725,0.109873,0.0431484,-0.04987145,0.04753655,0.1990825,0.004945962,-0.9788166,-0.3892603,0.09502845,0.9162129,0.14,1.811587,3.74,0,-0.6727939,0,0.73983,-0.9955062,0,0.09469664
saccade,23.4216,0.04241463,0.04134655,-0.05628864,-0.03145256,0.1615117,0.001433866,-0.9863685,-0.3187103,-0.06158446,0.9458494,0.1098732,0.04315054,-0.04987127,0.04750618,0.1990932,0.00488204,-0.9788163,-0.3892875,0.0949436,0.9162101,0.14,1.811587,3.74,0,-0.6727939,0,0.73983,-0.9955062,0,0.09469664
saccade,23.4326,0.04240777,0.04133487,-0.05629177,-0.03145722,0.1615536,0.001431984,-0.9863614,-0.3187905,-0.06159369,0.9458218,0.1098658,0.04313898,-0.04986865,0.04741124,0.199077,0.004879346,-0.9788242,-0.38926,0.09475727,0.916241,0.14,1.811587,3.74,0,-0.6727939,0,0.73983,-0.9955062,0,0.09469664
saccade,23.4441,0.04239328,0.0413059,-0.05629177,-0.0315192,0.1616442,0.001427131,-0.9863446,-0.3189637,-0.06171622,0.9457554,0.1098501,0.04311085,-0.04985598,0.04734894,0.1991676,0.004884145,-0.9788088,-0.3894315,0.09463664,0.9161807,0.14,1.811587,3.74,0,-0.6727939,0,0.73983,-0.9955062,0,0.09469664
saccade,23.4555,0.04240668,0.04126084,-0.05632119,-0.03145695,0.1622625,0.001448476,-0.9862451,-0.3201523,-0.06157847,0.9453627,0.109862,0.0430671,-0.04987031,0.04716514,0.1992726,0.004899583,-0.9787961,-0.3896323,0.09428282,0.9161318,0.14,1.811587,3.74,0,-0.6727939,0,0.73983,-0.9955062,0,0.09469664
saccade,23.4661,0.04240767,0.04121625,-0.05632138,-0.03161322,0.1623795,0.001475464,-0.9862208,-0.3203773,-0.06187607,0.945267,0.1098615,0.04301977,-0.04985391,0.04715802,0.1996579,0.004953678,-0.9787177,-0.3903503,0.09428686,0.9158257,0.14,1.811587,3.74,0,-0.6727939,0,0.73983,-0.9955062,0,0.09469664
saccade,23.4770,0.04241267,0.04120946,-0.05629914,-0.03164634,0.1624685,0.001599635,-0.9862049,-0.3205557,-0.06189976,0.945205,0.1098658,0.04299605,-0.04981981,0.04712947,0.1997367,0.005085744,-0.9787024,-0.3904862,0.09428307,0.9157681,0.14,1.811587,3.74,0,-0.6727939,0,0.73983,-0.9955062,0,0.09469664
saccade,23.4881,0.04245377,0.04123127,-0.0562959,-0.03139813,0.1630452,0.001810012,-0.9861172,-0.3216771,-0.06133425,0.9448608,0.1099079,0.04299283,-0.04981976,0.04712633,0.1997038,0.00527024,-0.9787082,-0.3904068,0.09435082,0.915795,0.14,1.811587,3.74,0,-0.6727939,0,0.73983,-0.9955062,0,0.09469664
saccade,23.4994,0.04248543,0.04125035,-0.05629286,-0.0314576,0.1629254,0.002067569,-0.9861346,-0.3214628,-0.06136914,0.9449314,0.109942,0.04297817,-0.04983377,0.04707686,0.1995656,0.005519561,-0.9787374,-0.390125,0.09435481,0.9159147,0.14,1.811587,3.74,0,-0.6727939,0,0.73983,-0.9955062,0,0.09469664
saccade,23.5105,0.04251163,0.04124391,-0.05627438,-0.03152663,0.162881,0.002163873,-0.9861396,-0.3213831,-0.06147442,0.9449517,0.1099691,0.04295957,-0.04982141,0.04734418,0.199355,0.005620738,-0.9787669,-0.3897119,0.09491887,0.9160322,0.14,1.811587,3.74,0,-0.6727939,0,0.73983,-0.9955062,0,0.09469664
saccade,23.5215,0.04253615,0.04123771,-0.05625454,-0.0312412,0.1625942,0.002146819,-0.986196,-0.3208335,-0.06092177,0.9451743,0.1099944,0.0429585,-0.04981056,0.04719286,0.1992878,0.005595981,-0.978788,-0.3895928,0.09461404,0.9161144,0.14,1.811587,3.74,0,-0.6727939,0,0.73983,-0.9955062,0,0.09469664
saccade,23.5325,0.04258509,0.04124427,-0.05626025,-0.03120246,0.1625956,0.00207692,-0.9861972,-0.3208323,-0.06086816,0.9451782,0.1100431,0.04297411,-0.049816,0.04732171,0.1993884,0.005530447,-0.9787617,-0.3897841,0.09483876,0.9160098,0.14,1.811587,3.74,0,-0.6727939,0,0.73983,-0.9955062,0,0.09469664
saccade,23.5438,0.04259849,0.04125094,-0.05626852,-0.03132384,0.1625456,0.002076012,-0.9862015,-0.3207355,-0.06110834,0.9451955,0.110057,0.04298222,-0.04983057,0.04720057,0.1993401,0.005530194,-0.9787773,-0.3896971,0.09460247,0.9160712,0.14,1.811587,3.74,0,-0.6727939,0,0.73983,-0.9955062,0,0.09469664
saccade,23.5552,0.04261516,0.04122913,-0.05626983,-0.03102,0.1625145,0.001904071,-0.9862166,-0.3206671,-0.060566,0.9452536,0.1100729,0.04298544,-0.04983082,0.04714999,0.1993561,0.005350764,-0.9787775,-0.389746,0.09443211,0.916068,0.14,1.811587,3.74,0,-0.6727939,0,0.73983,-0.9955062,0,0.09469664
saccade,23.5664,0.04262333,0.04122472,-0.05627419,-0.03111969,0.1624188,0.00182708,-0.9862294,-0.3204781,-0.06078881,0.9453034,0.110082,0.04299259,-0.04984756,0.04704775,0.1992683,0.005270293,-0.9788008,-0.3895919,0.09420115,0.9161574,0.14,1.811587,3.74,0,-0.6727939,0,0.73983,-0.9955062,0,0.09469664
saccade,23.5776,0.04265937,0.0412302,-0.05630809,-0.03114375,0.1623423,0.001899271,-0.9862411,-0.3203356,-0.06081384,0.9453501,0.1101193,0.04298902,-0.04989206,0.04640023,0.1980557,0.005286602,-0.9790776,-0.3873333,0.09295293,0.9172419,0.14,1.811587,3.74,0,-0.6727939,0,0.73983,-0.9955062,0,0.09469664
saccade,23.5887,0.04266393,0.04126453,-0.05631946,-0.02888308,0.1577738,0.001906905,-0.987051,-0.3115717,-0.05641642,0.9485464,0.1101257,0.04301381,-0.04992037,0.04656046,0.1979334,0.005334814,-0.9790945,-0.3870943,0.09328606,0.917309,0.14,1.811587,3.74,0,-0.6727939,0,0.73983,-0.9955062,0,0.09469664
saccade,23.5994,0.04266552,0.04131937,-0.05632999,-0.0287492,0.1577292,0.001949399,-0.9870619,-0.311489,-0.05613953,0.94859,0.1101281,0.04306185,-0.0499377,0.04669597,0.197885,0.005368209,-0.9790977,-0.3869962,0.09356442,0.917322,0.14,1.811587,3.74,0,-0.6727939,0,0.73983,-0.9955062,0,0.09469664
saccade,23.6105,0.04265689,0.04135108,-0.0563352,-0.02836424,0.157754,0.001991467,-0.987069,-0.3115413,-0.05536659,0.9486182,0.1101196,0.04308438,-0.04994131,0.0390487,0.1606562,0.004154673,-0.9862289,-0.316563,0.07835687,0.9453296,0.14,1.811587,3.74,0,-0.6727939,0,0.73983,-0.9955062,0,0.09469664
saccade,23.6222,0.04263799,0.04137564,-0.05637153,-0.02807503,0.1076425,0.0006345446,-0.993793,-0.2139844,-0.05566493,0.9752498,0.1100999,0.04311323,-0.04997045,0.03903361,0.1607097,0.004126095,-0.986221,-0.3166685,0.07831775,0.9452975,0.14,1.811587,3.74,0,-0.6727939,0,0.73983,-0.9955062,0,0.09469664
saccade,23.6327,0.04261117,0.04137361,-0.05640354,-0.02799773,0.1077439,0.0005487024,-0.9937842,-0.2141791,-0.05552917,0.9752148,0.1100715,0.04312241,-0.04998873,0.03910597,0.1608155,0.004043235,-0.9862012,-0.3168767,0.07843313,0.9452181,0.14,1.811587,3.74,0,-0.6727939,0,0.73983,-0.9955062,0,0.09469664
saccade,23.6440,0.04257484,0.04137695,-0.05644605,-0.02797086,0.1078746,0.0004364228,-0.9937709,-0.2144298,-0.0554991,0.9751614,0.110033,0.04314029,-0.05001322,0.03912649,0.1609525,0.003938735,-0.9861785,-0.3171475,0.0784393,0.9451268,0.14,1.811587,3.74,0,-0.6727939,0,0.73983,-0.9955062,0,0.09469664
saccade,23.6549,0.04255336,0.0413866,-0.05647809,-0.02230711,0.02592276,-0.001625336,-0.9994137,-0.05174261,-0.04467232,0.9976608,0.1100093,0.0431596,-0.05002438,0.02725527,0.08945141,0.001600278,-0.9956169,-0.1780314,0.05455791,0.9825112,0.14,1.811587,3.74,0,-0.6727939,0,0.73983,-0.9955062,0,0.09469664
saccade,23.6657,0.04252658,0.04139388,-0.05651779,-0.02225995,0.02599122,-0.001749828,-0.9994128,-0.051874,-0.04458472,0.9976579,0.1099812,0.04318392,-0.05005464,0.02729427,0.0895258,0.001476592,-0.9956094,-0.1781849,0.05461325,0.9824803,0.14,1.811587,3.74,0,-0.6727939,0,0.73983,-0.9955062,0,0.09469664
saccade,23.6770,0.04250102,0.04139328,-0.05655446,-0.02228231,0.02610845,-0.001761374,-0.9994092,-0.05210755,-0.04463026,0.9976437,0.109954,0.0431844,-0.05007537,0.02128614,0.04176838,2.456064E-05,-0.9989006,-0.08344388,0.04252753,0.9956046,0.14,1.811587,3.74,0,-0.6727939,0,0.73983,-0.9955062,0,0.09469664
saccade,23.6882,0.04248418,0.04139495,-0.0565844,-0.02150698,-0.01739811,-0.002855548,-0.9996133,0.0349056,-0.04289797,0.9984695,0.1099373,0.04318309,-0.05010561,0.02126982,0.04176538,4.533143E-05,-0.9989011,-0.08343703,0.04249667,0.9956065,0.14,1.811587,3.74,0,-0.6727939,0,0.73983,-0.9955062,0,0.09469664
saccade,23.6990,0.04251547,0.04140437,-0.05665149,-0.02153109,-0.01730146,-0.002904009,-0.9996143,0.03471462,-0.04294508,0.9984741,0.1099672,0.04319835,-0.05015944,0.02124272,0.04186385,2.569112E-06,-0.9988975,-0.08363529,0.04243882,0.9955924,0.14,1.811587,3.74,0,-0.6727939,0,0.73983,-0.9955062,0,0.09469664
saccade,23.7105,0.04251465,0.04142106,-0.05668454,-0.02154861,-0.01730444,-0.002911306,-0.9996138,0.03472097,-0.04297982,0.9984725,0.1099664,0.04321587,-0.05019281,0.02027129,0.03049422,-0.0003329727,-0.9993293,-0.06096105,0.04049508,0.9973183,0.14,1.811587,3.74,0,-0.6727939,0,0.73983,-0.9955062,0,0.09469664
saccade,23.7214,0.04251528,0.0414381,-0.05670805,-0.02228231,-0.02450125,-0.003043489,-0.9994468,0.04911101,-0.04439083,0.9978064,0.109967,0.04322231,-0.05021311,0.02031102,0.03051734,-0.0002526067,-0.9993278,-0.06100392,0.04057931,0.9973123,0.14,1.811587,3.74,0,-0.6727939,0,0.73983,-0.9955062,0,0.09469664
saccade,23.7326,0.04252624,0.04145324,-0.0567233,-0.0223086,-0.02443741,-0.003034601,-0.9994479,0.04898322,-0.04444426,0.9978103,0.1099771,0.04323566,-0.0502197,0.02028515,0.03058063,-0.0002395699,-0.9993264,-0.06112977,0.04052832,0.9973067,0.14,1.811587,3.74,0,-0.6727939,0,0.73983,-0.9955062,0,0.09469664
saccade,23.7439,0.04254328,0.04145265,-0.05673888,-0.02230594,-0.02446216,-0.003112686,-0.9994471,0.04903614,-0.04443493,0.9978081,0.1099942,0.04324567,-0.05023838,0.01957172,0.02641715,-0.0004501034,-0.9994593,-0.05282335,0.0390985,0.9978381,0.14,1.811587,3.74,0,-0.6727939,0,0.73983,-0.9955062,0,0.09469664
saccade,23.7548,0.04256424,0.04145896,-0.05674838,-0.02383032,-0.02872204,-0.003221902,-0.9992982,0.05755733,-0.04744211,0.9972143,0.1100154,0.04324591,-0.05024912,0.01961503,0.02640811,-0.0004010756,-0.9994587,-0.05280336,0.03918764,0.9978357,0.14,1.811587,3.74,0,-0.6727939,0,0.73983,-0.9955062,0,0.09469664
saccade,23.7658,0.0425874,0.04147458,-0.05675873,-0.02382341,-0.02879073,-0.003105156,-0.9992968,0.05768893,-0.04743451,0.9972071,0.1100399,0.04324603,-0.05026914,0.01962847,0.02633444,-0.0002879913,-0.9994605,-0.05265178,0.03922059,0.9978424,0.14,1.811587,3.74,0,-0.6727939,0,0.73983,-0.9955062,0,0.09469664
saccade,23.7770,0.04260811,0.04146731,-0.05675084,-0.02373402,-0.02882726,-0.002975976,-0.9992982,0.05775532,-0.04726315,0.9972114,0.1100616,0.04322314,-0.05026688,0.01945781,0.02240316,-0.000275619,-0.9995596,-0.04479731,0.03888613,0.998239,0.14,1.811587,3.74,0,-0.6727939,0,0.73983,-0.9955062,0,0.09469664
saccade,23.7884,0.04267084,0.04148531,-0.05679043,-0.02306648,-0.03076387,-0.002886927,-0.9992564,0.06161516,-0.04592103,0.9970431,0.1101256,0.04322338,-0.05031525,0.01928467,0.02233131,-0.0001582253,-0.9995646,-0.04464928,0.03854549,0.9982588,0.14,1.811587,3.74,0,-0.6727939,0,0.73983,-0.9955062,0,0.09469664
saccade,23.7993,0.04270676,0.04145646,-0.05680212,-0.02329011,-0.03088574,-0.002857258,-0.9992476,0.0618581,-0.04636867,0.9970073,0.1101633,0.04318714,-0.05034282,0.0190631,0.02220736,-0.0001219635,-0.9995716,-0.04440033,0.03810446,0.9982868,0.14,1.811587,3.74,0,-0.6727939,0,0.73983,-0.9955062,0,0.09469664
saccade,23.8106,0.0427435,0.04143858,-0.0568202,-0.02343536,-0.03091082,-0.002851672,-0.9992434,0.06190852,-0.04665896,0.9969906,0.1102004,0.04316604,-0.05036387,0.01830281,0.01814673,-0.0002365654,-0.9996678,-0.03629008,0.03658487,0.9986714,0.14,1.811587,3.74,0,-0.6727939,0,0.73983,-0.9955062,0,0.09469664
saccade,23.8216,0.0428013,0.04142904,-0.0568345,-0.02255852,-0.0328052,-0.002890986,-0.999203,0.06568854,-0.04489141,0.9968299,0.1102583,0.04315746,-0.05037974,0.01820362,0.01813295,-0.000252061,-0.9996698,-0.03626311,0.03638608,0.9986796,0.14,1.811587,3.74,0,-0.6727939,0,0.73983,-0.9955062,0,0.09469664
saccade,23.8330,0.04283084,0.0414145,-0.05684505,-0.02264917,-0.03283172,-0.002979771,-0.9991998,0.06574588,-0.04506643,0.9968182,0.1102878,0.04315341,-0.05039331,0.0168522,0.01585162,-0.0004371383,-0.9997323,-0.03170948,0.03368153,0.9989294,0.14,1.811587,3.74,0,-0.6727939,0,0.73983,-0.9955062,0,0.09469664
saccade,23.8436,0.0428627,0.04140234,-0.05684435,-0.02263275,-0.03291236,-0.002974914,-0.9991975,0.06590655,-0.04503335,0.9968091,0.1103208,0.04314113,-0.05040356,0.01686896,0.01577087,-0.0004362843,-0.9997333,-0.03154805,0.03371515,0.9989334,0.14,1.811587,3.74,0,-0.6727939,0,0.73983,-0.9955062,0,0.09469664
saccade,23.8547,0.04295845,0.04144681,-0.05683173,-0.02316028,-0.03417427,-0.003117049,-0.9991426,0.06843434,-0.04606781,0.9965914,0.1104158,0.04319775,-0.0503868,0.01686426,0.01580305,-0.0005260973,-0.9997328,-0.0316154,0.03370289,0.9989317,0.14,1.811587,3.74,0,-0.6727939,0,0.73983,-0.9955062,0,0.09469664
saccade,23.8660,0.0430008,0.04145324,-0.05682269,-0.02318555,-0.03431517,-0.002974185,-0.9991377,0.06870908,-0.04612699,0.9965698,0.1104605,0.043185,-0.05039717,0.01684637,0.0156564,-0.0003879253,-0.9997355,-0.03131759,0.03367168,0.9989421,0.14,1.811587,3.74,0,-0.6727939,0,0.73983,-0.9955062,0,0.09469664
saccade,23.8772,0.0430382,0.0414598,-0.05682628,-0.02320313,-0.03439116,-0.002902257,-0.9991348,0.06885751,-0.0461665,0.9965577,0.1104991,0.04318178,-0.05041118,0.01680057,0.01359551,-0.0003725101,-0.9997664,-0.02719719,0.03358317,0.9990658,0.14,1.811587,3.74,0,-0.6727939,0,0.73983,-0.9955062,0,0.09469664
saccade,23.8881,0.0430769,0.04146373,-0.05683021,-0.02321212,-0.034455,-0.002739249,-0.9991329,0.06897742,-0.04619523,0.9965481,0.1105393,0.0431639,-0.05042423,0.01679952,0.01352515,-0.0002119511,-0.9997674,-0.02705113,0.03358549,0.9990697,0.14,1.811587,3.74,0,-0.6727939,0,0.73983,-0.9955062,0,0.09469664
saccade,23.8991,0.04430157,0.04059899,-0.05770302,-0.02369957,-0.0363205,-0.002745432,-0.9990554,0.07270252,-0.04715493,0.9962383,0.1105892,0.04316914,-0.05045829,0.01686132,0.01347922,-0.0001572408,-0.999767,-0.02695745,0.03371054,0.999068,0.14,1.811587,3.74,0,-0.6727939,0,0.73983,-0.9955062,0,0.09469664
saccade,23.9108,0.04432534,0.04062879,-0.05771969,-0.02366144,-0.03633485,-0.002683998,-0.9990559,0.07272811,-0.04708315,0.9962398,0.1106135,0.04319167,-0.05047724,0.01701272,0.01252898,-0.0001199466,-0.9997768,-0.02505644,0.03401484,0.9991072,0.14,1.811587,3.74,0,-0.6727939,0,0.73983,-0.9955062,0,0.09469664
saccade,23.9222,0.04434919,0.04065764,-0.05773479,-0.02355041,-0.03628282,-0.002649881,-0.9990605,0.07262228,-0.04686427,0.9962578,0.1106367,0.04321802,-0.05048607,0.01712523,0.01258006,-8.918624E-05,-0.9997742,-0.02515749,0.03424048,0.9990969,0.14,1.811587,3.74,0,-0.6727939,0,0.73983,-0.9955062,0,0.09469664
saccade,23.9328,0.04436568,0.04070556,-0.05774374,-0.02320419,-0.03791655,-0.002662292,-0.9990079,0.07588142,-0.04616046,0.9960478,0.1106533,0.04326451,-0.05049516,0.01721283,0.01258202,-7.04815E-05,-0.9997727,-0.02516074,0.03441606,0.9990909,0.14,1.811587,3.74,0,-0.6727939,0,0.73983,-0.9955062,0,0.09469664
saccade,23.9437,0.04437501,0.04074478,-0.05775847,-0.02311061,-0.03793201,-0.002646516,-0.9990095,0.07591121,-0.04597467,0.9960541,0.1106629,0.04330349,-0.05051243,0.01713072,0.01101499,-0.0001065496,-0.9997926,-0.02202906,0.03425199,0.9991704,0.14,1.811587,3.74,0,-0.6727939,0,0.73983,-0.9955062,0,0.09469664
saccade,23.9548,0.04437839,0.04077935,-0.05777448,-0.0229083,-0.03890136,-0.002683824,-0.9989768,0.07784609,-0.04556092,0.9959238,0.1106661,0.04334271,-0.05052876,0.0172734,0.01101841,-0.0001270702,-0.9997901,-0.02203658,0.03453674,0.9991605,0.14,1.811587,3.74,0,-0.6727939,0,0.73983,-0.9955062,0,0.09469664
saccade,23.9665,0.04437511,0.04081607,-0.05779526,-0.02283979,-0.03892507,-0.0027138,-0.9989774,0.0778945,-0.0454216,0.9959264,0.110663,0.04338491,-0.05055291,0.01734037,0.01099618,-0.0001613514,-0.9997892,-0.02199333,0.03466987,0.9991568,0.14,1.811587,3.74,0,-0.6727939,0,0.73983,-0.9955062,0,0.09469664
saccade,23.9772,0.04435258,0.04087758,-0.05778621,-0.02282026,-0.03886954,-0.002768849,-0.9989799,0.07778616,-0.04537872,0.9959368,0.1106394,0.04345381,-0.05053641,0.0173353,0.01000768,-0.0002431147,-0.9997997,-0.02001978,0.03465879,0.9991987,0.14,1.811587,3.74,0,-0.6727939,0,0.73983,-0.9955062,0,0.09469664
saccade,23.9882,0.04434219,0.04091012,-0.05780341,-0.0228133,-0.03934973,-0.002750932,-0.9989613,0.07874323,-0.04536271,0.9958623,0.1106291,0.0434829,-0.05055349,0.01737519,0.01000958,-0.0002134189,-0.9997989,-0.02002256,0.03473911,0.9991958,0.14,1.811587,3.74,0,-0.6727939,0,0.73983,-0.9955062,0,0.09469664
saccade,23.9993,0.04432559,0.04093719,-0.0578148,-0.02275717,-0.03932245,-0.002798883,-0.9989635,0.07869078,-0.04524706,0.9958717,0.1106118,0.04351735,-0.05056137,0.01742884,0.010039,-0.0002629358,-0.9997977,-0.0200831,0.03484535,0.9991909,0.14,1.811587,3.74,0,-0.6727939,0,0.73983,-0.9955062,0,0.09469664
saccade,24.0107,0.04430988,0.04096615,-0.05781535,-0.02271105,-0.03930349,-0.00278547,-0.9989653,0.07865216,-0.04515614,0.9958789,0.1105959,0.04354548,-0.05055966,0.01733049,0.009228013,-0.0002771901,-0.9998072,-0.01846208,0.03464918,0.999229,0.14,1.811587,3.74,0,-0.6727939,0,0.73983,-0.9955062,0,0.09469664
saccade,24.0214,0.04429198,0.04100251,-0.05782329,-0.02259384,-0.03991507,-0.002823743,-0.9989436,0.07987341,-0.04491453,0.9957926,0.1105767,0.04358506,-0.05055717,0.017357,0.009308156,-0.0002984208,-0.999806,-0.01862306,0.03470172,0.9992242,0.14,1.811587,3.74,0,-0.6727939,0,0.73983,-0.9955062,0,0.09469664
saccade,24.0327,0.04427468,0.0410378,-0.05783131,-0.02253672,-0.03991106,-0.002793447,-0.9989452,0.07986383,-0.04480292,0.9957984,0.1105596,0.04361749,-0.05056502,0.01741554,0.009311203,-0.0002708282,-0.999805,-0.01862821,0.03481925,0.99922,0.14,1.811587,3.74,0,-0.6727939,0,0.73983,-0.9955062,0,0.09469664
saccade,24.0436,0.04425968,0.04105496,-0.05784041,-0.02242477,-0.03989886,-0.002776732,-0.9989482,0.07983832,-0.04458079,0.9958104,0.1105444,0.04363465,-0.05057307,0.01773267,0.00836228,-0.0002776248,-0.9998078,-0.01673119,0.03545389,0.9992312,0.14,1.811587,3.74,0,-0.6727939,0,0.73983,-0.9955062,0,0.09469664
saccade,24.0546,0.04429905,0.0410881,-0.05784404,-0.02251465,-0.03995496,-0.002798668,-0.9989439,0.07995155,-0.04475811,0.9957934,0.1105832,0.04366934,-0.05057167,0.0176973,0.008399058,-0.0002922936,-0.9998081,-0.01680524,0.03538289,0.9992325,0.14,1.811587,3.74,0,-0.6727939,0,0.73983,-0.9955062,0,0.09469664
saccade,24.0657,0.04428028,0.04109871,-0.05785748,-0.02246912,-0.03998012,-0.002785109,-0.9989439,0.08000096,-0.04466808,0.9957935,0.1105648,0.04367912,-0.05058871,0.01774348,0.008373536,-0.0002819722,-0.9998075,-0.01675385,0.0354754,0.9992301,0.14,1.811587,3.74,0,-0.6727939,0,0.73983,-0.9955062,0,0.09469664
saccade,24.0770,0.04427204,0.04108894,-0.05785504,-0.02240822,-0.03988472,-0.00281588,-0.9989491,0.0798118,-0.04454471,0.9958141,0.110555,0.04367435,-0.05057381,0.01800895,0.007690165,-0.0003254384,-0.9998082,-0.0153891,0.03600598,0.9992331,0.14,1.811587,3.74,0,-0.6727939,0,0.73983,-0.9955062,0,0.09469664
saccade,24.0882,0.04425041,0.0411005,-0.05785879,-0.02286583,-0.04012527,-0.002865482,-0.9989289,0.08029562,-0.04545271,0.9957342,0.1105334,0.04368854,-0.05057822,0.01792393,0.00768236,-0.0003536919,-0.9998098,-0.01537448,0.03583561,0.9992394,0.14,1.811587,3.74,0,-0.6727939,0,0.73983,-0.9955062,0,0.09469664
saccade,24.0992,0.04424516,0.04111242,-0.05784442,-0.02284405,-0.04010298,-0.002891565,-0.9989302,0.08025228,-0.0454073,0.9957398,0.1105277,0.04370427,-0.05056092,0.01794441,0.007705782,-0.0003798494,-0.9998092,-0.01542226,0.03587611,0.9992372,0.14,1.811587,3.74,0,-0.6727939,0,0.73983,-0.9955062,0,0.09469664
saccade,24.1104,0.04422156,0.04111171,-0.05784926,-0.02283288,-0.0401263,-0.002919103,-0.9989295,0.08029999,-0.04538261,0.9957371,0.1105042,0.04370749,-0.05056881,0.01806588,0.007028521,-0.000422262,-0.999812,-0.01406966,0.03611904,0.9992484,0.14,1.811587,3.74,0,-0.6727939,0,0.73983,-0.9955062,0,0.09469664
saccade,24.1214,0.0442077,0.0411104,-0.05784599,-0.02242783,-0.04069045,-0.002963512,-0.9989157,0.08142558,-0.04456585,0.9956825,0.1104894,0.04371047,-0.0505577,0.0180126,0.007086332,-0.0004601188,-0.9998125,-0.01418658,0.03601192,0.9992507,0.14,1.811587,3.74,0,-0.6727939,0,0.73983,-0.9955062,0,0.09469664
saccade,24.1329,0.04420432,0.04111779,-0.05784983,-0.02250687,-0.04066323,-0.002960998,-0.998915,0.08137151,-0.04472409,0.9956799,0.1104856,0.04371595,-0.05055758,0.01793372,0.007113109,-0.0004527405,-0.9998138,-0.01423981,0.03585433,0.9992556,0.14,1.811587,3.74,0,-0.6727939,0,0.73983,-0.9955062,0,0.09469664
saccade,24.1442,0.04419516,0.04111934,-0.05785888,-0.02250275,-0.04066083,-0.002986064,-0.9989151,0.08136782,-0.04471385,0.9956806,0.1104763,0.04372084,-0.05056624,0.01792275,0.006489323,-0.0004945886,-0.9998182,-0.01299402,0.03583256,0.9992733,0.14,1.811587,3.74,0,-0.6727939,0,0.73983,-0.9955062,0,0.09469664
saccade,24.1548,0.04418549,0.04112363,-0.0578584,-0.0225538,-0.04066405,-0.002960686,-0.9989139,0.08137333,-0.04481783,0.9956755,0.1104668,0.04372084,-0.05056603,0.01787295,0.006484867,-0.0004669902,-0.9998192,-0.01298408,0.03573338,0.999277,0.14,1.811587,3.74,0,-0.6727939,0,0.73983,-0.9955062,0,0.09469664
saccade,24.1659,0.04417531,0.04112434,-0.05786115,-0.02241965,-0.04078573,-0.002929831,-0.9989121,0.08161408,-0.04455153,0.9956678,0.110456,0.04371691,-0.05056109,0.01785724,0.006541644,-0.0004331104,-0.999819,-0.01309639,0.03570235,0.9992766,0.14,1.811587,3.74,0,-0.6727939,0,0.73983,-0.9955062,0,0.09469664
saccade,24.1771,0.04416472,0.04112458,-0.05786392,-0.02243894,-0.04072634,-0.002900905,-0.9989142,0.08149441,-0.04459286,0.9956757,0.1104447,0.04371285,-0.05055599,0.01782635,0.006036431,-0.0004160181,-0.9998228,-0.01208555,0.03564136,0.9992915,0.14,1.811587,3.74,0,-0.6727939,0,0.73983,-0.9955062,0,0.09469664
saccade,24.1882,0.04416735,0.04112005,-0.05787449,-0.02251273,-0.04078512,-0.002867051,-0.9989102,0.08161044,-0.04474253,0.9956595,0.1104484,0.0437026,-0.05057412,0.0177543,0.005975991,-0.0003811638,-0.9998245,-0.01196342,0.03549782,0.9992982,0.14,1.811587,3.74,0,-0.6727939,0,0.73983,-0.9955062,0,0.09469664
saccade,24.1992,0.04415797,0.04111779,-0.05788733,-0.02238503,-0.04084334,-0.002846083,-0.9989107,0.08172512,-0.0444888,0.9956614,0.1104395,0.04369736,-0.05059062,0.01771014,0.005946334,-0.0003639414,-0.9998254,-0.01190348,0.03540976,0.999302,0.14,1.811587,3.74,0,-0.6727939,0,0.73983,-0.9955062,0,0.09469664
saccade,24.2109,0.04415163,0.04111218,-0.0578825,-0.02245152,-0.0408114,-0.002837184,-0.9989106,0.08166127,-0.04462255,0.9956607,0.1104328,0.04368913,-0.05058128,0.01750815,0.005737344,-0.0003612524,-0.9998302,-0.01148539,0.03500621,0.9993211,0.14,1.811587,3.74,0,-0.6727939,0,0.73983,-0.9955062,0,0.09469664
saccade,24.2216,0.04414177,0.0411092,-0.05787161,-0.02244367,-0.04083715,-0.002893819,-0.9989096,0.08171513,-0.04460204,0.9956572,0.110423,0.04369378,-0.05057365,0.01751339,0.00571389,-0.0004191778,-0.9998302,-0.01144052,0.03501604,0.9993213,0.14,1.811587,3.74,0,-0.6727939,0,0.73983,-0.9955062,0,0.09469664
saccade,24.2325,0.04413627,0.0411247,-0.05787737,-0.02218873,-0.04136398,-0.002927349,-0.9988934,0.08276633,-0.04408618,0.9955934,0.1104173,0.04371274,-0.05057951,0.01749696,0.005713052,-0.0004467463,-0.9998305,-0.0114398,0.03498289,0.9993224,0.14,1.811587,3.74,0,-0.6727939,0,0.73983,-0.9955062,0,0.09469664
saccade,24.2441,0.04412723,0.04115009,-0.05789,-0.02208952,-0.04142851,-0.002878083,-0.9988931,0.08289246,-0.04389168,0.9955915,0.1104095,0.04373384,-0.05060131,0.01751925,0.005161705,-0.0004199746,-0.9998332,-0.0103364,0.03502832,0.9993328,0.14,1.811587,3.74,0,-0.6727939,0,0.73983,-0.9955062,0,0.09469664
saccade,24.2552,0.04411744,0.04118013,-0.05787022,-0.02211938,-0.04142817,-0.002863269,-0.9988925,0.08289124,-0.04395252,0.9955889,0.1103998,0.04376125,-0.0505814,0.01749011,0.005161341,-0.0004037878,-0.9998336,-0.01033509,0.03497023,0.9993349,0.14,1.811587,3.74,0,-0.6727939,0,0.73983,-0.9955062,0,0.09469664
saccade,24.2659,0.0441182,0.04120934,-0.05787489,-0.02197618,-0.04147466,-0.002877546,-0.9988937,0.08298403,-0.04366505,0.9955938,0.1104009,0.04379404,-0.05059107,0.01755462,0.005126432,-0.0004246495,-0.9998327,-0.01026606,0.03509901,0.9993311,0.14,1.811587,3.74,0,-0.6727939,0,0.73983,-0.9955062,0,0.09469664
saccade,24.2775,0.04411997,0.04123414,-0.05788654,-0.02192121,-0.04151246,-0.00290134,-0.9988933,0.08306023,-0.04355301,0.9955924,0.1104031,0.04382324,-0.05060792,0.01732304,0.004924329,-0.0004656929,-0.9998378,-0.009863194,0.03463587,0.9993513,0.14,1.811587,3.74,0,-0.6727939,0,0.73983,-0.9955062,0,0.09469664
saccade,24.2882,0.04412146,0.04125977,-0.05787437,-0.02171842,-0.04210082,-0.002877581,-0.9988732,0.08423174,-0.0431456,0.9955117,0.1104053,0.04384565,-0.05060137,0.01737728,0.004883465,-0.0004364433,-0.999837,-0.009780507,0.03474464,0.9993483,0.14,1.811587,3.74,0,-0.6727939,0,0.73983,-0.9955062,0,0.09469664
saccade,24.2994,0.04412191,0.04130745,-0.05785462,-0.02163318,-0.04210894,-0.002879986,-0.9988747,0.08424771,-0.04297513,0.9955177,0.1104059,0.04389536,-0.05058309,0.01746233,0.004875781,-0.0004431558,-0.9998356,-0.009765435,0.03491459,0.9993426,0.14,1.811587,3.74,0,-0.6727939,0,0.73983,-0.9955062,0,0.09469664
saccade,24.3101,0.04412229,0.04135239,-0.05783604,-0.02155546,-0.04211637,-0.002882313,-0.998876,0.08426232,-0.04281968,0.9955232,0.1104063,0.04394221,-0.05056585,0.0172398,0.004771305,-0.0004612995,-0.9998399,-0.009556988,0.03446967,0.99936,0.14,1.811587,3.74,0,-0.6727939,0,0.73983,-0.9955062,0,0.09469664
saccade,24.3219,0.04410689,0.04136682,-0.05787962,-0.02140338,-0.04242278,-0.002784153,-0.9988666,0.08486858,-0.04252201,0.9954844,0.1103919,0.04394472,-0.05061388,0.01731772,0.004739007,-0.0003631766,-0.9998388,-0.009489065,0.03462641,0.9993553,0.14,1.811587,3.74,0,-0.6727939,0,0.73983,-0.9955062,0,0.09469664
saccade,24.3324,0.04412179,0.04135776,-0.05792059,-0.02135649,-0.04240527,-0.002738563,-0.9988685,0.08483154,-0.04243238,0.9954914,0.1104068,0.04393053,-0.05065288,0.01736669,0.004754965,-0.0003191961,-0.9998379,-0.009519475,0.03472472,0.9993516,0.14,1.811587,3.74,0,-0.6727939,0,0.73983,-0.9955062,0,0.09469664
saccade,24.3441,0.04411927,0.04133558,-0.05794784,-0.02137404,-0.04229915,-0.002823398,-0.9988724,0.0846236,-0.04246103,0.9955078,0.1104023,0.04391885,-0.05066572,0.01724269,0.004630793,-0.0004081378,-0.9998406,-0.009274185,0.03447609,0.9993625,0.14,1.811587,3.74,0,-0.6727939,0,0.73983,-0.9955062,0,0.09469664
saccade,24.3550,0.04410437,0.04128838,-0.05795895,-0.02142116,-0.04264082,-0.002912355,-0.9988566,0.0853089,-0.04254496,0.9954458,0.1103866,0.04388273,-0.05067379,0.0172908,0.004656948,-0.0004860415,-0.9998395,-0.00932921,0.03457153,0.9993587,0.14,1.811587,3.74,0,-0.6727939,0,0.73983,-0.9955062,0,0.09469664
saccade,24.3693,0.04409673,0.04128504,-0.05795725,-0.02153072,-0.04257003,-0.002909725,-0.9988573,0.08516806,-0.0427645,0.9954485,0.110378,0.04387653,-0.0506622,0.01718138,0.0047272,-0.0004754993,-0.9998412,-0.009469237,0.03435281,0.9993649,0.14,1.811587,3.74,0,-0.6727939,0,0.73983,-0.9955062,0,0.09469664
saccade,24.3805,0.0440926,0.04128408,-0.0579343,-0.02157234,-0.04251142,-0.002849085,-0.998859,0.08504875,-0.04285322,0.9954548,0.1101072,0.0401206,-0.05386437,0.01717068,0.004538231,-0.0004161808,-0.9998422,-0.009089321,0.03433217,0.9993691,0.14,1.811587,3.74,0,-0.6727939,0,0.73983,-0.9955062,0,0.09469664
saccade,24.3963,0.04408669,0.04132354,-0.05792003,-0.02166887,-0.04270034,-0.002770102,-0.9988491,0.08542243,-0.04305129,0.9954143,0.1101018,0.04014897,-0.0538624,0.01715162,0.004444046,-0.0003349682,-0.9998431,-0.008898187,0.03429489,0.9993721,0.14,1.811587,3.74,0,-0.6727939,0,0.73983,-0.9955062,0,0.09469664
saccade,24.4035,0.04408147,0.04137158,-0.05789867,-0.02169858,-0.04274224,-0.002702664,-0.9988468,0.08550319,-0.04311609,0.9954045,0.1100968,0.04018795,-0.05384684,0.01648895,0.004440699,-0.0002867572,-0.9998542,-0.008889561,0.03297053,0.9994168,0.14,1.811587,3.74,0,-0.6727939,0,0.73983,-0.9955062,0,0.09469664
saccade,24.4104,0.04408147,0.04137158,-0.05789867,-0.02169858,-0.04274224,-0.002702664,-0.9988468,0.08550319,-0.04311609,0.9954045,0.1100968,0.04018795,-0.05384684,0.01648895,0.004440699,-0.0002867572,-0.9998542,-0.008889561,0.03297053,0.9994168,0.14,1.811587,3.74,0,-0.6727939,0,0.73983,-0.9955062,0,0.09469664
saccade,24.4216,0.04407439,0.04138196,-0.0579111,-0.02483821,-0.04032932,-0.002817427,-0.9988737,0.08070775,-0.04939321,0.9955132,0.1100895,0.0402081,-0.05385275,0.0164654,0.004491739,-0.0003619683,-0.9998543,-0.00899409,0.03292274,0.9994174,0.14,1.811587,3.74,0,-0.6727939,0,0.73983,-0.9955062,0,0.09469664
saccade,24.4329,0.0440707,0.04140508,-0.05793415,-0.02489136,-0.04020788,-0.002914631,-0.998877,0.08047055,-0.04949243,0.9955275,0.110085,0.04024291,-0.05385961,0.01640777,0.004616966,-0.0004515851,-0.9998547,-0.00924741,0.0328066,0.9994189,0.14,1.811587,3.74,0,-0.6727939,0,0.73983,-0.9955062,0,0.09469664
saccade,24.4436,0.04406701,0.04142869,-0.05795762,-0.02493989,-0.04008097,-0.003010957,-0.9988806,0.0802224,-0.04958258,0.9955431,0.1100805,0.04027808,-0.05386615,0.01043049,0.008560359,-0.0006284718,-0.9999088,-0.01713227,0.02084831,0.9996359,0.14,1.811587,3.74,0,-0.6727939,0,0.73983,-0.9955062,0,0.09469664
saccade,24.4552,0.04406486,0.04144061,-0.05795261,-0.02486455,-0.04011609,-0.002935323,-0.9988813,0.0802884,-0.04943795,0.9955449,0.1100785,0.04028118,-0.05386581,0.01050948,0.00852285,-0.0005578775,-0.9999083,-0.01705586,0.02100753,0.9996338,0.14,1.811587,3.74,0,-0.6727939,0,0.73983,-0.9955062,0,0.09469664
saccade,24.4663,0.04406456,0.04147398,-0.0579676,-0.04013937,-0.03434003,-0.003258929,-0.9985985,0.06884542,-0.07994241,0.9944192,0.1100779,0.0403142,-0.05387694,0.01062748,0.008549747,-0.0005484945,-0.9999068,-0.01710956,0.0212436,0.9996279,0.14,1.811587,3.74,0,-0.6727939,0,0.73983,-0.9955062,0,0.09469664
saccade,24.4774,0.04407055,0.04151928,-0.05798015,-0.03999072,-0.0343419,-0.003172182,-0.9986047,0.06884167,-0.07965196,0.9944428,0.1100838,0.04034996,-0.05388976,0.001230316,0.01592419,-0.0005807558,-0.9998723,-0.03184573,0.002441823,0.9994898,0.14,1.811587,3.74,0,-0.6727939,0,0.73983,-0.9955062,0,0.09469664
saccade,24.4884,0.04407203,0.04156661,-0.0579908,-0.03987408,-0.03437017,-0.003128415,-0.9986086,0.06889419,-0.07942215,0.9944575,0.1100854,0.04039323,-0.05390403,0.001349121,0.01589459,-0.0005440979,-0.9998726,-0.0317866,0.002680603,0.9994911,0.14,1.811587,3.74,0,-0.6727939,0,0.73983,-0.9955062,0,0.09469664
saccade,24.4996,0.04407399,0.04157889,-0.05802832,-0.05405253,-0.02839071,-0.003302434,-0.998129,0.05703219,-0.1077153,0.9925446,0.1100874,0.04039145,-0.053946,0.001548935,0.01585707,-0.0004289526,-0.999873,-0.03171144,0.003083872,0.9994923,0.14,1.811587,3.74,0,-0.6727939,0,0.73983,-0.9955062,0,0.09469664
saccade,24.5110,0.04407183,0.04158866,-0.05804711,-0.05401388,-0.02835546,-0.003300471,-0.998132,0.05696152,-0.1076388,0.9925569,0.1100849,0.04040122,-0.05396003,-0.00350225,0.0203123,-0.0004755406,-0.9997874,-0.04061263,-0.00702233,0.9991503,0.14,1.811587,3.74,0,-0.6727939,0,0.73983,-0.9955062,0,0.09469664
saccade,24.5221,0.04407232,0.04156506,-0.05806928,-0.0539699,-0.02827843,-0.003346458,-0.9981365,0.05681269,-0.1075494,0.9925752,0.1100849,0.04038358,-0.05397159,-0.003460518,0.02039175,-0.0005196483,-0.999786,-0.04077117,-0.006940747,0.9991444,0.14,1.811587,3.74,0,-0.6727939,0,0.73983,-0.9955062,0,0.09469664
saccade,24.5326,0.04407487,0.04150903,-0.05809168,-0.05901256,-0.02722406,-0.003624157,-0.9978794,0.0547604,-0.1175775,0.9915527,0.1100876,0.04034626,-0.05399092,-0.003498279,0.0204151,-0.0006624702,-0.9997852,-0.04081679,-0.007022104,0.999142,0.14,1.811587,3.74,0,-0.6727939,0,0.73983,-0.9955062,0,0.09469664
saccade,24.5441,0.04407867,0.04147506,-0.05810855,-0.05907787,-0.02719747,-0.003735473,-0.9978759,0.05472076,-0.1177016,0.9915402,0.1100913,0.040326,-0.05400363,-0.006772091,0.02296735,-0.0008064451,-0.999713,-0.04591059,-0.01357734,0.9988533,0.14,1.811587,3.74,0,-0.6727939,0,0.73983,-0.9955062,0,0.09469664
saccade,24.5554,0.04408635,0.04145765,-0.05812141,-0.05915755,-0.02720323,-0.003759364,-0.9978709,0.05473541,-0.1178587,0.9915208,0.1100991,0.04031074,-0.0540173,-0.006853007,0.0229625,-0.0008265916,-0.9997126,-0.04590047,-0.01374004,0.9988515,0.14,1.811587,3.74,0,-0.6727939,0,0.73983,-0.9955062,0,0.09469664
saccade,24.5662,0.04411254,0.04144704,-0.05811893,-0.06730337,-0.02214767,-0.003828387,-0.9974794,0.04469901,-0.1340979,0.9899595,0.1101257,0.04029262,-0.05402368,-0.006910791,0.02289679,-0.0007712509,-0.9997137,-0.04576981,-0.01385294,0.9988559,0.14,1.811587,3.74,0,-0.6727939,0,0.73983,-0.9955062,0,0.09469664
saccade,24.5772,0.04413992,0.04144168,-0.05808471,-0.06732345,-0.0222259,-0.003798994,-0.9974764,0.04485114,-0.1341382,0.9899471,0.1101537,0.04028392,-0.05400009,-0.01394824,0.03076454,-0.0007640285,-0.999429,-0.06147263,-0.02792757,0.997718,0.14,1.811587,3.74,0,-0.6727939,0,0.73983,-0.9955062,0,0.09469664
saccade,24.5880,0.04417853,0.04145443,-0.0580723,-0.06735843,-0.0222343,-0.003813341,-0.9974738,0.04486999,-0.134207,0.9899369,0.1101924,0.04029822,-0.05398877,-0.01398401,0.03075677,-0.0007769351,-0.9994288,-0.06145667,-0.02799984,0.997717,0.14,1.811587,3.74,0,-0.6727939,0,0.73983,-0.9955062,0,0.09469664
saccade,24.5996,0.04419316,0.04147696,-0.05807962,-0.07633771,-0.01742929,-0.00393271,-0.996922,0.03535172,-0.1520684,0.9877375,0.1102078,0.0403167,-0.05400889,-0.01398965,0.03066044,-0.0007447786,-0.9994317,-0.0612652,-0.02800906,0.9977285,0.14,1.811587,3.74,0,-0.6727939,0,0.73983,-0.9955062,0,0.09469664
saccade,24.6107,0.04422161,0.04149318,-0.05808512,-0.0763033,-0.01744127,-0.003816045,-0.9969248,0.03535762,-0.1520042,0.9877472,0.1102361,0.04031801,-0.05401703,-0.02166592,0.04174535,-0.0005894031,-0.9988932,-0.08337274,-0.04333308,0.9955758,0.14,1.811587,3.74,0,-0.6727939,0,0.73983,-0.9955062,0,0.09469664
saccade,24.6215,0.04425385,0.04150546,-0.05809323,-0.07629523,-0.01739076,-0.003892883,-0.996926,0.03526861,-0.151986,0.9877532,0.1102681,0.04033995,-0.0540177,-0.02166233,0.04179997,-0.0006637002,-0.9988909,-0.08347847,-0.0433321,0.995567,0.14,1.811587,3.74,0,-0.6727939,0,0.73983,-0.9955062,0,0.09469664
saccade,24.6328,0.04428539,0.0415138,-0.0581018,-0.08113874,-0.01285426,-0.003921649,-0.9966122,0.02625782,-0.1616269,0.9865025,0.1102992,0.04034686,-0.05402088,-0.02163092,0.04184035,-0.0006533462,-0.9988899,-0.08355954,-0.04326849,0.995563,0.14,1.811587,3.74,0,-0.6727939,0,0.73983,-0.9955062,0,0.09469664
saccade,24.6442,0.04431061,0.04153502,-0.05811103,-0.08108667,-0.01291435,-0.003801577,-0.9966162,0.02635781,-0.1615264,0.9865164,0.1103248,0.04035342,-0.05403916,-0.02476639,0.04683081,-0.0005116645,-0.9985957,-0.09350473,-0.04951115,0.994387,0.14,1.811587,3.74,0,-0.6727939,0,0.73983,-0.9955062,0,0.09469664
saccade,24.6553,0.044351,0.04154921,-0.05810264,-0.08196355,-0.01132403,-0.003691861,-0.9965642,0.02317543,-0.1632803,0.9863075,0.1103654,0.04035628,-0.05403847,-0.0246505,0.04677277,-0.0004225153,-0.9986013,-0.09339386,-0.04927157,0.9944093,0.14,1.811587,3.74,0,-0.6727939,0,0.73983,-0.9955062,0,0.09469664
saccade,24.6660,0.04439702,0.0415678,-0.05809741,-0.08194049,-0.01138076,-0.003561743,-0.9965659,0.02326705,-0.1632371,0.9863124,0.1104117,0.04035854,-0.05404204,-0.02461993,0.04670883,-0.0002974295,-0.9986051,-0.09327271,-0.04919896,0.9944243,0.14,1.811587,3.74,0,-0.6727939,0,0.73983,-0.9955062,0,0.09469664
saccade,24.6769,0.04443866,0.04158008,-0.05808872,-0.08188298,-0.01140373,-0.00345205,-0.9965708,0.02329458,-0.1631256,0.9863303,0.1104533,0.04035723,-0.05403738,-0.02455599,0.04667986,-0.0001927618,-0.998608,-0.09322029,-0.04906162,0.994436,0.14,1.811587,3.74,0,-0.6727939,0,0.73983,-0.9955062,0,0.09469664
saccade,24.6883,0.04446668,0.04159176,-0.05808853,-0.0818743,-0.01151158,-0.003354836,-0.9965706,0.02349355,-0.1631098,0.9863282,0.1104821,0.04035735,-0.0540524,-0.02722298,0.04940121,-0.0001146299,-0.998408,-0.09863888,-0.05437061,0.9936368,0.14,1.811587,3.74,0,-0.6727939,0,0.73983,-0.9955062,0,0.09469664
saccade,24.6997,0.04448546,0.04156554,-0.0581061,-0.08185536,-0.01150194,-0.00338722,-0.9965721,0.02347954,-0.1630716,0.9863348,0.1105008,0.04033554,-0.05406829,-0.02720599,0.04941267,-0.0001475302,-0.9984078,-0.09865997,-0.05433993,0.9936364,0.14,1.811587,3.74,0,-0.6727939,0,0.73983,-0.9955062,0,0.09469664
saccade,24.7107,0.04451517,0.04156315,-0.05810901,-0.0828703,-0.01079428,-0.003471823,-0.9964958,0.02208832,-0.1650849,0.986032,0.1105308,0.04034257,-0.05407326,-0.02889447,0.05182918,-0.0002084298,-0.9982378,-0.1034636,-0.05770871,0.9929577,0.14,1.811587,3.74,0,-0.6727939,0,0.73983,-0.9955062,0,0.09469664
saccade,24.7220,0.04453987,0.04156041,-0.05811033,-0.08282232,-0.01082369,-0.003530956,-0.9964994,0.02215649,-0.1649883,0.9860466,0.1105559,0.04034841,-0.05407766,-0.02885019,0.05180321,-0.0002719575,-0.9982405,-0.1034084,-0.05762703,0.9929682,0.14,1.811587,3.74,0,-0.6727939,0,0.73983,-0.9955062,0,0.09469664
saccade,24.7328,0.04456902,0.04156983,-0.05812981,-0.08304218,-0.009429412,-0.003593865,-0.996495,0.01938961,-0.1654345,0.9860302,0.1105855,0.04037082,-0.05410171,-0.02876024,0.05176425,-0.0003692431,-0.9982451,-0.1033256,-0.05745777,0.9929866,0.14,1.811587,3.74,0,-0.6727939,0,0.73983,-0.9955062,0,0.09469664
saccade,24.7443,0.04458403,0.04157889,-0.05812366,-0.08296187,-0.009510734,-0.003575078,-0.996501,0.0195481,-0.1652752,0.9860538,0.1106012,0.04037917,-0.05410622,-0.02867883,0.05168244,-0.0003598571,-0.9982517,-0.1031635,-0.05729458,0.9930129,0.14,1.811587,3.74,0,-0.6727939,0,0.73983,-0.9955062,0,0.09469664
saccade,24.7552,0.04460864,0.04158998,-0.05811248,-0.08292431,-0.009530663,-0.003513843,-0.9965041,0.01957745,-0.1652018,0.9860654,0.1106259,0.04038274,-0.05409822,-0.03105928,0.05310901,-0.0003410164,-0.9981056,-0.1059956,-0.06203711,0.9924295,0.14,1.811587,3.74,0,-0.6727939,0,0.73983,-0.9955062,0,0.09469664
saccade,24.7661,0.0446188,0.04161084,-0.05811003,-0.08353391,-0.009879678,-0.003475496,-0.9964499,0.02026985,-0.166406,0.985849,0.1106364,0.04039574,-0.054105,-0.0310683,0.05304128,-0.0002798847,-0.9981089,-0.1058645,-0.06204878,0.9924428,0.14,1.811587,3.74,0,-0.6727939,0,0.73983,-0.9955062,0,0.09469664
saccade,24.7771,0.04461639,0.04161358,-0.05811339,-0.08345842,-0.009915571,-0.003412959,-0.9964561,0.02033054,-0.1662576,0.9858727,0.1106342,0.04039133,-0.05411354,-0.03289994,0.05395088,-0.0002595782,-0.9980015,-0.107669,-0.06569639,0.9920138,0.14,1.811587,3.74,0,-0.6727939,0,0.73983,-0.9955062,0,0.09469664
saccade,24.7885,0.04461557,0.04162157,-0.05810476,-0.08341394,-0.009843402,-0.003351946,-0.9964607,0.02017632,-0.1661714,0.9858904,0.1106327,0.04039097,-0.05409595,-0.03285136,0.05401994,-0.0001979523,-0.9979994,-0.1078107,-0.06559266,0.9920053,0.14,1.811587,3.74,0,-0.6727939,0,0.73983,-0.9955062,0,0.09469664
saccade,24.7994,0.04460422,0.04162693,-0.05810015,-0.08365224,-0.009737587,-0.003366549,-0.9964418,0.01996912,-0.1666436,0.985815,0.1106209,0.04039705,-0.05408382,-0.03281733,0.05407597,-0.0002046979,-0.9979975,-0.1079219,-0.06552537,0.9919976,0.14,1.811587,3.74,0,-0.6727939,0,0.73983,-0.9955062,0,0.09469664
saccade,24.8108,0.04458342,0.04161441,-0.0581259,-0.08365123,-0.009662548,-0.003379568,-0.9964426,0.01982176,-0.166642,0.9858182,0.1105995,0.04038537,-0.05409955,-0.03380135,0.05487957,-0.0002264215,-0.9979207,-0.1095156,-0.06748698,0.9916914,0.14,1.811587,3.74,0,-0.6727939,0,0.73983,-0.9955062,0,0.09469664
saccade,24.8219,0.04456443,0.04159021,-0.05814503,-0.08368284,-0.009583486,-0.003387508,-0.9964406,0.0196657,-0.166705,0.9858107,0.1105799,0.04036105,-0.0541083,-0.03383331,0.0549587,-0.0002283432,-0.9979152,-0.1096728,-0.06755066,0.9916697,0.14,1.811587,3.74,0,-0.6727939,0,0.73983,-0.9955062,0,0.09469664
saccade,24.8331,0.04455608,0.04158485,-0.05814598,-0.08366673,-0.00960809,-0.003425322,-0.9964417,0.01972097,-0.1666722,0.9858151,0.1105718,0.04036105,-0.05411201,-0.03381969,0.0549361,-0.0002683005,-0.9979169,-0.1096252,-0.06752797,0.9916765,0.14,1.811587,3.74,0,-0.6727939,0,0.73983,-0.9955062,0,0.09469664
saccade,24.8439,0.04455667,0.04157865,-0.05811825,-0.08396031,-0.008955848,-0.003372702,-0.9964232,0.01841398,-0.1672596,0.9857409,0.1105716,0.04034793,-0.05407374,-0.03421149,0.05575495,-0.00021267,-0.9978582,-0.1112565,-0.06830014,0.9914419,0.14,1.811587,3.74,0,-0.6727939,0,0.73983,-0.9955062,0,0.09469664
saccade,24.8551,0.04454552,0.0415982,-0.05810691,-0.08397722,-0.009038411,-0.003370047,-0.996421,0.01857814,-0.1672924,0.9857323,0.1105611,0.04036784,-0.05407333,-0.03422843,0.05567242,-0.0002130455,-0.9978622,-0.1110922,-0.06833424,0.991458,0.14,1.811587,3.74,0,-0.6727939,0,0.73983,-0.9955062,0,0.09469664
saccade,24.8662,0.04453742,0.04158926,-0.05809141,-0.08405285,-0.007932395,-0.003413124,-0.9964239,0.01638182,-0.1674504,0.9857444,0.1105535,0.04036856,-0.05406318,-0.03422504,0.05562944,-0.0002847448,-0.9978648,-0.1110018,-0.06833561,0.991468,0.14,1.811587,3.74,0,-0.6727939,0,0.73983,-0.9955062,0,0.09469664
saccade,24.8772,0.04453068,0.04156089,-0.05807076,-0.08415374,-0.007958839,-0.003441702,-0.9964151,0.01643988,-0.1676493,0.9857096,0.1105471,0.0403434,-0.05404599,-0.03576538,0.0558539,-0.0003465752,-0.9977981,-0.111437,-0.07141197,0.9912024,0.14,1.811587,3.74,0,-0.6727939,0,0.73983,-0.9955062,0,0.09469664
saccade,24.8890,0.0445259,0.04152501,-0.05805061,-0.0842193,-0.007990925,-0.003483149,-0.9964091,0.01651116,-0.1677781,0.9856865,0.1105426,0.04031265,-0.05402979,-0.03583372,0.05582367,-0.00038526,-0.9977974,-0.1113738,-0.0715526,0.9911993,0.14,1.811587,3.74,0,-0.6727939,0,0.73983,-0.9955062,0,0.09469664
saccade,24.8997,0.04465539,0.04184794,-0.05766232,-0.08471472,-0.007695305,-0.003501867,-0.9963694,0.01592805,-0.1687604,0.9855284,0.1105389,0.0402739,-0.05401898,-0.03595209,0.05579077,-0.0003946045,-0.9977949,-0.1113071,-0.07178966,0.9911897,0.14,1.811587,3.74,0,-0.6727939,0,0.73983,-0.9955062,0,0.09469664
saccade,24.9104,0.04464938,0.04180968,-0.05763922,-0.0848399,-0.007725062,-0.003508165,-0.9963585,0.01598913,-0.1690077,0.985485,0.1105331,0.04023576,-0.05400018,-0.03597842,0.05632533,-0.0003770369,-0.9977639,-0.1123716,-0.07183842,0.991066,0.14,1.811587,3.74,0,-0.6727939,0,0.73983,-0.9955062,0,0.09469664
saccade,24.9217,0.04464288,0.0417788,-0.05761429,-0.08487542,-0.007755766,-0.003499211,-0.9963552,0.01604899,-0.1690779,0.985472,0.1105268,0.04020381,-0.05397952,-0.0360135,0.05629415,-0.0003673386,-0.9977644,-0.1123101,-0.07190733,0.991068,0.14,1.811587,3.74,0,-0.6727939,0,0.73983,-0.9955062,0,0.09469664
saccade,24.9336,0.04463909,0.04175425,-0.05762737,-0.08500077,-0.007269763,-0.003549631,-0.996348,0.01508987,-0.1693291,0.9854441,0.1105232,0.04018676,-0.05399217,-0.03606344,0.05629631,-0.0004245138,-0.9977625,-0.1123101,-0.0720133,0.9910603,0.14,1.811587,3.74,0,-0.6727939,0,0.73983,-0.9955062,0,0.09469664
saccade,24.9443,0.04462328,0.04173374,-0.05761426,-0.08503401,-0.007265094,-0.003564208,-0.9963452,0.01508324,-0.1693947,0.9854329,0.1105074,0.04016781,-0.05397842,-0.03699995,0.05668887,-0.0004547955,-0.997706,-0.113084,-0.07388172,0.9908348,0.14,1.811587,3.74,0,-0.6727939,0,0.73983,-0.9955062,0,0.09469664
saccade,24.9550,0.04461047,0.0417043,-0.05760396,-0.08509956,-0.007234983,-0.003529851,-0.99634,0.01501778,-0.1695251,0.9854115,0.1104943,0.04013288,-0.05396479,-0.03706329,0.05671702,-0.0004149034,-0.997702,-0.1131426,-0.0740033,0.990819,0.14,1.811587,3.74,0,-0.6727939,0,0.73983,-0.9955062,0,0.09469664
saccade,24.9662,0.04461262,0.04172122,-0.05760395,-0.0856008,-0.006539818,-0.003594596,-0.9963016,0.01364666,-0.1705214,0.9852595,0.1104961,0.04015744,-0.05395647,-0.0371769,0.05678026,-0.0004735721,-0.9976942,-0.1132635,-0.07423613,0.9907877,0.14,1.811587,3.74,0,-0.6727939,0,0.73983,-0.9955062,0,0.09469664
saccade,24.9770,0.04460666,0.04170287,-0.05759545,-0.0855457,-0.006516358,-0.003586607,-0.9963065,0.01359822,-0.1704127,0.985279,0.11049,0.04013813,-0.05394478,-0.03712119,0.05680346,-0.0004679599,-0.997695,-0.1133103,-0.0741244,0.9907908,0.14,1.811587,3.74,0,-0.6727939,0,0.73983,-0.9955062,0,0.09469664
saccade,24.9890,0.04458647,0.04168987,-0.05758988,-0.08559346,-0.006494558,-0.003588767,-0.9963025,0.01355544,-0.1705074,0.9852632,0.1104696,0.04012489,-0.0539365,-0.03757043,0.05756864,-0.0004594943,-0.9976343,-0.1148304,-0.075016,0.9905486,0.14,1.811587,3.74,0,-0.6727939,0,0.73983,-0.9955062,0,0.09469664
saccade,25.0001,0.04456545,0.04168224,-0.05759032,-0.08576693,-0.006181819,-0.003608508,-0.9962896,0.01293674,-0.1708528,0.9852116,0.1104484,0.04011941,-0.05393176,-0.03760039,0.05760783,-0.0004779925,-0.9976309,-0.1149068,-0.07507769,0.9905351,0.14,1.811587,3.74,0,-0.6727939,0,0.73983,-0.9955062,0,0.09469664
saccade,25.0109,0.04455367,0.04168642,-0.05758289,-0.08586555,-0.006102324,-0.003555295,-0.9962817,0.01276982,-0.1710492,0.9851797,0.1104359,0.04011488,-0.05391486,-0.0376955,0.0576842,-0.0004148158,-0.9976229,-0.1150629,-0.07525966,0.9905032,0.14,1.811587,3.74,0,-0.6727939,0,0.73983,-0.9955062,0,0.09469664
saccade,25.0215,0.04452613,0.04168475,-0.05760247,-0.08571949,-0.00613367,-0.003544393,-0.9962941,0.01282953,-0.1707602,0.9852291,0.1104085,0.04011333,-0.05393814,-0.03790317,0.05830763,-0.0004091093,-0.9975788,-0.1163019,-0.0756705,0.9903271,0.14,1.811587,3.74,0,-0.6727939,0,0.73983,-0.9955062,0,0.09469664
saccade,25.0330,0.04451367,0.04168522,-0.0575999,-0.08609417,-0.006018177,-0.003525317,-0.9962627,0.01259839,-0.1715024,0.9851031,0.1103958,0.04010975,-0.0539318,-0.03789535,0.05833718,-0.0003793098,-0.9975774,-0.116363,-0.07565134,0.9903215,0.14,1.811587,3.74,0,-0.6727939,0,0.73983,-0.9955062,0,0.09469664
saccade,25.0438,0.04449492,0.04169333,-0.05760161,-0.08608823,-0.006047562,-0.003553095,-0.9962628,0.01266168,-0.17149,0.9851045,0.1103773,0.04012179,-0.05393703,-0.03789127,0.05830924,-0.0004088,-0.9975792,-0.1163052,-0.07564675,0.9903286,0.14,1.811587,3.74,0,-0.6727939,0,0.73983,-0.9955062,0,0.09469664
saccade,25.0554,0.04448194,0.0417093,-0.05761116,-0.08601362,-0.006009731,-0.003560249,-0.9962695,0.01258708,-0.1713427,0.9851311,0.110364,0.04013896,-0.05394126,-0.03813298,0.05892939,-0.000413957,-0.9975335,-0.1175365,-0.07612664,0.9901464,0.14,1.811587,3.74,0,-0.6727939,0,0.73983,-0.9955062,0,0.09469664
saccade,25.0665,0.04446574,0.04171956,-0.05761569,-0.08627881,-0.00607697,-0.003654861,-0.9962458,0.01273899,-0.1718654,0.9850381,0.110348,0.04016018,-0.05394318,-0.03814607,0.05894616,-0.0004971134,-0.997532,-0.1175634,-0.07616246,0.9901404,0.14,1.811587,3.74,0,-0.6727939,0,0.73983,-0.9955062,0,0.09469664
saccade,25.0772,0.0444502,0.04171848,-0.05762085,-0.08624371,-0.006027962,-0.003676855,-0.9962491,0.01264491,-0.1717961,0.9850514,0.1103321,0.04016173,-0.05394153,-0.03873162,0.05946443,-0.0005264145,-0.9974786,-0.1185882,-0.07733052,0.9899277,0.14,1.811587,3.74,0,-0.6727939,0,0.73983,-0.9955062,0,0.09469664
saccade,25.0889,0.04444931,0.04174149,-0.05760572,-0.08622057,-0.006074802,-0.003690886,-0.9962507,0.01274051,-0.1717498,0.9850582,0.1103316,0.04018724,-0.05393231,-0.0387095,0.05941847,-0.000544147,-0.9974822,-0.1184956,-0.07728875,0.989942,0.14,1.811587,3.74,0,-0.6727939,0,0.73983,-0.9955062,0,0.09469664
saccade,25.0996,0.04444848,0.04176521,-0.05759047,-0.08638661,-0.006139821,-0.003706053,-0.9962359,0.01287373,-0.1720774,0.9849993,0.1103311,0.04021287,-0.05392294,-0.038686,0.05937288,-0.000556671,-0.9974858,-0.1184041,-0.07724357,0.9899565,0.14,1.811587,3.74,0,-0.6727939,0,0.73983,-0.9955062,0,0.09469664
saccade,25.1108,0.04444284,0.04177022,-0.05759481,-0.08640705,-0.006079641,-0.003741969,-0.9962344,0.01276016,-0.1721178,0.9849937,0.1103251,0.04022169,-0.05391905,-0.03936478,0.0597689,-0.0006002532,-0.9974356,-0.119184,-0.07859943,0.9897562,0.14,1.811587,3.74,0,-0.6727939,0,0.73983,-0.9955062,0,0.09469664
saccade,25.1220,0.0444318,0.04177856,-0.05759872,-0.08636589,-0.006104889,-0.003806384,-0.9962375,0.01282132,-0.1720354,0.9850073,0.1103144,0.0402391,-0.05392539,-0.0393279,0.05974689,-0.0006683598,-0.9974384,-0.1191351,-0.07853419,0.9897673,0.14,1.811587,3.74,0,-0.6727939,0,0.73983,-0.9955062,0,0.09469664
saccade,25.1328,0.04443098,0.0417906,-0.05760268,-0.08636627,-0.005626,-0.003836984,-0.9962402,0.01187247,-0.1720399,0.9850184,0.1103136,0.04025686,-0.05392721,-0.03926839,0.05976002,-0.0007122708,-0.9974399,-0.1191581,-0.07842085,0.9897735,0.14,1.811587,3.74,0,-0.6727939,0,0.73983,-0.9955062,0,0.09469664
saccade,25.1436,0.04441932,0.04179072,-0.05760251,-0.08629095,-0.005675646,-0.003843132,-0.9962465,0.01197194,-0.1718905,0.9850433,0.1103024,0.04025888,-0.05393321,-0.03919352,0.05971106,-0.0007256735,-0.9974458,-0.1190602,-0.07827348,0.9897969,0.14,1.811587,3.74,0,-0.6727939,0,0.73983,-0.9955062,0,0.09469664
saccade,25.1552,0.04441565,0.04179215,-0.05758655,-0.08627596,-0.005621955,-0.003863224,-0.9962479,0.01186833,-0.1718611,0.9850497,0.1102983,0.04026258,-0.05390992,-0.03949081,0.06004239,-0.000746876,-0.9974141,-0.1197153,-0.07886707,0.9896708,0.14,1.811587,3.74,0,-0.6727939,0,0.73983,-0.9955062,0,0.09469664
saccade,25.1659,0.04440816,0.04177487,-0.0575767,-0.08658908,-0.005705679,-0.003802211,-0.9962205,0.01202669,-0.1724803,0.9849396,0.1102907,0.04023576,-0.05390189,-0.03947934,0.06003134,-0.0006750124,-0.9974152,-0.119699,-0.07883564,0.9896752,0.14,1.811587,3.74,0,-0.6727939,0,0.73983,-0.9955062,0,0.09469664
saccade,25.1769,0.04443403,0.04175639,-0.05758589,-0.08657146,-0.00564828,-0.003778622,-0.9962225,0.01190813,-0.1724462,0.984947,0.1103161,0.0402137,-0.05390375,-0.03946,0.06008752,-0.0006499486,-0.9974127,-0.1198128,-0.07879392,0.9896648,0.14,1.811587,3.74,0,-0.6727939,0,0.73983,-0.9955062,0,0.09469664
saccade,25.1885,0.04442776,0.0417062,-0.05758299,-0.0866263,-0.005602058,-0.003828665,-0.9962178,0.01182507,-0.1725544,0.984929,0.1103096,0.04016912,-0.05389441,-0.0399798,0.06033064,-0.0007035806,-0.9973773,-0.1202886,-0.07983479,0.9895236,0.14,1.811587,3.74,0,-0.6727939,0,0.73983,-0.9955062,0,0.09469664
saccade,25.1991,0.04442359,0.04163969,-0.05757592,-0.08567496,-0.007236037,-0.003897082,-0.9962893,0.01508614,-0.1706577,0.9852149,0.1103054,0.04010904,-0.05388344,-0.04011858,0.06036108,-0.00075348,-0.9973698,-0.1203442,-0.08011709,0.9894941,0.14,1.811587,3.74,0,-0.6727939,0,0.73983,-0.9955062,0,0.09469664
saccade,25.2107,0.04444527,0.04157662,-0.05759567,-0.08580199,-0.007163372,-0.003942392,-0.9962787,0.01494996,-0.1709089,0.9851734,0.1103266,0.04005015,-0.05389361,-0.04024854,0.06043515,-0.000786725,-0.9973601,-0.1204879,-0.08037967,0.9894553,0.14,1.811587,3.74,0,-0.6727939,0,0.73983,-0.9955062,0,0.09469664
saccade,25.2215,0.04445205,0.04153574,-0.05757588,-0.08585594,-0.007163677,-0.003898209,-0.9962742,0.01494334,-0.1710163,0.9851549,0.1103333,0.04000294,-0.05387456,-0.04029955,0.06043265,-0.0007390543,-0.9973582,-0.1204864,-0.0804755,0.9894477,0.14,1.811587,3.74,0,-0.6727939,0,0.73983,-0.9955062,0,0.09469664
saccade,25.2325,0.0444593,0.04152179,-0.05754134,-0.08596797,-0.007233259,-0.003835363,-0.9962643,0.01507191,-0.1712382,0.9851144,0.1103409,0.03998065,-0.05385028,-0.04063522,0.05163998,-0.0009032486,-0.9978383,-0.1029833,-0.08118806,0.9913642,0.14,1.811587,3.74,0,-0.6727939,0,0.73983,-0.9955062,0,0.09469664
saccade,25.2440,0.04447516,0.04152763,-0.05750146,-0.08353651,-0.04601776,-0.004638782,-0.9954309,0.09239002,-0.1658827,0.981808,0.1103567,0.03997111,-0.05381606,-0.0407212,0.05160383,-0.0007855588,-0.9978368,-0.1029204,-0.08134729,0.9913577,0.14,1.811587,3.74,0,-0.6727939,0,0.73983,-0.9955062,0,0.09469664
saccade,25.2548,0.04448999,0.04151535,-0.05747847,-0.08366944,-0.04610175,-0.004546172,-0.9954162,0.09254161,-0.1661527,0.9817481,0.110372,0.03994584,-0.05380568,-0.04505432,0.003628664,-0.002054919,-0.9989758,-0.007064729,-0.09003126,0.9959139,0.14,1.811587,3.74,0,-0.6727939,0,0.73983,-0.9955062,0,0.09469664
saccade,25.2659,0.04450454,0.04151154,-0.0574556,-0.08373909,-0.04615355,-0.004531153,-0.995408,0.0926421,-0.1662909,0.9817152,0.1103869,0.03993964,-0.05379008,-0.0451234,0.00357596,-0.002038481,-0.998973,-0.006960609,-0.0901687,0.9959022,0.14,1.811587,3.74,0,-0.6727939,0,0.73983,-0.9955062,0,0.09469664
saccade,25.2769,0.04451639,0.04149854,-0.05745707,-0.06956866,-0.1141564,-0.005887311,-0.9910065,0.2270785,-0.1365419,0.9642571,0.1103989,0.03993046,-0.05379291,-0.04520045,0.003566202,-0.002071105,-0.9989694,-0.006937824,-0.09032251,0.9958884,0.14,1.811587,3.74,0,-0.6727939,0,0.73983,-0.9955062,0,0.09469664
saccade,25.2884,0.0445235,0.04149973,-0.05746153,-0.06964131,-0.1141258,-0.005982212,-0.9910043,0.2270315,-0.1366642,0.9642508,0.110406,0.03994215,-0.05379284,-0.048096,-0.0415447,-0.003420928,-0.9979725,0.08325001,-0.09571274,0.9919216,0.14,1.811587,3.74,0,-0.6727939,0,0.73983,-0.9955062,0,0.09469664
saccade,25.2997,0.04454222,0.04150105,-0.05749188,-0.06962941,-0.1141739,-0.006027427,-0.9909994,0.2271319,-0.1366291,0.9642321,0.1104252,0.03995001,-0.05382911,-0.04808752,-0.04159207,-0.003467936,-0.9979708,0.08334886,-0.0956914,0.9919154,0.14,1.811587,3.74,0,-0.6727939,0,0.73983,-0.9955062,0,0.09469664
saccade,25.3104,0.04454425,0.04150486,-0.05750015,-0.0637111,-0.1511741,-0.006806947,-0.9864284,0.2991123,-0.1236348,0.9461746,0.1104272,0.03995574,-0.05383544,-0.04801453,-0.04157993,-0.003476273,-0.9979748,0.08332526,-0.09554548,0.9919314,0.14,1.811587,3.74,0,-0.6727939,0,0.73983,-0.9955062,0,0.09469664
saccade,25.3217,0.04454433,0.04152703,-0.05751013,-0.06355599,-0.1512551,-0.006827333,-0.9864259,0.2992717,-0.1233212,0.9461651,0.1104279,0.03998542,-0.05385523,-0.04878235,-0.05902326,-0.003991771,-0.997056,0.1180885,-0.09680626,0.9882731,0.14,1.811587,3.74,0,-0.6727939,0,0.73983,-0.9955062,0,0.09469664
saccade,25.3325,0.04455185,0.04154968,-0.05752216,-0.06435023,-0.1618376,-0.007062441,-0.9846917,0.3196292,-0.1244443,0.9393353,0.1104352,0.04000092,-0.05386554,-0.04874036,-0.05900876,-0.003932356,-0.9970592,0.1180538,-0.09672996,0.9882847,0.14,1.811587,3.74,0,-0.6727939,0,0.73983,-0.9955062,0,0.09469664
saccade,25.3439,0.04454855,0.04156351,-0.05754165,-0.06425904,-0.1618953,-0.007004059,-0.9846886,0.3197331,-0.1242825,0.9393214,0.1104322,0.04001033,-0.0538927,-0.04864375,-0.05906753,-0.003884661,-0.9970606,0.1181657,-0.09654262,0.9882897,0.14,1.811587,3.74,0,-0.6727939,0,0.73983,-0.9955062,0,0.09469664
saccade,25.3548,0.04455688,0.04155123,-0.05753938,-0.0641465,-0.1616856,-0.006930285,-0.984731,0.3193227,-0.124093,0.939486,0.1104388,0.03998995,-0.05386245,-0.05088847,-0.06824116,-0.004133172,-0.9963616,0.1364064,-0.1008425,0.985507,0.14,1.811587,3.74,0,-0.6727939,0,0.73983,-0.9955062,0,0.09469664
saccade,25.3662,0.04453788,0.04154074,-0.05758829,-0.0631229,-0.1679117,-0.007127365,-0.9837533,0.3312671,-0.1218012,0.9356424,0.1104208,0.03998888,-0.05392459,-0.05092716,-0.06834377,-0.004205127,-0.9963523,0.1366172,-0.100908,0.9854711,0.14,1.811587,3.74,0,-0.6727939,0,0.73983,-0.9955062,0,0.09469664
saccade,25.3768,0.04454743,0.04152489,-0.05762664,-0.06308575,-0.1678019,-0.007191253,-0.9837739,0.3310655,-0.1217108,0.9357255,0.1104297,0.03998148,-0.0539476,-0.05089618,-0.06823167,-0.004271008,-0.9963613,0.1364015,-0.1008391,0.985508,0.14,1.811587,3.74,0,-0.6727939,0,0.73983,-0.9955062,0,0.09469664
saccade,25.3881,0.04452951,0.04150081,-0.05765323,-0.06306844,-0.1676956,-0.007273157,-0.9837925,0.3308728,-0.1216532,0.9358011,0.1104112,0.03996742,-0.05395929,-0.05088679,-0.06812306,-0.004352867,-0.9963688,0.1361944,-0.100811,0.9855396,0.14,1.811587,3.74,0,-0.6727939,0,0.73983,-0.9955062,0,0.09469664
saccade,25.3998,0.04451306,0.04147208,-0.05766896,-0.06246719,-0.1710566,-0.007374272,-0.9832513,0.3373045,-0.1203191,0.933675,0.1103944,0.03994322,-0.05396738,-0.05134295,-0.07373334,-0.004546667,-0.9959451,0.1473356,-0.101599,0.9838546,0.14,1.811587,3.74,0,-0.6727939,0,0.73983,-0.9955062,0,0.09469664
saccade,25.4104,0.04449999,0.04144108,-0.05768473,-0.06236241,-0.1710558,-0.007443585,-0.9832576,0.3373122,-0.1200901,0.9337017,0.1103815,0.03992426,-0.05398196,-0.0512454,-0.07373123,-0.004625903,-0.9959499,0.1473393,-0.1013936,0.9838752,0.14,1.811587,3.74,0,-0.6727939,0,0.73983,-0.9955062,0,0.09469664
saccade,25.4216,0.04449215,0.04142523,-0.05764262,-0.0625817,-0.1709977,-0.007424988,-0.9832539,0.3371976,-0.1205281,0.9336867,0.1103731,0.03989899,-0.05393342,-0.05102932,-0.07765291,-0.004673596,-0.9956627,0.1551092,-0.1008901,0.9827321,0.14,1.811587,3.74,0,-0.6727939,0,0.73983,-0.9955062,0,0.09469664
saccade,25.4333,0.04448673,0.04140997,-0.0576448,-0.06328045,-0.1731752,-0.007495485,-0.9828274,0.3413513,-0.1217915,0.9320118,0.1103681,0.03988278,-0.05394378,-0.05105503,-0.07771368,-0.004667148,-0.9956567,0.1552289,-0.1009412,0.9827079,0.14,1.811587,3.74,0,-0.6727939,0,0.73983,-0.9955062,0,0.09469664
saccade,25.4436,0.04448526,0.04138994,-0.05764513,-0.06334487,-0.1731736,-0.007513733,-0.9828234,0.34135,-0.1219113,0.9319966,0.1103667,0.03986323,-0.0539441,-0.05112096,-0.07771216,-0.004679092,-0.9956533,0.1552271,-0.1010703,0.9826949,0.14,1.811587,3.74,0,-0.6727939,0,0.73983,-0.9955062,0,0.09469664
saccade,25.4550,0.04448121,0.04139197,-0.05759949,-0.06340784,-0.1731733,-0.007507688,-0.9828195,0.3413482,-0.1220367,0.9319809,0.1103626,0.03986251,-0.05389881,-0.05076091,-0.08095971,-0.004737473,-0.9954127,0.1616576,-0.100289,0.9817377,0.14,1.811587,3.74,0,-0.6727939,0,0.73983,-0.9955062,0,0.09469664
saccade,25.4661,0.04447761,0.04135871,-0.0575921,-0.06349489,-0.1730761,-0.007594787,-0.9828303,0.3411734,-0.1221805,0.9320261,0.1103584,0.039837,-0.05387826,-0.05085545,-0.08086076,-0.004814805,-0.9954156,0.1614698,-0.100466,0.9817505,0.14,1.811587,3.74,0,-0.6727939,0,0.73983,-0.9955062,0,0.09469664
saccade,25.4799,0.04447166,0.04131925,-0.05759278,-0.06392758,-0.1752296,-0.007722282,-0.9824196,0.3452853,-0.1229011,0.9304157,0.1103526,0.0398041,-0.05387966,-0.05090275,-0.08086741,-0.004870515,-0.9954123,0.1614887,-0.1005507,0.9817387,0.14,1.811587,3.74,0,-0.6727939,0,0.73983,-0.9955062,0,0.09469664
saccade,25.4936,0.04448125,0.04131258,-0.05757094,-0.06393447,-0.1751116,-0.007858764,-0.9824391,0.3450779,-0.1228711,0.9304966,0.1103617,0.03981364,-0.05384104,-0.05131785,-0.08305749,-0.005076589,-0.9952096,0.1658403,-0.1013007,0.9809359,0.14,1.811587,3.74,0,-0.6727939,0,0.73983,-0.9955062,0,0.09469664
saccade,25.4991,0.04447152,0.04131961,-0.05758043,-0.06419013,-0.1763818,-0.007727493,-0.9821962,0.347475,-0.1233686,0.9295382,0.1103521,0.03979969,-0.05386207,-0.05129731,-0.08313732,-0.004908523,-0.9952049,0.1659809,-0.1012865,0.9809135,0.14,1.811587,3.74,0,-0.6727939,0,0.73983,-0.9955062,0,0.09469664
saccade,25.5105,0.0444783,0.04130745,-0.05755995,-0.06422345,-0.1764023,-0.007636715,-0.9821911,0.3475024,-0.1234651,0.9295152,0.1103588,0.03977501,-0.05384522,-0.05132204,-0.08315946,-0.004815302,-0.9952022,0.1660152,-0.1013507,0.9809011,0.14,1.811587,3.74,0,-0.6727939,0,0.73983,-0.9955062,0,0.09469664
saccade,25.5217,0.04449255,0.04128969,-0.05753893,-0.06426825,-0.1764368,-0.007556261,-0.9821826,0.3475575,-0.1235799,0.9294793,0.1103731,0.03974593,-0.05382968,-0.05153005,-0.08632059,-0.00481803,-0.9949222,0.1722611,-0.101705,0.9797868,0.14,1.811587,3.74,0,-0.6727939,0,0.73983,-0.9955062,0,0.09469664
saccade,25.5325,0.04448253,0.04129839,-0.05750035,-0.0642903,-0.176476,-0.007476965,-0.9821747,0.3476219,-0.1236496,0.929446,0.1103632,0.03974402,-0.05379707,-0.05154493,-0.08636142,-0.004737591,-0.9949183,0.1723335,-0.1017477,0.9797696,0.14,1.811587,3.74,0,-0.6727939,0,0.73983,-0.9955062,0,0.09469664
saccade,25.5438,0.04448638,0.04126775,-0.05747656,-0.06424963,-0.1771423,-0.007484612,-0.9820573,0.3488896,-0.123542,0.9289852,0.1103673,0.03971124,-0.05377944,-0.05160442,-0.08640555,-0.004727366,-0.9949114,0.1724197,-0.1018667,0.9797421,0.14,1.811587,3.74,0,-0.6727939,0,0.73983,-0.9955062,0,0.09469664
saccade,25.5556,0.04449069,0.04124224,-0.05746411,-0.06442725,-0.1771398,-0.007524244,-0.9820458,0.3488883,-0.1238753,0.9289412,0.1103716,0.03968537,-0.05376734,-0.05203375,-0.08854482,-0.004814523,-0.9947006,0.1766522,-0.1026634,0.9789046,0.14,1.811587,3.74,0,-0.6727939,0,0.73983,-0.9955062,0,0.09469664
saccade,25.5658,0.04448386,0.04118764,-0.05745776,-0.06441119,-0.1771087,-0.007632568,-0.9820517,0.3488431,-0.1238067,0.9289674,0.1103648,0.03964484,-0.05375591,-0.05202733,-0.08851194,-0.004923433,-0.9947033,0.1765985,-0.1026319,0.9789176,0.14,1.811587,3.74,0,-0.6727939,0,0.73983,-0.9955062,0,0.09469664
saccade,25.5769,0.04448142,0.04115868,-0.05745333,-0.06430689,-0.1786229,-0.007789102,-0.981783,0.3517395,-0.1234882,0.927917,0.1103628,0.03963196,-0.05375293,-0.05202099,-0.08852912,-0.005044924,-0.9947014,0.176645,-0.1025975,0.9789128,0.14,1.811587,3.74,0,-0.6727939,0,0.73983,-0.9955062,0,0.09469664
saccade,25.5883,0.0444846,0.04114151,-0.05744798,-0.06438015,-0.1786865,-0.007947249,-0.9817654,0.3518797,-0.1235723,0.9278527,0.1103669,0.03963339,-0.05375527,-0.0523203,-0.09074852,-0.005259957,-0.9944847,0.1810464,-0.1031088,0.9780546,0.14,1.811587,3.74,0,-0.6727939,0,0.73983,-0.9955062,0,0.09469664
saccade,25.6002,0.04449826,0.0411377,-0.05743331,-0.06365432,-0.1796445,-0.00800666,-0.9816374,0.3537109,-0.1220942,0.927352,0.110381,0.0396384,-0.05374488,-0.05228633,-0.09078508,-0.005320495,-0.9944828,0.1811248,-0.1030297,0.9780484,0.14,1.811587,3.74,0,-0.6727939,0,0.73983,-0.9955062,0,0.09469664
saccade,25.6105,0.04451191,0.04112792,-0.05742922,-0.06358222,-0.1797094,-0.007940318,-0.9816307,0.3538262,-0.1219746,0.9273237,0.110395,0.0396229,-0.05374956,-0.05220871,-0.09085111,-0.005261671,-0.9944811,0.1812488,-0.1028851,0.9780406,0.14,1.811587,3.74,0,-0.6727939,0,0.73983,-0.9955062,0,0.09469664
saccade,25.6214,0.04451816,0.04113305,-0.05741973,-0.06358536,-0.1797659,-0.007918234,-0.9816203,0.3539307,-0.1219865,0.9272822,0.1104016,0.03962564,-0.05374782,-0.05221004,-0.09090861,-0.005240078,-0.9944759,0.18136,-0.1028905,0.9780195,0.14,1.811587,3.74,0,-0.6727939,0,0.73983,-0.9955062,0,0.09469664
saccade,25.6326,0.04452837,0.04113054,-0.05740426,-0.06350658,-0.1805412,-0.007845322,-0.9814837,0.355393,-0.1218285,0.9267436,0.1104116,0.03961289,-0.05373297,-0.05253502,-0.09284852,-0.005215311,-0.9942797,0.1851828,-0.1035005,0.9772385,0.14,1.811587,3.74,0,-0.6727939,0,0.73983,-0.9955062,0,0.09469664
saccade,25.6434,0.04451969,0.04114974,-0.05739865,-0.06349017,-0.180562,-0.007841242,-0.981481,0.3554319,-0.1217971,0.9267328,0.1104031,0.0396322,-0.05373008,-0.05251837,-0.09286945,-0.005212942,-0.9942787,0.1852238,-0.1034675,0.9772342,0.14,1.811587,3.74,0,-0.6727939,0,0.73983,-0.9955062,0,0.09469664
saccade,25.6550,0.04453608,0.04117298,-0.05741033,-0.06337466,-0.1804765,-0.007820737,-0.9815044,0.3552682,-0.1215821,0.9268238,0.1104188,0.03965569,-0.05372983,-0.05213859,-0.09452318,-0.005238799,-0.9941427,0.1884854,-0.102676,0.9766939,0.14,1.811587,3.74,0,-0.6727939,0,0.73983,-0.9955062,0,0.09469664
saccade,25.6659,0.04453865,0.04118478,-0.05740854,-0.06336368,-0.1803921,-0.007764032,-0.981521,0.3551012,-0.1215844,0.9268875,0.1104206,0.03965986,-0.05371713,-0.05212247,-0.0944384,-0.005182263,-0.9941518,0.1883125,-0.1026565,0.9767293,0.14,1.811587,3.74,0,-0.6727939,0,0.73983,-0.9955062,0,0.09469664
saccade,25.6771,0.04453382,0.0411967,-0.05740541,-0.06312484,-0.1811345,-0.007740257,-0.9813999,0.3565079,-0.1210974,0.9264111,0.1104152,0.03966737,-0.05370533,-0.05208571,-0.09437222,-0.005146314,-0.9941602,0.1881783,-0.1025917,0.9767619,0.14,1.811587,3.74,0,-0.6727939,0,0.73983,-0.9955062,0,0.09469664
saccade,25.6882,0.04452801,0.04120147,-0.05741397,-0.0630907,-0.1811793,-0.007712579,-0.981394,0.3565897,-0.121039,0.9263873,0.1104097,0.03966999,-0.0537199,-0.05172704,-0.09548713,-0.005139847,-0.9940726,0.190374,-0.1018593,0.9764131,0.14,1.811587,3.74,0,-0.6727939,0,0.73983,-0.9955062,0,0.09469664
saccade,25.6994,0.04452853,0.04120028,-0.05741195,-0.06304285,-0.1811339,-0.0076865,-0.9814057,0.3565009,-0.1209566,0.9264322,0.1104098,0.03966653,-0.05371175,-0.05167694,-0.09544128,-0.005117464,-0.9940796,0.1902814,-0.1017651,0.9764409,0.14,1.811587,3.74,0,-0.6727939,0,0.73983,-0.9955062,0,0.09469664
saccade,25.7103,0.04453108,0.04119563,-0.05740996,-0.06250782,-0.1815629,-0.0076573,-0.9813609,0.3573148,-0.1199049,0.9262553,0.1104125,0.03966033,-0.05371344,-0.05163451,-0.09546952,-0.005097401,-0.9940792,0.1903349,-0.1016843,0.9764389,0.14,1.811587,3.74,0,-0.6727939,0,0.73983,-0.9955062,0,0.09469664
saccade,25.7217,0.04453525,0.04118347,-0.05739567,-0.06249223,-0.1815793,-0.007642239,-0.9813589,0.357344,-0.1198793,0.9262474,0.1104168,0.03964686,-0.05370136,-0.05127003,-0.09641634,-0.005097023,-0.9940067,0.1921996,-0.1009426,0.9761506,0.14,1.811587,3.74,0,-0.6727939,0,0.73983,-0.9955062,0,0.09469664
saccade,25.7325,0.04451184,0.04117477,-0.05739308,-0.06239544,-0.1816252,-0.007635065,-0.9813567,0.3574309,-0.1196909,0.9262382,0.1103937,0.03964067,-0.05370443,-0.05117305,-0.09646243,-0.005098744,-0.9940072,0.1922905,-0.1007491,0.9761527,0.14,1.811587,3.74,0,-0.6727939,0,0.73983,-0.9955062,0,0.09469664
saccade,25.7437,0.04451323,0.04118526,-0.05737382,-0.06244069,-0.1816674,-0.007600124,-0.9813462,0.3575064,-0.1197905,0.9261962,0.1103954,0.03964567,-0.05369132,-0.05121528,-0.09650578,-0.005060545,-0.994001,0.1923721,-0.1008393,0.9761273,0.14,1.811587,3.74,0,-0.6727939,0,0.73983,-0.9955062,0,0.09469664
saccade,25.7549,0.04452314,0.04113591,-0.05735971,-0.06261307,-0.182048,-0.007714917,-0.9812638,0.3582403,-0.1200709,0.9258763,0.1104059,0.0396086,-0.05368272,-0.05116194,-0.09725003,-0.005174663,-0.9939306,0.1938491,-0.1006964,0.9758497,0.14,1.811587,3.74,0,-0.6727939,0,0.73983,-0.9955062,0,0.09469664
saccade,25.7661,0.04452534,0.04111445,-0.05734498,-0.06270196,-0.1821091,-0.007666736,-0.9812472,0.3583495,-0.1202599,0.9258095,0.1104084,0.0395788,-0.05367701,-0.05124661,-0.09731282,-0.005119791,-0.9939204,0.1939671,-0.1008737,0.975808,0.14,1.811587,3.74,0,-0.6727939,0,0.73983,-0.9955062,0,0.09469664
saccade,25.7771,0.04454556,0.04112029,-0.05733731,-0.06298095,-0.18268,-0.007768784,-0.9811224,0.3594414,-0.1207456,0.9253228,0.1104289,0.03959394,-0.0536718,-0.05128887,-0.09733372,-0.005196989,-0.9939158,0.1940161,-0.100942,0.9757912,0.14,1.811587,3.74,0,-0.6727939,0,0.73983,-0.9955062,0,0.09469664
saccade,25.7884,0.04454622,0.04108882,-0.05733091,-0.06303403,-0.1827277,-0.007757878,-0.9811102,0.3595301,-0.1208515,0.9252746,0.1104299,0.03955984,-0.05367216,-0.05157806,-0.09822558,-0.005211407,-0.993813,0.1957733,-0.1014941,0.9753829,0.14,1.811587,3.74,0,-0.6727939,0,0.73983,-0.9955062,0,0.09469664
saccade,25.7993,0.04455052,0.04105651,-0.0573253,-0.06314617,-0.1827144,-0.007828229,-0.9811049,0.3595125,-0.1210454,0.925256,0.1104342,0.0395329,-0.05366486,-0.05169583,-0.09821179,-0.005271764,-0.993808,0.1957524,-0.101716,0.975364,0.14,1.811587,3.74,0,-0.6727939,0,0.73983,-0.9955062,0,0.09469664
saccade,25.8104,0.04455521,0.04104984,-0.05730206,-0.06361149,-0.1831164,-0.007848258,-0.9809997,0.3602728,-0.1219314,0.9248439,0.110439,0.0395273,-0.053642,-0.05163785,-0.0982165,-0.005270226,-0.9938105,0.1957615,-0.1016012,0.9753741,0.14,1.811587,3.74,0,-0.6727939,0,0.73983,-0.9955062,0,0.09469664
saccade,25.8214,0.04455641,0.04102921,-0.05729341,-0.06368452,-0.1831332,-0.007850359,-0.9809918,0.3603043,-0.1220727,0.924813,0.1104403,0.03950477,-0.05363599,-0.05203083,-0.0988549,-0.005292428,-0.9937266,0.1970202,-0.1023625,0.975041,0.14,1.811587,3.74,0,-0.6727939,0,0.73983,-0.9955062,0,0.09469664
saccade,25.8329,0.04454923,0.04103708,-0.05729111,-0.06370086,-0.1830425,-0.007832586,-0.9810078,0.3601301,-0.1221147,0.9248753,0.1104324,0.03950906,-0.05362178,-0.05204533,-0.09876334,-0.005272212,-0.993735,0.196838,-0.1023971,0.9750742,0.14,1.811587,3.74,0,-0.6727939,0,0.73983,-0.9955062,0,0.09469664
saccade,25.8435,0.04453884,0.04101574,-0.05728306,-0.06367706,-0.1830487,-0.007920267,-0.9810075,0.3601531,-0.1220358,0.9248768,0.1104221,0.03949833,-0.05361157,-0.05207507,-0.09875028,-0.005358484,-0.9937343,0.1968212,-0.1024393,0.9750732,0.14,1.811587,3.74,0,-0.6727939,0,0.73983,-0.9955062,0,0.09469664
saccade,25.8547,0.04455065,0.04102826,-0.05729851,-0.06372591,-0.1830391,-0.007883203,-0.9810064,0.3601298,-0.1221452,0.9248714,0.1104337,0.03950441,-0.05362629,-0.05240633,-0.0992742,-0.005340159,-0.9936648,0.1978503,-0.1030884,0.9747964,0.14,1.811587,3.74,0,-0.6727939,0,0.73983,-0.9955062,0,0.09469664
saccade,25.8662,0.04454929,0.04102111,-0.05729849,-0.06372786,-0.1829635,-0.007949098,-0.9810199,0.3599949,-0.1221278,0.9249262,0.1104319,0.039505,-0.05361567,-0.05241363,-0.09919696,-0.005404742,-0.9936718,0.197705,-0.1030916,0.9748256,0.14,1.811587,3.74,0,-0.6727939,0,0.73983,-0.9955062,0,0.09469664
saccade,25.8768,0.04453534,0.04099715,-0.05730859,-0.0637553,-0.1834216,-0.008014392,-0.980932,0.3608702,-0.1221392,0.9245836,0.1104175,0.03948498,-0.05361613,-0.05248716,-0.09912389,-0.00545055,-0.9936749,0.197566,-0.1032298,0.9748391,0.14,1.811587,3.74,0,-0.6727939,0,0.73983,-0.9955062,0,0.09469664
saccade,25.8885,0.04452628,0.04098439,-0.05730978,-0.06382617,-0.1833681,-0.008032515,-0.9809372,0.3607705,-0.1222731,0.9246048,0.1104081,0.03947186,-0.05361041,-0.05288493,-0.09948868,-0.005483202,-0.9936172,0.1982873,-0.1040037,0.9746104,0.14,1.811587,3.74,0,-0.6727939,0,0.73983,-0.9955062,0,0.09469664
saccade,25.8993,0.04450381,0.04100752,-0.05729543,-0.06387616,-0.1833372,-0.008048414,-0.9809396,0.3607137,-0.1223662,0.9246146,0.1103854,0.03949511,-0.05359209,-0.05293604,-0.09945751,-0.00549445,-0.9936175,0.1982272,-0.1041034,0.9746119,0.14,1.811587,3.74,0,-0.6727939,0,0.73983,-0.9955062,0,0.09469664
saccade,25.9104,0.0445088,0.04099345,-0.05729587,-0.06380828,-0.1835645,-0.008008735,-0.9809019,0.3611395,-0.1222391,0.9244652,0.1103898,0.03947771,-0.05358415,-0.05282721,-0.09939579,-0.005454409,-0.9936298,0.1981015,-0.1038971,0.9746595,0.14,1.811587,3.74,0,-0.6727939,0,0.73983,-0.9955062,0,0.09469664
saccade,25.9218,0.04450905,0.04099178,-0.05729809,-0.06385265,-0.183595,-0.007994123,-0.9808934,0.3611951,-0.1223299,0.9244314,0.1103903,0.03947294,-0.05359082,-0.05295391,-0.09979707,-0.005448811,-0.9935828,0.1988904,-0.1041406,0.9744729,0.14,1.811587,3.74,0,-0.6727939,0,0.73983,-0.9955062,0,0.09469664
saccade,25.9328,0.04451974,0.04099441,-0.05730386,-0.06387852,-0.1835939,-0.007976007,-0.9808921,0.3611906,-0.1223872,0.9244257,0.1104009,0.03947246,-0.05359672,-0.05297818,-0.09979629,-0.005428558,-0.9935817,0.1988867,-0.1041928,0.9744681,0.14,1.811587,3.74,0,-0.6727939,0,0.73983,-0.9955062,0,0.09469664
saccade,25.9442,0.044536,0.04100084,-0.05731483,-0.06394715,-0.1834452,-0.007905386,-0.980916,0.3608998,-0.1225531,0.9245172,0.1104172,0.03947127,-0.05361198,-0.05294397,-0.09982652,-0.005362554,-0.9935808,0.1989393,-0.1041376,0.9744632,0.14,1.811587,3.74,0,-0.6727939,0,0.73983,-0.9955062,0,0.09469664
saccade,25.9618,0.04455187,0.04100466,-0.05731928,-0.06393576,-0.1834424,-0.007928868,-0.980917,0.3608975,-0.1225224,0.9245222,0.1104331,0.03947842,-0.05361582,-0.05289039,-0.100156,-0.005394242,-0.9935504,0.1995908,-0.104018,0.9743428,0.14,1.811587,3.74,0,-0.6727939,0,0.73983,-0.9955062,0,0.09469664
saccade,25.9729,0.04456231,0.04103553,-0.05730961,-0.0639909,-0.1837422,-0.007888737,-0.9808577,0.3614596,-0.1226329,0.9242879,0.1104439,0.03950524,-0.05361393,-0.05282804,-0.1002149,-0.005349996,-0.993548,0.1997019,-0.1039021,0.9743323,0.14,1.811587,3.74,0,-0.6727939,0,0.73983,-0.9955062,0,0.09469664
saccade,25.9839,0.04457171,0.0410614,-0.05731376,-0.06401815,-0.1838441,-0.007839629,-0.9808372,0.361646,-0.1227002,0.9242061,0.110454,0.03952491,-0.05363224,-0.05285138,-0.1003187,-0.005299971,-0.9935365,0.1999008,-0.1039562,0.9742858,0.14,1.811587,3.74,0,-0.6727939,0,0.73983,-0.9955062,0,0.09469664
saccade,25.9949,0.04459752,0.04107797,-0.05731859,-0.06404205,-0.1839039,-0.007829948,-0.9808245,0.3617579,-0.1227481,0.9241559,0.1104802,0.03953993,-0.05364529,-0.05287457,-0.1003795,-0.005289019,-0.9935293,0.2000193,-0.104003,0.9742565,0.14,1.811587,3.74,0,-0.6727939,0,0.73983,-0.9955062,0,0.09469664
saccade,26.0068,0.04461541,0.04107034,-0.05732352,-0.06387503,-0.1837086,-0.007844422,-0.9808719,0.3613913,-0.1224243,0.9243423,0.1104988,0.03953743,-0.05366104,-0.05306665,-0.1009903,-0.005339543,-0.9934568,0.2012257,-0.1043604,0.9739698,0.14,1.811587,3.74,0,-0.6727939,0,0.73983,-0.9955062,0,0.09469664
saccade,26.0185,0.04466389,0.04105043,-0.05735632,-0.06374805,-0.1837796,-0.007855935,-0.9808667,0.3615282,-0.1221692,0.9243225,0.1105479,0.0395236,-0.05370255,-0.0529412,-0.1010615,-0.00536244,-0.9934561,0.201368,-0.1041056,0.9739676,0.14,1.811587,3.74,0,-0.6727939,0,0.73983,-0.9955062,0,0.09469664
saccade,26.0283,0.04469322,0.04104328,-0.05735528,-0.06358898,-0.1838697,-0.007908876,-0.9808598,0.3617066,-0.1218353,0.9242967,0.1105781,0.03952897,-0.05371226,-0.05161998,-0.09785726,-0.00530777,-0.9938467,0.1950582,-0.1015659,0.9755186,0.14,1.811587,3.74,0,-0.6727939,0,0.73983,-0.9955062,0,0.09469664
saccade,26.0398,0.04471696,0.04105461,-0.05735701,-0.06181107,-0.1711346,-0.007513779,-0.9832782,0.3374748,-0.1189832,0.9337847,0.1106021,0.0395391,-0.05371925,-0.05163192,-0.0978961,-0.005298289,-0.9938422,0.1951337,-0.1015906,0.975501,0.14,1.811587,3.74,0,-0.6727939,0,0.73983,-0.9955062,0,0.09469664
saccade,26.0509,0.04474868,0.04105818,-0.05736744,-0.06176855,-0.1711178,-0.007552691,-0.9832835,0.3374476,-0.1188872,0.9338067,0.1106338,0.03954875,-0.0537269,-0.05159233,-0.0978785,-0.005340055,-0.9938459,0.1951033,-0.1015043,0.9755161,0.14,1.811587,3.74,0,-0.6727939,0,0.73983,-0.9955062,0,0.09469664
saccade,26.0616,0.04477172,0.04106009,-0.05737893,-0.0617572,-0.171151,-0.007543507,-0.9832785,0.3375099,-0.1188669,0.9337868,0.1106571,0.03955007,-0.05374283,-0.03721106,-0.04817599,-0.003595742,-0.9981391,0.09644027,-0.07393718,0.9925888,0.14,1.811587,3.74,0,-0.6727939,0,0.73983,-0.9955062,0,0.09469664
saccade,26.0734,0.0447849,0.04105711,-0.05738189,-0.05547271,-0.08972986,-0.005210053,-0.9944065,0.1790339,-0.1093898,0.9777427,0.1106696,0.03954184,-0.05373611,-0.03724642,-0.04810028,-0.003561866,-0.9981415,0.09628709,-0.07401174,0.9925981,0.14,1.811587,3.74,0,-0.6727939,0,0.73983,-0.9955062,0,0.09469664
saccade,26.0839,0.04480588,0.04102564,-0.05738305,-0.0555281,-0.08968277,-0.005192981,-0.9944077,0.1789392,-0.1095037,0.9777473,0.1106902,0.03950667,-0.05373141,-0.03730107,-0.04805354,-0.003541633,-0.9981418,0.0961927,-0.07412314,0.992599,0.14,1.811587,3.74,0,-0.6727939,0,0.73983,-0.9955062,0,0.09469664
saccade,26.0952,0.04480737,0.04098499,-0.05740047,-0.05560269,-0.08964952,-0.005246436,-0.9944063,0.1788795,-0.1096426,0.9777426,0.1106916,0.03947127,-0.05374438,-0.006817951,0.05504856,6.330788E-05,-0.9984604,-0.1099285,-0.01360794,0.9938464,0.14,1.811587,3.74,0,-0.6727939,0,0.73983,-0.9955062,0,0.09469664
saccade,26.1061,0.04483628,0.04097962,-0.0573855,-0.04255497,0.04492658,-0.001178902,-0.9980828,-0.08958056,-0.0850527,0.9923413,0.1107194,0.03944731,-0.05371716,-0.006871315,0.05514377,0.0002043385,-0.9984548,-0.1101199,-0.01369886,0.9938239,0.14,1.811587,3.74,0,-0.6727939,0,0.73983,-0.9955062,0,0.09469664
saccade,26.1176,0.04486125,0.04099846,-0.05736835,-0.04248781,0.04489562,-0.0009723739,-0.9980873,-0.08953688,-0.0849004,0.9923583,0.110744,0.0394392,-0.05370508,-0.006801945,0.05510545,0.0004089306,-0.9984573,-0.1100464,-0.01353783,0.9938343,0.14,1.811587,3.74,0,-0.6727939,0,0.73983,-0.9955062,0,0.09469664
saccade,26.1291,0.04487951,0.04100919,-0.05734736,-0.04247912,0.0448175,-0.0007609981,-0.9980913,-0.08939927,-0.0848643,0.9923738,0.1107622,0.03942251,-0.05369557,0.02631118,0.1476274,0.00408128,-0.9886846,-0.2916991,0.05323192,0.9550278,0.14,1.811587,3.74,0,-0.6727939,0,0.73983,-0.9955062,0,0.09469664
saccade,26.1397,0.04490972,0.04102099,-0.05732408,-0.02979628,0.1415202,0.002321455,-0.9894841,-0.2802024,-0.05830883,0.9581684,0.1107923,0.0394156,-0.05367824,0.02628082,0.1475801,0.004224557,-0.9886919,-0.2916005,0.05321418,0.9550589,0.14,1.811587,3.74,0,-0.6727939,0,0.73983,-0.9955062,0,0.09469664
saccade,26.1511,0.04494645,0.04102373,-0.05730557,-0.02979948,0.1414239,0.002379413,-0.9894977,-0.280019,-0.05830003,0.9582226,0.1108296,0.03941131,-0.05367281,0.02627814,0.1474808,0.004276989,-0.9887065,-0.2914057,0.05322428,0.9551178,0.14,1.811587,3.74,0,-0.6727939,0,0.73983,-0.9955062,0,0.09469664
saccade,26.1622,0.04497756,0.04103112,-0.05729726,-0.02983064,0.1413781,0.00228122,-0.9895036,-0.2799244,-0.05839001,0.9582447,0.1108613,0.03943205,-0.05367024,0.04130215,0.187497,0.005699346,-0.9813799,-0.3675408,0.08320343,0.926278,0.14,1.811587,3.74,0,-0.6727939,0,0.73983,-0.9955062,0,0.09469664
saccade,26.1735,0.0449717,0.04101682,-0.05728702,-0.02331441,0.1785135,0.003418237,-0.9836553,-0.3513508,-0.04464629,0.9351788,0.1108558,0.03942418,-0.05366323,0.0412765,0.1874753,0.005652684,-0.9813855,-0.3675044,0.0831358,0.9262986,0.14,1.811587,3.74,0,-0.6727939,0,0.73983,-0.9955062,0,0.09469664
saccade,26.1843,0.04497512,0.04102719,-0.0572932,-0.02349257,0.1784261,0.003402194,-0.983667,-0.3511837,-0.04500366,0.9352244,0.11086,0.03943992,-0.05368143,0.04109848,0.187391,0.005632681,-0.9814091,-0.3673514,0.08277986,0.9263911,0.14,1.811587,3.74,0,-0.6727939,0,0.73983,-0.9955062,0,0.09469664
saccade,26.1957,0.04499617,0.04101694,-0.05728982,-0.02340948,0.1783958,0.003262335,-0.9836749,-0.3511197,-0.04489066,0.9352539,0.1108817,0.03944659,-0.05368142,0.04166628,0.1876937,0.005513919,-0.981328,-0.3679187,0.08384643,0.92607,0.14,1.811587,3.74,0,-0.6727939,0,0.73983,-0.9955062,0,0.09469664
saccade,26.2068,0.04501102,0.0410279,-0.05728817,-0.02454776,0.1716366,0.002959519,-0.98485,-0.3382179,-0.0473358,0.9398766,0.110897,0.03946877,-0.0536837,0.04170152,0.187667,0.005423002,-0.9813321,-0.367875,0.08388153,0.9260842,0.14,1.811587,3.74,0,-0.6727939,0,0.73983,-0.9955062,0,0.09469664
saccade,26.2174,0.04501185,0.04106188,-0.05728589,-0.02452936,0.1715631,0.003070295,-0.9848629,-0.3380828,-0.04726262,0.9399288,0.110898,0.03948808,-0.05369163,0.04172188,0.1875864,0.005528273,-0.9813461,-0.367713,0.08396127,0.9261413,0.14,1.811587,3.74,0,-0.6727939,0,0.73983,-0.9955062,0,0.09469664
saccade,26.2290,0.04500971,0.0410794,-0.05728945,-0.02441373,0.1714761,0.003092735,-0.9848809,-0.337918,-0.04702857,0.9399998,0.1108964,0.03950119,-0.05370665,0.04524792,0.189357,0.005696324,-0.9808487,-0.3709456,0.09092,0.9241931,0.14,1.811587,3.74,0,-0.6727939,0,0.73983,-0.9955062,0,0.09469664
saccade,26.2402,0.04500147,0.04108727,-0.05729307,-0.02377459,0.1715758,0.003156965,-0.984879,-0.3381128,-0.04574687,0.9399931,0.1108879,0.03950179,-0.05370802,0.04533242,0.1893698,0.005740875,-0.9808421,-0.3709632,0.09110219,0.9241681,0.14,1.811587,3.74,0,-0.6727939,0,0.73983,-0.9955062,0,0.09469664
saccade,26.2509,0.04497833,0.04112148,-0.05730458,-0.02376318,0.1716463,0.003159797,-0.984867,-0.3382478,-0.04572241,0.9399457,0.1108642,0.03953528,-0.05371008,0.04534372,0.1894397,0.00574843,-0.980828,-0.3710942,0.09112673,0.9241131,0.14,1.811587,3.74,0,-0.6727939,0,0.73983,-0.9955062,0,0.09469664
saccade,26.2620,0.04497014,0.04108751,-0.0573165,-0.02365943,0.1717575,0.003046619,-0.9848505,-0.338455,-0.04555544,0.9398792,0.1108555,0.03951418,-0.0537065,0.04597561,0.1908291,0.005691001,-0.9805295,-0.3737038,0.09233291,0.922941,0.14,1.811587,3.74,0,-0.6727939,0,0.73983,-0.9955062,0,0.09469664
saccade,26.2740,0.04494809,0.04105604,-0.05732172,-0.02448797,0.1688949,0.002770765,-0.9853259,-0.3329687,-0.04732133,0.9417497,0.110833,0.03950453,-0.05369496,0.04598986,0.1909605,0.005527809,-0.9805042,-0.3739667,0.0922977,0.922838,0.14,1.811587,3.74,0,-0.6727939,0,0.73983,-0.9955062,0,0.09469664
saccade,26.2846,0.04491634,0.0410223,-0.05733537,-0.02460572,0.1689748,0.002691615,-0.9853095,-0.3331174,-0.04757888,0.9416842,0.110801,0.03948259,-0.05369789,0.04587026,0.1910464,0.005457292,-0.9804935,-0.374139,0.09203617,0.9227943,0.14,1.811587,3.74,0,-0.6727939,0,0.73983,-0.9955062,0,0.09469664
saccade,26.2954,0.04488248,0.04098904,-0.05733885,-0.0247357,0.1690695,0.002662066,-0.9852902,-0.3332968,-0.04784353,0.9416073,0.1107666,0.03945494,-0.05368887,0.04750524,0.1914727,0.005501281,-0.9803323,-0.374891,0.09524852,0.9221629,0.14,1.811587,3.74,0,-0.6727939,0,0.73983,-0.9955062,0,0.09469664
saccade,26.3067,0.04486511,0.0409658,-0.05734356,-0.02481907,0.1691236,0.002627061,-0.9852788,-0.3333983,-0.04801882,0.9415624,0.1107489,0.03943741,-0.0536864,0.04742102,0.1915297,0.005472286,-0.9803253,-0.3750038,0.09507227,0.9221352,0.14,1.811587,3.74,0,-0.6727939,0,0.73983,-0.9955062,0,0.09469664
saccade,26.3178,0.04484535,0.04094994,-0.05733522,-0.02542604,0.1678875,0.00254931,-0.9854749,-0.3310276,-0.04925746,0.9423346,0.110729,0.03942573,-0.05367368,0.0473682,0.1915647,0.005449171,-0.9803212,-0.3750737,0.09495984,0.9221184,0.14,1.811587,3.74,0,-0.6727939,0,0.73983,-0.9955062,0,0.09469664
saccade,26.3287,0.0448462,0.0409565,-0.05731256,-0.02541163,0.1678761,0.002591825,-0.9854771,-0.3310079,-0.04921496,0.9423437,0.1107298,0.03942645,-0.05365267,0.04772867,0.1924647,0.005525393,-0.980127,-0.3767522,0.0956872,0.9213586,0.14,1.811587,3.74,0,-0.6727939,0,0.73983,-0.9955062,0,0.09469664
saccade,26.3400,0.04484845,0.0409863,-0.05729141,-0.02540675,0.1678768,0.00261528,-0.9854771,-0.3310104,-0.04919744,0.9423437,0.110732,0.03945315,-0.05363151,0.04773413,0.1924637,0.005548707,-0.9801268,-0.3767478,0.09570686,0.9213584,0.14,1.811587,3.74,0,-0.6727939,0,0.73983,-0.9955062,0,0.09469664
saccade,26.3515,0.04483641,0.04098213,-0.05730102,-0.0247867,0.167925,0.00264771,-0.9854846,-0.3311063,-0.04796459,0.9423736,0.1107198,0.03944492,-0.05363996,0.04785921,0.1924684,0.005561903,-0.9801196,-0.3767518,0.09595648,0.9213308,0.14,1.811587,3.74,0,-0.6727939,0,0.73983,-0.9955062,0,0.09469664
saccade,26.3620,0.04483982,0.04097819,-0.05729582,-0.02477728,0.167981,0.002653991,-0.9854752,-0.3312138,-0.04794315,0.9423369,0.1107228,0.03943992,-0.05362727,0.04844287,0.1928499,0.005598628,-0.9800158,-0.3774495,0.09710894,0.9209244,0.14,1.811587,3.74,0,-0.6727939,0,0.73983,-0.9955062,0,0.09469664
saccade,26.3734,0.04481876,0.04097629,-0.05730896,-0.02470918,0.1679795,0.002564328,-0.9854774,-0.3312067,-0.04783918,0.9423447,0.1107019,0.03944874,-0.05364015,0.0485086,0.1928543,0.005507353,-0.9800122,-0.3774648,0.09720227,0.9209083,0.14,1.811587,3.74,0,-0.6727939,0,0.73983,-0.9955062,0,0.09469664
saccade,26.3841,0.04481704,0.0409801,-0.05731456,-0.02440436,0.1671454,0.002635532,-0.9856267,-0.3296145,-0.04722615,0.9429337,0.1106998,0.03944182,-0.05364272,0.04848701,0.1928736,0.005593142,-0.980009,-0.3774932,0.09719295,0.9208976,0.14,1.811587,3.74,0,-0.6727939,0,0.73983,-0.9955062,0,0.09469664
saccade,26.3952,0.04481849,0.04098082,-0.0573078,-0.02436628,0.1671779,0.002697181,-0.985622,-0.3296798,-0.04713006,0.9429157,0.1107008,0.03943384,-0.05363176,0.04926635,0.1930288,0.005682538,-0.979939,-0.377753,0.09874982,0.9206254,0.14,1.811587,3.74,0,-0.6727939,0,0.73983,-0.9955062,0,0.09469664
saccade,26.4068,0.0448268,0.04097807,-0.05729999,-0.02394937,0.1664228,0.002811038,-0.9857596,-0.3282404,-0.046281,0.9434597,0.1107088,0.03941572,-0.05362398,0.04924527,0.1930237,0.005803072,-0.9799404,-0.3777319,0.09875512,0.9206335,0.14,1.811587,3.74,0,-0.6727939,0,0.73983,-0.9955062,0,0.09469664
saccade,26.4178,0.04484336,0.04096901,-0.05731001,-0.02401773,0.1663726,0.002866533,-0.9857663,-0.3281466,-0.04639792,0.9434866,0.1107256,0.03940058,-0.05364107,0.04917863,0.1929704,0.00585657,-0.9799539,-0.3776282,0.09864587,0.9206877,0.14,1.811587,3.74,0,-0.6727939,0,0.73983,-0.9955062,0,0.09469664
saccade,26.4292,0.04486345,0.04095221,-0.05731265,-0.02408119,0.1663339,0.002966227,-0.9857709,-0.3280771,-0.0464903,0.9435062,0.1107457,0.03937173,-0.05364937,0.0494459,0.193448,0.005978917,-0.9798455,-0.3785071,0.09921191,0.9202659,0.14,1.811587,3.74,0,-0.6727939,0,0.73983,-0.9955062,0,0.09469664
saccade,26.4397,0.04487219,0.04093897,-0.05731224,-0.02408563,0.1652199,0.002942243,-0.9859582,-0.3259416,-0.04652262,0.9442445,0.1107551,0.03935826,-0.0536605,0.04945192,0.193362,0.005975785,-0.9798622,-0.3783452,0.09922312,0.9203313,0.14,1.811587,3.74,0,-0.6727939,0,0.73983,-0.9955062,0,0.09469664
saccade,26.4509,0.04488194,0.04093051,-0.05730803,-0.02407672,0.16521,0.002858476,-0.9859604,-0.3259187,-0.04653287,0.944252,0.1107651,0.03936064,-0.05365729,0.04945844,0.1933582,0.005891278,-0.9798632,-0.3783464,0.09920326,0.9203329,0.14,1.811587,3.74,0,-0.6727939,0,0.73983,-0.9955062,0,0.09469664
saccade,26.4620,0.04490111,0.04095972,-0.05729365,-0.0240432,0.1651585,0.002789088,-0.98597,-0.3258168,-0.04649046,0.9442891,0.1107849,0.03939867,-0.05364946,0.04889151,0.1936255,0.005806948,-0.9798393,-0.3788759,0.09806041,0.9202376,0.14,1.811587,3.74,0,-0.6727939,0,0.73983,-0.9955062,0,0.09469664
saccade,26.4737,0.04490579,0.04095244,-0.05728351,-0.02416835,0.1643297,0.002654417,-0.9861058,-0.3242212,-0.04679269,0.9448233,0.1107901,0.03940487,-0.05364409,0.04895024,0.1935934,0.005694412,-0.9798434,-0.378825,0.09813195,0.9202509,0.14,1.811587,3.74,0,-0.6727939,0,0.73983,-0.9955062,0,0.09469664
saccade,26.4843,0.04491103,0.04094911,-0.05728143,-0.02419995,0.1642715,0.00255162,-0.986115,-0.3241047,-0.04688956,0.9448585,0.1107961,0.0394156,-0.05364948,0.04891572,0.1935434,0.005588592,-0.9798556,-0.3787425,0.09802396,0.9202964,0.14,1.811587,3.74,0,-0.6727939,0,0.73983,-0.9955062,0,0.09469664
saccade,26.4955,0.04492141,0.04093456,-0.05730795,-0.0242063,0.164221,0.00255134,-0.9861232,-0.3240078,-0.04690282,0.944891,0.1108069,0.03940141,-0.05368275,0.049286,0.1939485,0.005608436,-0.9797568,-0.379492,0.0987521,0.9199097,0.14,1.811587,3.74,0,-0.6727939,0,0.73983,-0.9955062,0,0.09469664
saccade,26.5066,0.04492614,0.04094291,-0.05732491,-0.02422868,0.1642039,0.002590869,-0.9861255,-0.3239768,-0.04693417,0.9449001,0.1108116,0.03940487,-0.05370219,0.04926491,0.1939289,0.005647257,-0.9797615,-0.3794517,0.09872606,0.9199291,0.14,1.811587,3.74,0,-0.6727939,0,0.73983,-0.9955062,0,0.09469664
saccade,26.5182,0.04492663,0.04094684,-0.05734153,-0.02399232,0.1639418,0.002594812,-0.9861748,-0.3234751,-0.04647044,0.9450949,0.1108122,0.03940773,-0.05372141,0.04930924,0.1939083,0.005648774,-0.9797634,-0.3794114,0.09881347,0.9199364,0.14,1.811587,3.74,0,-0.6727939,0,0.73983,-0.9955062,0,0.09469664
saccade,26.5291,0.04492131,0.04096282,-0.05735731,-0.0239936,0.1639355,0.002693923,-0.9861756,-0.3234676,-0.04644055,0.9450989,0.1108067,0.03941059,-0.05373839,0.04953255,0.1940369,0.005757739,-0.979726,-0.3796355,0.09929109,0.9197924,0.14,1.811587,3.74,0,-0.6727939,0,0.73983,-0.9955062,0,0.09469664
saccade,26.5398,0.04493292,0.04100108,-0.05735983,-0.02352783,0.1632846,0.002651842,-0.9862949,-0.3222184,-0.04554475,0.9455692,0.1108176,0.03945184,-0.05372766,0.0496184,0.1941346,0.005728147,-0.9797025,-0.3798199,0.09944662,0.9196995,0.14,1.811587,3.74,0,-0.6727939,0,0.73983,-0.9955062,0,0.09469664
saccade,26.5509,0.0449329,0.04102933,-0.05736355,-0.02335986,0.1633277,0.002668792,-0.9862917,-0.3223022,-0.0452075,0.9455568,0.1108171,0.03947532,-0.05372532,0.04978656,0.1941746,0.005742854,-0.979686,-0.3798884,0.09978063,0.9196351,0.14,1.811587,3.74,0,-0.6727939,0,0.73983,-0.9955062,0,0.09469664
saccade,26.5620,0.04493122,0.04104841,-0.05736765,-0.02329298,0.1633826,0.002743161,-0.986284,-0.322411,-0.04505061,0.9455271,0.1108148,0.03948355,-0.05372221,0.0500955,0.1945208,0.005834123,-0.979601,-0.3805211,0.1004169,0.9193042,0.14,1.811587,3.74,0,-0.6727939,0,0.73983,-0.9955062,0,0.09469664
saccade,26.5732,0.04495576,0.04107845,-0.05738616,-0.02307296,0.1626843,0.00276154,-0.9864045,-0.3210724,-0.04462003,0.946003,0.1108388,0.03950751,-0.05373378,0.05019177,0.1945683,0.005868653,-0.9795864,-0.3806038,0.1006181,0.9192479,0.14,1.811587,3.74,0,-0.6727939,0,0.73983,-0.9955062,0,0.09469664
saccade,26.5840,0.04497488,0.04109085,-0.05740508,-0.02303859,0.1626529,0.00281058,-0.9864104,-0.3210145,-0.04453671,0.9460265,0.110858,0.03951323,-0.05375699,0.05022778,0.1945333,0.005914074,-0.9795913,-0.3805322,0.1007064,0.9192679,0.14,1.811587,3.74,0,-0.6727939,0,0.73983,-0.9955062,0,0.09469664
saccade,26.5950,0.04498946,0.04109907,-0.05740347,-0.02307663,0.1627053,0.002846492,-0.9864008,-0.3211166,-0.04459933,0.9459889,0.1108721,0.03951705,-0.05374859,0.0501452,0.1948137,0.005959568,-0.9795395,-0.3810577,0.1005604,0.9190662,0.14,1.811587,3.74,0,-0.6727939,0,0.73983,-0.9955062,0,0.09469664
saccade,26.6064,0.04499435,0.04109895,-0.05740137,-0.02343794,0.1620391,0.002867838,-0.9865018,-0.3198381,-0.04531373,0.946388,0.1108772,0.03950965,-0.05375269,0.0502059,0.1947638,0.006004464,-0.979546,-0.3809573,0.1006969,0.9190928,0.14,1.811587,3.74,0,-0.6727939,0,0.73983,-0.9955062,0,0.09469664
saccade,26.6210,0.04502824,0.04110599,-0.05740114,-0.02351219,0.1620426,0.002863811,-0.9864995,-0.3198447,-0.04546141,0.9463787,0.1109111,0.03951824,-0.05375212,0.05013162,0.1947684,0.006003236,-0.9795489,-0.3809684,0.1005512,0.9191042,0.14,1.811587,3.74,0,-0.6727939,0,0.73983,-0.9955062,0,0.09469664
saccade,26.6370,0.04504169,0.04109049,-0.05740278,-0.0234674,0.1619748,0.002845727,-0.9865118,-0.3197137,-0.04537986,0.9464269,0.1109251,0.03950465,-0.05376267,0.05032651,0.1948729,0.005987741,-0.9795182,-0.3811605,0.1009252,0.9189836,0.14,1.811587,3.74,0,-0.6727939,0,0.73983,-0.9955062,0,0.09469664
saccade,26.6435,0.04506124,0.04109323,-0.05740495,-0.0235253,0.1619275,0.002775287,-0.9865184,-0.3196195,-0.0455175,0.9464521,0.1109453,0.03951883,-0.05377251,0.0502012,0.1948225,0.005915174,-0.9795352,-0.3810771,0.1006525,0.9190481,0.14,1.811587,3.74,0,-0.6727939,0,0.73983,-0.9955062,0,0.09469664
saccade,26.6512,0.04506124,0.04109323,-0.05740495,-0.0235253,0.1619275,0.002775287,-0.9865184,-0.3196195,-0.0455175,0.9464521,0.1109453,0.03951883,-0.05377251,0.0502012,0.1948225,0.005915174,-0.9795352,-0.3810771,0.1006525,0.9190481,0.14,1.811587,3.74,0,-0.6727939,0,0.73983,-0.9955062,0,0.09469664
saccade,26.6622,0.0450709,0.04109931,-0.05738871,-0.02352901,0.1619023,0.002773146,-0.9865224,-0.319571,-0.04552583,0.9464681,0.1109552,0.03952539,-0.05375963,0.05019749,0.1947978,0.005911291,-0.9795403,-0.381031,0.1006439,0.9190681,0.14,1.811587,3.74,0,-0.6727939,0,0.73983,-0.9955062,0,0.09469664
saccade,26.6732,0.04508053,0.04108667,-0.05738427,-0.02351382,0.1619096,0.002768087,-0.9865216,-0.3195848,-0.04549742,0.9464648,0.1109648,0.03951311,-0.05375417,0.05030365,0.1949735,0.005913476,-0.9794998,-0.3813581,0.1008508,0.9189097,0.14,1.811587,3.74,0,-0.6727939,0,0.73983,-0.9955062,0,0.09469664
saccade,26.6839,0.04508723,0.04106927,-0.05739058,-0.02345545,0.1622218,0.002763935,-0.9864717,-0.3201841,-0.04537954,0.9462679,0.1109716,0.03949845,-0.05376144,0.05025717,0.1949682,0.0058989,-0.9795034,-0.3813511,0.1007543,0.9189233,0.14,1.811587,3.74,0,-0.6727939,0,0.73983,-0.9955062,0,0.09469664
saccade,26.6954,0.04507849,0.04106188,-0.05738693,-0.02350587,0.1622369,0.002749312,-0.986468,-0.3202124,-0.0454835,0.9462533,0.1109628,0.0394938,-0.05375584,0.0502063,0.1949847,0.005887167,-0.9795027,-0.381385,0.1006502,0.9189206,0.14,1.811587,3.74,0,-0.6727939,0,0.73983,-0.9955062,0,0.09469664
saccade,26.7076,0.04507279,0.04103923,-0.05739357,-0.02353619,0.162219,0.002772264,-0.9864702,-0.320179,-0.04553607,0.9462621,0.1109572,0.03946853,-0.05376501,0.05033502,0.1951535,0.005919551,-0.9794623,-0.3816951,0.100913,0.918763,0.14,1.811587,3.74,0,-0.6727939,0,0.73983,-0.9955062,0,0.09469664
saccade,26.7177,0.04507102,0.04102457,-0.05740162,-0.02346979,0.1621964,0.002765689,-0.9864755,-0.3201354,-0.04540759,0.946283,0.110955,0.03945684,-0.05376437,0.05020433,0.1952218,0.00591872,-0.9794555,-0.3818279,0.1006567,0.9187359,0.14,1.811587,3.74,0,-0.6727939,0,0.73983,-0.9955062,0,0.09469664
saccade,26.7287,0.04506583,0.04101014,-0.05740565,-0.02350398,0.1622319,0.00272241,-0.986469,-0.3202015,-0.04548857,0.9462568,0.1109497,0.0394485,-0.05376358,0.0501385,0.1952118,0.005877178,-0.9794611,-0.3818153,0.100512,0.918757,0.14,1.811587,3.74,0,-0.6727939,0,0.73983,-0.9955062,0,0.09469664
saccade,26.7401,0.04506713,0.04102731,-0.0574007,-0.02346519,0.1623046,0.002751347,-0.9864578,-0.3203425,-0.04540173,0.9462132,0.1109503,0.03946114,-0.05374895,0.05017803,0.1952814,0.005910112,-0.979445,-0.3819416,0.1006015,0.9186947,0.14,1.811587,3.74,0,-0.6727939,0,0.73983,-0.9955062,0,0.09469664
saccade,26.7508,0.04506569,0.04103732,-0.05740971,-0.0239069,0.1621506,0.00270842,-0.9864727,-0.3200438,-0.04628866,0.9462712,0.1109488,0.03947544,-0.05375347,0.05010783,0.1953176,0.005888718,-0.9794415,-0.3820142,0.1004557,0.9186805,0.14,1.811587,3.74,0,-0.6727939,0,0.73983,-0.9955062,0,0.09469664
saccade,26.7619,0.04507544,0.04103172,-0.05741716,-0.02381891,0.1621556,0.00268282,-0.9864741,-0.3200524,-0.04612341,0.9462764,0.1109585,0.03947186,-0.05375997,0.05018616,0.1955076,0.005865109,-0.9793997,-0.3823715,0.100598,0.9185162,0.14,1.811587,3.74,0,-0.6727939,0,0.73983,-0.9955062,0,0.09469664
saccade,26.7734,0.04508493,0.04102516,-0.05744593,-0.02380097,0.1621484,0.002644166,-0.9864758,-0.3200368,-0.04610067,0.9462828,0.1109682,0.0394702,-0.05378952,0.05020276,0.1955032,0.005825426,-0.9794,-0.3823667,0.1006149,0.9185164,0.14,1.811587,3.74,0,-0.6727939,0,0.73983,-0.9955062,0,0.09469664
saccade,26.7842,0.04509976,0.04102242,-0.05746488,-0.02318709,0.1618468,0.002651462,-0.9865399,-0.3194596,-0.04489172,0.9465359,0.1109827,0.03946662,-0.05380453,0.05026971,0.1955307,0.005824112,-0.979391,-0.3824165,0.100745,0.9184814,0.14,1.811587,3.74,0,-0.6727939,0,0.73983,-0.9955062,0,0.09469664
saccade,26.7954,0.04511221,0.04102957,-0.05748438,-0.02317732,0.16186,0.002681173,-0.9865379,-0.3194862,-0.04486266,0.9465283,0.110995,0.0394696,-0.05382235,0.04999385,0.1899583,0.005699392,-0.9805019,-0.371939,0.1002034,0.922833,0.14,1.811587,3.74,0,-0.6727939,0,0.73983,-0.9955062,0,0.09469664
saccade,26.8066,0.04513834,0.04105544,-0.05749873,-0.02312453,0.1618588,0.002729962,-0.9865392,-0.3194863,-0.04474277,0.946534,0.111021,0.03948843,-0.05383691,0.05004798,0.1899531,0.005746403,-0.9804999,-0.3719227,0.1003272,0.9228261,0.14,1.811587,3.74,0,-0.6727939,0,0.73983,-0.9955062,0,0.09469664
saccade,26.8178,0.04516099,0.04110157,-0.05751356,-0.02217529,0.1510962,0.002498209,-0.9882671,-0.2987576,-0.04307528,0.9533564,0.1110439,0.03953123,-0.05385736,0.05011199,0.1899089,0.005760747,-0.9805051,-0.3718359,0.1004582,0.9228468,0.14,1.811587,3.74,0,-0.6727939,0,0.73983,-0.9955062,0,0.09469664
saccade,26.8285,0.0451853,0.04113293,-0.0575268,-0.02212519,0.1510716,0.00255932,-0.9882719,-0.2987128,-0.04295813,0.9533757,0.1110681,0.03955388,-0.05387397,0.04051582,0.155285,0.004619093,-0.9870278,-0.3061669,0.08141502,0.9484901,0.14,1.811587,3.74,0,-0.6727939,0,0.73983,-0.9955062,0,0.09469664
saccade,26.8404,0.04522142,0.04115093,-0.05754323,-0.02207082,0.1510434,0.00267667,-0.9882771,-0.2986636,-0.04281558,0.9533975,0.1111041,0.03955591,-0.05389442,0.04057072,0.1552492,0.004734173,-0.9870306,-0.3060872,0.08155904,0.9485034,0.14,1.811587,3.74,0,-0.6727939,0,0.73983,-0.9955062,0,0.09469664
saccade,26.8515,0.04523212,0.04117811,-0.05755104,-0.02434766,0.1114353,0.001560078,-0.9934722,-0.2214916,-0.04802976,0.9739788,0.1111151,0.03958559,-0.05390595,0.04061164,0.1552211,0.004710071,-0.9870334,-0.3060343,0.08163229,0.9485142,0.14,1.811587,3.74,0,-0.6727939,0,0.73983,-0.9955062,0,0.09469664
saccade,26.8625,0.04524407,0.0412147,-0.05756477,-0.02427836,0.1113955,0.001570508,-0.9934783,-0.2214143,-0.04789016,0.9740032,0.1111273,0.0396204,-0.0539248,0.03200489,0.1200097,0.003539094,-0.9922504,-0.2379328,0.06436318,0.9691467,0.14,1.811587,3.74,0,-0.6727939,0,0.73983,-0.9955062,0,0.09469664
saccade,26.8733,0.04527352,0.04122782,-0.05757592,-0.02409352,0.1113364,0.001616476,-0.9934894,-0.2213009,-0.04751336,0.9740474,0.111157,0.03962624,-0.05394346,0.0321902,0.1199474,0.00357999,-0.9922518,-0.2378056,0.06474039,0.9691528,0.14,1.811587,3.74,0,-0.6727939,0,0.73983,-0.9955062,0,0.09469664
saccade,26.8843,0.04530317,0.04124904,-0.05759006,-0.02647905,0.07689222,0.0007016105,-0.9966875,-0.1533122,-0.05267479,0.9867729,0.1111865,0.03964221,-0.05395741,0.03219884,0.1199475,0.003619276,-0.9922514,-0.2378031,0.06476692,0.9691517,0.14,1.811587,3.74,0,-0.6727939,0,0.73983,-0.9955062,0,0.09469664
saccade,26.8952,0.04531106,0.04127419,-0.05762733,-0.02648976,0.0767517,0.0007451284,-0.996698,-0.153036,-0.05269021,0.9868149,0.1111953,0.03966224,-0.05401343,0.03219026,0.1198053,0.003654885,-0.9922687,-0.2375227,0.06475853,0.9692209,0.14,1.811587,3.74,0,-0.6727939,0,0.73983,-0.9955062,0,0.09469664
saccade,26.9069,0.04533418,0.04128528,-0.05764338,-0.02650135,0.07669854,0.0007651344,-0.9967018,-0.1529317,-0.05271051,0.98683,0.1112187,0.03967094,-0.05403662,0.02801717,0.1057265,0.003185373,-0.9939954,-0.2100048,0.05637144,0.9760739,0.14,1.811587,3.74,0,-0.6727939,0,0.73983,-0.9955062,0,0.09469664
saccade,26.9177,0.04506408,0.04154897,-0.05758771,-0.02741509,0.06197535,0.0003381479,-0.997701,-0.1236843,-0.05466221,0.9908149,0.1112447,0.03967679,-0.05404406,0.02804042,0.1057065,0.003160804,-0.9939969,-0.2099667,0.05641242,0.9760797,0.14,1.811587,3.74,0,-0.6727939,0,0.73983,-0.9955062,0,0.09469664
saccade,26.9286,0.04507968,0.04154932,-0.05759248,-0.02738578,0.06195818,0.0003422626,-0.9977029,-0.1236505,-0.05460333,0.9908224,0.1112604,0.03967655,-0.05405102,0.02806991,0.1056892,0.003162667,-0.9939979,-0.2099322,0.05647139,0.9760838,0.14,1.811587,3.74,0,-0.6727939,0,0.73983,-0.9955062,0,0.09469664
saccade,26.9397,0.04509449,0.04154658,-0.05759105,-0.02741345,0.06193883,0.0002683895,-0.9977034,-0.1236079,-0.05466774,0.9908242,0.1112756,0.0396837,-0.05405197,0.02514523,0.09770351,0.002796528,-0.994894,-0.1942686,0.05058014,0.9796435,0.14,1.811587,3.74,0,-0.6727939,0,0.73983,-0.9955062,0,0.09469664
saccade,26.9512,0.04510158,0.04155099,-0.05758402,-0.02789541,0.05212057,-8.342962E-06,-0.9982511,-0.1040584,-0.05569412,0.9930106,0.1112826,0.03968966,-0.05404328,0.025109,0.09771717,0.002786846,-0.9948936,-0.1942964,0.05050621,0.9796418,0.14,1.811587,3.74,0,-0.6727939,0,0.73983,-0.9955062,0,0.09469664
saccade,26.9620,0.04510885,0.04155624,-0.05758294,-0.02786431,0.05208958,-2.498517E-05,-0.9982536,-0.1039958,-0.05563391,0.9930205,0.1112902,0.03969729,-0.05404614,0.02513935,0.09768721,0.002767176,-0.9948958,-0.1942381,0.05056271,0.9796504,0.14,1.811587,3.74,0,-0.6727939,0,0.73983,-0.9955062,0,0.09469664
saccade,26.9739,0.04511391,0.04156041,-0.05758271,-0.02785149,0.05212622,-1.122535E-06,-0.9982521,-0.1040701,-0.05560574,0.9930143,0.1112949,0.03969812,-0.0540411,0.02311479,0.09089939,0.002555396,-0.9955885,-0.1808786,0.0464902,0.982406,0.14,1.811587,3.74,0,-0.6727939,0,0.73983,-0.9955062,0,0.09469664
saccade,26.9841,0.04511091,0.04155529,-0.05758512,-0.02830669,0.047079,-0.0001106342,-0.99849,-0.09400957,-0.05653831,0.9939646,0.1112918,0.03968859,-0.05404371,0.02313152,0.0908967,0.002588311,-0.9955883,-0.1808717,0.04652948,0.9824054,0.14,1.811587,3.74,0,-0.6727939,0,0.73983,-0.9955062,0,0.09469664
saccade,26.9951,0.04511138,0.04152763,-0.05758343,-0.02826185,0.0470778,-4.564922E-05,-0.9984913,-0.09401098,-0.05644272,0.9939699,0.111292,0.03965235,-0.05404227,0.02317918,0.09089218,0.002651113,-0.9955874,-0.1808593,0.04663574,0.9824027,0.14,1.811587,3.74,0,-0.6727939,0,0.73983,-0.9955062,0,0.09469664
saccade,27.0064,0.04511868,0.04147804,-0.05759206,-0.02835926,0.04717956,-9.485742E-05,-0.9984838,-0.09421068,-0.05664147,0.9939397,0.1112988,0.03960872,-0.05403759,0.02245058,0.08626406,0.002471138,-0.9960163,-0.1717299,0.04514864,0.984109,0.14,1.811587,3.74,0,-0.6727939,0,0.73983,-0.9955062,0,0.09469664
saccade,27.0175,0.04510808,0.04140532,-0.05759604,-0.02960395,0.04304357,-0.0001731228,-0.9986346,-0.08595934,-0.05914195,0.9945417,0.1112879,0.03952754,-0.05404153,0.02234226,0.08626594,0.00253858,-0.9960184,-0.1717315,0.0449446,0.984118,0.14,1.811587,3.74,0,-0.6727939,0,0.73983,-0.9955062,0,0.09469664
saccade,27.0288,0.04511685,0.04139316,-0.05758539,-0.02972381,0.0431043,-8.864928E-05,-0.9986283,-0.08608509,-0.05937371,0.994517,0.111296,0.03950381,-0.05402362,0.02222607,0.08632198,0.002631214,-0.9960159,-0.1718392,0.0447293,0.984109,0.14,1.811587,3.74,0,-0.6727939,0,0.73983,-0.9955062,0,0.09469664
saccade,27.0402,0.04512444,0.04141009,-0.05756515,-0.02972458,0.04306369,4.386672E-05,-0.9986301,-0.08601201,-0.05936395,0.9945239,0.1113034,0.03950346,-0.0540093,0.02160366,0.0839848,0.002682948,-0.9962292,-0.1672203,0.04349504,0.9849597,0.14,1.811587,3.74,0,-0.6727939,0,0.73983,-0.9955062,0,0.09469664
saccade,27.0507,0.04514064,0.04144681,-0.05753933,-0.02973951,0.03965155,7.532137E-05,-0.998771,-0.0792101,-0.05939995,0.9950866,0.1113192,0.03952456,-0.05398429,0.02143561,0.083981,0.002805073,-0.9962329,-0.167209,0.04318086,0.9849754,0.14,1.811587,3.74,0,-0.6727939,0,0.73983,-0.9955062,0,0.09469664
saccade,27.0617,0.04515492,0.04148793,-0.05751861,-0.02976486,0.03951027,0.0002398772,-0.9987758,-0.07893809,-0.05943789,0.995106,0.1113339,0.03954434,-0.05398304,0.02141779,0.08383187,0.00296315,-0.9962453,-0.1669073,0.04317157,0.985027,0.14,1.811587,3.74,0,-0.6727939,0,0.73983,-0.9955062,0,0.09469664
saccade,27.0732,0.04516484,0.04149449,-0.0575247,-0.02978888,0.03949313,0.0001242419,-0.9987757,-0.07889696,-0.059495,0.9951058,0.1113443,0.03956628,-0.05399101,0.02065119,0.08182736,0.002773516,-0.9964287,-0.1629557,0.04160878,0.9857556,0.14,1.811587,3.74,0,-0.6727939,0,0.73983,-0.9955062,0,0.09469664
saccade,27.0842,0.04516897,0.04150295,-0.05753687,-0.03027083,0.03640867,-3.327845E-05,-0.9988784,-0.07273366,-0.06047618,0.9955162,0.1113491,0.03958356,-0.0540094,0.02054878,0.08178463,0.002709045,-0.9964346,-0.1628747,0.04139415,0.985778,0.14,1.811587,3.74,0,-0.6727939,0,0.73983,-0.9955062,0,0.09469664
saccade,27.0955,0.04515986,0.04150259,-0.05756467,-0.03029361,0.03637882,-0.0001223838,-0.9988788,-0.07266864,-0.0605282,0.9955177,0.1113405,0.03959513,-0.05404086,0.02016909,0.0800146,0.002563271,-0.9965863,-0.1593795,0.04061067,0.9863818,0.14,1.811587,3.74,0,-0.6727939,0,0.73983,-0.9955062,0,0.09469664
saccade,27.1065,0.04515661,0.0415169,-0.05759086,-0.03031109,0.03637681,-0.000182506,-0.9988784,-0.07266095,-0.06056746,0.9955159,0.1113375,0.0396173,-0.05406713,0.02014899,0.08001562,0.002503947,-0.9965869,-0.1593841,0.04056115,0.986383,0.14,1.811587,3.74,0,-0.6727939,0,0.73983,-0.9955062,0,0.09469664
saccade,27.1176,0.0451416,0.04155028,-0.05761547,-0.0302142,0.03630573,-0.0002050879,-0.9988838,-0.07251802,-0.06037585,0.995538,0.111323,0.03965425,-0.0541007,0.02024492,0.07994603,0.002473589,-0.9965906,-0.1592468,0.0407473,0.9863976,0.14,1.811587,3.74,0,-0.6727939,0,0.73983,-0.9955062,0,0.09469664
saccade,27.1286,0.04513021,0.04160976,-0.05761119,-0.03059585,0.03393555,-0.0002342003,-0.9989556,-0.0677859,-0.06114369,0.9958245,0.1113115,0.03970766,-0.05409642,0.01939834,0.07830493,0.002441088,-0.9967377,-0.1560043,0.03905241,0.9869841,0.14,1.811587,3.74,0,-0.6727939,0,0.73983,-0.9955062,0,0.09469664
saccade,27.1398,0.04510954,0.04168642,-0.05762393,-0.03045629,0.0339062,-0.0001859275,-0.9989609,-0.0677306,-0.06086189,0.9958456,0.1112908,0.03977823,-0.05411273,0.01953998,0.0782734,0.002481578,-0.9967374,-0.1559391,0.03934094,0.9869829,0.14,1.811587,3.74,0,-0.6727939,0,0.73983,-0.9955062,0,0.09469664
saccade,27.1511,0.04507693,0.04174364,-0.05765632,-0.0305441,0.03165632,-0.0002067863,-0.999032,-0.06323872,-0.06104215,0.9961299,0.1112579,0.03982997,-0.05414186,0.01970062,0.07829287,0.002520232,-0.9967326,-0.1559748,0.03966713,0.9869642,0.14,1.811587,3.74,0,-0.6727939,0,0.73983,-0.9955062,0,0.09469664
saccade,27.1618,0.04504102,0.04177964,-0.05768663,-0.03037605,0.03177742,-0.0001503275,-0.9990333,-0.06348427,-0.06070293,0.996135,0.1112209,0.03985846,-0.05415574,0.01985281,0.07710534,0.002541076,-0.9968221,-0.1536197,0.0399713,0.9873213,0.14,1.811587,3.74,0,-0.6727939,0,0.73983,-0.9955062,0,0.09469664
saccade,27.1736,0.04501962,0.04181647,-0.05770864,-0.0302238,0.03187466,-0.0001940803,-0.9990348,-0.06367606,-0.06040163,0.9961411,0.1111989,0.03990114,-0.05416413,0.02000283,0.07720459,0.002495389,-0.9968115,-0.153817,0.04026341,0.9872787,0.14,1.811587,3.74,0,-0.6727939,0,0.73983,-0.9955062,0,0.09469664
saccade,27.1842,0.04496927,0.04182172,-0.05774949,-0.03055414,0.03018899,-0.0003890029,-0.9990771,-0.06029849,-0.06107537,0.9963101,0.1111477,0.03992379,-0.05417997,0.02010958,0.07739235,0.0023654,-0.9967951,-0.1541935,0.04045638,0.9872121,0.14,1.811587,3.74,0,-0.6727939,0,0.73983,-0.9955062,0,0.09469664
saccade,27.1951,0.04491819,0.04181659,-0.05778809,-0.03044056,0.0303225,-0.0005511986,-0.9990764,-0.06055544,-0.06085831,0.9963078,0.1110962,0.03994,-0.05419981,0.02018355,0.07629345,0.002172946,-0.9968787,-0.1520229,0.04057266,0.9875439,0.14,1.811587,3.74,0,-0.6727939,0,0.73983,-0.9955062,0,0.09469664
saccade,27.2066,0.04486788,0.04180086,-0.05783109,-0.03041726,0.03046952,-0.0005786665,-0.9990727,-0.06084732,-0.06081336,0.9962928,0.1110449,0.03992724,-0.05422316,0.02020537,0.07644133,0.002151911,-0.996867,-0.1523167,0.04061312,0.9874969,0.14,1.811587,3.74,0,-0.6727939,0,0.73983,-0.9955062,0,0.09469664
saccade,27.2173,0.04485383,0.04180527,-0.05786921,-0.03042541,0.03053049,-0.000646897,-0.9990705,-0.06096485,-0.06083376,0.9962844,0.1110307,0.0399406,-0.05425296,0.02019399,0.07650551,0.002087303,-0.9968625,-0.1524467,0.04058065,0.9874782,0.14,1.811587,3.74,0,-0.6727939,0,0.73983,-0.9955062,0,0.09469664
saccade,27.2283,0.04481587,0.04179382,-0.05789124,-0.03063058,0.02941534,-0.0007282963,-0.9990976,-0.05873298,-0.06124872,0.996393,0.1109929,0.03993535,-0.0542743,0.0202188,0.07651083,0.002040116,-0.9968617,-0.1524589,0.04062288,0.9874746,0.14,1.811587,3.74,0,-0.6727939,0,0.73983,-0.9955062,0,0.09469664
saccade,27.2398,0.044793,0.0417937,-0.05791355,-0.03069612,0.02943459,-0.0007224936,-0.999095,-0.05877155,-0.06137922,0.9963827,0.1109698,0.03993404,-0.05429433,0.02015356,0.07652962,0.002049975,-0.9968615,-0.1524962,0.04049438,0.9874741,0.14,1.811587,3.74,0,-0.6727939,0,0.73983,-0.9955062,0,0.09469664
saccade,27.2512,0.0447666,0.04179609,-0.05790966,-0.03111655,0.02837864,-0.0007838224,-0.9991125,-0.05665813,-0.06222237,0.9964528,0.1109435,0.03993928,-0.0542904,0.01943345,0.07571845,0.001989086,-0.9969379,-0.1508959,0.03904911,0.9877781,0.14,1.811587,3.74,0,-0.6727939,0,0.73983,-0.9955062,0,0.09469664
saccade,27.2621,0.04474342,0.04180169,-0.0579243,-0.03107977,0.0283699,-0.0007746902,-0.999114,-0.05664138,-0.06214841,0.9964584,0.1109204,0.03994393,-0.0543061,0.01947066,0.07570934,0.001996011,-0.9969379,-0.1508773,0.0391243,0.987778,0.14,1.811587,3.74,0,-0.6727939,0,0.73983,-0.9955062,0,0.09469664
saccade,27.2732,0.04473095,0.04180741,-0.05794144,-0.03107156,0.02835458,-0.0007709939,-0.9991146,-0.05661103,-0.06213183,0.9964612,0.110908,0.0399493,-0.05432525,0.0194162,0.0751633,0.001983247,-0.9969802,-0.1497956,0.03901326,0.987947,0.14,1.811587,3.74,0,-0.6727939,0,0.73983,-0.9955062,0,0.09469664
saccade,27.2843,0.04473555,0.0418005,-0.05796017,-0.03122485,0.0272983,-0.0008976716,-0.9991392,-0.05449354,-0.06244495,0.9965596,0.1109125,0.03995454,-0.05433568,0.01947953,0.07522572,0.001891331,-0.9969745,-0.1499225,0.03912573,0.9879233,0.14,1.811587,3.74,0,-0.6727939,0,0.73983,-0.9955062,0,0.09469664
saccade,27.2962,0.0447461,0.04181755,-0.05794393,-0.03113025,0.02721817,-0.0009217694,-0.9991443,-0.05433236,-0.06225741,0.9965802,0.1109237,0.0399754,-0.05432959,0.01957298,0.07514723,0.001858689,-0.9969786,-0.1497676,0.03930704,0.9879396,0.14,1.811587,3.74,0,-0.6727939,0,0.73983,-0.9955062,0,0.09469664
saccade,27.3070,0.04476342,0.04184449,-0.05794109,-0.03092989,0.02716861,-0.0008658055,-0.9991519,-0.05423757,-0.06185436,0.9966104,0.1109412,0.03999591,-0.0543328,0.01957793,0.07425217,0.00187534,-0.9970456,-0.1479921,0.03931867,0.9882066,0.14,1.811587,3.74,0,-0.6727939,0,0.73983,-0.9955062,0,0.09469664
saccade,27.3178,0.04478344,0.04187691,-0.05794424,-0.03121779,0.02634981,-0.000794379,-0.9991649,-0.05260602,-0.0624253,0.9966623,0.1109612,0.04001534,-0.05434346,0.01967203,0.0741913,0.001970014,-0.997048,-0.1478671,0.03952023,0.9882174,0.14,1.811587,3.74,0,-0.6727939,0,0.73983,-0.9955062,0,0.09469664
saccade,27.3284,0.04481455,0.04189622,-0.05795034,-0.03113608,0.02624306,-0.0006646232,-0.9991704,-0.0524012,-0.06225537,0.9966837,0.1109927,0.0400182,-0.05436393,0.01976002,0.07407847,0.002090105,-0.9970545,-0.1476379,0.0397133,0.9882438,0.14,1.811587,3.74,0,-0.6727939,0,0.73983,-0.9955062,0,0.09469664
saccade,27.3395,0.04485477,0.04188573,-0.05795597,-0.0311828,0.02616067,-0.0005103605,-0.9991712,-0.05224615,-0.06234062,0.9966865,0.1110329,0.03998744,-0.05438129,0.01990021,0.073221,0.002228721,-0.9971147,-0.1459308,0.04001197,0.9884853,0.14,1.811587,3.74,0,-0.6727939,0,0.73983,-0.9955062,0,0.09469664
saccade,27.3512,0.04488631,0.04188418,-0.05796766,-0.03141245,0.02477972,-0.0004841224,-0.9991992,-0.04948934,-0.06279858,0.9967985,0.1110646,0.03997743,-0.05440021,0.01982419,0.07316743,0.002293424,-0.99712,-0.1458225,0.0398698,0.988507,0.14,1.811587,3.74,0,-0.6727939,0,0.73983,-0.9955062,0,0.09469664
saccade,27.3619,0.04491708,0.04187477,-0.05799338,-0.0314992,0.0247078,-0.000507701,-0.9991983,-0.049344,-0.06297298,0.9967946,0.111096,0.03997099,-0.05443568,0.01973647,0.07309685,0.002270424,-0.997127,-0.1456841,0.03969146,0.9885346,0.14,1.811587,3.74,0,-0.6727939,0,0.73983,-0.9955062,0,0.09469664
saccade,27.3728,0.04494663,0.04189503,-0.05799531,-0.03146806,0.02476631,-0.0005472514,-0.9991977,-0.04945845,-0.06291274,0.9967928,0.1111253,0.03999639,-0.05442958,0.01975498,0.07244729,0.00221458,-0.9971741,-0.1443976,0.03971918,0.9887223,0.14,1.811587,3.74,0,-0.6727939,0,0.73983,-0.9955062,0,0.09469664
saccade,27.3839,0.04497836,0.04191768,-0.05800359,-0.03144092,0.02440935,-0.0005696054,-0.9992074,-0.04874419,-0.0628598,0.9968313,0.1111574,0.04002142,-0.05444381,0.01975985,0.07240258,0.002196685,-0.9971773,-0.1443096,0.03972623,0.9887348,0.14,1.811587,3.74,0,-0.6727939,0,0.73983,-0.9955062,0,0.09469664
saccade,27.3952,0.04501432,0.04193115,-0.05800694,-0.0314297,0.02436054,-0.0004986022,-0.999209,-0.04865121,-0.06283396,0.9968375,0.1111934,0.04002559,-0.05445389,0.01977454,0.07235034,0.002264475,-0.9971807,-0.1442032,0.03976526,0.9887488,0.14,1.811587,3.74,0,-0.6727939,0,0.73983,-0.9955062,0,0.09469664
saccade,27.4065,0.04505715,0.04193819,-0.05800727,-0.03142213,0.02430104,-0.0004338303,-0.9992107,-0.04853645,-0.06281574,0.9968442,0.1112365,0.0400244,-0.05446234,0.01946238,0.071537,0.002297211,-0.9972454,-0.1425905,0.03914622,0.9890074,0.14,1.811587,3.74,0,-0.6727939,0,0.73983,-0.9955062,0,0.09469664
saccade,27.4174,0.04510589,0.04195333,-0.0579893,-0.03129916,0.02361625,-0.000400234,-0.999231,-0.04717113,-0.06256909,0.9969253,0.111286,0.04003429,-0.05446169,0.01946585,0.07140575,0.002334034,-0.9972547,-0.1423286,0.03915815,0.9890446,0.14,1.811587,3.74,0,-0.6727939,0,0.73983,-0.9955062,0,0.09469664
saccade,27.4283,0.04515053,0.04196358,-0.05797582,-0.0312845,0.02360897,-0.0003480951,-0.9992316,-0.04715987,-0.06253736,0.9969278,0.1113305,0.04003775,-0.05444933,0.01948301,0.07139587,0.002384975,-0.997255,-0.1423068,0.03919961,0.9890461,0.14,1.811587,3.74,0,-0.6727939,0,0.73983,-0.9955062,0,0.09469664
saccade,27.4399,0.04517957,0.04197443,-0.05796653,-0.03122804,0.02352324,-0.0002458083,-0.9992354,-0.04699515,-0.0624199,0.9969429,0.1113598,0.04003561,-0.05445161,0.0189413,0.07055061,0.002442981,-0.9973254,-0.1406313,0.03812599,0.9893277,0.14,1.811587,3.74,0,-0.6727939,0,0.73983,-0.9955062,0,0.09469664
saccade,27.4507,0.0452156,0.04201591,-0.05794388,-0.03112189,0.02294824,-0.0002216962,-0.9992521,-0.04584835,-0.0622074,0.9970096,0.1113956,0.04007244,-0.05442755,0.01898481,0.07055943,0.00247799,-0.9973238,-0.1406471,0.0382177,0.9893219,0.14,1.811587,3.74,0,-0.6727939,0,0.73983,-0.9955062,0,0.09469664
saccade,27.4619,0.04523904,0.04204285,-0.05793398,-0.03104867,0.02289687,-0.0002401626,-0.9992555,-0.04574475,-0.06206211,0.9970234,0.1114194,0.04010224,-0.05442408,0.01901253,0.06991922,0.002437696,-0.9973685,-0.1393778,0.03826589,0.9894996,0.14,1.811587,3.74,0,-0.6727939,0,0.73983,-0.9955062,0,0.09469664
saccade,27.4732,0.04526271,0.04206014,-0.05792526,-0.03098386,0.0229255,-0.0002135417,-0.9992569,-0.04580369,-0.06193146,0.9970288,0.1114428,0.04011619,-0.05441144,0.0190785,0.06994651,0.002462634,-0.9973653,-0.1394305,0.03840098,0.989487,0.14,1.811587,3.74,0,-0.6727939,0,0.73983,-0.9955062,0,0.09469664
saccade,27.4840,0.04528539,0.04207671,-0.05791806,-0.03094309,0.02295778,-0.0002175936,-0.9992575,-0.045868,-0.06185022,0.9970309,0.1114653,0.04013336,-0.0543998,0.01911902,0.06997895,0.002458286,-0.9973623,-0.1394947,0.03848123,0.9894748,0.14,1.811587,3.74,0,-0.6727939,0,0.73983,-0.9955062,0,0.09469664
saccade,27.4957,0.04529963,0.04207933,-0.05793811,-0.03076044,0.02229833,-0.0002303104,-0.9992781,-0.0445503,-0.06148675,0.9971132,0.1114796,0.04013634,-0.05442072,0.01908157,0.06997341,0.002456299,-0.9973633,-0.1394841,0.03840627,0.9894792,0.14,1.811587,3.74,0,-0.6727939,0,0.73983,-0.9955062,0,0.09469664
saccade,27.5071,0.04532664,0.04207993,-0.05794588,-0.03068689,0.022273,-0.0002193548,-0.9992809,-0.04450051,-0.06133941,0.9971244,0.1115067,0.04013574,-0.05443162,0.01919578,0.06929198,0.002447718,-0.9974087,-0.1381309,0.03863129,0.9896603,0.14,1.811587,3.74,0,-0.6727939,0,0.73983,-0.9955062,0,0.09469664
saccade,27.5175,0.04534729,0.04206872,-0.05794367,-0.03068024,0.0222342,-0.0001902002,-0.9992819,-0.0444248,-0.06132487,0.9971287,0.1115275,0.04012096,-0.05443463,0.01920385,0.06925186,0.002474556,-0.9974113,-0.1380501,0.038651,0.9896708,0.14,1.811587,3.74,0,-0.6727939,0,0.73983,-0.9955062,0,0.09469664
saccade,27.5288,0.04538649,0.04207218,-0.05794687,-0.0305314,0.02149965,-0.0001864663,-0.9993026,-0.04295794,-0.06102824,0.9972112,0.1115667,0.04012215,-0.0544378,0.01922129,0.0692513,0.002491324,-0.997411,-0.1380482,0.03868811,0.9896696,0.14,1.811587,3.74,0,-0.6727939,0,0.73983,-0.9955062,0,0.09469664
saccade,27.5396,0.0454226,0.04207253,-0.0579493,-0.03052378,0.02149995,-0.0001776203,-0.9993029,-0.04295907,-0.06101264,0.9972121,0.1116027,0.04012132,-0.0544402,0.01871503,0.06891946,0.002476063,-0.9974436,-0.1373939,0.03767566,0.9897997,0.14,1.811587,3.74,0,-0.6727939,0,0.73983,-0.9955062,0,0.09469664
saccade,27.5516,0.04545395,0.04207873,-0.05794309,-0.03059164,0.02146622,-0.0001961454,-0.9993015,-0.04289044,-0.06114896,0.9972067,0.1116344,0.0401299,-0.05443864,0.01864639,0.06888665,0.002459144,-0.9974472,-0.1373299,0.03753638,0.9898139,0.14,1.811587,3.74,0,-0.6727939,0,0.73983,-0.9955062,0,0.09469664
saccade,27.5617,0.04546532,0.04206979,-0.05793402,-0.03064048,0.02121004,-0.0001902333,-0.9993054,-0.04237895,-0.06124646,0.9972226,0.1116462,0.04011965,-0.05443781,0.01874537,0.06882162,0.002466293,-0.9974498,-0.1371998,0.0377346,0.9898244,0.14,1.811587,3.74,0,-0.6727939,0,0.73983,-0.9955062,0,0.09469664
saccade,27.5737,0.04549064,0.04211187,-0.05791507,-0.03073241,0.02121567,-0.0001631991,-0.9993025,-0.04239171,-0.06142888,0.9972108,0.1116714,0.04015768,-0.05441859,0.01867068,0.06849568,0.002490365,-0.9974736,-0.1365523,0.03758817,0.9899195,0.14,1.811587,3.74,0,-0.6727939,0,0.73983,-0.9955062,0,0.09469664
saccade,27.5844,0.04551083,0.04212177,-0.05790433,-0.03068804,0.02081129,-0.000124139,-0.9993123,-0.04158635,-0.06133905,0.9972503,0.1116915,0.04016137,-0.0544098,0.01861283,0.0684817,0.00253801,-0.9974755,-0.1365232,0.03747929,0.9899276,0.14,1.811587,3.74,0,-0.6727939,0,0.73983,-0.9955062,0,0.09469664
saccade,27.5954,0.04551923,0.04210889,-0.05790017,-0.03076696,0.02079301,-0.0001072879,-0.9993103,-0.04155074,-0.06149594,0.9972421,0.1116999,0.04014599,-0.05440843,0.01853481,0.06846253,0.002557689,-0.9974782,-0.136485,0.03732635,0.9899387,0.14,1.811587,3.74,0,-0.6727939,0,0.73983,-0.9955062,0,0.09469664
saccade,27.6066,0.04553525,0.04210579,-0.05789967,-0.03080959,0.02081101,-0.0001194232,-0.9993086,-0.04158589,-0.06158154,0.9972354,0.1117159,0.04014421,-0.05440567,0.01849161,0.06848099,0.002548504,-0.9974778,-0.1365223,0.037239,0.9899368,0.14,1.811587,3.74,0,-0.6727939,0,0.73983,-0.9955062,0,0.09469664
saccade,27.6177,0.045582,0.04211545,-0.05790145,-0.03011057,0.02266317,-5.35599E-05,-0.9992897,-0.04529091,-0.06018079,0.9971595,0.1117623,0.04015374,-0.05440203,0.01834946,0.06811327,0.002534731,-0.9975057,-0.1357937,0.03695267,0.9900478,0.14,1.811587,3.74,0,-0.6727939,0,0.73983,-0.9955062,0,0.09469664
saccade,27.6286,0.04560122,0.04212201,-0.05790782,-0.03009751,0.02259836,-6.305228E-05,-0.9992915,-0.04516091,-0.06015522,0.9971669,0.111782,0.04016185,-0.05441689,0.01836215,0.06804916,0.002521527,-0.9975098,-0.1356668,0.03697602,0.9900643,0.14,1.811587,3.74,0,-0.6727939,0,0.73983,-0.9955062,0,0.09469664
saccade,27.6396,0.04561307,0.0421325,-0.0579031,-0.02996259,0.0226523,-5.882212E-05,-0.9992944,-0.0452691,-0.05988556,0.9971783,0.1117935,0.0401721,-0.05440454,0.02059265,0.07407829,0.002731489,-0.9970361,-0.147605,0.04146792,0.9881767,0.14,1.811587,3.74,0,-0.6727939,0,0.73983,-0.9955062,0,0.09469664
saccade,27.6512,0.04561682,0.0421592,-0.05790365,-0.02894567,0.06790893,0.001144882,-0.9972709,-0.1355135,-0.05757785,0.9891011,0.1117971,0.04018939,-0.0544077,0.02063757,0.07405604,0.002800971,-0.9970366,-0.1475576,0.04156769,0.9881796,0.14,1.811587,3.74,0,-0.6727939,0,0.73983,-0.9955062,0,0.09469664
saccade,27.6620,0.0456219,0.04218304,-0.05790668,-0.02894868,0.06800117,0.001176976,-0.9972645,-0.1356984,-0.0575789,0.9890757,0.1118014,0.0402087,-0.05439863,0.02063463,0.07414653,0.002837625,-0.9970298,-0.1477355,0.04156748,0.988153,0.14,1.811587,3.74,0,-0.6727939,0,0.73983,-0.9955062,0,0.09469664
saccade,27.6730,0.04562014,0.04218221,-0.05790986,-0.02887747,0.06797013,0.001165743,-0.9972687,-0.1356363,-0.05743872,0.9890923,0.1117999,0.04020929,-0.05440564,0.03258094,0.1275206,0.004480036,-0.9912905,-0.2525281,0.06573695,0.965354,0.14,1.811587,3.74,0,-0.6727939,0,0.73983,-0.9955062,0,0.09469664
saccade,27.6840,0.0456211,0.042189,-0.05792518,-0.02896394,0.06803326,0.001212791,-0.9972618,-0.1357642,-0.05760425,0.9890651,0.1118002,0.04020977,-0.05441308,0.03249735,0.1275804,0.004535982,-0.9912853,-0.2526425,0.0655857,0.9653343,0.14,1.811587,3.74,0,-0.6727939,0,0.73983,-0.9955062,0,0.09469664
saccade,27.6954,0.04422563,0.04197681,-0.05758846,-0.02682174,0.1383848,0.003001134,-0.9900107,-0.2741659,-0.052277,0.9602605,0.1118233,0.04024696,-0.05440499,0.03250055,0.1276408,0.004553495,-0.9912774,-0.252759,0.06559655,0.9653031,0.14,1.811587,3.74,0,-0.6727939,0,0.73983,-0.9955062,0,0.09469664
saccade,27.7064,0.04421921,0.04198492,-0.05760233,-0.02674853,0.1383489,0.003029108,-0.9900177,-0.2740978,-0.05212488,0.9602882,0.111817,0.04025054,-0.05442368,0.04245316,0.172249,0.005962674,-0.9841202,-0.3385211,0.08561215,0.9370561,0.14,1.811587,3.74,0,-0.6727939,0,0.73983,-0.9955062,0,0.09469664
saccade,27.7175,0.04422038,0.0420121,-0.05761953,-0.02850704,0.1785729,0.003875786,-0.983506,-0.351476,-0.05468948,0.9345981,0.1118177,0.04028678,-0.05442651,0.0424546,0.1723562,0.005899251,-0.9841017,-0.3387311,0.08559283,0.9369819,0.14,1.811587,3.74,0,-0.6727939,0,0.73983,-0.9955062,0,0.09469664
saccade,27.7293,0.04421733,0.04201579,-0.0576429,-0.02842249,0.1786155,0.003821764,-0.983501,-0.3515542,-0.05454184,0.9345773,0.1118145,0.04029608,-0.05444361,0.04253934,0.1724016,0.005848907,-0.9840904,-0.3388199,0.08574184,0.9369362,0.14,1.811587,3.74,0,-0.6727939,0,0.73983,-0.9955062,0,0.09469664
saccade,27.7431,0.04421276,0.04204476,-0.05767512,-0.02842846,0.1786043,0.003736734,-0.9835032,-0.3515283,-0.05458416,0.9345846,0.1118103,0.04033661,-0.054477,0.04253393,0.1723965,0.005763255,-0.9840921,-0.3388178,0.08570173,0.9369406,0.14,1.811587,3.74,0,-0.6727939,0,0.73983,-0.9955062,0,0.09469664
saccade,27.7536,0.04420594,0.04205704,-0.05769884,-0.02808834,0.1859217,0.003898384,-0.9821553,-0.365427,-0.05372465,0.9292883,0.1118036,0.04035032,-0.05450144,0.04802973,0.189009,0.00630637,-0.9807798,-0.3701466,0.0965971,0.9239375,0.14,1.811587,3.74,0,-0.6727939,0,0.73983,-0.9955062,0,0.09469664
saccade,27.7616,0.04420746,0.04207623,-0.05771628,-0.02800282,0.1859307,0.003850753,-0.9821562,-0.3654416,-0.05357435,0.9292912,0.1118051,0.04037428,-0.05451726,0.04811501,0.1890204,0.006259225,-0.9807737,-0.3701702,0.09674612,0.9239125,0.14,1.811587,3.74,0,-0.6727939,0,0.73983,-0.9955062,0,0.09469664
saccade,27.7743,0.04420115,0.04210258,-0.05775462,-0.02794178,0.1859931,0.003817564,-0.9821463,-0.3655581,-0.05346575,0.9292517,0.1117985,0.04040372,-0.05454676,0.0488033,0.1975306,0.006451791,-0.9790599,-0.3861589,0.09811155,0.9171998,0.14,1.811587,3.74,0,-0.6727939,0,0.73983,-0.9955062,0,0.09469664
saccade,27.7844,0.04419776,0.04212987,-0.05776728,-0.027968,0.1919868,0.003897246,-0.9809912,-0.3768927,-0.05337629,0.9247177,0.1117956,0.0404371,-0.05456742,0.04891788,0.1974723,0.006385725,-0.9790664,-0.3860522,0.0983097,0.9172235,0.14,1.811587,3.74,0,-0.6727939,0,0.73983,-0.9955062,0,0.09469664
saccade,27.7951,0.04419464,0.04216397,-0.05778093,-0.02795185,0.1920202,0.00386833,-0.9809852,-0.3769543,-0.05335511,0.9246938,0.1117924,0.04047465,-0.05457631,0.04893377,0.1975076,0.006359408,-0.9790586,-0.3861206,0.09833012,0.9171925,0.14,1.811587,3.74,0,-0.6727939,0,0.73983,-0.9955062,0,0.09469664
saccade,27.8064,0.04420108,0.04218137,-0.05778151,-0.02774394,0.1920063,0.00391398,-0.9809937,-0.3769311,-0.05293025,0.9247277,0.1117986,0.04048193,-0.05457857,0.05077174,0.2031106,0.006584883,-0.9778165,-0.3965411,0.1019658,0.9123366,0.14,1.811587,3.74,0,-0.6727939,0,0.73983,-0.9955062,0,0.09469664
saccade,27.8179,0.04420478,0.04221928,-0.05778266,-0.02758449,0.1919482,0.003935252,-0.9810095,-0.3768231,-0.05261056,0.92479,0.1118025,0.04051399,-0.05458748,0.05093143,0.2030492,0.006599495,-0.9778208,-0.3964192,0.1022837,0.9123541,0.14,1.811587,3.74,0,-0.6727939,0,0.73983,-0.9955062,0,0.09469664
saccade,27.8289,0.04421589,0.04223764,-0.05777539,-0.02747576,0.195397,0.004115536,-0.9803306,-0.3833335,-0.05226233,0.9221302,0.1118132,0.04052043,-0.05457791,0.05088976,0.2030625,0.006696674,-0.9778196,-0.3964355,0.1022417,0.9123517,0.14,1.811587,3.74,0,-0.6727939,0,0.73983,-0.9955062,0,0.09469664
saccade,27.8400,0.04421827,0.04220629,-0.057767,-0.02737056,0.1953328,0.004085774,-0.9803465,-0.3832114,-0.05206909,0.9221919,0.1118161,0.04049122,-0.05457801,0.05055267,0.2075163,0.006752747,-0.9769012,-0.4047632,0.1015725,0.9087628,0.14,1.811587,3.74,0,-0.6727939,0,0.73983,-0.9955062,0,0.09469664
saccade,27.8511,0.04421774,0.04216933,-0.05777789,-0.02742298,0.1953223,0.004018066,-0.9803474,-0.3831879,-0.05219846,0.9221944,0.1118159,0.0404644,-0.05459019,0.05049948,0.2075117,0.006685112,-0.9769053,-0.4047634,0.1014409,0.9087774,0.14,1.811587,3.74,0,-0.6727939,0,0.73983,-0.9955062,0,0.09469664
saccade,27.8621,0.04421822,0.04211819,-0.05776815,-0.02756879,0.1978022,0.004088121,-0.9798458,-0.3878566,-0.05240905,0.9202285,0.1118163,0.04041171,-0.05458117,0.05047062,0.2075066,0.006700601,-0.9769078,-0.4047533,0.1013911,0.9087874,0.14,1.811587,3.74,0,-0.6727939,0,0.73983,-0.9955062,0,0.09469664
saccade,27.8733,0.04422367,0.04206455,-0.05773623,-0.02767977,0.1978033,0.004077884,-0.9798424,-0.3878579,-0.05263039,0.9202154,0.1118219,0.04036164,-0.05454927,0.05113923,0.2107488,0.006791664,-0.9761781,-0.410762,0.1027047,0.9059395,0.14,1.811587,3.74,0,-0.6727939,0,0.73983,-0.9955062,0,0.09469664
saccade,27.8838,0.04423408,0.04203069,-0.05768782,-0.02786973,0.1977692,0.004178755,-0.9798435,-0.3877987,-0.05296309,0.9202213,0.1118323,0.04031837,-0.05450638,0.05095091,0.2107095,0.006892171,-0.9761957,-0.4106851,0.1023806,0.906011,0.14,1.811587,3.74,0,-0.6727939,0,0.73983,-0.9955062,0,0.09469664
saccade,27.8953,0.04423418,0.04204392,-0.05767221,-0.02855532,0.1978186,0.004248648,-0.9798135,-0.3878933,-0.05427686,0.9201048,0.1118326,0.04032135,-0.05449928,0.05089821,0.2106456,0.006974588,-0.9762117,-0.4105594,0.1023132,0.9060756,0.14,1.811587,3.74,0,-0.6727939,0,0.73983,-0.9955062,0,0.09469664
saccade,27.9065,0.04424365,0.04205906,-0.05762187,-0.02866849,0.1977757,0.004371904,-0.9798183,-0.3878192,-0.0544505,0.9201258,0.111842,0.04032254,-0.05445562,0.05082671,0.2128894,0.007151541,-0.9757272,-0.414717,0.102231,0.9041895,0.14,1.811587,3.74,0,-0.6727939,0,0.73983,-0.9955062,0,0.09469664
saccade,27.9175,0.04424708,0.0420568,-0.05758076,-0.02873093,0.1977345,0.004461768,-0.9798244,-0.3877467,-0.05453803,0.9201512,0.1118454,0.04030979,-0.05442071,0.05076583,0.2128423,0.007238809,-0.9757401,-0.4146226,0.10215,0.9042419,0.14,1.811587,3.74,0,-0.6727939,0,0.73983,-0.9955062,0,0.09469664
saccade,27.9292,0.04423545,0.04206014,-0.05757463,-0.02961989,0.1990395,0.004434426,-0.9795337,-0.3901946,-0.05626211,0.9190118,0.1118339,0.04032183,-0.05441105,0.05057614,0.2128748,0.007207378,-0.9757431,-0.4146931,0.1017672,0.9042528,0.14,1.811587,3.74,0,-0.6727939,0,0.73983,-0.9955062,0,0.09469664
saccade,27.9395,0.044217,0.04204214,-0.05757026,-0.02966438,0.1990767,0.004349887,-0.9795252,-0.3902595,-0.05638209,0.918977,0.1118155,0.04031575,-0.05440124,0.0510059,0.2150758,0.007193419,-0.975238,-0.4187663,0.1025801,0.9022816,0.14,1.811587,3.74,0,-0.6727939,0,0.73983,-0.9955062,0,0.09469664
saccade,27.9505,0.04420269,0.04202998,-0.057551,-0.02974976,0.2001455,0.004331036,-0.9793049,-0.3922646,-0.05653449,0.9181135,0.1118011,0.04031062,-0.05437694,0.05093879,0.215116,0.007154384,-0.9752329,-0.4188475,0.1024324,0.9022607,0.14,1.811587,3.74,0,-0.6727939,0,0.73983,-0.9955062,0,0.09469664
saccade,27.9620,0.04418857,0.04201531,-0.05753256,-0.02975483,0.2002334,0.004308531,-0.9792868,-0.3924283,-0.05655161,0.9180425,0.1117865,0.04029882,-0.05434629,0.05093316,0.2152052,0.007139266,-0.9752136,-0.4190148,0.1024142,0.9021851,0.14,1.811587,3.74,0,-0.6727939,0,0.73983,-0.9955062,0,0.09469664
saccade,27.9733,0.04416806,0.04202557,-0.05752824,-0.02970367,0.2003039,0.004224093,-0.9792743,-0.3925559,-0.05648388,0.9179921,0.1117657,0.04031885,-0.05433175,0.05098277,0.2152812,0.007060068,-0.9751949,-0.4191624,0.1024761,0.9021095,0.14,1.811587,3.74,0,-0.6727939,0,0.73983,-0.9955062,0,0.09469664
saccade,27.9845,0.04415214,0.04200757,-0.05751714,-0.0296435,0.2014638,0.004270242,-0.979038,-0.3947346,-0.05632363,0.9170672,0.1117497,0.04029846,-0.05432042,0.0511017,0.2170091,0.00712171,-0.9748051,-0.4223553,0.1027194,0.9005914,0.14,1.811587,3.74,0,-0.6727939,0,0.73983,-0.9955062,0,0.09469664
saccade,27.9955,0.04413672,0.04198444,-0.05750348,-0.02959456,0.2014782,0.004331004,-0.9790363,-0.3947653,-0.0562031,0.9170614,0.111734,0.04026616,-0.05430496,0.05115154,0.2170179,0.007182629,-0.9748001,-0.4223634,0.1028426,0.9005735,0.14,1.811587,3.74,0,-0.6727939,0,0.73983,-0.9955062,0,0.09469664
saccade,28.0074,0.04410645,0.04196012,-0.05751498,-0.02961297,0.2015218,0.004418814,-0.9790263,-0.394852,-0.05620278,0.9170241,0.1117032,0.04023027,-0.05431088,0.05072246,0.2184568,0.007295251,-0.9745002,-0.4250323,0.1020455,0.8994077,0.14,1.811587,3.74,0,-0.6727939,0,0.73983,-0.9955062,0,0.09469664
saccade,28.0178,0.04407311,0.04193318,-0.05753602,-0.02875755,0.2031571,0.004450951,-0.9787137,-0.3979213,-0.05448233,0.9158004,0.1116698,0.0402087,-0.05432894,0.05068537,0.2184808,0.007263412,-0.974497,-0.4250814,0.1019593,0.8993943,0.14,1.811587,3.74,0,-0.6727939,0,0.73983,-0.9955062,0,0.09469664
saccade,28.0290,0.04405264,0.04190218,-0.05753525,-0.02895104,0.2032253,0.004413873,-0.978694,-0.3980464,-0.0548744,0.9157226,0.1116491,0.04018641,-0.05431896,0.05049131,0.218554,0.007235213,-0.9744909,-0.4252272,0.1015692,0.8993695,0.14,1.811587,3.74,0,-0.6727939,0,0.73983,-0.9955062,0,0.09469664
saccade,28.0401,0.04404172,0.04186368,-0.05753532,-0.02890351,0.2032774,0.004358092,-0.9786848,-0.398141,-0.05480305,0.9156857,0.111638,0.0401541,-0.0543115,0.05048504,0.2199722,0.00721457,-0.9741722,-0.4278531,0.1015363,0.898127,0.14,1.811587,3.74,0,-0.6727939,0,0.73983,-0.9955062,0,0.09469664
saccade,28.0512,0.04402721,0.04183042,-0.05754799,-0.02811692,0.2036695,0.004251086,-0.9786267,-0.3988718,-0.05330029,0.9154564,0.1116235,0.0401392,-0.05431497,0.05048486,0.2200447,0.007080711,-0.9741568,-0.4280012,0.1014765,0.8980632,0.14,1.811587,3.74,0,-0.6727939,0,0.73983,-0.9955062,0,0.09469664
saccade,28.0620,0.04401581,0.04179943,-0.05756035,-0.02812468,0.2036295,0.004196233,-0.978635,-0.398794,-0.05333864,0.9154881,0.1116126,0.04011583,-0.05433261,0.05047626,0.2200094,0.007022968,-0.9741657,-0.4279422,0.1014347,0.898096,0.14,1.811587,3.74,0,-0.6727939,0,0.73983,-0.9955062,0,0.09469664
saccade,28.0735,0.04401346,0.04177785,-0.05754346,-0.02817779,0.2036119,0.004162419,-0.9786373,-0.3987589,-0.05345664,0.9154965,0.1116105,0.04009998,-0.05431812,0.05053028,0.2210988,0.007019045,-0.9739162,-0.4299541,0.1015283,0.897124,0.14,1.811587,3.74,0,-0.6727939,0,0.73983,-0.9955062,0,0.09469664
saccade,28.0845,0.0440208,0.04176295,-0.05752524,-0.02819485,0.2035793,0.004168397,-0.9786435,-0.3986982,-0.05348822,0.915521,0.111618,0.04008484,-0.05430444,0.05051344,0.2210663,0.007022717,-0.9739245,-0.4298943,0.1014975,0.8971562,0.14,1.811587,3.74,0,-0.6727939,0,0.73983,-0.9955062,0,0.09469664
saccade,28.0955,0.04398267,0.04177916,-0.05753708,-0.02779094,0.2042412,0.004217468,-0.978517,-0.3999414,-0.05266504,0.9150264,0.1115804,0.04010046,-0.05432659,0.05044838,0.2209932,0.00703465,-0.9739443,-0.4297604,0.101377,0.8972339,0.14,1.811587,3.74,0,-0.6727939,0,0.73983,-0.9955062,0,0.09469664
saccade,28.1066,0.04397521,0.04178035,-0.05753117,-0.02777286,0.2042537,0.004247095,-0.9785147,-0.3999664,-0.05261733,0.9150182,0.1115727,0.04009724,-0.05431905,0.05043564,0.2217315,0.007081715,-0.9737768,-0.4311196,0.1013666,0.8965828,0.14,1.811587,3.74,0,-0.6727939,0,0.73983,-0.9955062,0,0.09469664
saccade,28.1175,0.04397585,0.04177856,-0.05753054,-0.02776822,0.2042883,0.004201136,-0.9785079,-0.4000287,-0.05262636,0.9149905,0.1115733,0.04010141,-0.05431344,0.05043934,0.2217692,0.00703857,-0.9737684,-0.4311937,0.1013543,0.8965486,0.14,1.811587,3.74,0,-0.6727939,0,0.73983,-0.9955062,0,0.09469664
saccade,28.1289,0.04397968,0.04175532,-0.05753424,-0.02774822,0.205372,0.004116637,-0.9782819,-0.4020519,-0.05260027,0.9141048,0.1115772,0.04009354,-0.05431033,0.05040635,0.2218242,0.006931706,-0.9737583,-0.4313075,0.1012424,0.8965065,0.14,1.811587,3.74,0,-0.6727939,0,0.73983,-0.9955062,0,0.09469664
saccade,28.1403,0.04394178,0.04176641,-0.0575781,-0.0277716,0.2053895,0.004111896,-0.9782776,-0.4020843,-0.05264758,0.9140878,0.1115392,0.0401057,-0.05435179,0.05068247,0.2227139,0.006959428,-0.9735407,-0.4329367,0.1017828,0.8956596,0.14,1.811587,3.74,0,-0.6727939,0,0.73983,-0.9955062,0,0.09469664
saccade,28.1514,0.04393232,0.04177439,-0.05758841,-0.02759835,0.2054641,0.004099741,-0.9782669,-0.4022237,-0.05231241,0.9140457,0.1115291,0.0401113,-0.05435142,0.05085514,0.2227866,0.006950036,-0.9735151,-0.4330653,0.1021132,0.8955598,0.14,1.811587,3.74,0,-0.6727939,0,0.73983,-0.9955062,0,0.09469664
saccade,28.1621,0.04395199,0.04178584,-0.05757891,-0.0273147,0.206005,0.004263563,-0.9781604,-0.4032448,-0.05167968,0.9136317,0.1115482,0.04010308,-0.05433832,0.05087512,0.2228054,0.007094826,-0.9735087,-0.433084,0.1022163,0.895539,0.14,1.811587,3.74,0,-0.6727939,0,0.73983,-0.9955062,0,0.09469664
saccade,28.1733,0.0439499,0.04178584,-0.05761172,-0.027158,0.2059718,0.004378213,-0.9781712,-0.4031891,-0.05132677,0.9136761,0.1115458,0.04008448,-0.05437591,0.05103373,0.2227614,0.007203613,-0.9735097,-0.4329855,0.102573,0.8955458,0.14,1.811587,3.74,0,-0.6727939,0,0.73983,-0.9955062,0,0.09469664
saccade,28.1842,0.0439688,0.04178751,-0.05761309,-0.02711583,0.2059566,0.004488979,-0.9781751,-0.4031667,-0.05119899,0.9136932,0.1115645,0.04007053,-0.05437976,0.05127536,0.223503,0.007336623,-0.973326,-0.4343301,0.1030948,0.8948345,0.14,1.811587,3.74,0,-0.6727939,0,0.73983,-0.9955062,0,0.09469664
saccade,28.1955,0.04398699,0.04177856,-0.05761147,-0.02728328,0.2064704,0.004546355,-0.9780619,-0.4041297,-0.05149209,0.9132512,0.1115825,0.0400542,-0.05437885,0.05130428,0.2234947,0.007386556,-0.973326,-0.4343084,0.1031733,0.894836,0.14,1.811587,3.74,0,-0.6727939,0,0.73983,-0.9955062,0,0.09469664
saccade,28.2067,0.04400342,0.04175961,-0.05761472,-0.02731026,0.2064206,0.004548273,-0.9780716,-0.4040368,-0.05154506,0.9132893,0.1115993,0.04003584,-0.05438904,0.05108541,0.2239849,0.007392054,-0.9732247,-0.43522,0.1027466,0.8944421,0.14,1.811587,3.74,0,-0.6727939,0,0.73983,-0.9955062,0,0.09469664
saccade,28.2176,0.04400581,0.04175377,-0.05763696,-0.02745505,0.2064222,0.004522421,-0.9780673,-0.4040379,-0.05183871,0.9132722,0.1116018,0.04003644,-0.05441124,0.05094031,0.2239904,0.007369161,-0.9732313,-0.4352382,0.1024547,0.8944668,0.14,1.811587,3.74,0,-0.6727939,0,0.73983,-0.9955062,0,0.09469664
saccade,28.2287,0.04402382,0.04171264,-0.05764047,-0.02720902,0.2069526,0.004415445,-0.9779626,-0.405024,-0.05139123,0.9128606,0.1116207,0.04001355,-0.05442286,0.05090972,0.2239389,0.007235291,-0.9732457,-0.4351585,0.1023359,0.8945192,0.14,1.811587,3.74,0,-0.6727939,0,0.73983,-0.9955062,0,0.09469664
saccade,28.2400,0.04404907,0.04169393,-0.0576348,-0.02723336,0.206896,0.004354307,-0.9779742,-0.404915,-0.05146526,0.9129048,0.1116465,0.04000378,-0.0544248,0.05056321,0.2245558,0.00717665,-0.9731221,-0.4363147,0.1016315,0.8940361,0.14,1.811587,3.74,0,-0.6727939,0,0.73983,-0.9955062,0,0.09469664
saccade,28.2511,0.04407568,0.04169607,-0.05762856,-0.02726698,0.2067741,0.004359723,-0.977999,-0.4046876,-0.0515312,0.913002,0.1116739,0.0400064,-0.05443547,0.05053001,0.2244349,0.00717302,-0.9731517,-0.4360935,0.1015665,0.8941514,0.14,1.811587,3.74,0,-0.6727939,0,0.73983,-0.9955062,0,0.09469664
saccade,28.2621,0.04410109,0.04173565,-0.05761373,-0.02759793,0.2069187,0.00435812,-0.9779592,-0.4049567,-0.05217573,0.912846,0.1116998,0.04004288,-0.05443223,0.05064715,0.2243481,0.007170501,-0.9731657,-0.4359294,0.1017935,0.8942056,0.14,1.811587,3.74,0,-0.6727939,0,0.73983,-0.9955062,0,0.09469664
saccade,28.2735,0.04413144,0.04174352,-0.0576026,-0.02756572,0.2067737,0.004383618,-0.9779906,-0.404687,-0.0521052,0.9129696,0.111731,0.04004717,-0.05444119,0.05095102,0.2247375,0.007204926,-0.9730597,-0.4366317,0.1023952,0.8937941,0.14,1.811587,3.74,0,-0.6727939,0,0.73983,-0.9955062,0,0.09469664
saccade,28.2843,0.04415626,0.04174805,-0.05759305,-0.02752685,0.2066832,0.004485106,-0.9780104,-0.4045235,-0.0519891,0.9130487,0.1117561,0.04003775,-0.0544445,0.05099196,0.2246393,0.007298086,-0.9730796,-0.4364395,0.1025173,0.893874,0.14,1.811587,3.74,0,-0.6727939,0,0.73983,-0.9955062,0,0.09469664
saccade,28.2953,0.04416096,0.04175234,-0.05762066,-0.02801869,0.2069962,0.00450953,-0.9779301,-0.4051083,-0.05293373,0.912735,0.1117605,0.04003787,-0.05446752,0.05097959,0.2246712,0.007333217,-0.9730725,-0.436495,0.1025088,0.8938479,0.14,1.811587,3.74,0,-0.6727939,0,0.73983,-0.9955062,0,0.09469664
saccade,28.3067,0.04417133,0.04174626,-0.05762531,-0.02798411,0.2069763,0.004509469,-0.9779353,-0.4050712,-0.0528666,0.9127554,0.1117709,0.04003108,-0.05447485,0.05086038,0.225259,0.007340902,-0.9729428,-0.4375814,0.1022757,0.8933433,0.14,1.811587,3.74,0,-0.6727939,0,0.73983,-0.9955062,0,0.09469664
saccade,28.3252,0.04417375,0.04173362,-0.05762679,-0.02804032,0.2070622,0.004567197,-0.9779152,-0.4052347,-0.05295071,0.9126779,0.1117727,0.04001164,-0.05446483,0.05080515,0.2253405,0.007406465,-0.9729264,-0.4377269,0.1021973,0.8932809,0.14,1.811587,3.74,0,-0.6727939,0,0.73983,-0.9955062,0,0.09469664
saccade,28.3357,0.04416931,0.04173398,-0.05762712,-0.02798921,0.2076058,0.004568433,-0.9778014,-0.4062502,-0.05283891,0.9122329,0.111768,0.04001296,-0.05445958,0.05082446,0.2253806,0.007397404,-0.9729161,-0.4378008,0.1022303,0.8932409,0.14,1.811587,3.74,0,-0.6727939,0,0.73983,-0.9955062,0,0.09469664
saccade,28.3468,0.04416929,0.04173052,-0.05762807,-0.02796103,0.2076523,0.004629573,-0.9777921,-0.4063404,-0.05275746,0.9121975,0.1117674,0.04000068,-0.05445432,0.05063636,0.2259211,0.007466976,-0.9728001,-0.4387959,0.101892,0.8927912,0.14,1.811587,3.74,0,-0.6727939,0,0.73983,-0.9955062,0,0.09469664
saccade,28.3578,0.0441678,0.04172492,-0.05762216,-0.02789274,0.2078324,0.004641352,-0.9777557,-0.4066775,-0.05261532,0.9120554,0.111766,0.03999352,-0.05444953,0.05066821,0.225912,0.007471793,-0.9728004,-0.4387774,0.101956,0.892793,0.14,1.811587,3.74,0,-0.6727939,0,0.73983,-0.9955062,0,0.09469664
saccade,28.3694,0.04416702,0.04171574,-0.05761451,-0.02790591,0.2078183,0.004636866,-0.9777583,-0.4066509,-0.05264321,0.9120656,0.1117653,0.03998518,-0.05444383,0.05065501,0.2258985,0.007466449,-0.9728043,-0.4387538,0.1019281,0.8928078,0.14,1.811587,3.74,0,-0.6727939,0,0.73983,-0.9955062,0,0.09469664
saccade,28.3806,0.04415013,0.04171145,-0.05764297,-0.02793247,0.2077639,0.004609474,-0.9777693,-0.4065478,-0.05270766,0.9121079,0.1117489,0.03998542,-0.05447973,0.05078014,0.2261194,0.0074465,-0.9727466,-0.4391574,0.10216,0.8925828,0.14,1.811587,3.74,0,-0.6727939,0,0.73983,-0.9955062,0,0.09469664
saccade,28.3916,0.04415376,0.04167533,-0.05761733,-0.02790006,0.2078048,0.004570891,-0.9777617,-0.4066221,-0.0526595,0.9120775,0.1117523,0.03995359,-0.05444822,0.05081169,0.2261625,0.007410682,-0.9727352,-0.4392394,0.1022047,0.8925374,0.14,1.811587,3.74,0,-0.6727939,0,0.73983,-0.9955062,0,0.09469664
saccade,28.4027,0.04415214,0.04164565,-0.05761288,-0.02856301,0.208148,0.00452952,-0.9776697,-0.4072587,-0.05396476,0.9117171,0.1117511,0.03992903,-0.05444866,0.05077555,0.2261298,0.007377168,-0.972745,-0.4391841,0.1021197,0.8925743,0.14,1.811587,3.74,0,-0.6727939,0,0.73983,-0.9955062,0,0.09469664
saccade,28.4139,0.04415482,0.04163289,-0.05763011,-0.02857581,0.2081292,0.004520466,-0.9776734,-0.4072231,-0.05399393,0.9117313,0.1117539,0.03991783,-0.05446846,0.05099535,0.2260615,0.00737272,-0.9727494,-0.4390505,0.1025448,0.8925913,0.14,1.811587,3.74,0,-0.6727939,0,0.73983,-0.9955062,0,0.09469664
saccade,28.4245,0.04414245,0.04160941,-0.0576316,-0.0285982,0.208129,0.004525267,-0.9776728,-0.407223,-0.05403569,0.9117289,0.1117415,0.03989422,-0.05447004,0.05097307,0.2260613,0.00737793,-0.9727505,-0.4390504,0.1025039,0.892596,0.14,1.811587,3.74,0,-0.6727939,0,0.73983,-0.9955062,0,0.09469664
saccade,28.4359,0.04413682,0.04159248,-0.05762523,-0.02955632,0.2035864,0.004381279,-0.978601,-0.3987187,-0.05606376,0.915358,0.111736,0.03987837,-0.05446469,0.05095617,0.2260547,0.007372115,-0.972753,-0.4390396,0.1024685,0.8926054,0.14,1.811587,3.74,0,-0.6727939,0,0.73983,-0.9955062,0,0.09469664
saccade,28.4474,0.04412776,0.0415839,-0.05761931,-0.02959868,0.2035961,0.004413908,-0.9785975,-0.3987386,-0.05613307,0.9153451,0.1117268,0.03986633,-0.05445766,0.04387235,0.2181863,0.007001485,-0.9748954,-0.4248033,0.08859716,0.9009399,0.14,1.811587,3.74,0,-0.6727939,0,0.73983,-0.9955062,0,0.09469664
saccade,28.4579,0.04410902,0.04156506,-0.05763796,-0.02958526,0.2035944,0.004387979,-0.9785984,-0.3987339,-0.05611745,0.9153481,0.1117081,0.03985071,-0.05447641,0.04388537,0.2181862,0.006975282,-0.974895,-0.4248051,0.08861107,0.9009377,0.14,1.811587,3.74,0,-0.6727939,0,0.73983,-0.9955062,0,0.09469664
saccade,28.4691,0.04409667,0.0415498,-0.05763409,-0.05240862,0.1538849,0.002462563,-0.9866949,-0.303933,-0.1026647,0.9471456,0.1116957,0.03983855,-0.05446946,0.0438868,0.2182093,0.006952175,-0.9748899,-0.4248499,0.08860365,0.9009173,0.14,1.811587,3.74,0,-0.6727939,0,0.73983,-0.9955062,0,0.09469664
saccade,28.4804,0.04407261,0.04153323,-0.05763533,-0.05244505,0.1538927,0.002417492,-0.9866918,-0.3039429,-0.1027501,0.9471331,0.1116718,0.03982854,-0.05446937,0.009688587,0.1814016,0.004977148,-0.9833488,-0.3566657,0.02086025,0.9339992,0.14,1.811587,3.74,0,-0.6727939,0,0.73983,-0.9955062,0,0.09469664
saccade,28.4915,0.04405358,0.04152036,-0.05763818,-0.05241992,0.1539673,0.002392395,-0.9866816,-0.3040842,-0.1027068,0.9470925,0.1116523,0.03981805,-0.05446179,0.009712969,0.1814771,0.004956079,-0.9833347,-0.3568092,0.02090103,0.9339435,0.14,1.811587,3.74,0,-0.6727939,0,0.73983,-0.9955062,0,0.09469664
saccade,28.5022,0.04404247,0.04154491,-0.05762096,-0.07697544,0.1069747,0.0005121445,-0.9912775,-0.2121621,-0.1524985,0.9652624,0.1116411,0.03984106,-0.05444248,0.009718474,0.1814921,0.004967773,-0.9833319,-0.3568373,0.02091619,0.9339324,0.14,1.811587,3.74,0,-0.6727939,0,0.73983,-0.9955062,0,0.09469664
saccade,28.5132,0.04402216,0.04154491,-0.05762517,-0.07692978,0.1070191,0.0005132886,-0.9912762,-0.21225,-0.1524075,0.9652575,0.1116204,0.0398401,-0.05444059,-0.01987613,0.1447918,0.003173341,-0.9892575,-0.2865988,-0.03840627,0.9572806,0.14,1.811587,3.74,0,-0.6727939,0,0.73983,-0.9955062,0,0.09469664
saccade,28.5248,0.04399846,0.04153252,-0.05762871,-0.08610367,0.08671113,-0.0002342357,-0.9925056,-0.1720822,-0.1709574,0.9701347,0.1115966,0.03982234,-0.05444387,-0.01967277,0.1447902,0.003192906,-0.9892617,-0.2865964,-0.03799843,0.9572976,0.14,1.811587,3.74,0,-0.6727939,0,0.73983,-0.9955062,0,0.09469664
saccade,28.5361,0.04403666,0.04157317,-0.05764034,-0.08627776,0.08679075,-0.0002759448,-0.9924835,-0.1722292,-0.1713064,0.9700471,0.1116344,0.03986859,-0.05444467,-0.01984948,0.1448722,0.003166907,-0.9892462,-0.2867544,-0.03835445,0.9572361,0.14,1.811587,3.74,0,-0.6727939,0,0.73983,-0.9955062,0,0.09469664
saccade,28.5470,0.04401672,0.04155731,-0.05764915,-0.08628236,0.0868024,-0.0002444388,-0.9924821,-0.1722575,-0.1713098,0.9700414,0.1116143,0.03984833,-0.05445229,-0.03033308,0.131551,0.002555313,-0.9908419,-0.2608475,-0.05943827,0.9635485,0.14,1.811587,3.74,0,-0.6727939,0,0.73983,-0.9955062,0,0.09469664
saccade,28.5580,0.04400871,0.04154766,-0.05764732,-0.09185113,0.074444,-0.0007149138,-0.9929859,-0.1477124,-0.1825202,0.9720429,0.111606,0.03983843,-0.05444441,-0.03038372,0.1315965,0.002560303,-0.9908344,-0.2609363,-0.05953661,0.9635184,0.14,1.811587,3.74,0,-0.6727939,0,0.73983,-0.9955062,0,0.09469664
saccade,28.5694,0.04399786,0.04154372,-0.05765163,-0.09185108,0.07445958,-0.0007401521,-0.9929847,-0.1477385,-0.1825237,0.9720383,0.1115951,0.03983772,-0.05444629,-0.03038507,0.1316135,0.00253611,-0.9908321,-0.2609679,-0.05954544,0.9635093,0.14,1.811587,3.74,0,-0.6727939,0,0.73983,-0.9955062,0,0.09469664
saccade,28.5803,0.04401278,0.04157102,-0.05764564,-0.09178608,0.07443152,-0.0007563088,-0.9929928,-0.1476811,-0.1823984,0.9720705,0.1116103,0.0398674,-0.05444372,-0.03032092,0.1315866,0.002514525,-0.9908377,-0.2609143,-0.05942446,0.9635313,0.14,1.811587,3.74,0,-0.6727939,0,0.73983,-0.9955062,0,0.09469664
saccade,28.5917,0.04400887,0.04157615,-0.05764095,-0.09522563,0.06578617,-0.001087286,-0.993279,-0.130481,-0.1893143,0.9732085,0.1116063,0.03987372,-0.054437,-0.03620537,0.123377,0.002114535,-0.991697,-0.2448584,-0.07128773,0.9669346,0.14,1.811587,3.74,0,-0.6727939,0,0.73983,-0.9955062,0,0.09469664
saccade,28.6024,0.04399855,0.04157734,-0.05763821,-0.09515673,0.06568246,-0.001103581,-0.9932925,-0.1302737,-0.1891819,0.973262,0.1115967,0.03987837,-0.05444784,-0.03613749,0.123275,0.002088154,-0.9917122,-0.2446575,-0.07116114,0.9669947,0.14,1.811587,3.74,0,-0.6727939,0,0.73983,-0.9955062,0,0.09469664
saccade,28.6131,0.0439923,0.04156804,-0.05766207,-0.09514302,0.06567546,-0.001124706,-0.9932942,-0.1302561,-0.1891577,0.9732691,0.1115905,0.03987193,-0.05447234,-0.04023736,0.1173727,0.001798379,-0.9922708,-0.2330758,-0.07943054,0.9692092,0.14,1.811587,3.74,0,-0.6727939,0,0.73983,-0.9955062,0,0.09469664
saccade,28.6250,0.04398488,0.04154873,-0.05767309,-0.09784572,0.06089074,-0.001359424,-0.9933361,-0.1207039,-0.1945529,0.9734371,0.1115836,0.03985858,-0.05449046,-0.04025587,0.1173191,0.00175736,-0.9922765,-0.2329674,-0.07947756,0.9692314,0.14,1.811587,3.74,0,-0.6727939,0,0.73983,-0.9955062,0,0.09469664
saccade,28.6360,0.04397534,0.04152131,-0.05767035,-0.09787799,0.06088993,-0.001351798,-0.993333,-0.1207033,-0.1946155,0.9734246,0.1115741,0.03983033,-0.05448803,-0.04028779,0.1173179,0.001766752,-0.9922754,-0.2329656,-0.07953862,0.9692268,0.14,1.811587,3.74,0,-0.6727939,0,0.73983,-0.9955062,0,0.09469664
saccade,28.6474,0.04396696,0.04150462,-0.05766254,-0.09786838,0.06084409,-0.001430473,-0.9933367,-0.1205973,-0.1946066,0.9734396,0.1115662,0.03982484,-0.0544853,-0.04307653,0.1144843,0.001532681,-0.9924896,-0.227381,-0.08515508,0.9700755,0.14,1.811587,3.74,0,-0.6727939,0,0.73983,-0.9955062,0,0.09469664
saccade,28.6583,0.0439636,0.04152703,-0.05764173,-0.1011916,0.05590827,-0.001757398,-0.9932933,-0.1107109,-0.2012223,0.973269,0.1115633,0.03986204,-0.05446624,-0.04308387,0.1144667,0.001424418,-0.9924914,-0.2273372,-0.08519464,0.9700823,0.14,1.811587,3.74,0,-0.6727939,0,0.73983,-0.9955062,0,0.09469664
saccade,28.6694,0.04395738,0.04152107,-0.05762513,-0.1011847,0.05591805,-0.001732401,-0.9932935,-0.1107355,-0.2012059,0.9732697,0.1115569,0.0398525,-0.05444865,-0.04307543,0.114475,0.00144949,-0.9924908,-0.2273556,-0.08517206,0.97008,0.14,1.811587,3.74,0,-0.6727939,0,0.73983,-0.9955062,0,0.09469664
saccade,28.6801,0.04394958,0.04151428,-0.05761234,-0.1011472,0.0558854,-0.001768726,-0.9932991,-0.110664,-0.2011366,0.9732921,0.1115495,0.03985095,-0.05443965,-0.04494189,0.1117145,0.001285613,-0.9927227,-0.2219187,-0.08894244,0.9710002,0.14,1.811587,3.74,0,-0.6727939,0,0.73983,-0.9955062,0,0.09469664
saccade,28.6917,0.0439443,0.04150701,-0.05759633,-0.1012926,0.05595727,-0.001726005,-0.9932802,-0.1108128,-0.2014171,0.9732172,0.1115436,0.03983724,-0.05441497,-0.0450851,0.1117836,0.001340433,-0.9927084,-0.2220579,-0.08921304,0.9709435,0.14,1.811587,3.74,0,-0.6727939,0,0.73983,-0.9955062,0,0.09469664
saccade,28.7026,0.04394079,0.04147339,-0.05757543,-0.1024888,0.0527772,-0.00181533,-0.9933314,-0.1044784,-0.2038024,0.9734212,0.1115403,0.03980112,-0.05439964,-0.04510423,0.1117439,0.001361887,-0.992712,-0.2219819,-0.08924666,0.9709578,0.14,1.811587,3.74,0,-0.6727939,0,0.73983,-0.9955062,0,0.09469664
saccade,28.7136,0.04393582,0.04138088,-0.05757153,-0.1025519,0.05280932,-0.001850791,-0.9933231,-0.1045338,-0.2039298,0.9733886,0.1115352,0.03971291,-0.0543911,-0.04646175,0.1105691,0.00126335,-0.9927811,-0.2196591,-0.09197333,0.9712316,0.14,1.811587,3.74,0,-0.6727939,0,0.73983,-0.9955062,0,0.09469664
saccade,28.7250,0.04393029,0.04132485,-0.05755556,-0.1027006,0.05289588,-0.001830406,-0.9933032,-0.1047073,-0.2042194,0.9733092,0.1115291,0.03965306,-0.05436418,-0.04660947,0.1106539,0.001297197,-0.9927646,-0.2198275,-0.09225738,0.9711666,0.14,1.811587,3.74,0,-0.6727939,0,0.73983,-0.9955062,0,0.09469664
saccade,28.7363,0.04397808,0.04129267,-0.05754154,-0.104758,0.05043959,-0.001938342,-0.9932159,-0.09978868,-0.2082901,0.9729632,0.1115766,0.03961885,-0.05434657,-0.04673778,0.1106837,0.001318599,-0.9927553,-0.2198869,-0.09250647,0.9711294,0.14,1.811587,3.74,0,-0.6727939,0,0.73983,-0.9955062,0,0.09469664
saccade,28.7469,0.04397302,0.04127645,-0.05750547,-0.1048268,0.05036496,-0.001787578,-0.9932128,-0.09967146,-0.2084107,0.9729494,0.1115717,0.03958356,-0.05432291,-0.04858617,0.1090369,0.001375536,-0.9928487,-0.2166479,-0.09617747,0.9715007,0.14,1.811587,3.74,0,-0.6727939,0,0.73983,-0.9955062,0,0.09469664
saccade,28.7581,0.04398653,0.04127204,-0.05747744,-0.1049154,0.0503796,-0.001624792,-0.9932029,-0.0997334,-0.2085682,0.9729093,0.1115847,0.03955698,-0.0542955,-0.04866535,0.1090423,0.001543844,-0.992844,-0.2166742,-0.0962975,0.9714829,0.14,1.811587,3.74,0,-0.6727939,0,0.73983,-0.9955062,0,0.09469664
saccade,28.7688,0.04399307,0.04126978,-0.05745305,-0.1066726,0.04828073,-0.001640515,-0.99312,-0.09554711,-0.2120358,0.9725798,0.1115915,0.03954411,-0.05428336,-0.04867464,0.1089566,0.001627122,-0.9928528,-0.216514,-0.09629893,0.9715185,0.14,1.811587,3.74,0,-0.6727939,0,0.73983,-0.9955062,0,0.09469664
saccade,28.7799,0.04402516,0.04131699,-0.05745033,-0.1067497,0.04824008,-0.001630048,-0.9931137,-0.09546776,-0.2121865,0.9725548,0.1116239,0.03959048,-0.05428649,-0.04900441,0.1073795,0.001594179,-0.9930084,-0.2134137,-0.09698122,0.9721364,0.14,1.811587,3.74,0,-0.6727939,0,0.73983,-0.9955062,0,0.09469664
saccade,28.7911,0.04403294,0.04130948,-0.05744082,-0.1066782,0.04820302,-0.001680878,-0.9931231,-0.09538443,-0.2120512,0.9725925,0.111632,0.03959036,-0.05428102,-0.04893581,0.1073456,0.001537114,-0.9930156,-0.2133421,-0.09685804,0.9721644,0.14,1.811587,3.74,0,-0.6727939,0,0.73983,-0.9955062,0,0.09469664
saccade,28.8027,0.044028,0.04130661,-0.05745573,-0.1082505,0.04619969,-0.00181688,-0.9930479,-0.09136366,-0.2151638,0.9722948,0.111627,0.03959274,-0.05429153,-0.04908535,0.1073791,0.001505849,-0.9930046,-0.2134038,-0.09716056,0.9721207,0.14,1.811587,3.74,0,-0.6727939,0,0.73983,-0.9955062,0,0.09469664
saccade,28.8132,0.04401572,0.0412966,-0.05747883,-0.1082015,0.04614642,-0.001970197,-0.9930555,-0.09122556,-0.2150821,0.9723259,0.1116155,0.03960419,-0.05431938,-0.04904573,0.1073353,0.001346908,-0.9930115,-0.2133025,-0.09711681,0.9721473,0.14,1.811587,3.74,0,-0.6727939,0,0.73983,-0.9955062,0,0.09469664
saccade,28.8247,0.04402461,0.0413115,-0.05748517,-0.1088048,0.04425213,-0.00197588,-0.9930757,-0.08746147,-0.2162777,0.9724065,0.1116241,0.0396111,-0.05432492,-0.04962125,0.1058247,0.001357786,-0.993145,-0.2103333,-0.09827481,0.9726777,0.14,1.811587,3.74,0,-0.6727939,0,0.73983,-0.9955062,0,0.09469664
saccade,28.8360,0.04401532,0.04132867,-0.0574977,-0.1087774,0.04415977,-0.001984618,-0.9930828,-0.08727685,-0.2162253,0.9724348,0.1116155,0.03963089,-0.05434967,-0.04959465,0.1057335,0.001341904,-0.9931561,-0.2101528,-0.09822668,0.9727216,0.14,1.811587,3.74,0,-0.6727939,0,0.73983,-0.9955062,0,0.09469664
saccade,28.8501,0.04401097,0.04134619,-0.05750231,-0.1086432,0.04417444,-0.001935981,-0.9930969,-0.08731834,-0.2159575,0.9724905,0.1116109,0.03964162,-0.05435262,-0.04981241,0.1049165,0.001351628,-0.9932318,-0.2085474,-0.09866693,0.9730225,0.14,1.811587,3.74,0,-0.6727939,0,0.73983,-0.9955062,0,0.09469664
saccade,28.8611,0.04397893,0.04139626,-0.05751109,-0.1094645,0.04292454,-0.001980857,-0.9930615,-0.08481974,-0.21758,0.97235,0.1115791,0.03969073,-0.05436832,-0.04970179,0.1048637,0.001354602,-0.993243,-0.2084448,-0.09844781,0.9730667,0.14,1.811587,3.74,0,-0.6727939,0,0.73983,-0.9955062,0,0.09469664
saccade,28.8747,0.04394459,0.04140556,-0.05752192,-0.1092234,0.04293986,-0.001932808,-0.9930875,-0.08486385,-0.2171028,0.9724528,0.1115445,0.03969347,-0.05437706,-0.04992482,0.1038468,0.001349087,-0.9933386,-0.2064448,-0.09890431,0.9734467,0.14,1.811587,3.74,0,-0.6727939,0,0.73983,-0.9955062,0,0.09469664
saccade,28.8812,0.04391136,0.04139662,-0.05755163,-0.1092799,0.04303441,-0.002026705,-0.993077,-0.08503,-0.2172212,0.9724119,0.1115109,0.03969574,-0.05439283,-0.04998687,0.1039463,0.001264618,-0.9933252,-0.2066313,-0.09904353,0.973393,0.14,1.811587,3.74,0,-0.6727939,0,0.73983,-0.9955062,0,0.09469664
saccade,28.8911,0.0438663,0.04136872,-0.05757832,-0.1101678,0.04177821,-0.002243391,-0.993032,-0.08247989,-0.2189878,0.9722353,0.1114661,0.03968811,-0.05441221,-0.0498369,0.1039889,0.00110394,-0.9933285,-0.2067003,-0.09877922,0.9734052,0.14,1.811587,3.74,0,-0.6727939,0,0.73983,-0.9955062,0,0.09469664
saccade,28.9021,0.0438325,0.04133928,-0.05762422,-0.1102749,0.04191034,-0.002379552,-0.9930143,-0.08271033,-0.2192085,0.9721659,0.1114317,0.03967488,-0.05443862,-0.0499523,0.1041283,0.0009829946,-0.9933082,-0.2069612,-0.09903134,0.9733241,0.14,1.811587,3.74,0,-0.6727939,0,0.73983,-0.9955062,0,0.09469664
saccade,28.9137,0.04379209,0.04129696,-0.05764624,-0.1103407,0.0419833,-0.002487828,-0.9930037,-0.08283012,-0.2193464,0.9721246,0.1113911,0.03964603,-0.0544494,-0.05024753,0.103418,0.0008575179,-0.9933676,-0.2055504,-0.09965117,0.9735598,0.14,1.811587,3.74,0,-0.6727939,0,0.73983,-0.9955062,0,0.09469664
saccade,28.9243,0.04376008,0.04125977,-0.05765715,-0.1103741,0.04204618,-0.002587102,-0.9929971,-0.08293238,-0.2194199,0.9720994,0.1113589,0.03962123,-0.05445046,-0.05028689,0.1034864,0.0007644671,-0.9933586,-0.2056751,-0.09974761,0.9735236,0.14,1.811587,3.74,0,-0.6727939,0,0.73983,-0.9955062,0,0.09469664
saccade,28.9355,0.04374132,0.04133618,-0.05760629,-0.111437,0.04116678,-0.002697591,-0.9929149,-0.08114899,-0.2215171,0.9717742,0.1113397,0.03970444,-0.05438691,-0.05059306,0.1035834,0.0007261462,-0.9933329,-0.205859,-0.1003611,0.9734216,0.14,1.811587,3.74,0,-0.6727939,0,0.73983,-0.9955062,0,0.09469664
saccade,28.9466,0.04371646,0.04125082,-0.0576384,-0.1113252,0.04112983,-0.00264572,-0.992929,-0.08108895,-0.2212937,0.9718301,0.111315,0.03961277,-0.05442443,-0.0509106,0.1028554,0.0007382083,-0.9933924,-0.2044267,-0.1009965,0.9736578,0.14,1.811587,3.74,0,-0.6727939,0,0.73983,-0.9955062,0,0.09469664
saccade,28.9581,0.04370089,0.04123235,-0.05763816,-0.1114143,0.04120561,-0.002664067,-0.9929159,-0.08123378,-0.2214697,0.9717779,0.111299,0.0395956,-0.05441401,-0.05100085,0.1029317,0.0007300604,-0.9933799,-0.204575,-0.1011761,0.973608,0.14,1.811587,3.74,0,-0.6727939,0,0.73983,-0.9955062,0,0.09469664
saccade,28.9687,0.04370955,0.04124045,-0.0576389,-0.1122943,0.0399689,-0.002653101,-0.9928673,-0.07877177,-0.2231988,0.971585,0.1113076,0.03959465,-0.05441852,-0.05097048,0.1029068,0.0007959108,-0.9933839,-0.2045332,-0.1011027,0.9736244,0.14,1.811587,3.74,0,-0.6727939,0,0.73983,-0.9955062,0,0.09469664
saccade,28.9801,0.04371019,0.04122174,-0.05763858,-0.1123184,0.04003857,-0.002680062,-0.9928617,-0.07890348,-0.2232478,0.971563,0.1113078,0.03957856,-0.05440849,-0.05078751,0.1023711,0.0007662668,-0.9934487,-0.2034788,-0.1007527,0.9738815,0.14,1.811587,3.74,0,-0.6727939,0,0.73983,-0.9955062,0,0.09469664
saccade,28.9919,0.04371344,0.04120457,-0.05764148,-0.1123517,0.04007784,-0.002756694,-0.9928561,-0.07896362,-0.2233191,0.9715418,0.111311,0.03957105,-0.05440504,-0.05082553,0.1024148,0.0006944441,-0.9934423,-0.203557,-0.1008422,0.9738559,0.14,1.811587,3.74,0,-0.6727939,0,0.73983,-0.9955062,0,0.09469664
saccade,29.0024,0.04371053,0.04119885,-0.05764037,-0.1127434,0.03885683,-0.002770951,-0.9928603,-0.076534,-0.2240922,0.9715582,0.1113081,0.03956187,-0.05440647,-0.05080782,0.1023972,0.0007205798,-0.993445,-0.2035252,-0.100802,0.9738668,0.14,1.811587,3.74,0,-0.6727939,0,0.73983,-0.9955062,0,0.09469664
saccade,29.0133,0.04371612,0.0411998,-0.05763305,-0.112716,0.03884615,-0.002734645,-0.9928639,-0.07652141,-0.2240357,0.9715722,0.1113137,0.03955805,-0.05440105,-0.05109081,0.1018218,0.0007307091,-0.9934896,-0.2023925,-0.1013676,0.9740441,0.14,1.811587,3.74,0,-0.6727939,0,0.73983,-0.9955062,0,0.09469664
saccade,29.0244,0.04373012,0.04118609,-0.05762421,-0.1127426,0.03882207,-0.002602429,-0.9928622,-0.07650312,-0.2240778,0.9715639,0.1113275,0.03952694,-0.05439757,-0.05110934,0.1017898,0.0008626114,-0.9934918,-0.2023427,-0.1013778,0.9740534,0.14,1.811587,3.74,0,-0.6727939,0,0.73983,-0.9955062,0,0.09469664
saccade,29.0356,0.04374835,0.04117298,-0.05761926,-0.1132901,0.03772137,-0.00248819,-0.9928426,-0.07433897,-0.2251461,0.9714849,0.1113456,0.03949332,-0.05439985,-0.05117735,0.1017461,0.001020066,-0.9934927,-0.2022725,-0.1014811,0.9740572,0.14,1.811587,3.74,0,-0.6727939,0,0.73983,-0.9955062,0,0.09469664
saccade,29.0465,0.04378362,0.04116416,-0.05760263,-0.1132614,0.03767583,-0.002390571,-0.9928478,-0.07427122,-0.2250828,0.9715048,0.1113809,0.03947222,-0.05439075,-0.05114248,0.1016949,0.001112608,-0.9934996,-0.2021814,-0.1013938,0.9740852,0.14,1.811587,3.74,0,-0.6727939,0,0.73983,-0.9955062,0,0.09469664
saccade,29.0579,0.04379816,0.04114389,-0.05757996,-0.1133057,0.03759084,-0.002316918,-0.9928461,-0.07411879,-0.2251645,0.9714975,0.1113959,0.03944325,-0.05438078,-0.05123246,0.1010871,0.001169102,-0.9935569,-0.2009914,-0.1015684,0.9743133,0.14,1.811587,3.74,0,-0.6727939,0,0.73983,-0.9955062,0,0.09469664
saccade,29.0690,0.0438178,0.04112303,-0.05757286,-0.1140071,0.03637002,-0.002367194,-0.9928111,-0.07167737,-0.2265472,0.9713592,0.1114157,0.03942287,-0.05437775,-0.05130224,0.1010585,0.001170618,-0.9935562,-0.2009346,-0.1017067,0.9743105,0.14,1.811587,3.74,0,-0.6727939,0,0.73983,-0.9955062,0,0.09469664
saccade,29.0805,0.04384029,0.04108846,-0.05757342,-0.1140286,0.03636661,-0.002428765,-0.9928087,-0.07165627,-0.2265939,0.9713499,0.1114384,0.03939664,-0.05437789,-0.05140266,0.09998994,0.001081507,-0.9936592,-0.198823,-0.1019372,0.9747196,0.14,1.811587,3.74,0,-0.6727939,0,0.73983,-0.9955062,0,0.09469664
saccade,29.0912,0.04382601,0.04107571,-0.05755281,-0.1140707,0.03632304,-0.002522117,-0.9928052,-0.07154801,-0.2266832,0.971337,0.1114246,0.039397,-0.05436182,-0.05145096,0.09995242,0.0009884899,-0.9936606,-0.1987393,-0.102052,0.9747247,0.14,1.811587,3.74,0,-0.6727939,0,0.73983,-0.9955062,0,0.09469664
saccade,29.1020,0.04383384,0.04105258,-0.05754321,-0.1144087,0.03525173,-0.002640738,-0.9928046,-0.0693919,-0.2273571,0.9713359,0.1114331,0.03938603,-0.05435851,-0.05150532,0.09990245,0.0009041572,-0.9936629,-0.1986319,-0.1021772,0.9747334,0.14,1.811587,3.74,0,-0.6727939,0,0.73983,-0.9955062,0,0.09469664
saccade,29.1134,0.04385727,0.04102576,-0.05752924,-0.1143518,0.03519825,-0.002730825,-0.9928129,-0.069266,-0.2272522,0.9713695,0.1114571,0.03937221,-0.05435015,-0.05160937,0.09916774,0.0007854287,-0.9937311,-0.1971732,-0.1024159,0.9750044,0.14,1.811587,3.74,0,-0.6727939,0,0.73983,-0.9955062,0,0.09469664
saccade,29.1248,0.04387249,0.0410279,-0.05753771,-0.1147689,0.03399657,-0.002762189,-0.9928065,-0.06687,-0.2280745,0.9713446,0.1114731,0.03937519,-0.05437433,-0.05171387,0.09905417,0.0007904373,-0.9937371,-0.1969493,-0.1026234,0.9750279,0.14,1.811587,3.74,0,-0.6727939,0,0.73983,-0.9955062,0,0.09469664
saccade,29.1358,0.04387627,0.04100108,-0.05753227,-0.1146637,0.03396055,-0.002650046,-0.9928202,-0.06682571,-0.2278608,0.9713979,0.1114768,0.03933406,-0.05437514,-0.05160114,0.09901148,0.0008929464,-0.9937471,-0.1968769,-0.1023801,0.9750681,0.14,1.811587,3.74,0,-0.6727939,0,0.73983,-0.9955062,0,0.09469664
saccade,29.1467,0.04389273,0.04100609,-0.05753608,-0.1146825,0.0339294,-0.002688475,-0.992819,-0.06675487,-0.2279003,0.9713935,0.1114935,0.03934479,-0.0543826,-0.05188135,0.09849822,0.0008339497,-0.9937836,-0.1958584,-0.1029534,0.9752129,0.14,1.811587,3.74,0,-0.6727939,0,0.73983,-0.9955062,0,0.09469664
saccade,29.1579,0.04390577,0.04101551,-0.0575403,-0.1146698,0.03394524,-0.002642512,-0.99282,-0.06679699,-0.2278723,0.9713971,0.1115064,0.03934765,-0.05438537,-0.0518656,0.09851109,0.000879898,-0.9937831,-0.1958886,-0.102913,0.975211,0.14,1.811587,3.74,0,-0.6727939,0,0.73983,-0.9955062,0,0.09469664
saccade,29.1691,0.04392837,0.04102588,-0.05752216,-0.1146004,0.03310006,-0.002652943,-0.9928566,-0.06511917,-0.2277391,0.9715423,0.1115286,0.03935575,-0.05436048,-0.05175896,0.09855937,0.0008890465,-0.9937838,-0.1959855,-0.1026992,0.9752141,0.14,1.811587,3.74,0,-0.6727939,0,0.73983,-0.9955062,0,0.09469664
saccade,29.1800,0.04394848,0.04103732,-0.05751222,-0.1145148,0.03319003,-0.002649206,-0.9928635,-0.0652996,-0.227571,0.9715695,0.1115481,0.03936553,-0.05433824,-0.0516725,0.09864866,0.0008927953,-0.9937795,-0.1961623,-0.102526,0.9751968,0.14,1.811587,3.74,0,-0.6727939,0,0.73983,-0.9955062,0,0.09469664
saccade,29.1913,0.04395831,0.04103887,-0.05751583,-0.1144419,0.03317514,-0.002525357,-0.9928727,-0.06529935,-0.2274201,0.9716049,0.1115577,0.03935075,-0.05434554,-0.05199457,0.0982874,0.0009897152,-0.9937984,-0.1954587,-0.1031497,0.9752723,0.14,1.811587,3.74,0,-0.6727939,0,0.73983,-0.9955062,0,0.09469664
saccade,29.2028,0.04397935,0.04103923,-0.0575249,-0.1146648,0.0322052,-0.00248407,-0.992879,-0.06338207,-0.2278565,0.9716296,0.1115782,0.0393405,-0.05434908,-0.05208157,0.09833414,0.00106933,-0.9937891,-0.1955582,-0.1033059,0.9752358,0.14,1.811587,3.74,0,-0.6727939,0,0.73983,-0.9955062,0,0.09469664
saccade,29.2138,0.04403577,0.04107106,-0.05749884,-0.1146754,0.032221,-0.002443227,-0.9928774,-0.06342264,-0.2278747,0.9716227,0.1116344,0.03936672,-0.05432157,-0.05208948,0.09834728,0.001111701,-0.9937873,-0.1955884,-0.1033131,0.975229,0.14,1.811587,3.74,0,-0.6727939,0,0.73983,-0.9955062,0,0.09469664
saccade,29.2248,0.04406859,0.04106903,-0.05749131,-0.1146907,0.03224738,-0.002408158,-0.9928748,-0.06348284,-0.2279023,0.9716123,0.111667,0.03935945,-0.05431109,-0.05218184,0.09802724,0.001138318,-0.9938141,-0.1949605,-0.1034949,0.9753354,0.14,1.811587,3.74,0,-0.6727939,0,0.73983,-0.9955062,0,0.09469664
saccade,29.2357,0.04409471,0.04105711,-0.05749716,-0.1150298,0.03156925,-0.002420987,-0.9928573,-0.06213054,-0.2285693,0.971543,0.1116934,0.03934669,-0.0543251,-0.05216454,0.09796719,0.001146829,-0.9938209,-0.1948433,-0.1034597,0.9753626,0.14,1.811587,3.74,0,-0.6727939,0,0.73983,-0.9955062,0,0.09469664
saccade,29.2466,0.04413228,0.04105544,-0.05748579,-0.1150009,0.03149629,-0.002393257,-0.9928631,-0.06199255,-0.2285109,0.9715656,0.1117314,0.03934252,-0.05432387,-0.05091468,0.09922685,0.001238093,-0.9937606,-0.1973416,-0.1009483,0.9751235,0.14,1.811587,3.74,0,-0.6727939,0,0.73983,-0.9955062,0,0.09469664
saccade,29.2577,0.0441657,0.04105425,-0.05747698,-0.1150089,0.0313922,-0.002354459,-0.9928656,-0.0617949,-0.2285246,0.971575,0.1117654,0.03933764,-0.05432969,-0.05092057,0.09912094,0.001270588,-0.9937709,-0.1971364,-0.1009549,0.9751643,0.14,1.811587,3.74,0,-0.6727939,0,0.73983,-0.9955062,0,0.09469664
saccade,29.2690,0.04419383,0.0410502,-0.0574761,-0.1129258,0.03614385,-0.002155579,-0.9929435,-0.07129076,-0.2244137,0.9718828,0.1117938,0.03933191,-0.05433454,-0.05088984,0.09907882,0.001283643,-0.9937766,-0.1970551,-0.1008919,0.9751872,0.14,1.811587,3.74,0,-0.6727939,0,0.73983,-0.9955062,0,0.09469664
saccade,29.2798,0.04424002,0.04107404,-0.05746262,-0.1132162,0.03622994,-0.002111216,-0.9929074,-0.07146791,-0.2249793,0.971739,0.1118393,0.03934813,-0.05431109,-0.03544251,0.1169148,0.002274254,-0.9925067,-0.2322387,-0.06982208,0.9701495,0.14,1.811587,3.74,0,-0.6727939,0,0.73983,-0.9955062,0,0.09469664
saccade,29.2912,0.04422524,0.04105353,-0.05747341,-0.1129209,0.03607947,-0.00214997,-0.9929464,-0.0711644,-0.224404,0.9718943,0.1118256,0.03933561,-0.05434057,-0.03515038,0.1167692,0.00220003,-0.9925345,-0.2319495,-0.06926212,0.9702588,0.14,1.811587,3.74,0,-0.6727939,0,0.73983,-0.9955062,0,0.09469664
saccade,29.3023,0.04422998,0.0410465,-0.05748129,-0.09352512,0.06359778,-0.0008442976,-0.9935833,-0.1262214,-0.1859574,0.9744167,0.1118308,0.039325,-0.0543597,-0.03517599,0.1166881,0.002231063,-0.992543,-0.2317929,-0.06930668,0.970293,0.14,1.811587,3.74,0,-0.6727939,0,0.73983,-0.9955062,0,0.09469664
saccade,29.3141,0.04423741,0.04103971,-0.05749221,-0.09354381,0.06363377,-0.0008777172,-0.9935791,-0.1262862,-0.1859981,0.9744006,0.1118381,0.03932226,-0.05436539,-0.0002994388,0.1428594,0.003901677,-0.9897353,-0.2827882,0.0005220518,0.9591822,0.14,1.811587,3.74,0,-0.6727939,0,0.73983,-0.9955062,0,0.09469664
saccade,29.3249,0.04423122,0.0410372,-0.05750771,-0.09354729,0.06360243,-0.0008370492,-0.9935809,-0.1262317,-0.1860001,0.9744073,0.111832,0.03931463,-0.05438565,-0.0002997778,0.1428246,0.003939397,-0.9897401,-0.2827209,0.0005318815,0.9592021,0.14,1.811587,3.74,0,-0.6727939,0,0.73983,-0.9955062,0,0.09469664
saccade,29.3354,0.04424554,0.04105687,-0.05750961,-0.0518965,0.1070401,0.001522497,-0.9928983,-0.2127179,-0.10273,0.9716983,0.1118459,0.03932989,-0.05438242,-0.0002510138,0.1428612,0.003967537,-0.9897348,-0.2827915,0.0006367403,0.9591812,0.14,1.811587,3.74,0,-0.6727939,0,0.73983,-0.9955062,0,0.09469664
saccade,29.3470,0.04424791,0.04106855,-0.05751917,-0.05186366,0.1071257,0.001519612,-0.9928907,-0.2128858,-0.1026643,0.9716685,0.1118477,0.03934109,-0.05438025,-0.0002183076,0.1429464,0.003967901,-0.9897225,-0.2829562,0.0007022661,0.9591326,0.14,1.811587,3.74,0,-0.6727939,0,0.73983,-0.9955062,0,0.09469664
saccade,29.3578,0.04423881,0.04106581,-0.05753798,-0.05190166,0.107177,0.001416318,-0.9928833,-0.2129756,-0.102761,0.9716386,0.1118387,0.0393523,-0.05439143,0.01824285,0.1554298,0.004737133,-0.9876671,-0.3068529,0.0375083,0.9510176,0.14,1.811587,3.74,0,-0.6727939,0,0.73983,-0.9955062,0,0.09469664
saccade,29.3691,0.04421989,0.04106617,-0.05757224,-0.03573455,0.1254241,0.002413327,-0.9914565,-0.2488776,-0.07025313,0.9659837,0.1118194,0.03934443,-0.05442287,0.01827976,0.1554486,0.004793723,-0.9876632,-0.3068865,0.03759884,0.9510031,0.14,1.811587,3.74,0,-0.6727939,0,0.73983,-0.9955062,0,0.09469664
saccade,29.3799,0.04420532,0.04106021,-0.05760498,-0.03574974,0.1255321,0.002380143,-0.9914424,-0.2490858,-0.07029006,0.9659273,0.1118042,0.03934264,-0.05444078,0.01826341,0.1555578,0.004766934,-0.9876465,-0.3070981,0.03755866,0.9509364,0.14,1.811587,3.74,0,-0.6727939,0,0.73983,-0.9955062,0,0.09469664
saccade,29.3911,0.04419969,0.04104376,-0.05762743,-0.03576441,0.1256177,0.002328007,-0.9914311,-0.2492491,-0.07033103,0.9658822,0.1117982,0.03933299,-0.05445133,0.02502412,0.158093,0.004987369,-0.9870945,-0.3118558,0.05097928,0.9487608,0.14,1.811587,3.74,0,-0.6727939,0,0.73983,-0.9955062,0,0.09469664
saccade,29.4028,0.04419248,0.04103458,-0.05764733,-0.02940887,0.1293045,0.002615788,-0.9911653,-0.2564781,-0.05762164,0.9648309,0.111791,0.03932393,-0.054471,0.02499595,0.1580953,0.004989977,-0.9870949,-0.3118608,0.05092453,0.9487621,0.14,1.811587,3.74,0,-0.6727939,0,0.73983,-0.9955062,0,0.09469664
saccade,29.4133,0.04419724,0.04105175,-0.05766509,-0.02944261,0.1293064,0.002596926,-0.9911641,-0.2564806,-0.05769331,0.964826,0.1117958,0.03934395,-0.05448849,0.03024482,0.1627223,0.005248205,-0.9861943,-0.3206342,0.06136255,0.9452134,0.14,1.811587,3.74,0,-0.6727939,0,0.73983,-0.9955062,0,0.09469664
saccade,29.4254,0.04420036,0.04105616,-0.0576828,-0.02937639,0.1293049,0.002610216,-0.9911663,-0.2564786,-0.05755874,0.9648346,0.1117989,0.03934586,-0.05450631,0.03031145,0.1627197,0.005259108,-0.9861926,-0.3206271,0.06149739,0.9452071,0.14,1.811587,3.74,0,-0.6727939,0,0.73983,-0.9955062,0,0.09469664
saccade,29.4355,0.04420947,0.04106402,-0.05769137,-0.02677527,0.1302989,0.002705088,-0.9911095,-0.2584257,-0.05236951,0.9646106,0.1118084,0.03935313,-0.05452365,0.03046237,0.1626523,0.005244028,-0.9861992,-0.3204956,0.06178983,0.9452326,0.14,1.811587,3.74,0,-0.6727939,0,0.73983,-0.9955062,0,0.09469664
saccade,29.4464,0.04421639,0.04108119,-0.0577006,-0.02674612,0.1303198,0.002732785,-0.9911075,-0.2584679,-0.05230428,0.9646028,0.1118151,0.03936613,-0.05453007,0.03049238,0.1626713,0.005271906,-0.986195,-0.3205298,0.06185803,0.9452165,0.14,1.811587,3.74,0,-0.6727939,0,0.73983,-0.9955062,0,0.09469664
saccade,29.4582,0.0442226,0.04110348,-0.05767996,-0.02675824,0.1302884,0.002790593,-0.9911111,-0.2584099,-0.05231361,0.9646178,0.1118213,0.03938079,-0.05451397,0.03635961,0.1654772,0.005576821,-0.9855274,-0.3257591,0.07351245,0.9425905,0.14,1.811587,3.74,0,-0.6727939,0,0.73983,-0.9955062,0,0.09469664
saccade,29.4687,0.04423689,0.04109824,-0.05768766,-0.02612612,0.1317617,0.00288601,-0.9909329,-0.2612849,-0.05101792,0.9639125,0.1118356,0.03937018,-0.05452458,0.03637403,0.1654544,0.00561483,-0.9855304,-0.3257121,0.07355342,0.9426036,0.14,1.811587,3.74,0,-0.6727939,0,0.73983,-0.9955062,0,0.09469664
saccade,29.4797,0.04424764,0.04108489,-0.05769962,-0.02615266,0.1316692,0.002928297,-0.9909443,-0.2611069,-0.05106053,0.9639585,0.1118468,0.0393517,-0.05454939,0.03634913,0.16536,0.005652109,-0.985547,-0.3255292,0.07351681,0.9426696,0.14,1.811587,3.74,0,-0.6727939,0,0.73983,-0.9955062,0,0.09469664
saccade,29.4917,0.04426774,0.0410949,-0.05766912,-0.02617891,0.1317244,0.00296496,-0.9909362,-0.2612163,-0.05110214,0.9639267,0.1118664,0.03935695,-0.05451157,0.03943838,0.1675446,0.005840068,-0.9850581,-0.3296216,0.07965513,0.9407468,0.14,1.811587,3.74,0,-0.6727939,0,0.73983,-0.9955062,0,0.09469664
saccade,29.5027,0.04427935,0.04109406,-0.05766891,-0.02622581,0.1316556,0.002934879,-0.9909442,-0.2610807,-0.05120385,0.963958,0.1118786,0.039361,-0.05452074,0.03939056,0.1674785,0.005807251,-0.9850714,-0.3294991,0.07955022,0.9407986,0.14,1.811587,3.74,0,-0.6727939,0,0.73983,-0.9955062,0,0.09469664
saccade,29.5134,0.04427016,0.04109347,-0.05766433,-0.02572048,0.1333107,0.003031466,-0.9907359,-0.2643073,-0.05015615,0.9631335,0.1118694,0.03935492,-0.05451958,0.03939402,0.1674522,0.005845415,-0.9850755,-0.3294455,0.07956983,0.9408157,0.14,1.811587,3.74,0,-0.6727939,0,0.73983,-0.9955062,0,0.09469664
saccade,29.5244,0.04427985,0.04107237,-0.05766448,-0.02573391,0.1332733,0.003057155,-0.9907405,-0.2642359,-0.05017637,0.9631519,0.1118793,0.03933072,-0.05452495,0.04174234,0.168513,0.005967538,-0.9847971,-0.3314041,0.0842267,0.9397219,0.14,1.811587,3.74,0,-0.6727939,0,0.73983,-0.9955062,0,0.09469664
saccade,29.5361,0.04427286,0.04107594,-0.05764395,-0.02573174,0.1332467,0.003038245,-0.9907442,-0.2641831,-0.05017748,0.9631664,0.1118725,0.03933704,-0.05450799,0.04174388,0.1684878,0.005946793,-0.9848015,-0.3313577,0.0842228,0.9397386,0.14,1.811587,3.74,0,-0.6727939,0,0.73983,-0.9955062,0,0.09469664
saccade,29.5467,0.04427206,0.04105723,-0.05763085,-0.02496536,0.1339933,0.003042468,-0.9906631,-0.2656363,-0.04864919,0.9628451,0.1118721,0.03932309,-0.05449993,0.04177066,0.1684519,0.00590584,-0.9848068,-0.3312917,0.08426176,0.9397584,0.14,1.811587,3.74,0,-0.6727939,0,0.73983,-0.9955062,0,0.09469664
saccade,29.5581,0.04426252,0.04103398,-0.05762108,-0.02507937,0.1339611,0.00295265,-0.9906648,-0.2655691,-0.04889942,0.9628509,0.1118631,0.03931344,-0.05449452,0.0426454,0.169763,0.005881105,-0.9845442,-0.3337768,0.08596935,0.9387237,0.14,1.811587,3.74,0,-0.6727939,0,0.73983,-0.9955062,0,0.09469664
saccade,29.5693,0.04426256,0.04103148,-0.05762212,-0.02620052,0.135938,0.00288383,-0.9903666,-0.269408,-0.0511122,0.9616688,0.1118633,0.03932166,-0.05449222,0.04266628,0.16979,0.005799328,-0.9845392,-0.3338349,0.08598258,0.9387019,0.14,1.811587,3.74,0,-0.6727939,0,0.73983,-0.9955062,0,0.09469664
saccade,29.5803,0.04425513,0.04102623,-0.0576138,-0.02623499,0.1359594,0.002808559,-0.990363,-0.2694457,-0.05120064,0.9616535,0.111856,0.03932691,-0.05448077,0.04262922,0.1698167,0.005726966,-0.9845366,-0.3338932,0.08588511,0.9386901,0.14,1.811587,3.74,0,-0.6727939,0,0.73983,-0.9955062,0,0.09469664
saccade,29.5912,0.04424308,0.04101372,-0.0576108,-0.02634041,0.1359245,0.002754337,-0.9903652,-0.2693749,-0.05142448,0.9616614,0.1118443,0.03932309,-0.05448258,0.04416519,0.1704887,0.005741174,-0.9843526,-0.3351348,0.08890586,0.9379661,0.14,1.811587,3.74,0,-0.6727939,0,0.73983,-0.9955062,0,0.09469664
saccade,29.6020,0.04423822,0.04100108,-0.05760824,-0.0257349,0.136937,0.002802159,-0.9902415,-0.2713456,-0.05020009,0.9611719,0.1118394,0.03930914,-0.05447886,0.04420887,0.1704957,0.005746073,-0.9843494,-0.3351467,0.08899331,0.9379535,0.14,1.811587,3.74,0,-0.6727939,0,0.73983,-0.9955062,0,0.09469664
saccade,29.6132,0.04423417,0.04100525,-0.05760488,-0.02575815,0.1370202,0.002828387,-0.9902293,-0.2715085,-0.05023786,0.961124,0.1118347,0.03930974,-0.05446431,0.04418636,0.1705766,0.005778884,-0.9843363,-0.3352987,0.08895995,0.9379024,0.14,1.811587,3.74,0,-0.6727939,0,0.73983,-0.9955062,0,0.09469664
saccade,29.6248,0.04422215,0.04095161,-0.05760331,-0.02586428,0.1371268,0.00278036,-0.9902119,-0.2717129,-0.05045972,0.9610546,0.1118222,0.03926361,-0.05444828,0.0440785,0.1706864,0.005742175,-0.9843222,-0.3355146,0.08873513,0.9378465,0.14,1.811587,3.74,0,-0.6727939,0,0.73983,-0.9955062,0,0.09469664
saccade,29.6358,0.04421812,0.0408951,-0.05761093,-0.02599184,0.1386808,0.002843421,-0.989992,-0.2747335,-0.05067477,0.9601842,0.1118176,0.03920543,-0.05444407,0.04535956,0.1716072,0.005844394,-0.9841033,-0.3372282,0.09128287,0.9369869,0.14,1.811587,3.74,0,-0.6727939,0,0.73983,-0.9955062,0,0.09469664
saccade,29.6466,0.04421746,0.04085827,-0.05761357,-0.02610684,0.1387507,0.002980766,-0.9899787,-0.2748761,-0.05086326,0.9601334,0.1118161,0.03915119,-0.05443799,0.04524915,0.1716677,0.005990241,-0.984097,-0.3373332,0.09111577,0.9369655,0.14,1.811587,3.74,0,-0.6727939,0,0.73983,-0.9955062,0,0.09469664
saccade,29.6583,0.04424958,0.04092002,-0.05756316,-0.02614691,0.1388218,0.00313015,-0.9899672,-0.2750218,-0.05090009,0.9600897,0.1118473,0.03919315,-0.05437858,0.04619904,0.1725774,0.006197234,-0.9838924,-0.3390226,0.09304877,0.9361653,0.14,1.811587,3.74,0,-0.6727939,0,0.73983,-0.9955062,0,0.09469664
saccade,29.6692,0.04426871,0.04093552,-0.05754555,-0.02583434,0.1402449,0.003369722,-0.989774,-0.2777956,-0.05019514,0.9593279,0.111866,0.03918159,-0.05436584,0.04627007,0.1725319,0.006387401,-0.9838958,-0.3389158,0.09325391,0.9361836,0.14,1.811587,3.74,0,-0.6727939,0,0.73983,-0.9955062,0,0.09469664
saccade,29.6802,0.04428279,0.04096127,-0.0575356,-0.02585141,0.1401619,0.0035673,-0.9897847,-0.2776447,-0.05017466,0.9593727,0.1118799,0.03918123,-0.05436803,0.04625968,0.1724356,0.006578905,-0.983912,-0.3387142,0.09329978,0.936252,0.14,1.811587,3.74,0,-0.6727939,0,0.73983,-0.9955062,0,0.09469664
saccade,29.6912,0.04428678,0.04097664,-0.05750369,-0.02584235,0.1400619,0.0036538,-0.9897987,-0.2774551,-0.05013392,0.9594296,0.1118843,0.03918517,-0.05435008,0.04725913,0.1730315,0.006705193,-0.983759,-0.3398088,0.0953036,0.9356533,0.14,1.811587,3.74,0,-0.6727939,0,0.73983,-0.9955062,0,0.09469664
saccade,29.7026,0.04429285,0.04098475,-0.05749455,-0.02575954,0.1399819,0.003549621,-0.9898126,-0.2772945,-0.05000048,0.959483,0.1118912,0.03920662,-0.05435126,0.0473385,0.1729591,0.006592635,-0.9837687,-0.3396792,0.09542079,0.9356884,0.14,1.811587,3.74,0,-0.6727939,0,0.73983,-0.9955062,0,0.09469664
saccade,29.7132,0.04490805,0.04207659,-0.05720029,-0.02571055,0.140065,0.003421675,-0.9898026,-0.2774493,-0.04993822,0.9594415,0.1118996,0.03922844,-0.05436172,0.04813344,0.1732225,0.006490787,-0.9836845,-0.3401677,0.09694494,0.9353543,0.14,1.811587,3.74,0,-0.6727939,0,0.73983,-0.9955062,0,0.09469664
saccade,29.7247,0.04491007,0.04208052,-0.05722462,-0.02576442,0.1399959,0.003282171,-0.9898114,-0.2773082,-0.05008484,0.9594747,0.1119028,0.03925192,-0.05439506,0.04807509,0.1731646,0.006348444,-0.9836984,-0.3400731,0.09678143,0.9354056,0.14,1.811587,3.74,0,-0.6727939,0,0.73983,-0.9955062,0,0.09469664
saccade,29.7362,0.04490685,0.04209816,-0.05721967,-0.02575995,0.1399787,0.003219518,-0.9898142,-0.2772717,-0.05009379,0.9594848,0.1119,0.03927791,-0.05439215,0.04807747,0.1731521,0.006284566,-0.9837009,-0.3400555,0.09676408,0.9354138,0.14,1.811587,3.74,0,-0.6727939,0,0.73983,-0.9955062,0,0.09469664
saccade,29.7464,0.04490487,0.04212475,-0.0572301,-0.0260675,0.1406539,0.003168484,-0.9897106,-0.2785786,-0.05070725,0.9590739,0.1118989,0.03931272,-0.05441374,0.04808816,0.1730724,0.006217484,-0.9837149,-0.3399098,0.09676223,0.9354669,0.14,1.811587,3.74,0,-0.6727939,0,0.73983,-0.9955062,0,0.09469664
saccade,29.7619,0.04490792,0.04216015,-0.05725228,-0.02595196,0.1405745,0.003172228,-0.9897249,-0.2784249,-0.05047873,0.9591306,0.1119023,0.03934634,-0.05444615,0.04870553,0.1736851,0.00624383,-0.9835763,-0.3410569,0.09798014,0.9349225,0.14,1.811587,3.74,0,-0.6727939,0,0.73983,-0.9955062,0,0.09469664
saccade,29.7736,0.04488632,0.04222083,-0.05724663,-0.02530204,0.1405647,0.003333506,-0.9897426,-0.2784144,-0.04914787,0.9592028,0.1118803,0.0393858,-0.05445234,0.04888467,0.1735847,0.006375749,-0.9835843,-0.340847,0.09837786,0.9349573,0.14,1.811587,3.74,0,-0.6727939,0,0.73983,-0.9955062,0,0.09469664
saccade,29.7848,0.04487004,0.04223514,-0.05725607,-0.02526082,0.140582,0.003325253,-0.9897411,-0.2784476,-0.0490684,0.9591972,0.1118639,0.03940058,-0.05445921,0.04897654,0.1738166,0.006374266,-0.9835387,-0.3412863,0.09855656,0.9347782,0.14,1.811587,3.74,0,-0.6727939,0,0.73983,-0.9955062,0,0.09469664
saccade,29.7956,0.04483891,0.0422529,-0.05728386,-0.02516505,0.1406702,0.003312203,-0.9897311,-0.2786181,-0.04888142,0.9591572,0.1118323,0.03941846,-0.05447456,0.04907153,0.1739043,0.006364571,-0.9835186,-0.3414516,0.09873918,0.9346986,0.14,1.811587,3.74,0,-0.6727939,0,0.73983,-0.9955062,0,0.09469664
saccade,29.8073,0.04477859,0.04224265,-0.05734801,-0.02512974,0.1417107,0.003216354,-0.9895839,-0.2806309,-0.0488244,0.9585732,0.1117711,0.03942072,-0.05450676,0.04920126,0.1741379,0.006264541,-0.9834715,-0.3419028,0.09895787,0.9345105,0.14,1.811587,3.74,0,-0.6727939,0,0.73983,-0.9955062,0,0.09469664
saccade,29.8175,0.04475012,0.04225469,-0.05734841,-0.02514051,0.1417873,0.003102667,-0.989573,-0.2807738,-0.04887689,0.9585286,0.1117428,0.0394479,-0.05449638,0.04921838,0.1745222,0.006165676,-0.9834031,-0.3426443,0.0989551,0.9342391,0.14,1.811587,3.74,0,-0.6727939,0,0.73983,-0.9955062,0,0.09469664
saccade,29.8289,0.04471802,0.04223108,-0.05737223,-0.02521567,0.1419355,0.002987199,-0.9895502,-0.2810553,-0.04905637,0.958437,0.1117105,0.03944016,-0.05450003,0.04913913,0.1746783,0.006064239,-0.98338,-0.3429543,0.09876345,0.9341457,0.14,1.811587,3.74,0,-0.6727939,0,0.73983,-0.9955062,0,0.09469664
saccade,29.8403,0.04468683,0.04219377,-0.05740261,-0.02544735,0.142022,0.002982148,-0.9895319,-0.2812224,-0.04951486,0.9583644,0.1116791,0.03940344,-0.05452313,0.04908521,0.1747338,0.006069842,-0.9833727,-0.3430611,0.09865934,0.9341174,0.14,1.811587,3.74,0,-0.6727939,0,0.73983,-0.9955062,0,0.09469664
saccade,29.8514,0.04466963,0.04216623,-0.05741344,-0.02556315,0.1420389,0.002943415,-0.9895266,-0.2812531,-0.04975466,0.9583429,0.1116621,0.03938246,-0.05453204,0.04896825,0.1747543,0.006036417,-0.9833751,-0.343107,0.0984181,0.9341261,0.14,1.811587,3.74,0,-0.6727939,0,0.73983,-0.9955062,0,0.09469664
saccade,29.8625,0.0446467,0.04221082,-0.05726544,-0.02580265,0.1422945,0.002919652,-0.9894838,-0.281747,-0.0502317,0.958173,0.1116379,0.03943253,-0.05435047,0.04888505,0.175137,0.00604803,-0.9833111,-0.3438369,0.0982569,0.9338746,0.14,1.811587,3.74,0,-0.6727939,0,0.73983,-0.9955062,0,0.09469664
saccade,29.8734,0.04464515,0.04214323,-0.0573621,-0.02584257,0.1422999,0.002991544,-0.9894817,-0.281761,-0.05029012,0.9581658,0.1116372,0.03935552,-0.05447521,0.04894981,0.1749256,0.006099752,-0.9833452,-0.3434273,0.09840312,0.9340099,0.14,1.811587,3.74,0,-0.6727939,0,0.73983,-0.9955062,0,0.09469664
saccade,29.8848,0.04464172,0.04214144,-0.05736715,-0.02586832,0.142308,0.003026828,-0.9894797,-0.2817784,-0.05033087,0.9581586,0.1116335,0.03934932,-0.05447943,0.04892526,0.1749312,0.006136396,-0.9833452,-0.343435,0.09836773,0.9340108,0.14,1.811587,3.74,0,-0.6727939,0,0.73983,-0.9955062,0,0.09469664
saccade,29.8956,0.04465526,0.04216599,-0.05737073,-0.02591085,0.1423377,0.003069437,-0.9894742,-0.281838,-0.05040243,0.9581372,0.1116467,0.03936863,-0.05447937,0.04898836,0.1749984,0.006186752,-0.9833298,-0.3435562,0.09850879,0.9339514,0.14,1.811587,3.74,0,-0.6727939,0,0.73983,-0.9955062,0,0.09469664
saccade,29.9071,0.04466877,0.04214537,-0.05738292,-0.02597837,0.1426447,0.003060477,-0.9894283,-0.2824324,-0.05053434,0.9579552,0.1116605,0.03935051,-0.05449503,0.04897485,0.1749742,0.006169646,-0.9833349,-0.3435122,0.09847642,0.933971,0.14,1.811587,3.74,0,-0.6727939,0,0.73983,-0.9955062,0,0.09469664
saccade,29.9176,0.04468833,0.04212904,-0.05738353,-0.025995,0.142673,0.003088126,-0.9894236,-0.2824886,-0.05055895,0.9579374,0.1116797,0.03933048,-0.054492,0.04909845,0.1750254,0.006204798,-0.9833194,-0.3436024,0.09873091,0.9339109,0.14,1.811587,3.74,0,-0.6727939,0,0.73983,-0.9955062,0,0.09469664
saccade,29.9290,0.04470542,0.04213428,-0.05738649,-0.02601209,0.1426291,0.003121183,-0.9894294,-0.2824051,-0.05058391,0.9579607,0.1116969,0.03933179,-0.05450112,0.04908257,0.1749794,0.00623499,-0.9833282,-0.3435124,0.09871054,0.9339462,0.14,1.811587,3.74,0,-0.6727939,0,0.73983,-0.9955062,0,0.09469664
saccade,29.9399,0.04474204,0.04214644,-0.05737747,-0.02565962,0.1425569,0.003276477,-0.9894485,-0.2822736,-0.04984359,0.9580382,0.111733,0.03932369,-0.05449995,0.04915354,0.1749128,0.006375027,-0.9833356,-0.3433692,0.09889901,0.9339789,0.14,1.811587,3.74,0,-0.6727939,0,0.73983,-0.9955062,0,0.09469664
saccade,29.9507,0.04476007,0.04213428,-0.05737902,-0.02569473,0.142482,0.003350661,-0.9894582,-0.2821321,-0.04989291,0.9580773,0.1117511,0.03930223,-0.05451211,0.04940335,0.1750929,0.006459614,-0.9832904,-0.3436962,0.09941774,0.9338036,0.14,1.811587,3.74,0,-0.6727939,0,0.73983,-0.9955062,0,0.09469664
saccade,29.9623,0.04479298,0.04212046,-0.05737874,-0.02577388,0.1424295,0.003469688,-0.9894633,-0.2820364,-0.05001624,0.9580991,0.1117837,0.03927386,-0.0545198,0.04932839,0.1750326,0.006576938,-0.9833042,-0.3435718,0.09931199,0.9338606,0.14,1.811587,3.74,0,-0.6727939,0,0.73983,-0.9955062,0,0.09469664
saccade,29.9734,0.04483347,0.04208302,-0.05738646,-0.02586536,0.1424797,0.003563672,-0.9894533,-0.2821383,-0.05016964,0.958061,0.1118245,0.03922486,-0.05454607,0.04931774,0.1748932,0.006658668,-0.9833289,-0.3432983,0.09932023,0.9339603,0.14,1.811587,3.74,0,-0.6727939,0,0.73983,-0.9955062,0,0.09469664
saccade,29.9848,0.0448925,0.04212081,-0.05736684,-0.02602803,0.1424537,0.00354407,-0.9894528,-0.2820868,-0.05049727,0.958059,0.1118839,0.03926754,-0.05453066,0.04915472,0.1748701,0.00664261,-0.9833413,-0.3432609,0.09899493,0.9340085,0.14,1.811587,3.74,0,-0.6727939,0,0.73983,-0.9955062,0,0.09469664
saccade,29.9952,0.04491248,0.04209888,-0.05737722,-0.02601167,0.1424037,0.003492794,-0.9894606,-0.2819875,-0.05048027,0.9580891,0.1119045,0.0392524,-0.0545475,0.04927343,0.1751469,0.006598498,-0.9832864,-0.343789,0.09921121,0.9337913,0.14,1.811587,3.74,0,-0.6727939,0,0.73983,-0.9955062,0,0.09469664
saccade,30.0096,0.04493875,0.04209745,-0.05737994,-0.02601967,0.1423846,0.003414319,-0.9894634,-0.2819463,-0.05051874,0.9580992,0.1119313,0.03926158,-0.05455251,0.04926286,0.1751339,0.006519103,-0.9832898,-0.3437724,0.09916278,0.9338026,0.14,1.811587,3.74,0,-0.6727939,0,0.73983,-0.9955062,0,0.09469664
saccade,30.0280,0.04502338,0.04216969,-0.05732063,-0.02428037,0.1392383,0.003272096,-0.9899558,-0.2758385,-0.04716179,0.9600463,0.1120166,0.03934681,-0.05449629,0.04940647,0.17511,0.006400489,-0.9832876,-0.3437345,0.09940311,0.933791,0.14,1.811587,3.74,0,-0.6727939,0,0.73983,-0.9955062,0,0.09469664
saccade,30.0350,0.04506684,0.04217577,-0.05736847,-0.02579397,0.09743357,0.002299638,-0.9949051,-0.193993,-0.05087699,0.9796827,0.1120607,0.03933668,-0.05457667,0.0456727,0.166635,0.006182015,-0.9849409,-0.3276865,0.09203009,0.9402936,0.14,1.811587,3.74,0,-0.6727939,0,0.73983,-0.9955062,0,0.09469664
saccade,30.0424,0.04506684,0.04217577,-0.05736847,-0.02579397,0.09743357,0.002299638,-0.9949051,-0.193993,-0.05087699,0.9796827,0.1120607,0.03933668,-0.05457667,0.0456727,0.166635,0.006182015,-0.9849409,-0.3276865,0.09203009,0.9402936,0.14,1.811587,3.74,0,-0.6727939,0,0.73983,-0.9955062,0,0.09469664
saccade,30.0512,0.04508363,0.04220951,-0.05735129,-0.02568307,0.09736984,0.002360202,-0.9949141,-0.1938705,-0.05064527,0.979719,0.1120775,0.03936172,-0.05456775,0.04578762,0.1665674,0.006229933,-0.9849467,-0.3275495,0.09227213,0.9403176,0.14,1.811587,3.74,0,-0.6727939,0,0.73983,-0.9955062,0,0.09469664
saccade,30.0624,0.04509966,0.04225111,-0.05733603,-0.02564276,0.09737667,0.002389002,-0.9949143,-0.1938854,-0.05055943,0.9797205,0.1120933,0.03939915,-0.05455148,0.02597691,0.107965,0.00419643,-0.9938064,-0.2143746,0.05253818,0.9753375,0.14,1.811587,3.74,0,-0.6727939,0,0.73983,-0.9955062,0,0.09469664
saccade,30.0733,0.04511124,0.04228175,-0.05735222,-0.03396404,-0.004972229,-0.0002854523,-0.9994107,0.009957987,-0.06788521,0.9976435,0.1121044,0.03941143,-0.05457395,0.02616499,0.107908,0.004320097,-0.9938071,-0.2142535,0.05293825,0.9753425,0.14,1.811587,3.74,0,-0.6727939,0,0.73983,-0.9955062,0,0.09469664
saccade,30.0842,0.04512772,0.04230678,-0.05736518,-0.03394247,-0.004921699,-0.0003187304,-0.9994116,0.009859243,-0.06784187,0.9976473,0.1121207,0.03944075,-0.05457987,0.02618263,0.1079603,0.004287684,-0.9938011,-0.2143575,0.05296645,0.9753181,0.14,1.811587,3.74,0,-0.6727939,0,0.73983,-0.9955062,0,0.09469664
saccade,30.0956,0.04512334,0.04233325,-0.05736977,-0.03398975,-0.004841058,-0.0003365835,-0.9994105,0.009699288,-0.06793617,0.9976425,0.112116,0.03946888,-0.05457385,0.0013093,0.00754254,0.001030644,-0.9999702,-0.01508193,0.002634069,0.9998828,0.14,1.811587,3.74,0,-0.6727939,0,0.73983,-0.9955062,0,0.09469664
saccade,30.1070,0.04514157,0.04234695,-0.05736167,-0.03242354,-0.1000055,-0.002571619,-0.9944551,0.1990687,-0.06397317,0.9778953,0.1121341,0.0394721,-0.05457314,0.001466975,0.007480726,0.001114691,-0.9999703,-0.01495774,0.00295054,0.9998838,0.14,1.811587,3.74,0,-0.6727939,0,0.73983,-0.9955062,0,0.09469664
saccade,30.1177,0.04515952,0.04236007,-0.05737847,-0.03237219,-0.1000777,-0.002532322,-0.9944497,0.1992084,-0.06387817,0.977873,0.1121522,0.03948128,-0.05459947,0.001522297,0.007407267,0.00114576,-0.9999707,-0.01481061,0.003061479,0.9998856,0.14,1.811587,3.74,0,-0.6727939,0,0.73983,-0.9955062,0,0.09469664
saccade,30.1291,0.04517381,0.0423696,-0.05739103,-0.03241319,-0.1000809,-0.002461093,-0.9944482,0.1992101,-0.06397385,0.9778664,0.1121661,0.03948057,-0.054613,-0.01292513,-0.04446886,-0.0004963839,-0.9989271,0.08885513,-0.02577838,0.9957109,0.14,1.811587,3.74,0,-0.6727939,0,0.73983,-0.9955062,0,0.09469664
saccade,30.1401,0.04518887,0.04238486,-0.05740964,-0.03442939,-0.1401516,-0.003555921,-0.9895249,0.2776118,-0.06714074,0.9583443,0.1121816,0.03950238,-0.05463447,-0.01285414,-0.04449381,-0.0005384453,-0.9989268,0.08890596,-0.02563277,0.9957101,0.14,1.811587,3.74,0,-0.6727939,0,0.73983,-0.9955062,0,0.09469664
saccade,30.1510,0.04520053,0.04238868,-0.05741783,-0.03442143,-0.1401681,-0.00356385,-0.9895228,0.2776444,-0.06712251,0.9583361,0.1121934,0.03950751,-0.05464482,-0.01284697,-0.04451025,-0.0005474628,-0.9989262,0.08893898,-0.02561762,0.9957076,0.14,1.811587,3.74,0,-0.6727939,0,0.73983,-0.9955062,0,0.09469664
saccade,30.1620,0.04521364,0.04238498,-0.05742989,-0.03447282,-0.1402138,-0.003543835,-0.9895146,0.2777315,-0.06722894,0.9583035,0.1122066,0.03950024,-0.05466348,-0.0161513,-0.05349562,-0.0008422933,-0.9984371,0.1068512,-0.03216199,0.9937547,0.14,1.811587,3.74,0,-0.6727939,0,0.73983,-0.9955062,0,0.09469664
saccade,30.1730,0.0452255,0.04238963,-0.05744039,-0.03462337,-0.1426453,-0.003579055,-0.9891616,0.2824464,-0.06747514,0.9569071,0.1122185,0.0395,-0.05467924,-0.01620212,-0.05353205,-0.0008109325,-0.9984344,0.1069228,-0.03226668,0.9937436,0.14,1.811587,3.74,0,-0.6727939,0,0.73983,-0.9955062,0,0.09469664
saccade,30.1849,0.04523471,0.0424155,-0.057433,-0.03458921,-0.1426654,-0.003510524,-0.9891602,0.2824808,-0.06742688,0.9569003,0.1122275,0.03951776,-0.05467459,-0.01616195,-0.05355339,-0.0007461192,-0.9984339,0.1069632,-0.03219336,0.9937416,0.14,1.811587,3.74,0,-0.6727939,0,0.73983,-0.9955062,0,0.09469664
saccade,30.1963,0.04523477,0.04242539,-0.05744901,-0.03461475,-0.1427201,-0.003516092,-0.9891514,0.2825869,-0.06747482,0.9568656,0.113099,0.03883064,-0.05463421,-0.01730374,-0.05907259,-0.0009193189,-0.9981033,0.1179529,-0.03443323,0.992422,0.14,1.811587,3.74,0,-0.6727939,0,0.73983,-0.9955062,0,0.09469664
saccade,30.2069,0.04524194,0.04243016,-0.05745473,-0.03470602,-0.1484648,-0.003649885,-0.9883018,0.2937094,-0.06751627,0.9535074,0.1131056,0.03883302,-0.05462901,-0.0173066,-0.05899195,-0.0009034121,-0.998108,0.117792,-0.03444113,0.9924409,0.14,1.811587,3.74,0,-0.6727939,0,0.73983,-0.9955062,0,0.09469664
saccade,30.2177,0.04520922,0.04243505,-0.05740592,-0.03472289,-0.1484849,-0.003653923,-0.9882982,0.2937485,-0.06754804,0.9534931,0.113073,0.03883803,-0.05458309,-0.01732379,-0.05901228,-0.0009062745,-0.9981065,0.1178325,-0.03447501,0.9924349,0.14,1.811587,3.74,0,-0.6727939,0,0.73983,-0.9955062,0,0.09469664
saccade,30.2289,0.04518877,0.04242408,-0.05742255,-0.03474842,-0.1484455,-0.003728928,-0.9883029,0.2936774,-0.06757685,0.953513,0.1130528,0.03883636,-0.05459425,-0.01848427,-0.07176098,-0.0013303,-0.9972497,0.1431764,-0.03667593,0.9890174,0.14,1.811587,3.74,0,-0.6727939,0,0.73983,-0.9955062,0,0.09469664
saccade,30.2404,0.04516188,0.04240096,-0.0574402,-0.03269546,-0.1550359,-0.003900698,-0.98736,0.3064075,-0.06335488,0.9497898,0.1130258,0.0388217,-0.05459888,-0.01847789,-0.07166654,-0.00139504,-0.9972566,0.1429914,-0.03665445,0.989045,0.14,1.811587,3.74,0,-0.6727939,0,0.73983,-0.9955062,0,0.09469664
saccade,30.2512,0.04514274,0.04238224,-0.05743952,-0.0327413,-0.1549649,-0.00395336,-0.9873694,0.3062741,-0.06343026,0.9498277,0.1130065,0.03880858,-0.05458866,-0.01852799,-0.07159441,-0.001442633,-0.9972607,0.14285,-0.03674791,0.9890619,0.14,1.811587,3.74,0,-0.6727939,0,0.73983,-0.9955062,0,0.09469664
saccade,30.2621,0.04510838,0.0423522,-0.0574285,-0.03266522,-0.1548993,-0.003944585,-0.9873822,0.3061472,-0.06328408,0.9498784,0.1129718,0.03877902,-0.05456802,-0.0194368,-0.08173823,-0.001723137,-0.9964628,0.1629652,-0.03845439,0.9858822,0.14,1.811587,3.74,0,-0.6727939,0,0.73983,-0.9955062,0,0.09469664
saccade,30.2732,0.04508018,0.04234099,-0.05745419,-0.03488258,-0.1598877,-0.004183058,-0.9865099,0.3157534,-0.06748638,0.9464383,0.1129435,0.03877258,-0.05458568,-0.01948696,-0.08167702,-0.001765642,-0.9964668,0.1628457,-0.03854779,0.9858983,0.14,1.811587,3.74,0,-0.6727939,0,0.73983,-0.9955062,0,0.09469664
saccade,30.2842,0.04506738,0.04234445,-0.05746816,-0.03493324,-0.1598564,-0.004237433,-0.9865129,0.3156968,-0.06756943,0.9464512,0.1129308,0.03878176,-0.05459557,-0.01954176,-0.08164484,-0.001815361,-0.9964682,0.1627839,-0.03864906,0.9859045,0.14,1.811587,3.74,0,-0.6727939,0,0.73983,-0.9955062,0,0.09469664
saccade,30.2958,0.04504362,0.04236555,-0.05745749,-0.03497387,-0.1597874,-0.004268265,-0.9865226,0.3155662,-0.06764099,0.9464896,0.1129068,0.03880548,-0.05457564,-0.01952667,-0.08555751,-0.001939877,-0.99614,0.1705303,-0.03857066,0.9845973,0.14,1.811587,3.74,0,-0.6727939,0,0.73983,-0.9955062,0,0.09469664
saccade,30.3065,0.04501261,0.04238141,-0.05746077,-0.03500561,-0.1597133,-0.004283418,-0.9865333,0.3154248,-0.06770017,0.9465325,0.1128754,0.03882205,-0.05456897,-0.01955945,-0.08548267,-0.001951439,-0.9961458,0.1703827,-0.0386345,0.9846203,0.14,1.811587,3.74,0,-0.6727939,0,0.73983,-0.9955062,0,0.09469664
saccade,30.3183,0.0450035,0.04237175,-0.05747049,-0.03459551,-0.1634245,-0.004388865,-0.9859393,0.322557,-0.06678365,0.9441912,0.1128659,0.03881538,-0.05456566,-0.0195444,-0.08538819,-0.001972854,-0.9961541,0.1701967,-0.03860155,0.9846538,0.14,1.811587,3.74,0,-0.6727939,0,0.73983,-0.9955062,0,0.09469664
saccade,30.3292,0.04499805,0.04237545,-0.05748624,-0.03463202,-0.1634262,-0.004334995,-0.985938,0.3225565,-0.06687315,0.944185,0.1128601,0.03881085,-0.05458213,-0.01994132,-0.08845118,-0.00200423,-0.9958789,0.1762533,-0.03936372,0.9835575,0.14,1.811587,3.74,0,-0.6727939,0,0.73983,-0.9955062,0,0.09469664
saccade,30.3402,0.04502994,0.04241979,-0.05749332,-0.03454678,-0.1634212,-0.004289364,-0.985942,0.3225441,-0.0667203,0.9442,0.1128917,0.0388515,-0.05458797,-0.01985284,-0.08844641,-0.001965095,-0.9958811,0.1762422,-0.03919452,0.9835662,0.14,1.811587,3.74,0,-0.6727939,0,0.73983,-0.9955062,0,0.09469664
saccade,30.3509,0.04503477,0.04242837,-0.05751009,-0.03398859,-0.1640643,-0.004200108,-0.985855,0.3237727,-0.06563746,0.9438553,0.1128961,0.03884935,-0.05460791,-0.01981452,-0.08847049,-0.001879244,-0.9958799,0.1762864,-0.03913325,0.9835607,0.14,1.811587,3.74,0,-0.6727939,0,0.73983,-0.9955062,0,0.09469664
saccade,30.3622,0.04504561,0.04244041,-0.05753379,-0.0339742,-0.1640937,-0.004156183,-0.9858508,0.3238263,-0.06562297,0.943838,0.1129068,0.03885603,-0.05463568,-0.02202847,-0.09027212,-0.00194872,-0.9956716,0.1798486,-0.04351441,0.9827314,0.14,1.811587,3.74,0,-0.6727939,0,0.73983,-0.9955062,0,0.09469664
saccade,30.3739,0.04509649,0.04250669,-0.05753682,-0.03396957,-0.1641395,-0.004104,-0.9858436,0.3239106,-0.06563012,0.9438086,0.1129577,0.03891575,-0.05464513,-0.02201998,-0.09031891,-0.001897594,-0.9956676,0.1799388,-0.04350639,0.9827152,0.14,1.811587,3.74,0,-0.6727939,0,0.73983,-0.9955062,0,0.09469664
saccade,30.3845,0.04511681,0.04254627,-0.05755114,-0.03245142,-0.1659507,-0.004129805,-0.9855914,0.3273872,-0.06259699,0.9428145,0.1129783,0.0389607,-0.05466032,-0.0219472,-0.09032991,-0.001927709,-0.9956682,0.1799618,-0.04335599,0.9827176,0.14,1.811587,3.74,0,-0.6727939,0,0.73983,-0.9955062,0,0.09469664
saccade,30.3960,0.04512546,0.04258537,-0.05758091,-0.03241353,-0.1659935,-0.004051503,-0.9855857,0.3274643,-0.06254758,0.942791,0.1129867,0.03899062,-0.0546959,-0.02267886,-0.09238133,-0.001926246,-0.9954636,0.1840119,-0.04479606,0.9819027,0.14,1.811587,3.74,0,-0.6727939,0,0.73983,-0.9955062,0,0.09469664
saccade,30.4068,0.04513803,0.04263592,-0.05761307,-0.03246675,-0.1660479,-0.00401421,-0.985575,0.327566,-0.06266373,0.942748,0.1129993,0.03903508,-0.05473611,-0.02272919,-0.09243686,-0.00188566,-0.9954574,0.1841196,-0.04490328,0.9818776,0.14,1.811587,3.74,0,-0.6727939,0,0.73983,-0.9955062,0,0.09469664
saccade,30.4176,0.04515871,0.0426873,-0.05764388,-0.03041957,-0.166199,-0.003906138,-0.9856153,0.3278541,-0.05866559,0.9429051,0.1130199,0.03908253,-0.05477082,-0.02261939,-0.09247088,-0.001841412,-0.9954568,0.1841848,-0.0446927,0.981875,0.14,1.811587,3.74,0,-0.6727939,0,0.73983,-0.9955062,0,0.09469664
saccade,30.4291,0.0451665,0.04273689,-0.05767411,-0.03021332,-0.1663143,-0.003872802,-0.9856023,0.3280735,-0.05826842,0.9428535,0.1130284,0.03913403,-0.05481528,-0.02241121,-0.09258686,-0.00182443,-0.9954507,0.1844131,-0.04428068,0.9818508,0.14,1.811587,3.74,0,-0.6727939,0,0.73983,-0.9955062,0,0.09469664
saccade,30.4409,0.04517532,0.0427891,-0.05769245,-0.03076273,-0.1675549,-0.003917268,-0.9853749,0.3304498,-0.05931294,0.941958,0.1130375,0.03918946,-0.05483513,-0.02304007,-0.09356263,-0.001875489,-0.9953451,0.1863406,-0.04551468,0.9814304,0.14,1.811587,3.74,0,-0.6727939,0,0.73983,-0.9955062,0,0.09469664
saccade,30.4513,0.04517695,0.04285431,-0.05769669,-0.03059101,-0.1676047,-0.003932632,-0.9853718,0.3305466,-0.05896877,0.9419457,0.1130397,0.03926182,-0.05484475,-0.02286994,-0.09361222,-0.001904018,-0.9953442,0.1864398,-0.04517044,0.9814274,0.14,1.811587,3.74,0,-0.6727939,0,0.73983,-0.9955062,0,0.09469664
saccade,30.4627,0.0451794,0.04289174,-0.05770057,-0.03045154,-0.1676217,-0.003838217,-0.9853736,0.3305739,-0.05872554,0.9419513,0.1130418,0.03929079,-0.05485006,-0.02282253,-0.09500882,-0.001856608,-0.9952131,0.1891928,-0.04507377,0.9809049,0.14,1.811587,3.74,0,-0.6727939,0,0.73983,-0.9955062,0,0.09469664
saccade,30.4737,0.0451698,0.04290318,-0.05772263,-0.03010096,-0.1669481,-0.00370969,-0.9854991,0.3292778,-0.05809029,0.9424445,0.1130315,0.03928912,-0.05487243,-0.02279773,-0.09501064,-0.001755903,-0.9952137,0.1891918,-0.04504357,0.9809065,0.14,1.811587,3.74,0,-0.6727939,0,0.73983,-0.9955062,0,0.09469664
saccade,30.4844,0.04516167,0.04290462,-0.05774256,-0.03006435,-0.1669363,-0.003704182,-0.9855023,0.329255,-0.05802025,0.9424568,0.1130233,0.03929079,-0.05489045,-0.02276081,-0.09499864,-0.001752974,-0.9952157,0.1891681,-0.04497077,0.9809144,0.14,1.811587,3.74,0,-0.6727939,0,0.73983,-0.9955062,0,0.09469664
saccade,30.4956,0.04513881,0.04290092,-0.05773157,-0.03005687,-0.1668545,-0.003688695,-0.9855164,0.3290975,-0.05801212,0.9425123,0.1129998,0.03928494,-0.05486818,-0.02238879,-0.09539821,-0.001738148,-0.9951859,0.1899557,-0.04423039,0.9807959,0.14,1.811587,3.74,0,-0.6727939,0,0.73983,-0.9955062,0,0.09469664
saccade,30.5066,0.04512418,0.04283774,-0.05773678,-0.02925405,-0.1664201,-0.003819699,-0.9856135,0.3282754,-0.05639503,0.9428971,0.1129859,0.03923905,-0.05486795,-0.02257557,-0.09535038,-0.001894504,-0.995186,0.1898682,-0.04457249,0.9807973,0.14,1.811587,3.74,0,-0.6727939,0,0.73983,-0.9955062,0,0.09469664
saccade,30.5183,0.04511236,0.04279077,-0.05773919,-0.02935418,-0.1663427,-0.003819364,-0.9856236,0.3281268,-0.05659369,0.9429369,0.1129735,0.03918898,-0.05486055,-0.02267541,-0.09527256,-0.001886457,-0.9951912,0.1897144,-0.04477329,0.9808179,0.14,1.811587,3.74,0,-0.6727939,0,0.73983,-0.9955062,0,0.09469664
saccade,30.5289,0.0451058,0.04276586,-0.05772892,-0.0294456,-0.1663138,-0.003856766,-0.9856256,0.3280734,-0.05676181,0.9429454,0.1129669,0.03916633,-0.05484694,-0.02261729,-0.09575509,-0.001924931,-0.9951461,0.1906677,-0.04464636,0.9806389,0.14,1.811587,3.74,0,-0.6727939,0,0.73983,-0.9955062,0,0.09469664
saccade,30.5404,0.04513679,0.04279613,-0.05766919,-0.02953826,-0.166307,-0.003818158,-0.9856241,0.3280579,-0.05695728,0.942939,0.1129975,0.03918886,-0.05478715,-0.02270698,-0.09574877,-0.001879783,-0.9951447,0.1906531,-0.04483349,0.9806331,0.14,1.811587,3.74,0,-0.6727939,0,0.73983,-0.9955062,0,0.09469664
saccade,30.5509,0.04513077,0.04281402,-0.0576529,-0.02927079,-0.1654029,-0.00372204,-0.9857846,0.3263212,-0.05647812,0.9435702,0.1129914,0.03919685,-0.05478042,-0.02277265,-0.09581402,-0.001813315,-0.9951371,0.1907787,-0.04497634,0.9806021,0.14,1.811587,3.74,0,-0.6727939,0,0.73983,-0.9955062,0,0.09469664
saccade,30.5620,0.04512331,0.04282618,-0.05763356,-0.02935282,-0.165464,-0.003694695,-0.9857721,0.3264365,-0.0566477,0.9435201,0.112984,0.03920329,-0.05477024,-0.02238184,-0.09641661,-0.001779905,-0.9950878,0.1919657,-0.04420057,0.9804058,0.14,1.811587,3.74,0,-0.6727939,0,0.73983,-0.9955062,0,0.09469664
saccade,30.5734,0.04512797,0.04283917,-0.05759998,-0.02947041,-0.1654615,-0.003732675,-0.9857688,0.3264335,-0.0568668,0.943508,0.1129887,0.03921795,-0.05473719,-0.02250182,-0.09641418,-0.001809588,-0.9950853,0.1919621,-0.04443352,0.980396,0.14,1.811587,3.74,0,-0.6727939,0,0.73983,-0.9955062,0,0.09469664
saccade,30.5845,0.04512238,0.04283714,-0.05759595,-0.02975011,-0.1657072,-0.003874264,-0.9857185,0.3269118,-0.05736648,0.9433121,0.1129838,0.03922987,-0.05473109,-0.02262436,-0.09639413,-0.001931196,-0.9950842,0.1919279,-0.04465397,0.9803926,0.14,1.811587,3.74,0,-0.6727939,0,0.73983,-0.9955062,0,0.09469664
saccade,30.5956,0.04511414,0.0428195,-0.05759487,-0.02981241,-0.1656103,-0.003885715,-0.9857329,0.3267267,-0.05748713,0.9433689,0.112975,0.03921163,-0.05471717,-0.02237422,-0.09678677,-0.001940361,-0.9950517,0.1927025,-0.04415141,0.9802634,0.14,1.811587,3.74,0,-0.6727939,0,0.73983,-0.9955062,0,0.09469664
saccade,30.6062,0.04511087,0.04283714,-0.05760893,-0.02979642,-0.1655907,-0.003959999,-0.9857364,0.3266936,-0.05743135,0.9433838,0.1129721,0.03923953,-0.0547282,-0.02236341,-0.09676644,-0.002015422,-0.9950538,0.1926658,-0.04411555,0.9802723,0.14,1.811587,3.74,0,-0.6727939,0,0.73983,-0.9955062,0,0.09469664
