SceneName,ElapsedTime,LeftPosX,LeftPosY,LeftPosZ,LeftRotX,LeftRotY,LeftRotZ,LeftRotW,LeftDirX,LeftDirY,LeftDirZ,RightPosX,RightPosY,RightPosZ,RightRotX,RightRotY,RightRotZ,RightRotW,RightDirX,RightDirY,RightDirZ,CenterPosX,CenterPosY,CenterPosZ,CenterRotX,CenterRotY,CenterRotZ,CenterRotW,CenterDirX,CenterDirY,CenterDirZ
saccade,0.0000,0,0,0,0,0,0,1,0,0,1,0,0,0,0,0,0,1,0,0,1,0.14,1.811587,3.74,0,-0.6727939,0,0.73983,-0.9955062,0,0.09469664
saccade,0.0000,0.01699224,0.03890681,-0.03686005,-0.1272329,-0.01535395,-0.0178634,-0.9915932,0.03499536,-0.2517781,0.9671521,0.08616612,0.04102838,-0.03627076,-0.0489102,0.05527785,-0.01558403,-0.9971506,-0.1087162,-0.09926457,0.9891043,0.14,1.811587,3.74,0,-0.6727939,0,0.73983,-0.9955062,0,0.09469664
saccade,0.0200,0.01739015,0.03902447,-0.03680851,-0.1271515,-0.01563255,-0.01725435,-0.9916101,0.03539061,-0.2516299,0.9671763,0.08656667,0.04106224,-0.03623452,-0.04880513,0.0551982,-0.01497815,-0.9971695,-0.1086219,-0.09898749,0.9891424,0.14,1.811587,3.74,0,-0.6727939,0,0.73983,-0.9955062,0,0.09469664
saccade,0.0281,0.01739015,0.03902447,-0.03680851,-0.1271515,-0.01563255,-0.01725435,-0.9916101,0.03539061,-0.2516299,0.9671763,0.08656667,0.04106224,-0.03623452,-0.04880513,0.0551982,-0.01497815,-0.9971695,-0.1086219,-0.09898749,0.9891424,0.14,1.811587,3.74,0,-0.6727939,0,0.73983,-0.9955062,0,0.09469664
saccade,0.0355,0.01739467,0.03902829,-0.03680987,-0.1272411,-0.01565678,-0.01724583,-0.9915983,0.03543922,-0.251804,0.9671292,0.08657125,0.0410651,-0.03623923,-0.04878504,0.05468248,-0.01497988,-0.9971988,-0.107597,-0.09893504,0.9892597,0.14,1.811587,3.74,0,-0.6727939,0,0.73983,-0.9955062,0,0.09469664
saccade,0.0424,0.01743144,0.03905821,-0.0368129,-0.1273061,-0.01572427,-0.0172975,-0.991588,0.03558815,-0.2519265,0.9670918,0.08660785,0.04110312,-0.03625053,-0.04885446,0.05461913,-0.01503212,-0.9971981,-0.1074634,-0.09907722,0.98926,0.14,1.811587,3.74,0,-0.6727939,0,0.73983,-0.9955062,0,0.09469664
saccade,0.0501,0.01749954,0.03906155,-0.0367997,-0.1273488,-0.01579925,-0.0172982,-0.9915813,0.0357383,-0.2520067,0.9670653,0.08667599,0.04110777,-0.03624754,-0.04889787,0.05454439,-0.01503582,-0.9972,-0.1073129,-0.09916216,0.9892678,0.14,1.811587,3.74,0,-0.6727939,0,0.73983,-0.9955062,0,0.09469664
saccade,0.0614,0.01749903,0.03906488,-0.03681462,-0.1272229,-0.01636639,-0.01742045,-0.9915861,0.03688993,-0.2517348,0.9670929,0.08667505,0.0411247,-0.03625752,-0.04907896,0.0545726,-0.01512696,-0.9971882,-0.1073535,-0.09953295,0.9892262,0.14,1.811587,3.74,0,-0.6727939,0,0.73983,-0.9955062,0,0.09469664
saccade,0.0725,0.01751673,0.03908062,-0.03681905,-0.1272524,-0.01637154,-0.01742424,-0.9915822,0.03690201,-0.2517919,0.9670776,0.08669273,0.04114091,-0.03626255,-0.0489637,0.05427902,-0.01513751,-0.9972097,-0.1067728,-0.09929745,0.9893127,0.14,1.811587,3.74,0,-0.6727939,0,0.73983,-0.9955062,0,0.09469664
saccade,0.0832,0.01750813,0.03912997,-0.03681899,-0.1272166,-0.0163726,-0.01735867,-0.9915879,0.03688636,-0.2517245,0.9670957,0.08668441,0.04118145,-0.03626384,-0.04892312,0.05427295,-0.0150749,-0.997213,-0.1067684,-0.09920986,0.9893219,0.14,1.811587,3.74,0,-0.6727939,0,0.73983,-0.9955062,0,0.09469664
saccade,0.0946,0.01752364,0.03914988,-0.03682227,-0.1266266,-0.01720434,-0.01735312,-0.9916494,0.03851608,-0.2505413,0.9673395,0.08670006,0.04119933,-0.03627772,-0.04875743,0.0541997,-0.01506502,-0.9972252,-0.1066296,-0.09887733,0.9893702,0.14,1.811587,3.74,0,-0.6727939,0,0.73983,-0.9955062,0,0.09469664
saccade,0.1057,0.01753735,0.03919172,-0.03683692,-0.1265676,-0.01710613,-0.01726791,-0.9916602,0.03829806,-0.2504334,0.9673761,0.08671406,0.04122806,-0.03628047,-0.04842817,0.05402569,-0.01498399,-0.9972519,-0.1063032,-0.09820922,0.9894719,0.14,1.811587,3.74,0,-0.6727939,0,0.73983,-0.9955062,0,0.09469664
saccade,0.1172,0.01750252,0.03922427,-0.03683508,-0.1264799,-0.0170995,-0.01722521,-0.9916722,0.03827149,-0.2502641,0.9674209,0.0866794,0.04125488,-0.03627859,-0.04833696,0.05402927,-0.01494718,-0.9972568,-0.1063171,-0.09802388,0.9894888,0.14,1.811587,3.74,0,-0.6727939,0,0.73983,-0.9955062,0,0.09469664
saccade,0.1279,0.01746314,0.03925562,-0.03683218,-0.1261823,-0.01740462,-0.01717584,-0.9917057,0.03885509,-0.2496735,0.9675502,0.08664022,0.04127777,-0.03627019,-0.04815632,0.05407448,-0.01489649,-0.9972638,-0.1064183,-0.09766014,0.9895138,0.14,1.811587,3.74,0,-0.6727939,0,0.73983,-0.9955062,0,0.09469664
saccade,0.1386,0.01746305,0.03927517,-0.03684834,-0.1261524,-0.01735911,-0.01719315,-0.9917099,0.03876831,-0.2496163,0.9675685,0.08664004,0.04129899,-0.03627983,-0.04801157,0.05395103,-0.01491697,-0.9972772,-0.1061759,-0.09737127,0.9895684,0.14,1.811587,3.74,0,-0.6727939,0,0.73983,-0.9955062,0,0.09469664
saccade,0.1503,0.01746538,0.03926134,-0.03685895,-0.1260535,-0.01731312,-0.01731993,-0.9917212,0.03870606,-0.2494202,0.9676215,0.0866418,0.04130208,-0.03628206,-0.04792096,0.05400707,-0.01504635,-0.9972765,-0.1062779,-0.09720612,0.9895737,0.14,1.811587,3.74,0,-0.6727939,0,0.73983,-0.9955062,0,0.09469664
saccade,0.1611,0.0174408,0.03924429,-0.03686681,-0.1258433,-0.01763889,-0.01741865,-0.9917403,0.03937044,-0.2489932,0.9677047,0.08661681,0.04129672,-0.0362839,-0.04787118,0.05404707,-0.01513583,-0.9972754,-0.1063505,-0.09711759,0.9895746,0.14,1.811587,3.74,0,-0.6727939,0,0.73983,-0.9955062,0,0.09469664
saccade,0.1723,0.01741699,0.03923678,-0.03688227,-0.1258992,-0.01766251,-0.01739721,-0.9917332,0.03941358,-0.2491023,0.9676749,0.08659312,0.04128659,-0.03630291,-0.04774836,0.05387404,-0.01511631,-0.997291,-0.1060126,-0.09686677,0.9896353,0.14,1.811587,3.74,0,-0.6727939,0,0.73983,-0.9955062,0,0.09469664
saccade,0.1839,0.01742231,0.03921556,-0.03688224,-0.1259158,-0.01761276,-0.01743517,-0.9917314,0.03932497,-0.249135,0.96767,0.08659825,0.04126966,-0.03629535,-0.04776732,0.05392648,-0.01514895,-0.9972867,-0.1061131,-0.09690929,0.9896204,0.14,1.811587,3.74,0,-0.6727939,0,0.73983,-0.9955062,0,0.09469664
saccade,0.1946,0.01741173,0.03920627,-0.03687146,-0.125453,-0.01796292,-0.01744979,-0.9917834,0.04000891,-0.2482176,0.9678777,0.08658764,0.04126036,-0.03628122,-0.04782076,0.0539499,-0.01514807,-0.9972829,-0.1061578,-0.09701613,0.9896052,0.14,1.811587,3.74,0,-0.6727939,0,0.73983,-0.9955062,0,0.09469664
saccade,0.2056,0.01739425,0.03920937,-0.03685686,-0.1255906,-0.01795218,-0.01738206,-0.9917674,0.03997482,-0.2484892,0.9678094,0.08657045,0.04125357,-0.03626613,-0.04778702,0.05373283,-0.0150763,-0.9972973,-0.1057343,-0.09693591,0.9896584,0.14,1.811587,3.74,0,-0.6727939,0,0.73983,-0.9955062,0,0.09469664
saccade,0.2173,0.01740373,0.03920329,-0.03685512,-0.125603,-0.01795766,-0.01738463,-0.9917657,0.03998671,-0.2485132,0.9678028,0.08657992,0.04124784,-0.03626507,-0.04779975,0.05372753,-0.0150784,-0.9972969,-0.1057231,-0.09696134,0.989657,0.14,1.811587,3.74,0,-0.6727939,0,0.73983,-0.9955062,0,0.09469664
saccade,0.2278,0.01742046,0.03919983,-0.03684864,-0.1255026,-0.01842416,-0.01743903,-0.9917689,0.0409223,-0.2482965,0.9678193,0.0865965,0.04125059,-0.03626268,-0.04788297,0.05369483,-0.01511755,-0.9972941,-0.1056513,-0.09713028,0.9896482,0.14,1.811587,3.74,0,-0.6727939,0,0.73983,-0.9955062,0,0.09469664
saccade,0.2388,0.01742085,0.03919673,-0.03684491,-0.1255482,-0.01840116,-0.01737574,-0.9917647,0.04086224,-0.2483891,0.9677981,0.08659716,0.04123819,-0.03625683,-0.04785651,0.0534985,-0.01505584,-0.9973069,-0.1052678,-0.09706619,0.9896953,0.14,1.811587,3.74,0,-0.6727939,0,0.73983,-0.9955062,0,0.09469664
saccade,0.2504,0.01743518,0.03919613,-0.0368446,-0.1256364,-0.01840877,-0.0173936,-0.991753,0.04088444,-0.2485602,0.9677532,0.08661142,0.04123986,-0.03625712,-0.04794642,0.05349199,-0.01506794,-0.9973028,-0.1052505,-0.09724621,0.9896795,0.14,1.811587,3.74,0,-0.6727939,0,0.73983,-0.9955062,0,0.09469664
saccade,0.2615,0.01745694,0.03916991,-0.03683811,-0.125629,-0.01881226,-0.01746211,-0.9917452,0.04170143,-0.2485269,0.9677269,0.08663298,0.04122293,-0.03625971,-0.0479947,0.05342273,-0.01512933,-0.9973032,-0.1051051,-0.09734704,0.9896851,0.14,1.811587,3.74,0,-0.6727939,0,0.73983,-0.9955062,0,0.09469664
saccade,0.2724,0.01746159,0.03916693,-0.03684499,-0.1256466,-0.0188104,-0.0174651,-0.991743,0.04169902,-0.2485611,0.9677182,0.08663762,0.04122019,-0.03626625,-0.04801251,0.05342476,-0.0151309,-0.9973022,-0.1051083,-0.0973827,0.9896812,0.14,1.811587,3.74,0,-0.6727939,0,0.73983,-0.9955062,0,0.09469664
saccade,0.2836,0.01747817,0.03918123,-0.03684174,-0.1256479,-0.01878667,-0.01745081,-0.9917434,0.04164842,-0.2485653,0.9677193,0.08665424,0.04123223,-0.03625999,-0.04786359,0.05327174,-0.01511963,-0.9973177,-0.1048103,-0.09708131,0.9897424,0.14,1.811587,3.74,0,-0.6727939,0,0.73983,-0.9955062,0,0.09469664
saccade,0.2947,0.01749538,0.0392071,-0.03683083,-0.1251666,-0.01906462,-0.01739451,-0.9918001,0.042171,-0.2476172,0.9679397,0.08667172,0.04125023,-0.03625361,-0.04775326,0.05324344,-0.01506631,-0.9973254,-0.1047631,-0.09685544,0.9897695,0.14,1.811587,3.74,0,-0.6727939,0,0.73983,-0.9955062,0,0.09469664
saccade,0.3063,0.01750205,0.03922462,-0.03681686,-0.1251393,-0.01908432,-0.01725407,-0.9918056,0.04217419,-0.2475692,0.9679519,0.08667899,0.04124892,-0.03624482,-0.04771592,0.05321305,-0.01493016,-0.9973308,-0.1047172,-0.09676608,0.9897831,0.14,1.811587,3.74,0,-0.6727939,0,0.73983,-0.9955062,0,0.09469664
saccade,0.3168,0.01751401,0.03922498,-0.0368033,-0.1251403,-0.01907388,-0.01721544,-0.9918063,0.04214389,-0.2475732,0.9679522,0.0866911,0.04124379,-0.0362305,-0.04755897,0.05292653,-0.01489931,-0.997354,-0.1041558,-0.09644338,0.9898738,0.14,1.811587,3.74,0,-0.6727939,0,0.73983,-0.9955062,0,0.09469664
saccade,0.3278,0.0174772,0.03923786,-0.03677987,-0.1253302,-0.0194922,-0.01723782,-0.9917738,0.04298454,-0.2479263,0.9678248,0.08665427,0.04125774,-0.03620717,-0.04765067,0.05292412,-0.01490312,-0.9973497,-0.1041474,-0.09662623,0.9898569,0.14,1.811587,3.74,0,-0.6727939,0,0.73983,-0.9955062,0,0.09469664
saccade,0.3392,0.01748581,0.03922331,-0.03678371,-0.1252846,-0.01952297,-0.01725591,-0.9917787,0.04304874,-0.2478354,0.9678453,0.08666281,0.04124641,-0.03621497,-0.04760643,0.05289505,-0.01492679,-0.997353,-0.1040888,-0.09653994,0.9898715,0.14,1.811587,3.74,0,-0.6727939,0,0.73983,-0.9955062,0,0.09469664
saccade,0.3500,0.01748386,0.03923368,-0.03678847,-0.1253222,-0.01943898,-0.0172842,-0.991775,0.04289037,-0.2479109,0.9678329,0.0866607,0.04125905,-0.03620766,-0.04503698,0.05589582,-0.01484916,-0.9973098,-0.1101534,-0.09149165,0.9896947,0.14,1.811587,3.74,0,-0.6727939,0,0.73983,-0.9955062,0,0.09469664
saccade,0.3613,0.01744731,0.03924835,-0.03678465,-0.1230372,-0.006871754,-0.01698345,-0.992233,0.01781595,-0.2439296,0.9696293,0.08662383,0.04128277,-0.03619726,-0.04497337,0.05594127,-0.01491968,-0.9973091,-0.1102395,-0.09137394,0.989696,0.14,1.811587,3.74,0,-0.6727939,0,0.73983,-0.9955062,0,0.09469664
saccade,0.3724,0.01742453,0.03927708,-0.03678532,-0.1229609,-0.00680727,-0.01702065,-0.9922422,0.01769467,-0.2437823,0.9696686,0.08660084,0.04131556,-0.03618857,-0.02816166,0.09989692,-0.01355645,-0.9945068,-0.1979328,-0.05872243,0.9784551,0.14,1.811587,3.74,0,-0.6727939,0,0.73983,-0.9955062,0,0.09469664
saccade,0.3836,0.01741954,0.03930724,-0.03679032,-0.122885,-0.006763576,-0.01704062,-0.9922516,0.01761041,-0.2436351,0.9697071,0.08659573,0.04134786,-0.03618735,-0.02808728,0.09994239,-0.01358004,-0.994504,-0.1980234,-0.05858026,0.9784452,0.14,1.811587,3.74,0,-0.6727939,0,0.73983,-0.9955062,0,0.09469664
saccade,0.3950,0.01742532,0.03933227,-0.03679341,-0.111066,0.04730549,-0.01538672,-0.9925673,-0.09048989,-0.2219367,0.9708531,0.08660166,0.04136872,-0.03619226,-0.02801257,0.0999313,-0.01355568,-0.9945076,-0.1980054,-0.0584267,0.978458,0.14,1.811587,3.74,0,-0.6727939,0,0.73983,-0.9955062,0,0.09469664
saccade,0.4056,0.01741644,0.03935909,-0.03679034,-0.1109904,0.04731517,-0.01536362,-0.9925756,-0.09051734,-0.2217866,0.9708848,0.08659288,0.04139173,-0.03618842,-0.01466566,0.1327229,-0.01247018,-0.9909663,-0.2626821,-0.03237651,0.9643391,0.14,1.811587,3.74,0,-0.6727939,0,0.73983,-0.9955062,0,0.09469664
saccade,0.4167,0.01742944,0.03938401,-0.03679202,-0.1109789,0.04726122,-0.01530524,-0.9925804,-0.090424,-0.2217577,0.9709001,0.08660616,0.04140937,-0.03619846,-0.01464952,0.132664,-0.01241852,-0.990975,-0.2625695,-0.03232959,0.9643713,0.14,1.811587,3.74,0,-0.6727939,0,0.73983,-0.9955062,0,0.09469664
saccade,0.4278,0.0174547,0.03940618,-0.03679006,-0.1088695,0.08718137,-0.01408192,-0.9901255,-0.1695748,-0.2180442,0.9610937,0.08663152,0.04143023,-0.03620297,-0.01460135,0.1326185,-0.01241415,-0.9909819,-0.2624826,-0.03223205,0.9643983,0.14,1.811587,3.74,0,-0.6727939,0,0.73983,-0.9955062,0,0.09469664
saccade,0.4392,0.01745898,0.03943181,-0.03680184,-0.1088699,0.08712514,-0.01407841,-0.9901305,-0.1694651,-0.2180441,0.9611131,0.08663586,0.0414561,-0.03622257,-0.009653691,0.1408092,-0.01213995,-0.9899153,-0.278544,-0.02253151,0.9601591,0.14,1.811587,3.74,0,-0.6727939,0,0.73983,-0.9955062,0,0.09469664
saccade,0.4505,0.01746058,0.03945565,-0.03680922,-0.1088398,0.08711725,-0.01406209,-0.9901348,-0.1694546,-0.2179822,0.961129,0.08663754,0.04147756,-0.03623138,-0.009622565,0.1407996,-0.01212613,-0.9899171,-0.2785265,-0.02246579,0.9601657,0.14,1.811587,3.74,0,-0.6727939,0,0.73983,-0.9955062,0,0.09469664
saccade,0.4611,0.0174861,0.03948057,-0.03680409,-0.1090758,0.09814262,-0.01369902,-0.9890819,-0.1911537,-0.2184587,0.956941,0.08666322,0.04149866,-0.03623138,-0.009558478,0.1407642,-0.01210671,-0.989923,-0.27846,-0.0223327,0.9601882,0.14,1.811587,3.74,0,-0.6727939,0,0.73983,-0.9955062,0,0.09469664
saccade,0.4722,0.017507,0.03951001,-0.03680155,-0.1090278,0.09806258,-0.01369919,-0.9890951,-0.1909992,-0.2183644,0.9569933,0.08668419,0.04152882,-0.03624009,-0.006675284,0.146817,-0.01191501,-0.9890694,-0.2902654,-0.01670329,0.9568004,0.14,1.811587,3.74,0,-0.6727939,0,0.73983,-0.9955062,0,0.09469664
saccade,0.4844,0.0175003,0.03951311,-0.0367945,-0.1089589,0.09802441,-0.01367736,-0.9891067,-0.1909327,-0.2182253,0.9570383,0.08667763,0.04152858,-0.03623889,-0.006605152,0.1467765,-0.01190062,-0.9890761,-0.290189,-0.01655946,0.9568261,0.14,1.811587,3.74,0,-0.6727939,0,0.73983,-0.9955062,0,0.09469664
saccade,0.4949,0.01751319,0.03952515,-0.03678331,-0.1058662,0.1051749,-0.01340894,-0.9887117,-0.2051362,-0.2121629,0.9554612,0.08669072,0.04153419,-0.03622977,-0.006569412,0.1467624,-0.0118591,-0.9890789,-0.2901634,-0.01647627,0.9568353,0.14,1.811587,3.74,0,-0.6727939,0,0.73983,-0.9955062,0,0.09469664
saccade,0.5053,0.01752979,0.03951967,-0.0367756,-0.1059093,0.1051186,-0.01340295,-0.9887132,-0.2050254,-0.2122456,0.9554666,0.08670737,0.0415293,-0.03622978,-0.004180087,0.1490258,-0.01177602,-0.9887543,-0.2946014,-0.01177602,0.9555477,0.14,1.811587,3.74,0,-0.6727939,0,0.73983,-0.9955062,0,0.09469664
saccade,0.5167,0.01754631,0.03949308,-0.03678047,-0.1059281,0.1051129,-0.01339713,-0.9887118,-0.2050144,-0.2122811,0.9554611,0.08672391,0.04150236,-0.03623546,-0.004198719,0.1490196,-0.01177001,-0.9887553,-0.2945891,-0.01181094,0.955551,0.14,1.811587,3.74,0,-0.6727939,0,0.73983,-0.9955062,0,0.09469664
saccade,0.5278,0.01756733,0.03947544,-0.0367811,-0.1050371,0.1077006,-0.01333865,-0.9885291,-0.2101283,-0.2105376,0.9547356,0.08674484,0.0414896,-0.03624323,-0.004253541,0.1489677,-0.01179756,-0.9887626,-0.294487,-0.01192639,0.9555811,0.14,1.811587,3.74,0,-0.6727939,0,0.73983,-0.9955062,0,0.09469664
saccade,0.5387,0.01757922,0.03946233,-0.03676831,-0.1051151,0.107716,-0.01331977,-0.9885195,-0.2101585,-0.2106861,0.9546962,0.08675677,0.0414747,-0.03622829,-0.003402395,0.1503998,-0.01172618,-0.9885499,-0.2972757,-0.01025411,0.9547366,0.14,1.811587,3.74,0,-0.6727939,0,0.73983,-0.9955062,0,0.09469664
saccade,0.5499,0.01758959,0.03944075,-0.03675584,-0.1052425,0.1077505,-0.01327065,-0.9885028,-0.21023,-0.2109248,0.9546277,0.08676726,0.04144764,-0.03621125,-0.003528191,0.1504302,-0.01166841,-0.9885455,-0.2973319,-0.01048612,0.9547166,0.14,1.811587,3.74,0,-0.6727939,0,0.73983,-0.9955062,0,0.09469664
saccade,0.5612,0.01758108,0.0394187,-0.03675722,-0.1052406,0.1100292,-0.0132441,-0.9882523,-0.2146855,-0.210923,0.953636,0.08675851,0.04143155,-0.03620499,-0.003584409,0.1504839,-0.01170345,-0.9885367,-0.2974338,-0.010609,0.9546835,0.14,1.811587,3.74,0,-0.6727939,0,0.73983,-0.9955062,0,0.09469664
saccade,0.5729,0.01758174,0.03939867,-0.03675102,-0.1053271,0.1100497,-0.01321414,-0.9882412,-0.2147276,-0.2110855,0.9535906,0.08675924,0.0414083,-0.03619605,-0.003670035,0.150502,-0.01166809,-0.9885341,-0.2974671,-0.01076805,0.9546714,0.14,1.811587,3.74,0,-0.6727939,0,0.73983,-0.9955062,0,0.09469664
saccade,0.5834,0.01758533,0.0393877,-0.0367407,-0.1053394,0.1100654,-0.01318356,-0.9882386,-0.2147643,-0.211103,0.9535784,0.08676293,0.04139316,-0.03618393,-0.002663609,0.1509498,-0.01161813,-0.9884695,-0.2983567,-0.008773301,0.9544141,0.14,1.811587,3.74,0,-0.6727939,0,0.73983,-0.9955062,0,0.09469664
saccade,0.5946,0.01758934,0.03937125,-0.03673207,-0.1053568,0.1100574,-0.01313597,-0.9882382,-0.2147578,-0.2111267,0.9535747,0.08676714,0.04137063,-0.03617703,-0.002679214,0.1509372,-0.01157097,-0.988472,-0.2983324,-0.008789635,0.9544216,0.14,1.811587,3.74,0,-0.6727939,0,0.73983,-0.9955062,0,0.09469664
saccade,0.6058,0.01757929,0.03938651,-0.03673934,-0.105895,0.111213,-0.01311361,-0.9880517,-0.216991,-0.2121762,0.9528359,0.08675703,0.04138708,-0.03618058,-0.002687899,0.1509636,-0.01157978,-0.9884679,-0.2983832,-0.008810056,0.9544055,0.14,1.811587,3.74,0,-0.6727939,0,0.73983,-0.9955062,0,0.09469664
saccade,0.6169,0.01757829,0.03938949,-0.03674274,-0.1059104,0.1112407,-0.01314878,-0.9880464,-0.2170367,-0.2122142,0.952817,0.08675586,0.04139483,-0.03617958,-0.002052188,0.1514888,-0.01159314,-0.9883888,-0.2994121,-0.00756918,0.9540939,0.14,1.811587,3.74,0,-0.6727939,0,0.73983,-0.9955062,0,0.09469664
saccade,0.6281,0.01758568,0.03938687,-0.03674793,-0.1062308,0.1122495,-0.01316547,-0.9878977,-0.2189848,-0.2128461,0.9522301,0.08676302,0.04139793,-0.03617792,-0.002063956,0.1515376,-0.01163397,-0.9883809,-0.2995057,-0.007605918,0.9540642,0.14,1.811587,3.74,0,-0.6727939,0,0.73983,-0.9955062,0,0.09469664
saccade,0.6393,0.01756904,0.03939831,-0.03675525,-0.1062008,0.1122795,-0.01317839,-0.9878973,-0.2190421,-0.2127904,0.9522294,0.08674632,0.04141033,-0.03618101,-0.002034238,0.1515683,-0.01164482,-0.9883761,-0.2995656,-0.007551156,0.9540458,0.14,1.811587,3.74,0,-0.6727939,0,0.73983,-0.9955062,0,0.09469664
saccade,0.6500,0.01755438,0.03941631,-0.03676309,-0.1061857,0.1122711,-0.01318985,-0.9878997,-0.219024,-0.2127634,0.9522396,0.08673162,0.04142988,-0.0361899,-0.00157962,0.1522463,-0.01163424,-0.9882728,-0.3008851,-0.006664732,0.9536371,0.14,1.811587,3.74,0,-0.6727939,0,0.73983,-0.9955062,0,0.09469664
saccade,0.6612,0.01754776,0.03942776,-0.03677746,-0.1054867,0.1126475,-0.01313908,-0.9879324,-0.2198043,-0.2113875,0.9523662,0.08672523,0.04143548,-0.03621114,-0.00148293,0.1521989,-0.01160626,-0.9882807,-0.3007961,-0.006464022,0.9536666,0.14,1.811587,3.74,0,-0.6727939,0,0.73983,-0.9955062,0,0.09469664
saccade,0.6725,0.01755803,0.03944826,-0.03677925,-0.1054896,0.112717,-0.01319342,-0.9879234,-0.219928,-0.2114055,0.9523337,0.08673523,0.04146242,-0.03620252,-0.001487812,0.1522733,-0.01165283,-0.9882686,-0.3009391,-0.006489545,0.9536213,0.14,1.811587,3.74,0,-0.6727939,0,0.73983,-0.9955062,0,0.09469664
saccade,0.6834,0.0175085,0.03946531,-0.03677996,-0.1053924,0.1127224,-0.01325191,-0.9879324,-0.2199309,-0.2112286,0.9523723,0.08668549,0.04148602,-0.03620202,-0.0007319563,0.1528946,-0.01169239,-0.9881731,-0.3021556,-0.005022007,0.9532454,0.14,1.811587,3.74,0,-0.6727939,0,0.73983,-0.9955062,0,0.09469664
saccade,0.6951,0.01749817,0.03947985,-0.03679197,-0.1057969,0.1138696,-0.01326231,-0.9877575,-0.2221449,-0.2120237,0.9516814,0.08667497,0.04150689,-0.03621206,-0.0007529873,0.1529083,-0.01173532,-0.9881704,-0.3021813,-0.005077016,0.9532369,0.14,1.811587,3.74,0,-0.6727939,0,0.73983,-0.9955062,0,0.09469664
saccade,0.7055,0.01749903,0.03949034,-0.03680114,-0.1057896,0.113916,-0.01325652,-0.987753,-0.222237,-0.2120083,0.9516634,0.08667582,0.04151571,-0.03621491,-0.0007453281,0.1529536,-0.01172492,-0.9881636,-0.3022689,-0.005059751,0.9532093,0.14,1.811587,3.74,0,-0.6727939,0,0.73983,-0.9955062,0,0.09469664
saccade,0.7164,0.01749618,0.039505,-0.0368092,-0.1057405,0.1138966,-0.01324152,-0.9877607,-0.2222048,-0.211909,0.951693,0.08667307,0.04152787,-0.03622607,-0.00103675,0.1530159,-0.01171263,-0.9881538,-0.3023821,-0.005633375,0.9531701,0.14,1.811587,3.74,0,-0.6727939,0,0.73983,-0.9955062,0,0.09469664
saccade,0.7276,0.01747594,0.03951919,-0.03681099,-0.1058144,0.1152009,-0.01320995,-0.9876019,-0.2247497,-0.2120486,0.9510641,0.08665279,0.04154134,-0.03622071,-0.0009692443,0.1530682,-0.01171645,-0.9881457,-0.3024846,-0.005502341,0.9531384,0.14,1.811587,3.74,0,-0.6727939,0,0.73983,-0.9955062,0,0.09469664
saccade,0.7394,0.0174767,0.03954053,-0.03680965,-0.1057908,0.115169,-0.01314685,-0.987609,-0.2247022,-0.2119881,0.9510888,0.08665384,0.04155409,-0.03622479,-0.0009432082,0.1530297,-0.01165803,-0.9881524,-0.3024114,-0.005432118,0.953162,0.14,1.811587,3.74,0,-0.6727939,0,0.73983,-0.9955062,0,0.09469664
saccade,0.7504,0.01748137,0.03955615,-0.03680694,-0.1057243,0.1152047,-0.01315232,-0.9876119,-0.2247741,-0.2118596,0.9511005,0.0866585,0.04156899,-0.03621731,-0.000434177,0.1535066,-0.01164659,-0.9880789,-0.3033431,-0.004433659,0.9528711,0.14,1.811587,3.74,0,-0.6727939,0,0.73983,-0.9955062,0,0.09469664
saccade,0.7612,0.01747699,0.0395478,-0.03683641,-0.105699,0.115176,-0.01315648,-0.9876179,-0.2247185,-0.2118112,0.9511244,0.08665413,0.04156125,-0.0362508,-0.0004090052,0.1534783,-0.01165474,-0.9880832,-0.3032892,-0.004385763,0.9528885,0.14,1.811587,3.74,0,-0.6727939,0,0.73983,-0.9955062,0,0.09469664
saccade,0.7722,0.01748369,0.03954864,-0.03684239,-0.1058623,0.115236,-0.01317897,-0.9875931,-0.2248223,-0.2121352,0.9510276,0.08666069,0.04156423,-0.03624787,-0.0002917834,0.1535106,-0.01167043,-0.9880781,-0.3033541,-0.004159679,0.9528688,0.14,1.811587,3.74,0,-0.6727939,0,0.73983,-0.9955062,0,0.09469664
saccade,0.7835,0.01749003,0.03955126,-0.03684049,-0.1058468,0.1151875,-0.01320694,-0.9876001,-0.2247225,-0.2121112,0.9510566,0.08666696,0.04157114,-0.03625236,-0.0002774038,0.1534653,-0.01170399,-0.9880847,-0.3032669,-0.00414051,0.9528967,0.14,1.811587,3.74,0,-0.6727939,0,0.73983,-0.9955062,0,0.09469664
saccade,0.7946,0.01749998,0.03955972,-0.03682982,-0.106414,0.1154661,-0.01315511,-0.9875073,-0.2252474,-0.2132072,0.9506873,0.08667706,0.04157376,-0.03623909,-0.0003193692,0.1534831,-0.01165523,-0.9880825,-0.3033005,-0.004208887,0.9528857,0.14,1.811587,3.74,0,-0.6727939,0,0.73983,-0.9955062,0,0.09469664
saccade,0.8058,0.01749991,0.03957379,-0.03682778,-0.1063851,0.115412,-0.0131957,-0.9875162,-0.2251348,-0.21316,0.9507245,0.08667688,0.04159379,-0.03624407,0.0003226325,0.1531194,-0.01170998,-0.9881383,-0.3026138,-0.002948438,0.9531087,0.14,1.811587,3.74,0,-0.6727939,0,0.73983,-0.9955062,0,0.09469664
saccade,0.8168,0.01750898,0.03958178,-0.03682134,-0.1064338,0.1154133,-0.01319566,-0.9875108,-0.2251349,-0.213255,0.9507032,0.08668593,0.04160249,-0.03623725,0.0002737009,0.1531212,-0.01170798,-0.988138,-0.3026162,-0.003044572,0.9531077,0.14,1.811587,3.74,0,-0.6727939,0,0.73983,-0.9955062,0,0.09469664
saccade,0.8284,0.01752621,0.03957129,-0.03680904,-0.1064002,0.1153376,-0.01318997,-0.9875233,-0.2249904,-0.2131879,0.9507525,0.08670326,0.04159176,-0.03623566,0.0003075749,0.1530454,-0.01171175,-0.9881497,-0.3024707,-0.002976997,0.953154,0.14,1.811587,3.74,0,-0.6727939,0,0.73983,-0.9955062,0,0.09469664
saccade,0.8392,0.01753952,0.03955829,-0.03682476,-0.1070806,0.115263,-0.01320337,-0.9874583,-0.2248071,-0.2145189,0.9504964,0.0867165,0.0415802,-0.03624894,0.0002879259,0.1530624,-0.01171852,-0.988147,-0.3025031,-0.003018305,0.9531436,0.14,1.811587,3.74,0,-0.6727939,0,0.73983,-0.9955062,0,0.09469664
saccade,0.8504,0.01755626,0.03954983,-0.03682328,-0.107005,0.1152701,-0.01321262,-0.9874656,-0.2248228,-0.2143735,0.9505255,0.08673324,0.04157174,-0.03624664,0.0003571399,0.1531881,-0.0117261,-0.9881274,-0.3027471,-0.002886798,0.9530665,0.14,1.811587,3.74,0,-0.6727939,0,0.73983,-0.9955062,0,0.09469664
saccade,0.9453,0.01756462,0.0395596,-0.03680573,-0.1068307,0.1162938,-0.01311346,-0.9873657,-0.2268471,-0.214012,0.9501259,0.08674197,0.04157197,-0.03624151,0.0004763585,0.1531013,-0.01167432,-0.9881415,-0.3025825,-0.002633288,0.9531196,0.14,1.811587,3.74,0,-0.6727939,0,0.73983,-0.9955062,0,0.09469664
saccade,0.9609,0.01757649,0.03955686,-0.03678151,-0.1071716,0.1176934,-0.01298086,-0.9871647,-0.2295832,-0.2146476,0.949325,0.08675423,0.04155493,-0.03621465,0.0003157538,0.1538128,-0.01156266,-0.9880323,-0.3039514,-0.002933022,0.952683,0.14,1.811587,3.74,0,-0.6727939,0,0.73983,-0.9955062,0,0.09469664
saccade,0.9689,0.0175789,0.03949928,-0.03675797,-0.1072585,0.1179494,-0.01281519,-0.9871268,-0.2301129,-0.2147786,0.9491671,0.08675707,0.04147899,-0.03617929,-6.997958E-06,0.1538914,-0.01138175,-0.9880223,-0.304096,-0.003516934,0.9526349,0.14,1.811587,3.74,0,-0.6727939,0,0.73983,-0.9955062,0,0.09469664
saccade,0.9760,0.0175789,0.03949928,-0.03675797,-0.1072585,0.1179494,-0.01281519,-0.9871268,-0.2301129,-0.2147786,0.9491671,0.08675707,0.04147899,-0.03617929,0.0001935139,0.1536877,-0.01138741,-0.9880539,-0.3037079,-0.003117806,0.9527601,0.14,1.811587,3.74,0,-0.6727939,0,0.73983,-0.9955062,0,0.09469664
saccade,0.9830,0.01757336,0.03953493,-0.03677164,-0.1072661,0.1179839,-0.01277542,-0.9871224,-0.2301883,-0.2147841,0.9491476,0.08675167,0.04150891,-0.03618873,0.000187397,0.1537177,-0.01134389,-0.9880497,-0.3037656,-0.003117197,0.9527417,0.14,1.811587,3.74,0,-0.6727939,0,0.73983,-0.9955062,0,0.09469664
saccade,0.9906,0.01757398,0.03954208,-0.03678177,-0.107385,0.1187077,-0.01279604,-0.9870224,-0.2315861,-0.2150207,0.9487539,0.08675204,0.04152238,-0.03619139,0.0001011696,0.1537696,-0.01137705,-0.9880413,-0.3038637,-0.003298971,0.9527098,0.14,1.811587,3.74,0,-0.6727939,0,0.73983,-0.9955062,0,0.09469664
saccade,0.9983,0.01758666,0.03954542,-0.03681538,-0.1074198,0.1187537,-0.01280797,-0.9870129,-0.2316712,-0.2150915,0.9487171,0.08676462,0.04152715,-0.03621832,6.581657E-05,0.1538168,-0.01138269,-0.9880338,-0.3039539,-0.003371641,0.9526808,0.14,1.811587,3.74,0,-0.6727939,0,0.73983,-0.9955062,0,0.09469664
saccade,1.0091,0.01759619,0.03952813,-0.03686555,-0.1073881,0.1187683,-0.01292702,-0.9870131,-0.2316754,-0.2150576,0.9487237,0.08677366,0.04152536,-0.03626484,0.0002354793,0.1540539,-0.01149327,-0.9879956,-0.3044145,-0.003075859,0.9525347,0.14,1.811587,3.74,0,-0.6727939,0,0.73983,-0.9955062,0,0.09469664
saccade,1.0204,0.01760574,0.03953278,-0.0368742,-0.1073715,0.118737,-0.01292375,-0.9870187,-0.2316159,-0.2150245,0.9487458,0.08678328,0.04152989,-0.03627796,0.0002521947,0.1540223,-0.01149401,-0.9880005,-0.304354,-0.003042332,0.9525541,0.14,1.811587,3.74,0,-0.6727939,0,0.73983,-0.9955062,0,0.09469664
saccade,1.0322,0.01761455,0.03953397,-0.03687901,-0.1072143,0.1189821,-0.01296348,-0.9870058,-0.2320923,-0.2147271,0.9486967,0.08679198,0.04153776,-0.03629436,0.000338573,0.1539411,-0.0115563,-0.9880124,-0.3041994,-0.002888951,0.952604,0.14,1.811587,3.74,0,-0.6727939,0,0.73983,-0.9955062,0,0.09469664
saccade,1.0430,0.01762318,0.03956306,-0.03687038,-0.1071144,0.1189188,-0.01284976,-0.9870257,-0.2319991,-0.2145054,0.9487696,0.08680117,0.04155076,-0.03629656,0.0002380293,0.1537518,-0.01145801,-0.9880431,-0.3038322,-0.003053013,0.9527206,0.14,1.811587,3.74,0,-0.6727939,0,0.73983,-0.9955062,0,0.09469664
saccade,1.0539,0.01762426,0.03957665,-0.03687108,-0.1068783,0.1188382,-0.01278539,-0.9870619,-0.2318683,-0.2140298,0.948909,0.08680267,0.04155302,-0.03631032,0.0004773307,0.1536624,-0.011411,-0.9880574,-0.3036655,-0.002563622,0.9527752,0.14,1.811587,3.74,0,-0.6727939,0,0.73983,-0.9955062,0,0.09469664
saccade,1.0653,0.01762826,0.03957844,-0.03688024,-0.1072028,0.1190326,-0.01279839,-0.9870031,-0.2322271,-0.2146658,0.9486776,0.0868066,0.04155803,-0.03632188,0.0004532784,0.1536449,-0.01143124,-0.9880599,-0.3036312,-0.002616971,0.952786,0.14,1.811587,3.74,0,-0.6727939,0,0.73983,-0.9955062,0,0.09469664
saccade,1.0765,0.01762026,0.03955674,-0.03689601,-0.1071445,0.1189943,-0.01282416,-0.9870137,-0.23215,-0.2145582,0.9487208,0.08679856,0.04153955,-0.03634281,0.0001838077,0.153216,-0.01147642,-0.9881261,-0.3027977,-0.003153492,0.9530497,0.14,1.811587,3.74,0,-0.6727939,0,0.73983,-0.9955062,0,0.09469664
saccade,1.0877,0.01758782,0.03951013,-0.03691461,-0.10916,0.1129976,-0.01310326,-0.9874938,-0.2203082,-0.218551,0.9506313,0.08676574,0.04150665,-0.03636394,0.0001469105,0.1531976,-0.011571,-0.9881279,-0.3027611,-0.003254966,0.9530609,0.14,1.811587,3.74,0,-0.6727939,0,0.73983,-0.9955062,0,0.09469664
saccade,1.0984,0.01757614,0.03946865,-0.03693923,-0.1091437,0.1130342,-0.01325454,-0.9874894,-0.2203469,-0.2185529,0.9506218,0.08675343,0.04148507,-0.03638131,0.0001574047,0.15325,-0.01171783,-0.988118,-0.3028618,-0.003280447,0.9530289,0.14,1.811587,3.74,0,-0.6727939,0,0.73983,-0.9955062,0,0.09469664
saccade,1.1100,0.01756744,0.03945351,-0.03694244,-0.1091711,0.1129985,-0.0132713,-0.9874902,-0.2202722,-0.21861,0.950626,0.08674467,0.04147315,-0.03638911,0.0001290776,0.1532168,-0.01173733,-0.9881229,-0.302797,-0.003341623,0.9530492,0.14,1.811587,3.74,0,-0.6727939,0,0.73983,-0.9955062,0,0.09469664
saccade,1.1205,0.01753075,0.03944767,-0.03696567,-0.109174,0.1130086,-0.01328581,-0.9874886,-0.2202886,-0.218619,0.9506202,0.0867079,0.04146922,-0.0364107,-0.005036295,0.1500714,-0.01186722,-0.9885911,-0.296599,-0.01351953,0.9549064,0.14,1.811587,3.74,0,-0.6727939,0,0.73983,-0.9955062,0,0.09469664
saccade,1.1318,0.01751264,0.0394367,-0.03697568,-0.109207,0.1130448,-0.013307,-0.9874805,-0.2203527,-0.2186882,0.9505894,0.08668968,0.04146099,-0.03641526,-0.005070162,0.1501098,-0.01188324,-0.9885849,-0.296672,-0.01359215,0.9548827,0.14,1.811587,3.74,0,-0.6727939,0,0.73983,-0.9955062,0,0.09469664
saccade,1.1429,0.01749458,0.03942323,-0.036981,-0.1169728,0.09750025,-0.01382026,-0.9882409,-0.1894743,-0.2338896,0.9536221,0.08667145,0.04145193,-0.03641587,-0.005167654,0.1501417,-0.01190074,-0.9885794,-0.2967309,-0.01379087,0.9548616,0.14,1.811587,3.74,0,-0.6727939,0,0.73983,-0.9955062,0,0.09469664
saccade,1.1540,0.01748127,0.03940415,-0.03698647,-0.1171711,0.0975907,-0.01380553,-0.9882087,-0.1896447,-0.2342736,0.953494,0.08665806,0.04143178,-0.03640834,-0.01385058,0.14092,-0.0121883,-0.9898491,-0.2786415,-0.03085511,0.9598994,0.14,1.811587,3.74,0,-0.6727939,0,0.73983,-0.9955062,0,0.09469664
saccade,1.1654,0.01745922,0.03939557,-0.03698123,-0.1257263,0.08237304,-0.01429986,-0.9885359,-0.1592617,-0.2509258,0.9548151,0.08663596,0.04142594,-0.0364072,-0.01384261,0.1408905,-0.01220897,-0.9898532,-0.2785839,-0.03084455,0.9599165,0.14,1.811587,3.74,0,-0.6727939,0,0.73983,-0.9955062,0,0.09469664
saccade,1.1761,0.01744657,0.03937316,-0.03698596,-0.1258088,0.08240677,-0.01431062,-0.9885224,-0.1593211,-0.2510883,0.9547625,0.08662322,0.04140532,-0.03640682,-0.01392604,0.1409256,-0.01221103,-0.989847,-0.2786495,-0.03101099,0.9598921,0.14,1.811587,3.74,0,-0.6727939,0,0.73983,-0.9955062,0,0.09469664
saccade,1.1870,0.01744159,0.03934753,-0.0369916,-0.1259751,0.08247386,-0.01438299,-0.9884946,-0.1594261,-0.2514238,0.9546567,0.08661783,0.04139018,-0.03640135,-0.01873783,0.1363554,-0.01242852,-0.9904048,-0.2696284,-0.04050547,0.9621122,0.14,1.811587,3.74,0,-0.6727939,0,0.73983,-0.9955062,0,0.09469664
saccade,1.1989,0.01742513,0.0393225,-0.03699823,-0.1288188,0.07693116,-0.01458341,-0.9885721,-0.1483468,-0.2569372,0.9549746,0.08660126,0.04136741,-0.0364019,-0.01869481,0.1363995,-0.01245115,-0.9903993,-0.2697144,-0.04042732,0.9620913,0.14,1.811587,3.74,0,-0.6727939,0,0.73983,-0.9955062,0,0.09469664
saccade,1.2097,0.01742158,0.03931189,-0.03699738,-0.128751,0.07697433,-0.01455103,-0.988578,-0.1484433,-0.2568008,0.9549963,0.08659784,0.04135084,-0.0363959,-0.01862436,0.1364382,-0.01241824,-0.9903957,-0.269793,-0.04027962,0.9620755,0.14,1.811587,3.74,0,-0.6727939,0,0.73983,-0.9955062,0,0.09469664
saccade,1.2205,0.01742733,0.03930867,-0.03698739,-0.1287085,0.07695358,-0.01446044,-0.9885865,-0.1484282,-0.2567046,0.9550245,0.08660399,0.04133523,-0.03639053,-0.02276704,0.1326313,-0.01246623,-0.9908256,-0.2622614,-0.04842315,0.9637812,0.14,1.811587,3.74,0,-0.6727939,0,0.73983,-0.9955062,0,0.09469664
saccade,1.2314,0.01744152,0.03930104,-0.0369639,-0.1322806,0.07245676,-0.01446814,-0.9884546,-0.1394127,-0.2636034,0.9545037,0.08661877,0.041309,-0.03637125,-0.02270502,0.132605,-0.01233732,-0.9908321,-0.2622183,-0.04826571,0.9638008,0.14,1.811587,3.74,0,-0.6727939,0,0.73983,-0.9955062,0,0.09469664
saccade,1.2423,0.01745472,0.0393362,-0.03693298,-0.1322698,0.07233661,-0.01442786,-0.9884655,-0.1391878,-0.2635756,0.9545442,0.08663221,0.04134059,-0.03635763,-0.02269239,0.1324818,-0.01231131,-0.9908492,-0.2619803,-0.04823152,0.9638672,0.14,1.811587,3.74,0,-0.6727939,0,0.73983,-0.9955062,0,0.09469664
saccade,1.2535,0.01746217,0.03933239,-0.03692901,-0.1322373,0.07229542,-0.01443631,-0.9884727,-0.1391061,-0.2635132,0.9545733,0.08663966,0.04133856,-0.03635928,-0.0260626,0.1289881,-0.0124449,-0.9912255,-0.2550638,-0.05487832,0.9653656,0.14,1.811587,3.74,0,-0.6727939,0,0.73983,-0.9955062,0,0.09469664
saccade,1.2648,0.01746991,0.03933215,-0.03691978,-0.1342067,0.06838664,-0.01458528,-0.9884833,-0.1312832,-0.2673171,0.9546236,0.08664732,0.04134333,-0.03635951,-0.02602021,0.1289202,-0.01248547,-0.991235,-0.2549306,-0.05480354,0.965405,0.14,1.811587,3.74,0,-0.6727939,0,0.73983,-0.9955062,0,0.09469664
saccade,1.2762,0.01746418,0.03932452,-0.0369123,-0.1342097,0.0683504,-0.01466502,-0.9884841,-0.1311902,-0.2673331,0.9546319,0.08664128,0.04134738,-0.03635553,-0.02602823,0.128893,-0.01256836,-0.9912372,-0.2548728,-0.05484025,0.9654183,0.14,1.811587,3.74,0,-0.6727939,0,0.73983,-0.9955062,0,0.09469664
saccade,1.2875,0.0174574,0.03931582,-0.03690569,-0.1342491,0.06837243,-0.01480068,-0.9884753,-0.1311949,-0.2674278,0.9546047,0.08663392,0.04135704,-0.03634325,-0.02848967,0.1263082,-0.01278734,-0.9914994,-0.2497403,-0.05972526,0.9664692,0.14,1.811587,3.74,0,-0.6727939,0,0.73983,-0.9955062,0,0.09469664
saccade,1.2983,0.01745632,0.03930151,-0.03689787,-0.1359643,0.06608988,-0.01493957,-0.988394,-0.1265832,-0.2707473,0.9542917,0.08663255,0.04135239,-0.03633485,-0.0285132,0.1263101,-0.01285428,-0.9914976,-0.2497393,-0.05978879,0.9664655,0.14,1.811587,3.74,0,-0.6727939,0,0.73983,-0.9955062,0,0.09469664
saccade,1.3092,0.01744947,0.03929818,-0.03689065,-0.1359388,0.06610037,-0.01502543,-0.9883955,-0.1265815,-0.2707089,0.9543028,0.08662534,0.04136038,-0.03632467,-0.02849252,0.1263295,-0.01293987,-0.9914947,-0.2497727,-0.05976973,0.966458,0.14,1.811587,3.74,0,-0.6727939,0,0.73983,-0.9955062,0,0.09469664
saccade,1.3206,0.01740823,0.03932011,-0.03689594,-0.1359068,0.06607032,-0.0149896,-0.9884025,-0.1265337,-0.2706419,0.9543281,0.08658427,0.04137766,-0.03633486,-0.0296551,0.1244113,-0.01297169,-0.9917027,-0.2459887,-0.06204574,0.9672848,0.14,1.811587,3.74,0,-0.6727939,0,0.73983,-0.9955062,0,0.09469664
saccade,1.3316,0.01738252,0.03933084,-0.03688155,-0.1374577,0.06402325,-0.01505563,-0.9883217,-0.1224121,-0.2736327,0.9540128,0.08655855,0.04138529,-0.03630674,-0.0295216,0.1245127,-0.01296763,-0.991694,-0.2461913,-0.06178205,0.9672502,0.14,1.811587,3.74,0,-0.6727939,0,0.73983,-0.9955062,0,0.09469664
saccade,1.3425,0.01737633,0.0393374,-0.03687941,-0.1374972,0.06400567,-0.01503011,-0.9883177,-0.1223827,-0.2737058,0.9539956,0.08655246,0.04138911,-0.03630736,-0.03061954,0.1230472,-0.0129899,-0.9918433,-0.2432917,-0.06393631,0.9678437,0.14,1.811587,3.74,0,-0.6727939,0,0.73983,-0.9955062,0,0.09469664
saccade,1.3537,0.01736161,0.0393374,-0.03686666,-0.1374651,0.06409959,-0.01504917,-0.9883158,-0.1225638,-0.2736472,0.9539891,0.08653761,0.0413897,-0.03628146,-0.03058782,0.123142,-0.01300055,-0.9918324,-0.2434771,-0.0638778,0.9678009,0.14,1.811587,3.74,0,-0.6727939,0,0.73983,-0.9955062,0,0.09469664
saccade,1.3645,0.01735107,0.03936696,-0.0368464,-0.1381158,0.06318154,-0.01508251,-0.9882837,-0.1207163,-0.2749011,0.9538642,0.08652705,0.04142034,-0.03626298,-0.03060584,0.1231286,-0.01300643,-0.9918334,-0.2434499,-0.0639147,0.9678053,0.14,1.811587,3.74,0,-0.6727939,0,0.73983,-0.9955062,0,0.09469664
saccade,1.3761,0.01734909,0.03936708,-0.03683069,-0.1380895,0.06325476,-0.01511899,-0.9882821,-0.1208515,-0.2748555,0.9538602,0.08652488,0.04142392,-0.03623661,-0.03058104,0.1232047,-0.01303623,-0.9918243,-0.2435976,-0.0638743,0.9677708,0.14,1.811587,3.74,0,-0.6727939,0,0.73983,-0.9955062,0,0.09469664
saccade,1.3875,0.01735194,0.03936088,-0.03680991,-0.1380858,0.0632261,-0.0151152,-0.9882845,-0.1207964,-0.2748475,0.9538695,0.08652776,0.0414176,-0.03621985,-0.03189262,0.121642,-0.01308746,-0.9919752,-0.2404969,-0.06645735,0.9683722,0.14,1.811587,3.74,0,-0.6727939,0,0.73983,-0.9955062,0,0.09469664
saccade,1.3982,0.0173876,0.03935099,-0.03680312,-0.138713,0.06274332,-0.01510053,-0.9882277,-0.1198201,-0.2760551,0.9536439,0.08656358,0.04140532,-0.03622317,-0.03190347,0.1215698,-0.01306661,-0.991984,-0.240357,-0.06647247,0.9684059,0.14,1.811587,3.74,0,-0.6727939,0,0.73983,-0.9955062,0,0.09469664
saccade,1.4094,0.01742055,0.03934121,-0.03678917,-0.1387956,0.06274646,-0.01509078,-0.988216,-0.119825,-0.2762138,0.9535974,0.08659655,0.04139495,-0.0362087,-0.03198601,0.1215723,-0.01305178,-0.9919813,-0.24036,-0.06663251,0.9683942,0.14,1.811587,3.74,0,-0.6727939,0,0.73983,-0.9955062,0,0.09469664
saccade,1.4204,0.01743488,0.03931928,-0.03676948,-0.1388016,0.06267461,-0.01504078,-0.9882205,-0.1196973,-0.2762186,0.953612,0.08661113,0.04136753,-0.03619982,-0.03281998,0.1198761,-0.0130622,-0.9921603,-0.2370152,-0.06825706,0.9691051,0.14,1.811587,3.74,0,-0.6727939,0,0.73983,-0.9955062,0,0.09469664
saccade,1.4317,0.01745711,0.0393039,-0.03674866,-0.1388659,0.06262809,-0.01498563,-0.9882153,-0.1196181,-0.2763358,0.953588,0.08663361,0.04134595,-0.03618623,-0.03288187,0.1198246,-0.0130088,-0.9921651,-0.236916,-0.06836603,0.9691217,0.14,1.811587,3.74,0,-0.6727939,0,0.73983,-0.9955062,0,0.09469664
saccade,1.4424,0.01745372,0.03929496,-0.03676185,-0.1392195,0.06199715,-0.01495923,-0.9882057,-0.1183667,-0.2770099,0.9535486,0.08663045,0.04133248,-0.03621298,-0.03283243,0.1197292,-0.01297857,-0.9921787,-0.2367332,-0.06825911,0.9691739,0.14,1.811587,3.74,0,-0.6727939,0,0.73983,-0.9955062,0,0.09469664
saccade,1.4540,0.01746807,0.03928292,-0.03674165,-0.1392227,0.06200549,-0.01495969,-0.9882047,-0.1183828,-0.2770162,0.9535447,0.0866448,0.04132044,-0.03619161,-0.03384478,0.1188327,-0.01300891,-0.9922521,-0.2349435,-0.07025688,0.9694666,0.14,1.811587,3.74,0,-0.6727939,0,0.73983,-0.9955062,0,0.09469664
saccade,1.4646,0.01746851,0.0392679,-0.03672729,-0.1393198,0.06085909,-0.01501563,-0.9882615,-0.1161054,-0.2771964,0.9537724,0.08664517,0.04130888,-0.03618129,-0.03383128,0.1188033,-0.01303548,-0.9922557,-0.2348844,-0.07023587,0.9694825,0.14,1.811587,3.74,0,-0.6727939,0,0.73983,-0.9955062,0,0.09469664
saccade,1.4760,0.01746382,0.03925014,-0.03671838,-0.1393686,0.06080671,-0.01507819,-0.9882569,-0.1159825,-0.2772976,0.9537579,0.08664023,0.04130113,-0.03617821,-0.03388436,0.1187582,-0.01310035,-0.9922584,-0.2347899,-0.07035562,0.9694967,0.14,1.811587,3.74,0,-0.6727939,0,0.73983,-0.9955062,0,0.09469664
saccade,1.4869,0.01743063,0.03923869,-0.03670399,-0.1394072,0.06080114,-0.0150646,-0.988252,-0.1159735,-0.2773709,0.9537377,0.08660708,0.04128826,-0.03616472,-0.03486006,0.1181062,-0.01310792,-0.9923024,-0.2334803,-0.07227968,0.9696714,0.14,1.811587,3.74,0,-0.6727939,0,0.73983,-0.9955062,0,0.09469664
saccade,1.4982,0.01742098,0.03920555,-0.03669623,-0.1397365,0.05985771,-0.01508687,-0.9882627,-0.1140939,-0.2779988,0.9537815,0.08659744,0.04125524,-0.03615817,-0.03496292,0.1180958,-0.01309719,-0.9923001,-0.233457,-0.07248086,0.969662,0.14,1.811587,3.74,0,-0.6727939,0,0.73983,-0.9955062,0,0.09469664
saccade,1.5090,0.01740878,0.03919613,-0.03670591,-0.1397126,0.05987336,-0.01514596,-0.9882643,-0.1141092,-0.2779596,0.9537911,0.08658499,0.04125345,-0.03616465,-0.03494221,0.1181173,-0.01315557,-0.9922975,-0.2334956,-0.07245394,0.9696547,0.14,1.811587,3.74,0,-0.6727939,0,0.73983,-0.9955062,0,0.09469664
saccade,1.5202,0.01737663,0.03920305,-0.03670945,-0.1397198,0.05987984,-0.01512721,-0.9882631,-0.1141269,-0.2779714,0.9537856,0.08655292,0.04125774,-0.03616764,-0.03563343,0.1173063,-0.01316314,-0.992369,-0.2318841,-0.07381126,0.969939,0.14,1.811587,3.74,0,-0.6727939,0,0.73983,-0.9955062,0,0.09469664
saccade,1.5313,0.01736081,0.03919208,-0.03671686,-0.1397222,0.05993545,-0.01515219,-0.988259,-0.1142293,-0.2779798,0.9537709,0.08653696,0.04124916,-0.03616692,-0.03563699,0.1173639,-0.01318195,-0.9923618,-0.2319954,-0.07382376,0.9699115,0.14,1.811587,3.74,0,-0.6727939,0,0.73983,-0.9955062,0,0.09469664
saccade,1.5427,0.01734382,0.03916669,-0.03673458,-0.140148,0.05993853,-0.01525016,-0.988197,-0.1141876,-0.2788159,0.9535318,0.08651954,0.04123521,-0.03617364,-0.03561028,0.1174404,-0.01327142,-0.9923525,-0.2321394,-0.07379311,0.9698793,0.14,1.811587,3.74,0,-0.6727939,0,0.73983,-0.9955062,0,0.09469664
saccade,1.5539,0.01733039,0.03917742,-0.03674878,-0.1401291,0.05996587,-0.01522262,-0.9881985,-0.1142501,-0.2787764,0.9535359,0.08650622,0.04124153,-0.03618469,-0.03672674,0.1170157,-0.01325963,-0.9923622,-0.2312699,-0.07599562,0.9699169,0.14,1.811587,3.74,0,-0.6727939,0,0.73983,-0.9955062,0,0.09469664
saccade,1.5647,0.0172958,0.0391798,-0.03676831,-0.1404673,0.06003542,-0.01523854,-0.988146,-0.1143665,-0.2794341,0.9533294,0.08647155,0.0412432,-0.03619219,-0.03659181,0.1171043,-0.01327255,-0.9923565,-0.2314471,-0.07573279,0.9698952,0.14,1.811587,3.74,0,-0.6727939,0,0.73983,-0.9955062,0,0.09469664
saccade,1.5759,0.01728067,0.03920126,-0.03678177,-0.1404981,0.06002812,-0.01528612,-0.9881414,-0.1143372,-0.2794992,0.9533138,0.08645621,0.04127157,-0.03620563,-0.03662556,0.1171022,-0.01331881,-0.9923549,-0.2314382,-0.07581043,0.9698913,0.14,1.811587,3.74,0,-0.6727939,0,0.73983,-0.9955062,0,0.09469664
saccade,1.5872,0.01726447,0.03919828,-0.03679847,-0.1404134,0.06003265,-0.01530092,-0.9881529,-0.114346,-0.279337,0.9533603,0.08643997,0.04126978,-0.03622169,-0.0373315,0.1164055,-0.0133619,-0.99241,-0.2300464,-0.0772071,0.9701122,0.14,1.811587,3.74,0,-0.6727939,0,0.73983,-0.9955062,0,0.09469664
saccade,1.5983,0.0172619,0.03919268,-0.03683251,-0.1408509,0.05954087,-0.01534111,-0.9881197,-0.1133454,-0.280182,0.9532318,0.08643727,0.0412668,-0.03624907,-0.03735825,0.1164522,-0.01337925,-0.9924033,-0.2301354,-0.07726499,0.9700865,0.14,1.811587,3.74,0,-0.6727939,0,0.73983,-0.9955062,0,0.09469664
saccade,1.6092,0.01725761,0.03917193,-0.03686799,-0.1407689,0.05956611,-0.01542556,-0.9881286,-0.1133751,-0.2800332,0.953272,0.08643262,0.04125655,-0.03627972,-0.03728016,0.1164855,-0.01346509,-0.9924011,-0.2301967,-0.07713073,0.9700826,0.14,1.811587,3.74,0,-0.6727939,0,0.73983,-0.9955062,0,0.09469664
saccade,1.6204,0.01726552,0.03917921,-0.03687644,-0.1408214,0.0595013,-0.01537562,-0.9881258,-0.1132591,-0.2801283,0.9532579,0.08644077,0.04125857,-0.03629787,-0.03766505,0.1158804,-0.01343685,-0.9924579,-0.2290007,-0.07787608,0.9703062,0.14,1.811587,3.74,0,-0.6727939,0,0.73983,-0.9955062,0,0.09469664
saccade,1.6315,0.01726688,0.03917122,-0.03688926,-0.141631,0.05917558,-0.01542904,-0.9880288,-0.1125639,-0.281697,0.9528778,0.08644198,0.0412569,-0.03631566,-0.03759532,0.1158443,-0.01348858,-0.992464,-0.2289285,-0.07774916,0.9703333,0.14,1.811587,3.74,0,-0.6727939,0,0.73983,-0.9955062,0,0.09469664
saccade,1.6429,0.01727575,0.0392071,-0.03687834,-0.1415874,0.0591623,-0.01545184,-0.9880355,-0.1125333,-0.2816151,0.9529057,0.08645078,0.04129589,-0.03630625,-0.03755279,0.1158334,-0.01351506,-0.9924665,-0.2289064,-0.07767076,0.9703448,0.14,1.811587,3.74,0,-0.6727939,0,0.73983,-0.9955062,0,0.09469664
saccade,1.6534,0.01727951,0.03920758,-0.03688428,-0.1415362,0.05908374,-0.01541162,-0.9880481,-0.1123926,-0.2815103,0.9529532,0.08645476,0.04129195,-0.03632393,-0.03810753,0.1151904,-0.01350523,-0.9925203,-0.2276284,-0.07875634,0.970558,0.14,1.811587,3.74,0,-0.6727939,0,0.73983,-0.9955062,0,0.09469664
saccade,1.6650,0.01728416,0.03920043,-0.03688476,-0.1415092,0.05906016,-0.0153938,-0.9880537,-0.1123525,-0.2814557,0.9529741,0.0864595,0.04128265,-0.03632808,-0.03807944,0.1151651,-0.0134915,-0.9925245,-0.2275809,-0.07869706,0.9705739,0.14,1.811587,3.74,0,-0.6727939,0,0.73983,-0.9955062,0,0.09469664
saccade,1.6758,0.01729435,0.0391854,-0.03687309,-0.1419114,0.05888494,-0.01535677,-0.9880071,-0.1119989,-0.2822275,0.9527874,0.08646986,0.04126143,-0.03631434,-0.03810655,0.1151811,-0.01344475,-0.9925223,-0.227615,-0.07874035,0.9705624,0.14,1.811587,3.74,0,-0.6727939,0,0.73983,-0.9955062,0,0.09469664
saccade,1.6873,0.01728437,0.03917968,-0.03683866,-0.1419244,0.05882195,-0.01540174,-0.9880082,-0.1118614,-0.2822569,0.9527948,0.08645973,0.04126322,-0.03628763,-0.03858884,0.1146048,-0.0135125,-0.9925694,-0.2264637,-0.0797014,0.9707533,0.14,1.811587,3.74,0,-0.6727939,0,0.73983,-0.9955062,0,0.09469664
saccade,1.6981,0.01728407,0.03916645,-0.03682712,-0.1419809,0.05884098,-0.01539615,-0.9879991,-0.1118977,-0.2823658,0.9527583,0.08645941,0.04124939,-0.03627341,-0.03864534,0.1146233,-0.01350185,-0.9925653,-0.2264987,-0.0798113,0.970736,0.14,1.811587,3.74,0,-0.6727939,0,0.73983,-0.9955062,0,0.09469664
saccade,1.7093,0.01727763,0.03915787,-0.03682252,-0.1423687,0.05835485,-0.01539868,-0.9879721,-0.1109214,-0.2831098,0.9526517,0.08645304,0.04123998,-0.03627267,-0.03869278,0.114595,-0.01349069,-0.9925668,-0.2264424,-0.07990228,0.9707417,0.14,1.811587,3.74,0,-0.6727939,0,0.73983,-0.9955062,0,0.09469664
saccade,1.7206,0.01727566,0.03916717,-0.03684919,-0.1424,0.05840533,-0.01535516,-0.9879652,-0.1110317,-0.2831661,0.9526221,0.08645122,0.0412426,-0.03629317,-0.03924257,0.1142577,-0.01345374,-0.9925846,-0.2257649,-0.08097752,0.9708104,0.14,1.811587,3.74,0,-0.6727939,0,0.73983,-0.9955062,0,0.09469664
saccade,1.7314,0.01727021,0.0391494,-0.03685867,-0.14245,0.05843627,-0.01540245,-0.9879555,-0.1110767,-0.2832686,0.9525864,0.08644553,0.04123104,-0.03629732,-0.03929545,0.1142934,-0.01349471,-0.9925779,-0.2258296,-0.0810923,0.9707858,0.14,1.811587,3.74,0,-0.6727939,0,0.73983,-0.9955062,0,0.09469664
saccade,1.7426,0.01727073,0.03912127,-0.03685329,-0.1429777,0.05726334,-0.01541425,-0.9879478,-0.1087386,-0.2842744,0.9525566,0.08644612,0.04119921,-0.03628566,-0.03938315,0.114338,-0.0134598,-0.9925697,-0.2259166,-0.08125897,0.9707516,0.14,1.811587,3.74,0,-0.6727939,0,0.73983,-0.9955062,0,0.09469664
saccade,1.7533,0.01726859,0.03909528,-0.03685724,-0.1429751,0.05723209,-0.01542197,-0.9879498,-0.108675,-0.2842696,0.9525653,0.08644396,0.04117489,-0.03629376,-0.03998769,0.11391,-0.01348497,-0.9925944,-0.2250543,-0.08245526,0.970851,0.14,1.811587,3.74,0,-0.6727939,0,0.73983,-0.9955062,0,0.09469664
saccade,1.7650,0.01729669,0.03909683,-0.03689394,-0.1435591,0.0567552,-0.01550969,-0.9878913,-0.1076828,-0.2854021,0.9523392,0.08647174,0.04118598,-0.03632618,-0.03999728,0.1139379,-0.01355412,-0.99259,-0.2251029,-0.08249046,0.9708368,0.14,1.811587,3.74,0,-0.6727939,0,0.73983,-0.9955062,0,0.09469664
saccade,1.7758,0.01730068,0.03908479,-0.03689387,-0.1435119,0.05669453,-0.0155542,-0.9879009,-0.1075527,-0.2853148,0.9523801,0.08647557,0.04118085,-0.0363337,-0.03995258,0.1138822,-0.01360734,-0.9925974,-0.2249911,-0.08241293,0.9708692,0.14,1.811587,3.74,0,-0.6727939,0,0.73983,-0.9955062,0,0.09469664
saccade,1.7871,0.01730184,0.03909671,-0.03688579,-0.1434558,0.05669711,-0.01554479,-0.987909,-0.1075632,-0.2852052,0.9524118,0.08647679,0.04119098,-0.03632563,-0.04041559,0.113392,-0.01361754,-0.9926346,-0.224013,-0.08332406,0.9710177,0.14,1.811587,3.74,0,-0.6727939,0,0.73983,-0.9955062,0,0.09469664
saccade,1.7980,0.01729938,0.0391227,-0.03688511,-0.1436248,0.05599808,-0.01552092,-0.9879248,-0.1061854,-0.2855194,0.9524723,0.08647454,0.04121089,-0.03632747,-0.04037946,0.1133762,-0.01357634,-0.9926384,-0.2239868,-0.08324288,0.9710307,0.14,1.811587,3.74,0,-0.6727939,0,0.73983,-0.9955062,0,0.09469664
saccade,1.8092,0.01730605,0.03912461,-0.03688524,-0.1436259,0.05603308,-0.01552231,-0.9879226,-0.1062539,-0.285522,0.9524638,0.08648118,0.04121232,-0.03632278,-0.04038036,0.113411,-0.013574,-0.9926345,-0.2240552,-0.08324476,0.9710147,0.14,1.811587,3.74,0,-0.6727939,0,0.73983,-0.9955062,0,0.09469664
saccade,1.8203,0.01731379,0.03909826,-0.03687955,-0.1434358,0.05609101,-0.01561082,-0.9879455,-0.1063514,-0.2851647,0.9525599,0.08648856,0.04119563,-0.036308,-0.04064126,0.1130438,-0.0136812,-0.9926642,-0.223317,-0.0837794,0.9711388,0.14,1.811587,3.74,0,-0.6727939,0,0.73983,-0.9955062,0,0.09469664
saccade,1.8312,0.01733076,0.03905022,-0.03688588,-0.1421097,0.05135113,-0.01571946,-0.9883931,-0.09704242,-0.2825349,0.9543358,0.08650561,0.04114377,-0.03631138,-0.04077452,0.1130637,-0.01364081,-0.992657,-0.2233545,-0.0840348,0.9711081,0.14,1.811587,3.74,0,-0.6727939,0,0.73983,-0.9955062,0,0.09469664
saccade,1.8424,0.01736062,0.03904343,-0.0368976,-0.1421019,0.05136807,-0.01576825,-0.9883925,-0.09706223,-0.2825248,0.9543368,0.08653526,0.04114342,-0.03631984,-0.04076952,0.1130854,-0.01368799,-0.9926541,-0.2233932,-0.08403589,0.9710991,0.14,1.811587,3.74,0,-0.6727939,0,0.73983,-0.9955062,0,0.09469664
saccade,1.8540,0.01738156,0.03901291,-0.03690211,-0.1421233,0.05138456,-0.01576309,-0.9883887,-0.09709524,-0.282566,0.9543212,0.08655621,0.04111195,-0.03632213,-0.04239072,0.1037248,-0.01397156,-0.9936041,-0.2049383,-0.08713759,0.9748884,0.14,1.811587,3.74,0,-0.6727939,0,0.73983,-0.9955062,0,0.09469664
saccade,1.8648,0.01738798,0.03900874,-0.03689501,-0.1363065,0.01087182,-0.01685198,-0.9904637,-0.01694223,-0.2703796,0.9626047,0.08656302,0.04109609,-0.03631984,-0.04235828,0.1036941,-0.01388838,-0.9936098,-0.2048865,-0.0870555,0.9749066,0.14,1.811587,3.74,0,-0.6727939,0,0.73983,-0.9955062,0,0.09469664
saccade,1.8763,0.01740163,0.03903699,-0.03688559,-0.136329,0.01084868,-0.01673319,-0.9904629,-0.01692799,-0.2704207,0.9625934,0.08657719,0.04110849,-0.0363158,-0.04237015,0.1036601,-0.01377077,-0.9936145,-0.2048294,-0.08705415,0.9749187,0.14,1.811587,3.74,0,-0.6727939,0,0.73983,-0.9955062,0,0.09469664
saccade,1.8870,0.01741304,0.03912759,-0.0368605,-0.1362657,0.01080668,-0.01655569,-0.9904751,-0.01689555,-0.2702933,0.9626298,0.08658937,0.04117548,-0.03629995,-0.05162815,0.06967545,-0.01465309,-0.9961251,-0.1372979,-0.1048981,0.9849597,0.14,1.811587,3.74,0,-0.6727939,0,0.73983,-0.9955062,0,0.09469664
saccade,1.8983,0.01742778,0.03916585,-0.03685445,-0.1362657,0.0107566,-0.01645427,-0.9904773,-0.01682403,-0.2702902,0.9626319,0.08660458,0.04120076,-0.03630266,-0.05162258,0.06961709,-0.01455651,-0.9961309,-0.1371926,-0.1048725,0.9849771,0.14,1.811587,3.74,0,-0.6727939,0,0.73983,-0.9955062,0,0.09469664
saccade,1.9092,0.01745161,0.03919291,-0.03684957,-0.136631,-0.01920696,-0.01728507,-0.990285,0.04276408,-0.2699432,0.9619262,0.08662852,0.04122448,-0.03630029,-0.05165215,0.06959994,-0.0145288,-0.996131,-0.1371604,-0.104927,0.9849758,0.14,1.811587,3.74,0,-0.6727939,0,0.73983,-0.9955062,0,0.09469664
saccade,1.9202,0.01744809,0.03922176,-0.03683765,-0.1366868,-0.01926229,-0.01739628,-0.9902743,0.04290559,-0.2700447,0.9618914,0.08662458,0.04126942,-0.03629377,-0.05476584,0.04092943,-0.01549674,-0.9975397,-0.07996008,-0.1105307,0.990651,0.14,1.811587,3.74,0,-0.6727939,0,0.73983,-0.9955062,0,0.09469664
saccade,1.9312,0.01745641,0.0392313,-0.03683946,-0.1367608,-0.0192568,-0.01746384,-0.9902629,0.04291533,-0.2701857,0.9618513,0.08663261,0.04128778,-0.03629345,-0.05484428,0.04094019,-0.0155591,-0.997534,-0.07997181,-0.110692,0.990632,0.14,1.811587,3.74,0,-0.6727939,0,0.73983,-0.9955062,0,0.09469664
saccade,1.9488,0.01747167,0.03924334,-0.0368431,-0.1357516,-0.02901453,-0.01775755,-0.9901587,0.0622792,-0.2678008,0.9614593,0.08664782,0.04130268,-0.03630142,-0.05493733,0.04090647,-0.01557414,-0.99753,-0.07989965,-0.1108774,0.9906171,0.14,1.811587,3.74,0,-0.6727939,0,0.73983,-0.9955062,0,0.09469664
saccade,1.9559,0.01749032,0.03924954,-0.03683914,-0.1357226,-0.02908111,-0.01772816,-0.9901613,0.06240221,-0.2677435,0.9614673,0.08666663,0.04130614,-0.03630719,-0.05684887,0.03205018,-0.01581658,-0.9977429,-0.06215736,-0.1144549,0.991482,0.14,1.811587,3.74,0,-0.6727939,0,0.73983,-0.9955062,0,0.09469664
saccade,1.9651,0.01751112,0.03931093,-0.03682658,-0.1356752,-0.02912839,-0.01759945,-0.9901687,0.06245965,-0.2676574,0.9614875,0.08668798,0.04135108,-0.03630359,-0.0567936,0.03199308,-0.01569516,-0.9977498,-0.0620594,-0.1143359,0.9915019,0.14,1.811587,3.74,0,-0.6727939,0,0.73983,-0.9955062,0,0.09469664
saccade,1.9756,0.01751325,0.03933299,-0.03682651,-0.1359246,-0.03593863,-0.01769888,-0.9899089,0.07596336,-0.2678338,0.9604658,0.08669049,0.04136133,-0.03630704,-0.05663995,0.03197461,-0.01561294,-0.9977604,-0.06203736,-0.1140246,0.9915391,0.14,1.811587,3.74,0,-0.6727939,0,0.73983,-0.9955062,0,0.09469664
saccade,1.9869,0.01751605,0.03934562,-0.03683688,-0.1358311,-0.03602154,-0.01764104,-0.9899198,0.07610928,-0.267653,0.9605047,0.08669354,0.04136825,-0.03632997,-0.05752639,0.02552623,-0.01575561,-0.9978933,-0.04913218,-0.1156148,0.9920782,0.14,1.811587,3.74,0,-0.6727939,0,0.73983,-0.9955062,0,0.09469664
saccade,1.9981,0.01751843,0.03933012,-0.03685024,-0.1357561,-0.03603679,-0.01766389,-0.9899291,0.0761437,-0.2675047,0.9605433,0.08669583,0.04135644,-0.03634505,-0.05745241,0.02551317,-0.01578411,-0.9978974,-0.04910538,-0.1154686,0.9920966,0.14,1.811587,3.74,0,-0.6727939,0,0.73983,-0.9955062,0,0.09469664
saccade,2.0091,0.01750759,0.03929567,-0.03686055,-0.1349907,-0.04050142,-0.01795128,-0.989856,0.08502766,-0.2657886,0.9602743,0.0866843,0.04134357,-0.03634755,-0.05748824,0.02556017,-0.01594154,-0.9978916,-0.04917965,-0.115549,0.9920835,0.14,1.811587,3.74,0,-0.6727939,0,0.73983,-0.9955062,0,0.09469664
saccade,2.0204,0.01749458,0.03926456,-0.0368722,-0.1350094,-0.04050606,-0.01802229,-0.989852,0.08505637,-0.2658186,0.9602634,0.08667099,0.04132211,-0.03635849,-0.05751172,0.02556096,-0.01601132,-0.9978892,-0.04917233,-0.1155992,0.9920781,0.14,1.811587,3.74,0,-0.6727939,0,0.73983,-0.9955062,0,0.09469664
saccade,2.0316,0.01748328,0.03923452,-0.03689165,-0.135067,-0.04049549,-0.01810286,-0.9898431,0.08505855,-0.265924,0.960234,0.08665936,0.04130256,-0.03637492,-0.0588434,0.02217264,-0.01618875,-0.9978896,-0.04234648,-0.1181563,0.9920917,0.14,1.811587,3.74,0,-0.6727939,0,0.73983,-0.9955062,0,0.09469664
saccade,2.0430,0.01748762,0.03923273,-0.03694298,-0.1344973,-0.04419272,-0.01820708,-0.9897606,0.09237803,-0.2646311,0.9599149,0.08666367,0.04130054,-0.03642208,-0.05880711,0.02220341,-0.01618939,-0.9978911,-0.04240907,-0.1180851,0.9920974,0.14,1.811587,3.74,0,-0.6727939,0,0.73983,-0.9955062,0,0.09469664
saccade,2.0538,0.01747042,0.03921175,-0.03697246,-0.1345365,-0.04415972,-0.01819007,-0.9897571,0.09230925,-0.2647103,0.9598997,0.08664653,0.04127634,-0.03644731,-0.05997486,0.02026395,-0.01622722,-0.9978623,-0.03849482,-0.120351,0.9919848,0.14,1.811587,3.74,0,-0.6727939,0,0.73983,-0.9955062,0,0.09469664
saccade,2.0651,0.01745545,0.03918743,-0.03698337,-0.1348537,-0.04749938,-0.01832304,-0.9895568,0.09894852,-0.26515,0.9591166,0.08663139,0.04125571,-0.03644897,-0.06002094,0.02032838,-0.01625722,-0.9978577,-0.03861811,-0.1204457,0.9919685,0.14,1.811587,3.74,0,-0.6727939,0,0.73983,-0.9955062,0,0.09469664
saccade,2.0757,0.01743166,0.0391773,-0.03699748,-0.135003,-0.04744394,-0.01833741,-0.9895388,0.09884645,-0.2654414,0.9590465,0.08660755,0.04124546,-0.0364551,-0.06017165,0.02038394,-0.0162573,-0.9978475,-0.03872367,-0.120747,0.9919277,0.14,1.811587,3.74,0,-0.6727939,0,0.73983,-0.9955062,0,0.09469664
saccade,2.0868,0.01740267,0.03918386,-0.03696982,-0.1349002,-0.04740018,-0.01834319,-0.9895548,0.09875915,-0.2652434,0.9591103,0.08657848,0.04125261,-0.0364214,-0.06019642,0.01830124,-0.01632875,-0.9978852,-0.03455922,-0.1207359,0.9920829,0.14,1.811587,3.74,0,-0.6727939,0,0.73983,-0.9955062,0,0.09469664
saccade,2.0981,0.0173854,0.0391885,-0.0369794,-0.1349146,-0.04734657,-0.0183353,-0.9895556,0.09865151,-0.2652747,0.9591127,0.08656123,0.04125512,-0.03642375,-0.06020993,0.01835408,-0.01631589,-0.9978836,-0.03466571,-0.1207639,0.9920758,0.14,1.811587,3.74,0,-0.6727939,0,0.73983,-0.9955062,0,0.09469664
saccade,2.1094,0.01736335,0.03920352,-0.03699715,-0.1353127,-0.04939498,-0.01838418,-0.9894002,0.102718,-0.2659406,0.9585012,0.08653923,0.04126966,-0.03644764,-0.06024937,0.01830956,-0.01630904,-0.9978822,-0.03457636,-0.1208408,0.9920695,0.14,1.811587,3.74,0,-0.6727939,0,0.73983,-0.9955062,0,0.09469664
saccade,2.1201,0.01736148,0.03920376,-0.03700935,-0.1353016,-0.049336,-0.0184191,-0.9894039,0.1026107,-0.2659185,0.9585189,0.08653718,0.04127359,-0.03645109,-0.06024025,0.01837112,-0.01634002,-0.9978811,-0.03469573,-0.1208256,0.9920672,0.14,1.811587,3.74,0,-0.6727939,0,0.73983,-0.9955062,0,0.09469664
saccade,2.1311,0.01736929,0.03921771,-0.03700972,-0.1352732,-0.04926475,-0.01853477,-0.9894092,0.1025005,-0.2658549,0.9585483,0.08654445,0.0413022,-0.03643952,-0.06104109,0.01705074,-0.01649443,-0.9978533,-0.0320146,-0.1223826,0.9919665,0.14,1.811587,3.74,0,-0.6727939,0,0.73983,-0.9955062,0,0.09469664
saccade,2.1428,0.01736988,0.03922677,-0.03701808,-0.1341267,-0.05207038,-0.01866193,-0.9894193,0.108045,-0.2634716,0.9585974,0.08654481,0.04131782,-0.03644263,-0.06101248,0.01708612,-0.01654353,-0.9978536,-0.03208018,-0.1223284,0.9919711,0.14,1.811587,3.74,0,-0.6727939,0,0.73983,-0.9955062,0,0.09469664
saccade,2.1533,0.01736148,0.03923976,-0.03703166,-0.1341145,-0.05206019,-0.01858181,-0.9894229,0.1080033,-0.2634572,0.9586061,0.08653674,0.04131973,-0.03645632,-0.06099467,0.01709049,-0.01646389,-0.997856,-0.03209927,-0.1222905,0.9919751,0.14,1.811587,3.74,0,-0.6727939,0,0.73983,-0.9955062,0,0.09469664
saccade,2.1647,0.0173405,0.03924847,-0.0370473,-0.1340343,-0.05203477,-0.01846061,-0.9894375,0.107919,-0.263316,0.9586543,0.08651624,0.04131198,-0.03647077,-0.06151625,0.01594719,-0.0163821,-0.9978442,-0.0298101,-0.1232898,0.9919229,0.14,1.811587,3.74,0,-0.6727939,0,0.73983,-0.9955062,0,0.09469664
saccade,2.1761,0.01734428,0.03925335,-0.03704252,-0.1325653,-0.05415431,-0.01840737,-0.9895226,0.1120542,-0.260359,0.9589875,0.0865205,0.04130328,-0.03647419,-0.06145408,0.01589499,-0.01628101,-0.9978505,-0.02972058,-0.1231615,0.9919415,0.14,1.811587,3.74,0,-0.6727939,0,0.73983,-0.9955062,0,0.09469664
saccade,2.1870,0.01735652,0.03924179,-0.03703157,-0.1325052,-0.05423499,-0.01838401,-0.9895267,0.1122059,-0.2602408,0.9590019,0.08653286,0.04129052,-0.03647479,-0.06139264,0.01581311,-0.01626778,-0.9978558,-0.02956096,-0.1230365,0.9919618,0.14,1.811587,3.74,0,-0.6727939,0,0.73983,-0.9955062,0,0.09469664
saccade,2.1986,0.01736316,0.0392251,-0.03701356,-0.1325233,-0.05432795,-0.01832231,-0.9895203,0.1123735,-0.2602781,0.9589721,0.08653982,0.04126692,-0.03647067,-0.06175988,0.01454438,-0.01624646,-0.9978529,-0.02701955,-0.1237271,0.9919484,0.14,1.811587,3.74,0,-0.6727939,0,0.73983,-0.9955062,0,0.09469664
saccade,2.2095,0.01736857,0.03921521,-0.0369937,-0.1325975,-0.05546216,-0.01840837,-0.9894459,0.1146354,-0.2603541,0.9586837,0.08654502,0.04126513,-0.03645484,-0.06179939,0.01451124,-0.01630213,-0.99785,-0.02694516,-0.1238062,0.9919405,0.14,1.811587,3.74,0,-0.6727939,0,0.73983,-0.9955062,0,0.09469664
saccade,2.2204,0.01737364,0.03919256,-0.03699216,-0.1325925,-0.05550434,-0.01849441,-0.9894425,0.1147412,-0.2603322,0.958677,0.08654975,0.041255,-0.03645752,-0.06241597,0.01379406,-0.01641222,-0.99782,-0.02547921,-0.1250126,0.991828,0.14,1.811587,3.74,0,-0.6727939,0,0.73983,-0.9955062,0,0.09469664
saccade,2.2320,0.01738499,0.03918195,-0.03699529,-0.1326412,-0.05550927,-0.01860511,-0.9894336,0.1147811,-0.2604138,0.9586501,0.08656065,0.04125929,-0.03645925,-0.06247266,0.01379665,-0.01651939,-0.9978146,-0.02546898,-0.1251281,0.9918137,0.14,1.811587,3.74,0,-0.6727939,0,0.73983,-0.9955062,0,0.09469664
saccade,2.2426,0.01739231,0.03917611,-0.03699106,-0.1326615,-0.05664347,-0.01865458,-0.9893657,0.1170317,-0.2603881,0.9583849,0.08656788,0.04125476,-0.03644924,-0.06250253,0.01383731,-0.01653146,-0.997812,-0.02554756,-0.1251891,0.9918039,0.14,1.811587,3.74,0,-0.6727939,0,0.73983,-0.9955062,0,0.09469664
saccade,2.2538,0.01739015,0.03916848,-0.03699724,-0.1326778,-0.05665626,-0.01864268,-0.989363,0.1170542,-0.2604207,0.9583733,0.08656579,0.04124558,-0.03645739,-0.06251822,0.01382359,-0.01651939,-0.9978114,-0.02552115,-0.1252195,0.9918008,0.14,1.811587,3.74,0,-0.6727939,0,0.73983,-0.9955062,0,0.09469664
saccade,2.2645,0.01738878,0.03916156,-0.03700273,-0.1326795,-0.05663318,-0.01862793,-0.9893644,0.1170048,-0.2604269,0.9583777,0.08656446,0.04123628,-0.03645997,-0.06304863,0.01301719,-0.01652818,-0.9977887,-0.02389265,-0.1262487,0.9917108,0.14,1.811587,3.74,0,-0.6727939,0,0.73983,-0.9955062,0,0.09469664
saccade,2.2763,0.01738802,0.0391593,-0.03700922,-0.132001,-0.05763592,-0.01862866,-0.9893972,0.1189676,-0.2590554,0.9585077,0.0865638,0.04122984,-0.03646369,-0.0630485,0.01303912,-0.01649965,-0.9977889,-0.02394002,-0.1262485,0.9917097,0.14,1.811587,3.74,0,-0.6727939,0,0.73983,-0.9955062,0,0.09469664
saccade,2.2869,0.01740006,0.03918231,-0.03700824,-0.1319343,-0.05755092,-0.01860472,-0.9894115,0.1187923,-0.2589332,0.9585624,0.08657589,0.04124856,-0.0364515,-0.0637426,0.01177045,-0.0165154,-0.9977604,-0.0213827,-0.1275885,0.9915967,0.14,1.811587,3.74,0,-0.6727939,0,0.73983,-0.9955062,0,0.09469664
saccade,2.2977,0.01740436,0.03917611,-0.03701854,-0.1317836,-0.05756124,-0.01863451,-0.9894305,0.1188171,-0.2586362,0.9586396,0.08658002,0.04124796,-0.03646276,-0.06359334,0.01176308,-0.01655609,-0.9977693,-0.02136797,-0.1272925,0.991635,0.14,1.811587,3.74,0,-0.6727939,0,0.73983,-0.9955062,0,0.09469664
saccade,2.3088,0.01740633,0.03918588,-0.03702137,-0.1310223,-0.05870517,-0.01870851,-0.9894629,0.1210756,-0.2570868,0.9587737,0.08658179,0.04126155,-0.03645477,-0.06366074,0.01183841,-0.01658808,-0.9977636,-0.02151185,-0.1274295,0.9916143,0.14,1.811587,3.74,0,-0.6727939,0,0.73983,-0.9955062,0,0.09469664
saccade,2.3204,0.01740721,0.03917968,-0.03701651,-0.1309307,-0.05873166,-0.01865978,-0.9894744,0.1211132,-0.2569133,0.9588155,0.08658287,0.04124999,-0.03645449,-0.06356551,0.0118092,-0.01654778,-0.9977706,-0.021462,-0.1272384,0.9916399,0.14,1.811587,3.74,0,-0.6727939,0,0.73983,-0.9955062,0,0.09469664
saccade,2.3313,0.01741843,0.03919864,-0.03698298,-0.1309724,-0.05876153,-0.01871416,-0.9894661,0.1211872,-0.2569861,0.9587866,0.08659388,0.04127645,-0.03642404,-0.0639537,0.01131675,-0.01661527,-0.9977504,-0.02045738,-0.1279957,0.9915637,0.14,1.811587,3.74,0,-0.6727939,0,0.73983,-0.9955062,0,0.09469664
saccade,2.3423,0.01744355,0.03918922,-0.03697482,-0.1309883,-0.05974464,-0.01866757,-0.989406,0.1231139,-0.2569706,0.9585453,0.08661935,0.04125834,-0.03642575,-0.06396823,0.01124957,-0.01654668,-0.9977514,-0.02033163,-0.1280211,0.991563,0.14,1.811587,3.74,0,-0.6727939,0,0.73983,-0.9955062,0,0.09469664
saccade,2.3534,0.01747427,0.03917599,-0.03696955,-0.1309633,-0.0598367,-0.01867964,-0.9894035,0.123298,-0.2569156,0.9585364,0.08665007,0.04124868,-0.03643291,-0.06394463,0.01115855,-0.01656673,-0.9977536,-0.02014825,-0.1279717,0.9915732,0.14,1.811587,3.74,0,-0.6727939,0,0.73983,-0.9955062,0,0.09469664
saccade,2.3653,0.01748525,0.03916383,-0.03694364,-0.1309918,-0.05991348,-0.01856965,-0.9893972,0.1234214,-0.2569807,0.958503,0.08666155,0.04122257,-0.03641954,-0.06425223,0.01063358,-0.01647382,-0.9977411,-0.01910215,-0.1285646,0.9915171,0.14,1.811587,3.74,0,-0.6727939,0,0.73983,-0.9955062,0,0.09469664
saccade,2.3764,0.01749998,0.03915334,-0.03693528,-0.1309389,-0.06043496,-0.01852502,-0.9893733,0.1244368,-0.2568557,0.9584053,0.08667652,0.04120255,-0.03640647,-0.06430668,0.01067122,-0.01640713,-0.9977382,-0.01918398,-0.1286726,0.9915016,0.14,1.811587,3.74,0,-0.6727939,0,0.73983,-0.9955062,0,0.09469664
saccade,2.3869,0.01751123,0.03913081,-0.03693278,-0.1308976,-0.06047692,-0.01855034,-0.9893757,0.1245252,-0.2567701,0.9584167,0.08668768,0.04118454,-0.0364093,-0.06401746,0.01043559,-0.01644313,-0.9977587,-0.01871911,-0.1280912,0.9915857,0.14,1.811587,3.74,0,-0.6727939,0,0.73983,-0.9955062,0,0.09469664
saccade,2.3980,0.01749681,0.03910542,-0.03691971,-0.1308475,-0.06051458,-0.018518,-0.9893807,0.12459,-0.2566748,0.9584338,0.08667341,0.04115593,-0.03640201,-0.0639651,0.0103961,-0.01641702,-0.997763,-0.01864546,-0.1279854,0.9916008,0.14,1.811587,3.74,0,-0.6727939,0,0.73983,-0.9955062,0,0.09469664
saccade,2.4094,0.01747947,0.0390898,-0.03690021,-0.130336,-0.06079976,-0.01853249,-0.9894304,0.1251452,-0.2556634,0.9586318,0.08665603,0.04114091,-0.03638038,-0.06396756,0.01041115,-0.01642271,-0.9977626,-0.01867468,-0.1279908,0.9915995,0.14,1.811587,3.74,0,-0.6727939,0,0.73983,-0.9955062,0,0.09469664
saccade,2.4205,0.01747319,0.03906667,-0.03689742,-0.1303005,-0.06083853,-0.01857562,-0.9894319,0.125232,-0.2555867,0.9586409,0.08664958,0.0411247,-0.03638216,-0.06393522,0.01037549,-0.01647076,-0.9977642,-0.01859846,-0.1279263,0.9916093,0.14,1.811587,3.74,0,-0.6727939,0,0.73983,-0.9955062,0,0.09469664
saccade,2.4316,0.01746996,0.0390476,-0.03689529,-0.1303186,-0.06078104,-0.01859239,-0.9894328,0.1251234,-0.2556229,0.9586455,0.08664626,0.04110682,-0.03637181,-0.06363929,0.01030627,-0.01648521,-0.9977836,-0.01846865,-0.1273363,0.9916877,0.14,1.811587,3.74,0,-0.6727939,0,0.73983,-0.9955062,0,0.09469664
saccade,2.4426,0.01743821,0.03905344,-0.03688189,-0.1303106,-0.06077061,-0.018581,-0.9894346,0.1250997,-0.2556093,0.9586521,0.08661455,0.04111087,-0.03635719,-0.06363037,0.01031598,-0.01647373,-0.9977843,-0.01848978,-0.1273187,0.9916895,0.14,1.811587,3.74,0,-0.6727939,0,0.73983,-0.9955062,0,0.09469664
saccade,2.4534,0.0174203,0.03903985,-0.03688338,-0.1300897,-0.06175558,-0.01866454,-0.9894011,0.1270582,-0.2551164,0.9585258,0.08659641,0.04110348,-0.03635298,-0.06373308,0.01035282,-0.01652015,-0.9977766,-0.01855383,-0.1275248,0.9916618,0.14,1.811587,3.74,0,-0.6727939,0,0.73983,-0.9955062,0,0.09469664
saccade,2.4686,0.01740586,0.03902483,-0.03689671,-0.1301043,-0.06174709,-0.01872673,-0.9893986,0.1270578,-0.2551374,0.9585204,0.08658171,0.04109669,-0.03636401,-0.06350356,0.01013646,-0.0165864,-0.9977923,-0.01812157,-0.127063,0.9917291,0.14,1.811587,3.74,0,-0.6727939,0,0.73983,-0.9955062,0,0.09469664
saccade,2.4795,0.01737539,0.03903103,-0.03690388,-0.1304618,-0.06225735,-0.01873116,-0.9893194,0.1280722,-0.2558044,0.9582075,0.08655123,0.04109824,-0.03635324,-0.06353933,0.01026748,-0.01656111,-0.9977891,-0.01838499,-0.1271378,0.9917147,0.14,1.811587,3.74,0,-0.6727939,0,0.73983,-0.9955062,0,0.09469664
saccade,2.4914,0.01734794,0.03902054,-0.03691319,-0.1304411,-0.06220162,-0.01876363,-0.989325,0.1279704,-0.2557631,0.9582322,0.08652361,0.04109144,-0.03635431,-0.06352057,0.0103255,-0.0165911,-0.9977892,-0.01849759,-0.1271029,0.991717,0.14,1.811587,3.74,0,-0.6727939,0,0.73983,-0.9955062,0,0.09469664
saccade,2.5019,0.01733143,0.03899598,-0.03693103,-0.1304696,-0.06212072,-0.01882661,-0.9893252,0.1278278,-0.2558147,0.9582374,0.08650679,0.04107368,-0.03635987,-0.06335469,0.0100715,-0.01665542,-0.9978012,-0.01798831,-0.1267663,0.9917695,0.14,1.811587,3.74,0,-0.6727939,0,0.73983,-0.9955062,0,0.09469664
saccade,2.5135,0.01731787,0.03897953,-0.03694608,-0.1299186,-0.06263565,-0.0188781,-0.9893642,0.1288442,-0.2547087,0.9583959,0.08649306,0.04106271,-0.0363739,-0.06332283,0.01007678,-0.01669555,-0.9978026,-0.01799485,-0.1267038,0.9917774,0.14,1.811587,3.74,0,-0.6727939,0,0.73983,-0.9955062,0,0.09469664
saccade,2.5241,0.01733053,0.03900647,-0.03698011,-0.1298638,-0.06255862,-0.01891085,-0.9893757,0.1286996,-0.2546022,0.9584436,0.08650552,0.04109335,-0.03639677,-0.06288125,0.009603587,-0.01674162,-0.9978344,-0.01706011,-0.1258117,0.9919074,0.14,1.811587,3.74,0,-0.6727939,0,0.73983,-0.9955062,0,0.09469664
saccade,2.5359,0.01731791,0.03900671,-0.03700397,-0.1298454,-0.06255546,-0.01893035,-0.9893779,0.128698,-0.2545639,0.958454,0.08649281,0.04109633,-0.03641986,-0.06286409,0.009608173,-0.01676213,-0.9978351,-0.01706727,-0.1257781,0.9919116,0.14,1.811587,3.74,0,-0.6727939,0,0.73983,-0.9955062,0,0.09469664
saccade,2.5464,0.0173161,0.03901672,-0.03702912,-0.1297824,-0.06313921,-0.01898984,-0.989348,0.1298624,-0.2544018,0.9583399,0.08649081,0.04111266,-0.03644637,-0.06286445,0.009595459,-0.0168072,-0.9978344,-0.01703621,-0.1257792,0.991912,0.14,1.811587,3.74,0,-0.6727939,0,0.73983,-0.9955062,0,0.09469664
saccade,2.5574,0.01731316,0.03902352,-0.03705371,-0.1297787,-0.06312243,-0.01894348,-0.9893504,0.1298173,-0.2544016,0.9583461,0.08648807,0.0411129,-0.0364695,-0.06269687,0.009340408,-0.01676745,-0.997848,-0.01653808,-0.1254371,0.9919637,0.14,1.811587,3.74,0,-0.6727939,0,0.73983,-0.9955062,0,0.09469664
saccade,2.5684,0.0173353,0.03905833,-0.03710698,-0.1298003,-0.06307359,-0.01897183,-0.9893501,0.1297288,-0.2544427,0.9583472,0.08651006,0.04115045,-0.03651553,-0.06272031,0.009390996,-0.01679076,-0.9978457,-0.01663529,-0.1254857,0.9919559,0.14,1.811587,3.74,0,-0.6727939,0,0.73983,-0.9955062,0,0.09469664
saccade,2.5805,0.01733802,0.03905809,-0.03712939,-0.1298708,-0.0638631,-0.01901481,-0.9892895,0.1312971,-0.254531,0.9581102,0.08651267,0.04115331,-0.0365358,-0.06266916,0.009405717,-0.01681433,-0.9978485,-0.01666348,-0.125385,0.9919682,0.14,1.811587,3.74,0,-0.6727939,0,0.73983,-0.9955062,0,0.09469664
saccade,2.5910,0.01734289,0.03905904,-0.03715741,-0.1298019,-0.06392785,-0.01906945,-0.9892932,0.1314373,-0.2543862,0.9581294,0.08651732,0.04116356,-0.03657176,-0.06238932,0.008907979,-0.01689002,-0.9978693,-0.01567048,-0.1248137,0.9920564,0.14,1.811587,3.74,0,-0.6727939,0,0.73983,-0.9955062,0,0.09469664
saccade,2.6027,0.01734769,0.03908634,-0.0371652,-0.1297123,-0.06394949,-0.01904506,-0.9893041,0.1314717,-0.254214,0.9581704,0.08652221,0.04118872,-0.03658301,-0.06229769,0.008885295,-0.01687369,-0.9978755,-0.01563045,-0.1246305,0.9920801,0.14,1.811587,3.74,0,-0.6727939,0,0.73983,-0.9955062,0,0.09469664
saccade,2.6130,0.01736467,0.03910005,-0.03717179,-0.1295934,-0.06444715,-0.01903191,-0.9892876,0.1324463,-0.2539572,0.9581043,0.08653925,0.04119897,-0.03658513,-0.06220127,0.008920413,-0.01685049,-0.9978815,-0.01570679,-0.1244396,0.9921029,0.14,1.811587,3.74,0,-0.6727939,0,0.73983,-0.9955062,0,0.09469664
saccade,2.6247,0.01738091,0.03909886,-0.03717626,-0.1295512,-0.06452056,-0.01894326,-0.9892901,0.1325673,-0.253883,0.9581072,0.08655591,0.04118741,-0.03660131,-0.0619446,0.008469122,-0.01678036,-0.9979026,-0.01482381,-0.1239136,0.9921823,0.14,1.811587,3.74,0,-0.6727939,0,0.73983,-0.9955062,0,0.09469664
saccade,2.6355,0.01740126,0.03908503,-0.03717152,-0.1295587,-0.06456316,-0.0189162,-0.9892868,0.1326445,-0.2538989,0.9580923,0.0865764,0.0411706,-0.03660291,-0.06195047,0.008424646,-0.01675585,-0.997903,-0.01473789,-0.1239234,0.9921823,0.14,1.811587,3.74,0,-0.6727939,0,0.73983,-0.9955062,0,0.09469664
saccade,2.6468,0.01741748,0.03907537,-0.03713648,-0.1294903,-0.06511466,-0.01890823,-0.9892598,0.1337275,-0.2537367,0.9579847,0.08659276,0.04115784,-0.03657221,-0.06201273,0.008393915,-0.01673142,-0.9978998,-0.01467745,-0.1240459,0.9921679,0.14,1.811587,3.74,0,-0.6727939,0,0.73983,-0.9955062,0,0.09469664
saccade,2.6577,0.01743303,0.03905296,-0.03714443,-0.1294281,-0.06516426,-0.01892738,-0.9892642,0.1338288,-0.2536104,0.958004,0.08660824,0.04113948,-0.03658666,-0.06175197,0.00795045,-0.0167691,-0.997919,-0.01379676,-0.1235136,0.992247,0.14,1.811587,3.74,0,-0.6727939,0,0.73983,-0.9955062,0,0.09469664
saccade,2.6691,0.01743968,0.03904665,-0.03714306,-0.1295612,-0.06519075,-0.01888023,-0.989246,0.1338717,-0.2538742,0.9579281,0.08661515,0.04112601,-0.03658973,-0.0618824,0.007919895,-0.0167144,-0.9979121,-0.01373806,-0.1237711,0.9922157,0.14,1.811587,3.74,0,-0.6727939,0,0.73983,-0.9955062,0,0.09469664
saccade,2.6801,0.01744243,0.0390631,-0.03712001,-0.1296173,-0.06582297,-0.01888899,-0.9891966,0.1351204,-0.2539474,0.9577334,0.08661795,0.04113972,-0.03656446,-0.0619992,0.007935518,-0.01669593,-0.997905,-0.01376752,-0.1240036,0.9921862,0.14,1.811587,3.74,0,-0.6727939,0,0.73983,-0.9955062,0,0.09469664
saccade,2.6913,0.01744699,0.03907561,-0.03709401,-0.1296902,-0.06579513,-0.01888212,-0.989189,0.1350653,-0.2540914,0.9577029,0.08662255,0.04115009,-0.03653473,-0.0620716,0.007962394,-0.01668186,-0.9979005,-0.01382042,-0.1241482,0.9921674,0.14,1.811587,3.74,0,-0.6727939,0,0.73983,-0.9955062,0,0.09469664
saccade,2.7026,0.01745289,0.03904498,-0.03709251,-0.1295833,-0.06582117,-0.01884845,-0.989202,0.1351058,-0.2538869,0.9577515,0.08662857,0.04111636,-0.03653745,-0.06170236,0.007678795,-0.01666458,-0.997926,-0.01326925,-0.1234047,0.9922677,0.14,1.811587,3.74,0,-0.6727939,0,0.73983,-0.9955062,0,0.09469664
saccade,2.7136,0.01746297,0.0390383,-0.03709787,-0.1295115,-0.06626182,-0.01891354,-0.9891807,0.1359889,-0.2537141,0.9576723,0.08663844,0.04111445,-0.0365342,-0.0618437,0.007736837,-0.01670229,-0.9979161,-0.01337557,-0.1236881,0.992231,0.14,1.811587,3.74,0,-0.6727939,0,0.73983,-0.9955062,0,0.09469664
saccade,2.7248,0.01744947,0.03902686,-0.03708278,-0.1294658,-0.06627226,-0.01890452,-0.9891862,0.1360062,-0.2536259,0.9576932,0.08662497,0.04110241,-0.03652073,-0.06179719,0.007726102,-0.01669738,-0.9979191,-0.01335635,-0.1235952,0.9922428,0.14,1.811587,3.74,0,-0.6727939,0,0.73983,-0.9955062,0,0.09469664
saccade,2.7357,0.01744657,0.03901684,-0.03708961,-0.1292513,-0.0663325,-0.01903218,-0.9892077,0.1361531,-0.2531878,0.9577882,0.08662149,0.04111302,-0.03653362,-0.0599415,0.006781898,-0.0168654,-0.9980364,-0.01151529,-0.1198764,0.992722,0.14,1.811587,3.74,0,-0.6727939,0,0.73983,-0.9955062,0,0.09469664
saccade,2.7468,0.01744302,0.03903484,-0.03709208,-0.1273136,-0.06672424,-0.01897338,-0.9894338,0.1368696,-0.2494048,0.9586782,0.08661821,0.04112041,-0.03652836,-0.05995059,0.006842139,-0.01679177,-0.9980367,-0.01164406,-0.1198956,0.9927182,0.14,1.811587,3.74,0,-0.6727939,0,0.73983,-0.9955062,0,0.09469664
saccade,2.7582,0.01742286,0.03908157,-0.03707589,-0.127229,-0.06669994,-0.01908665,-0.9894441,0.1368485,-0.2492258,0.9587278,0.08659752,0.04118299,-0.03650685,-0.05987377,0.006874674,-0.01690894,-0.9980391,-0.01169758,-0.1197452,0.9927357,0.14,1.811587,3.74,0,-0.6727939,0,0.73983,-0.9955062,0,0.09469664
saccade,2.7691,0.01740922,0.03909457,-0.03707611,-0.1271512,-0.06667376,-0.01909107,-0.9894558,0.1367964,-0.2490752,0.9587744,0.08658383,0.04119694,-0.03650343,-0.05083543,0.003754396,-0.01698108,-0.9985557,-0.005771467,-0.1016515,0.9948033,0.14,1.811587,3.74,0,-0.6727939,0,0.73983,-0.9955062,0,0.09469664
saccade,2.7799,0.01740534,0.03909326,-0.03708693,-0.116524,-0.06731792,-0.01913171,-0.9907192,0.1378449,-0.2283094,0.9637809,0.08657971,0.04119909,-0.03649869,-0.05082476,0.003865549,-0.01701217,-0.9985552,-0.005990651,-0.1016342,0.9948038,0.14,1.811587,3.74,0,-0.6727939,0,0.73983,-0.9955062,0,0.09469664
saccade,2.7910,0.0173997,0.0390656,-0.03710471,-0.1165574,-0.06725714,-0.01916522,-0.9907187,0.1377335,-0.2283731,0.9637817,0.08657388,0.04117477,-0.03650753,-0.05086021,0.003928318,-0.0170391,-0.9985527,-0.006112041,-0.1017071,0.9947956,0.14,1.811587,3.74,0,-0.6727939,0,0.73983,-0.9955062,0,0.09469664
saccade,2.8025,0.01740691,0.03905571,-0.03710546,-0.1166345,-0.06719238,-0.01918963,-0.9907135,0.1376131,-0.2285239,0.9637632,0.08658098,0.04116642,-0.03649892,-0.04277721,0.001324647,-0.0171033,-0.9989374,-0.001183217,-0.08550882,0.9963367,0.14,1.811587,3.74,0,-0.6727939,0,0.73983,-0.9955062,0,0.09469664
saccade,2.8141,0.01741335,0.03907156,-0.03709928,-0.1058125,-0.06836163,-0.01900064,-0.9918515,0.1396302,-0.2073028,0.9682608,0.08658823,0.04115546,-0.0364946,-0.04270738,0.001320557,-0.01690871,-0.9989437,-0.001194071,-0.0853692,0.9963487,0.14,1.811587,3.74,0,-0.6727939,0,0.73983,-0.9955062,0,0.09469664
saccade,2.8249,0.0174312,0.03909969,-0.03709147,-0.105777,-0.06838188,-0.01887584,-0.9918563,0.1396433,-0.2072497,0.9682702,0.08660662,0.04116702,-0.03649144,-0.03843762,-0.001220185,-0.01684512,-0.9991183,0.003733192,-0.07676635,0.9970421,0.14,1.811587,3.74,0,-0.6727939,0,0.73983,-0.9955062,0,0.09469664
saccade,2.8361,0.01746204,0.03914392,-0.03706583,-0.1057599,-0.06849372,-0.01858453,-0.9918559,0.1398028,-0.2072513,0.9682469,0.08663876,0.0411731,-0.03648552,-0.03840134,-0.001351556,-0.01656395,-0.9991242,0.0039729,-0.07669064,0.997047,0.14,1.811587,3.74,0,-0.6727939,0,0.73983,-0.9955062,0,0.09469664
saccade,2.8470,0.01747734,0.03918326,-0.03699586,-0.101299,-0.0677726,-0.01844918,-0.9923735,0.1382492,-0.1985522,0.9702908,0.08665461,0.04119992,-0.03643662,-0.03844776,-0.001500813,-0.01646737,-0.9991238,0.004265263,-0.07677872,0.997039,0.14,1.811587,3.74,0,-0.6727939,0,0.73983,-0.9955062,0,0.09469664
saccade,2.8578,0.01751319,0.03918171,-0.03698615,-0.101384,-0.06787143,-0.01841552,-0.9923586,0.1384397,-0.1987188,0.9702295,0.08669069,0.0411942,-0.03644098,-0.03598017,-0.002694354,-0.01645792,-0.9992134,0.006568786,-0.07181504,0.9973963,0.14,1.811587,3.74,0,-0.6727939,0,0.73983,-0.9955062,0,0.09469664
saccade,2.8690,0.01754041,0.03918445,-0.03698016,-0.1014771,-0.06792357,-0.01841457,-0.9923456,0.1385446,-0.1988991,0.9701776,0.08671797,0.04119658,-0.03644215,-0.03607364,-0.00274716,-0.01645448,-0.9992099,0.006677126,-0.07199988,0.9973823,0.14,1.811587,3.74,0,-0.6727939,0,0.73983,-0.9955062,0,0.09469664
saccade,2.8803,0.01755705,0.039168,-0.03697234,-0.1001189,-0.0675176,-0.01860959,-0.9925076,0.1377498,-0.1962245,0.9708351,0.08673381,0.04121053,-0.03644518,-0.03609171,-0.002833704,-0.01667115,-0.9992054,0.006866285,-0.07203159,0.9973787,0.14,1.811587,3.74,0,-0.6727939,0,0.73983,-0.9955062,0,0.09469664
saccade,2.8912,0.01756935,0.03916001,-0.03697664,-0.1002233,-0.06760348,-0.01873387,-0.9924889,0.1379465,-0.1964081,0.9707701,0.08674568,0.04121971,-0.03645954,-0.03531555,-0.003781781,-0.0168161,-0.9992276,0.008745461,-0.07044935,0.997477,0.14,1.811587,3.74,0,-0.6727939,0,0.73983,-0.9955062,0,0.09469664
saccade,2.9022,0.0175682,0.03915679,-0.03698124,-0.1003169,-0.06758285,-0.01864003,-0.9924826,0.1378894,-0.196606,0.9707382,0.08674493,0.04120243,-0.03646255,-0.03540322,-0.003767851,-0.01671542,-0.9992262,0.00871343,-0.07062569,0.9974648,0.14,1.811587,3.74,0,-0.6727939,0,0.73983,-0.9955062,0,0.09469664
saccade,2.9135,0.01754906,0.03916085,-0.03700053,-0.1002899,-0.06672202,-0.01858471,-0.9925446,0.1361769,-0.1966043,0.9709802,0.08672591,0.04120135,-0.03647651,-0.03540896,-0.003728101,-0.01667946,-0.9992268,0.008631641,-0.07063879,0.9974646,0.14,1.811587,3.74,0,-0.6727939,0,0.73983,-0.9955062,0,0.09469664
saccade,2.9243,0.01750692,0.03918087,-0.03703421,-0.100243,-0.06668602,-0.01846198,-0.992554,0.1360803,-0.196531,0.9710086,0.08668423,0.04120445,-0.03650696,-0.03474333,-0.003823173,-0.01655953,-0.9992518,0.00879129,-0.06930804,0.9975566,0.14,1.811587,3.74,0,-0.6727939,0,0.73983,-0.9955062,0,0.09469664
saccade,2.9357,0.01748796,0.03919899,-0.03704653,-0.1001671,-0.06657883,-0.01843533,-0.9925694,0.1358614,-0.1963908,0.9710676,0.0866653,0.04121828,-0.03650491,-0.03466506,-0.003717248,-0.01653053,-0.9992554,0.008575024,-0.06915559,0.997569,0.14,1.811587,3.74,0,-0.6727939,0,0.73983,-0.9955062,0,0.09469664
saccade,2.9471,0.01745296,0.03920305,-0.03705994,-0.099697,-0.06586339,-0.01842733,-0.9926646,0.1344348,-0.195504,0.971445,0.08663018,0.04122484,-0.03651487,-0.03453107,-0.00369128,-0.01654856,-0.9992598,0.008519975,-0.06888886,0.997588,0.14,1.811587,3.74,0,-0.6727939,0,0.73983,-0.9955062,0,0.09469664
saccade,2.9608,0.01743401,0.0392164,-0.03705794,-0.09962735,-0.06575957,-0.01852196,-0.9926767,0.1342466,-0.1953595,0.9715002,0.08661076,0.04125047,-0.03649727,-0.0344667,-0.003580855,-0.01664016,-0.9992609,0.008303479,-0.06876327,0.9975985,0.14,1.811587,3.74,0,-0.6727939,0,0.73983,-0.9955062,0,0.09469664
saccade,2.9754,0.01741958,0.03923345,-0.03704995,-0.09963751,-0.06572518,-0.01866924,-0.9926752,0.1342078,-0.1953613,0.9715051,0.08659569,0.04128706,-0.03648249,-0.03383464,-0.003376094,-0.01677738,-0.999281,0.007882646,-0.06750735,0.9976876,0.14,1.811587,3.74,0,-0.6727939,0,0.73983,-0.9955062,0,0.09469664
saccade,2.9826,0.0173976,0.03920662,-0.03706329,-0.09883425,-0.06540968,-0.01868128,-0.9927761,0.133567,-0.1937967,0.9719067,0.0865736,0.04126322,-0.0364932,-0.03382488,-0.00335776,-0.01679859,-0.9992809,0.007847113,-0.06748831,0.9976892,0.14,1.811587,3.74,0,-0.6727939,0,0.73983,-0.9955062,0,0.09469664
saccade,2.9917,0.01736243,0.0391736,-0.03707385,-0.09882882,-0.06535305,-0.01877203,-0.9927787,0.1334727,-0.1937767,0.9719237,0.08653802,0.04124177,-0.03649471,-0.03382484,-0.003295183,-0.01688556,-0.9992797,0.007727921,-0.06748968,0.99769,0.14,1.811587,3.74,0,-0.6727939,0,0.73983,-0.9955062,0,0.09469664
saccade,3.0023,0.01733664,0.03917694,-0.03709395,-0.09886957,-0.06534975,-0.01884138,-0.9927735,0.1334807,-0.1938476,0.9719085,0.08651194,0.04125428,-0.03651337,-0.03400792,-0.004020432,-0.01697301,-0.9992694,0.009189423,-0.06782966,0.9976546,0.14,1.811587,3.74,0,-0.6727939,0,0.73983,-0.9955062,0,0.09469664
saccade,3.0131,0.01731289,0.03915024,-0.03710401,-0.0979361,-0.06481662,-0.01887185,-0.9929004,0.1324094,-0.1920352,0.9724147,0.08648796,0.04123306,-0.03651723,-0.03404457,-0.003977473,-0.01701407,-0.9992676,0.009107594,-0.06790393,0.9976503,0.14,1.811587,3.74,0,-0.6727939,0,0.73983,-0.9955062,0,0.09469664
saccade,3.0245,0.01729134,0.03911519,-0.03711395,-0.09800012,-0.06473968,-0.01888163,-0.9928989,0.1322607,-0.1921636,0.9724095,0.08646633,0.04119766,-0.03651636,-0.03410903,-0.003900295,-0.01701499,-0.9992657,0.00895559,-0.06803524,0.9976427,0.14,1.811587,3.74,0,-0.6727939,0,0.73983,-0.9955062,0,0.09469664
saccade,3.0360,0.01728655,0.03909409,-0.03712338,-0.09810649,-0.06469774,-0.01887153,-0.9928913,0.1321785,-0.1923763,0.9723786,0.08646159,0.04117346,-0.03652008,-0.0337357,-0.003694689,-0.01698954,-0.9992796,0.008530363,-0.06729725,0.9976965,0.14,1.811587,3.74,0,-0.6727939,0,0.73983,-0.9955062,0,0.09469664
saccade,3.0468,0.01726865,0.03908527,-0.03713629,-0.09737756,-0.06466345,-0.01889021,-0.992965,0.1320961,-0.190942,0.9726725,0.08644362,0.04116678,-0.03653158,-0.0338055,-0.003686046,-0.01700608,-0.9992769,0.008516559,-0.06743675,0.9976872,0.14,1.811587,3.74,0,-0.6727939,0,0.73983,-0.9955062,0,0.09469664
saccade,3.0580,0.01725183,0.03907895,-0.03714138,-0.0973614,-0.06461617,-0.0188745,-0.99297,0.1319991,-0.1909147,0.972691,0.08642681,0.04115784,-0.03653038,-0.03378816,-0.003639678,-0.01698834,-0.999278,0.00842211,-0.06740386,0.9976902,0.14,1.811587,3.74,0,-0.6727939,0,0.73983,-0.9955062,0,0.09469664
saccade,3.0690,0.0172368,0.03908169,-0.03714905,-0.09730072,-0.06460971,-0.01884988,-0.9929768,0.1319801,-0.1907989,0.9727163,0.08641186,0.04115772,-0.03653753,-0.0334116,-0.003464001,-0.01696113,-0.9992918,0.008056493,-0.06665836,0.9977433,0.14,1.811587,3.74,0,-0.6727939,0,0.73983,-0.9955062,0,0.09469664
saccade,3.0803,0.0172253,0.03905582,-0.03715013,-0.09668484,-0.06443977,-0.01888149,-0.9930474,0.1316346,-0.1895918,0.9729991,0.08640017,0.04113543,-0.03652834,-0.03344553,-0.003391181,-0.01699037,-0.9992904,0.007914054,-0.06672836,0.9977398,0.14,1.811587,3.74,0,-0.6727939,0,0.73983,-0.9955062,0,0.09469664
saccade,3.0915,0.01722124,0.03903842,-0.03715645,-0.0966237,-0.06445844,-0.01896041,-0.9930506,0.131685,-0.1894601,0.9730179,0.08639577,0.04112971,-0.03653622,-0.03338915,-0.003404493,-0.01707385,-0.9992908,0.007944319,-0.06661469,0.9977471,0.14,1.811587,3.74,0,-0.6727939,0,0.73983,-0.9955062,0,0.09469664
saccade,3.1022,0.0172237,0.03903842,-0.0371495,-0.09657545,-0.06445561,-0.0189897,-0.9930549,0.1316838,-0.1893615,0.9730373,0.08639809,0.04113424,-0.03652852,-0.03284883,-0.003431917,-0.01710492,-0.9993081,0.007982839,-0.06553479,0.9978184,0.14,1.811587,3.74,0,-0.6727939,0,0.73983,-0.9955062,0,0.09469664
saccade,3.1131,0.01723073,0.03904641,-0.03714325,-0.09591658,-0.06438211,-0.01886085,-0.993126,0.1314972,-0.1880859,0.9733099,0.08640564,0.04112589,-0.03652533,-0.03277463,-0.003449187,-0.01698488,-0.9993125,0.008006978,-0.06538703,0.9978278,0.14,1.811587,3.74,0,-0.6727939,0,0.73983,-0.9955062,0,0.09469664
saccade,3.1248,0.01726167,0.03904676,-0.03714521,-0.09591889,-0.0643951,-0.01880218,-0.993126,0.1315119,-0.1880976,0.9733057,0.08643684,0.04111826,-0.03652987,-0.03277341,-0.0034659,-0.01692712,-0.9993135,0.00803656,-0.06538448,0.9978278,0.14,1.811587,3.74,0,-0.6727939,0,0.73983,-0.9955062,0,0.09469664
saccade,3.1364,0.01727444,0.03902757,-0.0371433,-0.09597778,-0.06446119,-0.01873637,-0.9931173,0.1316316,-0.1882188,0.9732661,0.08644996,0.04109025,-0.03653793,-0.03268011,-0.003681689,-0.0168659,-0.9993168,0.008460706,-0.06519139,0.9978369,0.14,1.811587,3.74,0,-0.6727939,0,0.73983,-0.9955062,0,0.09469664
saccade,3.1473,0.01728621,0.03899097,-0.0371436,-0.09542869,-0.06443468,-0.01870925,-0.9931725,0.1315603,-0.1871432,0.9734831,0.0864619,0.0410502,-0.03654538,-0.03278461,-0.003733895,-0.0168394,-0.9993136,0.008566811,-0.06539847,0.9978225,0.14,1.811587,3.74,0,-0.6727939,0,0.73983,-0.9955062,0,0.09469664
saccade,3.1579,0.01727796,0.03897583,-0.03712758,-0.09547112,-0.06444939,-0.01876172,-0.9931664,0.1316004,-0.1872191,0.9734631,0.08645345,0.04104197,-0.03653066,-0.03238908,-0.004108191,-0.01689891,-0.9993241,0.009305508,-0.06459553,0.9978681,0.14,1.811587,3.74,0,-0.6727939,0,0.73983,-0.9955062,0,0.09469664
saccade,3.1692,0.01726128,0.03896606,-0.03711174,-0.09547782,-0.06447599,-0.01877587,-0.9931638,0.1316558,-0.1872291,0.9734536,0.08643673,0.04103446,-0.03651831,-0.03239676,-0.004133943,-0.01691431,-0.9993234,0.009358231,-0.06460984,0.9978667,0.14,1.811587,3.74,0,-0.6727939,0,0.73983,-0.9955062,0,0.09469664
saccade,3.1807,0.01726059,0.03896499,-0.03711029,-0.09489892,-0.06427557,-0.01883764,-0.9932311,0.1312563,-0.1860915,0.9737257,0.08643568,0.04104233,-0.0365063,-0.03231874,-0.004058818,-0.01698085,-0.9993251,0.009209758,-0.06445602,0.9978781,0.14,1.811587,3.74,0,-0.6727939,0,0.73983,-0.9955062,0,0.09469664
saccade,3.1914,0.01725747,0.03897047,-0.03710978,-0.09489688,-0.06428625,-0.01889243,-0.9932296,0.1312877,-0.1860797,0.9737237,0.08643235,0.04105556,-0.03650655,-0.03232004,-0.00406605,-0.01703624,-0.9993241,0.009227828,-0.06445786,0.9978778,0.14,1.811587,3.74,0,-0.6727939,0,0.73983,-0.9955062,0,0.09469664
saccade,3.2024,0.01728642,0.03898335,-0.03711635,-0.09481297,-0.06433193,-0.01891809,-0.9932342,0.1313807,-0.1859089,0.9737438,0.08646119,0.04107332,-0.03651913,-0.03155567,-0.004162923,-0.0170689,-0.9993476,0.009397654,-0.06292805,0.9979738,0.14,1.811587,3.74,0,-0.6727939,0,0.73983,-0.9955062,0,0.09469664
saccade,3.2132,0.01729379,0.03899598,-0.0371211,-0.09484316,-0.06430746,-0.01890804,-0.993233,0.1313312,-0.1859709,0.9737387,0.08646859,0.04108405,-0.03652063,-0.03158524,-0.004139278,-0.01705553,-0.999347,0.009350555,-0.06298803,0.9979705,0.14,1.811587,3.74,0,-0.6727939,0,0.73983,-0.9955062,0,0.09469664
saccade,3.2252,0.01730953,0.03900146,-0.03712588,-0.09465316,-0.06433395,-0.01885107,-0.9932505,0.1313681,-0.1856031,0.9738038,0.08648458,0.04108131,-0.03652546,-0.03159768,-0.004138035,-0.01699714,-0.9993476,0.009344811,-0.06301346,0.9979689,0.14,1.811587,3.74,0,-0.6727939,0,0.73983,-0.9955062,0,0.09469664
saccade,3.2359,0.0173168,0.0390048,-0.03713436,-0.09468097,-0.06434938,-0.01881444,-0.9932476,0.1313924,-0.1856619,0.9737893,0.08649202,0.04107964,-0.03653654,-0.03069429,-0.003737967,-0.016945,-0.9993782,0.008511516,-0.06122373,0.9980878,0.14,1.811587,3.74,0,-0.6727939,0,0.73983,-0.9955062,0,0.09469664
saccade,3.2469,0.01734206,0.03902221,-0.03714333,-0.09467402,-0.06436577,-0.01873338,-0.9932487,0.1314096,-0.1856581,0.9737878,0.08651759,0.041085,-0.03653959,-0.03068281,-0.003692365,-0.0168595,-0.9993802,0.008414745,-0.06120307,0.9980898,0.14,1.811587,3.74,0,-0.6727939,0,0.73983,-0.9955062,0,0.09469664
saccade,3.2577,0.01735272,0.03904235,-0.03716026,-0.094606,-0.06439579,-0.01874267,-0.9932531,0.131469,-0.1855215,0.9738058,0.08652822,0.04110754,-0.03656058,-0.03061531,-0.003721391,-0.01687476,-0.9993819,0.008471433,-0.06106719,0.9980977,0.14,1.811587,3.74,0,-0.6727939,0,0.73983,-0.9955062,0,0.09469664
saccade,3.2693,0.01736939,0.03904986,-0.03716393,-0.09455954,-0.06443105,-0.01869181,-0.9932562,0.131528,-0.185435,0.9738142,0.08654511,0.04110897,-0.03656983,-0.03021352,-0.004242449,-0.0168416,-0.9993926,0.009497432,-0.06024744,0.9981383,0.14,1.811587,3.74,0,-0.6727939,0,0.73983,-0.9955062,0,0.09469664
saccade,3.2802,0.01739663,0.03905094,-0.03716483,-0.09454659,-0.06479059,-0.01868192,-0.9932342,0.1322371,-0.185393,0.9737262,0.08657241,0.04110742,-0.03656871,-0.03017629,-0.004226847,-0.01682254,-0.9993941,0.009463856,-0.06017381,0.9981431,0.14,1.811587,3.74,0,-0.6727939,0,0.73983,-0.9955062,0,0.09469664
saccade,3.2916,0.01742373,0.03904498,-0.03716346,-0.09445129,-0.06484851,-0.01863928,-0.9932402,0.1323413,-0.1852082,0.9737473,0.08659971,0.0410974,-0.03657596,-0.03007841,-0.004286938,-0.01678954,-0.9993974,0.009578715,-0.05997662,0.9981538,0.14,1.811587,3.74,0,-0.6727939,0,0.73983,-0.9955062,0,0.09469664
saccade,3.3026,0.0174326,0.03907132,-0.03717178,-0.09450765,-0.06497233,-0.01859997,-0.9932276,0.1325803,-0.1853182,0.9736938,0.08660886,0.04111934,-0.03660186,-0.03017407,-0.004470842,-0.01675689,-0.9993942,0.009947515,-0.06016174,0.9981391,0.14,1.811587,3.74,0,-0.6727939,0,0.73983,-0.9955062,0,0.09469664
saccade,3.3132,0.01744873,0.03907764,-0.03717639,-0.09437887,-0.06519151,-0.01852016,-0.9932269,0.1329958,-0.1850646,0.9736854,0.08662537,0.04111433,-0.03661251,-0.03019252,-0.004512274,-0.0166737,-0.9993948,0.01002593,-0.06019802,0.9981361,0.14,1.811587,3.74,0,-0.6727939,0,0.73983,-0.9955062,0,0.09469664
saccade,3.3242,0.0174598,0.03908455,-0.03716885,-0.09431105,-0.06521222,-0.01853066,-0.9932318,0.133037,-0.1849286,0.9737056,0.08663639,0.04112363,-0.03660774,-0.03012528,-0.004531902,-0.01668957,-0.9993965,0.01006389,-0.06006293,0.9981439,0.14,1.811587,3.74,0,-0.6727939,0,0.73983,-0.9955062,0,0.09469664
saccade,3.3359,0.01746296,0.03908038,-0.03717047,-0.09428419,-0.06524891,-0.018571,-0.9932312,0.1331164,-0.1848685,0.9737061,0.0866394,0.04112566,-0.03661391,-0.0298981,-0.004624051,-0.01673475,-0.9994022,0.01024325,-0.05960568,0.9981694,0.14,1.811587,3.74,0,-0.6727939,0,0.73983,-0.9955062,0,0.09469664
saccade,3.3470,0.01746339,0.03906667,-0.03716145,-0.09438668,-0.06536473,-0.01855703,-0.9932141,0.1333454,-0.1850664,0.9736372,0.0866399,0.04110956,-0.03660333,-0.02988535,-0.004612133,-0.01671697,-0.9994029,0.01021794,-0.05958081,0.9981712,0.14,1.811587,3.74,0,-0.6727939,0,0.73983,-0.9955062,0,0.09469664
saccade,3.3583,0.01746156,0.03904867,-0.03714943,-0.09438086,-0.06537314,-0.01861739,-0.993213,0.1333731,-0.1850464,0.9736372,0.08663781,0.04110003,-0.03659169,-0.02988323,-0.004616614,-0.01677799,-0.9994019,0.01023047,-0.0595758,0.9981713,0.14,1.811587,3.74,0,-0.6727939,0,0.73983,-0.9955062,0,0.09469664
saccade,3.3689,0.01746447,0.03903818,-0.03713183,-0.09446201,-0.06532954,-0.01860911,-0.9932083,0.1332874,-0.1852095,0.973618,0.08664076,0.04108691,-0.03656812,-0.02979924,-0.004299945,-0.01675381,-0.9994063,0.009593286,-0.05941901,0.998187,0.14,1.811587,3.74,0,-0.6727939,0,0.73983,-0.9955062,0,0.09469664
saccade,3.3802,0.01745996,0.03901482,-0.0371245,-0.09466621,-0.06551534,-0.01863163,-0.9931762,0.1336641,-0.1855991,0.9734921,0.08663618,0.04106474,-0.03655674,-0.02988568,-0.004272043,-0.01676329,-0.9994037,0.009540956,-0.05959248,0.9981772,0.14,1.811587,3.74,0,-0.6727939,0,0.73983,-0.9955062,0,0.09469664
saccade,3.3912,0.01744656,0.03898895,-0.03711992,-0.09473105,-0.06550419,-0.01862231,-0.9931709,0.1336419,-0.1857286,0.9734704,0.08662283,0.04103673,-0.0365507,-0.02995005,-0.004261898,-0.01674937,-0.999402,0.009521989,-0.05972151,0.9981697,0.14,1.811587,3.74,0,-0.6727939,0,0.73983,-0.9955062,0,0.09469664
saccade,3.4025,0.01743946,0.0390017,-0.03710749,-0.09478822,-0.06544814,-0.0186732,-0.9931682,0.133542,-0.185837,0.9734635,0.0866155,0.0410552,-0.03652982,-0.02937045,-0.004330348,-0.01679445,-0.9994181,0.009642178,-0.05856126,0.9982373,0.14,1.811587,3.74,0,-0.6727939,0,0.73983,-0.9955062,0,0.09469664
saccade,3.4134,0.01743038,0.03897822,-0.03710148,-0.09505936,-0.06577683,-0.01867751,-0.9931205,0.1341996,-0.1863537,0.9732742,0.08660641,0.04102945,-0.03651677,-0.02943304,-0.004279775,-0.01678071,-0.9994168,0.009542372,-0.05868811,0.9982308,0.14,1.811587,3.74,0,-0.6727939,0,0.73983,-0.9955062,0,0.09469664
saccade,3.4245,0.01742392,0.03896081,-0.03709703,-0.09515694,-0.06571207,-0.01868801,-0.9931152,0.1340759,-0.1865476,0.9732541,0.0865999,0.04101169,-0.03650317,-0.02953123,-0.004214936,-0.01678094,-0.9994141,0.009416057,-0.0588864,0.9982203,0.14,1.811587,3.74,0,-0.6727939,0,0.73983,-0.9955062,0,0.09469664
saccade,3.4356,0.01739644,0.03896439,-0.03707886,-0.09521361,-0.0656982,-0.01875019,-0.9931095,0.1340616,-0.1866514,0.9732362,0.08657216,0.04102302,-0.03648221,-0.02938098,-0.004295063,-0.01684059,-0.9994172,0.009574706,-0.05858304,0.9982366,0.14,1.811587,3.74,0,-0.6727939,0,0.73983,-0.9955062,0,0.09469664
saccade,3.4470,0.01737116,0.03897011,-0.03705594,-0.09506576,-0.06526356,-0.01866607,-0.993154,0.1331825,-0.1863934,0.9734063,0.08654717,0.0410167,-0.03645121,-0.02948611,-0.004235439,-0.01675662,-0.9994158,0.009454105,-0.05879583,0.9982253,0.14,1.811587,3.74,0,-0.6727939,0,0.73983,-0.9955062,0,0.09469664
saccade,3.4582,0.01736121,0.03895962,-0.03705695,-0.09504002,-0.06529732,-0.01874928,-0.9931527,0.1332643,-0.1863299,0.9734073,0.08653688,0.04101837,-0.03645579,-0.02946554,-0.004263577,-0.01684329,-0.9994148,0.009514757,-0.05875298,0.9982272,0.14,1.811587,3.74,0,-0.6727939,0,0.73983,-0.9955062,0,0.09469664
saccade,3.4691,0.01736814,0.03895259,-0.03705272,-0.09508149,-0.06524165,-0.01870491,-0.9931532,0.1331469,-0.1864203,0.9734061,0.08654397,0.04100406,-0.03644444,-0.02749553,-0.0008570846,-0.01668958,-0.9994823,0.002631059,-0.05493398,0.9984865,0.14,1.811587,3.74,0,-0.6727939,0,0.73983,-0.9955062,0,0.09469664
saccade,3.4802,0.01737282,0.03896654,-0.03705358,-0.09374182,-0.05368618,-0.01836633,-0.9939784,0.1101692,-0.1843826,0.9766605,0.0865487,0.0410161,-0.03644395,-0.02745624,-0.0008464768,-0.01667583,-0.9994836,0.002607791,-0.0548559,0.9984909,0.14,1.811587,3.74,0,-0.6727939,0,0.73983,-0.9955062,0,0.09469664
saccade,3.4911,0.01737029,0.03898919,-0.03705742,-0.09367211,-0.05373028,-0.01836198,-0.9939827,0.1102539,-0.1842437,0.9766772,0.0865462,0.04103923,-0.03645399,-0.02738626,-0.0008904609,-0.01667807,-0.9994854,0.002693505,-0.05471464,0.9984984,0.14,1.811587,3.74,0,-0.6727939,0,0.73983,-0.9955062,0,0.09469664
saccade,3.5020,0.01737351,0.03900146,-0.03705936,-0.09360264,-0.05376332,-0.01833355,-0.9939879,0.1103123,-0.1841084,0.9766961,0.08654955,0.04104865,-0.03646093,-0.01069696,0.04027142,-0.0154055,-0.9990128,-0.08013375,-0.0226136,0.9965276,0.14,1.811587,3.74,0,-0.6727939,0,0.73983,-0.9955062,0,0.09469664
saccade,3.5132,0.01737985,0.03902864,-0.03706722,-0.09351515,-0.05374012,-0.0183482,-0.9939972,0.1102667,-0.1839355,0.9767338,0.08655579,0.04107845,-0.03646547,-0.0106107,0.04029642,-0.01542619,-0.9990124,-0.08018588,-0.02244368,0.9965272,0.14,1.811587,3.74,0,-0.6727939,0,0.73983,-0.9955062,0,0.09469664
saccade,3.5242,0.01739752,0.03905487,-0.03708631,-0.08395846,0.003096706,-0.01673223,-0.996324,-0.00336102,-0.1674033,0.9858828,0.08657343,0.04110456,-0.03648169,-0.01056463,0.04031776,-0.01542794,-0.999012,-0.08022988,-0.02235243,0.9965257,0.14,1.811587,3.74,0,-0.6727939,0,0.73983,-0.9955062,0,0.09469664
saccade,3.5354,0.01741122,0.03908336,-0.03710222,-0.08392534,0.003040191,-0.01674874,-0.9963267,-0.003246761,-0.1673359,0.9858946,0.08658712,0.04113603,-0.03650527,0.01582552,0.09861354,-0.0136212,-0.9949067,-0.1966537,0.02880337,0.9800498,0.14,1.811587,3.74,0,-0.6727939,0,0.73983,-0.9955062,0,0.09469664
saccade,3.5463,0.01742218,0.03910017,-0.03710811,-0.08381898,0.003046712,-0.01676037,-0.9963354,-0.003261421,-0.1671258,0.9859302,0.08659802,0.0411545,-0.03651032,0.01593069,0.09862144,-0.01364209,-0.994904,-0.1966724,0.0290082,0.9800401,0.14,1.811587,3.74,0,-0.6727939,0,0.73983,-0.9955062,0,0.09469664
saccade,3.5581,0.01745233,0.0391289,-0.03711038,-0.07194837,0.05707894,-0.01511086,-0.9956592,-0.1114879,-0.1449971,0.9831309,0.08662842,0.0411737,-0.03650928,0.01600161,0.09864516,-0.01357888,-0.9949014,-0.196719,0.02916106,0.9800262,0.14,1.811587,3.74,0,-0.6727939,0,0.73983,-0.9955062,0,0.09469664
saccade,3.5689,0.01748374,0.03915668,-0.0371093,-0.07189333,0.0570882,-0.01514535,-0.995662,-0.1115034,-0.1448922,0.9831446,0.08665968,0.04120564,-0.03650672,0.02913621,0.1320916,-0.01255184,-0.9907297,-0.2624656,0.05441622,0.9634058,0.14,1.811587,3.74,0,-0.6727939,0,0.73983,-0.9955062,0,0.09469664
saccade,3.5797,0.01749474,0.03917623,-0.03710512,-0.07181089,0.05701187,-0.01508809,-0.9956732,-0.1113634,-0.1447208,0.9831857,0.08667102,0.04121745,-0.03651388,0.02922268,0.1320102,-0.01250895,-0.9907386,-0.2623062,0.05460146,0.9634387,0.14,1.811587,3.74,0,-0.6727939,0,0.73983,-0.9955062,0,0.09469664
saccade,3.5914,0.01750969,0.03918409,-0.03709657,-0.06743814,0.0761144,-0.01444809,-0.994711,-0.149475,-0.1363623,0.9793174,0.08668625,0.04121554,-0.03650446,0.02922169,0.1320141,-0.01243736,-0.990739,-0.2623098,0.05461833,0.9634368,0.14,1.811587,3.74,0,-0.6727939,0,0.73983,-0.9955062,0,0.09469664
saccade,3.6020,0.01750709,0.03919172,-0.03709225,-0.06738382,0.07604759,-0.01440128,-0.9947205,-0.1493514,-0.1362465,0.9793524,0.08668391,0.04121685,-0.03650998,0.03527003,0.1394707,-0.01214633,-0.9895234,-0.2768759,0.06641292,0.9586079,0.14,1.811587,3.74,0,-0.6727939,0,0.73983,-0.9955062,0,0.09469664
saccade,3.6131,0.01751653,0.03919196,-0.03708217,-0.06398235,0.09005137,-0.01399561,-0.9937812,-0.1771918,-0.1296896,0.975594,0.08669326,0.04122043,-0.03649982,0.0351816,0.1394706,-0.01215809,-0.9895264,-0.2768752,0.06623484,0.9586204,0.14,1.811587,3.74,0,-0.6727939,0,0.73983,-0.9955062,0,0.09469664
saccade,3.6241,0.01753718,0.03917587,-0.03706439,-0.06404441,0.09004932,-0.01399176,-0.9937775,-0.1771858,-0.1298117,0.9755788,0.08671391,0.04120445,-0.03648218,0.03511969,0.1394687,-0.01215144,-0.9895289,-0.2768701,0.0661144,0.9586302,0.14,1.811587,3.74,0,-0.6727939,0,0.73983,-0.9955062,0,0.09469664
saccade,3.6355,0.01755615,0.03917146,-0.03704945,-0.06418537,0.09007402,-0.01397948,-0.9937663,-0.1772305,-0.1300889,0.9755338,0.08673285,0.04119968,-0.03646351,0.037607,0.1435973,-0.01199228,-0.9888487,-0.284894,0.07093115,0.9559311,0.14,1.811587,3.74,0,-0.6727939,0,0.73983,-0.9955062,0,0.09469664
saccade,3.6465,0.01758042,0.0391537,-0.03704198,-0.06169597,0.09919796,-0.01366531,-0.9930592,-0.1953327,-0.1252466,0.9727067,0.0867573,0.04117846,-0.03646433,0.03756787,0.1435364,-0.01196408,-0.9888594,-0.2847735,0.07086411,0.955972,0.14,1.811587,3.74,0,-0.6727939,0,0.73983,-0.9955062,0,0.09469664
saccade,3.6577,0.01759767,0.03914583,-0.03702498,-0.06177298,0.09921019,-0.01363943,-0.9930536,-0.195357,-0.1253941,0.9726829,0.08677461,0.04116797,-0.03644563,0.037492,0.1435465,-0.01193375,-0.9888611,-0.28479,0.07072268,0.9559775,0.14,1.811587,3.74,0,-0.6727939,0,0.73983,-0.9955062,0,0.09469664
saccade,3.6686,0.01762311,0.03913569,-0.03701011,-0.06186128,0.0992233,-0.01363124,-0.9930469,-0.1953803,-0.1255674,0.9726558,0.08680004,0.0411576,-0.03642874,0.03821683,0.1471141,-0.01180678,-0.9883105,-0.2916912,0.07206631,0.9537938,0.14,1.811587,3.74,0,-0.6727939,0,0.73983,-0.9955062,0,0.09469664
saccade,3.6801,0.01762936,0.03913343,-0.03698994,-0.06119113,0.1051785,-0.0134323,-0.9924781,-0.2071308,-0.1242873,0.9703863,0.08680643,0.04115438,-0.03642188,0.03820459,0.1470186,-0.01180182,-0.9883252,-0.2915061,0.07204694,0.9538519,0.14,1.811587,3.74,0,-0.6727939,0,0.73983,-0.9955062,0,0.09469664
saccade,3.6916,0.01763157,0.03913605,-0.03696754,-0.06123632,0.1051379,-0.01340834,-0.9924799,-0.2070523,-0.1243711,0.9703923,0.08680876,0.04115474,-0.03640518,0.03816036,0.1469764,-0.0117802,-0.9883335,-0.2914225,0.0719675,0.9538835,0.14,1.811587,3.74,0,-0.6727939,0,0.73983,-0.9955062,0,0.09469664
saccade,3.7020,0.01764135,0.03912783,-0.03694702,-0.06117044,0.105156,-0.01341158,-0.9924821,-0.2070901,-0.1242418,0.9704008,0.08681853,0.0411458,-0.03638232,0.03932397,0.148831,-0.01172268,-0.9880109,-0.2950152,0.07421563,0.9526059,0.14,1.811587,3.74,0,-0.6727939,0,0.73983,-0.9955062,0,0.09469664
saccade,3.7132,0.01764861,0.03913367,-0.03692723,-0.06116067,0.105172,-0.01341364,-0.9924809,-0.2071217,-0.1242231,0.9703965,0.08682577,0.04115176,-0.03636032,0.03933368,0.148847,-0.01172352,-0.9880081,-0.2950462,0.07423396,0.9525949,0.14,1.811587,3.74,0,-0.6727939,0,0.73983,-0.9955062,0,0.09469664
saccade,3.7242,0.01764808,0.03915596,-0.03693868,-0.06074513,0.1087372,-0.01331096,-0.9921235,-0.2141442,-0.1234281,0.9689725,0.08682519,0.04117346,-0.0363631,0.03938652,0.1489096,-0.0117236,-0.9879966,-0.2951678,0.07433598,0.9525493,0.14,1.811587,3.74,0,-0.6727939,0,0.73983,-0.9955062,0,0.09469664
saccade,3.7354,0.01764665,0.03915572,-0.03693619,-0.06071868,0.1088014,-0.01334876,-0.9921176,-0.2142665,-0.1233849,0.968951,0.08682356,0.04117739,-0.03635146,0.04014209,0.1501479,-0.01171623,-0.9877788,-0.2975664,0.07578468,0.9516885,0.14,1.811587,3.74,0,-0.6727939,0,0.73983,-0.9955062,0,0.09469664
saccade,3.7465,0.0176415,0.03914988,-0.0369334,-0.060487,0.1118937,-0.01325728,-0.991789,-0.2203462,-0.1229475,0.9676422,0.08681838,0.04117143,-0.0363457,0.04015634,0.1501693,-0.01171669,-0.987775,-0.2976079,0.07581188,0.9516733,0.14,1.811587,3.74,0,-0.6727939,0,0.73983,-0.9955062,0,0.09469664
saccade,3.7580,0.01764318,0.03913391,-0.03693408,-0.06043786,0.1120059,-0.01328423,-0.991779,-0.2205645,-0.1228578,0.9676039,0.08681987,0.04115772,-0.03633071,0.04020454,0.1502825,-0.01173394,-0.9877556,-0.2978283,0.07589769,0.9515975,0.14,1.811587,3.74,0,-0.6727939,0,0.73983,-0.9955062,0,0.09469664
saccade,3.7692,0.01764281,0.03909421,-0.03696225,-0.06053628,0.1120595,-0.01332416,-0.9917664,-0.2206604,-0.1230619,0.9675561,0.08681925,0.04112446,-0.0363508,0.0409234,0.1510514,-0.01173859,-0.9876087,-0.2993202,0.07728635,0.9510175,0.14,1.811587,3.74,0,-0.6727939,0,0.73983,-0.9955062,0,0.09469664
saccade,3.7799,0.01765797,0.03904653,-0.03696343,-0.06063627,0.1120577,-0.01331891,-0.9917606,-0.2206536,-0.1232583,0.9675326,0.08683438,0.04107749,-0.03635196,0.04082359,0.1510501,-0.01172969,-0.9876131,-0.2993159,0.0770923,0.9510346,0.14,1.811587,3.74,0,-0.6727939,0,0.73983,-0.9955062,0,0.09469664
saccade,3.7908,0.01768222,0.03902066,-0.03694649,-0.0597243,0.1143091,-0.01312117,-0.9915615,-0.2251217,-0.1214404,0.9667329,0.08685913,0.04103458,-0.03633527,0.04080156,0.1510426,-0.01160248,-0.9876167,-0.2992912,0.07708767,0.9510427,0.14,1.811587,3.74,0,-0.6727939,0,0.73983,-0.9955062,0,0.09469664
saccade,3.8020,0.01771934,0.03906012,-0.03693942,-0.05975615,0.1141696,-0.01298141,-0.9915776,-0.2248647,-0.1214699,0.966789,0.08689693,0.04105639,-0.03634861,0.04083647,0.1521156,-0.01143811,-0.9874525,-0.3013481,0.07716832,0.9503865,0.14,1.811587,3.74,0,-0.6727939,0,0.73983,-0.9955062,0,0.09469664
saccade,3.8131,0.01776924,0.03909266,-0.03691223,-0.059751,0.1139678,-0.01278646,-0.9916036,-0.2244938,-0.1214131,0.9668823,0.08694781,0.04106379,-0.03635107,0.04084891,0.1518964,-0.01126502,-0.9874877,-0.3009119,0.07725337,0.9505177,0.14,1.811587,3.74,0,-0.6727939,0,0.73983,-0.9955062,0,0.09469664
saccade,3.8243,0.01781096,0.03912151,-0.03689286,-0.05877015,0.1156629,-0.01262043,-0.9914681,-0.2278687,-0.1194569,0.9663363,0.08699003,0.04108024,-0.03635082,0.04076322,0.1517546,-0.01116853,-0.9875141,-0.3006302,0.07711875,0.9506178,0.14,1.811587,3.74,0,-0.6727939,0,0.73983,-0.9955062,0,0.09469664
saccade,3.8356,0.01784826,0.03913796,-0.03688465,-0.05883295,0.1155842,-0.01261514,-0.9914736,-0.227713,-0.1195789,0.9663579,0.08702739,0.04109752,-0.0363534,0.04079128,0.1522262,-0.01115136,-0.9874406,-0.3015385,0.07716288,0.9503265,0.14,1.811587,3.74,0,-0.6727939,0,0.73983,-0.9955062,0,0.09469664
saccade,3.8465,0.01784266,0.03917921,-0.03689319,-0.0589161,0.115546,-0.01269092,-0.9914721,-0.2276259,-0.1197601,0.966356,0.08702148,0.04115069,-0.0363664,0.04070529,0.1521968,-0.01122752,-0.9874479,-0.3014868,0.07697111,0.9503585,0.14,1.811587,3.74,0,-0.6727939,0,0.73983,-0.9955062,0,0.09469664
saccade,3.8582,0.01785748,0.03919137,-0.03691102,-0.05813047,0.1170738,-0.01266479,-0.9913396,-0.2306474,-0.1182195,0.9658291,0.08703613,0.04116666,-0.03637704,0.04062544,0.1522479,-0.01124134,-0.9874431,-0.3015857,0.07680769,0.9503403,0.14,1.811587,3.74,0,-0.6727939,0,0.73983,-0.9955062,0,0.09469664
saccade,3.8688,0.01786317,0.03921318,-0.03693771,-0.0581057,0.1170787,-0.01268438,-0.9913402,-0.2306556,-0.1181752,0.9658326,0.08704175,0.04119074,-0.03640297,0.0411137,0.1527461,-0.01124382,-0.9873459,-0.3025511,0.077752,0.9499565,0.14,1.811587,3.74,0,-0.6727939,0,0.73983,-0.9955062,0,0.09469664
saccade,3.8803,0.01786793,0.03927541,-0.03695396,-0.05808371,0.1171729,-0.01265435,-0.9913308,-0.2308441,-0.1181258,0.9657936,0.08704657,0.04124784,-0.03640642,0.04113683,0.1528362,-0.0112053,-0.9873314,-0.3027219,0.07780622,0.9498977,0.14,1.811587,3.74,0,-0.6727939,0,0.73983,-0.9955062,0,0.09469664
saccade,3.8910,0.01786518,0.03936875,-0.03697612,-0.05694276,0.11874,-0.01253894,-0.991212,-0.233965,-0.1158624,0.9653167,0.0870441,0.04132974,-0.0364233,0.04126868,0.1528726,-0.01113987,-0.9873211,-0.3027881,0.07808491,0.9498538,0.14,1.811587,3.74,0,-0.6727939,0,0.73983,-0.9955062,0,0.09469664
saccade,3.9020,0.01784827,0.0394125,-0.03699256,-0.05667917,0.1188271,-0.01244088,-0.9912179,-0.2341568,-0.1153194,0.9653352,0.08702762,0.04135537,-0.03642919,0.04199674,0.153184,-0.01103327,-0.9872433,-0.3033864,0.07954176,0.9495419,0.14,1.811587,3.74,0,-0.6727939,0,0.73983,-0.9955062,0,0.09469664
saccade,3.9134,0.01784268,0.03945649,-0.037013,-0.05654821,0.1188904,-0.01239333,-0.9912184,-0.234291,-0.1150501,0.9653348,0.08702222,0.0413903,-0.03644158,0.04212939,0.1532406,-0.01098414,-0.9872293,-0.3034928,0.07981631,0.9494849,0.14,1.811587,3.74,0,-0.6727939,0,0.73983,-0.9955062,0,0.09469664
saccade,3.9244,0.01780483,0.03947556,-0.03702627,-0.05573508,0.1201031,-0.01241511,-0.991118,-0.2366888,-0.1134623,0.9649377,0.08698408,0.04141486,-0.03643887,0.04222249,0.1533579,-0.01103289,-0.9872066,-0.3037235,0.07998068,0.9493973,0.14,1.811587,3.74,0,-0.6727939,0,0.73983,-0.9955062,0,0.09469664
saccade,3.9354,0.01780065,0.03945887,-0.03704559,-0.05577954,0.1201081,-0.01256437,-0.9911129,-0.2366798,-0.1135858,0.9649253,0.08697928,0.04141939,-0.03645624,0.04209731,0.153675,-0.01117054,-0.9871611,-0.3043444,0.07968039,0.9492236,0.14,1.811587,3.74,0,-0.6727939,0,0.73983,-0.9955062,0,0.09469664
saccade,3.9497,0.01780082,0.03942847,-0.0370601,-0.0558071,0.1200727,-0.01267676,-0.9911143,-0.2365967,-0.1136667,0.9649362,0.08697903,0.04140508,-0.03647476,0.04206594,0.1536511,-0.01128489,-0.9871649,-0.3043073,0.07958416,0.9492436,0.14,1.811587,3.74,0,-0.6727939,0,0.73983,-0.9955062,0,0.09469664
saccade,3.9649,0.0177957,0.03940701,-0.03708585,-0.05542044,0.1208868,-0.01265724,-0.9910372,-0.2382036,-0.1129076,0.9646299,0.08697385,0.04138422,-0.03649594,0.04206157,0.1536838,-0.01128687,-0.98716,-0.3043706,0.07957378,0.9492242,0.14,1.811587,3.74,0,-0.6727939,0,0.73983,-0.9955062,0,0.09469664
saccade,3.9710,0.01779152,0.03938746,-0.0371084,-0.05548402,0.1209328,-0.01266669,-0.991028,-0.23829,-0.1130361,0.9645936,0.08696956,0.04136646,-0.03651181,0.04227786,0.1541566,-0.0112752,-0.9870771,-0.3052823,0.07998672,0.9488966,0.14,1.811587,3.74,0,-0.6727939,0,0.73983,-0.9955062,0,0.09469664
saccade,3.9796,0.01779175,0.03936744,-0.03711092,-0.05544549,0.1221316,-0.01263494,-0.9908835,-0.2406353,-0.1129663,0.9640194,0.0869697,0.04134727,-0.03650657,0.0422412,0.1542116,-0.01127191,-0.9870701,-0.3053877,0.07991353,0.9488689,0.14,1.811587,3.74,0,-0.6727939,0,0.73983,-0.9955062,0,0.09469664
saccade,3.9908,0.01778876,0.03934824,-0.03711553,-0.05543867,0.1221108,-0.01265514,-0.9908862,-0.2405925,-0.1129575,0.964031,0.08696666,0.04133081,-0.03651395,0.04224734,0.1541928,-0.01129428,-0.9870725,-0.3053533,0.0799194,0.9488795,0.14,1.811587,3.74,0,-0.6727939,0,0.73983,-0.9955062,0,0.09469664
saccade,4.0027,0.01779424,0.03935158,-0.03713199,-0.05547101,0.122127,-0.01265715,-0.9908823,-0.2406227,-0.1130221,0.964016,0.0869721,0.04133475,-0.03652803,0.04221494,0.1542094,-0.01129365,-0.9870713,-0.3053849,0.07985514,0.9488747,0.14,1.811587,3.74,0,-0.6727939,0,0.73983,-0.9955062,0,0.09469664
saccade,4.0132,0.01779643,0.03934979,-0.03713428,-0.05515481,0.1234952,-0.01263433,-0.9907307,-0.2433074,-0.1124077,0.9634137,0.0869742,0.04133618,-0.03652979,0.04209823,0.1541913,-0.01131339,-0.987079,-0.3053505,0.07961971,0.9489056,0.14,1.811587,3.74,0,-0.6727939,0,0.73983,-0.9955062,0,0.09469664
saccade,4.0242,0.01779553,0.03935313,-0.03713224,-0.0551656,0.1235367,-0.01264719,-0.9907247,-0.2433864,-0.1124326,0.9633909,0.08697319,0.04134119,-0.03652184,0.04208706,0.1542338,-0.01132178,-0.9870727,-0.3054329,0.07959358,0.9488813,0.14,1.811587,3.74,0,-0.6727939,0,0.73983,-0.9955062,0,0.09469664
saccade,4.0353,0.01779368,0.03935695,-0.03713312,-0.05516363,0.1235627,-0.01263327,-0.9907218,-0.2434387,-0.1124256,0.9633785,0.08697137,0.04134285,-0.03651922,0.04208947,0.1542581,-0.01130545,-0.987069,-0.3054784,0.07960251,0.9488658,0.14,1.811587,3.74,0,-0.6727939,0,0.73983,-0.9955062,0,0.09469664
saccade,4.0467,0.01779506,0.03935897,-0.03712577,-0.05523084,0.1236261,-0.01262534,-0.9907103,-0.2435607,-0.1125572,0.9633323,0.08697268,0.0413444,-0.03650289,0.04245858,0.1542265,-0.01129013,-0.9870583,-0.3054198,0.0803357,0.9488229,0.14,1.811587,3.74,0,-0.6727939,0,0.73983,-0.9955062,0,0.09469664
saccade,4.0578,0.01779772,0.03932893,-0.03712832,-0.05498717,0.124153,-0.01267797,-0.9906573,-0.2445918,-0.1120949,0.9631249,0.08697504,0.04132426,-0.03650277,0.04242531,0.1542481,-0.01135659,-0.9870556,-0.3054666,0.08024881,0.9488152,0.14,1.811587,3.74,0,-0.6727939,0,0.73983,-0.9955062,0,0.09469664
saccade,4.0692,0.01780887,0.03931522,-0.0371201,-0.05503295,0.1241932,-0.01266338,-0.9906498,-0.2446702,-0.1121822,0.9630948,0.08698618,0.041309,-0.0364889,0.04242362,0.1547131,-0.01132323,-0.9869832,-0.3063593,0.08023911,0.9485282,0.14,1.811587,3.74,0,-0.6727939,0,0.73983,-0.9955062,0,0.09469664
saccade,4.0801,0.01780553,0.03933609,-0.03709804,-0.05500094,0.1241849,-0.01266215,-0.9906527,-0.2446553,-0.1121185,0.963106,0.08698287,0.04132926,-0.03646811,0.04245568,0.1547044,-0.0113238,-0.9869832,-0.3063428,0.0803024,0.9485282,0.14,1.811587,3.74,0,-0.6727939,0,0.73983,-0.9955062,0,0.09469664
saccade,4.0915,0.01781308,0.03935981,-0.03707341,-0.0542069,0.1243447,-0.01259753,-0.9906772,-0.2450052,-0.1105359,0.9632,0.08699068,0.04134464,-0.03644701,0.0425034,0.1546773,-0.01127095,-0.986986,-0.3062868,0.0804138,0.9485368,0.14,1.811587,3.74,0,-0.6727939,0,0.73983,-0.9955062,0,0.09469664
saccade,4.1025,0.01783059,0.03937042,-0.03705473,-0.05417269,0.1242605,-0.01245148,-0.9906915,-0.2448585,-0.1104313,0.9632493,0.08700889,0.04133534,-0.03644124,0.04278419,0.1550678,-0.01111859,-0.9869143,-0.3070288,0.08100039,0.948247,0.14,1.811587,3.74,0,-0.6727939,0,0.73983,-0.9955062,0,0.09469664
saccade,4.1136,0.01785599,0.03936601,-0.03703148,-0.05419009,0.1241906,-0.01235055,-0.9907006,-0.2447328,-0.1104399,0.9632803,0.08703475,0.04131782,-0.03642839,0.04276989,0.1549891,-0.01102451,-0.9869283,-0.3068692,0.08100428,0.9482983,0.14,1.811587,3.74,0,-0.6727939,0,0.73983,-0.9955062,0,0.09469664
saccade,4.1243,0.01785275,0.0393523,-0.03705268,-0.0542267,0.1250627,-0.01224615,-0.9905902,-0.2464437,-0.1104959,0.9628376,0.08703178,0.04129684,-0.0364581,0.04260681,0.1549234,-0.01095054,-0.9869466,-0.3067354,0.0807083,0.9483668,0.14,1.811587,3.74,0,-0.6727939,0,0.73983,-0.9955062,0,0.09469664
saccade,4.1354,0.01787945,0.03933227,-0.0370329,-0.05424518,0.1250721,-0.01227562,-0.9905876,-0.246458,-0.1105399,0.9628289,0.08705835,0.0412811,-0.03643674,0.04258744,0.1549357,-0.01097839,-0.9869452,-0.3067612,0.08066104,0.9483625,0.14,1.811587,3.74,0,-0.6727939,0,0.73983,-0.9955062,0,0.09469664
saccade,4.1468,0.0178877,0.03932619,-0.03702863,-0.05423642,0.1250754,-0.01235485,-0.9905866,-0.2464558,-0.1105423,0.9628291,0.08706629,0.04128563,-0.03643146,0.04288465,0.1546604,-0.01106477,-0.9869745,-0.3062407,0.08122955,0.9484822,0.14,1.811587,3.74,0,-0.6727939,0,0.73983,-0.9955062,0,0.09469664
saccade,4.1575,0.01790166,0.03934348,-0.03702865,-0.05375617,0.1257298,-0.0124237,-0.9905291,-0.2477424,-0.1096182,0.9626046,0.08707984,0.04131424,-0.03642136,0.04290656,0.1547366,-0.01114659,-0.9869607,-0.3063944,0.0812446,0.9484312,0.14,1.811587,3.74,0,-0.6727939,0,0.73983,-0.9955062,0,0.09469664
saccade,4.1688,0.01791675,0.03936684,-0.03703351,-0.05367299,0.1257105,-0.01245452,-0.9905357,-0.2477046,-0.1094614,0.9626321,0.08709487,0.04134059,-0.03642894,0.04298885,0.1547195,-0.01118153,-0.9869594,-0.3063652,0.08139649,0.9484276,0.14,1.811587,3.74,0,-0.6727939,0,0.73983,-0.9955062,0,0.09469664
saccade,4.1797,0.01792889,0.03938496,-0.03702515,-0.05374214,0.1256933,-0.01239322,-0.990535,-0.2476751,-0.1095824,0.962626,0.08710724,0.04135156,-0.03642322,0.04291249,0.154596,-0.01112346,-0.9869827,-0.3061219,0.08126849,0.9485171,0.14,1.811587,3.74,0,-0.6727939,0,0.73983,-0.9955062,0,0.09469664
saccade,4.1912,0.01794172,0.03939474,-0.03701372,-0.05361505,0.126661,-0.01234886,-0.9904191,-0.2495708,-0.109331,0.9621648,0.08712018,0.04135835,-0.03641421,0.04298658,0.154579,-0.01111311,-0.9869823,-0.3060888,0.08141827,0.948515,0.14,1.811587,3.74,0,-0.6727939,0,0.73983,-0.9955062,0,0.09469664
saccade,4.2018,0.01795509,0.0394392,-0.03702499,-0.05361929,0.1266179,-0.0122902,-0.9904251,-0.2494931,-0.1093241,0.9621858,0.08713382,0.04139507,-0.0364319,0.04298398,0.1545306,-0.01105885,-0.9869906,-0.3059913,0.08143169,0.9485453,0.14,1.811587,3.74,0,-0.6727939,0,0.73983,-0.9955062,0,0.09469664
saccade,4.2130,0.01797583,0.03945756,-0.0370165,-0.05359001,0.1266253,-0.01222864,-0.9904265,-0.2495155,-0.1092508,0.9621883,0.08715481,0.04140449,-0.0364229,0.04303077,0.154533,-0.01099759,-0.9869888,-0.3059912,0.0815428,0.9485358,0.14,1.811587,3.74,0,-0.6727939,0,0.73983,-0.9955062,0,0.09469664
saccade,4.2243,0.01800192,0.03946507,-0.03700207,-0.05298044,0.1267731,-0.0122696,-0.9904399,-0.2498222,-0.1080588,0.9622433,0.08718075,0.04141641,-0.03640563,0.04313646,0.1545566,-0.0110447,-0.98698,-0.3060414,0.08173557,0.948503,0.14,1.811587,3.74,0,-0.6727939,0,0.73983,-0.9955062,0,0.09469664
saccade,4.2362,0.01802071,0.03949451,-0.03699853,-0.05303222,0.1267013,-0.01223714,-0.9904467,-0.2496839,-0.1081521,0.9622687,0.08719971,0.04144275,-0.03641216,0.04305657,0.154447,-0.0110192,-0.987001,-0.3058275,0.08159,0.9485846,0.14,1.811587,3.74,0,-0.6727939,0,0.73983,-0.9955062,0,0.09469664
saccade,4.2466,0.01803256,0.03952372,-0.03702885,-0.05301804,0.1266775,-0.01224431,-0.9904504,-0.2496371,-0.1081256,0.9622838,0.08721156,0.04147291,-0.0364458,0.04307054,0.1544238,-0.01102904,-0.9870039,-0.3057838,0.08161528,0.9485964,0.14,1.811587,3.74,0,-0.6727939,0,0.73983,-0.9955062,0,0.09469664
saccade,4.2574,0.01804567,0.03953493,-0.03702111,-0.05314972,0.1271488,-0.01214931,-0.9903842,-0.2505608,-0.1083668,0.9620166,0.08722502,0.04147243,-0.0364398,0.04311193,0.1544082,-0.01095042,-0.9870054,-0.3057477,0.08172175,0.9485989,0.14,1.811587,3.74,0,-0.6727939,0,0.73983,-0.9955062,0,0.09469664
saccade,4.2690,0.01806269,0.03955388,-0.03702055,-0.05313236,0.1271076,-0.01221432,-0.9903895,-0.2504742,-0.1083485,0.9620412,0.08724183,0.04150033,-0.03644457,0.04345207,0.1541968,-0.0110236,-0.9870227,-0.3053495,0.08237674,0.9486705,0.14,1.811587,3.74,0,-0.6727939,0,0.73983,-0.9955062,0,0.09469664
saccade,4.2843,0.01805244,0.03958285,-0.03703264,-0.05308048,0.1271305,-0.01220118,-0.9903895,-0.250522,-0.108243,0.9620406,0.08723164,0.04152656,-0.03645373,0.0435043,0.1542176,-0.01100969,-0.9870173,-0.3053888,0.08248322,0.9486486,0.14,1.811587,3.74,0,-0.6727939,0,0.73983,-0.9955062,0,0.09469664
saccade,4.2954,0.01805481,0.03960192,-0.03703142,-0.05266037,0.1253244,-0.01220864,-0.9906421,-0.2470173,-0.1073952,0.9630414,0.0872343,0.0415374,-0.03646003,0.04364311,0.1541636,-0.01097322,-0.98702,-0.3052828,0.08276992,0.9486578,0.14,1.811587,3.74,0,-0.6727939,0,0.73983,-0.9955062,0,0.09469664
saccade,4.3069,0.01805606,0.03960431,-0.03703281,-0.0526972,0.1253126,-0.0122019,-0.9906417,-0.2469938,-0.1074662,0.9630395,0.08723557,0.04153967,-0.03646299,0.04073096,0.1451048,-0.0112579,-0.9885135,-0.2877932,0.07725906,0.9545711,0.14,1.811587,3.74,0,-0.6727939,0,0.73983,-0.9955062,0,0.09469664
saccade,4.3180,0.01805931,0.03960884,-0.03702137,-0.05270613,0.1253271,-0.01220302,-0.9906393,-0.2470216,-0.1074843,0.9630303,0.08723879,0.04154432,-0.0364495,0.04072201,0.1451194,-0.01125748,-0.9885117,-0.2878214,0.077241,0.9545642,0.14,1.811587,3.74,0,-0.6727939,0,0.73983,-0.9955062,0,0.09469664
saccade,4.3289,0.01802212,0.03960621,-0.03697748,-0.0594373,0.0883836,-0.01332838,-0.9942223,-0.1741615,-0.1205438,0.9773111,0.08720165,0.04154038,-0.03640818,0.04077051,0.1451015,-0.01125574,-0.9885123,-0.287787,0.07733785,0.9545667,0.14,1.811587,3.74,0,-0.6727939,0,0.73983,-0.9955062,0,0.09469664
saccade,4.6089,0.01802296,0.03961706,-0.03697431,-0.0594252,0.08839592,-0.01334351,-0.9942217,-0.1741844,-0.1205227,0.9773096,0.08720243,0.04155314,-0.03640321,0.03004661,0.1008321,-0.01265889,-0.9943691,-0.2012894,0.05720199,0.9778602,0.14,1.811587,3.74,0,-0.6727939,0,0.73983,-0.9955062,0,0.09469664
saccade,4.6184,0.01818607,0.03972149,-0.03726876,-0.06130103,-0.03999965,-0.01720612,-0.9971691,0.08188234,-0.1208785,0.9892844,0.08736469,0.04168081,-0.03667441,0.00989997,0.02170192,-0.01523874,-0.9995993,-0.04368818,0.01913059,0.998862,0.14,1.811587,3.74,0,-0.6727939,0,0.73983,-0.9955062,0,0.09469664
saccade,4.6258,0.01818607,0.03972149,-0.03726876,-0.06083106,-0.04047339,-0.0172177,-0.9971786,0.08281313,-0.1199251,0.989323,0.08736469,0.04168081,-0.03667441,0.00989997,0.02170192,-0.01523874,-0.9995993,-0.04368818,0.01913059,0.998862,0.14,1.811587,3.74,0,-0.6727939,0,0.73983,-0.9955062,0,0.09469664
saccade,4.6338,0.01820857,0.03972459,-0.03725357,-0.0608381,-0.04048967,-0.01716283,-0.9971784,0.08283916,-0.1199431,0.9893186,0.08738743,0.0416764,-0.03666193,0.009896307,0.02168176,-0.01518484,-0.9996006,-0.04364675,0.01912624,0.9988639,0.14,1.811587,3.74,0,-0.6727939,0,0.73983,-0.9955062,0,0.09469664
saccade,4.6415,0.01818061,0.03971303,-0.03722634,-0.06079084,-0.04054803,-0.01709045,-0.9971802,0.08294527,-0.1198529,0.9893206,0.0873598,0.04165566,-0.03664343,0.009502488,0.01959702,-0.01517881,-0.9996476,-0.0394687,0.01840336,0.9990513,0.14,1.811587,3.74,0,-0.6727939,0,0.73983,-0.9955062,0,0.09469664
saccade,4.6514,0.01818165,0.03971314,-0.03719782,-0.06087587,-0.04053257,-0.01711168,-0.9971752,0.08291953,-0.1200207,0.9893025,0.08736075,0.04165804,-0.0366125,0.009416191,0.01961354,-0.01519383,-0.9996479,-0.0394994,0.01822974,0.9990533,0.14,1.811587,3.74,0,-0.6727939,0,0.73983,-0.9955062,0,0.09469664
saccade,4.6623,0.0181997,0.03968287,-0.03718921,-0.06132644,-0.04019091,-0.01705409,-0.9971625,0.08224548,-0.120934,0.9892475,0.08737903,0.04162169,-0.03660975,0.009464268,0.01957135,-0.01515091,-0.9996489,-0.03941575,0.01832884,0.9990548,0.14,1.811587,3.74,0,-0.6727939,0,0.73983,-0.9955062,0,0.09469664
saccade,4.6733,0.01821982,0.0396508,-0.03717895,-0.06138398,-0.04021384,-0.01710085,-0.9971572,0.08229847,-0.1210436,0.9892297,0.08739899,0.04159582,-0.03660219,0.009403882,0.0195515,-0.01519574,-0.9996492,-0.03937508,0.01820697,0.9990586,0.14,1.811587,3.74,0,-0.6727939,0,0.73983,-0.9955062,0,0.09469664
saccade,4.6853,0.01821242,0.03957701,-0.03713965,-0.06147075,-0.04018045,-0.01718925,-0.9971517,0.08224528,-0.12121,0.9892138,0.08739123,0.04153335,-0.03655741,0.009218884,0.01828091,-0.01531391,-0.9996731,-0.03683222,0.01787184,0.9991617,0.14,1.811587,3.74,0,-0.6727939,0,0.73983,-0.9955062,0,0.09469664
saccade,4.6954,0.01821924,0.03952467,-0.03712815,-0.06172276,-0.04046944,-0.01718269,-0.9971245,0.08282726,-0.1216998,0.989105,0.08739813,0.04147804,-0.03654478,0.009093253,0.01828729,-0.01529103,-0.9996745,-0.03684077,0.01762132,0.9991658,0.14,1.811587,3.74,0,-0.6727939,0,0.73983,-0.9955062,0,0.09469664
saccade,4.7067,0.01822112,0.03949714,-0.03710708,-0.06182541,-0.04049074,-0.01715048,-0.9971179,0.08286875,-0.1219056,0.9890763,0.08740017,0.04144561,-0.03652681,0.008992435,0.01826327,-0.01525459,-0.9996764,-0.03678907,0.01742185,0.9991712,0.14,1.811587,3.74,0,-0.6727939,0,0.73983,-0.9955062,0,0.09469664
saccade,4.7183,0.01823094,0.03949881,-0.03708827,-0.06189594,-0.04043417,-0.01717379,-0.9971154,0.08276103,-0.122046,0.9890679,0.08740986,0.04144955,-0.0364999,0.008688513,0.01741225,-0.01529672,-0.9996936,-0.03507964,0.016839,0.9992427,0.14,1.811587,3.74,0,-0.6727939,0,0.73983,-0.9955062,0,0.09469664
saccade,4.7291,0.01820798,0.03953874,-0.03706248,-0.06193696,-0.04073587,-0.01705771,-0.9971026,0.08334868,-0.1221253,0.9890088,0.08738743,0.04147232,-0.03647964,0.008646247,0.01737062,-0.01517323,-0.9996967,-0.03499308,0.01676011,0.999247,0.14,1.811587,3.74,0,-0.6727939,0,0.73983,-0.9955062,0,0.09469664
saccade,4.7403,0.01820194,0.03957665,-0.03705486,-0.06193634,-0.0407082,-0.01695211,-0.9971055,0.08328064,-0.1221339,0.9890135,0.08738177,0.04149544,-0.03646911,0.008653056,0.01739079,-0.01506613,-0.9996979,-0.03503181,0.01677686,0.9992453,0.14,1.811587,3.74,0,-0.6727939,0,0.73983,-0.9955062,0,0.09469664
saccade,4.7516,0.01819367,0.03961957,-0.03705922,-0.06195874,-0.04069582,-0.01693427,-0.9971049,0.08325446,-0.1221804,0.9890099,0.08737356,0.04153574,-0.03647189,0.008299348,0.01646915,-0.01507435,-0.9997163,-0.03317917,0.01609746,0.9993198,0.14,1.811587,3.74,0,-0.6727939,0,0.73983,-0.9955062,0,0.09469664
saccade,4.7625,0.01815239,0.03963125,-0.03708639,-0.06194722,-0.04103815,-0.01705487,-0.9970896,0.08395043,-0.1221341,0.9889568,0.08733179,0.04156148,-0.03648755,0.008260824,0.01655272,-0.01517573,-0.9997137,-0.0333467,0.01601452,0.9993156,0.14,1.811587,3.74,0,-0.6727939,0,0.73983,-0.9955062,0,0.09469664
saccade,4.7732,0.01813948,0.03964019,-0.03710812,-0.06193916,-0.04094299,-0.01712685,-0.9970927,0.08376955,-0.1221157,0.9889745,0.0873185,0.0415796,-0.03649551,0.007999493,0.01593943,-0.01526275,-0.9997245,-0.03211427,0.01550802,0.9993639,0.14,1.811587,3.74,0,-0.6727939,0,0.73983,-0.9955062,0,0.09469664
saccade,4.7849,0.01813192,0.03964448,-0.03711943,-0.06187592,-0.04091253,-0.01718407,-0.997097,0.08371408,-0.1219865,0.9889951,0.08731068,0.041592,-0.03650218,0.008059549,0.01597413,-0.01532109,-0.9997225,-0.03218636,0.01562514,0.9993597,0.14,1.811587,3.74,0,-0.6727939,0,0.73983,-0.9955062,0,0.09469664
saccade,4.7956,0.0181196,0.03965843,-0.03713102,-0.06122297,-0.04096419,-0.01722794,-0.9971343,0.08380308,-0.1206836,0.9891474,0.08729813,0.04161251,-0.03650899,0.008194378,0.01601081,-0.01536935,-0.9997201,-0.03226455,0.01589202,0.999353,0.14,1.811587,3.74,0,-0.6727939,0,0.73983,-0.9955062,0,0.09469664
saccade,4.8069,0.01810451,0.03966522,-0.03714404,-0.06103619,-0.04096277,-0.01724216,-0.9971456,0.08379647,-0.1203114,0.9891933,0.08728295,0.04162252,-0.0365219,0.008144948,0.01537842,-0.01541287,-0.9997298,-0.03099961,0.01581144,0.9993944,0.14,1.811587,3.74,0,-0.6727939,0,0.73983,-0.9955062,0,0.09469664
saccade,4.8179,0.01811322,0.03968406,-0.03713833,-0.06095944,-0.04111947,-0.01712867,-0.9971458,0.08409253,-0.1201623,0.9891863,0.08729224,0.04162765,-0.03653892,0.008227879,0.01521451,-0.01531505,-0.9997331,-0.03067291,0.01598534,0.9994016,0.14,1.811587,3.74,0,-0.6727939,0,0.73983,-0.9955062,0,0.09469664
saccade,4.8286,0.0181278,0.03968585,-0.03713478,-0.06086252,-0.04128216,-0.01706712,-0.9971461,0.08440618,-0.1199685,0.9891831,0.08730709,0.04162073,-0.03653874,0.008263108,0.01519004,-0.0152532,-0.9997342,-0.03062408,0.01605843,0.999402,0.14,1.811587,3.74,0,-0.6727939,0,0.73983,-0.9955062,0,0.09469664
saccade,4.8408,0.01812261,0.03964794,-0.03714547,-0.06085885,-0.04138252,-0.01707115,-0.9971421,0.08460637,-0.1199569,0.9891674,0.08730198,0.04158425,-0.03656328,0.008266387,0.01509015,-0.01526445,-0.9997355,-0.03042467,0.01606771,0.9994079,0.14,1.811587,3.74,0,-0.6727939,0,0.73983,-0.9955062,0,0.09469664
saccade,4.8516,0.01812923,0.03960669,-0.03715337,-0.06087359,-0.04144329,-0.01712267,-0.9971378,0.08473397,-0.1199795,0.9891537,0.08730847,0.04155052,-0.03657913,0.008027635,0.0145593,-0.01533345,-0.9997442,-0.02935733,0.01560467,0.9994472,0.14,1.811587,3.74,0,-0.6727939,0,0.73983,-0.9955062,0,0.09469664
saccade,4.8625,0.01813875,0.03955913,-0.03715439,-0.06077622,-0.04170829,-0.01721276,-0.9971311,0.08526953,-0.1197679,0.9891334,0.08731771,0.04151487,-0.03658795,0.007965776,0.0145029,-0.01541927,-0.9997442,-0.02924403,0.01548023,0.9994524,0.14,1.811587,3.74,0,-0.6727939,0,0.73983,-0.9955062,0,0.09469664
saccade,4.8733,0.01814773,0.03952348,-0.03714753,-0.06088988,-0.04169739,-0.01723556,-0.9971242,0.08525389,-0.1199922,0.9891075,0.0873266,0.04148149,-0.03657925,0.007862373,0.01406544,-0.01544772,-0.9997509,-0.02836678,0.01528627,0.9994807,0.14,1.811587,3.74,0,-0.6727939,0,0.73983,-0.9955062,0,0.09469664
saccade,4.8850,0.01809423,0.03950322,-0.03714008,-0.06084788,-0.04168868,-0.01733991,-0.9971253,0.08524787,-0.1199002,0.9891192,0.08727267,0.04147577,-0.03656976,0.007898568,0.01408148,-0.01555334,-0.9997487,-0.02840158,0.01535514,0.9994786,0.14,1.811587,3.74,0,-0.6727939,0,0.73983,-0.9955062,0,0.09469664
saccade,4.8961,0.0180878,0.03947568,-0.03713212,-0.06058354,-0.04204946,-0.01732315,-0.9971266,0.08595625,-0.119362,0.9891229,0.08726639,0.04144406,-0.03656438,0.007764088,0.01406087,-0.01552217,-0.9997506,-0.02835576,0.01508779,0.999484,0.14,1.811587,3.74,0,-0.6727939,0,0.73983,-0.9955062,0,0.09469664
saccade,4.9069,0.0180775,0.03946865,-0.03712799,-0.06056436,-0.0420128,-0.01733124,-0.9971291,0.08588368,-0.1193247,0.9891338,0.08725601,0.04143798,-0.03655513,0.007782873,0.01409811,-0.01552874,-0.9997498,-0.02843089,0.015124,0.9994813,0.14,1.811587,3.74,0,-0.6727939,0,0.73983,-0.9955062,0,0.09469664
saccade,4.9185,0.01806698,0.0394572,-0.03711962,-0.0605645,-0.04198496,-0.01733214,-0.9971303,0.08582837,-0.119326,0.9891384,0.08724546,0.04142642,-0.03654291,0.007688696,0.01370912,-0.01553995,-0.9997557,-0.02765051,0.01494756,0.9995059,0.14,1.811587,3.74,0,-0.6727939,0,0.73983,-0.9955062,0,0.09469664
saccade,4.9290,0.01805527,0.03946304,-0.03714912,-0.06067609,-0.04162558,-0.01732146,-0.9971388,0.08511496,-0.1195629,0.9891714,0.08723371,0.04143047,-0.03656106,0.007589027,0.01378976,-0.01552588,-0.9997556,-0.02780843,0.01474615,0.9995045,0.14,1.811587,3.74,0,-0.6727939,0,0.73983,-0.9955062,0,0.09469664
saccade,4.9401,0.01803785,0.03946579,-0.03715286,-0.06061696,-0.04155146,-0.01732831,-0.9971454,0.08496647,-0.1194478,0.9891981,0.08721618,0.04143393,-0.03655457,0.007647915,0.01386451,-0.01553079,-0.9997541,-0.02795975,0.01486141,0.9994985,0.14,1.811587,3.74,0,-0.6727939,0,0.73983,-0.9955062,0,0.09469664
saccade,4.9517,0.01802867,0.03945112,-0.03715997,-0.06068176,-0.04146665,-0.01737204,-0.9971442,0.0848048,-0.1195762,0.9891965,0.08720676,0.04142416,-0.0365495,0.007797959,0.01373909,-0.01557017,-0.999754,-0.02771424,0.01516424,0.9995009,0.14,1.811587,3.74,0,-0.6727939,0,0.73983,-0.9955062,0,0.09469664
saccade,4.9623,0.01798059,0.03942919,-0.03715787,-0.06092767,-0.04184095,-0.01755301,-0.9971104,0.08557902,-0.1200344,0.9890743,0.08715791,0.04142368,-0.0365293,0.00771852,0.01387008,-0.01572406,-0.9997504,-0.02797596,0.014997,0.9994961,0.14,1.811587,3.74,0,-0.6727939,0,0.73983,-0.9955062,0,0.09469664
saccade,4.9733,0.01796269,0.0394336,-0.03715973,-0.0608813,-0.04180733,-0.01753238,-0.997115,0.08550821,-0.1199453,0.9890912,0.08714004,0.04142523,-0.03652673,0.007766111,0.01390245,-0.01570369,-0.9997499,-0.02804185,0.0150917,0.9994928,0.14,1.811587,3.74,0,-0.6727939,0,0.73983,-0.9955062,0,0.09469664
saccade,4.9847,0.01796392,0.03945339,-0.03715798,-0.06082549,-0.04179222,-0.01746578,-0.9971202,0.08546846,-0.1198408,0.9891073,0.08714152,0.0414362,-0.03652354,0.007791985,0.01385815,-0.01564106,-0.9997513,-0.02795315,0.01514658,0.9994945,0.14,1.811587,3.74,0,-0.6727939,0,0.73983,-0.9955062,0,0.09469664
saccade,4.9953,0.01796295,0.03947377,-0.03715565,-0.06101945,-0.04202717,-0.0174034,-0.9970996,0.08593445,-0.1202221,0.9890207,0.08714086,0.04144788,-0.03652744,0.00786844,0.01381359,-0.01557948,-0.9997523,-0.02786552,0.01530256,0.9994946,0.14,1.811587,3.74,0,-0.6727939,0,0.73983,-0.9955062,0,0.09469664
saccade,5.0071,0.01797161,0.0394901,-0.0371438,-0.06084148,-0.04210476,-0.01728763,-0.9971092,0.0860697,-0.1198754,0.989051,0.08715002,0.04145014,-0.0365275,0.008052806,0.013729,-0.0154793,-0.9997535,-0.02770055,0.01567661,0.9994934,0.14,1.811587,3.74,0,-0.6727939,0,0.73983,-0.9955062,0,0.09469664
saccade,5.0180,0.01799482,0.03948629,-0.03713677,-0.06096985,-0.04217134,-0.01727613,-0.9970987,0.08620462,-0.1201288,0.9890085,0.08717336,0.04144442,-0.03652963,0.007913931,0.01335534,-0.01547423,-0.9997598,-0.02694919,0.01541073,0.999518,0.14,1.811587,3.74,0,-0.6727939,0,0.73983,-0.9955062,0,0.09469664
saccade,5.0291,0.01801874,0.03947961,-0.0371237,-0.0614761,-0.0424217,-0.01728055,-0.997057,0.08671838,-0.1211242,0.9888422,0.08719736,0.04143882,-0.03652924,0.007980546,0.01326463,-0.01548257,-0.9997603,-0.02677002,0.01554652,0.9995207,0.14,1.811587,3.74,0,-0.6727939,0,0.73983,-0.9955062,0,0.09469664
saccade,5.0399,0.01799873,0.03946245,-0.03710387,-0.06145735,-0.04251406,-0.01731065,-0.9970536,0.08690534,-0.1210807,0.9888311,0.08717732,0.04142666,-0.03652194,0.007997468,0.0131746,-0.01552008,-0.9997608,-0.02659113,0.01558217,0.999525,0.14,1.811587,3.74,0,-0.6727939,0,0.73983,-0.9955062,0,0.09469664
saccade,5.0519,0.01801401,0.03944683,-0.03708859,-0.06147111,-0.04253744,-0.01740842,-0.9970501,0.08696414,-0.1210985,0.9888237,0.08719223,0.04142463,-0.03650904,0.007913245,0.0129258,-0.01562521,-0.999763,-0.02609276,0.0154188,0.9995406,0.14,1.811587,3.74,0,-0.6727939,0,0.73983,-0.9955062,0,0.09469664
saccade,5.0626,0.0180156,0.03943777,-0.03708762,-0.06152799,-0.04284173,-0.01751525,-0.9970317,0.08758448,-0.1211899,0.9887578,0.08719352,0.04142976,-0.03652062,0.007819045,0.01283474,-0.0157281,-0.9997634,-0.02590935,0.01523066,0.9995483,0.14,1.811587,3.74,0,-0.6727939,0,0.73983,-0.9955062,0,0.09469664
saccade,5.0737,0.01804386,0.03941619,-0.03706775,-0.06154046,-0.04288314,-0.01753343,-0.9970288,0.08766948,-0.1212115,0.9887476,0.08722174,0.04141104,-0.0365063,0.007805478,0.01279459,-0.01574844,-0.9997637,-0.02582898,0.01520428,0.9995508,0.14,1.811587,3.74,0,-0.6727939,0,0.73983,-0.9955062,0,0.09469664
saccade,5.0848,0.01800388,0.03940499,-0.03705866,-0.06151653,-0.04287062,-0.01745812,-0.9970322,0.0876347,-0.121171,0.9887556,0.08718205,0.04138947,-0.03649616,0.007603553,0.01255326,-0.01568181,-0.9997693,-0.0253392,0.01480988,0.9995692,0.14,1.811587,3.74,0,-0.6727939,0,0.73983,-0.9955062,0,0.09469664
saccade,5.0956,0.0180006,0.03941202,-0.03704435,-0.06156743,-0.04285521,-0.01747406,-0.9970294,0.08760748,-0.1212714,0.9887457,0.08717869,0.04139864,-0.03647968,0.007610823,0.01256916,-0.01569695,-0.9997689,-0.02537144,0.01482353,0.9995682,0.14,1.811587,3.74,0,-0.6727939,0,0.73983,-0.9955062,0,0.09469664
saccade,5.1067,0.01799898,0.03941596,-0.03703044,-0.06156189,-0.04281214,-0.01744349,-0.9970321,0.08751787,-0.1212648,0.9887545,0.08717716,0.04139793,-0.03646008,0.007618132,0.01261008,-0.01566378,-0.9997688,-0.02545299,0.0148377,0.9995659,0.14,1.811587,3.74,0,-0.6727939,0,0.73983,-0.9955062,0,0.09469664
saccade,5.1182,0.0179737,0.03942442,-0.03703987,-0.06156195,-0.0427753,-0.01743713,-0.9970338,0.08744377,-0.1212669,0.9887608,0.08715187,0.0414052,-0.03646447,0.007671693,0.01230159,-0.01566447,-0.9997723,-0.02483792,0.0149545,0.9995796,0.14,1.811587,3.74,0,-0.6727939,0,0.73983,-0.9955062,0,0.09469664
saccade,5.1289,0.01796119,0.03943312,-0.0370464,-0.06207267,-0.0428875,-0.01742136,-0.9969976,0.08768025,-0.1222783,0.9886153,0.08713942,0.0414108,-0.03646832,0.007656805,0.01232061,-0.01564143,-0.9997724,-0.02487515,0.0149247,0.9995791,0.14,1.811587,3.74,0,-0.6727939,0,0.73983,-0.9955062,0,0.09469664
saccade,5.1401,0.01797311,0.03944099,-0.03703344,-0.0621177,-0.04285536,-0.01747187,-0.9969953,0.0876238,-0.1223646,0.9886096,0.08715113,0.04142511,-0.03645042,0.007609008,0.012356,-0.01568704,-0.9997717,-0.02494509,0.01482688,0.9995789,0.14,1.811587,3.74,0,-0.6727939,0,0.73983,-0.9955062,0,0.09469664
saccade,5.1516,0.01798379,0.03943861,-0.03702639,-0.06210139,-0.04290881,-0.01740914,-0.9969952,0.087722,-0.1223356,0.9886045,0.08716211,0.04141462,-0.03645133,0.008328676,0.01509098,-0.01554686,-0.9997306,-0.0304328,0.01618363,0.9994058,0.14,1.811587,3.74,0,-0.6727939,0,0.73983,-0.9955062,0,0.09469664
saccade,5.1622,0.01796654,0.03940773,-0.0370197,-0.06199952,-0.04284657,-0.0174246,-0.9970039,0.08759703,-0.1221344,0.9886405,0.08714472,0.04138601,-0.03643602,0.008429779,0.01515469,-0.0155636,-0.9997285,-0.03056354,0.01638326,0.9993985,0.14,1.811587,3.74,0,-0.6727939,0,0.73983,-0.9955062,0,0.09469664
saccade,5.1734,0.01797233,0.03941298,-0.03701075,-0.0610107,-0.03483566,-0.01715075,-0.9973816,0.07158164,-0.120507,0.9901283,0.08715077,0.04138482,-0.03643664,0.00838973,0.01508458,-0.01551817,-0.9997306,-0.03042142,0.01630677,0.9994041,0.14,1.811587,3.74,0,-0.6727939,0,0.73983,-0.9955062,0,0.09469664
saccade,5.1846,0.0179799,0.03941965,-0.03700116,-0.06096476,-0.03487115,-0.01714747,-0.9973832,0.07165057,-0.1204145,0.9901346,0.08715837,0.04139173,-0.03643205,0.01890435,0.04602375,-0.01459018,-0.9986549,-0.09247532,0.03641485,0.9950489,0.14,1.811587,3.74,0,-0.6727939,0,0.73983,-0.9955062,0,0.09469664
saccade,5.1959,0.01798472,0.03942311,-0.03699956,-0.06091208,-0.03491231,-0.0171288,-0.9973853,0.07172875,-0.1203096,0.9901417,0.0871633,0.04139316,-0.03643637,0.01895836,0.04598153,-0.01457915,-0.998656,-0.09239226,0.03652501,0.9950526,0.14,1.811587,3.74,0,-0.6727939,0,0.73983,-0.9955062,0,0.09469664
saccade,5.2069,0.01799754,0.03942049,-0.03700302,-0.05371517,0.005050547,-0.01599985,-0.9984154,-0.008366219,-0.1074217,0.9941784,0.08717611,0.04139185,-0.03644488,0.0190197,0.04594601,-0.01459079,-0.9986563,-0.09232356,0.03664751,0.9950544,0.14,1.811587,3.74,0,-0.6727939,0,0.73983,-0.9955062,0,0.09469664
saccade,5.2181,0.01801154,0.03940988,-0.03698823,-0.05366287,0.005020841,-0.01602897,-0.9984179,-0.008305472,-0.1073169,0.9941902,0.08719003,0.04138541,-0.03643408,0.03353505,0.07325362,-0.01377369,-0.9966543,-0.1469409,0.06482776,0.9870186,0.14,1.811587,3.74,0,-0.6727939,0,0.73983,-0.9955062,0,0.09469664
saccade,5.2290,0.01801251,0.03939378,-0.03697444,-0.05363886,0.004949877,-0.01599958,-0.9984199,-0.008167712,-0.1072666,0.9941968,0.08719118,0.04136586,-0.03643036,0.03356092,0.07318058,-0.01375234,-0.996659,-0.1467952,0.06488478,0.9870365,0.14,1.811587,3.74,0,-0.6727939,0,0.73983,-0.9955062,0,0.09469664
saccade,5.2408,0.01800837,0.03943527,-0.03695975,-0.04691062,0.04098195,-0.01500144,-0.9979454,-0.08038805,-0.09485805,0.9922398,0.08718695,0.04141402,-0.03642719,0.03354771,0.07309913,-0.0138035,-0.9966647,-0.1466368,0.06485358,0.9870622,0.14,1.811587,3.74,0,-0.6727939,0,0.73983,-0.9955062,0,0.09469664
saccade,5.2517,0.01800943,0.03942037,-0.03695493,-0.04697882,0.04107491,-0.01503583,-0.9979378,-0.08056767,-0.09499908,0.9922117,0.08718777,0.04140377,-0.03640914,0.03907043,0.08523838,-0.01345151,-0.9955034,-0.1707613,0.07549632,0.9824159,0.14,1.811587,3.74,0,-0.6727939,0,0.73983,-0.9955062,0,0.09469664
saccade,5.2625,0.01800949,0.03939831,-0.03694243,-0.04242326,0.05405601,-0.01470005,-0.997528,-0.1065975,-0.08622604,0.9905564,0.08718762,0.04138863,-0.03639426,0.03907222,0.0852575,-0.0135012,-0.995501,-0.1708029,0.07549071,0.9824091,0.14,1.811587,3.74,0,-0.6727939,0,0.73983,-0.9955062,0,0.09469664
saccade,5.2736,0.01800172,0.03937018,-0.03693475,-0.04242932,0.05405234,-0.01468508,-0.9975282,-0.1065913,-0.08623642,0.9905562,0.08717991,0.04135847,-0.03638716,0.03906662,0.08525264,-0.01348641,-0.9955019,-0.1707921,0.07548229,0.9824116,0.14,1.811587,3.74,0,-0.6727939,0,0.73983,-0.9955062,0,0.09469664
saccade,5.2877,0.0179521,0.0393604,-0.03692282,-0.04253057,0.05413991,-0.01466183,-0.9975195,-0.1067641,-0.08643772,0.9905201,0.08713027,0.0413456,-0.03636301,0.04121825,0.09309963,-0.01321344,-0.9947155,-0.1863046,0.07954054,0.979267,0.14,1.811587,3.74,0,-0.6727939,0,0.73983,-0.9955062,0,0.09469664
saccade,5.3017,0.01792897,0.03935397,-0.03691973,-0.04155959,0.06136439,-0.01456171,-0.9971435,-0.1211679,-0.08466889,0.9890144,0.08710669,0.04135597,-0.03636468,0.04111078,0.09306895,-0.01332773,-0.9947214,-0.1862512,0.07930674,0.9792961,0.14,1.811587,3.74,0,-0.6727939,0,0.73983,-0.9955062,0,0.09469664
saccade,5.3086,0.01791941,0.0393424,-0.03691998,-0.04150449,0.06142227,-0.01450065,-0.9971431,-0.1212899,-0.08455317,0.9890094,0.08709734,0.04133534,-0.03635739,0.04303808,0.09726418,-0.01313234,-0.9942409,-0.1945384,0.08302583,0.9773748,0.14,1.811587,3.74,0,-0.6727939,0,0.73983,-0.9955062,0,0.09469664
saccade,5.3178,0.0178923,0.03933275,-0.03694037,-0.0414902,0.06148162,-0.01453076,-0.9971396,-0.1214058,-0.08452979,0.9889972,0.08707006,0.04132926,-0.03636941,0.04305128,0.09732564,-0.01315777,-0.994234,-0.1946618,0.08304493,0.9773486,0.14,1.811587,3.74,0,-0.6727939,0,0.73983,-0.9955062,0,0.09469664
saccade,5.3291,0.01787545,0.03932238,-0.03695007,-0.04056273,0.06589921,-0.01442995,-0.996897,-0.1302188,-0.08277559,0.9880239,0.08705303,0.04132283,-0.03637224,0.04304903,0.09737626,-0.01318332,-0.9942288,-0.1947636,0.08303368,0.9773293,0.14,1.811587,3.74,0,-0.6727939,0,0.73983,-0.9955062,0,0.09469664
saccade,5.3402,0.01784968,0.03931808,-0.03696654,-0.0406944,0.06592192,-0.01442679,-0.9968902,-0.1302596,-0.08303778,0.9879965,0.08702722,0.04131901,-0.03638526,0.04291755,0.09739915,-0.01317423,-0.9942324,-0.1948056,0.08277372,0.977343,0.14,1.811587,3.74,0,-0.6727939,0,0.73983,-0.9955062,0,0.09469664
saccade,5.3512,0.01783913,0.03931797,-0.03697431,-0.04068621,0.06605398,-0.01447372,-0.9968812,-0.1305182,-0.08303074,0.987963,0.08701634,0.04132462,-0.03637449,0.04457503,0.09980913,-0.01313433,-0.9939209,-0.1995757,0.08598626,0.9761024,0.14,1.811587,3.74,0,-0.6727939,0,0.73983,-0.9955062,0,0.09469664
saccade,5.3618,0.01782702,0.03930509,-0.03701893,-0.04059075,0.07001173,-0.01435865,-0.9966166,-0.1383841,-0.08291738,0.9869015,0.08700426,0.04131174,-0.03642158,0.04460497,0.09979197,-0.01313883,-0.9939212,-0.1995428,0.08604535,0.9761039,0.14,1.811587,3.74,0,-0.6727939,0,0.73983,-0.9955062,0,0.09469664
saccade,5.3732,0.01781999,0.03930545,-0.03704318,-0.04057575,0.07004841,-0.01446432,-0.9966131,-0.1384485,-0.08290305,0.9868937,0.08699676,0.04132652,-0.0364402,0.0446168,0.09983733,-0.01324135,-0.9939148,-0.1996412,0.08604664,0.9760837,0.14,1.811587,3.74,0,-0.6727939,0,0.73983,-0.9955062,0,0.09469664
saccade,5.3847,0.01781414,0.03930986,-0.03706096,-0.0405409,0.07002155,-0.01448813,-0.9966161,-0.1383945,-0.08283639,0.9869068,0.08699085,0.04133391,-0.03646165,0.04664841,0.1015541,-0.01320697,-0.993648,-0.2030503,0.09002176,0.9750214,0.14,1.811587,3.74,0,-0.6727939,0,0.73983,-0.9955062,0,0.09469664
saccade,5.3956,0.01781199,0.03931916,-0.03707679,-0.03934134,0.07360487,-0.01433957,-0.996408,-0.1455527,-0.08051098,0.9860691,0.0869889,0.04133761,-0.03648134,0.04669429,0.1015252,-0.01317195,-0.9936492,-0.2029909,0.09012093,0.9750246,0.14,1.811587,3.74,0,-0.6727939,0,0.73983,-0.9955062,0,0.09469664
saccade,5.4070,0.01781566,0.03933382,-0.03710283,-0.03921407,0.07356839,-0.01438838,-0.9964151,-0.1454809,-0.08026404,0.9860999,0.08699244,0.04135811,-0.0365125,0.04682011,0.1014924,-0.01322715,-0.993646,-0.2029337,0.09036031,0.9750143,0.14,1.811587,3.74,0,-0.6727939,0,0.73983,-0.9955062,0,0.09469664
saccade,5.4182,0.01782458,0.03934705,-0.03711177,-0.03915472,0.07354897,-0.01439127,-0.9964188,-0.1454442,-0.08014592,0.9861149,0.0870014,0.04137135,-0.03652426,0.04794815,0.1028399,-0.01318779,-0.9934541,-0.2055981,0.0925561,0.9742498,0.14,1.811587,3.74,0,-0.6727939,0,0.73983,-0.9955062,0,0.09469664
saccade,5.4287,0.01783848,0.03935826,-0.03711008,-0.03911352,0.0735548,-0.01445328,-0.9964191,-0.1454522,-0.08007313,0.9861196,0.08701505,0.04139066,-0.03652154,0.04798749,0.1028509,-0.0132502,-0.9934502,-0.2056262,0.09262078,0.9742378,0.14,1.811587,3.74,0,-0.6727939,0,0.73983,-0.9955062,0,0.09469664
saccade,5.4399,0.017843,0.03935504,-0.0371112,-0.03833574,0.07572013,-0.01437347,-0.9962883,-0.1497761,-0.07856362,0.9855937,0.0870197,0.04138505,-0.03652938,0.04808223,0.1028032,-0.0132437,-0.9934506,-0.2055334,0.09281165,0.9742392,0.14,1.811587,3.74,0,-0.6727939,0,0.73983,-0.9955062,0,0.09469664
saccade,5.4510,0.01784812,0.03934598,-0.03710464,-0.03833361,0.0756631,-0.01435099,-0.9962929,-0.149665,-0.0785547,0.9856113,0.08702496,0.04137301,-0.03653084,0.04901204,0.1042598,-0.01317731,-0.9932543,-0.2084047,0.0946151,0.9734554,0.14,1.811587,3.74,0,-0.6727939,0,0.73983,-0.9955062,0,0.09469664
saccade,5.4619,0.01786476,0.03933144,-0.03709091,-0.03842484,0.07560194,-0.01437533,-0.9962938,-0.1495388,-0.07873847,0.9856157,0.08704154,0.04136312,-0.03652526,0.04892018,0.1042016,-0.01320439,-0.9932646,-0.2082915,0.09442955,0.9734977,0.14,1.811587,3.74,0,-0.6727939,0,0.73983,-0.9955062,0,0.09469664
saccade,5.4731,0.01788056,0.03930521,-0.03707489,-0.03764196,0.07749753,-0.01428994,-0.9961792,-0.153327,-0.07721114,0.9851544,0.08705748,0.04133368,-0.03651462,0.0488898,0.1041614,-0.01318065,-0.9932706,-0.2082096,0.09437577,0.9735204,0.14,1.811587,3.74,0,-0.6727939,0,0.73983,-0.9955062,0,0.09469664
saccade,5.4844,0.01787912,0.0392766,-0.03708085,-0.03773778,0.07748803,-0.01431982,-0.9961759,-0.1533026,-0.07740616,0.9851429,0.08705589,0.04131019,-0.0365215,0.04862414,0.1052187,-0.01317779,-0.9931722,-0.2102821,0.0938112,0.9731295,0.14,1.811587,3.74,0,-0.6727939,0,0.73983,-0.9955062,0,0.09469664
saccade,5.4958,0.01788738,0.03925908,-0.03707298,-0.03783753,0.07749633,-0.01430558,-0.9961717,-0.1533167,-0.07760262,0.9851253,0.08706417,0.04129159,-0.03651232,0.04852487,0.1052263,-0.0131602,-0.9931765,-0.2102938,0.09361793,0.9731455,0.14,1.811587,3.74,0,-0.6727939,0,0.73983,-0.9955062,0,0.09469664
saccade,5.5064,0.01789974,0.03923857,-0.0370592,-0.03776103,0.07874846,-0.01427464,-0.9960768,-0.155801,-0.07747398,0.9847456,0.08707648,0.041273,-0.03649853,0.04842772,0.1052255,-0.0131644,-0.9931813,-0.210291,0.09342454,0.9731647,0.14,1.811587,3.74,0,-0.6727939,0,0.73983,-0.9955062,0,0.09469664
saccade,5.5178,0.01788976,0.03921819,-0.03703951,-0.03778318,0.07872176,-0.01425074,-0.9960784,-0.1557492,-0.07751372,0.9847506,0.08706661,0.04124975,-0.0364826,0.04896206,0.1062176,-0.01310922,-0.9930502,-0.2122426,0.0944587,0.9726411,0.14,1.811587,3.74,0,-0.6727939,0,0.73983,-0.9955062,0,0.09469664
saccade,5.5290,0.01788049,0.03920126,-0.03702468,-0.03793693,0.07880775,-0.01418661,-0.9960667,-0.1559192,-0.07781145,0.9847003,0.08705747,0.04122508,-0.0364558,0.04881021,0.1062984,-0.01303375,-0.99305,-0.2123917,0.09417102,0.9726364,0.14,1.811587,3.74,0,-0.6727939,0,0.73983,-0.9955062,0,0.09469664
saccade,5.5399,0.0178955,0.03917658,-0.03701816,-0.03759147,0.08017395,-0.01423891,-0.9959701,-0.1586312,-0.07716314,0.984318,0.08707218,0.04121208,-0.03645498,0.04895342,0.106264,-0.01313553,-0.9930453,-0.2123361,0.09443426,0.9726231,0.14,1.811587,3.74,0,-0.6727939,0,0.73983,-0.9955062,0,0.09469664
saccade,5.5508,0.01789844,0.03917062,-0.03701076,-0.03759963,0.08018867,-0.0143063,-0.9959676,-0.1586548,-0.07719043,0.9843121,0.08707482,0.04121542,-0.03644518,0.04917996,0.1069849,-0.01317901,-0.9929562,-0.213759,0.09484718,0.9722711,0.14,1.811587,3.74,0,-0.6727939,0,0.73983,-0.9955062,0,0.09469664
saccade,5.5624,0.01785215,0.03917313,-0.0370137,-0.0375988,0.08024029,-0.01426886,-0.995964,-0.1587599,-0.07718398,0.9842957,0.08702864,0.04121256,-0.03644115,0.04918178,0.107033,-0.01313724,-0.9929515,-0.2138494,0.09485801,0.9722502,0.14,1.811587,3.74,0,-0.6727939,0,0.73983,-0.9955062,0,0.09469664
saccade,5.5730,0.01786008,0.03918159,-0.03701075,-0.03728357,0.08146603,-0.01430826,-0.9958758,-0.1611932,-0.07659088,0.9839464,0.08703629,0.04122984,-0.03643477,0.04932608,0.1070631,-0.01321395,-0.9929401,-0.2139181,0.09512622,0.9722089,0.14,1.811587,3.74,0,-0.6727939,0,0.73983,-0.9955062,0,0.09469664
saccade,5.5842,0.01786554,0.03918207,-0.03700427,-0.03720747,0.08150536,-0.01432257,-0.9958752,-0.1612725,-0.07644273,0.983945,0.08704167,0.04123139,-0.03642295,0.05014124,0.107544,-0.01321007,-0.9928473,-0.2148742,0.09672385,0.9718403,0.14,1.811587,3.74,0,-0.6727939,0,0.73983,-0.9955062,0,0.09469664
saccade,5.5952,0.01786936,0.03918087,-0.03700358,-0.03697036,0.0823,-0.01428935,-0.9958192,-0.1628553,-0.07598361,0.9837198,0.08704554,0.04122841,-0.03642096,0.05017347,0.1075531,-0.01320053,-0.9928448,-0.2148917,0.09678942,0.9718299,0.14,1.811587,3.74,0,-0.6727939,0,0.73983,-0.9955062,0,0.09469664
saccade,5.6069,0.01789301,0.03917408,-0.03702189,-0.03697324,0.08237086,-0.01432491,-0.9958127,-0.1629926,-0.07599675,0.983696,0.08706895,0.04122615,-0.03642926,0.05016968,0.1076266,-0.01322965,-0.9928366,-0.2150388,0.09677287,0.971799,0.14,1.811587,3.74,0,-0.6727939,0,0.73983,-0.9955062,0,0.09469664
saccade,5.6184,0.01791234,0.03914177,-0.03703268,-0.03700994,0.08237552,-0.0143173,-0.995811,-0.1630011,-0.07606861,0.9836891,0.08708829,0.04119325,-0.03643935,0.05059017,0.1081638,-0.01320268,-0.9927573,-0.2160967,0.09759141,0.9714825,0.14,1.811587,3.74,0,-0.6727939,0,0.73983,-0.9955062,0,0.09469664
saccade,5.6293,0.01792776,0.03913701,-0.03702784,-0.03709735,0.0825949,-0.01429194,-0.9957899,-0.163434,-0.07624321,0.9836037,0.08710375,0.04118598,-0.03642956,0.05053944,0.1081976,-0.01317832,-0.9927565,-0.2161597,0.09749499,0.9714781,0.14,1.811587,3.74,0,-0.6727939,0,0.73983,-0.9955062,0,0.09469664
saccade,5.6402,0.01789778,0.03915882,-0.03697883,-0.03702896,0.08255994,-0.01419483,-0.9957968,-0.1633746,-0.0760905,0.9836254,0.08707423,0.04119384,-0.03638607,0.05061028,0.1081539,-0.0130864,-0.9927588,-0.2160661,0.09765691,0.9714827,0.14,1.811587,3.74,0,-0.6727939,0,0.73983,-0.9955062,0,0.09469664
saccade,5.6511,0.01790656,0.0391922,-0.03696179,-0.03696962,0.08251426,-0.0140562,-0.9958048,-0.1632969,-0.07594872,0.9836493,0.08708364,0.04120779,-0.0363762,0.05067315,0.108096,-0.01295386,-0.9927636,-0.2159405,0.09781239,0.971495,0.14,1.811587,3.74,0,-0.6727939,0,0.73983,-0.9955062,0,0.09469664
saccade,5.6624,0.01792682,0.0392288,-0.03694195,-0.03661445,0.08303444,-0.01380847,-0.9957781,-0.1643566,-0.07521288,0.9835293,0.08710484,0.04121292,-0.03635908,0.05057897,0.10877,-0.01270357,-0.9926981,-0.2172367,0.09765576,0.9712217,0.14,1.811587,3.74,0,-0.6727939,0,0.73983,-0.9955062,0,0.09469664
saccade,5.6730,0.01794475,0.03925991,-0.03693599,-0.03654221,0.08295229,-0.01373345,-0.9957886,-0.1642022,-0.07505507,0.9835672,0.08712317,0.04123342,-0.03636507,0.05065309,0.1086814,-0.01263788,-0.9927049,-0.2170575,0.09782013,0.9712452,0.14,1.811587,3.74,0,-0.6727939,0,0.73983,-0.9955062,0,0.09469664
saccade,5.6862,0.01791361,0.03927469,-0.03695073,-0.03659284,0.0828744,-0.01378367,-0.9957926,-0.1640427,-0.07516238,0.9835856,0.08709189,0.04125595,-0.03639024,0.05092757,0.1093252,-0.01267063,-0.9926197,-0.2183272,0.09833299,0.9709088,0.14,1.811587,3.74,0,-0.6727939,0,0.73983,-0.9955062,0,0.09469664
saccade,5.6957,0.01792984,0.03929055,-0.03696131,-0.03665337,0.08298284,-0.01388528,-0.9957799,-0.1642474,-0.07530186,0.9835408,0.08710759,0.04128599,-0.03638513,0.05086439,0.1094421,-0.0127607,-0.9926089,-0.2185646,0.09818377,0.9708704,0.14,1.811587,3.74,0,-0.6727939,0,0.73983,-0.9955062,0,0.09469664
saccade,5.7066,0.01792884,0.03929651,-0.03698796,-0.03631538,0.08339605,-0.01392841,-0.9957572,-0.1650728,-0.07464574,0.9834526,0.08710643,0.04130018,-0.03642227,0.05087917,0.1093703,-0.01282625,-0.9926152,-0.2184304,0.09820125,0.9708989,0.14,1.811587,3.74,0,-0.6727939,0,0.73983,-0.9955062,0,0.09469664
saccade,5.7178,0.01791771,0.03931522,-0.03698644,-0.03633535,0.08339738,-0.01396624,-0.9957558,-0.1650719,-0.07469177,0.9834492,0.08709514,0.04132438,-0.03642033,0.05129157,0.1102572,-0.01283495,-0.9924958,-0.2201762,0.09898305,0.9704251,0.14,1.811587,3.74,0,-0.6727939,0,0.73983,-0.9955062,0,0.09469664
saccade,5.7286,0.01789982,0.03934288,-0.036987,-0.03635017,0.08337025,-0.0139649,-0.9957575,-0.1650179,-0.07472043,0.9834561,0.08707727,0.04135215,-0.03642462,0.05127681,0.1102302,-0.01283562,-0.9924995,-0.2201231,0.09895467,0.97044,0.14,1.811587,3.74,0,-0.6727939,0,0.73983,-0.9955062,0,0.09469664
saccade,5.7401,0.0178944,0.03937161,-0.03698801,-0.03621894,0.08337093,-0.01392051,-0.9957629,-0.165027,-0.07445209,0.983475,0.08707206,0.04137301,-0.03642311,0.05141487,0.1102474,-0.01279239,-0.9924911,-0.2201546,0.09923694,0.970404,0.14,1.811587,3.74,0,-0.6727939,0,0.73983,-0.9955062,0,0.09469664
saccade,5.7508,0.01787985,0.03939736,-0.03699218,-0.03614173,0.08324684,-0.01391039,-0.9957762,-0.164785,-0.07429413,0.9835275,0.08705769,0.04139721,-0.03644475,0.05155212,0.1103166,-0.01278926,-0.9924762,-0.2202918,0.09950677,0.9703453,0.14,1.811587,3.74,0,-0.6727939,0,0.73983,-0.9955062,0,0.09469664
saccade,5.7621,0.0178722,0.03939247,-0.03703076,-0.03603568,0.08325824,-0.01387995,-0.9957795,-0.1648134,-0.07407841,0.983539,0.08705018,0.04138696,-0.03648216,0.05165888,0.1103246,-0.01276073,-0.9924702,-0.2203062,0.09972416,0.9703197,0.14,1.811587,3.74,0,-0.6727939,0,0.73983,-0.9955062,0,0.09469664
saccade,5.7733,0.01785247,0.03937864,-0.03704514,-0.03606658,0.08319724,-0.01389142,-0.9957834,-0.1646908,-0.07414047,0.9835548,0.08703048,0.04137361,-0.03649934,0.05175595,0.1103062,-0.01277477,-0.992467,-0.2202728,0.09991388,0.9703077,0.14,1.811587,3.74,0,-0.6727939,0,0.73983,-0.9955062,0,0.09469664
saccade,5.7849,0.01783689,0.03937113,-0.03705564,-0.03614897,0.08322887,-0.01406948,-0.9957752,-0.1647373,-0.07433446,0.9835324,0.08701412,0.04139125,-0.03650439,0.05144048,0.1107542,-0.01293625,-0.9924314,-0.2211628,0.09923682,0.9701748,0.14,1.811587,3.74,0,-0.6727939,0,0.73983,-0.9955062,0,0.09469664
saccade,5.7957,0.01780806,0.03934026,-0.03706222,-0.03612959,0.08331463,-0.014081,-0.9957686,-0.1649067,-0.07429972,0.9835066,0.08698517,0.04136145,-0.03649905,0.05145952,0.1108403,-0.01294067,-0.9924207,-0.2213322,0.09927028,0.9701327,0.14,1.811587,3.74,0,-0.6727939,0,0.73983,-0.9955062,0,0.09469664
saccade,5.8073,0.01777283,0.03932023,-0.03708556,-0.03622463,0.08318169,-0.01415555,-0.9957752,-0.164635,-0.07449813,0.9835371,0.08694958,0.04135096,-0.03651356,0.05142285,0.1109067,-0.01300282,-0.9924144,-0.2214681,0.09918135,0.9701108,0.14,1.811587,3.74,0,-0.6727939,0,0.73983,-0.9955062,0,0.09469664
saccade,5.8175,0.01774576,0.03929949,-0.03709804,-0.03628946,0.08327814,-0.01419426,-0.9957643,-0.1648206,-0.07463565,0.9834957,0.08692224,0.04133582,-0.0365123,0.05184533,0.1110513,-0.01302748,-0.992376,-0.2217602,0.1000067,0.9699593,0.14,1.811587,3.74,0,-0.6727939,0,0.73983,-0.9955062,0,0.09469664
saccade,5.8287,0.01771673,0.03928268,-0.0371113,-0.03636866,0.08332188,-0.01423818,-0.995757,-0.164901,-0.07480142,0.9834695,0.08689296,0.04132557,-0.03651908,0.05176498,0.1110991,-0.01306519,-0.9923743,-0.2218565,0.09983741,0.9699547,0.14,1.811587,3.74,0,-0.6727939,0,0.73983,-0.9955062,0,0.09469664
saccade,5.8403,0.01768148,0.03927708,-0.03710085,-0.03637919,0.08329389,-0.01421597,-0.9957593,-0.164847,-0.07481804,0.9834774,0.08685771,0.04131734,-0.03649935,0.05165963,0.111163,-0.01303195,-0.992373,-0.2219767,0.09963391,0.9699482,0.14,1.811587,3.74,0,-0.6727939,0,0.73983,-0.9955062,0,0.09469664
saccade,5.8513,0.01765318,0.03926325,-0.03708698,-0.03640638,0.08335667,-0.01417626,-0.9957536,-0.1649732,-0.07486694,0.9834525,0.08682948,0.04129803,-0.03647689,0.05163357,0.111222,-0.01298612,-0.9923684,-0.2220875,0.09959036,0.9699273,0.14,1.811587,3.74,0,-0.6727939,0,0.73983,-0.9955062,0,0.09469664
saccade,5.8620,0.01763657,0.03925741,-0.03708692,-0.03641157,0.08337981,-0.01426887,-0.9957502,-0.1650118,-0.07489312,0.983444,0.08681247,0.04130495,-0.03647316,0.05168786,0.111001,-0.01308336,-0.992389,-0.2216649,0.09968439,0.9700143,0.14,1.811587,3.74,0,-0.6727939,0,0.73983,-0.9955062,0,0.09469664
saccade,5.8731,0.01762818,0.03926587,-0.03708047,-0.03643994,0.08304965,-0.01430136,-0.9957763,-0.1643555,-0.0749475,0.9835498,0.08680399,0.04131532,-0.03646246,0.05176913,0.1110335,-0.01310419,-0.9923809,-0.2217319,0.09983937,0.969983,0.14,1.811587,3.74,0,-0.6727939,0,0.73983,-0.9955062,0,0.09469664
saccade,5.8843,0.01760992,0.03930664,-0.03710312,-0.03619955,0.08305269,-0.01432053,-0.9957845,-0.1643684,-0.07447261,0.9835837,0.08678572,0.04135633,-0.03648521,0.04900442,0.1111784,-0.01314006,-0.9925045,-0.2219779,0.09435244,0.9704759,0.14,1.811587,3.74,0,-0.6727939,0,0.73983,-0.9955062,0,0.09469664
saccade,5.8953,0.0176065,0.03931296,-0.03708754,-0.03624216,0.08305787,-0.01431851,-0.9957826,-0.1643773,-0.07455715,0.9835758,0.08678229,0.04136264,-0.03646881,0.04896191,0.1111836,-0.01313644,-0.9925061,-0.2219872,0.09426887,0.9704819,0.14,1.811587,3.74,0,-0.6727939,0,0.73983,-0.9955062,0,0.09469664
saccade,5.9066,0.01760663,0.03932023,-0.03707753,-0.04184137,0.0806205,-0.01452584,-0.9957603,-0.1593418,-0.08567012,0.9834993,0.08678193,0.04138649,-0.03646021,0.0489291,0.111179,-0.01325416,-0.9925067,-0.2219889,0.09417774,0.9704903,0.14,1.811587,3.74,0,-0.6727939,0,0.73983,-0.9955062,0,0.09469664
saccade,5.9176,0.01760949,0.03932333,-0.03706422,-0.04186865,0.08067459,-0.01453915,-0.9957547,-0.1594467,-0.08572769,0.9834772,0.08678468,0.04139137,-0.03643925,0.04890142,0.1112341,-0.01326166,-0.9925018,-0.2220971,0.09411921,0.9704713,0.14,1.811587,3.74,0,-0.6727939,0,0.73983,-0.9955062,0,0.09469664
saccade,5.9288,0.01761803,0.03933156,-0.03704562,-0.04183074,0.08067949,-0.01449498,-0.9957565,-0.1594616,-0.08564535,0.983482,0.08679341,0.04139328,-0.03642032,0.0332445,0.1098715,-0.01333406,-0.9933002,-0.2191574,0.06311347,0.9736461,0.14,1.811587,3.74,0,-0.6727939,0,0.73983,-0.9955062,0,0.09469664
saccade,5.9400,0.01762698,0.03933752,-0.03701946,-0.05118474,0.07677716,-0.0145379,-0.9956275,-0.1513947,-0.1041542,0.9829708,0.08680285,0.04138505,-0.03640221,0.03331249,0.1098112,-0.01324044,-0.9933059,-0.2190344,0.06327108,0.9736636,0.14,1.811587,3.74,0,-0.6727939,0,0.73983,-0.9955062,0,0.09469664
saccade,5.9510,0.0176391,0.03934014,-0.03698199,-0.05119958,0.07668102,-0.01434762,-0.9956369,-0.1512237,-0.1041528,0.9829972,0.08681585,0.04136229,-0.03637935,0.02035795,0.1047257,-0.01326244,-0.9942043,-0.2087774,0.03770209,0.9772362,0.14,1.811587,3.74,0,-0.6727939,0,0.73983,-0.9955062,0,0.09469664
saccade,5.9621,0.01765415,0.03929639,-0.03695888,-0.05121306,0.07662112,-0.01422676,-0.9956425,-0.1511173,-0.1041599,0.9830129,0.08683144,0.04130244,-0.03636535,0.02034784,0.1046575,-0.0131459,-0.9942133,-0.2086387,0.03770854,0.9772655,0.14,1.811587,3.74,0,-0.6727939,0,0.73983,-0.9955062,0,0.09469664
saccade,5.9731,0.01767381,0.03924441,-0.03692336,-0.05597413,0.07309482,-0.01433162,-0.9956499,-0.1439493,-0.1135564,0.9830481,0.08685117,0.04125023,-0.03633675,0.02025827,0.1046064,-0.01313703,-0.9942206,-0.2085359,0.03753395,0.9772942,0.14,1.811587,3.74,0,-0.6727939,0,0.73983,-0.9955062,0,0.09469664
saccade,5.9842,0.01769051,0.03918195,-0.03689321,-0.05608794,0.07305288,-0.01439889,-0.9956456,-0.1438543,-0.1137912,0.9830348,0.0868676,0.04119837,-0.0363116,0.02014221,0.1045703,-0.01320379,-0.9942259,-0.2084649,0.03729036,0.9773187,0.14,1.811587,3.74,0,-0.6727939,0,0.73983,-0.9955062,0,0.09469664
saccade,5.9959,0.01769863,0.03913558,-0.03686483,-0.05615609,0.07301827,-0.01449307,-0.9956429,-0.1437725,-0.1139393,0.9830297,0.08687534,0.04116583,-0.03628711,0.01447233,0.1029033,-0.01336969,-0.9944962,-0.2050609,0.02603379,0.9784029,0.14,1.811587,3.74,0,-0.6727939,0,0.73983,-0.9955062,0,0.09469664
saccade,6.0072,0.01766284,0.03909767,-0.03683354,-0.06054141,0.07012259,-0.0146809,-0.9955913,-0.1378493,-0.1226079,0.9828351,0.08683921,0.04114163,-0.03626254,0.01441906,0.1028557,-0.01346454,-0.9945006,-0.2049685,0.02590972,0.9784256,0.14,1.811587,3.74,0,-0.6727939,0,0.73983,-0.9955062,0,0.09469664
saccade,6.0179,0.01765592,0.03907931,-0.03680758,-0.0605801,0.07008991,-0.01477652,-0.9955899,-0.1377713,-0.1226973,0.9828349,0.08683191,0.0411371,-0.03624022,0.01437716,0.1028305,-0.01356107,-0.9945025,-0.2049204,0.02580726,0.9784384,0.14,1.811587,3.74,0,-0.6727939,0,0.73983,-0.9955062,0,0.09469664
saccade,6.0288,0.01764705,0.03907156,-0.03678991,-0.06059882,0.07012204,-0.01479511,-0.9955862,-0.1378319,-0.1227376,0.9828213,0.08682293,0.04113173,-0.03621789,0.01208042,0.1036411,-0.01356232,-0.994449,-0.2064593,0.02121549,0.9782252,0.14,1.811587,3.74,0,-0.6727939,0,0.73983,-0.9955062,0,0.09469664
saccade,6.0396,0.01764449,0.03905654,-0.03682401,-0.0703745,0.06402001,-0.01498511,-0.9953514,-0.1253357,-0.1420134,0.9818977,0.08682038,0.04111445,-0.03624469,0.01204365,0.1036928,-0.01354083,-0.9944443,-0.2065596,0.0211453,0.9782055,0.14,1.811587,3.74,0,-0.6727939,0,0.73983,-0.9955062,0,0.09469664
saccade,6.0524,0.01762912,0.03904569,-0.0368345,-0.0703683,0.06411368,-0.01497247,-0.995346,-0.1255234,-0.1420015,0.9818755,0.08680498,0.04110086,-0.03624236,0.01205047,0.1037848,-0.0135207,-0.9944349,-0.2067403,0.02116033,0.978167,0.14,1.811587,3.74,0,-0.6727939,0,0.73983,-0.9955062,0,0.09469664
saccade,6.0624,0.01760678,0.0390594,-0.03683974,-0.07034311,0.06423753,-0.01496818,-0.9953399,-0.1257705,-0.1419536,0.9818507,0.08678255,0.04111254,-0.03623057,0.007314973,0.1044077,-0.01351191,-0.9944159,-0.2078471,0.01172675,0.9780911,0.14,1.811587,3.74,0,-0.6727939,0,0.73983,-0.9955062,0,0.09469664
saccade,6.0731,0.01759946,0.03907943,-0.03683782,-0.08225541,0.06049593,-0.01509956,-0.9946589,-0.1178616,-0.1654591,0.9791486,0.0867752,0.04112887,-0.03621192,0.007372303,0.1045286,-0.01348931,-0.9944031,-0.2080861,0.01184204,0.9780388,0.14,1.811587,3.74,0,-0.6727939,0,0.73983,-0.9955062,0,0.09469664
saccade,6.0842,0.01758499,0.03910863,-0.03686497,-0.08218939,0.06046347,-0.01513143,-0.9946659,-0.1177946,-0.1653318,0.9791781,0.08676063,0.04116237,-0.03624338,0.007437021,0.104499,-0.01352681,-0.9944052,-0.20803,0.01196375,0.9780493,0.14,1.811587,3.74,0,-0.6727939,0,0.73983,-0.9955062,0,0.09469664
saccade,6.0957,0.01757931,0.03913283,-0.03686958,-0.08209988,0.06051776,-0.01513697,-0.9946699,-0.1179049,-0.1651567,0.9791944,0.0867549,0.04118609,-0.03624066,0.004287021,0.1048673,-0.01353566,-0.9943849,-0.2086729,0.005687003,0.9779689,0.14,1.811587,3.74,0,-0.6727939,0,0.73983,-0.9955062,0,0.09469664
saccade,6.1074,0.01758637,0.03915083,-0.03686754,-0.08761702,0.05874534,-0.01521117,-0.9943042,-0.114156,-0.1760231,0.9777445,0.08676195,0.04120445,-0.03623794,0.004365249,0.1048734,-0.01354618,-0.9943838,-0.208687,0.005840198,0.9779651,0.14,1.811587,3.74,0,-0.6727939,0,0.73983,-0.9955062,0,0.09469664
saccade,6.1178,0.01761235,0.03916562,-0.03689133,-0.08756866,0.05870766,-0.01518371,-0.9943112,-0.1140881,-0.1759238,0.9777703,0.08678808,0.04121566,-0.03626741,0.002646897,0.103469,-0.01357221,-0.9945366,-0.2058793,0.002456264,0.9785743,0.14,1.811587,3.74,0,-0.6727939,0,0.73983,-0.9955062,0,0.09469664
saccade,6.1288,0.01764276,0.0391773,-0.03690789,-0.0875743,0.05859207,-0.01519657,-0.9943172,-0.1138565,-0.1759341,0.9777954,0.08681853,0.04123044,-0.03629975,0.002640397,0.1033555,-0.01359527,-0.9945481,-0.2056558,0.002441711,0.9786214,0.14,1.811587,3.74,0,-0.6727939,0,0.73983,-0.9955062,0,0.09469664
saccade,6.1400,0.0176614,0.03918684,-0.03690351,-0.09293771,0.05742966,-0.01523578,-0.9938976,-0.1113264,-0.1864911,0.9761288,0.08683724,0.0412395,-0.03630018,0.002645565,0.103321,-0.01359224,-0.9945517,-0.2055881,0.002453574,0.9786355,0.14,1.811587,3.74,0,-0.6727939,0,0.73983,-0.9955062,0,0.09469664
saccade,6.1509,0.01767369,0.0391916,-0.03689592,-0.09288488,0.05734421,-0.0152001,-0.993908,-0.111166,-0.1863813,0.9761681,0.08684976,0.0412401,-0.03630498,0.002699977,0.1032327,-0.01356738,-0.9945611,-0.2054157,0.002569391,0.9786714,0.14,1.811587,3.74,0,-0.6727939,0,0.73983,-0.9955062,0,0.09469664
saccade,6.1623,0.01769588,0.03917038,-0.036943,-0.09282823,0.0572497,-0.0151205,-0.9939199,-0.110996,-0.1862589,0.9762108,0.08687237,0.04120874,-0.03636628,0.0008435976,0.1025742,-0.01352353,-0.9946331,-0.2040703,-0.001096191,0.9789556,0.14,1.811587,3.74,0,-0.6727939,0,0.73983,-0.9955062,0,0.09469664
saccade,6.1770,0.01770864,0.03914905,-0.03693335,-0.09555688,0.0562041,-0.01515244,-0.9937205,-0.1088065,-0.1916169,0.9754199,0.08688513,0.04118621,-0.03635347,0.0008657984,0.1025973,-0.01351748,-0.9946308,-0.2041163,-0.001051416,0.9789461,0.14,1.811587,3.74,0,-0.6727939,0,0.73983,-0.9955062,0,0.09469664
saccade,6.1888,0.01771363,0.03912067,-0.03691131,-0.09555591,0.05620327,-0.01519965,-0.9937199,-0.1087958,-0.1916202,0.9754205,0.08688994,0.0411644,-0.03633093,0.0008645896,0.1026011,-0.01356454,-0.9946297,-0.2041236,-0.001063578,0.9789445,0.14,1.811587,3.74,0,-0.6727939,0,0.73983,-0.9955062,0,0.09469664
saccade,6.2000,0.01771277,0.03910089,-0.03691583,-0.098496,0.05547681,-0.01528156,-0.9934724,-0.107219,-0.1974017,0.9744417,0.08688881,0.04115236,-0.03633172,-0.0005014763,0.1024723,-0.01362191,-0.9946425,-0.2038328,-0.003789314,0.9789984,0.14,1.811587,3.74,0,-0.6727939,0,0.73983,-0.9955062,0,0.09469664
saccade,6.2107,0.01770625,0.03906369,-0.03690284,-0.0985639,0.05550592,-0.01526628,-0.9934642,-0.1072769,-0.1975342,0.9744085,0.08688231,0.04111314,-0.03631472,-0.000568837,0.1024999,-0.01360071,-0.9946399,-0.2038855,-0.003919718,0.9789869,0.14,1.811587,3.74,0,-0.6727939,0,0.73983,-0.9955062,0,0.09469664
saccade,6.2216,0.01770073,0.03900862,-0.03688601,-0.09866604,0.05555466,-0.01526404,-0.9934515,-0.1073696,-0.1977358,0.9743574,0.08687675,0.04105783,-0.03629092,-0.0006711335,0.1025484,-0.01358896,-0.994635,-0.2039782,-0.004122118,0.9789668,0.14,1.811587,3.74,0,-0.6727939,0,0.73983,-0.9955062,0,0.09469664
saccade,6.2335,0.01768349,0.03898191,-0.03688975,-0.09882425,0.05552775,-0.01525735,-0.9934373,-0.1073111,-0.1980458,0.9743009,0.08685952,0.0410316,-0.03629802,-0.002497427,0.1022829,-0.01359118,-0.9946594,-0.2034053,-0.007748469,0.979064,0.14,1.811587,3.74,0,-0.6727939,0,0.73983,-0.9955062,0,0.09469664
saccade,6.2443,0.01768281,0.03896224,-0.03688535,-0.1012928,0.05419697,-0.01531963,-0.9932612,-0.10456,-0.202881,0.9736049,0.08685865,0.04101348,-0.03627805,-0.002653766,0.1023923,-0.01358841,-0.9946478,-0.2036165,-0.008061824,0.9790176,0.14,1.811587,3.74,0,-0.6727939,0,0.73983,-0.9955062,0,0.09469664
saccade,6.2549,0.01765896,0.03893435,-0.03689106,-0.1013429,0.05423554,-0.0153545,-0.9932535,-0.1046271,-0.2029838,0.9735762,0.08683461,0.04099023,-0.03627781,-0.002705554,0.1024342,-0.01361687,-0.994643,-0.2036972,-0.008171785,0.9789999,0.14,1.811587,3.74,0,-0.6727939,0,0.73983,-0.9955062,0,0.09469664
saccade,6.2662,0.01764128,0.0389148,-0.03689471,-0.1014065,0.05432427,-0.01536231,-0.993242,-0.1047986,-0.2031114,0.9735312,0.08681682,0.04097092,-0.03626894,-0.003560521,0.1024225,-0.01361903,-0.9946414,-0.2036504,-0.009872676,0.9789939,0.14,1.811587,3.74,0,-0.6727939,0,0.73983,-0.9955062,0,0.09469664
saccade,6.2774,0.01761252,0.03893697,-0.03691588,-0.1020986,0.05526143,-0.01541034,-0.9931186,-0.1066156,-0.2044951,0.9730441,0.08678769,0.04100239,-0.03628032,-0.00359579,0.1024922,-0.0136829,-0.9946332,-0.2037858,-0.009957763,0.9789649,0.14,1.811587,3.74,0,-0.6727939,0,0.73983,-0.9955062,0,0.09469664
saccade,6.2882,0.01757972,0.03895342,-0.03693499,-0.1020797,0.05536468,-0.01543924,-0.9931144,-0.1068148,-0.2044632,0.973029,0.08675468,0.04102123,-0.03628484,-0.003577927,0.1025973,-0.01370225,-0.9946222,-0.2039931,-0.009928999,0.978922,0.14,1.811587,3.74,0,-0.6727939,0,0.73983,-0.9955062,0,0.09469664
saccade,6.2996,0.01755706,0.03894401,-0.03694488,-0.1020036,0.05540816,-0.01543436,-0.9931199,-0.1069052,-0.2043141,0.9730504,0.08673202,0.04101002,-0.03628902,-0.004255036,0.1026533,-0.0136994,-0.9946138,-0.2040842,-0.01127681,0.9788884,0.14,1.811587,3.74,0,-0.6727939,0,0.73983,-0.9955062,0,0.09469664
saccade,6.3118,0.01754895,0.0389514,-0.03695372,-0.1040965,0.05491367,-0.01549126,-0.9929293,-0.1058256,-0.2084223,0.9722968,0.08672377,0.04102218,-0.03629933,-0.004184687,0.1026438,-0.01374108,-0.9946145,-0.2040671,-0.01114517,0.9788935,0.14,1.811587,3.74,0,-0.6727939,0,0.73983,-0.9955062,0,0.09469664
saccade,6.3222,0.01756028,0.03898442,-0.03697938,-0.104039,0.05494578,-0.01549427,-0.9929335,-0.105891,-0.2083103,0.9723137,0.08673508,0.04105484,-0.03632068,-0.005017488,0.102576,-0.01375031,-0.9946175,-0.2039098,-0.01280187,0.978906,0.14,1.811587,3.74,0,-0.6727939,0,0.73983,-0.9955062,0,0.09469664
saccade,6.3332,0.01756418,0.03900862,-0.03699668,-0.1039515,0.05490825,-0.01553103,-0.9929441,-0.1058127,-0.2081416,0.9723583,0.08673888,0.04108393,-0.03634287,-0.00493147,0.1025421,-0.01379468,-0.9946208,-0.2038449,-0.01263896,0.9789216,0.14,1.811587,3.74,0,-0.6727939,0,0.73983,-0.9955062,0,0.09469664
saccade,6.3470,0.01756586,0.03903306,-0.03700477,-0.1053697,0.05453167,-0.01560163,-0.9928143,-0.1049918,-0.2109267,0.971847,0.08674034,0.0411154,-0.03635032,-0.004818116,0.1025484,-0.01385539,-0.9946198,-0.2038597,-0.01242608,0.9789212,0.14,1.811587,3.74,0,-0.6727939,0,0.73983,-0.9955062,0,0.09469664
saccade,6.3624,0.01757366,0.03905654,-0.03701484,-0.1053103,0.05445217,-0.01561143,-0.9928248,-0.1048348,-0.2108096,0.9718894,0.08674818,0.04114091,-0.03637138,-0.005397404,0.1023381,-0.01388256,-0.9946382,-0.2034288,-0.01357836,0.9789956,0.14,1.811587,3.74,0,-0.6727939,0,0.73983,-0.9955062,0,0.09469664
saccade,6.3692,0.01758106,0.03909159,-0.03706647,-0.1058511,0.05426833,-0.01562664,-0.9927771,-0.1044445,-0.2118691,0.971701,0.08675557,0.04117668,-0.03642368,-0.005307463,0.1023347,-0.01389562,-0.9946389,-0.2034246,-0.01340203,0.9789989,0.14,1.811587,3.74,0,-0.6727939,0,0.73983,-0.9955062,0,0.09469664
saccade,6.3778,0.01759162,0.0390991,-0.03706878,-0.1058093,0.05423044,-0.01561984,-0.9927837,-0.1043727,-0.2117856,0.9717269,0.0867662,0.04118347,-0.03643142,-0.005265277,0.1022963,-0.01389467,-0.994643,-0.2033502,-0.01331689,0.9790155,0.14,1.811587,3.74,0,-0.6727939,0,0.73983,-0.9955062,0,0.09469664
saccade,6.3887,0.01760624,0.03911567,-0.03706105,-0.105764,0.05419063,-0.01561195,-0.9927908,-0.1042975,-0.2116952,0.9717547,0.08678089,0.04119933,-0.03642942,-0.006062478,0.1020344,-0.01390294,-0.9946653,-0.2028117,-0.01489743,0.9791045,0.14,1.811587,3.74,0,-0.6727939,0,0.73983,-0.9955062,0,0.09469664
saccade,6.3995,0.01763695,0.03910708,-0.03709158,-0.1056946,0.05419492,-0.01555252,-0.9927989,-0.1043217,-0.2115528,0.9717831,0.08681188,0.04118204,-0.03646043,-0.005989918,0.1020325,-0.0138467,-0.9946667,-0.2028108,-0.01474157,0.979107,0.14,1.811587,3.74,0,-0.6727939,0,0.73983,-0.9955062,0,0.09469664
saccade,6.4111,0.01765467,0.03910577,-0.03708454,-0.1066296,0.05299111,-0.01551505,-0.9927645,-0.1019067,-0.2133605,0.9716442,0.08682994,0.04117048,-0.03645761,-0.005912627,0.1020037,-0.01377926,-0.994671,-0.2027574,-0.01457331,0.9791206,0.14,1.811587,3.74,0,-0.6727939,0,0.73983,-0.9955062,0,0.09469664
saccade,6.4222,0.01766948,0.03909373,-0.03706609,-0.1066882,0.05298558,-0.01550396,-0.9927587,-0.1018956,-0.2134742,0.9716203,0.08684479,0.04115736,-0.03643991,-0.006634135,0.1016393,-0.01377914,-0.9947038,-0.2020192,-0.015999,0.9792508,0.14,1.811587,3.74,0,-0.6727939,0,0.73983,-0.9955062,0,0.09469664
saccade,6.4330,0.01768613,0.03906143,-0.03704067,-0.1067339,0.052961,-0.01546159,-0.9927558,-0.1018541,-0.2135591,0.971606,0.08686163,0.04111993,-0.03641839,-0.006678076,0.1016109,-0.01373735,-0.994707,-0.2019627,-0.01607719,0.9792613,0.14,1.811587,3.74,0,-0.6727939,0,0.73983,-0.9955062,0,0.09469664
saccade,6.4444,0.01771375,0.03905725,-0.03701804,-0.1072676,0.05226785,-0.01552744,-0.992734,-0.100445,-0.2145996,0.9715235,0.08688903,0.04112267,-0.03639396,-0.006831005,0.1016211,-0.01377427,-0.9947044,-0.2019777,-0.01638918,0.979253,0.14,1.811587,3.74,0,-0.6727939,0,0.73983,-0.9955062,0,0.09469664
saccade,6.4554,0.01773974,0.03902841,-0.03698917,-0.1074434,0.05221791,-0.01549737,-0.992718,-0.1003451,-0.2149405,0.9714584,0.08691514,0.04109156,-0.03637192,-0.007006317,0.1015692,-0.01374093,-0.994709,-0.2018711,-0.0167298,0.9792692,0.14,1.811587,3.74,0,-0.6727939,0,0.73983,-0.9955062,0,0.09469664
saccade,6.4666,0.01776031,0.03900242,-0.03695866,-0.1075935,0.05215671,-0.01546894,-0.9927055,-0.1002238,-0.2152309,0.9714066,0.08693585,0.04106355,-0.03634985,-0.007839502,0.1015242,-0.0137137,-0.9947077,-0.2017588,-0.01838057,0.9792628,0.14,1.811587,3.74,0,-0.6727939,0,0.73983,-0.9955062,0,0.09469664
saccade,6.4776,0.01774754,0.03900838,-0.03693312,-0.1082574,0.05125864,-0.01550789,-0.9926794,-0.09840911,-0.2165196,0.9713058,0.08692303,0.04107261,-0.03632969,-0.007958818,0.1014834,-0.01372505,-0.9947107,-0.2016749,-0.01861918,0.9792755,0.14,1.811587,3.74,0,-0.6727939,0,0.73983,-0.9955062,0,0.09469664
saccade,6.4888,0.01774054,0.03899622,-0.03690702,-0.1083786,0.05125911,-0.01545465,-0.992667,-0.09841654,-0.2167521,0.9712532,0.08691622,0.04105389,-0.03630398,-0.008077912,0.101479,-0.01366613,-0.994711,-0.2016638,-0.01884403,0.9792735,0.14,1.811587,3.74,0,-0.6727939,0,0.73983,-0.9955062,0,0.09469664
saccade,6.4998,0.01773859,0.03897786,-0.03689731,-0.1083764,0.05123562,-0.01547593,-0.9926682,-0.09836549,-0.2167494,0.9712589,0.08691421,0.04103875,-0.03629719,-0.008436102,0.1013933,-0.01369305,-0.9947164,-0.2014841,-0.01955982,0.9792964,0.14,1.811587,3.74,0,-0.6727939,0,0.73983,-0.9955062,0,0.09469664
saccade,6.5106,0.01773708,0.03896189,-0.03687859,-0.1087535,0.05135303,-0.01553757,-0.9926198,-0.09856854,-0.2174977,0.9710711,0.08691236,0.04102945,-0.03626272,-0.008408074,0.1015066,-0.01374427,-0.9947044,-0.201707,-0.01951737,0.9792514,0.14,1.811587,3.74,0,-0.6727939,0,0.73983,-0.9955062,0,0.09469664
saccade,6.5218,0.01773485,0.03895938,-0.03692072,-0.10867,0.05138601,-0.01560379,-0.9926262,-0.09862289,-0.2173409,0.9711006,0.08690985,0.04103506,-0.03629956,-0.008327263,0.1015456,-0.01381085,-0.9947002,-0.2017849,-0.01937112,0.9792383,0.14,1.811587,3.74,0,-0.6727939,0,0.73983,-0.9955062,0,0.09469664
saccade,6.5334,0.01772444,0.03895807,-0.03691848,-0.1086287,0.05143693,-0.01566114,-0.9926272,-0.09871289,-0.2172668,0.9711081,0.08689916,0.04104054,-0.03628956,-0.008884842,0.1015851,-0.01386757,-0.9946905,-0.2018451,-0.02049281,0.979203,0.14,1.811587,3.74,0,-0.6727939,0,0.73983,-0.9955062,0,0.09469664
saccade,6.5441,0.01771342,0.03896868,-0.0369133,-0.1094499,0.05107558,-0.01573205,-0.9925546,-0.09794687,-0.218877,0.970824,0.08688784,0.04105711,-0.03627081,-0.008843049,0.101683,-0.01391564,-0.9946802,-0.2020381,-0.02042198,0.9791647,0.14,1.811587,3.74,0,-0.6727939,0,0.73983,-0.9955062,0,0.09469664
saccade,6.5551,0.01770321,0.03897035,-0.03690943,-0.1093215,0.05109801,-0.01580281,-0.9925664,-0.09798115,-0.2186328,0.9708756,0.08687733,0.04106748,-0.03626315,-0.008717574,0.1017119,-0.01399004,-0.9946774,-0.2020972,-0.02018826,0.9791574,0.14,1.811587,3.74,0,-0.6727939,0,0.73983,-0.9955062,0,0.09469664
saccade,6.5663,0.01769431,0.03900027,-0.03691852,-0.1093859,0.05119429,-0.01581195,-0.9925542,-0.09816702,-0.2187618,0.9708278,0.08686829,0.04109752,-0.03625865,-0.009261876,0.1021249,-0.01397872,-0.9946303,-0.2028942,-0.02127944,0.9789695,0.14,1.811587,3.74,0,-0.6727939,0,0.73983,-0.9955062,0,0.09469664
saccade,6.5774,0.01769779,0.03897691,-0.0369315,-0.1094568,0.05085509,-0.01585615,-0.9925631,-0.09748265,-0.2188983,0.970866,0.08687153,0.04107714,-0.03625626,-0.00931141,0.1022344,-0.01399646,-0.9946183,-0.2031078,-0.02138444,0.9789228,0.14,1.811587,3.74,0,-0.6727939,0,0.73983,-0.9955062,0,0.09469664
saccade,6.5885,0.01770759,0.03895688,-0.03694044,-0.1095664,0.0509029,-0.01581474,-0.9925492,-0.09758174,-0.2191101,0.9708082,0.08688144,0.04105127,-0.03625894,-0.009419262,0.1022781,-0.01394497,-0.9946135,-0.2031916,-0.02158958,0.978901,0.14,1.811587,3.74,0,-0.6727939,0,0.73983,-0.9955062,0,0.09469664
saccade,6.5998,0.01773027,0.0389483,-0.03697556,-0.1093767,0.05104469,-0.0157272,-0.9925643,-0.0978899,-0.2187323,0.9708624,0.08690441,0.04102743,-0.03627637,-0.009796224,0.1024008,-0.01385606,-0.9945984,-0.2034239,-0.02232436,0.9788362,0.14,1.811587,3.74,0,-0.6727939,0,0.73983,-0.9955062,0,0.09469664
saccade,6.6110,0.01774595,0.03899097,-0.03697718,-0.1096445,0.05071214,-0.01557558,-0.9925542,-0.09725355,-0.2192361,0.9708127,0.08692087,0.04104996,-0.0362948,-0.009788733,0.1022813,-0.01370864,-0.9946129,-0.2031922,-0.02227627,0.9788854,0.14,1.811587,3.74,0,-0.6727939,0,0.73983,-0.9955062,0,0.09469664
saccade,6.6220,0.01778412,0.03902435,-0.03697144,-0.1095717,0.05064123,-0.01533498,-0.9925696,-0.09716934,-0.2190682,0.970859,0.08696013,0.04105079,-0.03630265,-0.009703443,0.1021868,-0.01348043,-0.9946266,-0.2030139,-0.02205765,0.9789274,0.14,1.811587,3.74,0,-0.6727939,0,0.73983,-0.9955062,0,0.09469664
saccade,6.6332,0.0178276,0.03904212,-0.03696487,-0.1095269,0.05051851,-0.01523853,-0.9925823,-0.0969495,-0.2189687,0.9709035,0.08700413,0.04105687,-0.03631456,-0.01022326,0.101868,-0.01340714,-0.9946551,-0.202373,-0.02306876,0.9790367,0.14,1.811587,3.74,0,-0.6727939,0,0.73983,-0.9955062,0,0.09469664
saccade,6.6446,0.0178712,0.03904772,-0.03697195,-0.1100741,0.05038657,-0.01521791,-0.9925287,-0.09667004,-0.2200369,0.9706898,0.08704798,0.04106319,-0.03635084,-0.01025056,0.1016577,-0.0134074,-0.9946763,-0.2019582,-0.0231179,0.9791213,0.14,1.811587,3.74,0,-0.6727939,0,0.73983,-0.9955062,0,0.09469664
saccade,6.6553,0.01792856,0.03904974,-0.03696632,-0.1101167,0.05023706,-0.01526094,-0.9925309,-0.09636271,-0.2201217,0.9707011,0.08710526,0.04107356,-0.03636503,-0.01089655,0.1012008,-0.01347462,-0.9947151,-0.2010384,-0.02440521,0.9792793,0.14,1.811587,3.74,0,-0.6727939,0,0.73983,-0.9955062,0,0.09469664
saccade,6.6665,0.01797372,0.03905368,-0.03696676,-0.1101869,0.05008622,-0.01531319,-0.99253,-0.09604952,-0.2202615,0.9707004,0.08715031,0.04108739,-0.03638528,-0.01097032,0.1010567,-0.0135381,-0.9947281,-0.2007509,-0.02456121,0.9793344,0.14,1.811587,3.74,0,-0.6727939,0,0.73983,-0.9955062,0,0.09469664
saccade,6.6777,0.01799412,0.0390383,-0.03697939,-0.1103135,0.04937384,-0.01538809,-0.9925504,-0.09461702,-0.2205029,0.9707863,0.08717053,0.04108191,-0.03641243,-0.01101835,0.1009508,-0.01360413,-0.9947374,-0.2005394,-0.02466742,0.9793751,0.14,1.811587,3.74,0,-0.6727939,0,0.73983,-0.9955062,0,0.09469664
saccade,6.6891,0.01801688,0.03902578,-0.03699683,-0.1103623,0.04929046,-0.01543855,-0.9925483,-0.09443866,-0.2206018,0.9707812,0.08719313,0.04107785,-0.03644045,-0.01119053,0.1011817,-0.01365132,-0.9947114,-0.2009876,-0.02502521,0.9792741,0.14,1.811587,3.74,0,-0.6727939,0,0.73983,-0.9955062,0,0.09469664
saccade,6.6998,0.01803246,0.03903854,-0.03700755,-0.1103614,0.04928508,-0.01535059,-0.9925501,-0.09444759,-0.2205915,0.9707827,0.08720908,0.04107869,-0.03645325,-0.01118508,0.1011676,-0.01356452,-0.994714,-0.2009622,-0.02499648,0.97928,0.14,1.811587,3.74,0,-0.6727939,0,0.73983,-0.9955062,0,0.09469664
saccade,6.7111,0.01803468,0.03907788,-0.03701727,-0.1088273,0.05303389,-0.01513403,-0.9925296,-0.1019814,-0.2176339,0.970688,0.08721169,0.04110229,-0.03645413,-0.0112002,0.1012321,-0.01344982,-0.9947088,-0.2010916,-0.02500498,0.9792532,0.14,1.811587,3.74,0,-0.6727939,0,0.73983,-0.9955062,0,0.09469664
saccade,6.7221,0.01800018,0.03910017,-0.03705237,-0.1086598,0.05304582,-0.01499165,-0.9925495,-0.1020432,-0.217291,0.9707584,0.08717781,0.04110372,-0.03649018,-0.01102506,0.1012295,-0.01331505,-0.9947129,-0.2010949,-0.02462929,0.9792621,0.14,1.811587,3.74,0,-0.6727939,0,0.73983,-0.9955062,0,0.09469664
saccade,6.7330,0.01798232,0.03912354,-0.03708127,-0.1085478,0.05321772,-0.01490971,-0.9925538,-0.1024061,-0.2170659,0.9707705,0.08716018,0.04111254,-0.03649692,-0.00797388,0.1071289,-0.01304093,-0.9941276,-0.2127916,-0.01864823,0.9769197,0.14,1.811587,3.74,0,-0.6727939,0,0.73983,-0.9955062,0,0.09469664
saccade,6.7440,0.01796826,0.03912306,-0.03710403,-0.09780514,0.0768413,-0.01434581,-0.9921309,-0.1496671,-0.1962757,0.9690591,0.08714545,0.04112887,-0.03649789,-0.007909589,0.1072856,-0.01317015,-0.9941096,-0.213099,-0.01855193,0.9768544,0.14,1.811587,3.74,0,-0.6727939,0,0.73983,-0.9955062,0,0.09469664
saccade,6.7553,0.01795697,0.03911877,-0.03712016,-0.09785512,0.07695705,-0.01438869,-0.9921164,-0.1498847,-0.196382,0.969004,0.08713387,0.04112935,-0.03649731,0.008909067,0.1292922,-0.01247709,-0.991488,-0.2566058,0.01444008,0.9664083,0.14,1.811587,3.74,0,-0.6727939,0,0.73983,-0.9955062,0,0.09469664
saccade,6.7665,0.01792946,0.03912306,-0.03713537,-0.09785579,0.07700688,-0.01453413,-0.9921104,-0.1499542,-0.1964059,0.9689884,0.08710571,0.04115307,-0.03650368,0.008900961,0.1293569,-0.01261608,-0.991478,-0.2567337,0.01438626,0.9663751,0.14,1.811587,3.74,0,-0.6727939,0,0.73983,-0.9955062,0,0.09469664
saccade,6.7777,0.01792169,0.03910923,-0.03716295,-0.07914811,0.1128628,-0.01348669,-0.9903614,-0.221415,-0.1598148,0.9619951,0.0870977,0.04114795,-0.0365319,0.008894142,0.1293529,-0.01267849,-0.9914777,-0.2567266,0.01435669,0.9663774,0.14,1.811587,3.74,0,-0.6727939,0,0.73983,-0.9955062,0,0.09469664
saccade,6.7887,0.01791408,0.03910375,-0.03719446,-0.07924218,0.1128897,-0.01347821,-0.990351,-0.2214649,-0.1599982,0.9619532,0.08709005,0.04114223,-0.03655943,0.008799953,0.1293799,-0.01266615,-0.9914752,-0.2567768,0.01417238,0.9663668,0.14,1.811587,3.74,0,-0.6727939,0,0.73983,-0.9955062,0,0.09469664
saccade,6.7995,0.01790886,0.03909373,-0.03721856,-0.07917112,0.1129021,-0.0134986,-0.9903549,-0.2214889,-0.1598631,0.9619701,0.08708476,0.04113388,-0.03658184,0.02413771,0.1489274,-0.01202656,-0.9884803,-0.2950042,0.04413713,0.954476,0.14,1.811587,3.74,0,-0.6727939,0,0.73983,-0.9955062,0,0.09469664
saccade,6.8105,0.01790047,0.03908253,-0.03723172,-0.06993419,0.1306749,-0.01296106,-0.9888708,-0.2566283,-0.1416991,0.9560665,0.08707623,0.04112732,-0.03659432,0.02404972,0.1489318,-0.01204798,-0.9884816,-0.2950121,0.04395676,0.9544819,0.14,1.811587,3.74,0,-0.6727939,0,0.73983,-0.9955062,0,0.09469664
saccade,6.8222,0.0179055,0.03907311,-0.0372481,-0.06996596,0.1306615,-0.01295847,-0.9888703,-0.2566014,-0.1417609,0.9560646,0.08708127,0.04111826,-0.03661246,0.02401793,0.1489186,-0.01204609,-0.9884843,-0.2949861,0.04389493,0.9544927,0.14,1.811587,3.74,0,-0.6727939,0,0.73983,-0.9955062,0,0.09469664
saccade,6.8334,0.01792107,0.03906798,-0.03726298,-0.06998484,0.1306548,-0.01298614,-0.9888695,-0.2565835,-0.1418051,0.9560629,0.08709672,0.04111731,-0.03662795,0.03041733,0.1579707,-0.01176638,-0.9869051,-0.3125201,0.05632056,0.94824,0.14,1.811587,3.74,0,-0.6727939,0,0.73983,-0.9955062,0,0.09469664
saccade,6.8441,0.0179012,0.03909194,-0.03724261,-0.06494717,0.1348936,-0.01281903,-0.9886462,-0.265059,-0.1318779,0.9551712,0.08707696,0.04113817,-0.03660905,0.03042038,0.1579596,-0.0117445,-0.986907,-0.3124973,0.05633385,0.9482468,0.14,1.811587,3.74,0,-0.6727939,0,0.73983,-0.9955062,0,0.09469664
saccade,6.8555,0.01790072,0.0391078,-0.03725936,-0.06492587,0.1348232,-0.01278487,-0.9886577,-0.2649279,-0.1318263,0.9552146,0.0870767,0.04114962,-0.03663598,0.03044246,0.1578862,-0.01171779,-0.9869184,-0.312355,0.0563883,0.9482904,0.14,1.811587,3.74,0,-0.6727939,0,0.73983,-0.9955062,0,0.09469664
saccade,6.8666,0.01791632,0.0391041,-0.0372735,-0.06480075,0.1348795,-0.01286391,-0.9886572,-0.2650319,-0.1316016,0.9552168,0.08709199,0.04115391,-0.03664205,0.03527113,0.1617818,-0.01165425,-0.9861272,-0.3198969,0.06579275,0.9451652,0.14,1.811587,3.74,0,-0.6727939,0,0.73983,-0.9955062,0,0.09469664
saccade,6.8773,0.0179209,0.03910589,-0.03727413,-0.06281257,0.1418619,-0.01268197,-0.9878102,-0.2786721,-0.127692,0.9518595,0.08709635,0.04116225,-0.03663992,0.03517375,0.1618015,-0.0116861,-0.986127,-0.3199357,0.06558992,0.9451662,0.14,1.811587,3.74,0,-0.6727939,0,0.73983,-0.9955062,0,0.09469664
saccade,6.8890,0.01792802,0.03909397,-0.03727932,-0.0625553,0.1418937,-0.01270543,-0.9878217,-0.2787417,-0.1271926,0.951906,0.08710349,0.04114854,-0.0366414,0.03543086,0.1618319,-0.01171134,-0.9861125,-0.3199988,0.06608709,0.9451101,0.14,1.811587,3.74,0,-0.6727939,0,0.73983,-0.9955062,0,0.09469664
saccade,6.8997,0.01794628,0.03912222,-0.03727791,-0.06266489,0.1419251,-0.01266553,-0.9878107,-0.278803,-0.1273972,0.9518607,0.08712182,0.0411731,-0.03663555,0.03902844,0.1660874,-0.01151879,-0.9852711,-0.3281814,0.07308093,0.9417835,0.14,1.811587,3.74,0,-0.6727939,0,0.73983,-0.9955062,0,0.09469664
saccade,6.9110,0.01796493,0.03911805,-0.03727731,-0.05998185,0.1479767,-0.0124313,-0.987092,-0.2906418,-0.1220943,0.9490102,0.08714063,0.04116464,-0.03663842,0.03897171,0.1660603,-0.01147923,-0.9852784,-0.328126,0.07298347,0.9418103,0.14,1.811587,3.74,0,-0.6727939,0,0.73983,-0.9955062,0,0.09469664
saccade,6.9222,0.01797426,0.03909481,-0.03729622,-0.06007143,0.1478768,-0.01230419,-0.9871031,-0.290461,-0.1222324,0.9490477,0.08715053,0.04112661,-0.03667197,0.03888433,0.1659501,-0.01136119,-0.9853017,-0.3279053,0.07285482,0.9418972,0.14,1.811587,3.74,0,-0.6727939,0,0.73983,-0.9955062,0,0.09469664
saccade,6.9328,0.01800816,0.03904855,-0.03729735,-0.06020748,0.1478624,-0.01226109,-0.9870975,-0.2904328,-0.1224872,0.9490235,0.08718454,0.04107714,-0.03667497,0.04107726,0.1681875,-0.0112364,-0.9848347,-0.332197,0.07712898,0.9400512,0.14,1.811587,3.74,0,-0.6727939,0,0.73983,-0.9955062,0,0.09469664
saccade,6.9440,0.01803368,0.03900373,-0.03728959,-0.05915812,0.1507802,-0.01219891,-0.9867203,-0.2961124,-0.1204237,0.9475313,0.08720993,0.04103935,-0.03667602,0.04097774,0.1681253,-0.01127437,-0.984849,-0.3320801,0.07692277,0.9401094,0.14,1.811587,3.74,0,-0.6727939,0,0.73983,-0.9955062,0,0.09469664
saccade,6.9552,0.01804258,0.03899682,-0.0372692,-0.05920734,0.1507677,-0.0122351,-0.9867188,-0.2960818,-0.1205313,0.9475272,0.08721866,0.04103839,-0.03665691,0.04092786,0.1681172,-0.01131079,-0.9848521,-0.332067,0.0768127,0.940123,0.14,1.811587,3.74,0,-0.6727939,0,0.73983,-0.9955062,0,0.09469664
saccade,6.9669,0.01805368,0.03899205,-0.03723665,-0.05928632,0.1507501,-0.01223769,-0.9867167,-0.2960443,-0.1206873,0.9475191,0.08722973,0.04103577,-0.03662651,0.04203709,0.1704345,-0.01123527,-0.9844078,-0.3364986,0.07893352,0.9383699,0.14,1.811587,3.74,0,-0.6727939,0,0.73983,-0.9955062,0,0.09469664
saccade,6.9776,0.01808034,0.03897679,-0.03722502,-0.05791578,0.1518132,-0.012235,-0.9866351,-0.2981512,-0.1179984,0.9471971,0.08725623,0.04102552,-0.0366144,0.04201506,0.1704391,-0.01126897,-0.9844076,-0.33651,0.07887855,0.9383705,0.14,1.811587,3.74,0,-0.6727939,0,0.73983,-0.9955062,0,0.09469664
saccade,6.9886,0.01810936,0.03897381,-0.03721336,-0.05800771,0.1517678,-0.01225643,-0.9866364,-0.2980574,-0.1181853,0.9472033,0.08728515,0.04102767,-0.03660859,0.04192267,0.1703975,-0.01129319,-0.9844185,-0.3364318,0.07869024,0.9384143,0.14,1.811587,3.74,0,-0.6727939,0,0.73983,-0.9955062,0,0.09469664
saccade,6.9998,0.01811448,0.03896844,-0.03722306,-0.05799842,0.1517587,-0.01216926,-0.9866394,-0.2980507,-0.1181406,0.947211,0.08729064,0.04101026,-0.03662026,0.04304036,0.1720802,-0.01114903,-0.9840791,-0.3396408,0.08087318,0.9370719,0.14,1.811587,3.74,0,-0.6727939,0,0.73983,-0.9955062,0,0.09469664
saccade,7.0113,0.01813975,0.03896356,-0.03722043,-0.05857276,0.1534782,-0.01203921,-0.9863411,-0.3013534,-0.1192409,0.9460273,0.08731619,0.04099464,-0.03661315,0.04302257,0.1721082,-0.01106605,-0.9840759,-0.3396872,0.08086582,0.9370556,0.14,1.811587,3.74,0,-0.6727939,0,0.73983,-0.9955062,0,0.09469664
saccade,7.0223,0.01816137,0.03896236,-0.03723013,-0.05862129,0.1534753,-0.01199019,-0.9863393,-0.3013517,-0.1193214,0.9460177,0.08733798,0.04098773,-0.03662347,0.0434552,0.1734104,-0.01097321,-0.9838293,-0.3421661,0.08169925,0.936081,0.14,1.811587,3.74,0,-0.6727939,0,0.73983,-0.9955062,0,0.09469664
saccade,7.0333,0.01818265,0.03896749,-0.03723223,-0.05864976,0.1534639,-0.01188304,-0.9863406,-0.3013414,-0.1193445,0.9460181,0.08735968,0.04097891,-0.03662789,0.04342886,0.1733887,-0.01086728,-0.9838355,-0.3421157,0.08168518,0.9361006,0.14,1.811587,3.74,0,-0.6727939,0,0.73983,-0.9955062,0,0.09469664
saccade,7.0445,0.01817999,0.03899193,-0.03718977,-0.05910946,0.1540678,-0.01191953,-0.9862186,-0.30248,-0.1202625,0.9455383,0.08735678,0.04100943,-0.03657674,0.04345744,0.1734529,-0.01091333,-0.9838223,-0.3422423,0.08172291,0.9360511,0.14,1.811587,3.74,0,-0.6727939,0,0.73983,-0.9955062,0,0.09469664
saccade,7.0555,0.01820701,0.03900778,-0.0371899,-0.0590138,0.1540385,-0.01186033,-0.9862297,-0.3024348,-0.1200562,0.9455791,0.08738412,0.04101539,-0.03658178,0.04355432,0.1734165,-0.01085936,-0.9838251,-0.3421689,0.08193329,0.9360595,0.14,1.811587,3.74,0,-0.6727939,0,0.73983,-0.9955062,0,0.09469664
saccade,7.0669,0.01823449,0.0390197,-0.03719313,-0.05896437,0.1539755,-0.01183853,-0.9862427,-0.3023183,-0.119952,0.9456295,0.08741179,0.04102385,-0.03659418,0.04429984,0.174538,-0.01080472,-0.9835941,-0.3443064,0.08337446,0.935148,0.14,1.811587,3.74,0,-0.6727939,0,0.73983,-0.9955062,0,0.09469664
saccade,7.0777,0.01825558,0.03904402,-0.03721105,-0.05892187,0.153911,-0.01186427,-0.986255,-0.3021929,-0.1198761,0.9456792,0.08743286,0.04105139,-0.03662107,0.04434182,0.1744761,-0.01083792,-0.9836028,-0.3441915,0.08344757,0.9351838,0.14,1.811587,3.74,0,-0.6727939,0,0.73983,-0.9955062,0,0.09469664
saccade,7.0892,0.01828315,0.03905809,-0.03721938,-0.05816868,0.1559741,-0.01176829,-0.9859767,-0.3062046,-0.118377,0.944577,0.08746062,0.04106128,-0.03663792,0.04437995,0.1744147,-0.01081671,-0.9836122,-0.3440728,0.08353214,0.9352199,0.14,1.811587,3.74,0,-0.6727939,0,0.73983,-0.9955062,0,0.09469664
saccade,7.1000,0.01830018,0.03907084,-0.03722831,-0.05813075,0.1558752,-0.01170979,-0.9859952,-0.306023,-0.1182838,0.9446475,0.08747801,0.04106605,-0.03666129,0.04528556,0.1760926,-0.01070995,-0.9832731,-0.3472642,0.08528426,0.9338812,0.14,1.811587,3.74,0,-0.6727939,0,0.73983,-0.9955062,0,0.09469664
saccade,7.1109,0.01831571,0.0390836,-0.03724694,-0.05810051,0.1558433,-0.01171345,-0.986002,-0.3059626,-0.1182254,0.9446744,0.08749358,0.04107893,-0.03668445,0.04531574,0.1760609,-0.01071753,-0.9832773,-0.3472048,0.08534199,0.933898,0.14,1.811587,3.74,0,-0.6727939,0,0.73983,-0.9955062,0,0.09469664
saccade,7.1219,0.01831447,0.03909826,-0.03727528,-0.05688523,0.15864,-0.01161574,-0.985628,-0.3113986,-0.1158208,0.9431948,0.08749236,0.04109228,-0.03671188,0.04532266,0.1760672,-0.01070881,-0.9832759,-0.3472159,0.08535843,0.9338924,0.14,1.811587,3.74,0,-0.6727939,0,0.73983,-0.9955062,0,0.09469664
saccade,7.1329,0.01832183,0.03910291,-0.03728805,-0.05684971,0.1586502,-0.01164496,-0.9856281,-0.3114162,-0.1157603,0.9431964,0.08749962,0.04110003,-0.03672312,0.04573581,0.177595,-0.01068844,-0.9829822,-0.3501232,0.08611856,0.9327365,0.14,1.811587,3.74,0,-0.6727939,0,0.73983,-0.9955062,0,0.09469664
saccade,7.1441,0.01832106,0.0390991,-0.03730026,-0.05718943,0.159136,-0.01163049,-0.9855303,-0.3123364,-0.1164255,0.9428102,0.0874988,0.04109561,-0.03672774,0.04573362,0.1776487,-0.0106807,-0.9829727,-0.3502246,0.08611498,0.9326987,0.14,1.811587,3.74,0,-0.6727939,0,0.73983,-0.9955062,0,0.09469664
saccade,7.1555,0.01831932,0.03909516,-0.03730805,-0.05722021,0.1591338,-0.01164443,-0.9855287,-0.3123293,-0.1164904,0.9428046,0.08749698,0.0410943,-0.03673562,0.04570258,0.1776484,-0.01069422,-0.9829741,-0.3502251,0.08604927,0.9327046,0.14,1.811587,3.74,0,-0.6727939,0,0.73983,-0.9955062,0,0.09469664
saccade,7.1663,0.01828243,0.03910422,-0.03727912,-0.0572272,0.1592016,-0.01167233,-0.985517,-0.3124558,-0.1165133,0.9427598,0.08745992,0.04110682,-0.03669696,0.04594576,0.1785636,-0.01068719,-0.982797,-0.3519655,0.08649401,0.9320081,0.14,1.811587,3.74,0,-0.6727939,0,0.73983,-0.9955062,0,0.09469664
saccade,7.1772,0.01827595,0.03910112,-0.03729744,-0.05721287,0.1605887,-0.01161245,-0.9852934,-0.3151252,-0.1164726,0.9418759,0.0874535,0.04110241,-0.03671788,0.04590783,0.178544,-0.01067236,-0.9828025,-0.3519268,0.08642568,0.9320291,0.14,1.811587,3.74,0,-0.6727939,0,0.73983,-0.9955062,0,0.09469664
saccade,7.1893,0.01827097,0.03908277,-0.03731103,-0.05726218,0.1606156,-0.01158588,-0.9852865,-0.3151779,-0.116561,0.9418473,0.08744856,0.04108131,-0.03672772,0.04585898,0.1785688,-0.01064224,-0.9828006,-0.3519711,0.08633972,0.9320203,0.14,1.811587,3.74,0,-0.6727939,0,0.73983,-0.9955062,0,0.09469664
saccade,7.1995,0.0182532,0.03909767,-0.03728023,-0.05730238,0.1606568,-0.01156488,-0.9852777,-0.3152577,-0.1166335,0.9418117,0.08743082,0.04109383,-0.03669117,0.04597848,0.1795344,-0.0105865,-0.9826196,-0.3538016,0.08655744,0.9313067,0.14,1.811587,3.74,0,-0.6727939,0,0.73983,-0.9955062,0,0.09469664
saccade,7.2106,0.01824154,0.03909409,-0.03728639,-0.05774821,0.1617609,-0.01155478,-0.9850711,-0.3173575,-0.1175104,0.9409971,0.08741894,0.04109514,-0.03668907,0.04586862,0.1795929,-0.01060022,-0.982614,-0.3539134,0.08633485,0.931285,0.14,1.811587,3.74,0,-0.6727939,0,0.73983,-0.9955062,0,0.09469664
saccade,7.2223,0.01823077,0.03908193,-0.0373047,-0.05781892,0.1618416,-0.01154466,-0.9850538,-0.3175103,-0.1176463,0.9409286,0.08740808,0.04108238,-0.03669591,0.04579807,0.1796729,-0.01058043,-0.9826028,-0.3540633,0.08620059,0.9312404,0.14,1.811587,3.74,0,-0.6727939,0,0.73983,-0.9955062,0,0.09469664
saccade,7.2331,0.01821004,0.0390681,-0.03732374,-0.05782768,0.16185,-0.01161786,-0.9850511,-0.3175174,-0.1176871,0.9409211,0.08738705,0.04107869,-0.03671317,0.04665138,0.180451,-0.01062395,-0.9824196,-0.3555485,0.08782826,0.9305221,0.14,1.811587,3.74,0,-0.6727939,0,0.73983,-0.9955062,0,0.09469664
saccade,7.2442,0.01817766,0.03909791,-0.03727943,-0.05781546,0.1628127,-0.01156733,-0.9848937,-0.3193689,-0.1176508,0.9402988,0.08735469,0.0411042,-0.03665707,0.04667533,0.1805337,-0.01059227,-0.9824036,-0.3557026,0.08788349,0.930458,0.14,1.811587,3.74,0,-0.6727939,0,0.73983,-0.9955062,0,0.09469664
saccade,7.2552,0.01817068,0.03910661,-0.03730024,-0.05779355,0.1628062,-0.01159985,-0.9848957,-0.3193533,-0.1176183,0.9403082,0.0873476,0.04111695,-0.03667862,0.04669667,0.1805302,-0.01062568,-0.9824029,-0.3556992,0.08791336,0.9304565,0.14,1.811587,3.74,0,-0.6727939,0,0.73983,-0.9955062,0,0.09469664
saccade,7.2666,0.01816911,0.03911245,-0.0373146,-0.05779226,0.1628009,-0.01163722,-0.9848962,-0.3193389,-0.1176279,0.9403118,0.08734588,0.0411278,-0.03669344,0.04750503,0.1809807,-0.01064521,-0.982281,-0.3565592,0.08947342,0.9299785,0.14,1.811587,3.74,0,-0.6727939,0,0.73983,-0.9955062,0,0.09469664
saccade,7.2773,0.01816343,0.03911734,-0.03733782,-0.05777686,0.162589,-0.01158541,-0.9849327,-0.3189397,-0.11758,0.9404533,0.08734041,0.04112434,-0.03671339,0.04751403,0.181001,-0.01058359,-0.9822775,-0.3565921,0.08951265,0.9299621,0.14,1.811587,3.74,0,-0.6727939,0,0.73983,-0.9955062,0,0.09469664
saccade,7.2884,0.01817022,0.03913045,-0.03733119,-0.05771075,0.1625885,-0.01161094,-0.9849364,-0.3189386,-0.1174584,0.9404689,0.08734715,0.04113948,-0.03670687,0.0475797,0.1810021,-0.01061023,-0.9822738,-0.3565969,0.08963164,0.9299489,0.14,1.811587,3.74,0,-0.6727939,0,0.73983,-0.9955062,0,0.09469664
saccade,7.2994,0.01816918,0.03914022,-0.03732926,-0.05773573,0.1625234,-0.0115633,-0.9849463,-0.3188183,-0.1174918,0.9405055,0.08734636,0.04114377,-0.03671434,0.04835458,0.1813768,-0.01055151,-0.9821675,-0.3573053,0.091157,0.9295285,0.14,1.811587,3.74,0,-0.6727939,0,0.73983,-0.9955062,0,0.09469664
saccade,7.3106,0.01817839,0.03915882,-0.03735905,-0.05772168,0.1625619,-0.01158522,-0.9849405,-0.3188901,-0.1174715,0.9404837,0.08735545,0.04116476,-0.03673863,0.04836821,0.181417,-0.01056943,-0.9821592,-0.3573833,0.09117562,0.9294968,0.14,1.811587,3.74,0,-0.6727939,0,0.73983,-0.9955062,0,0.09469664
saccade,7.3224,0.01818034,0.03919899,-0.03734059,-0.05843644,0.1626397,-0.01161787,-0.984885,-0.3190051,-0.1188854,0.940267,0.08735736,0.04120886,-0.03672793,0.0484254,0.1813644,-0.01061076,-0.9821657,-0.3572875,0.0912747,0.9295238,0.14,1.811587,3.74,0,-0.6727939,0,0.73983,-0.9955062,0,0.09469664
saccade,7.3326,0.01818836,0.03922927,-0.03734026,-0.05837092,0.162619,-0.01164137,-0.9848921,-0.3189652,-0.1187643,0.9402958,0.08736534,0.04124117,-0.03673057,0.04875938,0.1816341,-0.01062723,-0.9820992,-0.3578017,0.09191256,0.9292632,0.14,1.811587,3.74,0,-0.6727939,0,0.73983,-0.9955062,0,0.09469664
saccade,7.3439,0.01820118,0.03924668,-0.03734543,-0.0583401,0.1626219,-0.0115828,-0.9848942,-0.3189793,-0.1186849,0.9403011,0.08737841,0.04124987,-0.03673588,0.04879133,0.1816303,-0.01056928,-0.9820989,-0.3577893,0.09199642,0.9292597,0.14,1.811587,3.74,0,-0.6727939,0,0.73983,-0.9955062,0,0.09469664
saccade,7.3549,0.01820781,0.03926373,-0.03735838,-0.0583139,0.1632593,-0.01155128,-0.9847906,-0.3202052,-0.1186257,0.9398918,0.08738505,0.0412643,-0.03674136,0.04880814,0.1816827,-0.01055037,-0.9820886,-0.3578869,0.09203418,0.9292184,0.14,1.811587,3.74,0,-0.6727939,0,0.73983,-0.9955062,0,0.09469664
saccade,7.3658,0.01820835,0.03926826,-0.03735119,-0.05824611,0.1632533,-0.01151952,-0.984796,-0.3202004,-0.1184823,0.9399115,0.08738577,0.0412631,-0.0367355,0.0493023,0.1821864,-0.01050255,-0.9819711,-0.3588391,0.09300002,0.9287548,0.14,1.811587,3.74,0,-0.6727939,0,0.73983,-0.9955062,0,0.09469664
saccade,7.3779,0.01821684,0.03927028,-0.03735776,-0.05821767,0.1632205,-0.01150059,-0.9848034,-0.3201412,-0.1184202,0.9399395,0.08739439,0.04126215,-0.0367469,0.0493311,0.1821514,-0.01048784,-0.9819763,-0.3587715,0.09306318,0.9287746,0.14,1.811587,3.74,0,-0.6727939,0,0.73983,-0.9955062,0,0.09469664
saccade,7.3886,0.01823209,0.03927052,-0.03736057,-0.05774095,0.1637155,-0.01147431,-0.9847495,-0.3211124,-0.1174778,0.9397265,0.08740966,0.04126108,-0.0367474,0.04932406,0.1821673,-0.01047593,-0.9819738,-0.3588004,0.09305312,0.9287645,0.14,1.811587,3.74,0,-0.6727939,0,0.73983,-0.9955062,0,0.09469664
saccade,7.3997,0.01824052,0.0392611,-0.03736421,-0.05775809,0.1637583,-0.01147063,-0.9847414,-0.3211941,-0.1175104,0.9396945,0.08741804,0.04125118,-0.03674501,0.04942795,0.1827326,-0.01045034,-0.9818638,-0.35987,0.09324379,0.9283314,0.14,1.811587,3.74,0,-0.6727939,0,0.73983,-0.9955062,0,0.09469664
saccade,7.4110,0.01825166,0.03925729,-0.03736517,-0.05796865,0.1642763,-0.01143497,-0.9846432,-0.3221813,-0.1179139,0.9393059,0.08742923,0.04124546,-0.03674547,0.04938647,0.1827346,-0.01042908,-0.9818658,-0.3598718,0.09317026,0.9283381,0.14,1.811587,3.74,0,-0.6727939,0,0.73983,-0.9955062,0,0.09469664
saccade,7.4255,0.01826036,0.03925693,-0.03736396,-0.05805118,0.1642344,-0.01143948,-0.9846452,-0.3220972,-0.1180772,0.9393142,0.08743791,0.04124784,-0.03674978,0.04930383,0.182695,-0.01043659,-0.9818772,-0.3597971,0.09300719,0.9283834,0.14,1.811587,3.74,0,-0.6727939,0,0.73983,-0.9955062,0,0.09469664
saccade,7.4391,0.01827177,0.03925014,-0.03736242,-0.05807672,0.1642249,-0.01144744,-0.9846452,-0.3220769,-0.1181298,0.9393145,0.08744927,0.04124272,-0.03674943,0.04954622,0.1830758,-0.01043152,-0.9817941,-0.3605192,0.09346885,0.9280568,0.14,1.811587,3.74,0,-0.6727939,0,0.73983,-0.9955062,0,0.09469664
saccade,7.4450,0.01829423,0.03924549,-0.03736279,-0.05783333,0.1587525,-0.01155512,-0.9855554,-0.3115822,-0.1176647,0.9429059,0.08747192,0.04123175,-0.03675068,0.04945363,0.1830655,-0.01036879,-0.9818014,-0.3604934,0.09331095,0.9280828,0.14,1.811587,3.74,0,-0.6727939,0,0.73983,-0.9955062,0,0.09469664
saccade,7.4552,0.01830702,0.0392406,-0.03736178,-0.05791911,0.1587656,-0.01151062,-0.9855488,-0.3116091,-0.1178192,0.9428777,0.08748483,0.04122245,-0.03674786,0.04936893,0.1830751,-0.01032104,-0.9818043,-0.3605069,0.09316219,0.9280924,0.14,1.811587,3.74,0,-0.6727939,0,0.73983,-0.9955062,0,0.09469664
saccade,7.4658,0.01832044,0.03923261,-0.03736088,-0.05794672,0.1587948,-0.01155215,-0.9855419,-0.311659,-0.1178867,0.9428528,0.08749803,0.04122055,-0.03674247,0.04574936,0.1729552,-0.01069677,-0.9838085,-0.3412882,0.08631708,0.935987,0.14,1.811587,3.74,0,-0.6727939,0,0.73983,-0.9955062,0,0.09469664
saccade,7.4774,0.01833861,0.03924918,-0.0373531,-0.05794084,0.158802,-0.01161678,-0.9855404,-0.3116655,-0.1178956,0.9428495,0.08751594,0.0412457,-0.0367332,0.04575432,0.1729689,-0.01076036,-0.9838052,-0.34132,0.08630426,0.9359766,0.14,1.811587,3.74,0,-0.6727939,0,0.73983,-0.9955062,0,0.09469664
saccade,7.4887,0.01834443,0.03927565,-0.03733542,-0.06480968,0.1136077,-0.01303671,-0.9913239,-0.2235543,-0.1314569,0.965786,0.08752185,0.04127038,-0.03672004,0.0459181,0.1729389,-0.01077602,-0.9838026,-0.341265,0.08662152,0.9359674,0.14,1.811587,3.74,0,-0.6727939,0,0.73983,-0.9955062,0,0.09469664
saccade,7.4997,0.0183494,0.03931081,-0.03732657,-0.06466204,0.1135872,-0.01300448,-0.9913363,-0.2235245,-0.1311579,0.9658335,0.08752704,0.0412991,-0.0367148,0.01970519,0.1082654,-0.01285695,-0.9938436,-0.2157044,0.03638383,0.9757806,0.14,1.811587,3.74,0,-0.6727939,0,0.73983,-0.9955062,0,0.09469664
saccade,7.5108,0.01835195,0.03933251,-0.03733018,-0.06461094,0.1135838,-0.01293389,-0.991341,-0.2235292,-0.1310411,0.9658483,0.08752991,0.04131055,-0.03671966,0.019756,0.1082556,-0.01278659,-0.9938446,-0.2156836,0.03650035,0.9757808,0.14,1.811587,3.74,0,-0.6727939,0,0.73983,-0.9955062,0,0.09469664
saccade,7.5216,0.018354,0.03933108,-0.03732437,-0.07719419,0.005191057,-0.01608613,-0.9968728,-0.007866135,-0.1540726,0.9880282,0.08753215,0.04130042,-0.03670818,0.01978339,0.1082954,-0.01272598,-0.9938405,-0.2157602,0.03656673,0.9757615,0.14,1.811587,3.74,0,-0.6727939,0,0.73983,-0.9955062,0,0.09469664
saccade,7.5329,0.01836163,0.03930831,-0.03733029,-0.07720824,0.005216768,-0.01610216,-0.9968713,-0.007914455,-0.1541013,0.9880233,0.08753969,0.04127955,-0.03671035,0.01976785,0.1083223,-0.01273788,-0.9938377,-0.2158132,0.03653247,0.975751,0.14,1.811587,3.74,0,-0.6727939,0,0.73983,-0.9955062,0,0.09469664
saccade,7.5442,0.01838338,0.03924048,-0.03733859,-0.08244321,-0.06682748,-0.01825188,-0.9941851,0.1358873,-0.1614882,0.9774744,0.08756097,0.04122937,-0.03672196,-0.0196992,0.01114723,-0.01586863,-0.9996179,-0.02166073,-0.03973714,0.9989753,0.14,1.811587,3.74,0,-0.6727939,0,0.73983,-0.9955062,0,0.09469664
saccade,7.5593,0.01840516,0.03918707,-0.03733269,-0.08258177,-0.06682909,-0.01827395,-0.9941732,0.1358975,-0.1617587,0.9774283,0.08758269,0.04117763,-0.03671593,-0.01983953,0.01114608,-0.01588003,-0.999615,-0.02165348,-0.04001779,0.9989643,0.14,1.811587,3.74,0,-0.6727939,0,0.73983,-0.9955062,0,0.09469664
saccade,7.5703,0.0184033,0.03917527,-0.0372728,-0.08259137,-0.06683239,-0.01821422,-0.9941732,0.1358946,-0.1617856,0.9774242,0.08758108,0.04115748,-0.03665718,-0.04686406,-0.03815092,-0.01731208,-0.9980223,0.07777356,-0.09222181,0.9926965,0.14,1.811587,3.74,0,-0.6727939,0,0.73983,-0.9955062,0,0.09469664
saccade,7.5809,0.01841401,0.03919721,-0.037243,-0.08268711,-0.06696738,-0.01806249,-0.994159,0.1361395,-0.1619891,0.9773564,0.08759255,0.04115915,-0.03664772,-0.0469558,-0.03829176,-0.01716272,-0.9980152,0.0780433,-0.09241083,0.9926578,0.14,1.811587,3.74,0,-0.6727939,0,0.73983,-0.9955062,0,0.09469664
saccade,7.5921,0.01841118,0.03923297,-0.03722967,-0.08601961,-0.08969332,-0.01862845,-0.9920729,0.1811695,-0.1673338,0.9691114,0.08758999,0.04118621,-0.03663684,-0.04695457,-0.03830639,-0.01709846,-0.9980158,0.07806647,-0.09241285,0.9926558,0.14,1.811587,3.74,0,-0.6727939,0,0.73983,-0.9955062,0,0.09469664
saccade,7.6038,0.01838244,0.03925931,-0.03718778,-0.08609832,-0.08966225,-0.01857777,-0.9920699,0.1811015,-0.1674996,0.9690955,0.08756145,0.04120409,-0.03659124,-0.04821447,-0.0460082,-0.01726325,-0.9976275,0.09346277,-0.09461165,0.9911172,0.14,1.811587,3.74,0,-0.6727939,0,0.73983,-0.9955062,0,0.09469664
saccade,7.6146,0.01837703,0.03927052,-0.03718089,-0.08623092,-0.08964819,-0.01859631,-0.9920593,0.1810798,-0.1677581,0.9690549,0.087556,0.0412159,-0.03658214,-0.04834808,-0.04599405,-0.01727549,-0.9976215,0.09343977,-0.09487702,0.991094,0.14,1.811587,3.74,0,-0.6727939,0,0.73983,-0.9955062,0,0.09469664
saccade,7.6255,0.01837744,0.03927457,-0.03719283,-0.08762587,-0.101928,-0.01905027,-0.9907419,0.2053072,-0.1697457,0.9638648,0.08755593,0.04123211,-0.03657814,-0.04848164,-0.04588487,-0.01737619,-0.9976183,0.09323601,-0.09513772,0.9910882,0.14,1.811587,3.74,0,-0.6727939,0,0.73983,-0.9955062,0,0.09469664
saccade,7.6366,0.01836066,0.03927612,-0.03718783,-0.08771699,-0.1018553,-0.01909105,-0.9907405,0.2051736,-0.1699205,0.9638624,0.08753896,0.041237,-0.03656258,-0.05096682,-0.05820795,-0.01776714,-0.9968443,0.1178596,-0.09954359,0.9880284,0.14,1.811587,3.74,0,-0.6727939,0,0.73983,-0.9955062,0,0.09469664
saccade,7.6477,0.01835268,0.03928745,-0.03717986,-0.08777446,-0.1018383,-0.01910087,-0.990737,0.205143,-0.1700324,0.9638492,0.08753096,0.04124856,-0.03655212,-0.05102478,-0.05819076,-0.01777382,-0.9968423,0.1178278,-0.09965876,0.9880206,0.14,1.811587,3.74,0,-0.6727939,0,0.73983,-0.9955062,0,0.09469664
saccade,7.6590,0.01835996,0.03929603,-0.03717706,-0.08906554,-0.1176136,-0.0195743,-0.9888636,0.2360944,-0.1715429,0.9564688,0.08753803,0.04126298,-0.0365453,-0.05096334,-0.05816339,-0.01781359,-0.9968463,0.1177756,-0.09953303,0.9880395,0.14,1.811587,3.74,0,-0.6727939,0,0.73983,-0.9955062,0,0.09469664
saccade,7.6699,0.01836507,0.03932226,-0.0371743,-0.0889183,-0.1176514,-0.019472,-0.9888744,0.2361476,-0.1712762,0.9565034,0.08754352,0.04127824,-0.03654902,-0.05127937,-0.06786696,-0.0179931,-0.9962132,0.1370653,-0.09972811,0.985529,0.14,1.811587,3.74,0,-0.6727939,0,0.73983,-0.9955062,0,0.09469664
saccade,7.6807,0.01836934,0.0393846,-0.03714486,-0.08881568,-0.1176676,-0.01934469,-0.9888842,0.2361556,-0.1711044,0.9565322,0.08754826,0.04132509,-0.0365234,-0.05117026,-0.06788749,-0.01787174,-0.9962196,0.1370907,-0.09952709,0.9855458,0.14,1.811587,3.74,0,-0.6727939,0,0.73983,-0.9955062,0,0.09469664
saccade,7.6921,0.0183718,0.03941071,-0.03714391,-0.09022211,-0.134719,-0.01971088,-0.986571,0.2693764,-0.1727102,0.9474216,0.0875511,0.04134107,-0.03653379,-0.05108988,-0.06796442,-0.01778725,-0.9962201,0.1372325,-0.09937572,0.9855413,0.14,1.811587,3.74,0,-0.6727939,0,0.73983,-0.9955062,0,0.09469664
saccade,7.7041,0.01838463,0.03940463,-0.03714428,-0.09013687,-0.1346845,-0.01969003,-0.9865839,0.2693048,-0.1725513,0.9474708,0.08756393,0.04133332,-0.03652958,-0.05264045,-0.07228757,-0.01789599,-0.995833,0.1458568,-0.1022549,0.984007,0.14,1.811587,3.74,0,-0.6727939,0,0.73983,-0.9955062,0,0.09469664
saccade,7.7144,0.01839563,0.03938723,-0.03715318,-0.09013774,-0.1347009,-0.01976705,-0.98658,0.2693499,-0.1725309,0.9474617,0.08757465,0.04132664,-0.03653979,-0.05264623,-0.07230117,-0.01797338,-0.9958303,0.1458919,-0.1022544,0.9840018,0.14,1.811587,3.74,0,-0.6727939,0,0.73983,-0.9955062,0,0.09469664
saccade,7.7256,0.01841065,0.03936493,-0.03716179,-0.08816212,-0.14392,-0.0201128,-0.9854491,0.287198,-0.1679693,0.943029,0.08758926,0.04131901,-0.03654923,-0.05266713,-0.07231297,-0.01808045,-0.9958264,0.1459268,-0.1022797,0.983994,0.14,1.811587,3.74,0,-0.6727939,0,0.73983,-0.9955062,0,0.09469664
saccade,7.7366,0.01842149,0.03934646,-0.03716368,-0.08816899,-0.143944,-0.02018079,-0.9854437,0.2872559,-0.1679613,0.9430127,0.08759986,0.04130995,-0.03655362,-0.05303741,-0.0761127,-0.01825367,-0.9955204,0.1534797,-0.102821,0.9827878,0.14,1.811587,3.74,0,-0.6727939,0,0.73983,-0.9955062,0,0.09469664
saccade,7.7480,0.01842217,0.0393343,-0.03716929,-0.08818465,-0.1440146,-0.02016403,-0.9854323,0.2873895,-0.1679922,0.9429665,0.08760067,0.04129601,-0.03656928,-0.05305221,-0.07618452,-0.01823849,-0.9955143,0.1536207,-0.1028495,0.9827628,0.14,1.811587,3.74,0,-0.6727939,0,0.73983,-0.9955062,0,0.09469664
saccade,7.7594,0.01842556,0.03932559,-0.03716082,-0.08703095,-0.149837,-0.02030058,-0.9846636,0.2986116,-0.1653088,0.939949,0.08760404,0.04128623,-0.03655401,-0.05298046,-0.0761344,-0.0182266,-0.9955223,0.1535183,-0.1027111,0.9827933,0.14,1.811587,3.74,0,-0.6727939,0,0.73983,-0.9955062,0,0.09469664
saccade,7.7701,0.01841871,0.03932428,-0.03716435,-0.08707285,-0.1497981,-0.02031069,-0.9846656,0.298539,-0.1653903,0.9399577,0.08759715,0.0412848,-0.03655203,-0.05340121,-0.07851635,-0.01829984,-0.9953133,0.1582512,-0.1034282,0.981967,0.14,1.811587,3.74,0,-0.6727939,0,0.73983,-0.9955062,0,0.09469664
saccade,7.7811,0.01841233,0.03932214,-0.03716851,-0.08736032,-0.1532768,-0.02040054,-0.9841028,0.3052447,-0.1656892,0.9377488,0.0875908,0.04128051,-0.03655322,-0.05346756,-0.07849489,-0.01829154,-0.9953116,0.1582098,-0.1035622,0.9819595,0.14,1.811587,3.74,0,-0.6727939,0,0.73983,-0.9955062,0,0.09469664
saccade,7.7919,0.0184048,0.0393157,-0.03717776,-0.08738343,-0.1531952,-0.0203985,-0.9841135,0.3050878,-0.1657405,0.9377908,0.08758321,0.04127228,-0.03655113,-0.05349015,-0.07841285,-0.01828487,-0.995317,0.1580474,-0.1036118,0.9819804,0.14,1.811587,3.74,0,-0.6727939,0,0.73983,-0.9955062,0,0.09469664
saccade,7.8031,0.01839609,0.0393796,-0.03714684,-0.08745604,-0.1531449,-0.02043083,-0.9841142,0.3049977,-0.1658757,0.9377962,0.08757438,0.04133832,-0.03651285,-0.05446666,-0.08010472,-0.01836093,-0.9951279,0.161429,-0.105461,0.9812332,0.14,1.811587,3.74,0,-0.6727939,0,0.73983,-0.9955062,0,0.09469664
saccade,7.8144,0.01839031,0.0394063,-0.03714617,-0.08739197,-0.153084,-0.02043847,-0.9841292,0.3048812,-0.1657524,0.9378558,0.08756846,0.0413667,-0.03650355,-0.0544029,-0.08004262,-0.0183711,-0.9951362,0.1613055,-0.1053356,0.981267,0.14,1.811587,3.74,0,-0.6727939,0,0.73983,-0.9955062,0,0.09469664
saccade,7.8255,0.01839521,0.03940725,-0.03715777,-0.08712418,-0.1564392,-0.02056684,-0.9836225,0.3113379,-0.1649597,0.9358723,0.08757317,0.0413717,-0.03650571,-0.05443294,-0.0799766,-0.01840601,-0.9951392,0.1611795,-0.1053926,0.9812816,0.14,1.811587,3.74,0,-0.6727939,0,0.73983,-0.9955062,0,0.09469664
saccade,7.8366,0.0184003,0.03940904,-0.03716394,-0.08710007,-0.1563876,-0.02057414,-0.9836327,0.31124,-0.1649139,0.935913,0.08757816,0.04137433,-0.03650458,-0.05440916,-0.07992423,-0.01841335,-0.9951445,0.161076,-0.1053466,0.9813035,0.14,1.811587,3.74,0,-0.6727939,0,0.73983,-0.9955062,0,0.09469664
saccade,7.8477,0.01841829,0.039433,-0.03717671,-0.08705153,-0.1563705,-0.02057717,-0.9836397,0.311207,-0.1648194,0.9359406,0.08759609,0.0413996,-0.03651489,-0.05443667,-0.08148468,-0.01846308,-0.9950156,0.1641672,-0.1053217,0.9807938,0.14,1.811587,3.74,0,-0.6727939,0,0.73983,-0.9955062,0,0.09469664
saccade,7.8588,0.01843304,0.03943789,-0.03716863,-0.08613692,-0.1580834,-0.02048334,-0.9834483,0.3144625,-0.1629463,0.9351801,0.08761135,0.04138851,-0.0365127,-0.05433526,-0.08151963,-0.01833614,-0.9950206,0.16422,-0.1051399,0.9808044,0.14,1.811587,3.74,0,-0.6727939,0,0.73983,-0.9955062,0,0.09469664
saccade,7.8702,0.01844734,0.03946424,-0.03715698,-0.08621022,-0.1581716,-0.020422,-0.983429,0.3146223,-0.1631029,0.9350991,0.08762603,0.04140604,-0.03651416,-0.05472982,-0.08204342,-0.01828531,-0.9949569,0.1652608,-0.1059072,0.9805471,0.14,1.811587,3.74,0,-0.6727939,0,0.73983,-0.9955062,0,0.09469664
saccade,7.8810,0.01846758,0.03947663,-0.03714138,-0.08612972,-0.1582024,-0.02030258,-0.9834336,0.3146604,-0.1629819,0.9351074,0.08764671,0.04140437,-0.03650422,-0.05464032,-0.08207764,-0.01817345,-0.994961,0.1653141,-0.1057467,0.9805554,0.14,1.811587,3.74,0,-0.6727939,0,0.73983,-0.9955062,0,0.09469664
saccade,7.8922,0.01849199,0.03947783,-0.03712654,-0.08586751,-0.1594858,-0.02032505,-0.9832487,0.3171189,-0.1623751,0.9343821,0.08767122,0.04140437,-0.03649757,-0.05467241,-0.08213633,-0.01816423,-0.9949546,0.16543,-0.1058092,0.9805291,0.14,1.811587,3.74,0,-0.6727939,0,0.73983,-0.9955062,0,0.09469664
saccade,7.9035,0.01850688,0.03946054,-0.0371199,-0.08589509,-0.1595704,-0.02037209,-0.9832316,0.317289,-0.162408,0.9343187,0.08768603,0.04139388,-0.0365022,-0.055005,-0.08281861,-0.01822909,-0.9948785,0.1667943,-0.1064272,0.980231,0.14,1.811587,3.74,0,-0.6727939,0,0.73983,-0.9955062,0,0.09469664
saccade,7.9147,0.01852189,0.03944576,-0.03710778,-0.08597255,-0.1595822,-0.02040038,-0.9832223,0.3173172,-0.1625492,0.9342845,0.08770099,0.04138124,-0.03649146,-0.05508465,-0.08283021,-0.01825172,-0.9948727,0.1668218,-0.1065809,0.9802096,0.14,1.811587,3.74,0,-0.6727939,0,0.73983,-0.9955062,0,0.09469664
saccade,7.9258,0.01853998,0.03942978,-0.03713873,-0.08530211,-0.1605812,-0.02049488,-0.983116,0.3192365,-0.1611416,0.9338744,0.08771877,0.04137468,-0.03651728,-0.05507751,-0.08279697,-0.01832076,-0.9948747,0.1667633,-0.1065566,0.9802223,0.14,1.811587,3.74,0,-0.6727939,0,0.73983,-0.9955062,0,0.09469664
saccade,7.9365,0.01854828,0.03943145,-0.03713456,-0.08527991,-0.1606078,-0.02056901,-0.9831121,0.3192991,-0.1610723,0.933865,0.08772679,0.0413872,-0.0365159,-0.05541696,-0.08364021,-0.01842078,-0.9947834,0.1684494,-0.1071743,0.9798666,0.14,1.811587,3.74,0,-0.6727939,0,0.73983,-0.9955062,0,0.09469664
saccade,7.9478,0.01855554,0.03944421,-0.03711747,-0.08519603,-0.1605468,-0.02046869,-0.9831315,0.319165,-0.1609454,0.9339327,0.08773434,0.04138756,-0.03649143,-0.05532505,-0.08358113,-0.01832534,-0.9947953,0.1683199,-0.1070109,0.9799067,0.14,1.811587,3.74,0,-0.6727939,0,0.73983,-0.9955062,0,0.09469664
saccade,7.9586,0.01856039,0.0394634,-0.03711483,-0.08570012,-0.1621046,-0.02050143,-0.9828313,0.3221569,-0.1618108,0.9327552,0.08773926,0.04140508,-0.03649266,-0.05535908,-0.08360863,-0.01831509,-0.9947912,0.1683741,-0.1070789,0.9798899,0.14,1.811587,3.74,0,-0.6727939,0,0.73983,-0.9955062,0,0.09469664
saccade,7.9699,0.01856639,0.03947532,-0.03710913,-0.08566764,-0.1620878,-0.02042523,-0.9828385,0.3221118,-0.1617735,0.9327772,0.08774552,0.04140723,-0.0364855,-0.05534165,-0.08367176,-0.01824339,-0.9947882,0.1684906,-0.1070535,0.9798727,0.14,1.811587,3.74,0,-0.6727939,0,0.73983,-0.9955062,0,0.09469664
saccade,7.9811,0.01856813,0.03948247,-0.03710128,-0.0856448,-0.1620343,-0.02042608,-0.9828492,0.3220094,-0.1617324,0.9328197,0.0877472,0.04141438,-0.03647014,-0.05531865,-0.08361754,-0.01824429,-0.994794,0.1683829,-0.1070102,0.9798959,0.14,1.811587,3.74,0,-0.6727939,0,0.73983,-0.9955062,0,0.09469664
saccade,7.9927,0.01856876,0.03948677,-0.03708935,-0.08587713,-0.1631641,-0.02045268,-0.9826415,0.3241764,-0.1620986,0.9320052,0.08774781,0.04141891,-0.03645712,-0.05528052,-0.08360943,-0.01824334,-0.9947968,0.1683658,-0.1069351,0.979907,0.14,1.811587,3.74,0,-0.6727939,0,0.73983,-0.9955062,0,0.09469664
saccade,8.0032,0.01856231,0.03947556,-0.03709792,-0.08579143,-0.1631039,-0.02041492,-0.9826598,0.3240542,-0.1619481,0.9320739,0.0877414,0.04140389,-0.03645766,-0.05460985,-0.08463855,-0.0182382,-0.9947469,0.1703798,-0.1055586,0.9797081,0.14,1.811587,3.74,0,-0.6727939,0,0.73983,-0.9955062,0,0.09469664
saccade,8.0142,0.01856757,0.03948319,-0.03708741,-0.08589065,-0.1632192,-0.02047354,-0.9826307,0.3242854,-0.1621142,0.9319646,0.08774661,0.04141855,-0.03646265,-0.05471419,-0.08475386,-0.01829262,-0.9947304,0.1706162,-0.105751,0.9796463,0.14,1.811587,3.74,0,-0.6727939,0,0.73983,-0.9955062,0,0.09469664
saccade,8.0255,0.01858277,0.03947747,-0.03706402,-0.08665059,-0.1649474,-0.0205347,-0.9822741,0.3276059,-0.1634549,0.930568,0.08776177,0.04141414,-0.03643949,-0.05474605,-0.08475634,-0.01830458,-0.9947282,0.1706232,-0.105812,0.9796385,0.14,1.811587,3.74,0,-0.6727939,0,0.73983,-0.9955062,0,0.09469664
saccade,8.0371,0.01860338,0.03946495,-0.03705327,-0.08660556,-0.1650308,-0.0205435,-0.9822639,0.3277659,-0.1633584,0.9305286,0.08778238,0.04140496,-0.03644023,-0.05427304,-0.08580494,-0.01834469,-0.9946635,0.1726853,-0.1048187,0.9793839,0.14,1.811587,3.74,0,-0.6727939,0,0.73983,-0.9955062,0,0.09469664
saccade,8.0481,0.01862292,0.03945053,-0.03704523,-0.0866257,-0.1651033,-0.02053377,-0.9822502,0.3279029,-0.1633958,0.9304738,0.08780205,0.04138958,-0.03644246,-0.05429273,-0.08587859,-0.01833588,-0.9946562,0.1728303,-0.1048559,0.9793543,0.14,1.811587,3.74,0,-0.6727939,0,0.73983,-0.9955062,0,0.09469664
saccade,8.0585,0.01863581,0.03942645,-0.03701662,-0.086436,-0.1685101,-0.02057725,-0.9816872,0.3344057,-0.1627713,0.9282663,0.0878152,0.04136014,-0.03642685,-0.05432466,-0.08597025,-0.01829428,-0.9946474,0.1730078,-0.1049222,0.9793159,0.14,1.811587,3.74,0,-0.6727939,0,0.73983,-0.9955062,0,0.09469664
saccade,8.0705,0.01864653,0.03940225,-0.03698841,-0.08642574,-0.1685846,-0.0206444,-0.9816739,0.3345586,-0.1627231,0.9282197,0.08782572,0.04134607,-0.03640824,-0.0544481,-0.08733939,-0.01840024,-0.9945194,0.1757251,-0.1050853,0.9788145,0.14,1.811587,3.74,0,-0.6727939,0,0.73983,-0.9955062,0,0.09469664
saccade,8.0813,0.01861367,0.03934741,-0.03693223,-0.08643661,-0.1686458,-0.02058333,-0.9816638,0.3346652,-0.1627608,0.9281746,0.08779314,0.04128361,-0.03636136,-0.05445423,-0.08740322,-0.01834059,-0.9945145,0.175845,-0.105105,0.9787908,0.14,1.811587,3.74,0,-0.6727939,0,0.73983,-0.9955062,0,0.09469664
saccade,8.0920,0.01860596,0.03931725,-0.03689958,-0.08589018,-0.1706474,-0.02062601,-0.9813648,0.3384778,-0.1615397,0.9270047,0.0877855,0.04125142,-0.03632973,-0.05449447,-0.08741012,-0.01832981,-0.9945119,0.1758586,-0.1051864,0.9787797,0.14,1.811587,3.74,0,-0.6727939,0,0.73983,-0.9955062,0,0.09469664
saccade,8.1035,0.01859825,0.03928673,-0.03687699,-0.08592213,-0.1706215,-0.02066955,-0.9813656,0.3384361,-0.1615887,0.9270114,0.08777761,0.04122567,-0.03630303,-0.05452991,-0.08738286,-0.01836964,-0.9945116,0.1758099,-0.1052509,0.9787815,0.14,1.811587,3.74,0,-0.6727939,0,0.73983,-0.9955062,0,0.09469664
saccade,8.1145,0.01857481,0.03925455,-0.03686491,-0.08599944,-0.1706354,-0.02066219,-0.9813566,0.3384623,-0.1617408,0.9269753,0.08775426,0.04119074,-0.03629306,-0.05459521,-0.0881303,-0.01837635,-0.9944419,0.1772874,-0.1053445,0.9785048,0.14,1.811587,3.74,0,-0.6727939,0,0.73983,-0.9955062,0,0.09469664
saccade,8.1253,0.01854526,0.0392276,-0.03685825,-0.08618286,-0.1713083,-0.02071623,-0.9812221,0.3397537,-0.1620313,0.926452,0.08772456,0.04116595,-0.03627484,-0.05465927,-0.08804873,-0.01840253,-0.9944452,0.177131,-0.1054706,0.9785196,0.14,1.811587,3.74,0,-0.6727939,0,0.73983,-0.9955062,0,0.09469664
saccade,8.1370,0.01851824,0.03921306,-0.0368561,-0.08621925,-0.1712406,-0.02075234,-0.98123,0.3396313,-0.1620945,0.9264858,0.08769737,0.0411545,-0.03626283,-0.05469833,-0.08797945,-0.0184332,-0.9944486,0.1769986,-0.1055459,0.9785354,0.14,1.811587,3.74,0,-0.6727939,0,0.73983,-0.9955062,0,0.09469664
saccade,8.1477,0.01847995,0.03919661,-0.03685446,-0.08627048,-0.1711491,-0.02076747,-0.9812411,0.3394603,-0.1621956,0.9265308,0.08765898,0.04113781,-0.03624827,-0.05521068,-0.0888043,-0.0184676,-0.9943463,0.1786437,-0.1065171,0.9781312,0.14,1.811587,3.74,0,-0.6727939,0,0.73983,-0.9955062,0,0.09469664
saccade,8.1586,0.01846195,0.03918839,-0.03687857,-0.08710761,-0.1714916,-0.02086483,-0.9811053,0.3401376,-0.1637672,0.9260058,0.08764057,0.04113948,-0.03625779,-0.05522492,-0.08870371,-0.01854705,-0.994353,0.1784541,-0.1065357,0.9781637,0.14,1.811587,3.74,0,-0.6727939,0,0.73983,-0.9955062,0,0.09469664
saccade,8.1704,0.01843407,0.0391736,-0.03688877,-0.08705072,-0.1714546,-0.02091946,-0.9811156,0.3400757,-0.1636402,0.926051,0.08761241,0.04113305,-0.03626208,-0.05517248,-0.08866405,-0.01860493,-0.9943584,0.1783807,-0.1064233,0.9781893,0.14,1.811587,3.74,0,-0.6727939,0,0.73983,-0.9955062,0,0.09469664
saccade,8.1814,0.01840351,0.03917646,-0.03689778,-0.08710928,-0.1714029,-0.02096173,-0.9811186,0.339985,-0.1637433,0.926066,0.08758166,0.0411396,-0.03626341,-0.05562434,-0.08931446,-0.01866108,-0.994274,0.1796821,-0.1072782,0.9778577,0.14,1.811587,3.74,0,-0.6727939,0,0.73983,-0.9955062,0,0.09469664
saccade,8.1923,0.0183772,0.0391736,-0.0369066,-0.08729368,-0.1720101,-0.02098796,-0.9809954,0.3411465,-0.1640491,0.9255847,0.08755526,0.04113698,-0.03626185,-0.05561999,-0.08923993,-0.01866684,-0.9942808,0.1795356,-0.1072721,0.9778853,0.14,1.811587,3.74,0,-0.6727939,0,0.73983,-0.9955062,0,0.09469664
saccade,8.2042,0.01835548,0.03920925,-0.03694234,-0.08728148,-0.1719872,-0.02104318,-0.9809993,0.341112,-0.1640078,0.9256047,0.08753329,0.04118013,-0.03629369,-0.05561232,-0.08921494,-0.01872208,-0.9942824,0.179492,-0.1072481,0.9778959,0.14,1.811587,3.74,0,-0.6727939,0,0.73983,-0.9955062,0,0.09469664
saccade,8.2145,0.01832226,0.03922105,-0.03696913,-0.08714238,-0.1720373,-0.02111842,-0.9810013,0.3412182,-0.1637073,0.9256188,0.08749972,0.04120624,-0.03632642,-0.05492206,-0.08996367,-0.01882759,-0.9942513,0.1809611,-0.1058251,0.9777802,0.14,1.811587,3.74,0,-0.6727939,0,0.73983,-0.9955062,0,0.09469664
saccade,8.2254,0.01830407,0.03923059,-0.03698479,-0.08694049,-0.1724522,-0.02109632,-0.9809468,0.342001,-0.1632918,0.9254032,0.08748163,0.04120994,-0.03633543,-0.05494259,-0.08991386,-0.01879048,-0.9942554,0.1808595,-0.1058749,0.9777936,0.14,1.811587,3.74,0,-0.6727939,0,0.73983,-0.9955062,0,0.09469664
saccade,8.2364,0.01828611,0.03923702,-0.0370068,-0.08686309,-0.1724277,-0.02110753,-0.9809577,0.3419555,-0.163139,0.925447,0.08746354,0.04121959,-0.03635379,-0.05507738,-0.0903106,-0.01881948,-0.9942114,0.1816487,-0.1061179,0.977621,0.14,1.811587,3.74,0,-0.6727939,0,0.73983,-0.9955062,0,0.09469664
saccade,8.2478,0.01827268,0.03925061,-0.03702747,-0.08676328,-0.1724248,-0.02113044,-0.9809665,0.3419526,-0.1629369,0.9254836,0.08744995,0.04123867,-0.03637367,-0.05497956,-0.09030613,-0.01885042,-0.9942167,0.1816405,-0.1059186,0.9776441,0.14,1.811587,3.74,0,-0.6727939,0,0.73983,-0.9955062,0,0.09469664
saccade,8.2598,0.01826688,0.03925598,-0.03703061,-0.08633477,-0.1726374,-0.02117797,-0.980966,0.3423596,-0.1620707,0.9254853,0.08744389,0.04125381,-0.03637893,-0.05483427,-0.09032386,-0.01890659,-0.994222,0.1816774,-0.1056194,0.9776696,0.14,1.811587,3.74,0,-0.6727939,0,0.73983,-0.9955062,0,0.09469664
saccade,8.2704,0.0182619,0.03926599,-0.03702683,-0.08625706,-0.1726485,-0.02118108,-0.9809707,0.3423803,-0.1619176,0.9255044,0.08743884,0.04126644,-0.03637658,-0.05435273,-0.09063064,-0.01892309,-0.9942202,0.1822707,-0.1046472,0.9776638,0.14,1.811587,3.74,0,-0.6727939,0,0.73983,-0.9955062,0,0.09469664
saccade,8.2815,0.01826055,0.03926444,-0.0370468,-0.08620068,-0.1726535,-0.0211595,-0.9809753,0.3423856,-0.161815,0.9255204,0.08743755,0.04126346,-0.03639746,-0.05429465,-0.09063595,-0.0189064,-0.9942232,0.1822778,-0.1045348,0.9776744,0.14,1.811587,3.74,0,-0.6727939,0,0.73983,-0.9955062,0,0.09469664
saccade,8.2923,0.01826919,0.03926086,-0.03705732,-0.08943022,-0.1627872,-0.02090066,-0.9823776,0.3235753,-0.1689038,0.9310051,0.08744632,0.04125869,-0.03641916,-0.05430913,-0.09071603,-0.01889535,-0.9942154,0.1824349,-0.1045617,0.9776422,0.14,1.811587,3.74,0,-0.6727939,0,0.73983,-0.9955062,0,0.09469664
saccade,8.3032,0.01827371,0.03924704,-0.03704961,-0.08940595,-0.1628377,-0.02082258,-0.9823731,0.3236582,-0.1688786,0.9309809,0.08745118,0.04123557,-0.03641947,-0.04749443,-0.06024888,-0.01796947,-0.9968909,0.12183,-0.09252825,0.9882287,0.14,1.811587,3.74,0,-0.6727939,0,0.73983,-0.9955062,0,0.09469664
saccade,8.3145,0.01827765,0.0392381,-0.03703676,-0.08943822,-0.1628633,-0.02081673,-0.9823661,0.3237064,-0.1689416,0.9309527,0.08745519,0.04122531,-0.03641029,-0.04752619,-0.06027524,-0.01796147,-0.996888,0.1218826,-0.09259132,0.9882163,0.14,1.811587,3.74,0,-0.6727939,0,0.73983,-0.9955062,0,0.09469664
saccade,8.3256,0.0182833,0.03925157,-0.03701896,-0.09293165,-0.1094412,-0.01942924,-0.9894488,0.2201841,-0.1796495,0.9587727,0.08746085,0.04123986,-0.03639613,-0.04751011,-0.06030164,-0.01796686,-0.996887,0.121935,-0.09255756,0.988213,0.14,1.811587,3.74,0,-0.6727939,0,0.73983,-0.9955062,0,0.09469664
saccade,8.3373,0.01828273,0.0392499,-0.03700206,-0.0929529,-0.109401,-0.01939974,-0.9894518,0.2201005,-0.1797001,0.9587824,0.08746037,0.0412333,-0.03637404,-0.03010047,0.01023543,-0.01589811,-0.999368,-0.01950084,-0.06048835,0.9979784,0.14,1.811587,3.74,0,-0.6727939,0,0.73983,-0.9955062,0,0.09469664
saccade,8.3490,0.01827803,0.03923821,-0.03698828,-0.09301029,-0.1093835,-0.01943828,-0.9894476,0.2200744,-0.1798052,0.9587687,0.08745553,0.04122579,-0.03635734,-0.03016217,0.01025479,-0.01592835,-0.9993655,-0.01953569,-0.06061275,0.9979702,0.14,1.811587,3.74,0,-0.6727939,0,0.73983,-0.9955062,0,0.09469664
saccade,8.3587,0.01827175,0.03922105,-0.03698011,-0.08824364,-0.02730036,-0.01722224,-0.9955758,0.05739865,-0.1747661,0.9829355,0.08744906,0.04121399,-0.03634593,-0.03021438,0.01027636,-0.01596853,-0.9993631,-0.01957468,-0.06071847,0.997963,0.14,1.811587,3.74,0,-0.6727939,0,0.73983,-0.9955062,0,0.09469664
saccade,8.3698,0.01825684,0.03920758,-0.03698948,-0.08831612,-0.02730086,-0.01721782,-0.9955695,0.05740103,-0.1749095,0.9829099,0.08743417,0.04119968,-0.03635532,-0.0302869,0.0102754,-0.01596149,-0.999361,-0.01957082,-0.06086311,0.9979542,0.14,1.811587,3.74,0,-0.6727939,0,0.73983,-0.9955062,0,0.09469664
saccade,8.3812,0.01825201,0.03919363,-0.03697813,-0.088334,-0.0272995,-0.01724984,-0.9955673,0.05740448,-0.1749431,0.9829037,0.08742921,0.04118991,-0.03634337,-0.01492441,0.05555049,-0.01461394,-0.9982374,-0.110469,-0.03141984,0.9933828,0.14,1.811587,3.74,0,-0.6727939,0,0.73983,-0.9955062,0,0.09469664
saccade,8.3925,0.01825012,0.03918147,-0.0369615,-0.0902493,0.02303009,-0.0158198,-0.9955272,-0.04299872,-0.1804199,0.9826494,0.08742733,0.0411787,-0.0363303,-0.01488938,0.05552528,-0.01462138,-0.9982392,-0.1104196,-0.03135003,0.9933905,0.14,1.811587,3.74,0,-0.6727939,0,0.73983,-0.9955062,0,0.09469664
saccade,8.4034,0.01821889,0.03916764,-0.03690346,-0.09031693,0.02307033,-0.01589567,-0.995519,-0.04306261,-0.1805579,0.9826213,0.08739575,0.04117489,-0.03626561,-0.01495963,0.05557111,-0.01469181,-0.9982346,-0.1105064,-0.03149932,0.9933761,0.14,1.811587,3.74,0,-0.6727939,0,0.73983,-0.9955062,0,0.09469664
saccade,8.4149,0.01821758,0.03915441,-0.0368748,-0.09028487,0.02304245,-0.01585348,-0.9955232,-0.04301592,-0.180492,0.9826354,0.08739464,0.04115617,-0.0362414,-0.01169376,0.07017588,-0.01420619,-0.9973649,-0.1396497,-0.02531975,0.9898772,0.14,1.811587,3.74,0,-0.6727939,0,0.73983,-0.9955062,0,0.09469664
saccade,8.4257,0.01822583,0.0391382,-0.03684918,-0.08995184,0.03452426,-0.01549911,-0.9952269,-0.0659306,-0.1801152,0.9814335,0.087403,0.04113758,-0.03622028,-0.01166322,0.07014408,-0.01419111,-0.9973677,-0.1395878,-0.02525588,0.9898875,0.14,1.811587,3.74,0,-0.6727939,0,0.73983,-0.9955062,0,0.09469664
saccade,8.4369,0.01823658,0.03912747,-0.0368228,-0.08999535,0.03450994,-0.015467,-0.9952239,-0.06590632,-0.1801986,0.9814198,0.08741388,0.04112291,-0.03619617,-0.01170576,0.07012739,-0.01415874,-0.9973689,-0.1395543,-0.02533575,0.9898903,0.14,1.811587,3.74,0,-0.6727939,0,0.73983,-0.9955062,0,0.09469664
saccade,8.4483,0.01828584,0.03909659,-0.03684003,-0.09006212,0.03449665,-0.01544218,-0.9952188,-0.06588192,-0.1803284,0.9813976,0.08746324,0.04108894,-0.03621539,-0.00933437,0.07792276,-0.01388956,-0.996819,-0.1550905,-0.02077398,0.9876818,0.14,1.811587,3.74,0,-0.6727939,0,0.73983,-0.9955062,0,0.09469664
saccade,8.4589,0.01830542,0.03905296,-0.03682229,-0.09046593,0.0402616,-0.0153049,-0.9949677,-0.07734885,-0.1812538,0.9803898,0.08748275,0.04105067,-0.03620534,-0.009356616,0.07786678,-0.01392593,-0.9968227,-0.1549781,-0.02082251,0.9876984,0.14,1.811587,3.74,0,-0.6727939,0,0.73983,-0.9955062,0,0.09469664
saccade,8.4703,0.0183226,0.03899419,-0.036802,-0.09053802,0.04022851,-0.01536065,-0.9949616,-0.0772702,-0.1813996,0.9803691,0.08749971,0.04100025,-0.03618874,-0.009431115,0.07783852,-0.01398151,-0.9968234,-0.1549188,-0.02097891,0.9877045,0.14,1.811587,3.74,0,-0.6727939,0,0.73983,-0.9955062,0,0.09469664
saccade,8.4842,0.0183208,0.03895903,-0.03681493,-0.09060257,0.04024941,-0.01535204,-0.9949551,-0.07731084,-0.1815268,0.9803423,0.08749792,0.04096389,-0.03619874,-0.007522569,0.08350091,-0.01379089,-0.9963839,-0.1661904,-0.01729384,0.985942,0.14,1.811587,3.74,0,-0.6727939,0,0.73983,-0.9955062,0,0.09469664
saccade,8.5006,0.01832113,0.0389365,-0.03679883,-0.08973818,0.04520454,-0.01512789,-0.9948241,-0.08722603,-0.1799151,0.9798072,0.08749857,0.04093182,-0.03618715,-0.007581549,0.08346799,-0.01371665,-0.9963872,-0.1661249,-0.01739812,0.9859512,0.14,1.811587,3.74,0,-0.6727939,0,0.73983,-0.9955062,0,0.09469664
saccade,8.5083,0.0183334,0.03899431,-0.03673825,-0.08971083,0.04524024,-0.01494128,-0.9948277,-0.0873317,-0.1798455,0.9798106,0.08751157,0.04096341,-0.03612401,-0.005794274,0.08752226,-0.01339986,-0.9960556,-0.1741988,-0.01388841,0.9846126,0.14,1.811587,3.74,0,-0.6727939,0,0.73983,-0.9955062,0,0.09469664
saccade,8.5154,0.0183334,0.03899431,-0.03673825,-0.08971083,0.04524024,-0.01494128,-0.9948277,-0.0873317,-0.1798455,0.9798106,0.08751157,0.04096341,-0.03612401,-0.005794274,0.08752226,-0.01339986,-0.9960556,-0.1741988,-0.01388841,0.9846126,0.14,1.811587,3.74,0,-0.6727939,0,0.73983,-0.9955062,0,0.09469664
saccade,8.5259,0.01834157,0.03904641,-0.03674079,-0.08999595,0.04916396,-0.01473452,-0.9946188,-0.09514671,-0.1804721,0.9789672,0.08752009,0.04100275,-0.03612573,-0.005802423,0.08752844,-0.01330717,-0.9960563,-0.1742121,-0.01388859,0.9846102,0.14,1.811587,3.74,0,-0.6727939,0,0.73983,-0.9955062,0,0.09469664
saccade,8.5374,0.01834864,0.03906298,-0.03673811,-0.09006135,0.04914088,-0.0147019,-0.9946145,-0.09510431,-0.1805976,0.9789482,0.0875273,0.04101551,-0.03612647,-0.005495446,0.09063719,-0.01317742,-0.9957817,-0.1803649,-0.01333326,0.9835094,0.14,1.811587,3.74,0,-0.6727939,0,0.73983,-0.9955062,0,0.09469664
saccade,8.5479,0.01836251,0.03905272,-0.03673647,-0.09010912,0.04912263,-0.01476578,-0.9946101,-0.09505466,-0.1806976,0.9789346,0.08754092,0.04101455,-0.03612645,-0.005546056,0.09062458,-0.01324062,-0.9957817,-0.1803377,-0.01344517,0.9835129,0.14,1.811587,3.74,0,-0.6727939,0,0.73983,-0.9955062,0,0.09469664
saccade,8.5589,0.01837347,0.03904462,-0.03675003,-0.09021144,0.05103382,-0.01476437,-0.9945046,-0.09884292,-0.1809384,0.9785149,0.08755162,0.04101431,-0.0361357,-0.005657822,0.09065361,-0.01328899,-0.9957778,-0.1803913,-0.01367726,0.9834998,0.14,1.811587,3.74,0,-0.6727939,0,0.73983,-0.9955062,0,0.09469664
saccade,8.5702,0.01838597,0.03904402,-0.03676777,-0.09024454,0.0510011,-0.01478871,-0.994503,-0.09877229,-0.1810054,0.9785096,0.08756404,0.04101765,-0.03615757,-0.004664062,0.09297967,-0.01323846,-0.9955691,-0.1850119,-0.01174861,0.9826661,0.14,1.811587,3.74,0,-0.6727939,0,0.73983,-0.9955062,0,0.09469664
saccade,8.5817,0.01840085,0.03905416,-0.03675941,-0.09020801,0.05098287,-0.01481748,-0.9945068,-0.09873231,-0.1809358,0.9785265,0.08757883,0.04103184,-0.03615147,-0.00462866,0.09296391,-0.01327018,-0.9955704,-0.1849814,-0.01168361,0.9826726,0.14,1.811587,3.74,0,-0.6727939,0,0.73983,-0.9955062,0,0.09469664
saccade,8.5921,0.01841042,0.03907073,-0.03675137,-0.09060673,0.05195752,-0.01474327,-0.9944212,-0.1006636,-0.1817346,0.9781817,0.08758864,0.04104245,-0.03615099,-0.004561232,0.0929106,-0.01323263,-0.9955761,-0.1848784,-0.01154101,0.9826936,0.14,1.811587,3.74,0,-0.6727939,0,0.73983,-0.9955062,0,0.09469664
saccade,8.6035,0.01840376,0.03911591,-0.03673851,-0.09040695,0.05191225,-0.01464396,-0.9944432,-0.1005997,-0.1813296,0.9782634,0.08758245,0.04107332,-0.03614613,-0.004237637,0.09445108,-0.01309684,-0.9954343,-0.1879287,-0.0109106,0.9821221,0.14,1.811587,3.74,0,-0.6727939,0,0.73983,-0.9955062,0,0.09469664
saccade,8.6146,0.01839877,0.03912675,-0.03673337,-0.09032776,0.05184076,-0.01457083,-0.9944552,-0.1004743,-0.1811645,0.9783069,0.08757783,0.0410744,-0.03615197,-0.004155245,0.09437355,-0.01303357,-0.9954429,-0.1877786,-0.01073266,0.9821528,0.14,1.811587,3.74,0,-0.6727939,0,0.73983,-0.9955062,0,0.09469664
saccade,8.6257,0.01839735,0.03911972,-0.0367332,-0.08980111,0.05281124,-0.0145643,-0.9944519,-0.1024207,-0.1801441,0.9782935,0.08757631,0.04107022,-0.03614971,-0.004126834,0.09438895,-0.01305648,-0.9954412,-0.1878095,-0.01068082,0.9821474,0.14,1.811587,3.74,0,-0.6727939,0,0.73983,-0.9955062,0,0.09469664
saccade,8.6371,0.01839328,0.03909421,-0.03674068,-0.08984792,0.05279292,-0.01463382,-0.9944476,-0.10237,-0.1802432,0.9782805,0.08757196,0.04105484,-0.03615874,-0.004176714,0.09437685,-0.01312535,-0.9954413,-0.1877836,-0.0107928,0.9821512,0.14,1.811587,3.74,0,-0.6727939,0,0.73983,-0.9955062,0,0.09469664
saccade,8.6482,0.01838624,0.03905249,-0.03676283,-0.08982613,0.0528516,-0.0147376,-0.994445,-0.1024684,-0.1802121,0.978276,0.08756447,0.04102647,-0.03617157,-0.003194552,0.09635803,-0.01316276,-0.9952546,-0.1917174,-0.008895461,0.9814098,0.14,1.811587,3.74,0,-0.6727939,0,0.73983,-0.9955062,0,0.09469664
saccade,8.6594,0.01837449,0.03902674,-0.03676322,-0.0886255,0.05342193,-0.01478216,-0.9945216,-0.1036384,-0.1778593,0.9785832,0.08755243,0.04100907,-0.03616554,-0.003210518,0.0964039,-0.01322161,-0.9952493,-0.1918069,-0.008939761,0.981392,0.14,1.811587,3.74,0,-0.6727939,0,0.73983,-0.9955062,0,0.09469664
saccade,8.6701,0.01835643,0.03900659,-0.03675966,-0.08864434,0.05340502,-0.01480483,-0.9945205,-0.1036001,-0.1778985,0.9785802,0.08753428,0.04099238,-0.03616398,-0.002496224,0.09785846,-0.01319735,-0.9951097,-0.1946939,-0.007550978,0.980835,0.14,1.811587,3.74,0,-0.6727939,0,0.73983,-0.9955062,0,0.09469664
saccade,8.6815,0.01835796,0.0389961,-0.03677984,-0.0886112,0.05344502,-0.01488867,-0.99452,-0.1036657,-0.1778427,0.9785834,0.08753545,0.04099274,-0.03617771,-0.002466612,0.09790528,-0.01327877,-0.9951041,-0.1947864,-0.007509193,0.980817,0.14,1.811587,3.74,0,-0.6727939,0,0.73983,-0.9955062,0,0.09469664
saccade,8.6925,0.01835316,0.03898966,-0.0367963,-0.08872402,0.05342545,-0.01485511,-0.9945115,-0.1036284,-0.1780614,0.9785475,0.08753078,0.0409826,-0.03619698,-0.002578333,0.0978833,-0.01324214,-0.9951065,-0.1947403,-0.007723801,0.9808244,0.14,1.811587,3.74,0,-0.6727939,0,0.73983,-0.9955062,0,0.09469664
saccade,8.7036,0.01832911,0.03897774,-0.0367939,-0.08919431,0.05489365,-0.0148272,-0.9943899,-0.1065264,-0.1790157,0.9780622,0.08750661,0.04097188,-0.0361838,-0.002635378,0.09795993,-0.01324559,-0.9950987,-0.1948898,-0.007839997,0.9807938,0.14,1.811587,3.74,0,-0.6727939,0,0.73983,-0.9955062,0,0.09469664
saccade,8.7144,0.01831283,0.03897321,-0.03679707,-0.08925524,0.05492896,-0.0147765,-0.9943832,-0.1066031,-0.1791312,0.9780326,0.08749048,0.04096031,-0.03618256,-0.002368362,0.09883072,-0.01316246,-0.9950144,-0.1966136,-0.007314821,0.9804537,0.14,1.811587,3.74,0,-0.6727939,0,0.73983,-0.9955062,0,0.09469664
saccade,8.7258,0.01829153,0.0390017,-0.03682905,-0.08820289,0.05584208,-0.01474962,-0.9944267,-0.1084598,-0.1770699,0.9782038,0.08746913,0.04098797,-0.03620581,-0.002334928,0.09889396,-0.01315952,-0.9950082,-0.1967392,-0.007249339,0.9804291,0.14,1.811587,3.74,0,-0.6727939,0,0.73983,-0.9955062,0,0.09469664
saccade,8.7367,0.01827083,0.03900313,-0.0368331,-0.08813009,0.05585611,-0.01481636,-0.9944314,-0.1084786,-0.1769338,0.9782264,0.08744816,0.04099798,-0.03620731,-0.002264746,0.09891336,-0.01322781,-0.9950055,-0.1967788,-0.007123684,0.980422,0.14,1.811587,3.74,0,-0.6727939,0,0.73983,-0.9955062,0,0.09469664
saccade,8.7481,0.01826462,0.03899646,-0.03683544,-0.08823144,0.05594029,-0.01496583,-0.9944154,-0.1086149,-0.1771518,0.9781718,0.08744124,0.04101145,-0.03619595,-0.00217537,0.09987755,-0.01333761,-0.994908,-0.1986799,-0.006992842,0.9800395,0.14,1.811587,3.74,0,-0.6727939,0,0.73983,-0.9955062,0,0.09469664
saccade,8.7590,0.01825924,0.03898013,-0.03686538,-0.08773651,0.05645989,-0.01502126,-0.994429,-0.1096549,-0.1761917,0.9782292,0.08743556,0.0410049,-0.03622372,-0.002176976,0.09989303,-0.01340858,-0.9949055,-0.1987099,-0.007010617,0.9800333,0.14,1.811587,3.74,0,-0.6727939,0,0.73983,-0.9955062,0,0.09469664
saccade,8.7699,0.01825337,0.03898382,-0.03687876,-0.08770325,0.05642959,-0.01498783,-0.9944341,-0.1096021,-0.1761217,0.9782477,0.08742985,0.04100418,-0.03624178,-0.00214223,0.09985997,-0.01337934,-0.9949092,-0.1986459,-0.006934769,0.9800468,0.14,1.811587,3.74,0,-0.6727939,0,0.73983,-0.9955062,0,0.09469664
saccade,8.7814,0.01825128,0.0389905,-0.03686916,-0.08765526,0.05642713,-0.01489953,-0.9944398,-0.1096147,-0.1760172,0.978265,0.08742814,0.04099846,-0.03623372,-0.001645664,0.09992826,-0.01328948,-0.9949046,-0.1987944,-0.005930546,0.9800233,0.14,1.811587,3.74,0,-0.6727939,0,0.73983,-0.9955062,0,0.09469664
saccade,8.7924,0.01825403,0.03900051,-0.03685415,-0.0870817,0.05625216,-0.0147661,-0.9945022,-0.1093141,-0.1748671,0.978505,0.08743146,0.04098952,-0.03622102,-0.001607955,0.09991217,-0.01315482,-0.994908,-0.1987645,-0.005828188,0.9800299,0.14,1.811587,3.74,0,-0.6727939,0,0.73983,-0.9955062,0,0.09469664
saccade,8.8039,0.01826218,0.03899908,-0.03684914,-0.08703808,0.056206,-0.01467628,-0.9945099,-0.1092401,-0.1747703,0.9785305,0.08744003,0.04097581,-0.03622358,-0.001560388,0.09985855,-0.01307128,-0.9949146,-0.1986607,-0.005715464,0.9800517,0.14,1.811587,3.74,0,-0.6727939,0,0.73983,-0.9955062,0,0.09469664
saccade,8.8150,0.01826797,0.03898394,-0.03683747,-0.08692227,0.05613131,-0.01464358,-0.9945247,-0.1091022,-0.1745366,0.9785876,0.08744605,0.04095638,-0.03622292,-0.00120892,0.1001877,-0.01303685,-0.9948824,-0.1993185,-0.005017732,0.9799219,0.14,1.811587,3.74,0,-0.6727939,0,0.73983,-0.9955062,0,0.09469664
saccade,8.8256,0.01827591,0.03896034,-0.03682215,-0.08660217,0.0561602,-0.01468945,-0.9945503,-0.109164,-0.1739104,0.9786922,0.08745378,0.04094052,-0.03621142,-0.001318676,0.1001585,-0.01308377,-0.9948846,-0.1992579,-0.005244763,0.9799331,0.14,1.811587,3.74,0,-0.6727939,0,0.73983,-0.9955062,0,0.09469664
saccade,8.8369,0.0182847,0.03893983,-0.03681761,-0.08665946,0.0561296,-0.0147584,-0.9945461,-0.109089,-0.1740304,0.9786792,0.08746232,0.04093039,-0.03621013,-0.001379231,0.1001342,-0.01315255,-0.9948861,-0.199208,-0.005378395,0.9799425,0.14,1.811587,3.74,0,-0.6727939,0,0.73983,-0.9955062,0,0.09469664
saccade,8.8480,0.01829283,0.03891134,-0.0368154,-0.08665244,0.05615783,-0.01484828,-0.9945437,-0.1091296,-0.174027,0.9786753,0.08747006,0.04091382,-0.03620299,-0.001376066,0.1001699,-0.01323987,-0.9948813,-0.1992778,-0.005390517,0.9799282,0.14,1.811587,3.74,0,-0.6727939,0,0.73983,-0.9955062,0,0.09469664
saccade,8.8592,0.01829258,0.03889894,-0.03680585,-0.08652231,0.05630468,-0.01487513,-0.9945464,-0.1094212,-0.173776,0.9786873,0.08746971,0.04090643,-0.03619802,-0.000833096,0.1004632,-0.01326304,-0.9948521,-0.19987,-0.00432251,0.9798129,0.14,1.811587,3.74,0,-0.6727939,0,0.73983,-0.9955062,0,0.09469664
saccade,8.8700,0.01830253,0.0388943,-0.03679098,-0.08653456,0.05630409,-0.01493745,-0.9945444,-0.1094086,-0.173807,0.9786832,0.0874794,0.04091036,-0.03618246,-0.0008481387,0.100468,-0.01332458,-0.9948508,-0.1998788,-0.004364931,0.9798109,0.14,1.811587,3.74,0,-0.6727939,0,0.73983,-0.9955062,0,0.09469664
saccade,8.8810,0.01830381,0.03890073,-0.03680931,-0.08654926,0.05629742,-0.01491898,-0.9945438,-0.1093981,-0.1738338,0.9786797,0.08748075,0.04091442,-0.03620189,-0.0003731586,0.1007274,-0.01329602,-0.9948252,-0.2004025,-0.003421003,0.9797077,0.14,1.811587,3.74,0,-0.6727939,0,0.73983,-0.9955062,0,0.09469664
saccade,8.8926,0.01829875,0.03890872,-0.03681473,-0.08665615,0.05723741,-0.01481758,-0.9944823,-0.1112751,-0.1740523,0.9784292,0.087476,0.04091215,-0.03620859,-0.0003360007,0.1007187,-0.01322439,-0.994827,-0.2003864,-0.003332411,0.9797113,0.14,1.811587,3.74,0,-0.6727939,0,0.73983,-0.9955062,0,0.09469664
saccade,8.9038,0.01829513,0.03891706,-0.03681218,-0.08673053,0.0573015,-0.01478352,-0.9944726,-0.1114052,-0.1741965,0.9783887,0.08747245,0.04091561,-0.03619739,-0.0004089884,0.1007796,-0.01318174,-0.9948214,-0.2005047,-0.003470642,0.9796866,0.14,1.811587,3.74,0,-0.6727939,0,0.73983,-0.9955062,0,0.09469664
saccade,8.9146,0.01829625,0.03891826,-0.0368124,-0.08667335,0.05736455,-0.01481817,-0.9944735,-0.1115264,-0.1740888,0.9783941,0.08747339,0.04092038,-0.03618865,-2.916902E-06,0.1009773,-0.0132077,-0.9948011,-0.2009046,-0.002673159,0.9796072,0.14,1.811587,3.74,0,-0.6727939,0,0.73983,-0.9955062,0,0.09469664
saccade,8.9255,0.01830036,0.03892434,-0.0368306,-0.08653852,0.05806334,-0.01478029,-0.9944452,-0.1129235,-0.173832,0.9782795,0.08747754,0.040923,-0.03620119,4.856847E-05,0.1010188,-0.01318802,-0.9947972,-0.2009877,-0.002567845,0.9795904,0.14,1.811587,3.74,0,-0.6727939,0,0.73983,-0.9955062,0,0.09469664
saccade,8.9372,0.0183124,0.03892791,-0.03682617,-0.08652893,0.05808982,-0.0147964,-0.9944443,-0.1129735,-0.1738154,0.9782766,0.08748949,0.04092848,-0.03619293,5.756505E-05,0.1010464,-0.01320215,-0.9947941,-0.2010423,-0.002553529,0.9795792,0.14,1.811587,3.74,0,-0.6727939,0,0.73983,-0.9955062,0,0.09469664
saccade,8.9481,0.01832685,0.03892612,-0.03681534,-0.08649407,0.05805465,-0.01485172,-0.9944485,-0.1128956,-0.1737522,0.9782969,0.08750376,0.04093456,-0.03618639,5.787238E-06,0.1010361,-0.01326148,-0.9947944,-0.2010205,-0.002668264,0.9795834,0.14,1.811587,3.74,0,-0.6727939,0,0.73983,-0.9955062,0,0.09469664
saccade,8.9590,0.01835014,0.03892887,-0.03681275,-0.08634361,0.05770794,-0.01483165,-0.9944821,-0.1122178,-0.1734461,0.9784291,0.08752719,0.04093385,-0.03618808,-2.496131E-05,0.1010048,-0.01323378,-0.9947979,-0.2009582,-0.002723015,0.979596,0.14,1.811587,3.74,0,-0.6727939,0,0.73983,-0.9955062,0,0.09469664
saccade,8.9701,0.01838034,0.03892875,-0.03680144,-0.08635566,0.05762265,-0.01481465,-0.9944862,-0.1120512,-0.1734663,0.9784446,0.08755754,0.04093242,-0.03618873,-3.647618E-05,0.1009187,-0.01322376,-0.9948068,-0.2007883,-0.002741624,0.9796308,0.14,1.811587,3.74,0,-0.6727939,0,0.73983,-0.9955062,0,0.09469664
saccade,8.9810,0.01840346,0.03892636,-0.03678112,-0.08630081,0.05750233,-0.01478954,-0.9944983,-0.1118192,-0.1733529,0.9784913,0.08758086,0.04092765,-0.03618547,0.0009546654,0.09909647,-0.01325968,-0.994989,-0.1972251,-0.000728211,0.9803579,0.14,1.811587,3.74,0,-0.6727939,0,0.73983,-0.9955062,0,0.09469664
saccade,8.9922,0.01842688,0.03891921,-0.03675786,-0.0862832,0.05741822,-0.01471584,-0.9945058,-0.111666,-0.1733082,0.9785167,0.08760466,0.04091132,-0.03617475,0.0009752065,0.09900647,-0.01319444,-0.9949988,-0.1970484,-0.0006720122,0.9803935,0.14,1.811587,3.74,0,-0.6727939,0,0.73983,-0.9955062,0,0.09469664
saccade,9.0031,0.0184449,0.03891647,-0.03676125,-0.08613002,0.05441307,-0.01478939,-0.994687,-0.1057003,-0.1729543,0.9792417,0.08762272,0.04090631,-0.03617509,0.0009280035,0.09902769,-0.01317458,-0.9949971,-0.197089,-0.0007625743,0.9803853,0.14,1.811587,3.74,0,-0.6727939,0,0.73983,-0.9955062,0,0.09469664
saccade,9.0143,0.01845438,0.03890657,-0.03674475,-0.08615639,0.05436898,-0.01475113,-0.9946877,-0.1056185,-0.1730014,0.9792422,0.08763238,0.04089189,-0.03616506,0.0009031688,0.09898067,-0.01313921,-0.9950022,-0.1969957,-0.0008037465,0.980404,0.14,1.811587,3.74,0,-0.6727939,0,0.73983,-0.9955062,0,0.09469664
saccade,9.0260,0.01845554,0.0388881,-0.03673069,-0.08611371,0.05441958,-0.01474278,-0.9946887,-0.105722,-0.1729173,0.9792459,0.08763354,0.04087138,-0.03614422,0.001353957,0.09667383,-0.01319839,-0.9952277,-0.1924607,0.0001431117,0.9813046,0.14,1.811587,3.74,0,-0.6727939,0,0.73983,-0.9955062,0,0.09469664
saccade,9.0369,0.01845216,0.03887379,-0.03672598,-0.08603664,0.04932995,-0.0148963,-0.9949585,-0.09559926,-0.1726754,0.9803285,0.08763013,0.0408572,-0.03613701,0.001340149,0.09669161,-0.01319846,-0.995226,-0.1924954,0.0001151413,0.9812979,0.14,1.811587,3.74,0,-0.6727939,0,0.73983,-0.9955062,0,0.09469664
saccade,9.0481,0.01840718,0.03884125,-0.03675523,-0.08606971,0.04935792,-0.01495756,-0.9949533,-0.09564287,-0.1727472,0.9803116,0.08758488,0.040833,-0.03616159,0.0008622929,0.09378261,-0.01334659,-0.9955029,-0.1867447,-0.0007865267,0.9824082,0.14,1.811587,3.74,0,-0.6727939,0,0.73983,-0.9955062,0,0.09469664
saccade,9.0588,0.01840074,0.03881955,-0.03674825,-0.08611673,0.04944247,-0.0149639,-0.9949449,-0.0958078,-0.1728425,0.9802787,0.08757833,0.04081154,-0.03614274,0.0008150396,0.09386727,-0.01334345,-0.995495,-0.1869106,-0.0008822911,0.9823765,0.14,1.811587,3.74,0,-0.6727939,0,0.73983,-0.9955062,0,0.09469664
saccade,9.0702,0.018392,0.03880167,-0.03674305,-0.08659504,0.04569189,-0.01507515,-0.9950811,-0.08832341,-0.1737158,0.9808271,0.08756956,0.04079282,-0.03613231,0.0008075479,0.09390473,-0.01333735,-0.9954916,-0.1869843,-0.0008970657,0.9823625,0.14,1.811587,3.74,0,-0.6727939,0,0.73983,-0.9955062,0,0.09469664
saccade,9.0811,0.01837821,0.03881061,-0.03675366,-0.08666379,0.04572983,-0.01511239,-0.9950728,-0.08838963,-0.1738557,0.9807963,0.08755559,0.04080677,-0.03613707,-0.0001094993,0.09093617,-0.01346298,-0.9957657,-0.1810993,-0.002666615,0.9834612,0.14,1.811587,3.74,0,-0.6727939,0,0.73983,-0.9955062,0,0.09469664
saccade,9.0923,0.01836532,0.03881013,-0.03675257,-0.08671605,0.0457636,-0.01510482,-0.9950668,-0.08845603,-0.173959,0.980772,0.08754268,0.0408051,-0.03613129,-0.0001614932,0.09096919,-0.01345019,-0.9957629,-0.1811631,-0.002768724,0.9834492,0.14,1.811587,3.74,0,-0.6727939,0,0.73983,-0.9955062,0,0.09469664
saccade,9.1031,0.01835771,0.03880739,-0.03675373,-0.08715396,0.04308093,-0.01517477,-0.9951472,-0.08309864,-0.1747695,0.9810964,0.08753507,0.04079962,-0.03612293,-0.0001388602,0.091038,-0.01343189,-0.9957569,-0.1812997,-0.002722166,0.9834241,0.14,1.811587,3.74,0,-0.6727939,0,0.73983,-0.9955062,0,0.09469664
saccade,9.1144,0.01834633,0.03880501,-0.03675533,-0.08716168,0.04313192,-0.01519376,-0.9951441,-0.08319632,-0.1747875,0.9810849,0.08752356,0.04079938,-0.03611724,-0.004852614,0.08475313,-0.01365848,-0.9962966,-0.1687459,-0.01198448,0.9855867,0.14,1.811587,3.74,0,-0.6727939,0,0.73983,-0.9955062,0,0.09469664
saccade,9.1257,0.01834943,0.03879941,-0.03677687,-0.0890518,0.03660008,-0.01547465,-0.995234,-0.0700952,-0.1783875,0.9814604,0.08752625,0.04080343,-0.03612463,-0.004859617,0.08485463,-0.01372886,-0.9962869,-0.1689457,-0.01201306,0.9855521,0.14,1.811587,3.74,0,-0.6727939,0,0.73983,-0.9955062,0,0.09469664
saccade,9.1370,0.01834391,0.03878975,-0.03678863,-0.08901822,0.03655856,-0.01551278,-0.995238,-0.07000711,-0.1783229,0.9814785,0.08752061,0.04079938,-0.03614174,-0.004827878,0.08481653,-0.01377192,-0.9962897,-0.1688707,-0.0119561,0.9855657,0.14,1.811587,3.74,0,-0.6727939,0,0.73983,-0.9955062,0,0.09469664
saccade,9.1479,0.01834764,0.03878176,-0.03678949,-0.08902061,0.03653564,-0.01555546,-0.9952379,-0.06995379,-0.17833,0.981481,0.08752419,0.04079759,-0.03614523,-0.01095729,0.07768784,-0.01405698,-0.9968184,-0.1545733,-0.02402897,0.9876891,0.14,1.811587,3.74,0,-0.6727939,0,0.73983,-0.9955062,0,0.09469664
saccade,9.1589,0.01836655,0.03877497,-0.03679302,-0.08897529,0.036507,-0.01554061,-0.9952433,-0.06990123,-0.1782388,0.9815013,0.08754319,0.04078901,-0.03615299,-0.01091128,0.07765813,-0.01404627,-0.9968214,-0.154516,-0.0239348,0.9877003,0.14,1.811587,3.74,0,-0.6727939,0,0.73983,-0.9955062,0,0.09469664
saccade,9.1700,0.01838639,0.03877378,-0.03680468,-0.09587321,0.02857431,-0.01581142,-0.9948577,-0.05382297,-0.191664,0.9799837,0.087563,0.04079151,-0.03617323,-0.01095746,0.07759538,-0.01406996,-0.9968255,-0.1543898,-0.02402888,0.9877178,0.14,1.811587,3.74,0,-0.6727939,0,0.73983,-0.9955062,0,0.09469664
saccade,9.1809,0.01839625,0.03876233,-0.03680407,-0.09589485,0.02857054,-0.01575584,-0.9948567,-0.05382537,-0.1917036,0.9799758,0.0875731,0.04077256,-0.03617383,-0.01463056,0.07257061,-0.01417999,-0.9971551,-0.1443134,-0.03123597,0.9890389,0.14,1.811587,3.74,0,-0.6727939,0,0.73983,-0.9955062,0,0.09469664
saccade,9.1923,0.01840603,0.03875518,-0.03681289,-0.09590366,0.02852907,-0.01582114,-0.9948559,-0.05373003,-0.1917234,0.9799771,0.08758265,0.04077494,-0.03618748,-0.01464238,0.07253469,-0.01424802,-0.9971566,-0.1442396,-0.03126845,0.9890487,0.14,1.811587,3.74,0,-0.6727939,0,0.73983,-0.9955062,0,0.09469664
saccade,9.2037,0.01838472,0.03877461,-0.03680702,-0.09881105,0.02399131,-0.01597388,-0.9946887,-0.04457099,-0.197339,0.9793216,0.08756129,0.04079628,-0.03618252,-0.01466013,0.07252764,-0.01425995,-0.9971567,-0.1442247,-0.03130538,0.9890497,0.14,1.811587,3.74,0,-0.6727939,0,0.73983,-0.9955062,0,0.09469664
saccade,9.2146,0.01838142,0.0387758,-0.03680527,-0.0987967,0.02399501,-0.01598906,-0.9946898,-0.04457585,-0.1973115,0.9793269,0.08755791,0.04079938,-0.03618009,-0.01569993,0.0683708,-0.01440508,-0.9974324,-0.1359382,-0.03328901,0.9901579,0.14,1.811587,3.74,0,-0.6727939,0,0.73983,-0.9955062,0,0.09469664
saccade,9.2258,0.0183898,0.03877354,-0.03679609,-0.1004247,0.0203574,-0.01613212,-0.9946056,-0.03725504,-0.2004228,0.9790009,0.08756615,0.04080105,-0.03616726,-0.01568702,0.06839685,-0.01443502,-0.9974304,-0.1359893,-0.03326804,0.9901516,0.14,1.811587,3.74,0,-0.6727939,0,0.73983,-0.9955062,0,0.09469664
saccade,9.2366,0.01839514,0.03877294,-0.03678393,-0.100378,0.02036004,-0.01609565,-0.9946108,-0.03726934,-0.2003295,0.9790195,0.08757165,0.04079545,-0.03615535,-0.01563834,0.06839637,-0.01440069,-0.9974317,-0.135991,-0.03316627,0.9901547,0.14,1.811587,3.74,0,-0.6727939,0,0.73983,-0.9955062,0,0.09469664
saccade,9.2479,0.01840344,0.03878343,-0.03677632,-0.1003637,0.02038262,-0.01610444,-0.9946117,-0.03731298,-0.2003024,0.9790233,0.08757989,0.04080677,-0.03614453,-0.01562438,0.06841957,-0.01440818,-0.9974303,-0.1360373,-0.03314006,0.9901493,0.14,1.811587,3.74,0,-0.6727939,0,0.73983,-0.9955062,0,0.09469664
saccade,9.2587,0.01841754,0.03877211,-0.03677205,-0.1004234,0.0203841,-0.01608244,-0.994606,-0.03731818,-0.2004192,0.9789993,0.08759408,0.04079247,-0.03614024,-0.01961863,0.06459091,-0.01451376,-0.9976134,-0.128304,-0.04101853,0.9908863,0.14,1.811587,3.74,0,-0.6727939,0,0.73983,-0.9955062,0,0.09469664
saccade,9.2699,0.01842583,0.03875649,-0.03676034,-0.1014092,0.01819503,-0.0161331,-0.9945476,-0.03291955,-0.2022997,0.9787702,0.08760245,0.04077494,-0.0361316,-0.01957847,0.0645696,-0.01450178,-0.9976158,-0.1282635,-0.04093633,0.9908949,0.14,1.811587,3.74,0,-0.6727939,0,0.73983,-0.9955062,0,0.09469664
saccade,9.2811,0.01842031,0.03874922,-0.03679338,-0.1014468,0.01818045,-0.01614639,-0.9945439,-0.03288651,-0.2023737,0.978756,0.08759688,0.04076982,-0.03616639,-0.01961683,0.06455619,-0.01451451,-0.9976158,-0.1282351,-0.04101413,0.9908953,0.14,1.811587,3.74,0,-0.6727939,0,0.73983,-0.9955062,0,0.09469664
saccade,9.2920,0.0184245,0.03874898,-0.0368017,-0.1014947,0.01819572,-0.01611476,-0.9945392,-0.03292158,-0.2024673,0.9787355,0.08760118,0.04076505,-0.03617295,-0.02229581,0.05979103,-0.01463322,-0.9978546,-0.118673,-0.04624583,0.9918559,0.14,1.811587,3.74,0,-0.6727939,0,0.73983,-0.9955062,0,0.09469664
saccade,9.3036,0.01842775,0.03875136,-0.03680011,-0.1035589,0.01201524,-0.01634043,-0.9944165,-0.02051191,-0.206354,0.9782624,0.08760425,0.04077244,-0.03616795,-0.02227463,0.05981514,-0.01467124,-0.9978531,-0.1187198,-0.04620875,0.991852,0.14,1.811587,3.74,0,-0.6727939,0,0.73983,-0.9955062,0,0.09469664
saccade,9.3146,0.0184308,0.03874826,-0.03679648,-0.1035817,0.01203018,-0.01633475,-0.994414,-0.02054201,-0.2063992,0.9782522,0.08760732,0.04076838,-0.0361623,-0.02229723,0.05982954,-0.01466329,-0.9978518,-0.1187481,-0.04625326,0.9918465,0.14,1.811587,3.74,0,-0.6727939,0,0.73983,-0.9955062,0,0.09469664
saccade,9.3256,0.01842698,0.03874242,-0.03681567,-0.1035654,0.01202664,-0.01635112,-0.9944156,-0.02053213,-0.2063675,0.9782591,0.08760343,0.04076481,-0.03618177,-0.02438209,0.05825765,-0.01473568,-0.997895,-0.1155515,-0.05037847,0.9920231,0.14,1.811587,3.74,0,-0.6727939,0,0.73983,-0.9955062,0,0.09469664
saccade,9.3367,0.01843733,0.03873813,-0.03681704,-0.10452,0.009010717,-0.01645713,-0.9943458,-0.01447934,-0.2081547,0.9779887,0.0876137,0.04076242,-0.03618104,-0.02438364,0.05827244,-0.01474964,-0.9978939,-0.1155801,-0.05038356,0.9920195,0.14,1.811587,3.74,0,-0.6727939,0,0.73983,-0.9955062,0,0.09469664
saccade,9.3478,0.01844649,0.03873634,-0.03681632,-0.1044874,0.008954025,-0.01648752,-0.9943492,-0.01436138,-0.2080892,0.9780044,0.08762279,0.04076564,-0.03618775,-0.02435258,0.05821849,-0.01478605,-0.9978973,-0.115472,-0.05032439,0.9920351,0.14,1.811587,3.74,0,-0.6727939,0,0.73983,-0.9955062,0,0.09469664
saccade,9.3592,0.01843124,0.03874004,-0.03681626,-0.1044574,0.008893923,-0.01652871,-0.9943523,-0.0142343,-0.2080288,0.9780191,0.08760741,0.04077578,-0.03619543,-0.02664854,0.05502353,-0.01493571,-0.9980177,-0.1090329,-0.05483507,0.9925245,0.14,1.811587,3.74,0,-0.6727939,0,0.73983,-0.9955062,0,0.09469664
saccade,9.3700,0.01842104,0.03874266,-0.03680556,-0.105931,0.005197377,-0.01666626,-0.9942203,-0.00680373,-0.2108107,0.9775032,0.0875971,0.04078186,-0.03618279,-0.02657977,0.0550379,-0.01496408,-0.9980183,-0.1090622,-0.05470137,0.9925287,0.14,1.811587,3.74,0,-0.6727939,0,0.73983,-0.9955062,0,0.09469664
saccade,9.3813,0.01842292,0.0387429,-0.03680072,-0.1058616,0.005164741,-0.01668394,-0.9942275,-0.006737477,-0.2106733,0.9775333,0.08759893,0.04078507,-0.03618231,-0.02781959,0.05478326,-0.01499905,-0.997998,-0.1085126,-0.05717117,0.9924498,0.14,1.811587,3.74,0,-0.6727939,0,0.73983,-0.9955062,0,0.09469664
saccade,9.3924,0.01842423,0.03873932,-0.03679627,-0.1058052,0.005158267,-0.01674985,-0.9942325,-0.00671259,-0.2105626,0.9775573,0.08759996,0.04079068,-0.0361779,-0.02776621,0.05478202,-0.01506792,-0.9979985,-0.108508,-0.05707218,0.992456,0.14,1.811587,3.74,0,-0.6727939,0,0.73983,-0.9955062,0,0.09469664
saccade,9.4034,0.01837573,0.03872859,-0.03681571,-0.1058339,0.002505618,-0.01680649,-0.9942387,-0.001424972,-0.2105326,0.9775858,0.08755153,0.04077637,-0.0361911,-0.02778219,0.05482742,-0.01504214,-0.997996,-0.1085993,-0.05710246,0.9924442,0.14,1.811587,3.74,0,-0.6727939,0,0.73983,-0.9955062,0,0.09469664
saccade,9.4144,0.01836755,0.03870702,-0.0368177,-0.1058348,0.002597749,-0.01682643,-0.994238,-0.001603917,-0.2105375,0.9775845,0.08754319,0.04075611,-0.03618012,-0.0284361,0.05338678,-0.01510266,-0.9980547,-0.1057069,-0.05837413,0.9926825,0.14,1.811587,3.74,0,-0.6727939,0,0.73983,-0.9955062,0,0.09469664
saccade,9.4257,0.01836769,0.03865898,-0.03682337,-0.1059557,0.002668513,-0.01689542,-0.9942238,-0.001725867,-0.2107775,0.9775326,0.08754297,0.04071653,-0.03617482,-0.02856065,0.05346239,-0.0151598,-0.9980462,-0.1058499,-0.05863065,0.9926521,0.14,1.811587,3.74,0,-0.6727939,0,0.73983,-0.9955062,0,0.09469664
saccade,9.4368,0.01837273,0.03862059,-0.03682455,-0.1061564,-4.004221E-06,-0.01694829,-0.9942051,0.0036063,-0.2110823,0.9774616,0.08754809,0.04067385,-0.03617103,-0.02861189,0.05349839,-0.0151282,-0.9980434,-0.1059217,-0.05873047,0.9926386,0.14,1.811587,3.74,0,-0.6727939,0,0.73983,-0.9955062,0,0.09469664
saccade,9.4478,0.01836017,0.03861308,-0.03683041,-0.1061726,3.360398E-05,-0.01683664,-0.9942052,0.00350836,-0.2111158,0.9774548,0.08753596,0.04065049,-0.03617331,-0.03005462,0.05257853,-0.01504708,-0.998051,-0.1040476,-0.06157439,0.9926645,0.14,1.811587,3.74,0,-0.6727939,0,0.73983,-0.9955062,0,0.09469664
saccade,9.4593,0.01837484,0.03862834,-0.03680997,-0.1061802,3.091433E-05,-0.01664011,-0.9942077,0.00347223,-0.2111313,0.9774516,0.08755146,0.0406388,-0.03615612,-0.03005195,0.05256088,-0.01485123,-0.998055,-0.1040247,-0.06154818,0.9926684,0.14,1.811587,3.74,0,-0.6727939,0,0.73983,-0.9955062,0,0.09469664
saccade,9.4700,0.0183892,0.03864682,-0.03678279,-0.1066224,-0.001132353,-0.01649987,-0.9941621,0.005769995,-0.2119625,0.9772608,0.08756658,0.04063404,-0.03613861,-0.03010162,0.05249538,-0.01467954,-0.9980595,-0.1039033,-0.06162763,0.9926763,0.14,1.811587,3.74,0,-0.6727939,0,0.73983,-0.9955062,0,0.09469664
saccade,9.4809,0.01840676,0.03865361,-0.03676202,-0.1067389,-0.001201945,-0.01635333,-0.9941519,0.005880903,-0.21219,0.9772108,0.0875848,0.04062152,-0.03612938,-0.03090896,0.05124464,-0.01457057,-0.9981014,-0.101394,-0.06319388,0.9928373,0.14,1.811587,3.74,0,-0.6727939,0,0.73983,-0.9955062,0,0.09469664
saccade,9.4922,0.01843894,0.03863764,-0.03674332,-0.1067182,-0.001302771,-0.01645603,-0.9941523,0.006102622,-0.2121455,0.977219,0.08761664,0.04062116,-0.03612307,-0.03089399,0.05115206,-0.01468162,-0.998105,-0.1012031,-0.06317288,0.9928581,0.14,1.811587,3.74,0,-0.6727939,0,0.73983,-0.9955062,0,0.09469664
saccade,9.5038,0.01846379,0.0386306,-0.03673631,-0.1069807,-0.002762191,-0.01658832,-0.9941189,0.009041152,-0.2126113,0.977095,0.08764116,0.04062724,-0.03612159,-0.03100694,0.05110767,-0.0147704,-0.9981024,-0.1011054,-0.06340597,0.9928532,0.14,1.811587,3.74,0,-0.6727939,0,0.73983,-0.9955062,0,0.09469664
saccade,9.5148,0.01847448,0.03862381,-0.03673989,-0.1071379,-0.002740716,-0.01662701,-0.9941013,0.009011866,-0.2129207,0.9770279,0.08765168,0.04062533,-0.03612138,-0.03196081,0.04937734,-0.0148548,-0.9981582,-0.09762324,-0.06527087,0.9930808,0.14,1.811587,3.74,0,-0.6727939,0,0.73983,-0.9955062,0,0.09469664
saccade,9.5254,0.01844737,0.03863811,-0.03673275,-0.1072183,-0.00272995,-0.0166967,-0.9940916,0.009008024,-0.2130784,0.9769936,0.08762427,0.04064894,-0.03611159,-0.0320451,0.04939315,-0.01491926,-0.9981537,-0.09764773,-0.06544568,0.9930668,0.14,1.811587,3.74,0,-0.6727939,0,0.73983,-0.9955062,0,0.09469664
saccade,9.5367,0.01845039,0.03864944,-0.03673527,-0.1070111,-0.003263165,-0.01670459,-0.9941121,0.01006306,-0.2126531,0.9770759,0.08762734,0.04065943,-0.03611599,-0.03207508,0.04937927,-0.01491187,-0.9981536,-0.0976196,-0.06550438,0.9930658,0.14,1.811587,3.74,0,-0.6727939,0,0.73983,-0.9955062,0,0.09469664
saccade,9.5478,0.01844968,0.0386678,-0.03673659,-0.106916,-0.003300038,-0.01664252,-0.9941233,0.01011999,-0.2124655,0.9771162,0.0876269,0.04066992,-0.03612347,-0.03197644,0.04933808,-0.01485777,-0.9981596,-0.09754436,-0.0653013,0.9930865,0.14,1.811587,3.74,0,-0.6727939,0,0.73983,-0.9955062,0,0.09469664
saccade,9.5594,0.01845047,0.03869426,-0.0367105,-0.1068181,-0.003276868,-0.01657018,-0.9941351,0.01005529,-0.2122746,0.9771583,0.08762798,0.04068625,-0.03609543,-0.03171443,0.04774819,-0.01483691,-0.9982455,-0.09438774,-0.06473445,0.9934286,0.14,1.811587,3.74,0,-0.6727939,0,0.73983,-0.9955062,0,0.09469664
saccade,9.5702,0.01845816,0.03872299,-0.03669046,-0.1061243,-0.005005281,-0.01663614,-0.9942011,0.01348351,-0.2108513,0.9774252,0.08763555,0.04071593,-0.03606408,-0.03166332,0.04783028,-0.01484788,-0.9982431,-0.09455222,-0.06463574,0.9934194,0.14,1.811587,3.74,0,-0.6727939,0,0.73983,-0.9955062,0,0.09469664
saccade,9.5811,0.01844554,0.0387274,-0.03669105,-0.1059691,-0.005003319,-0.01661564,-0.994218,0.01347027,-0.2105465,0.977491,0.08762299,0.04071772,-0.03606495,-0.0315064,0.04783103,-0.01483537,-0.9982482,-0.09455966,-0.0643216,0.9934391,0.14,1.811587,3.74,0,-0.6727939,0,0.73983,-0.9955062,0,0.09469664
saccade,9.5931,0.0184447,0.03872454,-0.03669524,-0.1059425,-0.00501539,-0.01672033,-0.9942191,0.01351558,-0.2104923,0.9775021,0.08762173,0.0407294,-0.03606931,-0.03140951,0.04672717,-0.01497447,-0.9983014,-0.09235492,-0.06411174,0.99366,0.14,1.811587,3.74,0,-0.6727939,0,0.73983,-0.9955062,0,0.09469664
saccade,9.6031,0.01840566,0.03870559,-0.03669602,-0.1058577,-0.00651357,-0.01682803,-0.9942176,0.01651457,-0.210272,0.9775034,0.08758245,0.04072011,-0.03607397,-0.03138195,0.04669743,-0.01504382,-0.9983027,-0.09229214,-0.06406238,0.993669,0.14,1.811587,3.74,0,-0.6727939,0,0.73983,-0.9955062,0,0.09469664
saccade,9.6145,0.01839287,0.0386914,-0.03669013,-0.1058757,-0.006451287,-0.0169051,-0.9942148,0.01640761,-0.2103083,0.9774974,0.08756929,0.04071558,-0.03605836,-0.03140385,0.04676517,-0.01511494,-0.9982978,-0.0924218,-0.0641145,0.9936537,0.14,1.811587,3.74,0,-0.6727939,0,0.73983,-0.9955062,0,0.09469664
saccade,9.6256,0.01837866,0.0386821,-0.03669176,-0.1058432,-0.006473791,-0.01693625,-0.9942176,0.01645789,-0.2102431,0.9775106,0.08755498,0.04071093,-0.03606267,-0.03161584,0.04563081,-0.01518345,-0.9983425,-0.09015027,-0.06451254,0.9938365,0.14,1.811587,3.74,0,-0.6727939,0,0.73983,-0.9955062,0,0.09469664
saccade,9.6368,0.01836186,0.03866887,-0.03667929,-0.1062418,-0.008277521,-0.01700846,-0.9941604,0.02007238,-0.2109612,0.9772883,0.08753805,0.04069901,-0.03604104,-0.03164946,0.04569618,-0.01519406,-0.9983383,-0.09027872,-0.06458236,0.9938204,0.14,1.811587,3.74,0,-0.6727939,0,0.73983,-0.9955062,0,0.09469664
saccade,9.6482,0.01833966,0.03865647,-0.03666971,-0.1062849,-0.008233875,-0.01705894,-0.9941553,0.01999772,-0.2110464,0.9772714,0.08751559,0.04069293,-0.03602464,-0.03169525,0.04574332,-0.01523876,-0.998334,-0.09036823,-0.06467903,0.9938059,0.14,1.811587,3.74,0,-0.6727939,0,0.73983,-0.9955062,0,0.09469664
saccade,9.6590,0.01832454,0.03863013,-0.03666596,-0.1063749,-0.00820696,-0.01708664,-0.9941455,0.01995301,-0.2112238,0.9772341,0.08750035,0.0406698,-0.03601664,-0.03166844,0.0448276,-0.01528739,-0.9983757,-0.08854132,-0.0646046,0.9939752,0.14,1.811587,3.74,0,-0.6727939,0,0.73983,-0.9955062,0,0.09469664
saccade,9.6700,0.01831549,0.03860927,-0.03665864,-0.1073436,-0.009127244,-0.0171693,-0.9940318,0.02183157,-0.2130925,0.9767881,0.08749107,0.04065609,-0.03600676,-0.03163363,0.04484491,-0.01534114,-0.9983752,-0.08857349,-0.06454041,0.9939765,0.14,1.811587,3.74,0,-0.6727939,0,0.73983,-0.9955062,0,0.09469664
saccade,9.6815,0.01831326,0.03862762,-0.03666772,-0.1074469,-0.009104427,-0.01714259,-0.9940214,0.02178383,-0.2132969,0.9767445,0.08748893,0.04067016,-0.03601294,-0.03173583,0.04486536,-0.01530733,-0.9983715,-0.08861302,-0.06474183,0.9939599,0.14,1.811587,3.74,0,-0.6727939,0,0.73983,-0.9955062,0,0.09469664
saccade,9.6952,0.01830059,0.03864074,-0.03666479,-0.107405,-0.009079145,-0.01713666,-0.9940262,0.02173094,-0.2132156,0.9767635,0.08747625,0.0406822,-0.03600668,-0.0319594,0.04381128,-0.01533506,-0.9984108,-0.08650312,-0.06516091,0.9941183,0.14,1.811587,3.74,0,-0.6727939,0,0.73983,-0.9955062,0,0.09469664
saccade,9.7100,0.01829172,0.03864241,-0.03666544,-0.1073291,-0.009674487,-0.01717179,-0.9940282,0.02291949,-0.2130441,0.9767737,0.08746729,0.04068589,-0.03600355,-0.03196721,0.04383792,-0.01534996,-0.9984092,-0.08655497,-0.06517853,0.9941127,0.14,1.811587,3.74,0,-0.6727939,0,0.73983,-0.9955062,0,0.09469664
saccade,9.7164,0.01828157,0.0386318,-0.03667373,-0.1073798,-0.009682122,-0.01724287,-0.9940214,0.02295154,-0.2131417,0.9767517,0.08745685,0.04068506,-0.03601176,-0.03222547,0.04294628,-0.01544614,-0.9984381,-0.08476287,-0.06567698,0.9942343,0.14,1.811587,3.74,0,-0.6727939,0,0.73983,-0.9955062,0,0.09469664
saccade,9.7259,0.01826441,0.03864717,-0.03670271,-0.1073992,-0.009532553,-0.01731304,-0.9940196,0.0226699,-0.2131837,0.9767491,0.08743926,0.04070783,-0.03601908,-0.03224807,0.04310051,-0.01550363,-0.9984298,-0.08506574,-0.0657313,0.9942048,0.14,1.811587,3.74,0,-0.6727939,0,0.73983,-0.9955062,0,0.09469664
saccade,9.7366,0.01825022,0.03865564,-0.03670453,-0.1075008,-0.01061088,-0.01733736,-0.9939972,0.02482193,-0.2133431,0.976662,0.08742512,0.04071581,-0.03602469,-0.03219684,0.043074,-0.01550156,-0.9984326,-0.08501478,-0.06562818,0.994216,0.14,1.811587,3.74,0,-0.6727939,0,0.73983,-0.9955062,0,0.09469664
saccade,9.7479,0.01824472,0.0386709,-0.03669865,-0.1074902,-0.01056155,-0.01726066,-0.9940002,0.02470708,-0.2133259,0.9766687,0.0874199,0.04071975,-0.03601319,-0.03213766,0.0428251,-0.01543059,-0.9984464,-0.08452532,-0.06549709,0.9942664,0.14,1.811587,3.74,0,-0.6727939,0,0.73983,-0.9955062,0,0.09469664
saccade,9.7630,0.0182267,0.03868008,-0.03669164,-0.1074286,-0.01059508,-0.01714792,-0.9940085,0.02474755,-0.2132065,0.9766937,0.08740238,0.04071414,-0.03601256,-0.03206994,0.04278336,-0.01532412,-0.998452,-0.08445138,-0.06535184,0.9942822,0.14,1.811587,3.74,0,-0.6727939,0,0.73983,-0.9955062,0,0.09469664
saccade,9.7746,0.01823172,0.03866065,-0.0366853,-0.1076602,-0.01151611,-0.01714943,-0.9939731,0.02658602,-0.2136277,0.9765533,0.08740753,0.04069138,-0.03600937,-0.03213893,0.04276045,-0.01529705,-0.9984512,-0.08440519,-0.06548653,0.9942772,0.14,1.811587,3.74,0,-0.6727939,0,0.73983,-0.9955062,0,0.09469664
saccade,9.7853,0.01823709,0.03863525,-0.03667337,-0.1077583,-0.0115875,-0.01714925,-0.9939617,0.02673102,-0.2138178,0.9765078,0.08741297,0.04066682,-0.03600711,-0.03237727,0.04194707,-0.01531995,-0.9984776,-0.08277438,-0.06594121,0.9943843,0.14,1.811587,3.74,0,-0.6727939,0,0.73983,-0.9955062,0,0.09469664
saccade,9.7965,0.01824174,0.03860009,-0.03665325,-0.1078112,-0.01160731,-0.01716701,-0.9939554,0.02677589,-0.2139204,0.9764841,0.08741757,0.04063416,-0.03598937,-0.03243136,0.04192854,-0.01533636,-0.9984764,-0.08273456,-0.06604995,0.9943804,0.14,1.811587,3.74,0,-0.6727939,0,0.73983,-0.9955062,0,0.09469664
saccade,9.8078,0.01823665,0.03860092,-0.03664007,-0.1082648,-0.01223674,-0.0173068,-0.9938962,0.02807154,-0.2147845,0.976258,0.08741201,0.04065251,-0.03598044,-0.03242531,0.04189397,-0.01546136,-0.9984761,-0.08265757,-0.06604727,0.994387,0.14,1.811587,3.74,0,-0.6727939,0,0.73983,-0.9955062,0,0.09469664
saccade,9.8187,0.01823484,0.03858805,-0.03663199,-0.1083106,-0.01225743,-0.01735591,-0.99389,0.02812473,-0.2148721,0.9762372,0.08741,0.04064655,-0.0359744,-0.0329966,0.04164399,-0.01551841,-0.998467,-0.08213618,-0.06718452,0.994354,0.14,1.811587,3.74,0,-0.6727939,0,0.73983,-0.9955062,0,0.09469664
saccade,9.8301,0.01823554,0.03858972,-0.03661989,-0.1083327,-0.0122587,-0.01743059,-0.9938864,0.02814411,-0.2149135,0.9762275,0.0874104,0.04065835,-0.03596132,-0.03302285,0.04164829,-0.0155917,-0.9984648,-0.08213893,-0.06724303,0.9943498,0.14,1.811587,3.74,0,-0.6727939,0,0.73983,-0.9955062,0,0.09469664
saccade,9.8410,0.01821898,0.03858614,-0.03663854,-0.1089832,-0.01221528,-0.01739918,-0.9938162,0.02807192,-0.2161936,0.9759469,0.08739402,0.04065108,-0.03598722,-0.03318181,0.04159452,-0.01555747,-0.9984623,-0.08202866,-0.06755578,0.9943377,0.14,1.811587,3.74,0,-0.6727939,0,0.73983,-0.9955062,0,0.09469664
saccade,9.8520,0.01821385,0.03858829,-0.03664104,-0.1088612,-0.01214948,-0.01737771,-0.9938308,0.02793257,-0.215957,0.9760032,0.08738892,0.04064965,-0.03598118,-0.03305786,0.04165877,-0.01553748,-0.9984639,-0.08216228,-0.0673087,0.9943435,0.14,1.811587,3.74,0,-0.6727939,0,0.73983,-0.9955062,0,0.09469664
saccade,9.8629,0.01820289,0.03860343,-0.03664833,-0.108926,-0.01209244,-0.01735943,-0.9938247,0.02781732,-0.2160869,0.9759778,0.08737798,0.04066122,-0.03598081,-0.03309966,0.04133911,-0.01552276,-0.9984761,-0.08152463,-0.06738184,0.994391,0.14,1.811587,3.74,0,-0.6727939,0,0.73983,-0.9955062,0,0.09469664
saccade,9.8743,0.01818661,0.0386194,-0.03665544,-0.1084384,-0.01219329,-0.01730466,-0.9938778,0.02799026,-0.215127,0.9761849,0.08736193,0.0406692,-0.03598687,-0.03304551,0.04134922,-0.01546755,-0.9984784,-0.08155033,-0.06726959,0.9943964,0.14,1.811587,3.74,0,-0.6727939,0,0.73983,-0.9955062,0,0.09469664
saccade,9.8853,0.01815076,0.03864264,-0.03668866,-0.1083844,-0.01209705,-0.0172963,-0.993885,0.02779545,-0.2150248,0.976213,0.08732603,0.04068995,-0.03600706,-0.03299053,0.04144462,-0.01545471,-0.9984764,-0.08174324,-0.06716156,0.9943879,0.14,1.811587,3.74,0,-0.6727939,0,0.73983,-0.9955062,0,0.09469664
saccade,9.8965,0.01814644,0.03865886,-0.03669485,-0.1082863,-0.01203479,-0.01729359,-0.9938965,0.02766798,-0.2148346,0.9762585,0.08732166,0.0407052,-0.03600489,-0.03164656,0.04190003,-0.01543557,-0.9985012,-0.0826975,-0.06449176,0.9944857,0.14,1.811587,3.74,0,-0.6727939,0,0.73983,-0.9955062,0,0.09469664
saccade,9.9075,0.01814641,0.0386852,-0.03670444,-0.1049953,-0.01096518,-0.01727581,-0.9942622,0.02543229,-0.2084068,0.9777115,0.08732152,0.04073477,-0.03601333,-0.03155501,0.04190889,-0.01546188,-0.9985033,-0.08271652,-0.06431154,0.9944959,0.14,1.811587,3.74,0,-0.6727939,0,0.73983,-0.9955062,0,0.09469664
saccade,9.9186,0.01816994,0.03869212,-0.03675932,-0.104912,-0.01104937,-0.01722455,-0.994271,0.02558625,-0.2082413,0.9777427,0.08734534,0.04073608,-0.03608067,-0.03146903,0.04182145,-0.0154214,-0.9985104,-0.08254771,-0.06413419,0.9945213,0.14,1.811587,3.74,0,-0.6727939,0,0.73983,-0.9955062,0,0.09469664
saccade,9.9310,0.01818916,0.0387181,-0.03677019,-0.1048499,-0.01107769,-0.01726164,-0.9942765,0.02564834,-0.2081172,0.9777675,0.08736442,0.04076767,-0.036095,-0.01950162,0.04410677,-0.0153467,-0.9987186,-0.08750192,-0.04030705,0.9953486,0.14,1.811587,3.74,0,-0.6727939,0,0.73983,-0.9955062,0,0.09469664
saccade,9.9408,0.01820802,0.03873694,-0.03676961,-0.09072544,-0.00702378,-0.01705522,-0.9957051,0.01708191,-0.180432,0.9834391,0.08738358,0.04078186,-0.03611066,-0.01944436,0.04399096,-0.01531189,-0.9987254,-0.08727431,-0.04018632,0.9953734,0.14,1.811587,3.74,0,-0.6727939,0,0.73983,-0.9955062,0,0.09469664
saccade,9.9522,0.01823555,0.03875017,-0.03676244,-0.09059117,-0.007085547,-0.0170207,-0.9957175,0.01719426,-0.1801652,0.9834861,0.0874113,0.04079127,-0.03611267,-0.01930814,0.04392724,-0.01528867,-0.9987311,-0.08715261,-0.03991046,0.9953952,0.14,1.811587,3.74,0,-0.6727939,0,0.73983,-0.9955062,0,0.09469664
saccade,9.9634,0.01823958,0.03873599,-0.03678846,-0.09064905,-0.007145561,-0.01700598,-0.9957121,0.01731299,-0.1802777,0.9834634,0.08741546,0.04077566,-0.03614704,0.006399616,0.04862771,-0.01502794,-0.9986835,-0.09731972,0.01132083,0.9951888,0.14,1.811587,3.74,0,-0.6727939,0,0.73983,-0.9955062,0,0.09469664
saccade,9.9745,0.0182481,0.03874063,-0.0367927,-0.06258772,0.009424197,-0.01642979,-0.9978597,-0.01675145,-0.1252172,0.9919879,0.08742408,0.04077935,-0.03615911,0.006399444,0.04857124,-0.01502084,-0.9986863,-0.09720712,0.01132291,0.9951997,0.14,1.811587,3.74,0,-0.6727939,0,0.73983,-0.9955062,0,0.09469664
saccade,9.9853,0.01824876,0.03874469,-0.03679408,-0.06253016,0.009443704,-0.01644868,-0.9978629,-0.01678997,-0.1251037,0.9920016,0.08742465,0.04078591,-0.03615773,0.03694625,0.05324726,-0.01476359,-0.9977885,-0.1073499,0.07215685,0.9915994,0.14,1.811587,3.74,0,-0.6727939,0,0.73983,-0.9955062,0,0.09469664
saccade,9.9963,0.01824363,0.03874946,-0.03679144,-0.06239102,0.009442895,-0.01641548,-0.9978721,-0.01679724,-0.1248265,0.9920364,0.08741965,0.04078603,-0.03615575,0.03708689,0.05324325,-0.01473656,-0.9977839,-0.1073436,0.07244017,0.9915794,0.14,1.811587,3.74,0,-0.6727939,0,0.73983,-0.9955062,0,0.09469664
saccade,10.0082,0.01824313,0.03874767,-0.03682465,-0.03755728,0.02746411,-0.01577868,-0.9987924,-0.05367668,-0.07589055,0.9956703,0.0874192,0.04077971,-0.03617851,0.03700837,0.05331631,-0.01469815,-0.9977835,-0.1074842,0.07228538,0.9915755,0.14,1.811587,3.74,0,-0.6727939,0,0.73983,-0.9955062,0,0.09469664
saccade,10.0190,0.01823475,0.03874254,-0.03682995,-0.03754119,0.02753403,-0.01582624,-0.9987903,-0.05381318,-0.07586308,0.9956651,0.08741053,0.04078078,-0.03617392,0.05221951,0.05842505,-0.01451384,-0.9968194,-0.1179943,0.1024109,0.9877193,0.14,1.811587,3.74,0,-0.6727939,0,0.73983,-0.9955062,0,0.09469664
saccade,10.0302,0.01821942,0.03872573,-0.03683735,-0.03763274,0.02760227,-0.01583228,-0.9987849,-0.05394584,-0.07604804,0.9956438,0.08739509,0.04076469,-0.03617167,0.05212787,0.05849358,-0.01451099,-0.9968203,-0.118128,0.1022266,0.9877224,0.14,1.811587,3.74,0,-0.6727939,0,0.73983,-0.9955062,0,0.09469664
saccade,10.0412,0.0182053,0.03870547,-0.03682788,-0.02367318,0.03286554,-0.01567053,-0.9990565,-0.06492712,-0.04833173,0.9967189,0.08738072,0.04075098,-0.03615773,0.05208051,0.05852753,-0.01455417,-0.9968201,-0.1181988,0.1021262,0.9877243,0.14,1.811587,3.74,0,-0.6727939,0,0.73983,-0.9955062,0,0.09469664
saccade,10.0522,0.01820149,0.03867149,-0.03682341,-0.02376181,0.03281552,-0.0157248,-0.9990552,-0.06482174,-0.04851076,0.996717,0.08737676,0.04072499,-0.03615983,0.05494876,0.06068702,-0.014528,-0.9965374,-0.1225504,0.1077537,0.9865955,0.14,1.811587,3.74,0,-0.6727939,0,0.73983,-0.9955062,0,0.09469664
saccade,10.0634,0.01819591,0.03865516,-0.03682328,-0.0238672,0.03287629,-0.01572406,-0.9990507,-0.06493959,-0.04872299,0.996699,0.08737109,0.04070866,-0.03615108,0.05484353,0.06074762,-0.01451963,-0.9965396,-0.1226674,0.1075434,0.9866039,0.14,1.811587,3.74,0,-0.6727939,0,0.73983,-0.9955062,0,0.09469664
saccade,10.0747,0.01818271,0.03863347,-0.03682577,-0.02201212,0.03678833,-0.01563626,-0.9989583,-0.07281163,-0.04512884,0.9963242,0.08735774,0.04069209,-0.03615426,0.05482823,0.06074448,-0.01455609,-0.9965401,-0.1226648,0.1075087,0.986608,0.14,1.811587,3.74,0,-0.6727939,0,0.73983,-0.9955062,0,0.09469664
saccade,10.0856,0.01818481,0.03860748,-0.03682772,-0.02207302,0.03680991,-0.01563026,-0.9989563,-0.07285298,-0.04525067,0.9963156,0.08735983,0.04066539,-0.03615312,0.0556482,0.06210101,-0.01450186,-0.9964118,-0.1253704,0.1090959,0.9860935,0.14,1.811587,3.74,0,-0.6727939,0,0.73983,-0.9955062,0,0.09469664
saccade,10.0964,0.01817224,0.03858614,-0.03682576,-0.0220716,0.03678585,-0.01558576,-0.9989579,-0.07280703,-0.04524386,0.9963193,0.08734748,0.04063797,-0.03615462,0.05565076,0.0620736,-0.01445942,-0.9964139,-0.1253113,0.1091073,0.9860997,0.14,1.811587,3.74,0,-0.6727939,0,0.73983,-0.9955062,0,0.09469664
saccade,10.1078,0.01817014,0.03858089,-0.03682248,-0.02166341,0.03755831,-0.01558856,-0.998938,-0.07436144,-0.04445176,0.9962401,0.08734524,0.04063666,-0.03614911,0.0556198,0.06209079,-0.01448467,-0.9964142,-0.1253476,0.109042,0.9861023,0.14,1.811587,3.74,0,-0.6727939,0,0.73983,-0.9955062,0,0.09469664
saccade,10.1191,0.01816625,0.03858876,-0.0368195,-0.02165694,0.03753996,-0.01560768,-0.9989386,-0.07432421,-0.04443973,0.9962435,0.08734129,0.04064715,-0.03614862,0.0571183,0.06189575,-0.01450271,-0.9963413,-0.1249953,0.1120233,0.9858128,0.14,1.811587,3.74,0,-0.6727939,0,0.73983,-0.9955062,0,0.09469664
saccade,10.1298,0.01816692,0.03860199,-0.03680332,-0.02166599,0.0375612,-0.01558893,-0.9989378,-0.07436712,-0.04445703,0.9962395,0.08734202,0.04065776,-0.03612953,0.05710972,0.06191544,-0.01448213,-0.9963409,-0.1250319,0.1120082,0.9858099,0.14,1.811587,3.74,0,-0.6727939,0,0.73983,-0.9955062,0,0.09469664
saccade,10.1417,0.01817317,0.03859365,-0.03680573,-0.02156788,0.03794389,-0.01557866,-0.9989256,-0.07513425,-0.04427165,0.9961902,0.08734827,0.04064953,-0.03613184,0.05711067,0.06191637,-0.01448365,-0.9963408,-0.125034,0.1120098,0.9858094,0.14,1.811587,3.74,0,-0.6727939,0,0.73983,-0.9955062,0,0.09469664
saccade,10.1523,0.01817534,0.03859258,-0.03680926,-0.0216129,0.03793402,-0.01559319,-0.9989249,-0.07511245,-0.04436234,0.9961878,0.08735037,0.04065073,-0.0361366,0.05706539,0.06190777,-0.01449787,-0.9963437,-0.1250175,0.1119184,0.985822,0.14,1.811587,3.74,0,-0.6727939,0,0.73983,-0.9955062,0,0.09469664
saccade,10.1633,0.01817612,0.03860831,-0.03682074,-0.02177119,0.0378419,-0.01554911,-0.9989256,-0.07492545,-0.0446724,0.996188,0.08735143,0.04066133,-0.03616063,0.05739876,0.06258961,-0.01443128,-0.9962829,-0.1263706,0.1125643,0.9855759,0.14,1.811587,3.74,0,-0.6727939,0,0.73983,-0.9955062,0,0.09469664
saccade,10.1744,0.01818125,0.03860676,-0.03681591,-0.0207297,0.03965293,-0.01554827,-0.9988775,-0.07857221,-0.04264593,0.9959959,0.08735626,0.0406667,-0.03614554,0.05752224,0.06266826,-0.01448311,-0.9962701,-0.1265352,0.1128001,0.9855278,0.14,1.811587,3.74,0,-0.6727939,0,0.73983,-0.9955062,0,0.09469664
saccade,10.1852,0.01818375,0.03862226,-0.03682182,-0.02070578,0.03964996,-0.01549421,-0.998879,-0.07856937,-0.04259383,0.9959983,0.087359,0.04067445,-0.03615206,0.05754737,0.06266101,-0.01443,-0.9962699,-0.1265154,0.112857,0.9855238,0.14,1.811587,3.74,0,-0.6727939,0,0.73983,-0.9955062,0,0.09469664
saccade,10.1968,0.0182077,0.03864968,-0.03681949,-0.02067602,0.03970696,-0.01551821,-0.9988769,-0.07868303,-0.04253796,0.9959917,0.08738277,0.04070497,-0.03614183,0.05848181,0.06264829,-0.01444734,-0.9962161,-0.1265123,0.1147108,0.9853101,0.14,1.811587,3.74,0,-0.6727939,0,0.73983,-0.9955062,0,0.09469664
saccade,10.2079,0.01822058,0.03867686,-0.03681779,-0.02063682,0.03956924,-0.01544813,-0.9988843,-0.07841258,-0.04245014,0.9960168,0.08739597,0.04072142,-0.03614029,0.0585917,0.06264415,-0.01437527,-0.9962109,-0.1264981,0.1149383,0.9852855,0.14,1.811587,3.74,0,-0.6727939,0,0.73983,-0.9955062,0,0.09469664
saccade,10.2189,0.01822963,0.03869927,-0.03682037,-0.02056179,0.03953085,-0.01547378,-0.9988869,-0.07833736,-0.04230119,0.9960291,0.08740497,0.04074717,-0.03614826,0.05866602,0.0626078,-0.01440552,-0.9962084,-0.1264311,0.1150834,0.9852771,0.14,1.811587,3.74,0,-0.6727939,0,0.73983,-0.9955062,0,0.09469664
saccade,10.2298,0.01823964,0.0387187,-0.0368172,-0.02052151,0.03955185,-0.0154418,-0.9988874,-0.07838191,-0.04221886,0.996029,0.0874151,0.04076195,-0.03614236,0.05862366,0.06359548,-0.01434409,-0.9961492,-0.128383,0.1149714,0.9850377,0.14,1.811587,3.74,0,-0.6727939,0,0.73983,-0.9955062,0,0.09469664
saccade,10.2413,0.01824202,0.0387094,-0.03681566,-0.02147292,0.03993261,-0.01539103,-0.9988531,-0.07911265,-0.04412579,0.9958886,0.08741769,0.04074693,-0.03614563,0.05862964,0.06355838,-0.01430473,-0.9961517,-0.128305,0.1149897,0.9850458,0.14,1.811587,3.74,0,-0.6727939,0,0.73983,-0.9955062,0,0.09469664
saccade,10.2524,0.01824641,0.03870058,-0.0368091,-0.02145988,0.03989306,-0.01535736,-0.9988555,-0.07903568,-0.04409595,0.995896,0.08742227,0.04073346,-0.03614467,0.05864346,0.06351629,-0.01427464,-0.9961541,-0.1282182,0.1150225,0.9850532,0.14,1.811587,3.74,0,-0.6727939,0,0.73983,-0.9955062,0,0.09469664
saccade,10.2632,0.01825858,0.03870928,-0.03681073,-0.02154188,0.03989066,-0.01538831,-0.9988533,-0.07902684,-0.04426206,0.9958894,0.08743431,0.04074681,-0.03614638,0.05826149,0.06410133,-0.01428775,-0.9961388,-0.1293725,0.1142413,0.9849932,0.14,1.811587,3.74,0,-0.6727939,0,0.73983,-0.9955062,0,0.09469664
saccade,10.2743,0.01826586,0.03871953,-0.03680856,-0.02132647,0.0414974,-0.01532954,-0.9987934,-0.08224081,-0.04387375,0.9956463,0.08744167,0.04075623,-0.03614993,0.05820087,0.06405895,-0.01428139,-0.9961452,-0.1292864,0.1141233,0.9850182,0.14,1.811587,3.74,0,-0.6727939,0,0.73983,-0.9955062,0,0.09469664
saccade,10.2858,0.01827042,0.0387255,-0.03680126,-0.02133956,0.04146368,-0.01528289,-0.9987952,-0.08217519,-0.04389507,0.9956508,0.08744646,0.04075587,-0.03614741,0.05866195,0.0646881,-0.01421462,-0.9960784,-0.1305366,0.1150248,0.9847484,0.14,1.811587,3.74,0,-0.6727939,0,0.73983,-0.9955062,0,0.09469664
saccade,10.2969,0.01828218,0.03872776,-0.03679429,-0.02131939,0.04150144,-0.01529007,-0.998794,-0.08225082,-0.04385648,0.9956462,0.08745814,0.04075897,-0.03613523,0.0586819,0.06472621,-0.01421919,-0.9960747,-0.1306131,0.1150624,0.9847339,0.14,1.811587,3.74,0,-0.6727939,0,0.73983,-0.9955062,0,0.09469664
saccade,10.3081,0.01828493,0.03873086,-0.03679289,-0.02167456,0.04204613,-0.01527957,-0.9987637,-0.08332594,-0.04458041,0.9955246,0.08746091,0.04076338,-0.03613881,0.05860044,0.06468973,-0.01422624,-0.9960818,-0.1305398,0.1149011,0.9847624,0.14,1.811587,3.74,0,-0.6727939,0,0.73983,-0.9955062,0,0.09469664
saccade,10.3189,0.01830803,0.03871393,-0.03679783,-0.02171288,0.04204559,-0.01526114,-0.9987632,-0.08332445,-0.04465538,0.9955214,0.08748406,0.04074407,-0.03614379,0.05861815,0.06556352,-0.01418015,-0.9960243,-0.1322681,0.1149108,0.9845307,0.14,1.811587,3.74,0,-0.6727939,0,0.73983,-0.9955062,0,0.09469664
saccade,10.3300,0.0183068,0.03869331,-0.03679586,-0.02159572,0.04197311,-0.01521223,-0.9987695,-0.08318588,-0.04441531,0.9955438,0.08748315,0.04071641,-0.03615225,0.0587363,0.06548715,-0.0141399,-0.9960229,-0.1321144,0.1151534,0.9845229,0.14,1.811587,3.74,0,-0.6727939,0,0.73983,-0.9955062,0,0.09469664
saccade,10.3411,0.01830685,0.03870404,-0.03679968,-0.02226197,0.04264203,-0.01529293,-0.9987253,-0.08449444,-0.04577142,0.9953721,0.08748277,0.04074073,-0.03615256,0.0586841,0.06551758,-0.01423429,-0.9960226,-0.1321847,0.1150362,0.9845272,0.14,1.811587,3.74,0,-0.6727939,0,0.73983,-0.9955062,0,0.09469664
saccade,10.3524,0.01829505,0.03871298,-0.03679625,-0.02224826,0.04263978,-0.01532305,-0.9987252,-0.08448903,-0.04574654,0.9953737,0.08747084,0.04075384,-0.03614938,0.05844372,0.06579491,-0.01425769,-0.9960181,-0.1327324,0.1145458,0.9845107,0.14,1.811587,3.74,0,-0.6727939,0,0.73983,-0.9955062,0,0.09469664
saccade,10.3635,0.01826669,0.03873014,-0.03676574,-0.02213314,0.0426235,-0.01533918,-0.9987283,-0.08445959,-0.04551761,0.9953867,0.08744245,0.0407728,-0.03612131,0.05855826,0.06577973,-0.01427762,-0.9960121,-0.132707,0.1147711,0.9844879,0.14,1.811587,3.74,0,-0.6727939,0,0.73983,-0.9955062,0,0.09469664
saccade,10.3752,0.01825242,0.03874671,-0.03675243,-0.02215308,0.04327949,-0.01536937,-0.9986992,-0.08576542,-0.04557889,0.9952723,0.08742782,0.04079545,-0.0360877,0.05850184,0.06592771,-0.01431013,-0.9960052,-0.133003,0.1146494,0.9844621,0.14,1.811587,3.74,0,-0.6727939,0,0.73983,-0.9955062,0,0.09469664
saccade,10.3851,0.01824084,0.03875089,-0.03675193,-0.02210572,0.04335543,-0.01540269,-0.9986964,-0.08591684,-0.04548938,0.9952633,0.08741601,0.04080379,-0.03607667,0.05780965,0.06631608,-0.01433281,-0.9960195,-0.1337614,0.1132581,0.9845204,0.14,1.811587,3.74,0,-0.6727939,0,0.73983,-0.9955062,0,0.09469664
saccade,10.3966,0.01822096,0.03874457,-0.03675365,-0.02213584,0.04341741,-0.015405,-0.998693,-0.08603932,-0.04555152,0.9952499,0.08739603,0.04079771,-0.03606975,0.05777949,0.06637805,-0.01432948,-0.9960172,-0.1338833,0.1131964,0.984511,0.14,1.811587,3.74,0,-0.6727939,0,0.73983,-0.9955062,0,0.09469664
saccade,10.4078,0.01822734,0.03870416,-0.03676986,-0.02233437,0.04372737,-0.0154268,-0.9986747,-0.08664975,-0.04595869,0.9951782,0.08740208,0.04076111,-0.03606364,0.05764114,0.06653821,-0.01433974,-0.9960144,-0.1341991,0.1129145,0.9845003,0.14,1.811587,3.74,0,-0.6727939,0,0.73983,-0.9955062,0,0.09469664
saccade,10.4193,0.01822377,0.0386703,-0.03677237,-0.02248522,0.04372094,-0.01538575,-0.9986722,-0.08663386,-0.04625608,0.9951658,0.08739866,0.04072237,-0.03606685,0.05749148,0.06652889,-0.01429608,-0.9960243,-0.1341726,0.1126236,0.9845372,0.14,1.811587,3.74,0,-0.6727939,0,0.73983,-0.9955062,0,0.09469664
saccade,10.4299,0.01822833,0.03866923,-0.03675875,-0.02252365,0.04371355,-0.01523358,-0.998674,-0.08662495,-0.04631939,0.9951636,0.08740385,0.04070044,-0.03605463,0.05698064,0.06716277,-0.01412685,-0.9960135,-0.1354,0.1116094,0.9844847,0.14,1.811587,3.74,0,-0.6727939,0,0.73983,-0.9955062,0,0.09469664
saccade,10.4415,0.01824244,0.03870642,-0.03673765,-0.02212883,0.04428711,-0.01498155,-0.9986614,-0.08779261,-0.0455254,0.9950979,0.08741897,0.04070568,-0.03604163,0.05697971,0.06709112,-0.01390043,-0.9960215,-0.1352325,0.1116408,0.9845042,0.14,1.811587,3.74,0,-0.6727939,0,0.73983,-0.9955062,0,0.09469664
saccade,10.4521,0.01825529,0.03873265,-0.03671836,-0.02209174,0.04421466,-0.01480122,-0.9986681,-0.08765758,-0.04543349,0.995114,0.08743264,0.04070711,-0.03603299,0.05702091,0.06700466,-0.01372729,-0.9960274,-0.1350424,0.1117492,0.984518,0.14,1.811587,3.74,0,-0.6727939,0,0.73983,-0.9955062,0,0.09469664
saccade,10.4636,0.01827468,0.03877211,-0.03669856,-0.02213149,0.04411631,-0.01464831,-0.9986738,-0.08746723,-0.04549673,0.9951279,0.08745275,0.04072595,-0.03602719,0.05675846,0.06781896,-0.01355476,-0.9959897,-0.1366327,0.1112231,0.9843581,0.14,1.811587,3.74,0,-0.6727939,0,0.73983,-0.9955062,0,0.09469664
saccade,10.4748,0.01829633,0.03879547,-0.0366867,-0.02163034,0.04496921,-0.01463984,-0.9986469,-0.08918339,-0.04451883,0.9950198,0.08747438,0.04075289,-0.03602459,0.05667758,0.06775262,-0.01358011,-0.9959984,-0.1365024,0.1110614,0.9843945,0.14,1.811587,3.74,0,-0.6727939,0,0.73983,-0.9955062,0,0.09469664
saccade,10.4860,0.01833346,0.03878343,-0.0367061,-0.02168161,0.04490573,-0.01480337,-0.9986462,-0.08904796,-0.04463402,0.9950268,0.08751094,0.04076385,-0.03605221,0.05662268,0.06770233,-0.01374697,-0.9960027,-0.1364202,0.1109313,0.9844205,0.14,1.811587,3.74,0,-0.6727939,0,0.73983,-0.9955062,0,0.09469664
saccade,10.4965,0.01834658,0.03878963,-0.03671633,-0.02169815,0.04481917,-0.01491053,-0.9986482,-0.0888701,-0.0446742,0.9950409,0.08752374,0.04078531,-0.03607408,0.05613972,0.06795707,-0.01385235,-0.9960113,-0.1369274,0.1099488,0.9844604,0.14,1.811587,3.74,0,-0.6727939,0,0.73983,-0.9955062,0,0.09469664
saccade,10.5079,0.01834974,0.03881192,-0.03672608,-0.02158216,0.0455486,-0.0149248,-0.9986175,-0.09032702,-0.04446426,0.9949191,0.08752677,0.04081285,-0.0360857,0.05611929,0.06794543,-0.01389038,-0.9960126,-0.136908,0.1099035,0.9844681,0.14,1.811587,3.74,0,-0.6727939,0,0.73983,-0.9955062,0,0.09469664
saccade,10.5188,0.01836504,0.03882647,-0.0367819,-0.02160791,0.04553911,-0.01488518,-0.9986179,-0.09030908,-0.04451181,0.9949186,0.08754223,0.04082203,-0.03614291,0.05609449,0.06793298,-0.01385109,-0.9960154,-0.1368785,0.1098601,0.984477,0.14,1.811587,3.74,0,-0.6727939,0,0.73983,-0.9955062,0,0.09469664
saccade,10.5302,0.01836024,0.038867,-0.03680249,-0.02149425,0.0454545,-0.01484269,-0.9986249,-0.09014592,-0.04427872,0.9949438,0.08753771,0.04085636,-0.03617556,0.05616038,0.06791752,-0.01381579,-0.9960133,-0.1368453,0.1099963,0.9844664,0.14,1.811587,3.74,0,-0.6727939,0,0.73983,-0.9955062,0,0.09469664
saccade,10.5413,0.01834049,0.0389117,-0.03680798,-0.02195463,0.04611272,-0.01473142,-0.9985863,-0.09144821,-0.04520579,0.9947832,0.08751829,0.04088724,-0.03617302,0.05627796,0.0679713,-0.01371835,-0.9960043,-0.1369435,0.1102413,0.9844254,0.14,1.811587,3.74,0,-0.6727939,0,0.73983,-0.9955062,0,0.09469664
saccade,10.5523,0.01831943,0.03893638,-0.03681567,-0.02187874,0.04613975,-0.01467179,-0.9985876,-0.09150716,-0.04504959,0.9947849,0.08749746,0.04090321,-0.0361773,0.05635502,0.06799334,-0.01365838,-0.9959992,-0.1369821,0.1104018,0.9844021,0.14,1.811587,3.74,0,-0.6727939,0,0.73983,-0.9955062,0,0.09469664
saccade,10.5632,0.01829292,0.0389415,-0.03681868,-0.02180563,0.04621483,-0.01473237,-0.9985849,-0.09165636,-0.04491126,0.9947774,0.08747062,0.04091597,-0.03616987,0.05578726,0.06888146,-0.01369305,-0.9959697,-0.1387355,0.1092384,0.9842862,0.14,1.811587,3.74,0,-0.6727939,0,0.73983,-0.9955062,0,0.09469664
saccade,10.5748,0.01826663,0.03893888,-0.03682824,-0.02148275,0.04702273,-0.01478998,-0.9985533,-0.09327394,-0.04429428,0.9946547,0.08744395,0.04092407,-0.03617173,0.05587436,0.06894252,-0.01377155,-0.9959595,-0.1388669,0.1093983,0.9842499,0.14,1.811587,3.74,0,-0.6727939,0,0.73983,-0.9955062,0,0.09469664
saccade,10.5854,0.01824157,0.03893244,-0.0368335,-0.02151385,0.04713873,-0.01495689,-0.9985446,-0.0934967,-0.04437518,0.9946302,0.08741807,0.0409404,-0.03616037,0.05583957,0.06907101,-0.01392824,-0.9959504,-0.1391381,0.1093028,0.9842223,0.14,1.811587,3.74,0,-0.6727939,0,0.73983,-0.9955062,0,0.09469664
saccade,10.5966,0.01822817,0.03890586,-0.03685578,-0.02157894,0.04719331,-0.01496245,-0.9985406,-0.09360313,-0.04450715,0.9946143,0.08740458,0.04091477,-0.03617494,0.05566293,0.06923358,-0.0139255,-0.995949,-0.1394565,0.1089467,0.9842167,0.14,1.811587,3.74,0,-0.6727939,0,0.73983,-0.9955062,0,0.09469664
saccade,10.6078,0.01820531,0.03888977,-0.03686754,-0.02154624,0.04760126,-0.01498392,-0.9985216,-0.09441609,-0.04445527,0.9945397,0.08738147,0.04090345,-0.03617646,0.0555743,0.06930795,-0.0139501,-0.9959485,-0.1396048,0.1087646,0.9842158,0.14,1.811587,3.74,0,-0.6727939,0,0.73983,-0.9955062,0,0.09469664
saccade,10.6189,0.01817996,0.03886771,-0.03687146,-0.02160988,0.04766781,-0.01499639,-0.9985169,-0.09454609,-0.04458535,0.9945216,0.08735597,0.04088318,-0.03617099,0.05551044,0.06937533,-0.01395604,-0.9959472,-0.1397377,0.1086345,0.9842113,0.14,1.811587,3.74,0,-0.6727939,0,0.73983,-0.9955062,0,0.09469664
saccade,10.6300,0.01815202,0.03884315,-0.03686886,-0.02164537,0.04779677,-0.01498961,-0.9985101,-0.09480222,-0.04465916,0.9944939,0.08732788,0.04085755,-0.03615048,0.05548309,0.06958521,-0.013936,-0.9959344,-0.140151,0.1085756,0.9841591,0.14,1.811587,3.74,0,-0.6727939,0,0.73983,-0.9955062,0,0.09469664
saccade,10.6416,0.01816743,0.03880751,-0.03688953,-0.02145222,0.04664232,-0.01501481,-0.9985684,-0.09250689,-0.04424367,0.9947286,0.08734327,0.04082119,-0.036167,0.05533629,0.06961267,-0.0139215,-0.9959409,-0.1402009,0.1082851,0.984184,0.14,1.811587,3.74,0,-0.6727939,0,0.73983,-0.9955062,0,0.09469664
saccade,10.6522,0.01815309,0.03879416,-0.03689872,-0.0215344,0.04670112,-0.01504081,-0.9985635,-0.09262028,-0.04441177,0.9947106,0.08732872,0.04081178,-0.0361678,0.05525361,0.06967343,-0.01394107,-0.9959409,-0.1403218,0.108116,0.9841853,0.14,1.811587,3.74,0,-0.6727939,0,0.73983,-0.9955062,0,0.09469664
saccade,10.6635,0.01814627,0.03880036,-0.03690067,-0.02157818,0.04669626,-0.0150137,-0.9985632,-0.0926104,-0.04449653,0.9947077,0.08732201,0.0408144,-0.0361704,0.05237555,0.06554194,-0.01405726,-0.9963752,-0.1320812,0.1025287,0.9859221,0.14,1.811587,3.74,0,-0.6727939,0,0.73983,-0.9955062,0,0.09469664
saccade,10.6742,0.01816123,0.03880799,-0.03690474,-0.02154226,0.04676708,-0.01500021,-0.9985608,-0.09275327,-0.04442555,0.9946976,0.08733694,0.04081976,-0.03616478,0.05241165,0.0656114,-0.01403921,-0.996369,-0.132218,0.1026004,0.9858963,0.14,1.811587,3.74,0,-0.6727939,0,0.73983,-0.9955062,0,0.09469664
saccade,10.6854,0.01819166,0.03880501,-0.03691071,-0.03012509,0.021399,-0.01580636,-0.9991921,-0.04181109,-0.06087798,0.9972691,0.08736742,0.0408169,-0.03617601,0.05240611,0.06557347,-0.01404119,-0.9963717,-0.1321428,0.1025905,0.9859074,0.14,1.811587,3.74,0,-0.6727939,0,0.73983,-0.9955062,0,0.09469664
saccade,10.6963,0.01821702,0.03880763,-0.03690213,-0.03011757,0.02135383,-0.01588212,-0.9991921,-0.04171649,-0.06086475,0.9972739,0.08739254,0.04083014,-0.03617338,0.03263685,0.04032041,-0.01500294,-0.9985409,-0.08150245,0.06396862,0.9946182,0.14,1.811587,3.74,0,-0.6727939,0,0.73983,-0.9955062,0,0.09469664
saccade,10.7082,0.01823928,0.03882313,-0.03688759,-0.04428925,-0.02519301,-0.01734583,-0.9985505,0.05184944,-0.08757612,0.9948075,0.08741479,0.04084945,-0.03616897,0.03272774,0.04024946,-0.01503539,-0.9985403,-0.08136556,0.0641496,0.9946178,0.14,1.811587,3.74,0,-0.6727939,0,0.73983,-0.9955062,0,0.09469664
saccade,10.7189,0.01829442,0.03877807,-0.03686761,-0.04423094,-0.02528185,-0.0172616,-0.9985523,0.05201748,-0.08746099,0.9948089,0.08747038,0.04079354,-0.03616189,0.03279142,0.0401547,-0.01496225,-0.9985432,-0.08117366,0.0642857,0.9946247,0.14,1.811587,3.74,0,-0.6727939,0,0.73983,-0.9955062,0,0.09469664
saccade,10.7300,0.01833215,0.03877485,-0.03685686,-0.04422865,-0.02537796,-0.01710465,-0.9985526,0.05219548,-0.08746111,0.9947996,0.08750887,0.04076934,-0.0361654,0.01278207,0.01662121,-0.01561734,-0.9996582,-0.03363031,0.02503625,0.9991207,0.14,1.811587,3.74,0,-0.6727939,0,0.73983,-0.9955062,0,0.09469664
saccade,10.7409,0.0183681,0.03878129,-0.03684054,-0.05171997,-0.05600849,-0.01789485,-0.9969292,0.113524,-0.1011178,0.9883762,0.08754545,0.04075921,-0.03616472,0.01272943,0.01650604,-0.01549857,-0.9996626,-0.03339551,0.02493862,0.999131,0.14,1.811587,3.74,0,-0.6727939,0,0.73983,-0.9955062,0,0.09469664
saccade,10.7520,0.01840397,0.03877425,-0.03683665,-0.05177828,-0.05600798,-0.01782084,-0.9969276,0.1135173,-0.1012422,0.9883642,0.08758162,0.04074144,-0.03616124,0.01267657,0.01650144,-0.01542071,-0.9996645,-0.03338276,0.0248357,0.999134,0.14,1.811587,3.74,0,-0.6727939,0,0.73983,-0.9955062,0,0.09469664
saccade,10.7632,0.01846908,0.03872848,-0.03684554,-0.05180645,-0.05604316,-0.01782263,-0.9969241,0.1135882,-0.1012965,0.9883505,0.08764678,0.04069591,-0.03617494,0.00518241,0.006458629,-0.01575654,-0.9998416,-0.01307853,0.01015965,0.9998628,0.14,1.811587,3.74,0,-0.6727939,0,0.73983,-0.9955062,0,0.09469664
saccade,10.7749,0.01848655,0.03873897,-0.03685542,-0.05184197,-0.05598909,-0.01782825,-0.9969252,0.1134824,-0.1013688,0.9883553,0.08766416,0.0407064,-0.03617726,0.005146627,0.00651283,-0.01575682,-0.9998415,-0.01318579,0.01008638,0.9998622,0.14,1.811587,3.74,0,-0.6727939,0,0.73983,-0.9955062,0,0.09469664
saccade,10.7888,0.01848493,0.03875673,-0.03686302,-0.05519438,-0.06324188,-0.01810118,-0.9963064,0.1280148,-0.1076915,0.9859081,0.08766233,0.04073167,-0.03618402,0.005194612,0.006519835,-0.01581128,-0.9998403,-0.01320185,0.01018139,0.999861,0.14,1.811587,3.74,0,-0.6727939,0,0.73983,-0.9955062,0,0.09469664
saccade,10.8051,0.01850594,0.03879511,-0.03687245,-0.0552891,-0.06309182,-0.01813957,-0.99631,0.1277239,-0.1078813,0.9859251,0.08768304,0.04077327,-0.03617228,-0.0003504287,0.001107859,-0.0160256,-0.999871,-0.0022042,-0.0007362752,0.9999973,0.14,1.811587,3.74,0,-0.6727939,0,0.73983,-0.9955062,0,0.09469664
saccade,10.8125,0.01852341,0.03885031,-0.03687771,-0.05554524,-0.06770465,-0.01825448,-0.9959908,0.1368943,-0.1081733,0.9846616,0.08770058,0.04082799,-0.03618329,-0.0001857486,0.001068344,-0.01602069,-0.9998711,-0.00213046,-0.0004056804,0.9999977,0.14,1.811587,3.74,0,-0.6727939,0,0.73983,-0.9955062,0,0.09469664
saccade,10.8208,0.01852341,0.03885031,-0.03687771,-0.05554524,-0.06770465,-0.01825448,-0.9959908,0.1368943,-0.1081733,0.9846616,0.08770058,0.04082799,-0.03618329,-0.006455855,-0.006424947,-0.01627124,-0.9998261,0.01305775,-0.01270038,0.9998341,0.14,1.811587,3.74,0,-0.6727939,0,0.73983,-0.9955062,0,0.09469664
saccade,10.8302,0.01853089,0.03888392,-0.03688772,-0.05556109,-0.06770585,-0.01822727,-0.9959903,0.1368942,-0.1082084,0.9846578,0.08770818,0.04085779,-0.03619367,-0.006470038,-0.006427582,-0.01624321,-0.9998265,0.01306312,-0.01272902,0.9998336,0.14,1.811587,3.74,0,-0.6727939,0,0.73983,-0.9955062,0,0.09469664
saccade,10.8414,0.01854872,0.03888404,-0.03693149,-0.06066752,-0.07642712,-0.01837937,-0.9950581,0.1543289,-0.117926,0.9809567,0.08772651,0.04084265,-0.03624498,-0.006447868,-0.006481051,-0.01613316,-0.9998281,0.01316792,-0.0126844,0.9998329,0.14,1.811587,3.74,0,-0.6727939,0,0.73983,-0.9955062,0,0.09469664
saccade,10.8522,0.01857295,0.03891003,-0.03693735,-0.0606474,-0.07638998,-0.01837301,-0.9950623,0.1542541,-0.1178889,0.9809729,0.08775072,0.04086769,-0.03624576,-0.006427243,-0.006444069,-0.01612614,-0.9998286,0.01309322,-0.01264445,0.9998344,0.14,1.811587,3.74,0,-0.6727939,0,0.73983,-0.9955062,0,0.09469664
saccade,10.8638,0.01860542,0.03894448,-0.03694455,-0.06061864,-0.07642633,-0.01834551,-0.9950618,0.154322,-0.1178344,0.9809688,0.08778333,0.04089904,-0.03625826,-0.009053148,-0.01456179,-0.01635244,-0.9997193,0.02941148,-0.01762497,0.999412,0.14,1.811587,3.74,0,-0.6727939,0,0.73983,-0.9955062,0,0.09469664
saccade,10.8746,0.01862569,0.03895032,-0.03692325,-0.06292718,-0.0823825,-0.01849712,-0.9944401,0.1661769,-0.122107,0.9785066,0.08780371,0.04090261,-0.03624326,-0.008995522,-0.01460648,-0.01633429,-0.9997194,0.02949864,-0.01750882,0.9994115,0.14,1.811587,3.74,0,-0.6727939,0,0.73983,-0.9955062,0,0.09469664
saccade,10.8855,0.0186531,0.03896308,-0.03689954,-0.06285866,-0.08251388,-0.01844404,-0.9944345,0.166428,-0.1219739,0.9784805,0.08783146,0.04091012,-0.03623827,-0.008923696,-0.01474049,-0.01629324,-0.9997188,0.02976349,-0.01736203,0.9994062,0.14,1.811587,3.74,0,-0.6727939,0,0.73983,-0.9955062,0,0.09469664
saccade,10.8972,0.01866449,0.03898954,-0.03689721,-0.06289606,-0.08255558,-0.01841407,-0.9944293,0.1665077,-0.122051,0.9784573,0.08784302,0.04093242,-0.03624195,-0.01334642,-0.018503,-0.01639019,-0.9996054,0.03742889,-0.02607577,0.998959,0.14,1.811587,3.74,0,-0.6727939,0,0.73983,-0.9955062,0,0.09469664
saccade,10.9080,0.01868717,0.03900611,-0.03689169,-0.06293228,-0.08260667,-0.01836731,-0.9944236,0.1666038,-0.1221282,0.9784313,0.08786596,0.04094255,-0.0362439,-0.01337974,-0.01855673,-0.0163439,-0.9996047,0.03753615,-0.02614232,0.9989533,0.14,1.811587,3.74,0,-0.6727939,0,0.73983,-0.9955062,0,0.09469664
saccade,10.9187,0.01873789,0.03901315,-0.03686037,-0.06390984,-0.08585487,-0.01845996,-0.9940844,0.1730535,-0.1238938,0.9770889,0.08791673,0.04095101,-0.03622258,-0.01332115,-0.01862838,-0.01635115,-0.999604,0.03767763,-0.02602256,0.9989511,0.14,1.811587,3.74,0,-0.6727939,0,0.73983,-0.9955062,0,0.09469664
saccade,10.9298,0.01873685,0.03901863,-0.03685423,-0.06399859,-0.08589487,-0.01843827,-0.9940756,0.173132,-0.1240714,0.9770525,0.08791585,0.04095256,-0.03622213,-0.0143667,-0.02053971,-0.01638422,-0.9995515,0.04153178,-0.02804746,0.9987434,0.14,1.811587,3.74,0,-0.6727939,0,0.73983,-0.9955062,0,0.09469664
saccade,10.9410,0.01874945,0.03902149,-0.03683978,-0.06402604,-0.08587749,-0.01841755,-0.9940757,0.1730959,-0.1241302,0.9770514,0.08792852,0.04095221,-0.03620544,-0.01439276,-0.02052351,-0.01636092,-0.9995519,0.04149959,-0.02810106,0.9987433,0.14,1.811587,3.74,0,-0.6727939,0,0.73983,-0.9955062,0,0.09469664
saccade,10.9520,0.01874847,0.03901982,-0.03681917,-0.06575931,-0.08835604,-0.01849413,-0.9937439,0.1780389,-0.1274277,0.9757379,0.08792753,0.04095018,-0.03618169,-0.01440151,-0.02050083,-0.01635968,-0.9995522,0.04145452,-0.02811934,0.9987446,0.14,1.811587,3.74,0,-0.6727939,0,0.73983,-0.9955062,0,0.09469664
saccade,10.9630,0.01870302,0.03899014,-0.03677927,-0.06576789,-0.08835213,-0.01851286,-0.9937433,0.1780338,-0.1274415,0.975737,0.087882,0.04092288,-0.03614106,-0.01567294,-0.02345583,-0.01646923,-0.9994664,0.04740287,-0.03055654,0.9984084,0.14,1.811587,3.74,0,-0.6727939,0,0.73983,-0.9955062,0,0.09469664
saccade,10.9741,0.01870135,0.03898489,-0.03676346,-0.06587121,-0.08832944,-0.01852151,-0.9937384,0.1779928,-0.1276455,0.9757178,0.08788031,0.04091728,-0.03612198,-0.01577676,-0.02343334,-0.01647006,-0.9994653,0.0473613,-0.03076476,0.998404,0.14,1.811587,3.74,0,-0.6727939,0,0.73983,-0.9955062,0,0.09469664
saccade,10.9858,0.01869055,0.0389607,-0.03675164,-0.06727593,-0.09062049,-0.01853929,-0.9934376,0.1825461,-0.1303088,0.9745237,0.08786973,0.04088485,-0.03610947,-0.0158537,-0.0234283,-0.01641296,-0.9994651,0.04735195,-0.03092138,0.9983996,0.14,1.811587,3.74,0,-0.6727939,0,0.73983,-0.9955062,0,0.09469664
saccade,10.9963,0.01868645,0.03894436,-0.03673633,-0.06738029,-0.09058483,-0.01857481,-0.9934331,0.1824831,-0.1305104,0.9745086,0.0878655,0.04087162,-0.03608884,-0.0166808,-0.0248209,-0.01648465,-0.9994168,0.0501628,-0.03252382,0.9982113,0.14,1.811587,3.74,0,-0.6727939,0,0.73983,-0.9955062,0,0.09469664
saccade,11.0078,0.01867323,0.03891969,-0.03672223,-0.06742302,-0.09061202,-0.01860446,-0.9934272,0.1825416,-0.1305881,0.9744872,0.08785221,0.04085076,-0.03607821,-0.01672555,-0.02484695,-0.01651284,-0.999415,0.0502172,-0.03261094,0.9982058,0.14,1.811587,3.74,0,-0.6727939,0,0.73983,-0.9955062,0,0.09469664
saccade,11.0192,0.01865929,0.03890383,-0.036707,-0.06791561,-0.09200711,-0.01867979,-0.993264,0.185312,-0.1314789,0.9738443,0.0878381,0.04083729,-0.03605396,-0.016824,-0.02478325,-0.01653557,-0.9994145,0.05009387,-0.03280869,0.9982055,0.14,1.811587,3.74,0,-0.6727939,0,0.73983,-0.9955062,0,0.09469664
saccade,11.0298,0.01863935,0.03888869,-0.03669125,-0.06795508,-0.09197484,-0.01869508,-0.993264,0.1852514,-0.1315557,0.9738455,0.08781809,0.04082346,-0.03603357,-0.01746742,-0.02605013,-0.01658754,-0.9993704,0.05264693,-0.03404863,0.9980326,0.14,1.811587,3.74,0,-0.6727939,0,0.73983,-0.9955062,0,0.09469664
saccade,11.0411,0.01863955,0.0388366,-0.03670247,-0.06805734,-0.09196589,-0.01872614,-0.9932572,0.1852405,-0.1317526,0.9738209,0.0878182,0.04077411,-0.03604322,-0.01757172,-0.02604028,-0.01661137,-0.9993684,0.05263144,-0.03425611,0.9980263,0.14,1.811587,3.74,0,-0.6727939,0,0.73983,-0.9955062,0,0.09469664
saccade,11.0521,0.01862702,0.03881323,-0.03669247,-0.06878867,-0.09316128,-0.01874525,-0.993095,0.1876149,-0.1331347,0.9731782,0.0878057,0.04074705,-0.03602621,-0.0176206,-0.02598974,-0.01658644,-0.9993693,0.05253122,-0.03435682,0.9980281,0.14,1.811587,3.74,0,-0.6727939,0,0.73983,-0.9955062,0,0.09469664
saccade,11.0633,0.01860716,0.03880787,-0.03668367,-0.0688454,-0.09315781,-0.01877724,-0.9930908,0.1876138,-0.133241,0.9731638,0.08778574,0.04074514,-0.0360166,-0.01877198,-0.02617613,-0.01662458,-0.9993429,0.052942,-0.03664895,0.9979249,0.14,1.811587,3.74,0,-0.6727939,0,0.73983,-0.9955062,0,0.09469664
saccade,11.0743,0.0185995,0.03880847,-0.03668793,-0.0688419,-0.09318101,-0.01879943,-0.9930885,0.1876624,-0.1332287,0.9731562,0.08777802,0.04074907,-0.03602386,-0.01877004,-0.02619827,-0.01664813,-0.9993419,0.05298704,-0.03664307,0.9979227,0.14,1.811587,3.74,0,-0.6727939,0,0.73983,-0.9955062,0,0.09469664
saccade,11.0853,0.01858698,0.03881145,-0.0366857,-0.06881461,-0.09378155,-0.01881198,-0.9930336,0.1888455,-0.133142,0.9729391,0.08776548,0.04074943,-0.03601182,-0.01884353,-0.0261279,-0.01663308,-0.9993426,0.0528483,-0.03679311,0.9979245,0.14,1.811587,3.74,0,-0.6727939,0,0.73983,-0.9955062,0,0.09469664
saccade,11.0966,0.0185599,0.03884184,-0.03669465,-0.0686414,-0.0937902,-0.01883869,-0.9930443,0.1888619,-0.1327941,0.9729835,0.08773822,0.04078603,-0.03602177,-0.01787111,-0.02618531,-0.01666991,-0.9993584,0.05293283,-0.03484628,0.9979899,0.14,1.811587,3.74,0,-0.6727939,0,0.73983,-0.9955062,0,0.09469664
saccade,11.1074,0.01851876,0.03889608,-0.03671114,-0.06864496,-0.09376294,-0.01880511,-0.9930472,0.1888038,-0.1328089,0.9729928,0.08769719,0.04083538,-0.03603481,-0.01787231,-0.02615971,-0.0166348,-0.9993595,0.05288052,-0.03485141,0.9979925,0.14,1.811587,3.74,0,-0.6727939,0,0.73983,-0.9955062,0,0.09469664
saccade,11.1191,0.0185003,0.03892314,-0.03670419,-0.06843781,-0.0936419,-0.01878018,-0.9930734,0.1885571,-0.1324103,0.9730949,0.0876787,0.04086006,-0.03601725,-0.01775565,-0.02608143,-0.01661506,-0.999364,0.0527197,-0.03462202,0.998009,0.14,1.811587,3.74,0,-0.6727939,0,0.73983,-0.9955062,0,0.09469664
saccade,11.1297,0.01848577,0.0389533,-0.03671466,-0.06838125,-0.09361993,-0.01885325,-0.993078,0.1885222,-0.1322857,0.9731186,0.08766383,0.04090083,-0.03602399,-0.01829457,-0.02669169,-0.01671189,-0.9993366,0.05395944,-0.03567273,0.9979057,0.14,1.811587,3.74,0,-0.6727939,0,0.73983,-0.9955062,0,0.09469664
saccade,11.1422,0.01846517,0.03898895,-0.03672776,-0.06833229,-0.09358127,-0.01888818,-0.9930844,0.1884495,-0.1321843,0.9731465,0.08764303,0.0409416,-0.03603142,-0.01824787,-0.02665084,-0.01674795,-0.999338,0.05387763,-0.03557888,0.9979135,0.14,1.811587,3.74,0,-0.6727939,0,0.73983,-0.9955062,0,0.09469664
saccade,11.1518,0.0184554,0.0390048,-0.03672711,-0.06828011,-0.09374017,-0.01889384,-0.9930729,0.1887618,-0.132072,0.9731012,0.08763322,0.04095936,-0.03603207,-0.01813513,-0.02665922,-0.01675707,-0.9993396,0.05389102,-0.03535285,0.9979208,0.14,1.811587,3.74,0,-0.6727939,0,0.73983,-0.9955062,0,0.09469664
saccade,11.1629,0.01844323,0.03899205,-0.03677326,-0.06822161,-0.09378748,-0.0189031,-0.9930722,0.1888547,-0.1319522,0.9730995,0.08762103,0.04094911,-0.03608473,-0.01801204,-0.0273185,-0.01679034,-0.9993234,0.05520488,-0.03508232,0.9978585,0.14,1.811587,3.74,0,-0.6727939,0,0.73983,-0.9955062,0,0.09469664
saccade,11.1742,0.01844092,0.03901112,-0.03677515,-0.06811377,-0.09377863,-0.01884996,-0.9930815,0.1888275,-0.1317496,0.9731322,0.08761889,0.04096222,-0.03608593,-0.01790062,-0.02731154,-0.01674401,-0.9993264,0.05518575,-0.03486251,0.9978673,0.14,1.811587,3.74,0,-0.6727939,0,0.73983,-0.9955062,0,0.09469664
saccade,11.1891,0.01843943,0.03903389,-0.03677191,-0.06785814,-0.0944731,-0.01884694,-0.9930332,0.1901877,-0.1312097,0.9729402,0.0876175,0.04098392,-0.03608944,-0.01781169,-0.0273591,-0.01673161,-0.9993269,0.0552774,-0.03468389,0.9978684,0.14,1.811587,3.74,0,-0.6727939,0,0.73983,-0.9955062,0,0.09469664
saccade,11.1998,0.01845552,0.039047,-0.03674339,-0.06785721,-0.09455655,-0.01874861,-0.9930272,0.1903389,-0.1312225,0.9729089,0.08763407,0.04098439,-0.03607342,-0.0179316,-0.02793062,-0.01665258,-0.9993103,0.05641992,-0.03490822,0.9977967,0.14,1.811587,3.74,0,-0.6727939,0,0.73983,-0.9955062,0,0.09469664
saccade,11.2107,0.01845589,0.03904593,-0.03673539,-0.06788156,-0.09457058,-0.01876639,-0.9930239,0.1903695,-0.1312665,0.972897,0.0876344,0.04098547,-0.0360672,-0.01795718,-0.02794398,-0.01666943,-0.9993092,0.05644803,-0.03495792,0.9977934,0.14,1.811587,3.74,0,-0.6727939,0,0.73983,-0.9955062,0,0.09469664
saccade,11.2221,0.01845828,0.03904045,-0.03672313,-0.06800153,-0.09460964,-0.01877907,-0.9930117,0.190451,-0.1314993,0.9728496,0.08763678,0.04098153,-0.03605819,-0.01798541,-0.02796806,-0.01668079,-0.9993078,0.05649742,-0.03501286,0.9977886,0.14,1.811587,3.74,0,-0.6727939,0,0.73983,-0.9955062,0,0.09469664
saccade,11.2338,0.01845921,0.03902805,-0.03671552,-0.06807783,-0.09458155,-0.01882238,-0.9930083,0.1904033,-0.1316432,0.9728395,0.08763753,0.04097366,-0.03604625,-0.01818704,-0.02822547,-0.01672641,-0.9992962,0.05701962,-0.03540426,0.9977451,0.14,1.811587,3.74,0,-0.6727939,0,0.73983,-0.9955062,0,0.09469664
saccade,11.2441,0.0184662,0.03898776,-0.03673751,-0.06812076,-0.09456383,-0.0189198,-0.9930052,0.1903824,-0.1317103,0.9728345,0.08764414,0.04094613,-0.03606484,-0.01823642,-0.02820314,-0.01681978,-0.9992943,0.05697994,-0.03549837,0.997744,0.14,1.811587,3.74,0,-0.6727939,0,0.73983,-0.9955062,0,0.09469664
saccade,11.2556,0.01846088,0.03896689,-0.03673857,-0.06781091,-0.09487651,-0.01893769,-0.9929962,0.1909924,-0.1310785,0.9728003,0.08763885,0.04092574,-0.03607053,-0.01832643,-0.02823777,-0.01682699,-0.9992916,0.05705229,-0.03567657,0.9977335,0.14,1.811587,3.74,0,-0.6727939,0,0.73983,-0.9955062,0,0.09469664
saccade,11.2668,0.01845814,0.03895462,-0.03672736,-0.0678836,-0.09481623,-0.01894984,-0.9929968,0.1908772,-0.1312229,0.9728034,0.08763601,0.04091346,-0.03605082,-0.01843923,-0.02835164,-0.01683656,-0.9992861,0.05728371,-0.03589744,0.9977124,0.14,1.811587,3.74,0,-0.6727939,0,0.73983,-0.9955062,0,0.09469664
saccade,11.2780,0.01844965,0.03895128,-0.03672407,-0.06795493,-0.09484817,-0.01900761,-0.9929878,0.1909495,-0.1313511,0.9727719,0.08762736,0.04091752,-0.03605139,-0.01851449,-0.02838132,-0.01689108,-0.999283,0.05734739,-0.03604366,0.9977034,0.14,1.811587,3.74,0,-0.6727939,0,0.73983,-0.9955062,0,0.09469664
saccade,11.2893,0.01848367,0.03891528,-0.03675298,-0.06787021,-0.09492487,-0.01892738,-0.9929878,0.1910877,-0.1311952,0.9727658,0.08766162,0.04086995,-0.03607239,-0.01846324,-0.02832207,-0.01680708,-0.999287,0.05722438,-0.03594812,0.9977139,0.14,1.811587,3.74,0,-0.6727939,0,0.73983,-0.9955062,0,0.09469664
saccade,11.2999,0.01848811,0.03891122,-0.03674965,-0.06781903,-0.09488294,-0.01896173,-0.9929946,0.1910084,-0.1310896,0.9727956,0.08766587,0.0408709,-0.03606294,-0.01894618,-0.02842443,-0.01684913,-0.9992744,0.05744607,-0.03690701,0.9976662,0.14,1.811587,3.74,0,-0.6727939,0,0.73983,-0.9955062,0,0.09469664
saccade,11.3108,0.01848973,0.03891122,-0.03673787,-0.06777626,-0.0948614,-0.01893633,-0.9930001,0.1909616,-0.131011,0.9728154,0.08766754,0.04086781,-0.03604843,-0.01890166,-0.02840377,-0.01682554,-0.9992762,0.05740249,-0.03682014,0.9976719,0.14,1.811587,3.74,0,-0.6727939,0,0.73983,-0.9955062,0,0.09469664
saccade,11.3222,0.01848534,0.03889108,-0.0367386,-0.06751386,-0.09514774,-0.01880777,-0.992993,0.1915016,-0.1305026,0.9727775,0.08766371,0.04082847,-0.03605058,-0.0189406,-0.02841181,-0.01668731,-0.9992775,0.05741471,-0.03690559,0.997668,0.14,1.811587,3.74,0,-0.6727939,0,0.73983,-0.9955062,0,0.09469664
saccade,11.3333,0.01849993,0.0388757,-0.03673468,-0.06748986,-0.09510261,-0.01885459,-0.9929981,0.1914184,-0.1304484,0.9728012,0.08767805,0.04081941,-0.03603996,-0.01908359,-0.02830387,-0.01673224,-0.9992772,0.05720544,-0.03719241,0.9976694,0.14,1.811587,3.74,0,-0.6727939,0,0.73983,-0.9955062,0,0.09469664
saccade,11.3446,0.01850836,0.03884971,-0.03672973,-0.0675099,-0.09509769,-0.0188745,-0.9929968,0.1914118,-0.1304844,0.9727977,0.08768642,0.04079568,-0.03603414,-0.01910494,-0.0282981,-0.01675052,-0.9992766,0.0571953,-0.03723423,0.9976684,0.14,1.811587,3.74,0,-0.6727939,0,0.73983,-0.9955062,0,0.09469664
saccade,11.3554,0.01853608,0.03880239,-0.03673248,-0.0676342,-0.09499506,-0.01898648,-0.992996,0.1912277,-0.1307137,0.9728031,0.0877137,0.04076326,-0.03603578,-0.01917692,-0.02829303,-0.01686057,-0.9992735,0.05719162,-0.03737191,0.9976635,0.14,1.811587,3.74,0,-0.6727939,0,0.73983,-0.9955062,0,0.09469664
saccade,11.3662,0.01856727,0.03874314,-0.03679194,-0.06771437,-0.09500638,-0.01902508,-0.9929888,0.1912571,-0.1308642,0.9727771,0.08774479,0.0407083,-0.03609642,-0.01888936,-0.0281647,-0.01688863,-0.9992821,0.05692699,-0.03680028,0.9976999,0.14,1.811587,3.74,0,-0.6727939,0,0.73983,-0.9955062,0,0.09469664
saccade,11.3776,0.01857602,0.03872025,-0.03679368,-0.06777297,-0.09503122,-0.01898446,-0.9929832,0.1913021,-0.1309866,0.9727518,0.08775374,0.04067922,-0.03610196,-0.01894528,-0.02819199,-0.01684552,-0.999281,0.05698172,-0.03691351,0.9976926,0.14,1.811587,3.74,0,-0.6727939,0,0.73983,-0.9955062,0,0.09469664
saccade,11.3891,0.01858496,0.03873324,-0.036786,-0.06817904,-0.09503654,-0.01886956,-0.9929571,0.1913074,-0.1318111,0.9726393,0.08776316,0.04067528,-0.03609405,-0.01899243,-0.02818849,-0.01672526,-0.9992822,0.05697183,-0.03701468,0.9976894,0.14,1.811587,3.74,0,-0.6727939,0,0.73983,-0.9955062,0,0.09469664
saccade,11.3999,0.01860194,0.03881001,-0.03680309,-0.06821501,-0.09508927,-0.01879984,-0.9929509,0.1914028,-0.131893,0.9726095,0.08778049,0.04074252,-0.0361191,-0.01881215,-0.0282119,-0.01665419,-0.9992862,0.05701012,-0.03665775,0.9977004,0.14,1.811587,3.74,0,-0.6727939,0,0.73983,-0.9955062,0,0.09469664
saccade,11.4110,0.01861234,0.03886878,-0.03679816,-0.06811559,-0.09502097,-0.01868613,-0.9929664,0.1912509,-0.1317218,0.9726626,0.08779122,0.0407865,-0.03610583,-0.01870492,-0.02814831,-0.01654397,-0.9992918,0.05687566,-0.03645198,0.9977156,0.14,1.811587,3.74,0,-0.6727939,0,0.73983,-0.9955062,0,0.09469664
saccade,11.4226,0.01862731,0.03891432,-0.03679695,-0.06817056,-0.09472804,-0.01864076,-0.9929914,0.1906697,-0.131854,0.9727588,0.08780633,0.04082656,-0.03610375,-0.0187151,-0.02814138,-0.01650543,-0.9992925,0.05686074,-0.03647475,0.9977156,0.14,1.811587,3.74,0,-0.6727939,0,0.73983,-0.9955062,0,0.09469664
saccade,11.4333,0.01865484,0.03894901,-0.03681515,-0.06820501,-0.09469999,-0.01867033,-0.9929911,0.1906193,-0.1319178,0.97276,0.08783372,0.04086447,-0.03611776,-0.01881335,-0.02772208,-0.01651988,-0.9993021,0.05602705,-0.03668452,0.9977551,0.14,1.811587,3.74,0,-0.6727939,0,0.73983,-0.9955062,0,0.09469664
saccade,11.4447,0.01868505,0.03897214,-0.03683934,-0.06882896,-0.09440553,-0.01872265,-0.9929752,0.190062,-0.1331558,0.9727004,0.08786374,0.04089499,-0.03614306,-0.01888033,-0.02773188,-0.01657528,-0.9992996,0.05605082,-0.03681488,0.997749,0.14,1.811587,3.74,0,-0.6727939,0,0.73983,-0.9955062,0,0.09469664
saccade,11.4555,0.01871872,0.0389874,-0.03685846,-0.06889203,-0.09440735,-0.01876932,-0.9929698,0.1900734,-0.1332715,0.9726823,0.08789726,0.04091585,-0.03616196,-0.01894654,-0.02773182,-0.01661773,-0.9992977,0.05605438,-0.03694478,0.997744,0.14,1.811587,3.74,0,-0.6727939,0,0.73983,-0.9955062,0,0.09469664
saccade,11.4667,0.01875479,0.03900039,-0.03686345,-0.06887008,-0.09442402,-0.01876712,-0.9929698,0.1901054,-0.1332277,0.9726821,0.08793335,0.04092908,-0.03616929,-0.01891382,-0.02752182,-0.01661103,-0.9993042,0.05563371,-0.03688698,0.9977697,0.14,1.811587,3.74,0,-0.6727939,0,0.73983,-0.9955062,0,0.09469664
saccade,11.4777,0.01879137,0.0390209,-0.03686433,-0.0694375,-0.09401188,-0.01866174,-0.9929713,0.1892938,-0.13439,0.9726804,0.08797035,0.04093826,-0.03618113,-0.01884686,-0.02759864,-0.01652546,-0.9993048,0.05578181,-0.03675536,0.9977662,0.14,1.811587,3.74,0,-0.6727939,0,0.73983,-0.9955062,0,0.09469664
saccade,11.4887,0.01885379,0.03906465,-0.0368802,-0.06920477,-0.09408717,-0.01842984,-0.9929848,0.1894051,-0.1339705,0.9727166,0.08803366,0.04095411,-0.03620977,-0.01859883,-0.02768421,-0.01631354,-0.9993105,0.05593707,-0.03626876,0.9977753,0.14,1.811587,3.74,0,-0.6727939,0,0.73983,-0.9955062,0,0.09469664
saccade,11.5002,0.01886777,0.03908503,-0.03687946,-0.06923965,-0.09415258,-0.01833017,-0.992978,0.1895212,-0.1340552,0.9726823,0.0880481,0.04096103,-0.03621906,-0.01850957,-0.02715453,-0.0161971,-0.9993286,0.0548722,-0.03611464,0.99784,0.14,1.811587,3.74,0,-0.6727939,0,0.73983,-0.9955062,0,0.09469664
saccade,11.5113,0.01889655,0.03909302,-0.03688691,-0.06917594,-0.09414797,-0.01821895,-0.9929849,0.1894957,-0.1339508,0.9727017,0.08807728,0.04095459,-0.03622696,-0.01843836,-0.02715509,-0.01609024,-0.9993317,0.05486725,-0.03597821,0.9978452,0.14,1.811587,3.74,0,-0.6727939,0,0.73983,-0.9955062,0,0.09469664
saccade,11.5217,0.01891413,0.03907633,-0.03690979,-0.07112011,-0.09171956,-0.01820942,-0.993075,0.1847589,-0.1379149,0.9730589,0.08809464,0.04094517,-0.03624892,-0.01843637,-0.02714941,-0.01614335,-0.999331,0.05485774,-0.03597151,0.997846,0.14,1.811587,3.74,0,-0.6727939,0,0.73983,-0.9955062,0,0.09469664
saccade,11.5338,0.01893144,0.03904891,-0.03693274,-0.07108325,-0.09172896,-0.01825159,-0.993076,0.1847824,-0.1378337,0.9730659,0.0881118,0.04092419,-0.03627276,-0.01840226,-0.02715635,-0.01618823,-0.9993307,0.05487215,-0.03590065,0.9978478,0.14,1.811587,3.74,0,-0.6727939,0,0.73983,-0.9955062,0,0.09469664
saccade,11.5443,0.01894899,0.03902674,-0.03694241,-0.07106278,-0.09165738,-0.01834501,-0.9930823,0.1846539,-0.1377795,0.973098,0.0881289,0.04091442,-0.03627159,-0.02164065,-0.02201484,-0.01614295,-0.999393,0.04470165,-0.04254426,0.9980941,0.14,1.811587,3.74,0,-0.6727939,0,0.73983,-0.9955062,0,0.09469664
saccade,11.5554,0.01896231,0.03903306,-0.03695688,-0.08715171,-0.07240657,-0.01791033,-0.9933988,0.146979,-0.1705592,0.9743237,0.08814201,0.04092991,-0.03628939,-0.02165106,-0.02204056,-0.01620896,-0.9993912,0.04475617,-0.04256125,0.9980909,0.14,1.811587,3.74,0,-0.6727939,0,0.73983,-0.9955062,0,0.09469664
saccade,11.5666,0.01897465,0.0390377,-0.03696715,-0.08711224,-0.07239768,-0.01787641,-0.9934035,0.1469547,-0.1704868,0.9743401,0.08815446,0.04093027,-0.03629887,-0.03601351,0.008279697,-0.01533308,-0.9991993,-0.01544174,-0.07222326,0.997269,0.14,1.811587,3.74,0,-0.6727939,0,0.73983,-0.9955062,0,0.09469664
saccade,11.5775,0.01898764,0.03904366,-0.0369844,-0.08713532,-0.07236824,-0.01786648,-0.9934038,0.1468954,-0.1705352,0.9743406,0.08816747,0.04093421,-0.03631216,-0.03603566,0.008308523,-0.0153198,-0.9991986,-0.01549961,-0.07226814,0.9972648,0.14,1.811587,3.74,0,-0.6727939,0,0.73983,-0.9955062,0,0.09469664
saccade,11.5890,0.01898412,0.03904676,-0.03698181,-0.1212127,-0.02292884,-0.01649557,-0.9922246,0.04950006,-0.239784,0.9695635,0.08816406,0.04093385,-0.03631187,-0.0359793,0.008293523,-0.01529417,-0.9992011,-0.01547325,-0.07215479,0.9972734,0.14,1.811587,3.74,0,-0.6727939,0,0.73983,-0.9955062,0,0.09469664
saccade,11.6000,0.01897686,0.03905523,-0.03700498,-0.1212144,-0.02287694,-0.0165293,-0.9922251,0.04940532,-0.2397877,0.9695674,0.08815663,0.04094601,-0.03632735,-0.05845251,0.06206198,-0.01377844,-0.9962639,-0.1220494,-0.1181785,0.9854632,0.14,1.811587,3.74,0,-0.6727939,0,0.73983,-0.9955062,0,0.09469664
saccade,11.6114,0.01897246,0.03906989,-0.0370193,-0.1212292,-0.02283498,-0.01651928,-0.9922244,0.04932008,-0.2398188,0.9695641,0.08815223,0.04095852,-0.03633605,-0.05846616,0.0621031,-0.01376454,-0.9962608,-0.1221322,-0.1182047,0.9854499,0.14,1.811587,3.74,0,-0.6727939,0,0.73983,-0.9955062,0,0.09469664
saccade,11.6222,0.01896591,0.03909564,-0.03704131,-0.1570527,0.02114547,-0.0152911,-0.9872454,-0.03694852,-0.3107458,0.9497746,0.08814567,0.04098344,-0.03635546,-0.05849063,0.0621218,-0.01375833,-0.9962583,-0.1221693,-0.1182529,0.9854395,0.14,1.811587,3.74,0,-0.6727939,0,0.73983,-0.9955062,0,0.09469664
saccade,11.6331,0.01896954,0.03906739,-0.03704035,-0.1570017,0.02122311,-0.01541026,-0.98725,-0.03706616,-0.3106541,0.9498001,0.08814877,0.04096973,-0.03634141,-0.05844362,0.06221067,-0.01387111,-0.9962539,-0.1223339,-0.1181752,0.9854283,0.14,1.811587,3.74,0,-0.6727939,0,0.73983,-0.9955062,0,0.09469664
saccade,11.6444,0.01896522,0.0390532,-0.03702692,-0.1570966,0.02123688,-0.01546502,-0.9872338,-0.03707254,-0.310839,0.9497393,0.08814421,0.04096293,-0.03632469,-0.06909113,0.08882684,-0.01313314,-0.9935611,-0.174695,-0.1396257,0.9746724,0.14,1.811587,3.74,0,-0.6727939,0,0.73983,-0.9955062,0,0.09469664
saccade,11.6555,0.01896757,0.03904247,-0.0370221,-0.1708646,0.04208201,-0.01483698,-0.9842836,-0.07777103,-0.3376073,0.9380687,0.08814665,0.04094791,-0.03631649,-0.06904639,0.08885391,-0.01310764,-0.9935622,-0.1747537,-0.1395331,0.9746752,0.14,1.811587,3.74,0,-0.6727939,0,0.73983,-0.9955062,0,0.09469664
saccade,11.6667,0.01897408,0.03904021,-0.03700777,-0.1708741,0.04206543,-0.01477466,-0.9842836,-0.07775941,-0.3376202,0.9380651,0.08815342,0.04093754,-0.03630587,-0.07112648,0.0943739,-0.01288109,-0.9929092,-0.185577,-0.1436756,0.9720692,0.14,1.811587,3.74,0,-0.6727939,0,0.73983,-0.9955062,0,0.09469664
saccade,11.6777,0.01898747,0.03902996,-0.03699702,-0.1709426,0.04199918,-0.01471674,-0.9842755,-0.07764608,-0.3377454,0.9380294,0.08816707,0.04092133,-0.03630533,-0.07119319,0.09430261,-0.01282668,-0.9929119,-0.185442,-0.1437963,0.9720771,0.14,1.811587,3.74,0,-0.6727939,0,0.73983,-0.9955062,0,0.09469664
saccade,11.6892,0.01899169,0.03901064,-0.03697982,-0.1735622,0.04061053,-0.01462478,-0.9838765,-0.07483488,-0.3427154,0.9364539,0.08817188,0.04088449,-0.0362987,-0.07118165,0.09423586,-0.01269564,-0.9929208,-0.1853301,-0.1437482,0.9721056,0.14,1.811587,3.74,0,-0.6727939,0,0.73983,-0.9955062,0,0.09469664
saccade,11.7005,0.01900125,0.03899443,-0.03697205,-0.1736215,0.0405585,-0.01466753,-0.9838676,-0.0747152,-0.342831,0.9364212,0.08818129,0.04087567,-0.03629683,-0.07299728,0.09783389,-0.01263156,-0.9924417,-0.1923447,-0.1473627,0.9701998,0.14,1.811587,3.74,0,-0.6727939,0,0.73983,-0.9955062,0,0.09469664
saccade,11.7110,0.01900188,0.03897297,-0.03696083,-0.1723056,0.04210589,-0.01464436,-0.9840343,-0.07782067,-0.3403424,0.9370757,0.08818182,0.04085851,-0.03628679,-0.07303507,0.0978227,-0.01265785,-0.9924396,-0.1923173,-0.1474423,0.9701932,0.14,1.811587,3.74,0,-0.6727939,0,0.73983,-0.9955062,0,0.09469664
saccade,11.7220,0.01895379,0.03896391,-0.03695858,-0.1723355,0.04211216,-0.01472013,-0.9840276,-0.07780544,-0.3404057,0.937054,0.08813342,0.0408597,-0.03628179,-0.07306948,0.09783649,-0.01273083,-0.9924348,-0.1923322,-0.1475245,0.9701778,0.14,1.811587,3.74,0,-0.6727939,0,0.73983,-0.9955062,0,0.09469664
saccade,11.7331,0.01892614,0.03893185,-0.03695759,-0.1723698,0.04208341,-0.01486899,-0.9840206,-0.07769595,-0.3404824,0.9370353,0.08810519,0.04084873,-0.03628109,-0.07311252,0.09782286,-0.01287967,-0.992431,-0.1922816,-0.1476381,0.9701705,0.14,1.811587,3.74,0,-0.6727939,0,0.73983,-0.9955062,0,0.09469664
saccade,11.7443,0.01890884,0.03891182,-0.03695029,-0.1724103,0.04218361,-0.01504474,-0.9840066,-0.07783017,-0.340575,0.9369905,0.08808711,0.04085052,-0.03625583,-0.07377692,0.1001395,-0.01297437,-0.9921496,-0.1967923,-0.148994,0.9690581,0.14,1.811587,3.74,0,-0.6727939,0,0.73983,-0.9955062,0,0.09469664
saccade,11.7554,0.01889472,0.03891325,-0.03695462,-0.1728384,0.04229885,-0.01505522,-0.9839264,-0.07803367,-0.3413942,0.9366754,0.08807294,0.04085398,-0.03626103,-0.07379124,0.1001319,-0.01298797,-0.9921491,-0.1967747,-0.1490248,0.9690569,0.14,1.811587,3.74,0,-0.6727939,0,0.73983,-0.9955062,0,0.09469664
saccade,11.7677,0.01887602,0.03892565,-0.03696347,-0.1728541,0.04234244,-0.01503512,-0.9839221,-0.07812557,-0.3414232,0.9366571,0.08805428,0.04086268,-0.03626436,-0.07380565,0.1001731,-0.01296273,-0.9921442,-0.1968589,-0.1490487,0.9690362,0.14,1.811587,3.74,0,-0.6727939,0,0.73983,-0.9955062,0,0.09469664
saccade,11.7779,0.01886201,0.03892803,-0.03696276,-0.1728345,0.04228728,-0.01497742,-0.9839287,-0.07803811,-0.3413804,0.9366801,0.08804056,0.04085851,-0.03627261,-0.07373381,0.102658,-0.01283119,-0.9918972,-0.2017602,-0.1489072,0.9680493,0.14,1.811587,3.74,0,-0.6727939,0,0.73983,-0.9955062,0,0.09469664
saccade,11.7888,0.01883742,0.03892839,-0.03696091,-0.1735208,0.04250941,-0.01500141,-0.983798,-0.07843523,-0.3426943,0.9361669,0.08801585,0.0408628,-0.0362707,-0.07369951,0.102657,-0.01286316,-0.9918994,-0.2017548,-0.148846,0.9680598,0.14,1.811587,3.74,0,-0.6727939,0,0.73983,-0.9955062,0,0.09469664
saccade,11.7999,0.01881105,0.03893507,-0.03697543,-0.1734919,0.04257098,-0.01495213,-0.9838012,-0.07857462,-0.3426361,0.9361765,0.08798964,0.04086113,-0.03627808,-0.07366683,0.102713,-0.01280973,-0.9918967,-0.2018741,-0.1487712,0.9680465,0.14,1.811587,3.74,0,-0.6727939,0,0.73983,-0.9955062,0,0.09469664
saccade,11.8108,0.01879315,0.0389508,-0.03698029,-0.173448,0.04266453,-0.01497914,-0.9838045,-0.07875091,-0.342556,0.9361911,0.08797158,0.04087806,-0.03626965,-0.07413856,0.1042133,-0.01278711,-0.9917054,-0.2048017,-0.1497124,0.9672861,0.14,1.811587,3.74,0,-0.6727939,0,0.73983,-0.9955062,0,0.09469664
saccade,11.8221,0.01878027,0.03896177,-0.03698913,-0.1735131,0.04387582,-0.01494362,-0.9837403,-0.08113899,-0.3426949,0.9359363,0.08795872,0.04088974,-0.03628258,-0.07407231,0.1041846,-0.01279626,-0.9917133,-0.2047469,-0.1495833,0.9673177,0.14,1.811587,3.74,0,-0.6727939,0,0.73983,-0.9955062,0,0.09469664
saccade,11.8331,0.01877361,0.03897047,-0.03699078,-0.1734706,0.04390275,-0.01491968,-0.9837469,-0.08120213,-0.3426123,0.935961,0.08795214,0.04089427,-0.03628126,-0.07487395,0.1061523,-0.01271399,-0.9914454,-0.2085845,-0.1511661,0.9662511,0.14,1.811587,3.74,0,-0.6727939,0,0.73983,-0.9955062,0,0.09469664
saccade,11.8440,0.01877846,0.0389601,-0.03703134,-0.173475,0.04385089,-0.01492044,-0.9837484,-0.08109985,-0.34262,0.9359671,0.08795702,0.04088533,-0.03632886,-0.07487889,0.106101,-0.01271966,-0.9914504,-0.208483,-0.1511765,0.9662715,0.14,1.811587,3.74,0,-0.6727939,0,0.73983,-0.9955062,0,0.09469664
saccade,11.8555,0.01877824,0.03896832,-0.03702512,-0.1753227,0.0440147,-0.01486195,-0.9834144,-0.08135811,-0.3461379,0.9346493,0.08795707,0.04088688,-0.03633019,-0.07485182,0.1060509,-0.01267048,-0.9914585,-0.2083932,-0.1511124,0.9663008,0.14,1.811587,3.74,0,-0.6727939,0,0.73983,-0.9955062,0,0.09469664
saccade,11.8663,0.01877732,0.03897345,-0.03701827,-0.1752698,0.04393044,-0.01484197,-0.9834278,-0.08120213,-0.3460345,0.9347012,0.08795629,0.04089117,-0.03633548,-0.07500714,0.1069719,-0.01263148,-0.9913483,-0.2101978,-0.1514188,0.9658619,0.14,1.811587,3.74,0,-0.6727939,0,0.73983,-0.9955062,0,0.09469664
saccade,11.8821,0.01879039,0.03897059,-0.03701441,-0.175254,0.04387341,-0.01485596,-0.9834331,-0.08108599,-0.3460048,0.9347223,0.08796935,0.04089141,-0.0363391,-0.07499255,0.1069168,-0.01265216,-0.9913551,-0.2100873,-0.1513939,0.9658899,0.14,1.811587,3.74,0,-0.6727939,0,0.73983,-0.9955062,0,0.09469664
saccade,11.8974,0.01879388,0.03895986,-0.03701279,-0.1745903,0.04466514,-0.01487847,-0.9835151,-0.08266241,-0.3447535,0.9350465,0.0879727,0.04089141,-0.03635425,-0.07509093,0.1067894,-0.01271158,-0.9913606,-0.2098246,-0.1515993,0.9659147,0.14,1.811587,3.74,0,-0.6727939,0,0.73983,-0.9955062,0,0.09469664
saccade,11.9042,0.01879486,0.03891444,-0.03697237,-0.1746234,0.04461976,-0.01490069,-0.983511,-0.08256402,-0.3448179,0.9350315,0.08797361,0.0408504,-0.03631938,-0.0754611,0.1084347,-0.0126838,-0.9911543,-0.2130369,-0.1523379,0.965095,0.14,1.811587,3.74,0,-0.6727939,0,0.73983,-0.9955062,0,0.09469664
saccade,11.9111,0.01879486,0.03891444,-0.03697237,-0.1746234,0.04461976,-0.01490069,-0.983511,-0.08256402,-0.3448179,0.9350315,0.08797361,0.0408504,-0.03631938,-0.0754611,0.1084347,-0.0126838,-0.9911543,-0.2130369,-0.1523379,0.965095,0.14,1.811587,3.74,0,-0.6727939,0,0.73983,-0.9955062,0,0.09469664
saccade,11.9222,0.01877659,0.03888106,-0.03695284,-0.1742859,0.04637607,-0.0148061,-0.9834909,-0.0860599,-0.3441905,0.9349474,0.08795555,0.0408144,-0.03631422,-0.07547921,0.1083329,-0.01265563,-0.9911644,-0.212841,-0.1523667,0.9651337,0.14,1.811587,3.74,0,-0.6727939,0,0.73983,-0.9955062,0,0.09469664
saccade,11.9332,0.01877587,0.03885114,-0.03691851,-0.1743484,0.0464595,-0.01484961,-0.9834753,-0.08620553,-0.3443144,0.9348884,0.0879546,0.04078877,-0.03626727,-0.07626436,0.1099143,-0.01264139,-0.9909303,-0.2159067,-0.1539243,0.9642052,0.14,1.811587,3.74,0,-0.6727939,0,0.73983,-0.9955062,0,0.09469664
saccade,11.9445,0.01876524,0.03882372,-0.03690859,-0.1744173,0.04643475,-0.01483346,-0.9834645,-0.08615945,-0.344444,0.9348449,0.08794403,0.04076004,-0.0362609,-0.07633325,0.1098884,-0.01262345,-0.9909281,-0.2158558,-0.1540558,0.9641955,0.14,1.811587,3.74,0,-0.6727939,0,0.73983,-0.9955062,0,0.09469664
saccade,11.9560,0.01874106,0.03878999,-0.03689598,-0.1746317,0.04747242,-0.01480484,-0.9833773,-0.08819581,-0.3448634,0.9345003,0.08791982,0.0407275,-0.03624819,-0.07644006,0.1098869,-0.01262036,-0.9909201,-0.2158488,-0.1542656,0.9641636,0.14,1.811587,3.74,0,-0.6727939,0,0.73983,-0.9955062,0,0.09469664
saccade,11.9666,0.01871801,0.0387491,-0.03687616,-0.1747103,0.04754931,-0.01482265,-0.9833594,-0.0883368,-0.3450156,0.9344308,0.08789663,0.04068756,-0.03621721,-0.07669987,0.1109717,-0.01259381,-0.9907794,-0.2179651,-0.1547804,0.9636048,0.14,1.811587,3.74,0,-0.6727939,0,0.73983,-0.9955062,0,0.09469664
saccade,11.9775,0.01870233,0.0387162,-0.036876,-0.1748465,0.04760927,-0.01486113,-0.9833317,-0.08843458,-0.3452793,0.9343241,0.08788073,0.04065919,-0.03620753,-0.07683942,0.1110352,-0.01261744,-0.9907612,-0.2180797,-0.155061,0.9635338,0.14,1.811587,3.74,0,-0.6727939,0,0.73983,-0.9955062,0,0.09469664
saccade,11.9889,0.01868472,0.03869843,-0.03687403,-0.1755989,0.04732811,-0.01490134,-0.9832106,-0.08783367,-0.346712,0.9338501,0.08786297,0.04064441,-0.03619793,-0.07688769,0.1110874,-0.01263807,-0.9907513,-0.2181766,-0.155161,0.9634957,0.14,1.811587,3.74,0,-0.6727939,0,0.73983,-0.9955062,0,0.09469664
saccade,12.0006,0.01864687,0.03871179,-0.03685631,-0.1755965,0.04733752,-0.01487571,-0.983211,-0.0878613,-0.3467052,0.93385,0.08782521,0.04065406,-0.03617955,-0.07688355,0.1110942,-0.01261184,-0.9907512,-0.2181942,-0.1551471,0.963494,0.14,1.811587,3.74,0,-0.6727939,0,0.73983,-0.9955062,0,0.09469664
saccade,12.0115,0.0186226,0.03871441,-0.03685886,-0.1756244,0.0474627,-0.01491659,-0.9831993,-0.08809116,-0.3467636,0.9338067,0.08780069,0.04065943,-0.03616395,-0.0768627,0.1120645,-0.01261077,-0.9906436,-0.2200933,-0.1551135,0.9630674,0.14,1.811587,3.74,0,-0.6727939,0,0.73983,-0.9955062,0,0.09469664
saccade,12.0222,0.01860616,0.03871155,-0.03686953,-0.1776055,0.04735065,-0.01495849,-0.9828482,-0.08776358,-0.350535,0.9324284,0.08778408,0.04065955,-0.03616712,-0.07681973,0.1121172,-0.01264156,-0.9906405,-0.2201934,-0.1550361,0.9630569,0.14,1.811587,3.74,0,-0.6727939,0,0.73983,-0.9955062,0,0.09469664
saccade,12.0334,0.01859469,0.03872168,-0.03688826,-0.177557,0.04737777,-0.01501525,-0.9828547,-0.0877988,-0.3504483,0.9324577,0.08777237,0.04067659,-0.03618091,-0.0767741,0.1121496,-0.01269826,-0.9906397,-0.22025,-0.1549591,0.9630564,0.14,1.811587,3.74,0,-0.6727939,0,0.73983,-0.9955062,0,0.09469664
saccade,12.0447,0.0186161,0.03874516,-0.03691294,-0.1774989,0.04740278,-0.01507475,-0.9828631,-0.0878294,-0.3503434,0.9324942,0.08779354,0.04070723,-0.0362009,-0.07692088,0.1130512,-0.01273124,-0.9905254,-0.2220016,-0.1552627,0.9626052,0.14,1.811587,3.74,0,-0.6727939,0,0.73983,-0.9955062,0,0.09469664
saccade,12.0554,0.01861412,0.03875589,-0.03693009,-0.1790621,0.04746265,-0.01508507,-0.9825765,-0.08786905,-0.3533163,0.9313681,0.08779153,0.04071927,-0.03621892,-0.07689322,0.1130447,-0.01274328,-0.9905282,-0.2219882,-0.1552109,0.9626166,0.14,1.811587,3.74,0,-0.6727939,0,0.73983,-0.9955062,0,0.09469664
saccade,12.0670,0.01860359,0.03877103,-0.03695279,-0.1789673,0.04736177,-0.01511548,-0.9825981,-0.08766481,-0.3531376,0.9314552,0.08778096,0.04074049,-0.03625492,-0.0768002,0.1129477,-0.01279012,-0.9905458,-0.2217952,-0.1550375,0.9626891,0.14,1.811587,3.74,0,-0.6727939,0,0.73983,-0.9955062,0,0.09469664
saccade,12.0782,0.01862533,0.03879833,-0.03696193,-0.1789113,0.04737655,-0.0150914,-0.982608,-0.08770511,-0.3530293,0.9314924,0.0878028,0.04076374,-0.0362628,-0.0770537,0.1137143,-0.0127453,-0.990439,-0.22329,-0.1555326,0.9622636,0.14,1.811587,3.74,0,-0.6727939,0,0.73983,-0.9955062,0,0.09469664
saccade,12.0889,0.01863731,0.03882587,-0.03698365,-0.1790216,0.04752389,-0.01509996,-0.9825807,-0.08798568,-0.3532416,0.9313855,0.08781475,0.04079282,-0.03628507,-0.0769799,0.1137108,-0.0127635,-0.9904449,-0.2232835,-0.1553914,0.9622879,0.14,1.811587,3.74,0,-0.6727939,0,0.73983,-0.9955062,0,0.09469664
saccade,12.1000,0.0186443,0.03884518,-0.03699798,-0.1789628,0.04750235,-0.01513058,-0.982592,-0.08793522,-0.3531324,0.9314317,0.08782163,0.04081643,-0.03630177,-0.0769226,0.1136924,-0.01280002,-0.990451,-0.2232443,-0.1552867,0.9623139,0.14,1.811587,3.74,0,-0.6727939,0,0.73983,-0.9955062,0,0.09469664
saccade,12.1112,0.0186413,0.0388763,-0.03702059,-0.1788993,0.04746724,-0.01503426,-0.9826067,-0.08790403,-0.3530027,0.9314837,0.08781907,0.0408349,-0.03633174,-0.07682002,0.1139543,-0.01270242,-0.9904301,-0.2237759,-0.1550647,0.9622262,0.14,1.811587,3.74,0,-0.6727939,0,0.73983,-0.9955062,0,0.09469664
saccade,12.1227,0.01862418,0.03885984,-0.03705271,-0.1788264,0.0475256,-0.01511583,-0.9826159,-0.0879926,-0.3528721,0.9315249,0.08780158,0.04082787,-0.03635412,-0.07675102,0.1140202,-0.01278217,-0.9904268,-0.2238951,-0.1549474,0.9622174,0.14,1.811587,3.74,0,-0.6727939,0,0.73983,-0.9955062,0,0.09469664
saccade,12.1337,0.0186277,0.03886235,-0.03705312,-0.1791703,0.04821605,-0.01506146,-0.9825205,-0.08934937,-0.3535294,0.9311464,0.08780523,0.04082477,-0.03635122,-0.07673211,0.1140472,-0.01274549,-0.9904257,-0.2239546,-0.1549021,0.9622108,0.14,1.811587,3.74,0,-0.6727939,0,0.73983,-0.9955062,0,0.09469664
saccade,12.1444,0.01862895,0.03885615,-0.03705903,-0.1791845,0.04820189,-0.01506302,-0.9825186,-0.08932038,-0.3535562,0.9311391,0.08780648,0.04081917,-0.03635897,-0.07652076,0.1145403,-0.01273075,-0.9903853,-0.2249297,-0.1544864,0.9620502,0.14,1.811587,3.74,0,-0.6727939,0,0.73983,-0.9955062,0,0.09469664
saccade,12.1557,0.01864076,0.03884017,-0.03706355,-0.1787966,0.04823309,-0.01507086,-0.9825876,-0.08939724,-0.3528204,0.9314107,0.08781822,0.04080379,-0.03635785,-0.07657655,0.1145794,-0.01273143,-0.9903765,-0.2250037,-0.1545967,0.9620152,0.14,1.811587,3.74,0,-0.6727939,0,0.73983,-0.9955062,0,0.09469664
saccade,12.1665,0.0186416,0.03879154,-0.03703953,-0.178872,0.04820212,-0.01504487,-0.9825758,-0.08934227,-0.3529609,0.9313627,0.08781917,0.04075277,-0.03633846,-0.07665137,0.1145463,-0.01270385,-0.9903749,-0.2249401,-0.1547375,0.9620074,0.14,1.811587,3.74,0,-0.6727939,0,0.73983,-0.9955062,0,0.09469664
saccade,12.1779,0.01865122,0.03876495,-0.03703108,-0.1789401,0.04817896,-0.0150846,-0.9825639,-0.08927932,-0.3530938,0.9313184,0.08782862,0.0407325,-0.03633199,-0.07724901,0.1152744,-0.0127191,-0.9902438,-0.2263344,-0.1559231,0.9614888,0.14,1.811587,3.74,0,-0.6727939,0,0.73983,-0.9955062,0,0.09469664
saccade,12.1890,0.01865949,0.03875005,-0.03702747,-0.1793689,0.04857595,-0.01509131,-0.982466,-0.09003461,-0.3539138,0.9309344,0.08783683,0.04072165,-0.03633326,-0.07731431,0.1152361,-0.01273858,-0.9902428,-0.2262537,-0.1560558,0.9614863,0.14,1.811587,3.74,0,-0.6727939,0,0.73983,-0.9955062,0,0.09469664
saccade,12.2005,0.01867362,0.03872776,-0.03699722,-0.179365,0.04855538,-0.01508808,-0.9824678,-0.08999564,-0.3539059,0.9309412,0.087851,0.04069948,-0.03630591,-0.0773865,0.115862,-0.01271734,-0.9901645,-0.2274765,-0.1561976,0.9611747,0.14,1.811587,3.74,0,-0.6727939,0,0.73983,-0.9955062,0,0.09469664
saccade,12.2111,0.01868224,0.03871346,-0.03697939,-0.1794454,0.04853389,-0.01502055,-0.9824552,-0.08997401,-0.3540522,0.9308876,0.08785989,0.04067683,-0.03629243,-0.0774636,0.1158341,-0.01264714,-0.9901626,-0.2274297,-0.156333,0.9611637,0.14,1.811587,3.74,0,-0.6727939,0,0.73983,-0.9955062,0,0.09469664
saccade,12.2223,0.01869298,0.03869653,-0.03696929,-0.1798016,0.04908707,-0.01505572,-0.9823621,-0.09102847,-0.3547386,0.9305237,0.08787042,0.04066801,-0.03628437,-0.07751254,0.1158143,-0.012699,-0.9901604,-0.2273807,-0.1564411,0.9611577,0.14,1.811587,3.74,0,-0.6727939,0,0.73983,-0.9955062,0,0.09469664
saccade,12.2337,0.01870637,0.0386821,-0.03696093,-0.179822,0.04913427,-0.01505972,-0.9823559,-0.09111854,-0.3547783,0.9304997,0.08788376,0.04065311,-0.03626941,-0.0772933,0.1168099,-0.01266543,-0.990061,-0.22934,-0.1560091,0.9607624,0.14,1.811587,3.74,0,-0.6727939,0,0.73983,-0.9955062,0,0.09469664
saccade,12.2447,0.01869606,0.03866506,-0.03693528,-0.1798684,0.04912565,-0.01515204,-0.9823464,-0.09106606,-0.3548748,0.9304681,0.08787306,0.04064906,-0.03624251,-0.07734639,0.1168109,-0.01275478,-0.9900556,-0.2293256,-0.1561343,0.9607455,0.14,1.811587,3.74,0,-0.6727939,0,0.73983,-0.9955062,0,0.09469664
saccade,12.2558,0.01870411,0.03866553,-0.03692582,-0.180136,0.04937394,-0.01509225,-0.9822859,-0.09156134,-0.3553805,0.9302264,0.08788134,0.04064083,-0.03623084,-0.07721337,0.1168337,-0.01270719,-0.9900639,-0.2293833,-0.1558616,0.960776,0.14,1.811587,3.74,0,-0.6727939,0,0.73983,-0.9955062,0,0.09469664
saccade,12.2670,0.01870937,0.03867233,-0.03692151,-0.1800895,0.0493922,-0.01505342,-0.982294,-0.09161339,-0.3552888,0.9302564,0.08788675,0.04064155,-0.03622515,-0.07687712,0.1177022,-0.01264156,-0.989988,-0.2311038,-0.1551907,0.9604722,0.14,1.811587,3.74,0,-0.6727939,0,0.73983,-0.9955062,0,0.09469664
saccade,12.2778,0.01872042,0.03867733,-0.03692718,-0.1800724,0.04940347,-0.01506257,-0.9822965,-0.091633,-0.3552572,0.9302665,0.08789776,0.04064751,-0.03622911,-0.07686027,0.1177142,-0.01265063,-0.9899878,-0.2311266,-0.1551598,0.9604717,0.14,1.811587,3.74,0,-0.6727939,0,0.73983,-0.9955062,0,0.09469664
saccade,12.2886,0.01872748,0.03865421,-0.03693041,-0.1803388,0.05003162,-0.01498974,-0.9822169,-0.09287734,-0.3557636,0.9299495,0.08790506,0.04061747,-0.03623697,-0.07680856,0.1176857,-0.0126035,-0.9899958,-0.2310806,-0.1550468,0.9605011,0.14,1.811587,3.74,0,-0.6727939,0,0.73983,-0.9955062,0,0.09469664
saccade,12.2999,0.01876057,0.03861988,-0.03692724,-0.1804567,0.05011001,-0.01502569,-0.9821907,-0.0930122,-0.3559916,0.9298487,0.08793794,0.04058671,-0.03622185,-0.07692943,0.1177673,-0.01262296,-0.9899765,-0.2312315,-0.1552898,0.9604254,0.14,1.811587,3.74,0,-0.6727939,0,0.73983,-0.9955062,0,0.09469664
saccade,12.3115,0.01878126,0.03854728,-0.03692684,-0.1804965,0.05000943,-0.01502878,-0.9821885,-0.09281209,-0.3560663,0.9298401,0.08795868,0.04051733,-0.03623495,-0.07706058,0.1183826,-0.01261124,-0.989893,-0.2324285,-0.1555494,0.9600945,0.14,1.811587,3.74,0,-0.6727939,0,0.73983,-0.9955062,0,0.09469664
saccade,12.3265,0.01880627,0.03852046,-0.03693154,-0.180696,0.05020928,-0.01495296,-0.9821428,-0.09322149,-0.35644,0.929656,0.08798397,0.04048085,-0.03623967,-0.07709157,0.1183871,-0.01253789,-0.9898911,-0.2324476,-0.1555932,0.9600828,0.14,1.811587,3.74,0,-0.6727939,0,0.73983,-0.9955062,0,0.09469664
saccade,12.3380,0.0188355,0.03853917,-0.03690882,-0.1806375,0.05014582,-0.01490467,-0.9821575,-0.0931175,-0.3563239,0.9297109,0.08801344,0.04049408,-0.03622699,-0.07690029,0.1169653,-0.01254366,-0.9900749,-0.2296796,-0.1552084,0.960811,0.14,1.811587,3.74,0,-0.6727939,0,0.73983,-0.9955062,0,0.09469664
saccade,12.3491,0.01885652,0.03858113,-0.03688451,-0.1806004,0.05015876,-0.01467575,-0.9821672,-0.09322768,-0.3562318,0.9297352,0.08803538,0.04050446,-0.03620674,-0.07684755,0.1169543,-0.01231766,-0.990083,-0.2296958,-0.1550521,0.9608323,0.14,1.811587,3.74,0,-0.6727939,0,0.73983,-0.9955062,0,0.09469664
saccade,12.3600,0.01886621,0.03862762,-0.0368713,-0.1790705,0.04840336,-0.01458179,-0.9825367,-0.08989381,-0.3532982,0.9311817,0.08804566,0.04053247,-0.03620216,-0.07687854,0.1169021,-0.01217539,-0.9900886,-0.2296148,-0.1550798,0.9608472,0.14,1.811587,3.74,0,-0.6727939,0,0.73983,-0.9955062,0,0.09469664
saccade,12.3709,0.0188762,0.03865087,-0.03688963,-0.1790578,0.04841325,-0.01461683,-0.982538,-0.08990119,-0.3532774,0.9311889,0.08805552,0.04056013,-0.03621832,-0.07019792,0.09833366,-0.01278098,-0.9925923,-0.1934161,-0.1418694,0.9708055,0.14,1.811587,3.74,0,-0.6727939,0,0.73983,-0.9955062,0,0.09469664
saccade,12.3821,0.01887969,0.03866422,-0.03690159,-0.1791046,0.04843275,-0.01466073,-0.9825278,-0.08992143,-0.3533705,0.9311516,0.08805881,0.04057932,-0.03622638,-0.07024732,0.09835794,-0.01282008,-0.9925859,-0.1934563,-0.1419749,0.970782,0.14,1.811587,3.74,0,-0.6727939,0,0.73983,-0.9955062,0,0.09469664
saccade,12.3936,0.01887956,0.0386709,-0.03691676,-0.1638059,0.02004728,-0.01551067,-0.986167,-0.03445845,-0.3237019,0.9455315,0.08805865,0.04058528,-0.03623572,-0.07027915,0.09839973,-0.01281464,-0.9925796,-0.1935379,-0.1420372,0.9707566,0.14,1.811587,3.74,0,-0.6727939,0,0.73983,-0.9955062,0,0.09469664
saccade,12.4041,0.01889886,0.03867936,-0.03700254,-0.1638755,0.0201402,-0.01565516,-0.9861512,-0.03459158,-0.3238426,0.9454784,0.08807729,0.04061139,-0.03630538,-0.05708849,0.04382219,-0.01461779,-0.9972998,-0.08573871,-0.1151498,0.989641,0.14,1.811587,3.74,0,-0.6727939,0,0.73983,-0.9955062,0,0.09469664
saccade,12.4153,0.01889903,0.038674,-0.03700618,-0.1637313,0.02010163,-0.01567478,-0.9861757,-0.03451457,-0.3235658,0.945576,0.08807742,0.04060936,-0.03631416,-0.05694312,0.04378578,-0.01464467,-0.9973093,-0.08566812,-0.1148623,0.9896806,0.14,1.811587,3.74,0,-0.6727939,0,0.73983,-0.9955062,0,0.09469664
saccade,12.4271,0.01890289,0.03869617,-0.03701465,-0.1321451,-0.0389608,-0.01735978,-0.9903123,0.08175474,-0.2603772,0.9620395,0.08808137,0.04062974,-0.03632699,-0.05686042,0.04375624,-0.01463379,-0.9973155,-0.08561338,-0.1146962,0.9897045,0.14,1.811587,3.74,0,-0.6727939,0,0.73983,-0.9955062,0,0.09469664
saccade,12.4375,0.01891915,0.03874218,-0.03701622,-0.1321097,-0.03897268,-0.01733288,-0.990317,0.0817703,-0.2603101,0.9620563,0.08809774,0.04067254,-0.0363307,-0.04068907,-0.01601734,-0.01636172,-0.9989095,0.03333123,-0.08076525,0.9961757,0.14,1.811587,3.74,0,-0.6727939,0,0.73983,-0.9955062,0,0.09469664
saccade,12.4485,0.01892791,0.03874755,-0.03700563,-0.1319719,-0.03903538,-0.01724277,-0.9903345,0.08186728,-0.2600465,0.9621193,0.08810689,0.04066765,-0.03633048,-0.04054817,-0.01608745,-0.01628073,-0.9989154,0.03346031,-0.08048456,0.9961941,0.14,1.811587,3.74,0,-0.6727939,0,0.73983,-0.9955062,0,0.09469664
saccade,12.4602,0.01893329,0.03874373,-0.03700697,-0.1026547,-0.09962089,-0.01892065,-0.9895351,0.2010413,-0.1993911,0.9590754,0.08811228,0.04066682,-0.036341,-0.04048835,-0.01615385,-0.01629785,-0.9989165,0.03359244,-0.08036242,0.9961995,0.14,1.811587,3.74,0,-0.6727939,0,0.73983,-0.9955062,0,0.09469664
saccade,12.4718,0.01893878,0.03872406,-0.03701114,-0.10267,-0.09971245,-0.01904568,-0.9895219,0.2012461,-0.1993902,0.9590326,0.08811737,0.04066539,-0.03635604,-0.02660516,-0.06326058,-0.01775163,-0.9974844,0.1271475,-0.05083051,0.9905806,0.14,1.811587,3.74,0,-0.6727939,0,0.73983,-0.9955062,0,0.09469664
saccade,12.4824,0.01893016,0.03868604,-0.03701096,-0.1026925,-0.09971942,-0.0191277,-0.9895173,0.2012767,-0.1994171,0.9590206,0.08810842,0.04063833,-0.03635565,-0.02663082,-0.0632615,-0.01783312,-0.9974822,0.1271543,-0.05087123,0.9905776,0.14,1.811587,3.74,0,-0.6727939,0,0.73983,-0.9955062,0,0.09469664
saccade,12.4930,0.01891806,0.03865433,-0.03701797,-0.07959542,-0.1400563,-0.02027012,-0.9867309,0.2796225,-0.1514006,0.9480976,0.08809604,0.04061675,-0.03636195,-0.02665607,-0.06325861,-0.01790918,-0.9974803,0.1271532,-0.05091199,0.9905756,0.14,1.811587,3.74,0,-0.6727939,0,0.73983,-0.9955062,0,0.09469664
saccade,12.5043,0.01889983,0.03863394,-0.0370197,-0.0796229,-0.1400334,-0.02032881,-0.9867308,0.2795878,-0.1514393,0.9481017,0.08807757,0.04060364,-0.03635984,-0.0161738,-0.0934884,-0.01879246,-0.9953116,0.1867081,-0.0286822,0.9819967,0.14,1.811587,3.74,0,-0.6727939,0,0.73983,-0.9955062,0,0.09469664
saccade,12.5154,0.01888826,0.03861022,-0.03701758,-0.07948112,-0.1399751,-0.02039168,-0.9867492,0.2794821,-0.1511472,0.9481795,0.08806559,0.04059076,-0.03634883,-0.01603457,-0.09342439,-0.01885778,-0.9953186,0.1865788,-0.02839545,0.9820296,0.14,1.811587,3.74,0,-0.6727939,0,0.73983,-0.9955062,0,0.09469664
saccade,12.5270,0.01883288,0.03860569,-0.03699517,-0.06443381,-0.154101,-0.02074383,-0.9857337,0.3064783,-0.1206359,0.9442024,0.08801021,0.04058313,-0.03631577,-0.01620286,-0.09334902,-0.01885486,-0.9953231,0.1864359,-0.02873399,0.9820468,0.14,1.811587,3.74,0,-0.6727939,0,0.73983,-0.9955062,0,0.09469664
saccade,12.5377,0.01880621,0.03857625,-0.0369923,-0.0644689,-0.1540014,-0.02073783,-0.9857471,0.3062867,-0.1207128,0.9442547,0.08798347,0.04055119,-0.03629904,-0.01623738,-0.09324939,-0.01884179,-0.9953321,0.1862401,-0.0288092,0.9820818,0.14,1.811587,3.74,0,-0.6727939,0,0.73983,-0.9955062,0,0.09469664
saccade,12.5489,0.01878662,0.03855646,-0.03699681,-0.06453825,-0.1539938,-0.02077028,-0.985743,0.3062775,-0.1208393,0.9442415,0.08796379,0.04053414,-0.03630222,-0.007333582,-0.1032265,-0.01911544,-0.9944472,0.2055869,-0.01063928,0.978581,0.14,1.811587,3.74,0,-0.6727939,0,0.73983,-0.9955062,0,0.09469664
saccade,12.5600,0.01876192,0.03854954,-0.03698159,-0.06170457,-0.151356,-0.02073018,-0.9863337,0.3011334,-0.1154473,0.9465678,0.0879389,0.04052937,-0.03627528,-0.007464912,-0.1031436,-0.01914588,-0.9944542,0.2054291,-0.01089748,0.9786114,0.14,1.811587,3.74,0,-0.6727939,0,0.73983,-0.9955062,0,0.09469664
saccade,12.5706,0.01873425,0.03854835,-0.03697062,-0.06174188,-0.1513981,-0.02071076,-0.9863253,0.3012129,-0.115524,0.9465331,0.08791139,0.04052496,-0.03627035,-0.007501367,-0.1031872,-0.01912709,-0.9944497,0.205516,-0.01097212,0.9785922,0.14,1.811587,3.74,0,-0.6727939,0,0.73983,-0.9955062,0,0.09469664
saccade,12.5820,0.01872524,0.03853989,-0.03697611,-0.06180145,-0.1512952,-0.02074687,-0.9863366,0.3010204,-0.1156363,0.9465806,0.08790216,0.04051924,-0.03626119,-0.005722113,-0.1003103,-0.01906632,-0.9947571,0.1997869,-0.007559129,0.9798102,0.14,1.811587,3.74,0,-0.6727939,0,0.73983,-0.9955062,0,0.09469664
saccade,12.5930,0.01871729,0.03852129,-0.03697995,-0.05782942,-0.1514106,-0.02086502,-0.9865573,0.3011637,-0.1077857,0.9474612,0.08789361,0.04051852,-0.03625745,-0.005690794,-0.1002564,-0.01919382,-0.9947602,0.1996806,-0.007473346,0.9798325,0.14,1.811587,3.74,0,-0.6727939,0,0.73983,-0.9955062,0,0.09469664
saccade,12.6046,0.01868912,0.03851974,-0.03697894,-0.05781015,-0.1514021,-0.02088869,-0.9865592,0.3011494,-0.1077411,0.9474708,0.08786532,0.04052055,-0.03625505,-0.00567274,-0.1002464,-0.01921794,-0.9947609,0.1996604,-0.007432981,0.9798369,0.14,1.811587,3.74,0,-0.6727939,0,0.73983,-0.9955062,0,0.09469664
saccade,12.6150,0.01868401,0.03852618,-0.03697607,-0.05775711,-0.1514083,-0.02088063,-0.9865615,0.3011592,-0.1076389,0.9474793,0.08786022,0.04052722,-0.0362531,-0.003741296,-0.09970187,-0.01918825,-0.9948253,0.1985154,-0.003617663,0.9800911,0.14,1.811587,3.74,0,-0.6727939,0,0.73983,-0.9955062,0,0.09469664
saccade,12.6268,0.01869047,0.03854132,-0.03696479,-0.05771681,-0.151435,-0.02079903,-0.9865615,0.3012009,-0.107583,0.9474724,0.08786701,0.04053223,-0.03624622,-0.003696753,-0.0997327,-0.01911041,-0.9948239,0.1985742,-0.00354337,0.9800795,0.14,1.811587,3.74,0,-0.6727939,0,0.73983,-0.9955062,0,0.09469664
saccade,12.6373,0.018708,0.03853738,-0.03695599,-0.05572524,-0.1521164,-0.02069633,-0.9865734,0.3024547,-0.1036576,0.9475105,0.08788504,0.04051602,-0.03625208,-0.003599801,-0.09983678,-0.0190091,-0.9948158,0.1987753,-0.003366662,0.9800393,0.14,1.811587,3.74,0,-0.6727939,0,0.73983,-0.9955062,0,0.09469664
saccade,12.6485,0.0187294,0.03853321,-0.03695736,-0.05573141,-0.1522243,-0.02058408,-0.9865587,0.3026507,-0.1036978,0.9474435,0.08790702,0.0404973,-0.03626942,0.0001054518,-0.09940507,-0.01887029,-0.9948681,0.1977859,0.003961427,0.9802372,0.14,1.811587,3.74,0,-0.6727939,0,0.73983,-0.9955062,0,0.09469664
saccade,12.6603,0.01873995,0.03852868,-0.03694668,-0.05384929,-0.1532383,-0.02057094,-0.9865065,0.3045566,-0.09994085,0.9472365,0.08791777,0.04048979,-0.03627126,0.000140572,-0.09949482,-0.01884506,-0.9948596,0.1979615,0.00402967,0.9802015,0.14,1.811587,3.74,0,-0.6727939,0,0.73983,-0.9955062,0,0.09469664
saccade,12.6712,0.01875275,0.0385251,-0.03694005,-0.05389756,-0.1532626,-0.02061251,-0.9864992,0.3046088,-0.1000215,0.9472113,0.08793047,0.0404911,-0.03626773,9.001978E-05,-0.09951754,-0.01888531,-0.9948566,0.198008,0.003937952,0.9801925,0.14,1.811587,3.74,0,-0.6727939,0,0.73983,-0.9955062,0,0.09469664
saccade,12.6817,0.01874922,0.03853035,-0.03692956,-0.05391383,-0.1532553,-0.02070442,-0.9864976,0.3046044,-0.1000256,0.9472123,0.08792658,0.04050839,-0.03625552,-0.0003804118,-0.09924894,-0.01897036,-0.9948817,0.1974964,0.003008646,0.980299,0.14,1.811587,3.74,0,-0.6727939,0,0.73983,-0.9955062,0,0.09469664
saccade,12.6927,0.01875494,0.03852582,-0.03692323,-0.0518146,-0.1534229,-0.02078902,-0.9865822,0.304883,-0.09585971,0.9475533,0.08793202,0.04051602,-0.03625638,-0.000399705,-0.09930102,-0.01906143,-0.9948748,0.1975994,0.002990325,0.9802783,0.14,1.811587,3.74,0,-0.6727939,0,0.73983,-0.9955062,0,0.09469664
saccade,12.7043,0.01876332,0.03852427,-0.03691045,-0.05181631,-0.1534063,-0.02084965,-0.9865835,0.304857,-0.09584529,0.9475631,0.08794014,0.04052269,-0.03624084,-0.0004046988,-0.09928127,-0.01912092,-0.9948756,0.1975605,0.002991448,0.9802861,0.14,1.811587,3.74,0,-0.6727939,0,0.73983,-0.9955062,0,0.09469664
saccade,12.7159,0.01876501,0.03853631,-0.03689957,-0.05181655,-0.1534284,-0.02084317,-0.9865802,0.3048989,-0.0958465,0.9475495,0.08794187,0.0405339,-0.0362331,0.000739785,-0.0987611,-0.01909507,-0.9949277,0.196492,0.005243766,0.9804914,0.14,1.811587,3.74,0,-0.6727939,0,0.73983,-0.9955062,0,0.09469664
saccade,12.7260,0.01874752,0.0385375,-0.03689079,-0.04891087,-0.1553953,-0.02079209,-0.9864217,0.3086045,-0.0900315,0.94692,0.08792482,0.04052472,-0.03623782,0.0008154567,-0.09885742,-0.01901107,-0.9949197,0.1966794,0.005381398,0.9804531,0.14,1.811587,3.74,0,-0.6727939,0,0.73983,-0.9955062,0,0.09469664
saccade,12.7374,0.01875485,0.0385437,-0.03687011,-0.0489557,-0.1553764,-0.02079229,-0.9864224,0.3085694,-0.09012074,0.946923,0.08793215,0.04052985,-0.0362145,0.0007706489,-0.09883887,-0.0190078,-0.9949216,0.1966446,0.005290889,0.9804606,0.14,1.811587,3.74,0,-0.6727939,0,0.73983,-0.9955062,0,0.09469664
saccade,12.7492,0.01876113,0.03855407,-0.03685067,-0.04897526,-0.1553455,-0.02079533,-0.9864263,0.3085108,-0.09016004,0.9469384,0.0879384,0.04053998,-0.03619071,0.001429029,-0.09867118,-0.01900129,-0.9949377,0.196289,0.006593349,0.9805239,0.14,1.811587,3.74,0,-0.6727939,0,0.73983,-0.9955062,0,0.09469664
saccade,12.7596,0.018745,0.03854072,-0.03685279,-0.04708868,-0.1565027,-0.02079926,-0.9863352,0.310687,-0.08638016,0.9465791,0.08792232,0.04052532,-0.03619441,0.001498748,-0.09868189,-0.01898446,-0.9949368,0.1963076,0.006729162,0.9805193,0.14,1.811587,3.74,0,-0.6727939,0,0.73983,-0.9955062,0,0.09469664
saccade,12.7709,0.01873776,0.03855157,-0.03685032,-0.04714231,-0.1564294,-0.02081681,-0.9863438,0.310549,-0.08648433,0.9466149,0.08791496,0.04053688,-0.03618157,0.001444187,-0.09860779,-0.0189952,-0.994944,0.1961636,0.00661992,0.9805489,0.14,1.811587,3.74,0,-0.6727939,0,0.73983,-0.9955062,0,0.09469664
saccade,12.7821,0.01873918,0.03856981,-0.03684103,-0.04715314,-0.1563902,-0.02083618,-0.9863492,0.3104758,-0.08650177,0.9466373,0.08791627,0.04055715,-0.03616667,0.001573075,-0.09891482,-0.01902124,-0.9949129,0.1967634,0.006893109,0.9804268,0.14,1.811587,3.74,0,-0.6727939,0,0.73983,-0.9955062,0,0.09469664
saccade,12.7933,0.01874135,0.03858745,-0.03683107,-0.04522089,-0.1581375,-0.02081821,-0.9861614,0.313781,-0.08260591,0.9458952,0.08791867,0.04056644,-0.03615621,0.001566472,-0.09891129,-0.01896124,-0.9949144,0.1967571,0.006867972,0.9804282,0.14,1.811587,3.74,0,-0.6727939,0,0.73983,-0.9955062,0,0.09469664
saccade,12.8036,0.01874577,0.03859186,-0.03684318,-0.04517359,-0.1580752,-0.02078633,-0.9861742,0.3136574,-0.08252646,0.9459431,0.08792312,0.04056728,-0.03615981,0.001615697,-0.09884964,-0.01892919,-0.9949211,0.196634,0.00695727,0.9804523,0.14,1.811587,3.74,0,-0.6727939,0,0.73983,-0.9955062,0,0.09469664
saccade,12.8154,0.01875196,0.03859401,-0.03683699,-0.04517156,-0.1580955,-0.02073899,-0.986172,0.3136924,-0.08253636,0.9459307,0.08792952,0.04056311,-0.03615677,0.002292207,-0.09934387,-0.01889352,-0.9948711,0.1975821,0.008314812,0.9802511,0.14,1.811587,3.74,0,-0.6727939,0,0.73983,-0.9955062,0,0.09469664
saccade,12.8263,0.01876171,0.03859007,-0.03682041,-0.04516954,-0.1581263,-0.0206964,-0.9861681,0.3137479,-0.08254424,0.9459116,0.08793947,0.04055357,-0.03614476,0.002296718,-0.0993768,-0.01885268,-0.9948686,0.1976471,0.008316902,0.980238,0.14,1.811587,3.74,0,-0.6727939,0,0.73983,-0.9955062,0,0.09469664
saccade,12.8370,0.01876714,0.03857088,-0.03683118,-0.04311144,-0.1593057,-0.02069823,-0.9860703,0.3159579,-0.07842714,0.9455262,0.08794494,0.04053342,-0.03615782,0.002386231,-0.09939246,-0.01883581,-0.9948671,0.1976747,0.008492243,0.9802309,0.14,1.811587,3.74,0,-0.6727939,0,0.73983,-0.9955062,0,0.09469664
saccade,12.8486,0.01877149,0.03856194,-0.03684889,-0.04311176,-0.1593471,-0.02075672,-0.9860624,0.3160422,-0.07840672,0.9454997,0.08794911,0.04053271,-0.03618098,0.002821222,-0.09999204,-0.01891008,-0.9948046,0.1988384,0.009394843,0.9799873,0.14,1.811587,3.74,0,-0.6727939,0,0.73983,-0.9955062,0,0.09469664
saccade,12.8598,0.01878611,0.0385586,-0.03681932,-0.04310467,-0.159357,-0.02069033,-0.9860625,0.3160557,-0.07841351,0.9454947,0.08796401,0.04052055,-0.03615321,0.002832277,-0.1000049,-0.01884476,-0.9948045,0.198864,0.009404263,0.979982,0.14,1.811587,3.74,0,-0.6727939,0,0.73983,-0.9955062,0,0.09469664
saccade,12.8706,0.01878772,0.03855228,-0.03680339,-0.04163986,-0.1606547,-0.02068169,-0.9859151,0.3185061,-0.07546151,0.9449124,0.08796583,0.04050946,-0.03614548,0.002830233,-0.100064,-0.01880999,-0.9947992,0.1989807,0.009395434,0.9799584,0.14,1.811587,3.74,0,-0.6727939,0,0.73983,-0.9955062,0,0.09469664
saccade,12.8822,0.01878112,0.03854251,-0.03677941,-0.04167696,-0.1606367,-0.02075402,-0.9859149,0.3184782,-0.07551216,0.9449177,0.08795895,0.04050851,-0.03611854,0.003431369,-0.1010531,-0.01890499,-0.9946955,0.2009044,0.01064715,0.979553,0.14,1.811587,3.74,0,-0.6727939,0,0.73983,-0.9955062,0,0.09469664
saccade,12.8936,0.0187774,0.0385263,-0.03675731,-0.04169721,-0.1606925,-0.02079861,-0.985904,0.3185893,-0.07553453,0.9448785,0.08795513,0.04049838,-0.03610401,0.003408417,-0.1011075,-0.01895088,-0.9946892,0.2010119,0.01061278,0.9795313,0.14,1.811587,3.74,0,-0.6727939,0,0.73983,-0.9955062,0,0.09469664
saccade,12.9042,0.0187817,0.0385015,-0.03673439,-0.04069006,-0.1617226,-0.02079394,-0.9857778,0.3205372,-0.07349701,0.9443803,0.08795961,0.04046679,-0.03607937,0.003296558,-0.1010964,-0.01891423,-0.9946914,0.2009946,0.01038244,0.9795373,0.14,1.811587,3.74,0,-0.6727939,0,0.73983,-0.9955062,0,0.09469664
saccade,12.9152,0.01877556,0.03847194,-0.03673413,-0.04073844,-0.1617464,-0.02088204,-0.98577,0.320591,-0.07356228,0.9443569,0.08795317,0.04044819,-0.03608194,0.004270252,-0.1017472,-0.01901386,-0.9946194,0.2022371,0.01236376,0.9792585,0.14,1.811587,3.74,0,-0.6727939,0,0.73983,-0.9955062,0,0.09469664
saccade,12.9266,0.01876368,0.03845048,-0.03673799,-0.04080589,-0.1617338,-0.0208583,-0.9857698,0.3205669,-0.07370344,0.9443541,0.08794142,0.04042184,-0.03608416,0.004204327,-0.1017362,-0.01898558,-0.9946214,0.2022183,0.01222647,0.9792641,0.14,1.811587,3.74,0,-0.6727939,0,0.73983,-0.9955062,0,0.09469664
saccade,12.9372,0.01874895,0.03844011,-0.03673339,-0.03941919,-0.1626707,-0.02089373,-0.9856713,0.322327,-0.07091113,0.9439687,0.08792657,0.0404129,-0.0360705,0.004204463,-0.101671,-0.01899544,-0.9946279,0.2020898,0.01222632,0.9792907,0.14,1.811587,3.74,0,-0.6727939,0,0.73983,-0.9955062,0,0.09469664
saccade,12.9487,0.01873378,0.03844297,-0.03673466,-0.03942466,-0.1625993,-0.02091067,-0.9856825,0.3221914,-0.07092027,0.9440143,0.08791125,0.04041743,-0.03606166,0.004913833,-0.1026705,-0.01903629,-0.9945211,0.2040289,0.01368275,0.9788693,0.14,1.811587,3.74,0,-0.6727939,0,0.73983,-0.9955062,0,0.09469664
saccade,12.9596,0.01872241,0.03842545,-0.03677348,-0.03839004,-0.1639399,-0.02099998,-0.9854993,0.3247378,-0.06878124,0.9432998,0.08789958,0.04040694,-0.0360906,0.004912455,-0.1025993,-0.0190874,-0.9945275,0.2038881,0.01368785,0.9788985,0.14,1.811587,3.74,0,-0.6727939,0,0.73983,-0.9955062,0,0.09469664
saccade,12.9708,0.01870723,0.03842521,-0.03679875,-0.0383752,-0.1638277,-0.02105459,-0.9855174,0.324526,-0.0687402,0.9433757,0.08788404,0.04041398,-0.03609983,0.004923949,-0.1024837,-0.0191377,-0.9945384,0.2036594,0.01371672,0.9789457,0.14,1.811587,3.74,0,-0.6727939,0,0.73983,-0.9955062,0,0.09469664
saccade,12.9817,0.01868414,0.03843021,-0.03682062,-0.03834057,-0.1637038,-0.02110537,-0.9855382,0.3242911,-0.06866214,0.9434621,0.08786057,0.0404259,-0.03610406,0.005054405,-0.1028774,-0.01919931,-0.9944959,0.2044281,0.01400352,0.9787814,0.14,1.811587,3.74,0,-0.6727939,0,0.73983,-0.9955062,0,0.09469664
saccade,13.0011,0.01868041,0.03843868,-0.03683383,-0.03798347,-0.1646604,-0.02115756,-0.9853916,0.3261172,-0.06788956,0.9428884,0.08785671,0.04043722,-0.03611272,0.005031176,-0.1028448,-0.01922295,-0.994499,0.2043646,0.01396096,0.9787953,0.14,1.811587,3.74,0,-0.6727939,0,0.73983,-0.9955062,0,0.09469664
saccade,13.0079,0.01867715,0.03844333,-0.03691368,-0.03787002,-0.1645829,-0.02111879,-0.9854098,0.3259627,-0.06768338,0.9429567,0.08785342,0.04043901,-0.03618193,0.00551611,-0.1032483,-0.01919968,-0.994455,0.2051398,0.01493572,0.9786187,0.14,1.811587,3.74,0,-0.6727939,0,0.73983,-0.9955062,0,0.09469664
saccade,13.0154,0.01867715,0.03844333,-0.03691368,-0.03787002,-0.1645829,-0.02111879,-0.9854098,0.3259627,-0.06768338,0.9429567,0.08785342,0.04043901,-0.03618193,0.00551611,-0.1032483,-0.01919968,-0.994455,0.2051398,0.01493572,0.9786187,0.14,1.811587,3.74,0,-0.6727939,0,0.73983,-0.9955062,0,0.09469664
saccade,13.0264,0.01868071,0.03847361,-0.03692129,-0.037777,-0.1645961,-0.02112263,-0.985411,0.3259855,-0.06749835,0.9429621,0.08785692,0.04047203,-0.03619139,0.005608775,-0.1032606,-0.01920977,-0.994453,0.2051601,0.01512255,0.9786116,0.14,1.811587,3.74,0,-0.6727939,0,0.73983,-0.9955062,0,0.09469664
saccade,13.0373,0.0186848,0.03847241,-0.03695282,-0.03755625,-0.1656693,-0.02115502,-0.9852389,0.3280368,-0.06699428,0.9422864,0.08786099,0.04047418,-0.03623085,0.005704694,-0.1033166,-0.01922331,-0.9944464,0.2052663,0.0153182,0.9785863,0.14,1.811587,3.74,0,-0.6727939,0,0.73983,-0.9955062,0,0.09469664
saccade,13.0490,0.01870283,0.0384624,-0.03698526,-0.03743254,-0.165634,-0.02114948,-0.9852497,0.3279651,-0.06675465,0.9423283,0.08787891,0.04046619,-0.03625839,0.005951248,-0.1038109,-0.01923822,-0.9943932,0.2062287,0.01583003,0.9783757,0.14,1.811587,3.74,0,-0.6727939,0,0.73983,-0.9955062,0,0.09469664
saccade,13.0597,0.01872124,0.03847933,-0.03698794,-0.03682646,-0.166765,-0.02118389,-0.985081,0.3301142,-0.06548863,0.9416665,0.08789743,0.04048336,-0.03627193,0.005897578,-0.1038894,-0.01924692,-0.9943851,0.2063852,0.01572803,0.9783444,0.14,1.811587,3.74,0,-0.6727939,0,0.73983,-0.9955062,0,0.09469664
saccade,13.0707,0.01873732,0.03849566,-0.03699484,-0.03675221,-0.1668188,-0.02117666,-0.9850748,0.3302146,-0.06534202,0.9416415,0.08791356,0.040501,-0.03628644,0.005972175,-0.1039433,-0.01924674,-0.9943791,0.2064882,0.01587835,0.9783202,0.14,1.811587,3.74,0,-0.6727939,0,0.73983,-0.9955062,0,0.09469664
saccade,13.0821,0.01874127,0.03850186,-0.03697712,-0.03675877,-0.1668774,-0.02112993,-0.9850656,0.3303239,-0.06536737,0.9416015,0.08791777,0.040501,-0.03627718,0.006839821,-0.1041346,-0.01920189,-0.9943543,0.2068306,0.01760157,0.9782184,0.14,1.811587,3.74,0,-0.6727939,0,0.73983,-0.9955062,0,0.09469664
saccade,13.0931,0.0187591,0.03852606,-0.03697216,-0.03621982,-0.1661356,-0.02107188,-0.9852123,0.3288841,-0.06436685,0.9421742,0.08793553,0.04052389,-0.03626188,0.007021794,-0.1040586,-0.01917117,-0.9943616,0.2066745,0.01795426,0.978245,0.14,1.811587,3.74,0,-0.6727939,0,0.73983,-0.9955062,0,0.09469664
saccade,13.1041,0.01875748,0.0385499,-0.03697467,-0.03628869,-0.1661981,-0.02100023,-0.9852007,0.329001,-0.06452288,0.9421227,0.08793432,0.04053664,-0.03627351,0.006957492,-0.1041252,-0.01909829,-0.9943565,0.2068095,0.01781368,0.978219,0.14,1.811587,3.74,0,-0.6727939,0,0.73983,-0.9955062,0,0.09469664
saccade,13.1150,0.01876085,0.03855991,-0.03697482,-0.03626486,-0.1661314,-0.02093604,-0.9852142,0.3288685,-0.06450104,0.9421704,0.08793784,0.04053807,-0.03626466,0.007459468,-0.1029825,-0.01900019,-0.9944738,0.2045433,0.01874986,0.9786779,0.14,1.811587,3.74,0,-0.6727939,0,0.73983,-0.9955062,0,0.09469664
saccade,13.1266,0.01874223,0.03852963,-0.03697453,-0.03628832,-0.1660878,-0.02096431,-0.98522,0.3287875,-0.06454014,0.942196,0.08791907,0.04051077,-0.03625809,0.007434249,-0.1029376,-0.01902492,-0.9944781,0.2044555,0.01870315,0.9786972,0.14,1.811587,3.74,0,-0.6727939,0,0.73983,-0.9955062,0,0.09469664
saccade,13.1375,0.01873977,0.03852713,-0.03697801,-0.03887627,-0.1498965,-0.02048326,-0.9877247,0.2977056,-0.07065737,0.9520394,0.08791671,0.04050267,-0.03625467,0.007520679,-0.1028874,-0.01897315,-0.9944836,0.2043543,0.01886258,0.9787152,0.14,1.811587,3.74,0,-0.6727939,0,0.73983,-0.9955062,0,0.09469664
saccade,13.1486,0.01874302,0.03852797,-0.03697894,-0.03893867,-0.1498696,-0.02048084,-0.9877264,0.2976553,-0.07078259,0.9520458,0.08791997,0.04050159,-0.03625184,0.005983617,-0.08450937,-0.01845584,-0.9962338,0.1681613,0.01504155,0.9856447,0.14,1.811587,3.74,0,-0.6727939,0,0.73983,-0.9955062,0,0.09469664
saccade,13.1598,0.01873916,0.03850293,-0.03699427,-0.038893,-0.1498843,-0.02055925,-0.9877244,0.2976879,-0.07066812,0.9520441,0.08791579,0.04048824,-0.0362688,0.006024042,-0.08452029,-0.01853764,-0.9962311,0.1681802,0.01513629,0.98564,0.14,1.811587,3.74,0,-0.6727939,0,0.73983,-0.9955062,0,0.09469664
saccade,13.1707,0.01874382,0.03848279,-0.03699666,-0.05148937,-0.1006919,-0.01926098,-0.9933977,0.2020376,-0.09841999,0.97442,0.08792048,0.04047,-0.03627941,0.005996644,-0.08457968,-0.01855365,-0.996226,0.1682984,0.01508655,0.9856206,0.14,1.811587,3.74,0,-0.6727939,0,0.73983,-0.9955062,0,0.09469664
saccade,13.1819,0.01876145,0.03846931,-0.03698966,-0.05159024,-0.1008112,-0.0192816,-0.99338,0.2022772,-0.09860982,0.9743511,0.08793822,0.04045868,-0.03628878,0.003588487,-0.03577066,-0.01717844,-0.9992059,0.07136121,0.008400244,0.9974152,0.14,1.811587,3.74,0,-0.6727939,0,0.73983,-0.9955062,0,0.09469664
saccade,13.1928,0.01877868,0.03847015,-0.03697958,-0.05169232,-0.1008936,-0.01924393,-0.9933671,0.2024384,-0.09881572,0.9742967,0.08795574,0.04045343,-0.03629036,0.003488839,-0.03585614,-0.01713903,-0.9992039,0.07153561,0.008201202,0.9974043,0.14,1.811587,3.74,0,-0.6727939,0,0.73983,-0.9955062,0,0.09469664
saccade,13.2041,0.01878173,0.03844309,-0.03697474,-0.0669728,-0.04260447,-0.01770203,-0.9966876,0.0872978,-0.1319935,0.987399,0.0879585,0.04043877,-0.03629267,0.003571267,-0.03590659,-0.01722491,-0.9992003,0.07163271,0.008373797,0.9973959,0.14,1.811587,3.74,0,-0.6727939,0,0.73983,-0.9955062,0,0.09469664
saccade,13.2153,0.0187807,0.03844428,-0.03696638,-0.06698123,-0.04264634,-0.01772142,-0.9966849,0.08738393,-0.1320068,0.9873896,0.08795744,0.04044294,-0.03628991,0.0002781935,0.02153016,-0.01555214,-0.9996472,-0.04305378,-0.0001134895,0.9990727,0.14,1.811587,3.74,0,-0.6727939,0,0.73983,-0.9955062,0,0.09469664
saccade,13.2263,0.01876383,0.03845084,-0.03695782,-0.06692335,-0.04263003,-0.01768533,-0.9966902,0.08734498,-0.1318958,0.9874079,0.08794069,0.04044473,-0.0362795,0.0003384426,0.02154431,-0.01551874,-0.9996474,-0.04308392,7.96566E-06,0.9990715,0.14,1.811587,3.74,0,-0.6727939,0,0.73983,-0.9955062,0,0.09469664
saccade,13.2378,0.01875656,0.03844225,-0.03698745,-0.09303412,0.02520759,-0.01580573,-0.9952183,-0.04723317,-0.1859754,0.9814185,0.08793314,0.04044127,-0.03629546,0.000371391,0.02164355,-0.01555612,-0.9996447,-0.04328328,6.91383E-05,0.9990628,0.14,1.811587,3.74,0,-0.6727939,0,0.73983,-0.9955062,0,0.09469664
saccade,13.2483,0.01874533,0.03843474,-0.03700203,-0.09304906,0.02530706,-0.01585319,-0.9952136,-0.04742162,-0.1860098,0.9814029,0.08792162,0.04043901,-0.03629569,-0.00701695,0.07897222,-0.01387687,-0.9967556,-0.1572373,-0.01618014,0.9874283,0.14,1.811587,3.74,0,-0.6727939,0,0.73983,-0.9955062,0,0.09469664
saccade,13.2597,0.0187262,0.03843033,-0.03701045,-0.0930348,0.02541521,-0.01586571,-0.995212,-0.04763491,-0.1859852,0.9813972,0.08790231,0.04043508,-0.03628907,-0.007003004,0.07908073,-0.01388068,-0.996747,-0.1574526,-0.01615584,0.9873944,0.14,1.811587,3.74,0,-0.6727939,0,0.73983,-0.9955062,0,0.09469664
saccade,13.2708,0.01870705,0.03839982,-0.03702129,-0.1077354,0.07901029,-0.01423757,-0.9909328,-0.15352,-0.2157669,0.9643009,0.08788323,0.04039776,-0.03628779,-0.00695046,0.07916912,-0.01383541,-0.996741,-0.1576299,-0.01604629,0.9873679,0.14,1.811587,3.74,0,-0.6727939,0,0.73983,-0.9955062,0,0.09469664
saccade,13.2822,0.01868765,0.03830969,-0.03704051,-0.1078631,0.07911599,-0.01440039,-0.9909081,-0.1536868,-0.2160435,0.9642124,0.08786301,0.04032958,-0.03628959,-0.01495073,0.1224353,-0.01266571,-0.9922831,-0.2426023,-0.03277217,0.9695721,0.14,1.811587,3.74,0,-0.6727939,0,0.73983,-0.9955062,0,0.09469664
saccade,13.2934,0.01869464,0.03830993,-0.03703707,-0.1079006,0.07914171,-0.01434753,-0.9909028,-0.1537473,-0.216109,0.9641881,0.08787018,0.04032254,-0.03628327,-0.014986,0.1224561,-0.01260912,-0.9922807,-0.2426438,-0.03282876,0.9695598,0.14,1.811587,3.74,0,-0.6727939,0,0.73983,-0.9955062,0,0.09469664
saccade,13.3040,0.01870286,0.0383234,-0.03702808,-0.1237969,0.1154041,-0.01315831,-0.9854862,-0.2242004,-0.2470372,0.9427125,0.08787882,0.04032278,-0.03627756,-0.01497367,0.122434,-0.01251461,-0.9922848,-0.242604,-0.03278071,0.9695714,0.14,1.811587,3.74,0,-0.6727939,0,0.73983,-0.9955062,0,0.09469664
saccade,13.3156,0.01871493,0.03835881,-0.03700967,-0.1237762,0.115372,-0.01294108,-0.9854954,-0.2241935,-0.2469479,0.9427375,0.08789182,0.04032886,-0.03626736,-0.01501313,0.1537229,-0.01129601,-0.9879354,-0.3033974,-0.03313692,0.9522877,0.14,1.811587,3.74,0,-0.6727939,0,0.73983,-0.9955062,0,0.09469664
saccade,13.3264,0.018742,0.03837872,-0.03701274,-0.1267037,0.1286862,-0.01229118,-0.9834811,-0.2500061,-0.2523848,0.9347721,0.08791995,0.04031968,-0.03629402,-0.01499454,0.1535574,-0.01108422,-0.9879638,-0.3030858,-0.03303225,0.9523906,0.14,1.811587,3.74,0,-0.6727939,0,0.73983,-0.9955062,0,0.09469664
saccade,13.3374,0.01877451,0.03839743,-0.03700817,-0.1267327,0.1285603,-0.0122165,-0.9834947,-0.2497802,-0.252423,0.9348221,0.08795287,0.04033089,-0.03630805,-0.01502215,0.1534248,-0.01102356,-0.9879847,-0.3028315,-0.03306589,0.9524703,0.14,1.811587,3.74,0,-0.6727939,0,0.73983,-0.9955062,0,0.09469664
saccade,13.3485,0.01882099,0.03840613,-0.03700057,-0.1267338,0.128463,-0.01232762,-0.983506,-0.2495637,-0.2524542,0.9348716,0.08799899,0.0403564,-0.036312,-0.01892597,0.1643521,-0.01080405,-0.986161,-0.3237464,-0.04087945,0.9452603,0.14,1.811587,3.74,0,-0.6727939,0,0.73983,-0.9955062,0,0.09469664
saccade,13.3599,0.01885547,0.03840148,-0.03698186,-0.1243027,0.1249749,-0.0125295,-0.9842628,-0.2429013,-0.2478247,0.9378603,0.08803315,0.04036725,-0.03630403,-0.01894897,0.1642733,-0.01091181,-0.9861725,-0.3235901,-0.04095895,0.9453105,0.14,1.811587,3.74,0,-0.6727939,0,0.73983,-0.9955062,0,0.09469664
saccade,13.3707,0.0188658,0.03839004,-0.03698408,-0.124282,0.1249378,-0.0125341,-0.98427,-0.2428296,-0.2477861,0.937889,0.0880435,0.04035676,-0.0363114,-0.0189285,0.1642369,-0.01092115,-0.9861789,-0.3235205,-0.04092108,0.9453359,0.14,1.811587,3.74,0,-0.6727939,0,0.73983,-0.9955062,0,0.09469664
saccade,13.3818,0.01887095,0.03839374,-0.03700078,-0.1244021,0.1249281,-0.0126307,-0.9842548,-0.2427797,-0.2480426,0.9378341,0.0880482,0.04037559,-0.03632728,-0.02039855,0.1603169,-0.01114704,-0.9867918,-0.315944,-0.04383237,0.9477648,0.14,1.811587,3.74,0,-0.6727939,0,0.73983,-0.9955062,0,0.09469664
saccade,13.3931,0.01886877,0.03840518,-0.03700922,-0.1243887,0.1248714,-0.01258905,-0.9842643,-0.2426811,-0.2480068,0.9378691,0.08804625,0.04038227,-0.03634434,-0.02038382,0.1602563,-0.0111121,-0.9868024,-0.3158296,-0.04379117,0.9478048,0.14,1.811587,3.74,0,-0.6727939,0,0.73983,-0.9955062,0,0.09469664
saccade,13.4040,0.01885997,0.03842676,-0.03701278,-0.1205445,0.1240354,-0.01253926,-0.9848487,-0.2412892,-0.2405468,0.9401684,0.08803776,0.04039252,-0.03634648,-0.0202884,0.1602695,-0.01104539,-0.9868029,-0.3158607,-0.04358179,0.9478042,0.14,1.811587,3.74,0,-0.6727939,0,0.73983,-0.9955062,0,0.09469664
saccade,13.4155,0.01884975,0.03845334,-0.03702135,-0.1205388,0.1240537,-0.01253374,-0.9848472,-0.2413263,-0.2405344,0.9401621,0.08802754,0.04041803,-0.03635264,-0.02028247,0.160287,-0.01103827,-0.9868003,-0.3158947,-0.04356807,0.9477934,0.14,1.811587,3.74,0,-0.6727939,0,0.73983,-0.9955062,0,0.09469664
saccade,13.4265,0.01883252,0.03846169,-0.03703007,-0.1204221,0.1241388,-0.01250492,-0.9848511,-0.2415047,-0.2403004,0.9401762,0.08801041,0.0404191,-0.03635054,-0.01886229,0.1574512,-0.01109413,-0.9872843,-0.3104797,-0.04073846,0.9497067,0.14,1.811587,3.74,0,-0.6727939,0,0.73983,-0.9955062,0,0.09469664
saccade,13.4373,0.01881252,0.03847814,-0.03703985,-0.1157251,0.1248567,-0.01252662,-0.9853231,-0.2431491,-0.2311814,0.942037,0.0879902,0.04044366,-0.03636197,-0.01886046,0.1574386,-0.011153,-0.9872857,-0.310453,-0.04075316,0.9497148,0.14,1.811587,3.74,0,-0.6727939,0,0.73983,-0.9955062,0,0.09469664
saccade,13.4484,0.01880139,0.0384649,-0.03704398,-0.1156487,0.1248921,-0.01257517,-0.9853269,-0.2432105,-0.2310446,0.9420547,0.08797888,0.04043531,-0.03636075,-0.01843346,0.1568304,-0.01121969,-0.9873897,-0.3092919,-0.0399212,0.9501289,0.14,1.811587,3.74,0,-0.6727939,0,0.73983,-0.9955062,0,0.09469664
saccade,13.4605,0.01880015,0.03844774,-0.03704385,-0.115673,0.1249574,-0.01266279,-0.9853147,-0.2433152,-0.2311133,0.9420108,0.08797721,0.04042935,-0.03635008,-0.01846059,0.1569038,-0.01129962,-0.9873767,-0.3094291,-0.04000102,0.9500808,0.14,1.811587,3.74,0,-0.6727939,0,0.73983,-0.9955062,0,0.09469664
saccade,13.4712,0.01879253,0.03841865,-0.03704271,-0.1140195,0.1251648,-0.0127221,-0.9854804,-0.2437937,-0.2279126,0.9426667,0.0879693,0.04040873,-0.03634407,-0.01842406,0.1569383,-0.01136709,-0.9873711,-0.3094938,-0.03995064,0.9500619,0.14,1.811587,3.74,0,-0.6727939,0,0.73983,-0.9955062,0,0.09469664
saccade,13.4817,0.01874628,0.03840232,-0.0370402,-0.1140529,0.1251446,-0.01275906,-0.9854786,-0.2437442,-0.2279867,0.9426616,0.0879229,0.04039824,-0.03634365,-0.01888712,0.1571378,-0.01139964,-0.9873303,-0.3098632,-0.04087829,0.949902,0.14,1.811587,3.74,0,-0.6727939,0,0.73983,-0.9955062,0,0.09469664
saccade,13.4931,0.01873612,0.0383718,-0.03704097,-0.1141751,0.1251418,-0.0127812,-0.9854645,-0.243727,-0.22823,0.9426072,0.08791259,0.04037285,-0.03634395,-0.01901082,0.1571384,-0.01141803,-0.9873276,-0.3098601,-0.04112824,0.9498922,0.14,1.811587,3.74,0,-0.6727939,0,0.73983,-0.9955062,0,0.09469664
saccade,13.5038,0.01873101,0.03833544,-0.03703758,-0.1126212,0.1250907,-0.01272943,-0.9856504,-0.2437242,-0.2251949,0.9433376,0.08790762,0.04033172,-0.03634022,-0.01912829,0.1571393,-0.01136516,-0.9873258,-0.3098606,-0.04134354,0.9498827,0.14,1.811587,3.74,0,-0.6727939,0,0.73983,-0.9955062,0,0.09469664
saccade,13.5150,0.01871388,0.03830147,-0.03703231,-0.112706,0.1251162,-0.01278614,-0.9856368,-0.243756,-0.2253739,0.9432866,0.08789019,0.04030645,-0.0363302,-0.01935925,0.1568896,-0.01142625,-0.9873603,-0.3093708,-0.04181442,0.9500217,0.14,1.811587,3.74,0,-0.6727939,0,0.73983,-0.9955062,0,0.09469664
saccade,13.5264,0.01868569,0.03827012,-0.03704093,-0.1128376,0.1250813,-0.01269966,-0.9856273,-0.2437011,-0.2256086,0.9432447,0.08786232,0.04026592,-0.03634442,-0.01948896,0.1568485,-0.01133935,-0.9873653,-0.3092915,-0.04204257,0.9500375,0.14,1.811587,3.74,0,-0.6727939,0,0.73983,-0.9955062,0,0.09469664
saccade,13.5372,0.01869549,0.03827024,-0.03704148,-0.1109331,0.127097,-0.01268153,-0.9855858,-0.2477164,-0.2218917,0.9430804,0.08787183,0.04027236,-0.03633574,-0.01952008,0.156913,-0.01138292,-0.9873539,-0.3094129,-0.04211871,0.9499946,0.14,1.811587,3.74,0,-0.6727939,0,0.73983,-0.9955062,0,0.09469664
saccade,13.5483,0.01869496,0.03826869,-0.03705033,-0.1109321,0.1270988,-0.0126482,-0.9855862,-0.2477274,-0.2218814,0.9430799,0.08787144,0.04026628,-0.03634487,-0.01988662,0.1573222,-0.01133777,-0.987282,-0.3101918,-0.04283477,0.9497085,0.14,1.811587,3.74,0,-0.6727939,0,0.73983,-0.9955062,0,0.09469664
saccade,13.5596,0.01868418,0.03827429,-0.03703831,-0.1109357,0.1271929,-0.01266429,-0.9855734,-0.247906,-0.2218922,0.9430305,0.08786049,0.04027271,-0.03631953,-0.01989057,0.157417,-0.01134499,-0.9872667,-0.3103738,-0.04284638,0.9496485,0.14,1.811587,3.74,0,-0.6727939,0,0.73983,-0.9955062,0,0.09469664
saccade,13.5707,0.01868498,0.03826845,-0.03703938,-0.109703,0.1276828,-0.01271464,-0.9856474,-0.2489107,-0.2195038,0.9433247,0.08786093,0.04027653,-0.03631203,-0.0199573,0.1574758,-0.01140629,-0.9872553,-0.3104823,-0.04299832,0.9496062,0.14,1.811587,3.74,0,-0.6727939,0,0.73983,-0.9955062,0,0.09469664
saccade,13.5818,0.0186938,0.03826809,-0.03703532,-0.1095177,0.1277094,-0.01277522,-0.9856638,-0.2489589,-0.2191583,0.9433923,0.08786957,0.04028094,-0.03630415,-0.02083267,0.157871,-0.01146252,-0.9871734,-0.3112146,-0.04475012,0.9492854,0.14,1.811587,3.74,0,-0.6727939,0,0.73983,-0.9955062,0,0.09469664
saccade,13.5928,0.01870616,0.03827977,-0.03703461,-0.1095335,0.1277396,-0.01274887,-0.9856584,-0.2490224,-0.2191823,0.94337,0.087882,0.04028881,-0.03629957,-0.02084772,0.1578988,-0.0114331,-0.987169,-0.311269,-0.04477099,0.9492667,0.14,1.811587,3.74,0,-0.6727939,0,0.73983,-0.9955062,0,0.09469664
saccade,13.6043,0.01871181,0.03826892,-0.03703502,-0.1092117,0.1282399,-0.01261914,-0.9856309,-0.250038,-0.2185215,0.9432546,0.08788819,0.04026198,-0.0363066,-0.02076866,0.1578552,-0.01132703,-0.9871789,-0.3111921,-0.04458084,0.9493008,0.14,1.811587,3.74,0,-0.6727939,0,0.73983,-0.9955062,0,0.09469664
saccade,13.6151,0.01873215,0.03826141,-0.03703946,-0.1092909,0.128134,-0.01250114,-0.9856374,-0.2498547,-0.2186459,0.9432744,0.08790907,0.04024124,-0.03632715,-0.02105733,0.1576936,-0.01121919,-0.9871998,-0.3108778,-0.04511397,0.9493786,0.14,1.811587,3.74,0,-0.6727939,0,0.73983,-0.9955062,0,0.09469664
saccade,13.6264,0.01875941,0.03825545,-0.0370416,-0.1093565,0.1280857,-0.01240949,-0.9856375,-0.249778,-0.2187506,0.9432704,0.08793671,0.04022455,-0.03633707,-0.02112073,0.1576384,-0.01113033,-0.9872083,-0.3107738,-0.04521026,0.9494081,0.14,1.811587,3.74,0,-0.6727939,0,0.73983,-0.9955062,0,0.09469664
saccade,13.6373,0.01877733,0.03824139,-0.03705148,-0.1087766,0.1282734,-0.01237606,-0.9856777,-0.2501799,-0.2176123,0.9434272,0.08795477,0.04020977,-0.03635816,-0.02119586,0.1575573,-0.01111251,-0.9872199,-0.3106162,-0.04535166,0.9494529,0.14,1.811587,3.74,0,-0.6727939,0,0.73983,-0.9955062,0,0.09469664
saccade,13.6484,0.01879394,0.03822899,-0.03704492,-0.1087888,0.1282674,-0.01245539,-0.9856761,-0.2501503,-0.2176562,0.9434249,0.08797106,0.04020858,-0.0363512,-0.02121043,0.1575584,-0.01119165,-0.9872184,-0.3106143,-0.04540532,0.949451,0.14,1.811587,3.74,0,-0.6727939,0,0.73983,-0.9955062,0,0.09469664
saccade,13.6603,0.0188193,0.03822875,-0.03704688,-0.1087354,0.1282765,-0.01261523,-0.9856787,-0.2501354,-0.2175929,0.9434435,0.08799579,0.04022908,-0.03634976,-0.02109346,0.1572503,-0.01136208,-0.9872681,-0.3100171,-0.04522317,0.9496548,0.14,1.811587,3.74,0,-0.6727939,0,0.73983,-0.9955062,0,0.09469664
saccade,13.6707,0.01883903,0.0382247,-0.03704121,-0.1065349,0.1288415,-0.01264593,-0.985845,-0.2513411,-0.2133125,0.9441003,0.08801536,0.0402317,-0.03634712,-0.02101392,0.1572292,-0.01142209,-0.9872725,-0.3099761,-0.04508471,0.9496748,0.14,1.811587,3.74,0,-0.6727939,0,0.73983,-0.9955062,0,0.09469664
saccade,13.6819,0.01884994,0.03822351,-0.03704931,-0.10651,0.1287924,-0.01265561,-0.985854,-0.2512452,-0.2132665,0.9441363,0.08802629,0.04023218,-0.036362,-0.02098921,0.157181,-0.01143669,-0.9872805,-0.3098834,-0.04503974,0.9497072,0.14,1.811587,3.74,0,-0.6727939,0,0.73983,-0.9955062,0,0.09469664
saccade,13.6937,0.01886517,0.03823125,-0.03705012,-0.1065,0.1287772,-0.01263462,-0.9858573,-0.2512207,-0.2132417,0.9441484,0.08804163,0.04023707,-0.03636528,-0.02160638,0.1572005,-0.01141882,-0.9872643,-0.3099034,-0.0462525,0.9496424,0.14,1.811587,3.74,0,-0.6727939,0,0.73983,-0.9955062,0,0.09469664
saccade,13.7041,0.01887439,0.03824484,-0.03706067,-0.1053573,0.1293509,-0.01253302,-0.9859062,-0.2524147,-0.2109871,0.9443364,0.0880512,0.04023778,-0.03637363,-0.02152054,0.1572194,-0.01133814,-0.9872641,-0.3099461,-0.04605806,0.9496379,0.14,1.811587,3.74,0,-0.6727939,0,0.73983,-0.9955062,0,0.09469664
saccade,13.7155,0.01888033,0.03825998,-0.03707717,-0.105361,0.1293787,-0.0124956,-0.9859027,-0.2524766,-0.2109847,0.9443204,0.08805725,0.04024756,-0.03638678,-0.02152322,0.157244,-0.01129841,-0.9872606,-0.3099952,-0.04605127,0.9496222,0.14,1.811587,3.74,0,-0.6727939,0,0.73983,-0.9955062,0,0.09469664
saccade,13.7267,0.0188887,0.03825498,-0.03709126,-0.1053188,0.12943,-0.012476,-0.9859007,-0.2525823,-0.2108972,0.9443117,0.08806568,0.04023838,-0.0363942,-0.02137675,0.156764,-0.01129247,-0.9873402,-0.309076,-0.04575275,0.9499362,0.14,1.811587,3.74,0,-0.6727939,0,0.73983,-0.9955062,0,0.09469664
saccade,13.7376,0.0189007,0.0382725,-0.0371085,-0.1047567,0.1297562,-0.01242541,-0.9859183,-0.2532548,-0.2097876,0.9443787,0.0880778,0.04024911,-0.03640394,-0.02135124,0.1568189,-0.01124784,-0.9873325,-0.3091845,-0.04568929,0.9499039,0.14,1.811587,3.74,0,-0.6727939,0,0.73983,-0.9955062,0,0.09469664
saccade,13.7487,0.01890361,0.03829575,-0.03712743,-0.1047287,0.1297768,-0.01245877,-0.9859182,-0.253289,-0.2097416,0.9443797,0.08808056,0.04027617,-0.03641966,-0.02141637,0.1558043,-0.01131417,-0.987491,-0.3072261,-0.04582254,0.9505327,0.14,1.811587,3.74,0,-0.6727939,0,0.73983,-0.9955062,0,0.09469664
saccade,13.7598,0.01890426,0.0383203,-0.03712992,-0.104651,0.129809,-0.01243884,-0.9859225,-0.2533598,-0.2095849,0.9443955,0.0880813,0.0402962,-0.03641827,-0.02133774,0.1558339,-0.0112936,-0.9874882,-0.3072864,-0.04566138,0.950521,0.14,1.811587,3.74,0,-0.6727939,0,0.73983,-0.9955062,0,0.09469664
saccade,13.7709,0.0189075,0.0383507,-0.0371385,-0.1040097,0.1299446,-0.01237996,-0.9859732,-0.2536685,-0.2083189,0.9445928,0.0880848,0.04031885,-0.03643037,-0.02128244,0.1558109,-0.01124455,-0.9874936,-0.3072459,-0.04553659,0.9505401,0.14,1.811587,3.74,0,-0.6727939,0,0.73983,-0.9955062,0,0.09469664
saccade,13.7821,0.0189212,0.03837001,-0.03714059,-0.1039472,0.1299432,-0.01237829,-0.98598,-0.2536695,-0.2081966,0.9446195,0.08809854,0.04033685,-0.03643294,-0.02143748,0.1532145,-0.01132919,-0.9878955,-0.302234,-0.04582757,0.9521315,0.14,1.811587,3.74,0,-0.6727939,0,0.73983,-0.9955062,0,0.09469664
saccade,13.7936,0.01893758,0.0383743,-0.0371456,-0.1039479,0.1298759,-0.01239279,-0.9859886,-0.2535359,-0.208202,0.9446542,0.08811493,0.04034424,-0.03644708,-0.02143864,0.1531488,-0.01134924,-0.9879054,-0.3021064,-0.04583494,0.9521717,0.14,1.811587,3.74,0,-0.6727939,0,0.73983,-0.9955062,0,0.09469664
saccade,13.8046,0.01895165,0.03836453,-0.03715899,-0.10384,0.1270638,-0.01241944,-0.986366,-0.2480835,-0.2080046,0.9461441,0.08812935,0.04032683,-0.03647415,-0.02139311,0.153053,-0.01129847,-0.9879218,-0.3019253,-0.04572796,0.9522343,0.14,1.811587,3.74,0,-0.6727939,0,0.73983,-0.9955062,0,0.09469664
saccade,13.8153,0.01896125,0.03835726,-0.03715852,-0.1038702,0.127033,-0.01241605,-0.9863668,-0.2480229,-0.2080628,0.9461472,0.08813898,0.04032004,-0.03647788,-0.02162265,0.1383987,-0.0117668,-0.9900706,-0.2735402,-0.04607292,0.9607565,0.14,1.811587,3.74,0,-0.6727939,0,0.73983,-0.9955062,0,0.09469664
saccade,13.8265,0.01895997,0.03835022,-0.0371555,-0.1038838,0.1269103,-0.01241097,-0.9863812,-0.2477853,-0.2080883,0.9462038,0.08813782,0.04031432,-0.03649191,-0.02163635,0.1382764,-0.01177179,-0.9900874,-0.273302,-0.04609927,0.960823,0.14,1.811587,3.74,0,-0.6727939,0,0.73983,-0.9955062,0,0.09469664
saccade,13.8373,0.01895012,0.03834474,-0.03715131,-0.1034589,0.112651,-0.01283875,-0.9881504,-0.2199757,-0.2073586,0.953212,0.08812799,0.04030502,-0.03647818,-0.02167973,0.1383444,-0.01174014,-0.9900773,-0.2734343,-0.04617758,0.9607816,0.14,1.811587,3.74,0,-0.6727939,0,0.73983,-0.9955062,0,0.09469664
saccade,13.8494,0.01891071,0.03832948,-0.03715666,-0.1035378,0.1126996,-0.01288725,-0.988136,-0.2200563,-0.2075237,0.9531574,0.0880883,0.04029679,-0.03647581,-0.01887851,0.1107083,-0.01265281,-0.9935931,-0.2195203,-0.04031666,0.9747745,0.14,1.811587,3.74,0,-0.6727939,0,0.73983,-0.9955062,0,0.09469664
saccade,13.8600,0.01889607,0.03832626,-0.03715713,-0.1036402,0.1127535,-0.01292581,-0.9881186,-0.2201483,-0.2077325,0.9530907,0.08807341,0.04029965,-0.03646789,-0.01898137,0.1107662,-0.0126869,-0.9935842,-0.2196295,-0.04052975,0.9747411,0.14,1.811587,3.74,0,-0.6727939,0,0.73983,-0.9955062,0,0.09469664
saccade,13.8710,0.01886159,0.03830659,-0.03716145,-0.09854987,0.08163369,-0.0138487,-0.9916815,-0.1591796,-0.1977212,0.9672477,0.08803905,0.04027343,-0.03646521,-0.01901479,0.1108169,-0.01263658,-0.9935786,-0.21973,-0.04058607,0.9747161,0.14,1.811587,3.74,0,-0.6727939,0,0.73983,-0.9955062,0,0.09469664
saccade,13.8820,0.01884719,0.03829062,-0.0371614,-0.09862943,0.08177146,-0.01392725,-0.9916611,-0.1594319,-0.1978916,0.9671713,0.08802417,0.04026711,-0.03644479,-0.02071397,0.07273307,-0.01391494,-0.9970393,-0.144459,-0.04332943,0.9885617,0.14,1.811587,3.74,0,-0.6727939,0,0.73983,-0.9955062,0,0.09469664
saccade,13.8932,0.01882204,0.03826797,-0.03717253,-0.0987243,0.08178601,-0.01394841,-0.9916502,-0.1594521,-0.1980815,0.9671291,0.08799888,0.04024804,-0.03645333,-0.02080909,0.07274984,-0.01393583,-0.9970358,-0.1444884,-0.04352248,0.9885489,0.14,1.811587,3.74,0,-0.6727939,0,0.73983,-0.9955062,0,0.09469664
saccade,13.9043,0.01879236,0.03824854,-0.03718152,-0.09732967,0.04010505,-0.0152435,-0.994327,-0.07678778,-0.1947777,0.977837,0.08796918,0.04022837,-0.03645927,-0.02079647,0.072772,-0.01393482,-0.9970344,-0.1445328,-0.04349772,0.9885435,0.14,1.811587,3.74,0,-0.6727939,0,0.73983,-0.9955062,0,0.09469664
saccade,13.9154,0.01877012,0.0382458,-0.03718553,-0.09735845,0.04015586,-0.0152527,-0.994322,-0.07688575,-0.1948363,0.9778177,0.08794685,0.04022634,-0.03645609,-0.01638305,0.03940275,-0.01495791,-0.9989771,-0.07823478,-0.03391135,0.996358,0.14,1.811587,3.74,0,-0.6727939,0,0.73983,-0.9955062,0,0.09469664
saccade,13.9272,0.01875417,0.03824389,-0.03718454,-0.09731384,0.04020125,-0.01533649,-0.9943233,-0.07696117,-0.1947559,0.9778277,0.08793052,0.04023528,-0.03644782,-0.01633819,0.03945465,-0.01503766,-0.9989746,-0.07833701,-0.03382948,0.9963528,0.14,1.811587,3.74,0,-0.6727939,0,0.73983,-0.9955062,0,0.09469664
saccade,13.9375,0.01872874,0.03825152,-0.03720252,-0.08587809,0.002004864,-0.01646052,-0.9961677,-0.001167165,-0.1711639,0.9852419,0.08790509,0.04024279,-0.03646697,-0.01645262,0.03944467,-0.01503377,-0.9989732,-0.07831365,-0.03405746,0.9963468,0.14,1.811587,3.74,0,-0.6727939,0,0.73983,-0.9955062,0,0.09469664
saccade,13.9487,0.01871622,0.03825724,-0.03721898,-0.08587629,0.001979572,-0.01648379,-0.9961675,-0.001112837,-0.1711596,0.9852427,0.0878925,0.04025197,-0.03648664,-0.01645174,0.03942108,-0.01505881,-0.9989738,-0.07826577,-0.03405697,0.9963506,0.14,1.811587,3.74,0,-0.6727939,0,0.73983,-0.9955062,0,0.09469664
saccade,13.9600,0.01870136,0.03826702,-0.03719864,-0.08588441,0.001993504,-0.01654804,-0.9961657,-0.001129283,-0.1711762,0.9852398,0.08787736,0.04027045,-0.0364636,-0.009943793,0.01131543,-0.0159537,-0.9997593,-0.02230813,-0.02024384,0.9995462,0.14,1.811587,3.74,0,-0.6727939,0,0.73983,-0.9955062,0,0.09469664
saccade,13.9715,0.01868541,0.038275,-0.03718099,-0.0766421,-0.02990121,-0.01745268,-0.9964574,0.06226578,-0.1516975,0.9864638,0.08786149,0.04027557,-0.03644478,-0.009937014,0.01132422,-0.01593276,-0.9997596,-0.02232634,-0.0202301,0.9995461,0.14,1.811587,3.74,0,-0.6727939,0,0.73983,-0.9955062,0,0.09469664
saccade,13.9821,0.01866673,0.03829169,-0.03719259,-0.07656422,-0.02992639,-0.01745868,-0.9964625,0.06231448,-0.1515418,0.9864846,0.08784279,0.04029381,-0.03645989,-0.009859257,0.01129975,-0.01594356,-0.9997604,-0.0222797,-0.02007411,0.9995502,0.14,1.811587,3.74,0,-0.6727939,0,0.73983,-0.9955062,0,0.09469664
saccade,13.9933,0.018651,0.03831112,-0.03720669,-0.07648376,-0.02991191,-0.01743119,-0.9964696,0.06227903,-0.1513847,0.9865111,0.08782715,0.04030967,-0.03647239,-0.002280813,-0.01242722,-0.01659668,-0.9997824,0.02492474,-0.004148132,0.9996807,0.14,1.811587,3.74,0,-0.6727939,0,0.73983,-0.9955062,0,0.09469664
saccade,14.0041,0.0186846,0.03829932,-0.037232,-0.06545207,-0.04854935,-0.01796755,-0.9965121,0.09911206,-0.1287029,0.986718,0.08786061,0.04030192,-0.03649532,-0.002234301,-0.01240952,-0.01662517,-0.9997823,0.02488794,-0.004055008,0.999682,0.14,1.811587,3.74,0,-0.6727939,0,0.73983,-0.9955062,0,0.09469664
saccade,14.0152,0.01867882,0.03830683,-0.0372491,-0.06536184,-0.0485431,-0.0179016,-0.9965194,0.09908845,-0.1285307,0.9867428,0.08785507,0.04030097,-0.03651226,-0.002141519,-0.01240704,-0.01656214,-0.9997836,0.02487965,-0.003871136,0.999683,0.14,1.811587,3.74,0,-0.6727939,0,0.73983,-0.9955062,0,0.09469664
saccade,14.0270,0.01867531,0.03832543,-0.03726064,-0.06532731,-0.0485093,-0.01790081,-0.9965234,0.09902014,-0.1284637,0.9867584,0.08785152,0.04031956,-0.03651917,0.005264314,-0.02148151,-0.01679384,-0.9996144,0.04276963,0.01124608,0.9990216,0.14,1.811587,3.74,0,-0.6727939,0,0.73983,-0.9955062,0,0.09469664
saccade,14.0376,0.018683,0.03835249,-0.03725076,-0.05779701,-0.05516159,-0.01804917,-0.9966398,0.1120389,-0.1132144,0.9872334,0.08785924,0.04034436,-0.03650675,0.005290542,-0.02146295,-0.01677737,-0.9996149,0.04273185,0.01129719,0.9990227,0.14,1.811587,3.74,0,-0.6727939,0,0.73983,-0.9955062,0,0.09469664
saccade,14.0488,0.01869363,0.03838289,-0.03723708,-0.05774536,-0.05516523,-0.01803271,-0.9966429,0.1120427,-0.1131135,0.9872445,0.08786993,0.04037297,-0.03649376,0.005342806,-0.02146739,-0.01676287,-0.9996148,0.04273911,0.01140121,0.9990212,0.14,1.811587,3.74,0,-0.6727939,0,0.73983,-0.9955062,0,0.09469664
saccade,14.0603,0.01870384,0.03840756,-0.03723927,-0.05772942,-0.05514782,-0.01804675,-0.9966446,0.1120092,-0.1130809,0.9872521,0.08788006,0.04039967,-0.03649344,0.01210168,-0.01936587,-0.01668041,-0.9996001,0.03831253,0.02483974,0.998957,0.14,1.811587,3.74,0,-0.6727939,0,0.73983,-0.9955062,0,0.09469664
saccade,14.0711,0.01871398,0.03842092,-0.03723848,-0.05117694,-0.05072928,-0.01785345,-0.9972406,0.103006,-0.10026,0.9896149,0.08789036,0.04040825,-0.03649575,0.01214596,-0.01938812,-0.01664491,-0.9995997,0.03835639,0.02492762,0.9989532,0.14,1.811587,3.74,0,-0.6727939,0,0.73983,-0.9955062,0,0.09469664
saccade,14.0821,0.01873041,0.03842115,-0.0371947,-0.0512279,-0.05076468,-0.01787191,-0.9972358,0.1030798,-0.1003581,0.9895973,0.08790678,0.04041088,-0.03645667,0.01209436,-0.01942255,-0.01666405,-0.9995994,0.03842646,0.02482634,0.998953,0.14,1.811587,3.74,0,-0.6727939,0,0.73983,-0.9955062,0,0.09469664
saccade,14.0931,0.01874777,0.03842187,-0.03717493,-0.05122927,-0.05084183,-0.01781844,-0.9972328,0.1032279,-0.1003632,0.9895813,0.08792446,0.04040468,-0.03644796,0.01700595,-0.01788557,-0.01654296,-0.9995586,0.03519269,0.03458865,0.9987818,0.14,1.811587,3.74,0,-0.6727939,0,0.73983,-0.9955062,0,0.09469664
saccade,14.1071,0.01876506,0.03841996,-0.03716119,-0.0508935,-0.05142353,-0.01780394,-0.9972204,0.1043734,-0.09967299,0.9895309,0.08794188,0.04039812,-0.03643492,0.01692753,-0.01789209,-0.01651118,-0.9995603,0.03520945,0.03443102,0.9987867,0.14,1.811587,3.74,0,-0.6727939,0,0.73983,-0.9955062,0,0.09469664
saccade,14.1228,0.01877753,0.03841341,-0.03715354,-0.05098135,-0.05146077,-0.01774817,-0.997215,0.1044446,-0.09985206,0.9895054,0.08795464,0.04038334,-0.03643272,0.02016803,-0.01515401,-0.01635577,-0.999548,0.02963459,0.04081352,0.9987272,0.14,1.811587,3.74,0,-0.6727939,0,0.73983,-0.9955062,0,0.09469664
saccade,14.1291,0.01878223,0.03836572,-0.03714685,-0.05103343,-0.05147598,-0.01776547,-0.9972112,0.1044781,-0.09995323,0.9894916,0.0879593,0.0403378,-0.03642796,0.02011528,-0.01516823,-0.01637228,-0.9995486,0.02966409,0.04070908,0.9987306,0.14,1.811587,3.74,0,-0.6727939,0,0.73983,-0.9955062,0,0.09469664
saccade,14.1376,0.01879531,0.03834474,-0.0371308,-0.05112656,-0.05148276,-0.0177468,-0.9972064,0.1044925,-0.1001402,0.9894712,0.08797249,0.04031348,-0.03641287,0.02002279,-0.01517678,-0.0163509,-0.9995506,0.02968515,0.04052389,0.9987375,0.14,1.811587,3.74,0,-0.6727939,0,0.73983,-0.9955062,0,0.09469664
saccade,14.1487,0.01880877,0.03833973,-0.037123,-0.04814379,-0.04949621,-0.01767449,-0.9974567,0.1004425,-0.09429304,0.9904646,0.08798599,0.0403074,-0.03640561,0.01991872,-0.01518209,-0.01634612,-0.9995527,0.02969942,0.04031595,0.9987455,0.14,1.811587,3.74,0,-0.6727939,0,0.73983,-0.9955062,0,0.09469664
saccade,14.1601,0.01881895,0.03833961,-0.03711003,-0.04820763,-0.04954097,-0.01764866,-0.9974519,0.1005311,-0.09442091,0.9904434,0.08799635,0.04030347,-0.03639894,0.02100344,-0.01373124,-0.01627051,-0.9995527,0.02676673,0.04243492,0.9987406,0.14,1.811587,3.74,0,-0.6727939,0,0.73983,-0.9955062,0,0.09469664
saccade,14.1714,0.01883074,0.03833401,-0.03709722,-0.04668894,-0.04639071,-0.01755642,-0.9976772,0.09420529,-0.09153208,0.9913361,0.08800811,0.04029834,-0.03638545,0.02095552,-0.01372683,-0.01627558,-0.9995537,0.02675929,0.04233915,0.9987449,0.14,1.811587,3.74,0,-0.6727939,0,0.73983,-0.9955062,0,0.09469664
saccade,14.1818,0.01883464,0.03834176,-0.03709044,-0.04667696,-0.04641014,-0.01761032,-0.997676,0.09424856,-0.09150235,0.9913347,0.08801182,0.04031384,-0.03638102,0.0236548,-0.01240185,-0.01627704,-0.9995107,0.02402149,0.04769018,0.9985733,0.14,1.811587,3.74,0,-0.6727939,0,0.73983,-0.9955062,0,0.09469664
saccade,14.1930,0.01884378,0.03833795,-0.03708608,-0.04664487,-0.04642894,-0.01760734,-0.9976766,0.09428471,-0.09143802,0.9913372,0.08802099,0.04031003,-0.03637931,0.02368699,-0.01242067,-0.01627645,-0.9995098,0.02405808,0.04775509,0.9985693,0.14,1.811587,3.74,0,-0.6727939,0,0.73983,-0.9955062,0,0.09469664
saccade,14.2042,0.01884946,0.03833985,-0.03707121,-0.04430118,-0.04539418,-0.01764311,-0.9978304,0.09215461,-0.08680835,0.9919536,0.08802629,0.04032135,-0.03635426,0.02364591,-0.0123459,-0.01634393,-0.9995106,0.02390679,0.04767223,0.9985769,0.14,1.811587,3.74,0,-0.6727939,0,0.73983,-0.9955062,0,0.09469664
saccade,14.2150,0.0188528,0.03834033,-0.03706635,-0.04427071,-0.04536193,-0.01764453,-0.9978332,0.09208956,-0.08674879,0.9919648,0.08802957,0.04032207,-0.03634495,0.02367634,-0.01231348,-0.0163441,-0.9995103,0.02384096,0.047732,0.9985756,0.14,1.811587,3.74,0,-0.6727939,0,0.73983,-0.9955062,0,0.09469664
saccade,14.2268,0.01885775,0.03834116,-0.03706638,-0.04422461,-0.04533204,-0.01765808,-0.9978364,0.09202975,-0.0866569,0.9919784,0.08803443,0.04032493,-0.03634083,0.02429215,-0.01058342,-0.01630294,-0.999516,0.02036452,0.04890586,0.9985958,0.14,1.811587,3.74,0,-0.6727939,0,0.73983,-0.9955062,0,0.09469664
saccade,14.2378,0.01886681,0.03834629,-0.03706607,-0.04314891,-0.04477054,-0.01764417,-0.9979091,0.09087651,-0.0845375,0.9922675,0.08804333,0.04033005,-0.03632627,0.02431365,-0.01048021,-0.0163006,-0.9995165,0.02015764,0.04894546,0.998598,0.14,1.811587,3.74,0,-0.6727939,0,0.73983,-0.9955062,0,0.09469664
saccade,14.2489,0.01887778,0.03833556,-0.0370726,-0.04308222,-0.04473756,-0.01756788,-0.9979148,0.09080227,-0.08441289,0.992285,0.08805455,0.04030919,-0.03632878,0.02438297,-0.01045213,-0.01622449,-0.9995164,0.02010295,0.04908151,0.9985924,0.14,1.811587,3.74,0,-0.6727939,0,0.73983,-0.9955062,0,0.09469664
saccade,14.2607,0.01889643,0.03831077,-0.03708509,-0.04314272,-0.04466994,-0.01757178,-0.9979151,0.0906698,-0.0845357,0.9922866,0.08807311,0.04028404,-0.03633181,0.02533008,-0.009446468,-0.01618809,-0.9995034,0.01806346,0.05094084,0.9985383,0.14,1.811587,3.74,0,-0.6727939,0,0.73983,-0.9955062,0,0.09469664
saccade,14.2708,0.01892015,0.03828835,-0.03709211,-0.04307802,-0.04304072,-0.01753027,-0.9979903,0.08741877,-0.08447386,0.9925836,0.08809674,0.04026139,-0.03632979,0.02525157,-0.009382172,-0.01618644,-0.9995061,0.01793761,0.05078193,0.9985487,0.14,1.811587,3.74,0,-0.6727939,0,0.73983,-0.9955062,0,0.09469664
saccade,14.2824,0.01897158,0.03826618,-0.03709483,-0.04311271,-0.04307713,-0.01738525,-0.9979897,0.08748011,-0.08455426,0.9925713,0.0881488,0.04021907,-0.03633838,0.02522178,-0.009428572,-0.01604321,-0.9995087,0.0180386,0.0507213,0.9985499,0.14,1.811587,3.74,0,-0.6727939,0,0.73983,-0.9955062,0,0.09469664
saccade,14.2929,0.0190093,0.03830945,-0.03708367,-0.04310611,-0.04317234,-0.01717905,-0.9979894,0.08765212,-0.08455556,0.992556,0.08818746,0.04023457,-0.03634164,0.02634052,-0.008880664,-0.01581863,-0.9994885,0.0169189,0.05293505,0.9984546,0.14,1.811587,3.74,0,-0.6727939,0,0.73983,-0.9955062,0,0.09469664
saccade,14.3043,0.01905619,0.0383625,-0.03706947,-0.04306791,-0.04321183,-0.01699893,-0.9979925,0.08771437,-0.08449379,0.9925558,0.08823508,0.0402633,-0.03633404,0.02638491,-0.008932407,-0.01564307,-0.9994895,0.01703021,0.05302234,0.9984481,0.14,1.811587,3.74,0,-0.6727939,0,0.73983,-0.9955062,0,0.09469664
saccade,14.3154,0.01910044,0.03840709,-0.03706574,-0.04183691,-0.04205844,-0.01687644,-0.9980962,0.08536886,-0.08209493,0.9929615,0.08827984,0.04029775,-0.03635249,0.0263563,-0.009094878,-0.0155748,-0.99949,0.01735949,0.05296902,0.9984453,0.14,1.811587,3.74,0,-0.6727939,0,0.73983,-0.9955062,0,0.09469664
saccade,14.3274,0.01915655,0.03841114,-0.03705682,-0.04192874,-0.04217743,-0.01686702,-0.9980875,0.08560795,-0.08227428,0.9929261,0.08833615,0.04030061,-0.03635999,0.02577479,-0.007571707,-0.01552339,-0.9995186,0.0143359,0.05175984,0.9985567,0.14,1.811587,3.74,0,-0.6727939,0,0.73983,-0.9955062,0,0.09469664
saccade,14.3378,0.01919888,0.03842497,-0.03707511,-0.04051327,-0.04030795,-0.01696722,-0.9982215,0.08184731,-0.07951459,0.9934679,0.08837792,0.04033732,-0.03638493,0.02578482,-0.007615348,-0.01569014,-0.9995154,0.01441418,0.05178363,0.9985543,0.14,1.811587,3.74,0,-0.6727939,0,0.73983,-0.9955062,0,0.09469664
saccade,14.3489,0.01922541,0.03844094,-0.03709127,-0.04052843,-0.04037746,-0.01702916,-0.998217,0.08199126,-0.07953714,0.9934542,0.0884043,0.04036224,-0.03641034,0.02576763,-0.007680711,-0.01575609,-0.9995143,0.01454197,0.05175226,0.9985541,0.14,1.811587,3.74,0,-0.6727939,0,0.73983,-0.9955062,0,0.09469664
saccade,14.3597,0.01925202,0.03846323,-0.03711027,-0.04066047,-0.04041969,-0.01699776,-0.9982104,0.08207699,-0.07980131,0.993426,0.08843111,0.04037952,-0.03643519,0.02691089,-0.005766362,-0.0156576,-0.9994986,0.01068422,0.05397537,0.9984851,0.14,1.811587,3.74,0,-0.6727939,0,0.73983,-0.9955062,0,0.09469664
saccade,14.3711,0.01928447,0.03849673,-0.03712277,-0.04027559,-0.03841316,-0.01689751,-0.998307,0.07805738,-0.07911664,0.9938046,0.08846375,0.04040849,-0.03645548,0.02697875,-0.005822646,-0.0156261,-0.999497,0.01079629,0.05411233,0.9984765,0.14,1.811587,3.74,0,-0.6727939,0,0.73983,-0.9955062,0,0.09469664
saccade,14.3821,0.01930588,0.03854358,-0.03713883,-0.04020267,-0.03842894,-0.01684831,-0.9983101,0.0780827,-0.07897455,0.9938139,0.08848537,0.04044914,-0.0364741,0.02705328,-0.005841424,-0.01558039,-0.9994956,0.01083395,0.05426129,0.998468,0.14,1.811587,3.74,0,-0.6727939,0,0.73983,-0.9955062,0,0.09469664
saccade,14.3938,0.01931348,0.03859723,-0.03715612,-0.04007161,-0.03846653,-0.01671,-0.9983163,0.07814272,-0.07872273,0.9938292,0.08849352,0.04048479,-0.03649753,0.02802539,-0.004146148,-0.01539255,-0.9994801,0.007425221,0.05614929,0.9983948,0.14,1.811587,3.74,0,-0.6727939,0,0.73983,-0.9955062,0,0.09469664
saccade,14.4044,0.01930549,0.03863287,-0.03717228,-0.04026274,-0.037074,-0.01656224,-0.9983637,0.07536036,-0.07916567,0.9940088,0.08848584,0.04050553,-0.03650484,0.028129,-0.004084064,-0.0152817,-0.9994791,0.007304156,0.05635352,0.9983842,0.14,1.811587,3.74,0,-0.6727939,0,0.73983,-0.9955062,0,0.09469664
saccade,14.4153,0.01930489,0.03865242,-0.03719664,-0.04018876,-0.03702898,-0.01649313,-0.9983695,0.07526289,-0.07902501,0.9940274,0.08848543,0.04051578,-0.03652344,0.02820526,-0.004043564,-0.01521204,-0.9994782,0.007224789,0.05650411,0.9983763,0.14,1.811587,3.74,0,-0.6727939,0,0.73983,-0.9955062,0,0.09469664
saccade,14.4268,0.01930054,0.03864586,-0.03721989,-0.04012369,-0.03695089,-0.01656142,-0.9983739,0.07511061,-0.07889297,0.9940494,0.08848073,0.04051852,-0.03653559,0.02826807,-0.003960685,-0.01527682,-0.9994758,0.007053526,0.05662753,0.9983705,0.14,1.811587,3.74,0,-0.6727939,0,0.73983,-0.9955062,0,0.09469664
saccade,14.4380,0.01929919,0.03861332,-0.03724281,-0.04013341,-0.03685348,-0.01669939,-0.9983748,0.07492757,-0.07890551,0.9940622,0.08762134,0.04080653,-0.03765043,0.02842939,-0.002631285,-0.01536981,-0.9994742,0.004385894,0.05690975,0.9983697,0.14,1.811587,3.74,0,-0.6727939,0,0.73983,-0.9955062,0,0.09469664
saccade,14.4490,0.01930121,0.03857374,-0.03726124,-0.04045429,-0.03530118,-0.01674437,-0.9984172,0.07184538,-0.07959833,0.9942346,0.08762299,0.04077899,-0.03766632,0.02840919,-0.00261053,-0.01545708,-0.9994735,0.004340065,0.05686917,0.9983722,0.14,1.811587,3.74,0,-0.6727939,0,0.73983,-0.9955062,0,0.09469664
saccade,14.4600,0.01930571,0.03854144,-0.03727268,-0.04049265,-0.03528716,-0.01675472,-0.998416,0.07181942,-0.07967456,0.9942303,0.08762747,0.04074788,-0.0376757,0.0283705,-0.002595959,-0.01546522,-0.9994745,0.004311679,0.05679148,0.9983767,0.14,1.811587,3.74,0,-0.6727939,0,0.73983,-0.9955062,0,0.09469664
saccade,14.4713,0.01931051,0.03852379,-0.03727778,-0.04058673,-0.03530228,-0.01679441,-0.9984109,0.07185563,-0.07985871,0.9942129,0.08763209,0.04073536,-0.03768247,0.02863004,-0.0009737405,-0.01545176,-0.9994702,0.00106168,0.05725984,0.9983587,0.14,1.811587,3.74,0,-0.6727939,0,0.73983,-0.9955062,0,0.09469664
saccade,14.4861,0.01929895,0.03852761,-0.03727579,-0.04130084,-0.03350385,-0.0166984,-0.9984452,0.06828283,-0.08135433,0.9943435,0.08762073,0.04073274,-0.03768219,0.02853484,-0.0009892462,-0.01540491,-0.9994736,0.001098298,0.05707012,0.9983696,0.14,1.811587,3.74,0,-0.6727939,0,0.73983,-0.9955062,0,0.09469664
saccade,14.4969,0.01930585,0.03853774,-0.03727818,-0.04137034,-0.03347788,-0.01672182,-0.9984428,0.06823508,-0.08149221,0.9943355,0.08762756,0.04074574,-0.03768076,0.02811925,2.937438E-05,-0.01539594,-0.999486,-0.0009245631,0.05620869,0.9984186,0.14,1.811587,3.74,0,-0.6727939,0,0.73983,-0.9955062,0,0.09469664
saccade,14.5080,0.01930724,0.03854537,-0.03728458,-0.04144915,-0.03350245,-0.01665401,-0.9984399,0.06828097,-0.08165307,0.9943191,0.08762923,0.04074395,-0.03769077,0.02804272,-1.327135E-07,-0.0153275,-0.9994892,-0.0008593841,0.05605679,0.9984272,0.14,1.811587,3.74,0,-0.6727939,0,0.73983,-0.9955062,0,0.09469664
saccade,14.5193,0.01931756,0.03856635,-0.03728518,-0.04132093,-0.03253516,-0.01659696,-0.9984782,0.06634289,-0.08143613,0.9944681,0.0876398,0.0407598,-0.03767576,0.02795081,0.0001112986,-0.01528607,-0.9994925,-0.001077,0.05586984,0.9984375,0.14,1.811587,3.74,0,-0.6727939,0,0.73983,-0.9955062,0,0.09469664
saccade,14.5304,0.01932338,0.03858078,-0.03728344,-0.04128923,-0.03259567,-0.0165812,-0.9984778,0.06646136,-0.08137181,0.9944655,0.08764564,0.04077256,-0.03768245,0.02860987,0.001182095,-0.01523782,-0.9994738,-0.00323485,0.05715361,0.9983602,0.14,1.811587,3.74,0,-0.6727939,0,0.73983,-0.9955062,0,0.09469664
saccade,14.5409,0.01934157,0.03858268,-0.0372939,-0.04073107,-0.03132654,-0.01658031,-0.9985413,0.06391236,-0.0803045,0.9947193,0.08766364,0.04077983,-0.03769294,0.02861751,0.001183141,-0.01527757,-0.999473,-0.003239448,0.05716871,0.9983593,0.14,1.811587,3.74,0,-0.6727939,0,0.73983,-0.9955062,0,0.09469664
saccade,14.5518,0.01936099,0.03857851,-0.03729355,-0.04070946,-0.03129604,-0.01658922,-0.998543,0.06385156,-0.08026195,0.9947266,0.08768306,0.04077685,-0.03768841,0.02863883,0.001214274,-0.015285,-0.9994723,-0.003302754,0.05721031,0.9983567,0.14,1.811587,3.74,0,-0.6727939,0,0.73983,-0.9955062,0,0.09469664
saccade,14.5634,0.01938019,0.03861761,-0.037266,-0.04064598,-0.03124037,-0.01654157,-0.9985482,0.06373473,-0.08014041,0.9947439,0.08770251,0.04080939,-0.03765364,0.02888509,0.002673449,-0.01519184,-0.9994637,-0.006221666,0.05765796,0.998317,0.14,1.811587,3.74,0,-0.6727939,0,0.73983,-0.9955062,0,0.09469664
saccade,14.5743,0.01939667,0.03864753,-0.03725992,-0.04007224,-0.03038695,-0.01647164,-0.9985988,0.06200886,-0.07903114,0.9949417,0.08771914,0.04083407,-0.03765044,0.02900963,0.00265344,-0.01515512,-0.9994608,-0.006183308,0.05790755,0.9983028,0.14,1.811587,3.74,0,-0.6727939,0,0.73983,-0.9955062,0,0.09469664
saccade,14.5854,0.01940705,0.03866911,-0.03725747,-0.03999955,-0.03040838,-0.01634228,-0.9986032,0.06203918,-0.07889348,0.9949507,0.08773005,0.04083836,-0.03765178,0.02908658,0.002623379,-0.01502993,-0.9994605,-0.006118267,0.05806293,0.9982942,0.14,1.811587,3.74,0,-0.6727939,0,0.73983,-0.9955062,0,0.09469664
saccade,14.5964,0.01942562,0.03868759,-0.03726183,-0.04001992,-0.03046196,-0.01631794,-0.9986012,0.06214479,-0.07893373,0.9949409,0.08774868,0.04085374,-0.03766355,0.0288442,0.003899023,-0.01496961,-0.9994642,-0.008657441,0.05754077,0.9983056,0.14,1.811587,3.74,0,-0.6727939,0,0.73983,-0.9955062,0,0.09469664
saccade,14.6079,0.01945205,0.03868484,-0.03726743,-0.03957135,-0.02907195,-0.01624884,-0.9986616,0.05935206,-0.07809201,0.9951779,0.08777525,0.04084718,-0.03766671,0.02882682,0.003915776,-0.01494144,-0.9994651,-0.008688791,0.05750579,0.9983073,0.14,1.811587,3.74,0,-0.6727939,0,0.73983,-0.9955062,0,0.09469664
saccade,14.6189,0.01945951,0.03868449,-0.0372709,-0.03966169,-0.02910715,-0.01630205,-0.9986561,0.05942919,-0.07826777,0.9951594,0.08778244,0.04085398,-0.03767452,0.02873474,0.003883983,-0.01499404,-0.9994671,-0.008625527,0.05732239,0.9983184,0.14,1.811587,3.74,0,-0.6727939,0,0.73983,-0.9955062,0,0.09469664
saccade,14.6303,0.01947036,0.03868914,-0.0372737,-0.03965095,-0.02907735,-0.01637543,-0.9986562,0.05937514,-0.07824302,0.9951646,0.08779301,0.04086852,-0.03767287,0.02866101,0.005199032,-0.01502702,-0.9994627,-0.01125386,0.05713498,0.9983031,0.14,1.811587,3.74,0,-0.6727939,0,0.73983,-0.9955062,0,0.09469664
saccade,14.6414,0.01945103,0.03870618,-0.03723633,-0.04003109,-0.02794265,-0.01641844,-0.9986727,0.05712562,-0.07903836,0.9952334,0.08777338,0.0408957,-0.03763125,0.02871375,0.005233188,-0.01510084,-0.9994599,-0.01132793,0.05723843,0.9982963,0.14,1.811587,3.74,0,-0.6727939,0,0.73983,-0.9955062,0,0.09469664
saccade,14.6521,0.01944346,0.03872478,-0.03721555,-0.03997523,-0.02797943,-0.01642461,-0.9986738,0.0571978,-0.07892532,0.9952382,0.08776574,0.04091561,-0.03761557,0.0287694,0.005197085,-0.01511133,-0.9994584,-0.01125803,0.05735057,0.9982906,0.14,1.811587,3.74,0,-0.6727939,0,0.73983,-0.9955062,0,0.09469664
saccade,14.6632,0.01944958,0.03874755,-0.03720188,-0.03992567,-0.02797388,-0.01638281,-0.9986767,0.05718191,-0.07882909,0.9952468,0.08777204,0.04093266,-0.03760147,0.02871706,0.00627594,-0.01503883,-0.9994547,-0.01340878,0.05721403,0.9982719,0.14,1.811587,3.74,0,-0.6727939,0,0.73983,-0.9955062,0,0.09469664
saccade,14.6742,0.01945789,0.03877103,-0.03719637,-0.04004791,-0.02634486,-0.01635797,-0.9987165,0.05393229,-0.07913113,0.9954042,0.08778027,0.04095912,-0.03759302,0.02871027,0.006297951,-0.01505968,-0.9994545,-0.01345377,0.05719952,0.9982721,0.14,1.811587,3.74,0,-0.6727939,0,0.73983,-0.9955062,0,0.09469664
saccade,14.6855,0.01946192,0.03879523,-0.03721363,-0.04013241,-0.02644037,-0.01620455,-0.998713,0.05411335,-0.07930461,0.9953806,0.08778489,0.0409627,-0.03762401,0.0286308,0.00619183,-0.01491065,-0.9994597,-0.01323078,0.05704602,0.9982839,0.14,1.811587,3.74,0,-0.6727939,0,0.73983,-0.9955062,0,0.09469664
saccade,14.6965,0.01947036,0.03881919,-0.03719833,-0.04004617,-0.02637829,-0.01618857,-0.9987184,0.05398554,-0.07913564,0.995401,0.08779345,0.04098439,-0.03760049,0.02807365,0.009461074,-0.0147993,-0.9994515,-0.01974271,0.05583647,0.9982447,0.14,1.811587,3.74,0,-0.6727939,0,0.73983,-0.9955062,0,0.09469664
saccade,14.7077,0.01947974,0.03884137,-0.03718952,-0.04005584,-0.02633911,-0.01614345,-0.9987198,0.05390406,-0.07915871,0.9954036,0.08780306,0.04100013,-0.03758655,0.02806561,0.009497067,-0.01475129,-0.9994521,-0.01981173,0.05582027,0.9982442,0.14,1.811587,3.74,0,-0.6727939,0,0.73983,-0.9955062,0,0.09469664
saccade,14.7186,0.01948648,0.03884637,-0.03720663,-0.04177985,-0.01993023,-0.01591074,-0.9988014,0.04114218,-0.08282533,0.9957145,0.08780999,0.0409987,-0.03760651,0.02803013,0.009474346,-0.01470375,-0.999454,-0.01976264,0.05575103,0.9982491,0.14,1.811587,3.74,0,-0.6727939,0,0.73983,-0.9955062,0,0.09469664
saccade,14.7303,0.01950243,0.03886151,-0.03720271,-0.04173395,-0.01992453,-0.01591443,-0.9988034,0.04112973,-0.08273384,0.9957226,0.08782592,0.04101431,-0.03760188,0.02380822,0.03497691,-0.01395265,-0.999007,-0.07054873,0.04659311,0.9964195,0.14,1.811587,3.74,0,-0.6727939,0,0.73983,-0.9955062,0,0.09469664
saccade,14.7411,0.01951766,0.03889155,-0.03719338,-0.04171788,-0.01998585,-0.01591708,-0.9988028,0.0412519,-0.08269963,0.9957204,0.08784108,0.04104507,-0.03760094,0.0238241,0.03491597,-0.01396023,-0.9990087,-0.07042789,0.0466261,0.9964266,0.14,1.811587,3.74,0,-0.6727939,0,0.73983,-0.9955062,0,0.09469664
saccade,14.7518,0.01952811,0.03891873,-0.037186,-0.05407736,0.01804784,-0.01472786,-0.998265,-0.03444016,-0.1084987,0.9934998,0.08785193,0.04105961,-0.03759352,0.02385509,0.0349145,-0.01386829,-0.9990093,-0.07042149,0.0466945,0.9964238,0.14,1.811587,3.74,0,-0.6727939,0,0.73983,-0.9955062,0,0.09469664
saccade,14.7634,0.01951871,0.03891575,-0.03718523,-0.05401503,0.01804403,-0.01466518,-0.9982694,-0.03444133,-0.1083723,0.9935136,0.08784279,0.04104781,-0.03759388,0.002501674,0.08791254,-0.01226912,-0.9960495,-0.1751919,0.002826363,0.9845303,0.14,1.811587,3.74,0,-0.6727939,0,0.73983,-0.9955062,0,0.09469664
saccade,14.7747,0.01951152,0.03893387,-0.03718136,-0.0539981,0.0180217,-0.01466595,-0.9982707,-0.03439721,-0.1083381,0.9935188,0.08783558,0.04106617,-0.0375931,0.002518497,0.08789039,-0.01227234,-0.9960514,-0.1751485,0.002859863,0.9845379,0.14,1.811587,3.74,0,-0.6727939,0,0.73983,-0.9955062,0,0.09469664
saccade,14.7855,0.01950527,0.03894389,-0.03717152,-0.08727825,0.09081824,-0.0125073,-0.9919568,-0.1779923,-0.1754243,0.9682691,0.08782955,0.04107022,-0.03757752,0.002593806,0.08793345,-0.01223503,-0.9960479,-0.1752353,0.003015374,0.984522,0.14,1.811587,3.74,0,-0.6727939,0,0.73983,-0.9955062,0,0.09469664
saccade,14.7967,0.01949983,0.03894579,-0.03717271,-0.08724407,0.09089146,-0.0124745,-0.9919534,-0.1781435,-0.1753518,0.9682544,0.08782435,0.04106629,-0.03756921,-0.02026435,0.1515247,-0.01028562,-0.9881923,-0.2990542,-0.04316721,0.9532592,0.14,1.811587,3.74,0,-0.6727939,0,0.73983,-0.9955062,0,0.09469664
saccade,14.8076,0.01949064,0.03895772,-0.03717053,-0.08729449,0.09106408,-0.01250531,-0.9919328,-0.1784756,-0.1754581,0.968174,0.08781521,0.04108095,-0.03754286,-0.0203162,0.1516979,-0.01030151,-0.9881644,-0.2993864,-0.04327693,0.95315,0.14,1.811587,3.74,0,-0.6727939,0,0.73983,-0.9955062,0,0.09469664
saccade,14.8192,0.01946793,0.03895462,-0.03717028,-0.1238568,0.1500443,-0.01076885,-0.9808314,-0.2916687,-0.2461969,0.9242924,0.08779244,0.04108,-0.03754026,-0.02031345,0.1517148,-0.01031728,-0.9881617,-0.2994184,-0.04327652,0.95314,0.14,1.811587,3.74,0,-0.6727939,0,0.73983,-0.9955062,0,0.09469664
saccade,14.8302,0.01945806,0.03894687,-0.03716503,-0.1239575,0.150025,-0.01077762,-0.9808215,-0.2916236,-0.2463941,0.9242541,0.08778246,0.04107583,-0.03753696,-0.03474256,0.2009907,-0.0087776,-0.9789375,-0.3929048,-0.07155001,0.9167914,0.14,1.811587,3.74,0,-0.6727939,0,0.73983,-0.9955062,0,0.09469664
saccade,14.8410,0.01944782,0.03892875,-0.03714758,-0.1240186,0.1500122,-0.01079394,-0.9808156,-0.2915913,-0.2465173,0.9242314,0.08777209,0.0410614,-0.03752067,-0.03480497,0.2009802,-0.00879183,-0.9789373,-0.3928821,-0.07167773,0.9167911,0.14,1.811587,3.74,0,-0.6727939,0,0.73983,-0.9955062,0,0.09469664
saccade,14.8522,0.01944371,0.03891754,-0.03713568,-0.1548472,0.1781176,-0.009997703,-0.9716977,-0.3430567,-0.3044908,0.888593,0.0877678,0.0410558,-0.03750914,-0.03482923,0.2009758,-0.00882869,-0.9789371,-0.3928703,-0.07173996,0.9167913,0.14,1.811587,3.74,0,-0.6727939,0,0.73983,-0.9955062,0,0.09469664
saccade,14.8633,0.01943321,0.03890634,-0.03712755,-0.1548661,0.1780825,-0.009966013,-0.9717015,-0.3429992,-0.3045168,0.8886063,0.08775736,0.04104161,-0.03750636,-0.04981485,0.2291386,-0.00791992,-0.9720861,-0.4446959,-0.1004782,0.8900279,0.14,1.811587,3.74,0,-0.6727939,0,0.73983,-0.9955062,0,0.09469664
saccade,14.8742,0.01942694,0.03890526,-0.03711635,-0.1549359,0.1780411,-0.01008647,-0.9716967,-0.3428784,-0.304693,0.8885925,0.08775049,0.04105914,-0.03749789,-0.04989151,0.2291114,-0.0080403,-0.9720876,-0.4446305,-0.1006821,0.8900376,0.14,1.811587,3.74,0,-0.6727939,0,0.73983,-0.9955062,0,0.09469664
saccade,14.8850,0.01938399,0.03890061,-0.03708002,-0.1675001,0.1836355,-0.009898055,-0.9685679,-0.352411,-0.3281058,0.8764434,0.08770773,0.04104924,-0.03745948,-0.04987495,0.2291283,-0.008005212,-0.9720847,-0.4446657,-0.1006338,0.8900254,0.14,1.811587,3.74,0,-0.6727939,0,0.73983,-0.9955062,0,0.09469664
saccade,14.8970,0.0193678,0.038903,-0.03707419,-0.1675384,0.1836438,-0.009899756,-0.9685597,-0.3524227,-0.3281779,0.8764117,0.08769151,0.0410527,-0.03745219,-0.05690756,0.2370819,-0.007763145,-0.9697904,-0.4589559,-0.1140578,0.8811074,0.14,1.811587,3.74,0,-0.6727939,0,0.73983,-0.9955062,0,0.09469664
saccade,14.9075,0.01935247,0.038908,-0.03707732,-0.1675407,0.1836842,-0.009955763,-0.9685511,-0.3524792,-0.3282008,0.8763804,0.08767602,0.04106426,-0.0374485,-0.05691252,0.2371278,-0.007813996,-0.9697785,-0.4590334,-0.1140909,0.8810628,0.14,1.811587,3.74,0,-0.6727939,0,0.73983,-0.9955062,0,0.09469664
saccade,14.9190,0.01932993,0.03892303,-0.03707732,-0.1721043,0.1774495,-0.01019638,-0.9689106,-0.3403558,-0.337126,0.8777835,0.08765341,0.04108202,-0.03744379,-0.05693246,0.2371596,-0.00783236,-0.9697694,-0.4590884,-0.1141378,0.8810281,0.14,1.811587,3.74,0,-0.6727939,0,0.73983,-0.9955062,0,0.09469664
saccade,14.9298,0.01930464,0.03893971,-0.03709029,-0.1721072,0.1774423,-0.01022063,-0.9689112,-0.3403336,-0.3371404,0.8777866,0.087628,0.04110217,-0.03745717,-0.05845001,0.2328822,-0.008008231,-0.9707139,-0.4511878,-0.1172064,0.8846989,0.14,1.811587,3.74,0,-0.6727939,0,0.73983,-0.9955062,0,0.09469664
saccade,14.9406,0.01928327,0.03896391,-0.0371095,-0.1731229,0.1761891,-0.01027864,-0.9689583,-0.3378808,-0.3391197,0.8779718,0.08760671,0.04112589,-0.03746548,-0.05843733,0.2329601,-0.008011405,-0.9706959,-0.4513306,-0.1171824,0.8846293,0.14,1.811587,3.74,0,-0.6727939,0,0.73983,-0.9955062,0,0.09469664
saccade,14.9522,0.01926576,0.03899443,-0.03713267,-0.1730268,0.1762598,-0.01026654,-0.9689628,-0.3380256,-0.3389322,0.8779885,0.08758943,0.04115081,-0.03747993,-0.0583389,0.2330265,-0.007996754,-0.970686,-0.4514581,-0.1169844,0.8845904,0.14,1.811587,3.74,0,-0.6727939,0,0.73983,-0.9955062,0,0.09469664
saccade,14.9634,0.01926301,0.0389905,-0.03719697,-0.1729974,0.1763338,-0.01032518,-0.9689539,-0.3381463,-0.3388943,0.8779566,0.08758657,0.041152,-0.03753294,-0.05673584,0.2318563,-0.008083356,-0.9710605,-0.4493758,-0.1139362,0.8860474,0.14,1.811587,3.74,0,-0.6727939,0,0.73983,-0.9955062,0,0.09469664
saccade,14.9746,0.01925083,0.0390203,-0.03722075,-0.1730631,0.177061,-0.01033833,-0.9688094,-0.3394983,-0.3389913,0.8773972,0.08757423,0.04118705,-0.03755401,-0.05676445,0.231873,-0.008116653,-0.9710545,-0.4494011,-0.1140068,0.8860254,0.14,1.811587,3.74,0,-0.6727939,0,0.73983,-0.9955062,0,0.09469664
saccade,14.9852,0.019261,0.03902638,-0.03722396,-0.1729889,0.1770512,-0.0103473,-0.9688244,-0.3394831,-0.3388558,0.8774554,0.08758441,0.04119265,-0.03755889,-0.05668994,0.231863,-0.008130932,-0.9710611,-0.4493844,-0.1138693,0.8860516,0.14,1.811587,3.74,0,-0.6727939,0,0.73983,-0.9955062,0,0.09469664
saccade,14.9967,0.01927382,0.03902495,-0.03725783,-0.1729131,0.1770005,-0.01033757,-0.9688473,-0.3393979,-0.3387124,0.8775437,0.08759727,0.04118931,-0.03760047,-0.05638582,0.2291487,-0.008220107,-0.9717222,-0.4444108,-0.11335,0.888623,0.14,1.811587,3.74,0,-0.6727939,0,0.73983,-0.9955062,0,0.09469664
saccade,15.0075,0.01928828,0.03904128,-0.03726895,-0.1729164,0.176958,-0.01027722,-0.9688551,-0.3393392,-0.3386992,0.8775715,0.08761188,0.04119873,-0.03761879,-0.05638636,0.2291002,-0.008165163,-0.971734,-0.4443281,-0.1133264,0.8886673,0.14,1.811587,3.74,0,-0.6727939,0,0.73983,-0.9955062,0,0.09469664
saccade,15.0196,0.01930765,0.03905022,-0.03726592,-0.1708883,0.1761586,-0.0102325,-0.9693609,-0.3380252,-0.33491,0.8795307,0.08763146,0.04119968,-0.03762704,-0.05634077,0.229024,-0.008112242,-0.9717551,-0.4441964,-0.1132147,0.8887475,0.14,1.811587,3.74,0,-0.6727939,0,0.73983,-0.9955062,0,0.09469664
saccade,15.0304,0.01933068,0.03904927,-0.03726877,-0.1709211,0.1761048,-0.01022911,-0.969365,-0.337923,-0.3349726,0.8795462,0.0876544,0.0412004,-0.03763709,-0.05631419,0.2281226,-0.008141625,-0.9719684,-0.4425389,-0.1131858,0.8895776,0.14,1.811587,3.74,0,-0.6727939,0,0.73983,-0.9955062,0,0.09469664
saccade,15.0407,0.0193484,0.03903627,-0.03722064,-0.170952,0.1761113,-0.01021238,-0.9693586,-0.3379382,-0.3350245,0.8795205,0.08767217,0.04118574,-0.03758825,-0.0563446,0.2281276,-0.008122613,-0.9719656,-0.4425491,-0.113236,0.8895661,0.14,1.811587,3.74,0,-0.6727939,0,0.73983,-0.9955062,0,0.09469664
saccade,15.0520,0.0193643,0.039029,-0.03719967,-0.1684677,0.1750404,-0.010259,-0.9699867,-0.3361171,-0.3304144,0.881959,0.08768795,0.04118085,-0.03757554,-0.0562772,0.2280696,-0.008152123,-0.9719829,-0.442442,-0.1131195,0.8896343,0.14,1.811587,3.74,0,-0.6727939,0,0.73983,-0.9955062,0,0.09469664
saccade,15.0636,0.0193635,0.03904414,-0.03720542,-0.1685323,0.1750651,-0.01022478,-0.9699715,-0.3361699,-0.330523,0.8818982,0.08768728,0.04119241,-0.03757822,-0.05636843,0.2275195,-0.008131108,-0.9721067,-0.4414298,-0.1132922,0.890115,0.14,1.811587,3.74,0,-0.6727939,0,0.73983,-0.9955062,0,0.09469664
saccade,15.0745,0.01935279,0.0390588,-0.03718476,-0.1685635,0.1751458,-0.01022913,-0.9699515,-0.3363172,-0.33058,0.8818206,0.08767666,0.0412066,-0.03754619,-0.05639974,0.2275998,-0.008124462,-0.9720861,-0.4415769,-0.1133491,0.8900347,0.14,1.811587,3.74,0,-0.6727939,0,0.73983,-0.9955062,0,0.09469664
saccade,15.0857,0.01934296,0.03906488,-0.03715941,-0.169004,0.1769422,-0.0101382,-0.9695496,-0.3396816,-0.3313033,0.8802582,0.08766711,0.04120398,-0.03751665,-0.05627597,0.2276357,-0.008091425,-0.9720852,-0.441652,-0.1130939,0.89003,0.14,1.811587,3.74,0,-0.6727939,0,0.73983,-0.9955062,0,0.09469664
saccade,15.0966,0.01934588,0.03906763,-0.03716592,-0.1691508,0.1770011,-0.01015644,-0.9695131,-0.3397738,-0.3315832,0.8801172,0.08766993,0.04121149,-0.03751363,-0.05670989,0.2275048,-0.008102718,-0.9720905,-0.4413915,-0.1139411,0.8900511,0.14,1.811587,3.74,0,-0.6727939,0,0.73983,-0.9955062,0,0.09469664
saccade,15.1077,0.01935499,0.03906286,-0.03716536,-0.1691798,0.1769937,-0.01016236,-0.9695092,-0.3397556,-0.3316401,0.8801028,0.08767899,0.04120851,-0.03751373,-0.05673958,0.2274988,-0.008107911,-0.9720901,-0.4413786,-0.1140011,0.8900499,0.14,1.811587,3.74,0,-0.6727939,0,0.73983,-0.9955062,0,0.09469664
saccade,15.1185,0.01938343,0.0390408,-0.03715129,-0.164996,0.1796089,-0.01014404,-0.9697495,-0.3450039,-0.3236535,0.8810339,0.08770719,0.04119384,-0.0375002,-0.05661782,0.2274949,-0.008192744,-0.9720975,-0.4413666,-0.1138037,0.890081,0.14,1.811587,3.74,0,-0.6727939,0,0.73983,-0.9955062,0,0.09469664
saccade,15.1303,0.01940733,0.03904963,-0.03713331,-0.1650879,0.1795974,-0.01014648,-0.969736,-0.344974,-0.323828,0.8809815,0.08773099,0.04120564,-0.0374831,-0.05685041,0.2273874,-0.008195767,-0.972109,-0.4411588,-0.1142568,0.890126,0.14,1.811587,3.74,0,-0.6727939,0,0.73983,-0.9955062,0,0.09469664
saccade,15.1408,0.01943279,0.0390563,-0.03710736,-0.1650209,0.179539,-0.01009036,-0.9697588,-0.3448887,-0.3236842,0.8810677,0.08775665,0.04120445,-0.03746688,-0.05678043,0.2273227,-0.00814985,-0.9721286,-0.4410484,-0.1141011,0.8902007,0.14,1.811587,3.74,0,-0.6727939,0,0.73983,-0.9955062,0,0.09469664
saccade,15.1525,0.01945529,0.03906631,-0.03704488,-0.1655353,0.1821382,-0.009910781,-0.9691881,-0.3497711,-0.32448,0.8788475,0.08777943,0.04120362,-0.03741398,-0.05679063,0.2272585,-0.008062422,-0.9721438,-0.4409401,-0.1140818,0.8902568,0.14,1.811587,3.74,0,-0.6727939,0,0.73983,-0.9955062,0,0.09469664
saccade,15.1667,0.01947467,0.03904748,-0.03700744,-0.165457,0.1820743,-0.009832379,-0.9692143,-0.3496844,-0.324307,0.8789458,0.08779909,0.04117382,-0.0373876,-0.05707734,0.2271193,-0.007999065,-0.97216,-0.4406794,-0.1146101,0.890318,0.14,1.811587,3.74,0,-0.6727939,0,0.73983,-0.9955062,0,0.09469664
saccade,15.1777,0.01950255,0.0389992,-0.0369969,-0.1640857,0.1834339,-0.009782613,-0.9691916,-0.3523549,-0.3216498,0.8788558,0.08782685,0.04112995,-0.03737685,-0.05724825,0.2271153,-0.007990819,-0.972151,-0.4406657,-0.1149376,0.8902826,0.14,1.811587,3.74,0,-0.6727939,0,0.73983,-0.9955062,0,0.09469664
saccade,15.1888,0.0195159,0.0389477,-0.03698113,-0.1641655,0.183441,-0.009834168,-0.9691762,-0.3523445,-0.3218186,0.8787981,0.08783993,0.04108715,-0.03735841,-0.05733113,0.227129,-0.008037626,-0.9721425,-0.440682,-0.1151192,0.8902511,0.14,1.811587,3.74,0,-0.6727939,0,0.73983,-0.9955062,0,0.09469664
saccade,15.2003,0.01955229,0.0389179,-0.0369674,-0.164212,0.1834443,-0.009781945,-0.9691682,-0.3523641,-0.321887,0.8787652,0.0878765,0.04105163,-0.03734504,-0.05741745,0.2266848,-0.007998423,-0.9722413,-0.4398662,-0.1152735,0.8906345,0.14,1.811587,3.74,0,-0.6727939,0,0.73983,-0.9955062,0,0.09469664
saccade,15.2111,0.01956297,0.0389179,-0.03694146,-0.1611472,0.1853813,-0.009688386,-0.969315,-0.3562632,-0.3159969,0.8793307,0.08788729,0.04104912,-0.03731359,-0.0574747,0.2267236,-0.007968387,-0.9722292,-0.4399386,-0.1153704,0.8905861,0.14,1.811587,3.74,0,-0.6727939,0,0.73983,-0.9955062,0,0.09469664
saccade,15.2219,0.01956976,0.03894138,-0.03691602,-0.1611294,0.1853823,-0.009639405,-0.9693182,-0.3562825,-0.3159452,0.8793414,0.0878943,0.04106557,-0.03728919,-0.05745473,0.2267193,-0.007920375,-0.9722317,-0.4399374,-0.11531,0.8905946,0.14,1.811587,3.74,0,-0.6727939,0,0.73983,-0.9955062,0,0.09469664
saccade,15.2332,0.01955987,0.03896904,-0.03688735,-0.161083,0.1853453,-0.009557981,-0.9693338,-0.3562437,-0.3158295,0.8793988,0.08788471,0.04108202,-0.03726768,-0.05808463,0.2266989,-0.007847253,-0.9721997,-0.4398817,-0.1164977,0.8904675,0.14,1.811587,3.74,0,-0.6727939,0,0.73983,-0.9955062,0,0.09469664
saccade,15.2452,0.01955053,0.03899956,-0.03685623,-0.1610784,0.1854156,-0.009438637,-0.9693223,-0.3564143,-0.315774,0.8793496,0.08787595,0.04109526,-0.03722949,-0.05807489,0.2267562,-0.00772144,-0.9721879,-0.4400024,-0.1164212,0.8904179,0.14,1.811587,3.74,0,-0.6727939,0,0.73983,-0.9955062,0,0.09469664
saccade,15.2553,0.01955254,0.03903043,-0.03684407,-0.1615937,0.1867151,-0.009406484,-0.9689873,-0.3588091,-0.3166771,0.8780499,0.08787794,0.0411272,-0.03721323,-0.05809842,0.2267844,-0.007726327,-0.9721799,-0.4400527,-0.1164687,0.8903868,0.14,1.811587,3.74,0,-0.6727939,0,0.73983,-0.9955062,0,0.09469664
saccade,15.2668,0.01955105,0.03903794,-0.03684868,-0.161642,0.1867653,-0.009428855,-0.9689694,-0.3588916,-0.3167742,0.8779812,0.0878764,0.04113781,-0.03721011,-0.0581479,0.2268371,-0.007741218,-0.9721646,-0.4401456,-0.1165707,0.8903275,0.14,1.811587,3.74,0,-0.6727939,0,0.73983,-0.9955062,0,0.09469664
saccade,15.2780,0.01954611,0.03903139,-0.03688999,-0.161657,0.1867672,-0.00947575,-0.9689661,-0.3588786,-0.3168198,0.87797,0.08787125,0.04113793,-0.03725003,-0.05817786,0.2263582,-0.007803477,-0.9722739,-0.4392564,-0.1166624,0.8907546,0.14,1.811587,3.74,0,-0.6727939,0,0.73983,-0.9955062,0,0.09469664
saccade,15.2892,0.01955066,0.03903759,-0.03690391,-0.1593769,0.1893184,-0.009441122,-0.9688491,-0.3638325,-0.3123991,0.8775151,0.08787571,0.04114974,-0.03725018,-0.05819757,0.2264537,-0.007846072,-0.9722501,-0.4394259,-0.1167187,0.8906636,0.14,1.811587,3.74,0,-0.6727939,0,0.73983,-0.9955062,0,0.09469664
saccade,15.3002,0.01954697,0.03905416,-0.03690429,-0.1592694,0.1893147,-0.00947128,-0.9688672,-0.3638245,-0.3122078,0.8775865,0.08787198,0.0411675,-0.0372512,-0.05795716,0.2260122,-0.007894819,-0.9723668,-0.4386185,-0.1162799,0.8911189,0.14,1.811587,3.74,0,-0.6727939,0,0.73983,-0.9955062,0,0.09469664
saccade,15.3107,0.01954306,0.03908038,-0.03690065,-0.159147,0.1892848,-0.009453412,-0.9688933,-0.3637846,-0.3119717,0.877687,0.0878682,0.0411886,-0.03725293,-0.05783297,0.2259788,-0.007884823,-0.9723821,-0.4385634,-0.1160351,0.8911779,0.14,1.811587,3.74,0,-0.6727939,0,0.73983,-0.9955062,0,0.09469664
saccade,15.3225,0.01956344,0.03909361,-0.03693038,-0.1608613,0.1900808,-0.009343667,-0.9684553,-0.3651634,-0.3151261,0.8759859,0.08788896,0.04118812,-0.03729064,-0.05771438,0.2259299,-0.007806759,-0.9724011,-0.4384879,-0.1157706,0.8912494,0.14,1.811587,3.74,0,-0.6727939,0,0.73983,-0.9955062,0,0.09469664
saccade,15.3329,0.01956039,0.03908956,-0.03693265,-0.1607877,0.1899898,-0.00928178,-0.968486,-0.3650202,-0.3149681,0.8761024,0.08788608,0.04117596,-0.03730728,-0.05796381,0.2253269,-0.007775823,-0.9725264,-0.4373713,-0.1162469,0.891736,0.14,1.811587,3.74,0,-0.6727939,0,0.73983,-0.9955062,0,0.09469664
saccade,15.3442,0.01955488,0.03906977,-0.03693476,-0.1608085,0.1899434,-0.009300065,-0.9684914,-0.3649261,-0.3150162,0.8761243,0.08788042,0.04115999,-0.03731523,-0.05798565,0.2252833,-0.007798129,-0.9725351,-0.4372874,-0.1162997,0.8917702,0.14,1.811587,3.74,0,-0.6727939,0,0.73983,-0.9955062,0,0.09469664
saccade,15.3554,0.01956057,0.03902173,-0.0369494,-0.1617393,0.1908239,-0.009331781,-0.968163,-0.3664787,-0.3167415,0.8748533,0.08788582,0.04112124,-0.03733115,-0.0580235,0.2252698,-0.007857868,-0.9725354,-0.4372538,-0.1164001,0.8917736,0.14,1.811587,3.74,0,-0.6727939,0,0.73983,-0.9955062,0,0.09469664
saccade,15.3670,0.01956751,0.03897738,-0.03696161,-0.1618571,0.1907752,-0.009422602,-0.968152,-0.3663485,-0.3169999,0.8748142,0.08789223,0.04109311,-0.03734726,-0.05834284,0.225667,-0.007935297,-0.9724236,-0.4379619,-0.1170494,0.891341,0.14,1.811587,3.74,0,-0.6727939,0,0.73983,-0.9955062,0,0.09469664
saccade,15.3807,0.01955369,0.03893757,-0.03696419,-0.1616717,0.1922583,-0.009433641,-0.9678895,-0.3691193,-0.316588,0.873798,0.08787797,0.04106629,-0.03735649,-0.0584663,0.2256118,-0.008000554,-0.9724284,-0.4378471,-0.1173186,0.891362,0.14,1.811587,3.74,0,-0.6727939,0,0.73983,-0.9955062,0,0.09469664
saccade,15.3957,0.0195334,0.03891218,-0.03696188,-0.161733,0.1922262,-0.009510498,-0.9678849,-0.3690293,-0.3167342,0.8737831,0.08785728,0.04105353,-0.0373565,-0.05853082,0.225589,-0.008078217,-0.9724292,-0.437793,-0.1174789,0.8913675,0.14,1.811587,3.74,0,-0.6727939,0,0.73983,-0.9955062,0,0.09469664
saccade,15.4015,0.0194832,0.03888679,-0.03697197,-0.16176,0.1922434,-0.00947196,-0.9678773,-0.3690716,-0.3167695,0.8737524,0.08780724,0.04102337,-0.03736485,-0.05871838,0.2257953,-0.008031262,-0.9723704,-0.4381702,-0.1178189,0.8911372,0.14,1.811587,3.74,0,-0.6727939,0,0.73983,-0.9955062,0,0.09469664
saccade,15.4114,0.01945344,0.03888166,-0.03697099,-0.1618095,0.1922807,-0.009503004,-0.9678614,-0.3691268,-0.3168727,0.8736916,0.08777736,0.0410229,-0.0373577,-0.05876924,0.2258363,-0.008056442,-0.9723576,-0.4382403,-0.1179283,0.8910883,0.14,1.811587,3.74,0,-0.6727939,0,0.73983,-0.9955062,0,0.09469664
saccade,15.4219,0.01941225,0.03887522,-0.03697535,-0.163447,0.192907,-0.00948334,-0.9674616,-0.3701602,-0.3199161,0.872144,0.08773623,0.04101574,-0.0373536,-0.05881575,0.2258956,-0.008044097,-0.9723411,-0.4383489,-0.1180122,0.8910238,0.14,1.811587,3.74,0,-0.6727939,0,0.73983,-0.9955062,0,0.09469664
saccade,15.4336,0.01937877,0.03887272,-0.03700811,-0.1634998,0.1930158,-0.009489882,-0.967431,-0.3703558,-0.320013,0.8720254,0.08770286,0.04101324,-0.03737085,-0.05886899,0.2260048,-0.008037096,-0.9723126,-0.4385484,-0.118111,0.8909125,0.14,1.811587,3.74,0,-0.6727939,0,0.73983,-0.9955062,0,0.09469664
saccade,15.4445,0.01934882,0.03886485,-0.03703906,-0.1634756,0.19315,-0.00949115,-0.9674083,-0.3706068,-0.3199618,0.8719376,0.08767311,0.04100192,-0.03738348,-0.05899314,0.225957,-0.008031504,-0.9723162,-0.4384557,-0.1183495,0.8909265,0.14,1.811587,3.74,0,-0.6727939,0,0.73983,-0.9955062,0,0.09469664
saccade,15.4551,0.01931517,0.03885257,-0.03705785,-0.1638944,0.1952497,-0.009501047,-0.9669157,-0.3744656,-0.3206543,0.8700324,0.0876392,0.04100001,-0.03738766,-0.05908246,0.2260547,-0.008094983,-0.9722875,-0.4386238,-0.1185501,0.890817,0.14,1.811587,3.74,0,-0.6727939,0,0.73983,-0.9955062,0,0.09469664
saccade,15.4666,0.01928395,0.03884697,-0.03707514,-0.1639104,0.1953719,-0.009596504,-0.9668874,-0.3746594,-0.3207155,0.8699264,0.08760774,0.04100478,-0.03738592,-0.05909432,0.2261521,-0.008177292,-0.9722635,-0.4387924,-0.1186091,0.8907262,0.14,1.811587,3.74,0,-0.6727939,0,0.73983,-0.9955062,0,0.09469664
saccade,15.4777,0.0192735,0.03884959,-0.0370935,-0.1638742,0.1953845,-0.009613323,-0.9668908,-0.3746803,-0.3206535,0.8699402,0.08759727,0.04100847,-0.03740244,-0.05905818,0.2261656,-0.008193805,-0.9722624,-0.4388167,-0.1185464,0.8907225,0.14,1.811587,3.74,0,-0.6727939,0,0.73983,-0.9955062,0,0.09469664
saccade,15.4893,0.01926256,0.03885782,-0.037088,-0.1644764,0.1973148,-0.009460548,-0.9663979,-0.3782572,-0.3216328,0.8680287,0.08758688,0.04099882,-0.03739744,-0.05886329,0.2261735,-0.008106897,-0.9722732,-0.4388504,-0.1181295,0.8907614,0.14,1.811587,3.74,0,-0.6727939,0,0.73983,-0.9955062,0,0.09469664
saccade,15.4998,0.01926556,0.03888607,-0.03708596,-0.1645057,0.1972472,-0.009413991,-0.9664072,-0.3781449,-0.3216726,0.8680629,0.08758996,0.04102325,-0.03740551,-0.05903797,0.226375,-0.008058503,-0.972216,-0.4392193,-0.1184438,0.8905377,0.14,1.811587,3.74,0,-0.6727939,0,0.73983,-0.9955062,0,0.09469664
saccade,15.5112,0.01927177,0.03890276,-0.03707078,-0.1644265,0.1971628,-0.009369796,-0.9664383,-0.3780101,-0.3215108,0.8681815,0.0875963,0.04103386,-0.03740352,-0.05895691,0.2262855,-0.008026128,-0.9722421,-0.4390622,-0.1182732,0.8906379,0.14,1.811587,3.74,0,-0.6727939,0,0.73983,-0.9955062,0,0.09469664
saccade,15.5223,0.01931284,0.03887987,-0.0371084,-0.1654117,0.1986497,-0.009308293,-0.9659662,-0.3806983,-0.3232624,0.8663546,0.08763726,0.04101121,-0.03746165,-0.058898,0.2261409,-0.008033764,-0.9722792,-0.4387979,-0.1181641,0.8907827,0.14,1.811587,3.74,0,-0.6727939,0,0.73983,-0.9955062,0,0.09469664
saccade,15.5330,0.01930948,0.03888607,-0.03710398,-0.1653162,0.1985485,-0.009337123,-0.9660031,-0.3805097,-0.3230996,0.8664981,0.08763372,0.04102087,-0.03747125,-0.05880241,0.2260419,-0.008076227,-0.9723076,-0.4386148,-0.1179992,0.8908947,0.14,1.811587,3.74,0,-0.6727939,0,0.73983,-0.9955062,0,0.09469664
saccade,15.5449,0.01930669,0.03887522,-0.03710269,-0.1653603,0.1985188,-0.009409859,-0.966001,-0.3804266,-0.3232125,0.8664925,0.08763056,0.04102147,-0.03747212,-0.0589634,0.2257692,-0.008159424,-0.9723606,-0.4380959,-0.1183517,0.8911032,0.14,1.811587,3.74,0,-0.6727939,0,0.73983,-0.9955062,0,0.09469664
saccade,15.5560,0.01931421,0.03883874,-0.03710186,-0.1654138,0.1991182,-0.009507698,-0.9658675,-0.3814982,-0.3233219,0.8659804,0.08763757,0.04100049,-0.03747492,-0.0589267,0.225738,-0.008283492,-0.972369,-0.4380251,-0.1183368,0.89114,0.14,1.811587,3.74,0,-0.6727939,0,0.73983,-0.9955062,0,0.09469664
saccade,15.5666,0.01932085,0.03881752,-0.03709557,-0.1654713,0.1991421,-0.009540968,-0.9658523,-0.3815261,-0.3234417,0.8659233,0.08764406,0.04098475,-0.03746417,-0.05958329,0.2229171,-0.008410618,-0.9729785,-0.4327847,-0.1196963,0.8935156,0.14,1.811587,3.74,0,-0.6727939,0,0.73983,-0.9955062,0,0.09469664
saccade,15.5777,0.01931045,0.03881979,-0.03708441,-0.165468,0.1990985,-0.009524914,-0.965862,-0.3814513,-0.3234314,0.8659602,0.08763366,0.04098582,-0.03745938,-0.05957974,0.2228723,-0.008399478,-0.9729891,-0.4327037,-0.1196849,0.8935564,0.14,1.811587,3.74,0,-0.6727939,0,0.73983,-0.9955062,0,0.09469664
saccade,15.5890,0.01929509,0.0388267,-0.0370701,-0.1655674,0.1962615,-0.009630286,-0.9664245,-0.3761548,-0.3237969,0.8681377,0.08761831,0.04099262,-0.0374435,-0.05953701,0.2228845,-0.008409575,-0.9729888,-0.4327269,-0.1196064,0.8935556,0.14,1.811587,3.74,0,-0.6727939,0,0.73983,-0.9955062,0,0.09469664
saccade,15.6001,0.01928752,0.03885198,-0.03704859,-0.1655268,0.1962805,-0.009578674,-0.966428,-0.3762108,-0.3236997,0.8681497,0.08761101,0.04100955,-0.03742082,-0.0594946,0.2228971,-0.008357342,-0.972989,-0.4327585,-0.1195008,0.8935545,0.14,1.811587,3.74,0,-0.6727939,0,0.73983,-0.9955062,0,0.09469664
saccade,15.6110,0.01927346,0.03886175,-0.03703355,-0.1655906,0.1962857,-0.009573233,-0.9664161,-0.3762169,-0.323817,0.8681033,0.08759693,0.04102015,-0.03740469,-0.06144407,0.1937495,-0.009329833,-0.9790806,-0.3782463,-0.1239327,0.9173715,0.14,1.811587,3.74,0,-0.6727939,0,0.73983,-0.9955062,0,0.09469664
saccade,15.6223,0.01926579,0.03885067,-0.03701098,-0.1666468,0.1623538,-0.01068096,-0.9724999,-0.3122182,-0.3275962,0.8917402,0.08758947,0.0410037,-0.03737334,-0.06135971,0.1938165,-0.009310285,-0.9790728,-0.3783784,-0.1237602,0.9173403,0.14,1.811587,3.74,0,-0.6727939,0,0.73983,-0.9955062,0,0.09469664
saccade,15.6335,0.01925739,0.0388366,-0.03700437,-0.1666854,0.1623277,-0.01075439,-0.9724968,-0.3121412,-0.3276935,0.8917314,0.08758071,0.04100084,-0.0373684,-0.06690311,0.129659,-0.01149604,-0.9892322,-0.2549875,-0.1353465,0.957425,0.14,1.811587,3.74,0,-0.6727939,0,0.73983,-0.9955062,0,0.09469664
saccade,15.6446,0.01925166,0.03882301,-0.03699655,-0.1667169,0.1623342,-0.01074917,-0.9724904,-0.3121527,-0.3277511,0.8917062,0.087575,0.04098713,-0.0373596,-0.06693518,0.1296655,-0.01149126,-0.9892293,-0.2549995,-0.1354085,0.9574131,0.14,1.811587,3.74,0,-0.6727939,0,0.73983,-0.9955062,0,0.09469664
saccade,15.6556,0.01925055,0.03882098,-0.0369777,-0.1587373,0.09679197,-0.01281039,-0.9824814,-0.1861257,-0.3143928,0.9308676,0.08757398,0.04098213,-0.03734095,-0.06696231,0.1296649,-0.01146567,-0.9892278,-0.2550007,-0.1354553,0.9574061,0.14,1.811587,3.74,0,-0.6727939,0,0.73983,-0.9955062,0,0.09469664
saccade,15.6670,0.01925335,0.03881812,-0.03695342,-0.1587637,0.09676558,-0.01277574,-0.9824802,-0.1860839,-0.3144368,0.9308611,0.08757688,0.04097569,-0.03732087,-0.07044526,0.0668528,-0.01343436,-0.9951822,-0.1311687,-0.142008,0.9811363,0.14,1.811587,3.74,0,-0.6727939,0,0.73983,-0.9955062,0,0.09469664
saccade,15.6779,0.01927692,0.03882098,-0.03695352,-0.1587602,0.09669248,-0.01273778,-0.9824885,-0.185954,-0.3144235,0.9308915,0.0876005,0.04097497,-0.03733172,-0.07044265,0.06677639,-0.01340295,-0.9951881,-0.1310219,-0.1419974,0.9811575,0.14,1.811587,3.74,0,-0.6727939,0,0.73983,-0.9955062,0,0.09469664
saccade,15.6890,0.01928861,0.03882766,-0.03692673,-0.150595,0.02807232,-0.01483959,-0.9880854,-0.05100616,-0.2984346,0.9530662,0.08761222,0.0409801,-0.03730736,-0.07042845,0.06675972,-0.01339179,-0.9951903,-0.1309909,-0.1419675,0.9811659,0.14,1.811587,3.74,0,-0.6727939,0,0.73983,-0.9955062,0,0.09469664
saccade,15.7000,0.01929601,0.03883696,-0.03690618,-0.1506297,0.02812506,-0.01485762,-0.9880784,-0.05110352,-0.2985036,0.9530393,0.08761961,0.04099083,-0.03727921,-0.07272401,0.03413298,-0.0144243,-0.9966635,-0.0659402,-0.1459474,0.9870923,0.14,1.811587,3.74,0,-0.6727939,0,0.73983,-0.9955062,0,0.09469664
saccade,15.7111,0.01928774,0.03882551,-0.03687755,-0.1505384,0.02801943,-0.01480333,-0.9880962,-0.05091484,-0.2983225,0.9531062,0.08761144,0.0409739,-0.03726624,-0.0726317,0.03402328,-0.01437892,-0.9966747,-0.06573154,-0.1457588,0.9871341,0.14,1.811587,3.74,0,-0.6727939,0,0.73983,-0.9955062,0,0.09469664
saccade,15.7219,0.01930146,0.03883755,-0.0368579,-0.1479426,-0.01768072,-0.01621671,-0.988705,0.03976031,-0.2919698,0.9556007,0.08762496,0.04099166,-0.0372474,-0.07264312,0.03401404,-0.01442069,-0.9966735,-0.06570665,-0.1457839,0.9871321,0.14,1.811587,3.74,0,-0.6727939,0,0.73983,-0.9955062,0,0.09469664
saccade,15.7331,0.01930128,0.03882623,-0.03683938,-0.1479896,-0.01768075,-0.01618625,-0.9886984,0.03975266,-0.2920619,0.9555729,0.08762491,0.04097629,-0.03722943,-0.07228281,0.02809707,-0.01456759,-0.9968819,-0.05391296,-0.1449335,0.9879715,0.14,1.811587,3.74,0,-0.6727939,0,0.73983,-0.9955062,0,0.09469664
saccade,15.7449,0.01930368,0.03880346,-0.03682046,-0.1480087,-0.01768995,-0.01621196,-0.988695,0.03977894,-0.2920973,0.955561,0.08762719,0.04095709,-0.03721119,-0.07230322,0.02808982,-0.01459304,-0.9968803,-0.05389412,-0.1449751,0.9879664,0.14,1.811587,3.74,0,-0.6727939,0,0.73983,-0.9955062,0,0.09469664
saccade,15.7555,0.01932236,0.03879082,-0.03681252,-0.1497605,-0.05516847,-0.01736828,-0.9870292,0.114108,-0.2937197,0.9490564,0.08764567,0.04095042,-0.03720612,-0.07236476,0.02806472,-0.01463342,-0.9968759,-0.0538362,-0.1450987,0.9879514,0.14,1.811587,3.74,0,-0.6727939,0,0.73983,-0.9955062,0,0.09469664
saccade,15.7668,0.01933309,0.0387665,-0.0367926,-0.1498285,-0.05518328,-0.01740146,-0.9870175,0.1141482,-0.2938462,0.9490125,0.08765626,0.04093063,-0.03718746,-0.07463853,0.0226886,-0.0148345,-0.9968422,-0.04301946,-0.1494788,0.9878286,0.14,1.811587,3.74,0,-0.6727939,0,0.73983,-0.9955062,0,0.09469664
saccade,15.7780,0.01932888,0.0387429,-0.03677765,-0.1498685,-0.05516458,-0.01738935,-0.9870126,0.1141085,-0.2939257,0.9489926,0.08765213,0.04090464,-0.03717019,-0.07467765,0.02270608,-0.01481793,-0.9968391,-0.04305549,-0.1495561,0.9878154,0.14,1.811587,3.74,0,-0.6727939,0,0.73983,-0.9955062,0,0.09469664
saccade,15.7897,0.01931582,0.03872705,-0.03677097,-0.1509665,-0.05988806,-0.01754403,-0.9865672,0.1234643,-0.2957759,0.9472451,0.08763906,0.04088986,-0.03715869,-0.07464451,0.02274121,-0.01482976,-0.9968406,-0.0431248,-0.1494918,0.9878221,0.14,1.811587,3.74,0,-0.6727939,0,0.73983,-0.9955062,0,0.09469664
saccade,15.8002,0.01929964,0.03870833,-0.03682652,-0.1510261,-0.05991868,-0.0175821,-0.9865555,0.1235369,-0.2958843,0.9472017,0.0876227,0.04087651,-0.03721755,-0.07470787,0.02271311,-0.01486508,-0.996836,-0.04306141,-0.1496183,0.9878057,0.14,1.811587,3.74,0,-0.6727939,0,0.73983,-0.9955062,0,0.09469664
saccade,15.8111,0.01928379,0.03868735,-0.03682639,-0.1510834,-0.05984836,-0.01758198,-0.986551,0.1233996,-0.2959985,0.947184,0.08760695,0.04085362,-0.03720787,-0.07418571,0.02002092,-0.01493759,-0.9969316,-0.03770267,-0.1485143,0.9881913,0.14,1.811587,3.74,0,-0.6727939,0,0.73983,-0.9955062,0,0.09469664
saccade,15.8223,0.01927089,0.03866911,-0.03683269,-0.1529733,-0.05112019,-0.01738389,-0.9867541,0.1062047,-0.3001167,0.9479718,0.08759383,0.04084265,-0.03721202,-0.07421388,0.0200323,-0.01499015,-0.9969285,-0.03771658,-0.1485724,0.988182,0.14,1.811587,3.74,0,-0.6727939,0,0.73983,-0.9955062,0,0.09469664
saccade,15.8335,0.01926317,0.03864312,-0.03683143,-0.1529315,-0.05103154,-0.0173989,-0.986765,0.106034,-0.3000391,0.9480155,0.08758617,0.04081702,-0.03719849,-0.07350218,0.01890296,-0.0150358,-0.9970025,-0.03548228,-0.1471322,0.9884802,0.14,1.811587,3.74,0,-0.6727939,0,0.73983,-0.9955062,0,0.09469664
saccade,15.8450,0.01929664,0.03866029,-0.0369127,-0.1530652,-0.05104994,-0.01738733,-0.9867435,0.1060692,-0.3002969,0.9479299,0.08761969,0.04083216,-0.03728237,-0.07363615,0.01888282,-0.01501654,-0.9969933,-0.03544058,-0.1473966,0.9884423,0.14,1.811587,3.74,0,-0.6727939,0,0.73983,-0.9955062,0,0.09469664
saccade,15.8558,0.01928139,0.0386591,-0.03693125,-0.1542228,-0.04845648,-0.01731697,-0.9866952,0.1009649,-0.3026635,0.9477346,0.08760446,0.04083109,-0.037297,-0.07359084,0.01891214,-0.01502009,-0.996996,-0.03549998,-0.1473077,0.9884534,0.14,1.811587,3.74,0,-0.6727939,0,0.73983,-0.9955062,0,0.09469664
saccade,15.8668,0.01927341,0.03865504,-0.03694338,-0.1542393,-0.0483875,-0.01732039,-0.9866959,0.1008305,-0.3026983,0.9477378,0.08759657,0.04082584,-0.03729971,-0.07360713,0.01898113,-0.01501674,-0.9969936,-0.03563745,-0.1473418,0.9884434,0.14,1.811587,3.74,0,-0.6727939,0,0.73983,-0.9955062,0,0.09469664
saccade,15.8783,0.01925745,0.0386343,-0.03697291,-0.1540963,-0.04840579,-0.01738403,-0.9867163,0.1008832,-0.3024158,0.9478224,0.08758029,0.040815,-0.0373305,-0.07224393,0.01829218,-0.01510703,-0.9971048,-0.03429567,-0.1446222,0.9888924,0.14,1.811587,3.74,0,-0.6727939,0,0.73983,-0.9955062,0,0.09469664
saccade,15.8887,0.01925983,0.03864157,-0.0369904,-0.1544742,-0.04385696,-0.01724341,-0.9868723,0.09188976,-0.3033802,0.9484286,0.08758286,0.04081821,-0.03733313,-0.07228663,0.01840206,-0.01508523,-0.9971001,-0.03451647,-0.1447092,0.988872,0.14,1.811587,3.74,0,-0.6727939,0,0.73983,-0.9955062,0,0.09469664
saccade,15.9002,0.01925206,0.03864622,-0.03700099,-0.154341,-0.04385744,-0.01723071,-0.9868934,0.09188404,-0.3031249,0.9485108,0.08757514,0.04082191,-0.03734419,-0.07215162,0.01840131,-0.01508081,-0.9971099,-0.03452004,-0.1444412,0.9889111,0.14,1.811587,3.74,0,-0.6727939,0,0.73983,-0.9955062,0,0.09469664
saccade,15.9114,0.01925851,0.03866363,-0.03701364,-0.1542804,-0.04388016,-0.01726511,-0.9869012,0.09193811,-0.3030038,0.9485442,0.0875814,0.04084468,-0.03735926,-0.07119434,0.01838815,-0.01511687,-0.9971784,-0.03452007,-0.1425429,0.9891865,0.14,1.811587,3.74,0,-0.6727939,0,0.73983,-0.9955062,0,0.09469664
saccade,15.9224,0.01931962,0.03868103,-0.03704571,-0.1539692,-0.04325007,-0.01723501,-0.9869782,0.09068107,-0.3024376,0.9488459,0.08764245,0.04086268,-0.03739996,-0.07110943,0.01832633,-0.01511817,-0.9971856,-0.03439941,-0.1423727,0.9892152,0.14,1.811587,3.74,0,-0.6727939,0,0.73983,-0.9955062,0,0.09469664
saccade,15.9332,0.01932571,0.0386889,-0.03705179,-0.1539178,-0.04320303,-0.01718255,-0.9869891,0.09057124,-0.3023457,0.9488856,0.08764881,0.04086268,-0.03740085,-0.07105406,0.01836916,-0.01506516,-0.9971895,-0.03449418,-0.1422622,0.9892278,0.14,1.811587,3.74,0,-0.6727939,0,0.73983,-0.9955062,0,0.09469664
saccade,15.9448,0.01933441,0.03870201,-0.03706015,-0.1539351,-0.04323749,-0.01717262,-0.9869851,0.09063646,-0.3023784,0.948869,0.08765751,0.04087508,-0.03741406,-0.07157499,0.01813798,-0.01506507,-0.9971565,-0.03401624,-0.1432894,0.989096,0.14,1.811587,3.74,0,-0.6727939,0,0.73983,-0.9955062,0,0.09469664
saccade,15.9555,0.01936135,0.03869748,-0.03707633,-0.1536122,-0.04127079,-0.01709199,-0.987121,0.0867296,-0.3018568,0.9494,0.08768444,0.04086947,-0.03743992,-0.07152728,0.01806863,-0.01505361,-0.9971614,-0.0338812,-0.1431925,0.9891148,0.14,1.811587,3.74,0,-0.6727939,0,0.73983,-0.9955062,0,0.09469664
saccade,15.9667,0.01938871,0.03870273,-0.03709,-0.1536583,-0.04129839,-0.01709594,-0.9871126,0.08678618,-0.301944,0.9493672,0.08771174,0.04087567,-0.03745718,-0.07157418,0.01804118,-0.01505714,-0.9971585,-0.03382443,-0.1432849,0.9891033,0.14,1.811587,3.74,0,-0.6727939,0,0.73983,-0.9955062,0,0.09469664
saccade,15.9779,0.01940666,0.03870094,-0.03708001,-0.1536152,-0.0413175,-0.01706749,-0.987119,0.08681422,-0.3018625,0.9493905,0.08772978,0.04087067,-0.03745043,-0.07206754,0.01707621,-0.01506363,-0.9971398,-0.03188353,-0.1442373,0.9890293,0.14,1.811587,3.74,0,-0.6727939,0,0.73983,-0.9955062,0,0.09469664
saccade,15.9892,0.01942579,0.03869426,-0.03707685,-0.1521436,-0.03974679,-0.01701037,-0.9874124,0.08366898,-0.2991048,0.950545,0.08774888,0.04086399,-0.03745338,-0.07210462,0.01703105,-0.0150595,-0.997138,-0.0317929,-0.1443095,0.9890217,0.14,1.811587,3.74,0,-0.6727939,0,0.73983,-0.9955062,0,0.09469664
saccade,16.0002,0.01944854,0.03867531,-0.03709976,-0.1521923,-0.03977672,-0.01705201,-0.987403,0.08374168,-0.2991938,0.9505106,0.08777142,0.04085112,-0.0374794,-0.07215622,0.0170043,-0.01510064,-0.997134,-0.03173193,-0.1444124,0.9890087,0.14,1.811587,3.74,0,-0.6727939,0,0.73983,-0.9955062,0,0.09469664
saccade,16.0109,0.01947009,0.0386523,-0.03710553,-0.1522967,-0.0398403,-0.01701379,-0.987385,0.08385772,-0.2993952,0.9504369,0.08779305,0.04082382,-0.03749444,-0.07140321,0.01724282,-0.01504948,-0.9971849,-0.0322394,-0.1429234,0.9892085,0.14,1.811587,3.74,0,-0.6727939,0,0.73983,-0.9955062,0,0.09469664
saccade,16.0221,0.01948753,0.0386405,-0.03709614,-0.1514279,-0.03757371,-0.01695812,-0.9876084,0.07935208,-0.2978286,0.9513156,0.08781038,0.04081452,-0.0374896,-0.07143111,0.0172078,-0.0150657,-0.9971833,-0.03216634,-0.1429783,0.989203,0.14,1.811587,3.74,0,-0.6727939,0,0.73983,-0.9955062,0,0.09469664
saccade,16.0334,0.01950336,0.03862715,-0.03707675,-0.1514571,-0.03761975,-0.01697683,-0.9876018,0.07944918,-0.2978812,0.951291,0.08782607,0.04080462,-0.037476,-0.07115867,0.01653293,-0.01510465,-0.9972136,-0.03082408,-0.1424202,0.9893262,0.14,1.811587,3.74,0,-0.6727939,0,0.73983,-0.9955062,0,0.09469664
saccade,16.0446,0.01948627,0.0386039,-0.03705594,-0.1512297,-0.03764447,-0.01694979,-0.9876362,0.07948471,-0.2974437,0.951425,0.08780903,0.04077911,-0.03745939,-0.07092819,0.01650722,-0.01509187,-0.9972306,-0.03078212,-0.1419618,0.9893934,0.14,1.811587,3.74,0,-0.6727939,0,0.73983,-0.9955062,0,0.09469664
saccade,16.0557,0.0194967,0.03862786,-0.03704811,-0.1510018,-0.035981,-0.01695983,-0.9877329,0.07620116,-0.2970784,0.9518077,0.08781926,0.04080999,-0.03744668,-0.07109313,0.01653661,-0.0151405,-0.9972177,-0.03082843,-0.1422914,0.9893446,0.14,1.811587,3.74,0,-0.6727939,0,0.73983,-0.9955062,0,0.09469664
saccade,16.0669,0.01949336,0.03863692,-0.03703092,-0.1509529,-0.03592561,-0.01689201,-0.9877435,0.07607038,-0.2969918,0.9518452,0.08781628,0.04080892,-0.03742347,-0.07064448,0.01579642,-0.01509364,-0.9972623,-0.02937379,-0.141379,0.9895197,0.14,1.811587,3.74,0,-0.6727939,0,0.73983,-0.9955062,0,0.09469664
saccade,16.0782,0.01948799,0.03863931,-0.03702293,-0.1509249,-0.03586301,-0.01686484,-0.9877506,0.07593806,-0.2969426,0.951871,0.08781111,0.04080641,-0.03740761,-0.07061443,0.01585679,-0.01506291,-0.9972638,-0.02949949,-0.1413202,0.9895243,0.14,1.811587,3.74,0,-0.6727939,0,0.73983,-0.9955062,0,0.09469664
saccade,16.0891,0.01948844,0.03862524,-0.0370125,-0.1510587,-0.03373038,-0.01679725,-0.9878064,0.07171291,-0.2973003,0.952087,0.08781175,0.04078889,-0.03738152,-0.07060779,0.01597295,-0.01504543,-0.9972628,-0.02973381,-0.1413097,0.9895188,0.14,1.811587,3.74,0,-0.6727939,0,0.73983,-0.9955062,0,0.09469664
saccade,16.1002,0.01948978,0.03858113,-0.03700084,-0.1510525,-0.03370972,-0.01685992,-0.9878069,0.07169085,-0.2972848,0.9520935,0.08781287,0.04075277,-0.03736578,-0.07006142,0.01595536,-0.01510564,-0.9973007,-0.02970794,-0.1402266,0.9896737,0.14,1.811587,3.74,0,-0.6727939,0,0.73983,-0.9955062,0,0.09469664
saccade,16.1111,0.01949587,0.03851366,-0.03699353,-0.1511241,-0.03370592,-0.01695106,-0.9877946,0.07171247,-0.2974164,0.9520509,0.08781859,0.04069722,-0.03735597,-0.07013804,0.01596624,-0.01519256,-0.9972938,-0.02971492,-0.1403816,0.9896514,0.14,1.811587,3.74,0,-0.6727939,0,0.73983,-0.9955062,0,0.09469664
saccade,16.1221,0.01949483,0.03845131,-0.03700969,-0.1516678,-0.03254789,-0.01692364,-0.9877506,0.06943195,-0.2985182,0.951875,0.08781757,0.04063475,-0.03736828,-0.07020745,0.01599331,-0.01519197,-0.9972885,-0.0297667,-0.1405201,0.9896303,0.14,1.811587,3.74,0,-0.6727939,0,0.73983,-0.9955062,0,0.09469664
saccade,16.1336,0.01950062,0.03842986,-0.03698702,-0.1516466,-0.03255149,-0.01687322,-0.9877545,0.0694233,-0.2984807,0.9518874,0.08782357,0.04060662,-0.03734717,-0.07018364,0.01598568,-0.01514309,-0.9972911,-0.02975916,-0.1404712,0.9896374,0.14,1.811587,3.74,0,-0.6727939,0,0.73983,-0.9955062,0,0.09469664
saccade,16.1451,0.01950692,0.03845024,-0.03695579,-0.1516545,-0.03256256,-0.01668976,-0.9877561,0.06938989,-0.2985084,0.9518812,0.08783062,0.04060245,-0.03732124,-0.06996393,0.01588453,-0.01496245,-0.9973108,-0.02958996,-0.1400269,0.9897054,0.14,1.811587,3.74,0,-0.6727939,0,0.73983,-0.9955062,0,0.09469664
saccade,16.1559,0.01949342,0.03849864,-0.03692452,-0.1524796,-0.0308229,-0.01648684,-0.9876883,0.06591465,-0.3001882,0.9515998,0.08781765,0.04063189,-0.03730205,-0.06997505,0.01580595,-0.01481661,-0.9973135,-0.02945338,-0.1400425,0.9897074,0.14,1.811587,3.74,0,-0.6727939,0,0.73983,-0.9955062,0,0.09469664
saccade,16.1674,0.01949311,0.03852952,-0.03689417,-0.1525209,-0.03082251,-0.01643823,-0.9876828,0.06590007,-0.3002712,0.9515747,0.08781755,0.04065597,-0.0372726,-0.07001444,0.01580213,-0.01476631,-0.9973115,-0.02945158,-0.1401191,0.9896966,0.14,1.811587,3.74,0,-0.6727939,0,0.73983,-0.9955062,0,0.09469664
saccade,16.1778,0.01950787,0.03853929,-0.03688237,-0.1526105,-0.03084491,-0.01642527,-0.9876684,0.06594242,-0.3004438,0.9515173,0.08783233,0.0406642,-0.03726397,-0.06980962,0.01558918,-0.01475587,-0.9973294,-0.0290349,-0.1397064,0.9897672,0.14,1.811587,3.74,0,-0.6727939,0,0.73983,-0.9955062,0,0.09469664
saccade,16.1891,0.01951548,0.03853297,-0.03688171,-0.1523545,-0.03027892,-0.01650519,-0.9877241,0.06484372,-0.299969,0.9517426,0.08783953,0.04067147,-0.03726421,-0.06990852,0.01557425,-0.01485157,-0.9973213,-0.02898857,-0.1399051,0.9897405,0.14,1.811587,3.74,0,-0.6727939,0,0.73983,-0.9955062,0,0.09469664
saccade,16.2007,0.01954496,0.03851008,-0.0369236,-0.1524578,-0.03029858,-0.01659727,-0.9877061,0.06491295,-0.3001613,0.9516772,0.0878686,0.04066098,-0.03730668,-0.07001703,0.01556186,-0.01494023,-0.9973125,-0.02894793,-0.1401227,0.9897109,0.14,1.811587,3.74,0,-0.6727939,0,0.73983,-0.9955062,0,0.09469664
saccade,16.2113,0.01955304,0.03849757,-0.03692907,-0.1524423,-0.03038348,-0.01658786,-0.9877059,0.06507726,-0.3001284,0.9516764,0.0878766,0.04064906,-0.03732384,-0.06955248,0.01493921,-0.01495357,-0.9973544,-0.02771925,-0.1391837,0.9898785,0.14,1.811587,3.74,0,-0.6727939,0,0.73983,-0.9955062,0,0.09469664
saccade,16.2224,0.01956577,0.03851318,-0.03692066,-0.1526536,-0.03012438,-0.01658868,-0.9876813,0.06457122,-0.3005469,0.9515788,0.08788927,0.04066598,-0.03731705,-0.06959334,0.01492602,-0.01496156,-0.9973516,-0.02769052,-0.1392647,0.989868,0.14,1.811587,3.74,0,-0.6727939,0,0.73983,-0.9955062,0,0.09469664
saccade,16.2331,0.0195566,0.03853524,-0.03690813,-0.1524816,-0.03015616,-0.01659338,-0.9877068,0.06463126,-0.3002135,0.9516799,0.08788003,0.04068983,-0.03730897,-0.06942022,0.01489545,-0.01497649,-0.9973639,-0.02763302,-0.1389206,0.9899179,0.14,1.811587,3.74,0,-0.6727939,0,0.73983,-0.9955062,0,0.09469664
saccade,16.2445,0.01953262,0.03858614,-0.03691793,-0.1523944,-0.03020746,-0.01648061,-0.9877206,0.06469616,-0.3000505,0.9517269,0.08785643,0.0407269,-0.03732819,-0.0683476,0.01383041,-0.01489962,-0.9974544,-0.02555371,-0.1367594,0.9902747,0.14,1.811587,3.74,0,-0.6727939,0,0.73983,-0.9955062,0,0.09469664
saccade,16.2559,0.01951816,0.03859484,-0.03691715,-0.1531561,-0.02911024,-0.01639011,-0.9876372,0.0625212,-0.3015711,0.9513916,0.0878422,0.04072773,-0.03732875,-0.06825913,0.01382595,-0.01484382,-0.9974614,-0.02555525,-0.1365822,0.990299,0.14,1.811587,3.74,0,-0.6727939,0,0.73983,-0.9955062,0,0.09469664
saccade,16.2669,0.01950562,0.03857768,-0.03692693,-0.1531995,-0.02905117,-0.01652163,-0.98763,0.06244583,-0.3016489,0.9513719,0.0878292,0.0407269,-0.03732772,-0.06830832,0.01389586,-0.01496783,-0.9974552,-0.02567615,-0.136685,0.9902818,0.14,1.811587,3.74,0,-0.6727939,0,0.73983,-0.9955062,0,0.09469664
saccade,16.2779,0.0194843,0.0385555,-0.03694117,-0.1531521,-0.02903952,-0.0166207,-0.987636,0.06245195,-0.3015517,0.9514023,0.08780749,0.04071808,-0.03733838,-0.06711345,0.0127402,-0.01509906,-0.9975498,-0.02339127,-0.1342828,0.9906669,0.14,1.811587,3.74,0,-0.6727939,0,0.73983,-0.9955062,0,0.09469664
saccade,16.2891,0.01945301,0.03851926,-0.03695358,-0.1523056,-0.0277727,-0.01667553,-0.9878024,0.05994744,-0.2999695,0.9520633,0.08777593,0.04069269,-0.03733867,-0.06711414,0.01282327,-0.01518464,-0.9975473,-0.02354544,-0.1342885,0.9906625,0.14,1.811587,3.74,0,-0.6727939,0,0.73983,-0.9955062,0,0.09469664
saccade,16.3002,0.0194219,0.03848255,-0.03696655,-0.1522681,-0.02773049,-0.01669881,-0.987809,0.05987024,-0.2998975,0.9520909,0.08774477,0.04065835,-0.03734551,-0.06707703,0.01286748,-0.01520566,-0.9975489,-0.02363199,-0.1342166,0.9906702,0.14,1.811587,3.74,0,-0.6727939,0,0.73983,-0.9955062,0,0.09469664
saccade,16.3111,0.01939091,0.0384593,-0.03697345,-0.1522965,-0.02766825,-0.01674477,-0.9878056,0.05976203,-0.2999521,0.9520805,0.08771368,0.04064,-0.03734299,-0.06587186,0.01166336,-0.01527881,-0.9976429,-0.02125886,-0.1317896,0.9910497,0.14,1.811587,3.74,0,-0.6727939,0,0.73983,-0.9955062,0,0.09469664
saccade,16.3221,0.01935882,0.03841579,-0.03700023,-0.1502871,-0.02543047,-0.01670327,-0.9881741,0.05528005,-0.2961701,0.9535341,0.08768156,0.04059923,-0.03736172,-0.06591683,0.01172015,-0.01530145,-0.997639,-0.02136772,-0.1318811,0.9910352,0.14,1.811587,3.74,0,-0.6727939,0,0.73983,-0.9955062,0,0.09469664
saccade,16.3337,0.01933456,0.0383743,-0.0370092,-0.1503344,-0.02540325,-0.01671437,-0.9881675,0.05523082,-0.2962618,0.9535085,0.08765729,0.04055858,-0.0373667,-0.0659648,0.01174806,-0.01530847,-0.9976354,-0.02142092,-0.1319773,0.9910213,0.14,1.811587,3.74,0,-0.6727939,0,0.73983,-0.9955062,0,0.09469664
saccade,16.3448,0.01932205,0.03834653,-0.03701106,-0.1502883,-0.02532849,-0.01680789,-0.9881748,0.05511001,-0.2961708,0.9535438,0.08764447,0.04054189,-0.0373566,-0.06093396,0.008217847,-0.01548654,-0.9979878,-0.01451531,-0.1218772,0.992439,0.14,1.811587,3.74,0,-0.6727939,0,0.73983,-0.9955062,0,0.09469664
saccade,16.3555,0.01930631,0.03833508,-0.03701063,-0.1503906,-0.02535854,-0.0168096,-0.9881585,0.05517253,-0.2963669,0.9534792,0.0876287,0.04053116,-0.03736003,-0.06103735,0.008187696,-0.01548765,-0.9979818,-0.01445169,-0.1220819,0.9924148,0.14,1.811587,3.74,0,-0.6727939,0,0.73983,-0.9955062,0,0.09469664
saccade,16.3670,0.01930288,0.03835201,-0.03703243,-0.1343195,-0.02087786,-0.01661514,-0.9905788,0.04582582,-0.2654143,0.9630448,0.08762535,0.04054558,-0.03737975,-0.06110142,0.008202997,-0.01547029,-0.997978,-0.01448231,-0.1222095,0.9923987,0.14,1.811587,3.74,0,-0.6727939,0,0.73983,-0.9955062,0,0.09469664
saccade,16.3776,0.0192919,0.03837538,-0.03703819,-0.1342851,-0.0208881,-0.01657104,-0.990584,0.04583332,-0.265349,0.9630624,0.08761455,0.04056323,-0.03738776,-0.03699913,-0.002824734,-0.01566048,-0.9991886,0.006803733,-0.07384974,0.9972461,0.14,1.811587,3.74,0,-0.6727939,0,0.73983,-0.9955062,0,0.09469664
saccade,16.3890,0.01929304,0.0383811,-0.0370516,-0.1342838,-0.02089783,-0.01660884,-0.9905833,0.04586269,-0.2653443,0.9630623,0.0876155,0.04057431,-0.0374018,-0.03699853,-0.002830735,-0.01569908,-0.9991881,0.006818559,-0.07384809,0.9972462,0.14,1.811587,3.74,0,-0.6727939,0,0.73983,-0.9955062,0,0.09469664
saccade,16.3998,0.01929033,0.03838336,-0.03707135,-0.1024188,-0.01600857,-0.01644479,-0.9944766,0.03520881,-0.2031796,0.9785082,0.08761254,0.04058671,-0.03740891,-0.03703797,-0.002741727,-0.01577649,-0.9991856,0.006647647,-0.0739291,0.9972413,0.14,1.811587,3.74,0,-0.6727939,0,0.73983,-0.9955062,0,0.09469664
saccade,16.4110,0.0192922,0.03838599,-0.0370836,-0.1023171,-0.01599875,-0.01639409,-0.9944881,0.03517592,-0.2029817,0.9785505,0.08761464,0.04058242,-0.03742073,0.0002353378,-0.02100898,-0.01609785,-0.9996497,0.04199567,0.001146909,0.9991171,0.14,1.811587,3.74,0,-0.6727939,0,0.73983,-0.9955062,0,0.09469664
saccade,16.4220,0.01929568,0.03840077,-0.03709235,-0.1022726,-0.01604922,-0.01637604,-0.9944921,0.03527129,-0.202893,0.9785655,0.08761814,0.04059553,-0.03743669,0.000280004,-0.02106096,-0.01608475,-0.9996488,0.04209811,0.001237332,0.9991127,0.14,1.811587,3.74,0,-0.6727939,0,0.73983,-0.9955062,0,0.09469664
saccade,16.4331,0.01930934,0.03841579,-0.03708828,-0.05962088,-0.01820642,-0.01620702,-0.9979235,0.03826978,-0.118404,0.9922277,0.0876321,0.04060102,-0.0374324,0.0003369506,-0.02105845,-0.01601387,-0.99965,0.04209136,0.00134812,0.9991128,0.14,1.811587,3.74,0,-0.6727939,0,0.73983,-0.9955062,0,0.09469664
saccade,16.4449,0.01933111,0.03842986,-0.03707733,-0.0595609,-0.01831285,-0.01606552,-0.9979274,0.03846353,-0.1182865,0.9922343,0.08765437,0.04059672,-0.03743725,0.02469548,-0.032844,-0.01610087,-0.9990256,0.06482875,0.05040047,0.9966228,0.14,1.811587,3.74,0,-0.6727939,0,0.73983,-0.9955062,0,0.09469664
saccade,16.4554,0.01935785,0.03843224,-0.03707428,-0.04056652,-0.02455898,-0.01611486,-0.998745,0.05036376,-0.08023968,0.9955024,0.08768131,0.04059184,-0.03744115,0.02475346,-0.03289519,-0.01604758,-0.9990234,0.06493165,0.05051435,0.9966103,0.14,1.811587,3.74,0,-0.6727939,0,0.73983,-0.9955062,0,0.09469664
saccade,16.4664,0.01937079,0.03842664,-0.03707426,-0.04059537,-0.02462428,-0.0161238,-0.9987421,0.05049572,-0.08029453,0.9954913,0.08769415,0.04058778,-0.03744994,0.02472469,-0.0329598,-0.01606103,-0.9990218,0.0650609,0.05045974,0.9966047,0.14,1.811587,3.74,0,-0.6727939,0,0.73983,-0.9955062,0,0.09469664
saccade,16.4778,0.01938644,0.03840578,-0.03707148,-0.04068441,-0.02461164,-0.0162208,-0.9987372,0.05048099,-0.08046761,0.9954781,0.0877094,0.04057992,-0.03744472,0.03203607,-0.03676517,-0.01623224,-0.9986784,0.07239312,0.06518102,0.995244,0.14,1.811587,3.74,0,-0.6727939,0,0.73983,-0.9955062,0,0.09469664
saccade,16.4894,0.0194049,0.03838933,-0.03705315,-0.03618991,-0.02803294,-0.01641047,-0.9988169,0.05718734,-0.07137413,0.9958089,0.08772741,0.04057789,-0.03742691,0.03197815,-0.03676656,-0.01634041,-0.9986784,0.07239086,0.06507335,0.9952512,0.14,1.811587,3.74,0,-0.6727939,0,0.73983,-0.9955062,0,0.09469664
saccade,16.4999,0.01941447,0.03837895,-0.03705302,-0.03623447,-0.02801007,-0.01647885,-0.9988148,0.05714795,-0.0714599,0.995805,0.0877367,0.0405767,-0.03742322,0.03193417,-0.03673917,-0.01640752,-0.9986798,0.07233341,0.06498963,0.9952609,0.14,1.811587,3.74,0,-0.6727939,0,0.73983,-0.9955062,0,0.09469664
saccade,16.5111,0.0194141,0.03837669,-0.03705328,-0.03620974,-0.02804051,-0.01650242,-0.9988145,0.05720964,-0.07140815,0.9958051,0.08773619,0.04057777,-0.03742757,0.03729698,-0.03926891,-0.01647847,-0.9983964,0.07718269,0.07576852,0.9941338,0.14,1.811587,3.74,0,-0.6727939,0,0.73983,-0.9955062,0,0.09469664
saccade,16.5224,0.01939749,0.03839231,-0.03705867,-0.03232096,-0.03224867,-0.01661734,-0.9988189,0.06549534,-0.0634938,0.9958308,0.08771954,0.04059434,-0.03743469,0.03730428,-0.03928118,-0.01648556,-0.9983956,0.07720635,0.07578399,0.9941307,0.14,1.811587,3.74,0,-0.6727939,0,0.73983,-0.9955062,0,0.09469664
saccade,16.5362,0.01938445,0.03840649,-0.03706253,-0.0322647,-0.03222433,-0.01655727,-0.9988226,0.0654412,-0.06338633,0.9958411,0.08770678,0.04060054,-0.03743561,0.0373601,-0.03926095,-0.01642348,-0.9983953,0.07716874,0.0758899,0.9941256,0.14,1.811587,3.74,0,-0.6727939,0,0.73983,-0.9955062,0,0.09469664
saccade,16.5518,0.01938275,0.03841603,-0.03706511,-0.03226363,-0.03218334,-0.01655589,-0.9988239,0.06535929,-0.06338572,0.9958466,0.08770512,0.0406096,-0.0374326,0.04191396,-0.03963559,-0.01640633,-0.9981999,0.07775317,0.08497757,0.9933445,0.14,1.811587,3.74,0,-0.6727939,0,0.73983,-0.9955062,0,0.09469664
saccade,16.5581,0.01938238,0.03842473,-0.0370684,-0.03015736,-0.03465671,-0.01661884,-0.9988059,0.07023302,-0.05909078,0.9957789,0.08770483,0.04061759,-0.0374246,0.04194415,-0.03955292,-0.01639618,-0.9982021,0.07758816,0.08503452,0.9933525,0.14,1.811587,3.74,0,-0.6727939,0,0.73983,-0.9955062,0,0.09469664
saccade,16.5674,0.01939417,0.03841913,-0.03709591,-0.03012159,-0.034605,-0.01656925,-0.9988096,0.07012579,-0.05902472,0.9957904,0.08771688,0.04060519,-0.03744532,0.04197964,-0.03950481,-0.01634277,-0.9982035,0.07749556,0.08509968,0.9933541,0.14,1.811587,3.74,0,-0.6727939,0,0.73983,-0.9955062,0,0.09469664
saccade,16.5777,0.01940161,0.03842819,-0.0371078,-0.0301064,-0.03457424,-0.01661623,-0.9988104,0.07006674,-0.05899219,0.9957964,0.08772413,0.04062057,-0.03745284,0.04462906,-0.03953919,-0.01637416,-0.9980866,0.07746554,0.09038219,0.9928898,0.14,1.811587,3.74,0,-0.6727939,0,0.73983,-0.9955062,0,0.09469664
saccade,16.5888,0.01942139,0.03844297,-0.03710584,-0.02765011,-0.03577576,-0.01662257,-0.998839,0.07238768,-0.05404665,0.9959111,0.08774394,0.04063344,-0.03745984,0.0446265,-0.03960527,-0.01636295,-0.9980842,0.07759836,0.09037813,0.9928798,0.14,1.811587,3.74,0,-0.6727939,0,0.73983,-0.9955062,0,0.09469664
saccade,16.5998,0.01945804,0.03847194,-0.03712715,-0.0276536,-0.03581963,-0.01656845,-0.9988382,0.07247239,-0.05405599,0.9959044,0.08778079,0.04065502,-0.03748735,0.04462282,-0.03965295,-0.01631215,-0.9980834,0.0776981,0.09036825,0.9928729,0.14,1.811587,3.74,0,-0.6727939,0,0.73983,-0.9955062,0,0.09469664
saccade,16.6109,0.01948051,0.03848386,-0.0371278,-0.02765509,-0.03587344,-0.01651216,-0.9988372,0.07257673,-0.05406116,0.9958966,0.08780345,0.04065955,-0.03749557,0.04625816,-0.03968715,-0.01624998,-0.9980085,0.07771285,0.0936219,0.9925702,0.14,1.811587,3.74,0,-0.6727939,0,0.73983,-0.9955062,0,0.09469664
saccade,16.6227,0.01950295,0.03848374,-0.03711913,-0.0276737,-0.0359066,-0.01645522,-0.9988364,0.07264039,-0.0541013,0.9958898,0.08782612,0.04065168,-0.03749161,0.04623935,-0.03972448,-0.01619574,-0.9980088,0.077793,0.09358129,0.9925678,0.14,1.811587,3.74,0,-0.6727939,0,0.73983,-0.9955062,0,0.09469664
saccade,16.6334,0.0195123,0.03847528,-0.03710161,-0.02730463,-0.03692027,-0.0165424,-0.9988081,0.0746559,-0.05332268,0.9957827,0.08783515,0.0406518,-0.03748123,0.04627583,-0.03977317,-0.0162595,-0.9980041,0.07788272,0.09366032,0.9925533,0.14,1.811587,3.74,0,-0.6727939,0,0.73983,-0.9955062,0,0.09469664
saccade,16.6442,0.01952084,0.03846276,-0.03708269,-0.0272619,-0.03701042,-0.01649484,-0.9988068,0.07483187,-0.05323777,0.995774,0.08784381,0.0406332,-0.0374749,0.04653151,-0.0400067,-0.0162215,-0.9979836,0.07834243,0.0941733,0.9924685,0.14,1.811587,3.74,0,-0.6727939,0,0.73983,-0.9955062,0,0.09469664
saccade,16.6552,0.01953502,0.03845048,-0.03706844,-0.02725003,-0.03713227,-0.01646801,-0.998803,0.07507315,-0.05321183,0.9957573,0.08785799,0.04061782,-0.03747744,0.04654333,-0.04013014,-0.01620368,-0.9979783,0.07858967,0.09419899,0.9924466,0.14,1.811587,3.74,0,-0.6727939,0,0.73983,-0.9955062,0,0.09469664
saccade,16.6667,0.0195494,0.03844309,-0.03705003,-0.02657655,-0.03776628,-0.01648154,-0.9987972,0.07631775,-0.05184427,0.9957348,0.08787242,0.04060984,-0.03745481,0.046521,-0.04009987,-0.01619833,-0.9979807,0.07853068,0.09415323,0.9924556,0.14,1.811587,3.74,0,-0.6727939,0,0.73983,-0.9955062,0,0.09469664
saccade,16.6776,0.0195459,0.0384202,-0.03705349,-0.02662308,-0.03777952,-0.01642578,-0.9987963,0.07634269,-0.05194095,0.9957278,0.08786915,0.0405792,-0.03746019,0.04729857,-0.0406732,-0.01615589,-0.9979216,0.07964904,0.09571475,0.9922171,0.14,1.811587,3.74,0,-0.6727939,0,0.73983,-0.9955062,0,0.09469664
saccade,16.6887,0.01955665,0.03840065,-0.03705307,-0.02669778,-0.03772709,-0.01652555,-0.9987947,0.07624564,-0.05208428,0.9957278,0.08787952,0.04057276,-0.03745209,0.04722419,-0.04061379,-0.01625184,-0.9979261,0.07952414,0.0955726,0.9922408,0.14,1.811587,3.74,0,-0.6727939,0,0.73983,-0.9955062,0,0.09469664
saccade,16.7000,0.01954533,0.03838718,-0.03705734,-0.02756688,-0.03803121,-0.01646248,-0.9987606,0.07687579,-0.05381326,0.9955874,0.08786855,0.04054821,-0.03745785,0.04703266,-0.04063144,-0.01617897,-0.9979355,0.07957323,0.09518588,0.992274,0.14,1.811587,3.74,0,-0.6727939,0,0.73983,-0.9955062,0,0.09469664
saccade,16.7110,0.01952479,0.0383575,-0.03706209,-0.02753488,-0.03794724,-0.01646144,-0.9987647,0.07670726,-0.0537524,0.9956037,0.08784808,0.04051828,-0.03745118,0.0479508,-0.04094497,-0.01617854,-0.997879,0.0801647,0.09702305,0.9920484,0.14,1.811587,3.74,0,-0.6727939,0,0.73983,-0.9955062,0,0.09469664
saccade,16.7221,0.01951427,0.03832769,-0.03708365,-0.02758489,-0.03782197,-0.01651325,-0.9987673,0.07646172,-0.05385265,0.9956172,0.08783747,0.04049492,-0.03745531,0.04790094,-0.04081632,-0.01622097,-0.997886,0.07990607,0.09692352,0.9920791,0.14,1.811587,3.74,0,-0.6727939,0,0.73983,-0.9955062,0,0.09469664
saccade,16.7332,0.01949881,0.03830755,-0.03709391,-0.02668797,-0.03719977,-0.01655332,-0.9988142,0.07519487,-0.05208108,0.9958079,0.08782177,0.040483,-0.03746038,0.04790544,-0.04077546,-0.01627969,-0.9978865,0.07981878,0.096936,0.9920849,0.14,1.811587,3.74,0,-0.6727939,0,0.73983,-0.9955062,0,0.09469664
saccade,16.7442,0.01948557,0.03830183,-0.03710801,-0.026674,-0.03709436,-0.01657985,-0.9988182,0.07498554,-0.05205491,0.995825,0.08780849,0.04048049,-0.03746,0.04874777,-0.04047718,-0.01628771,-0.9978577,0.07919295,0.09860523,0.9919705,0.14,1.811587,3.74,0,-0.6727939,0,0.73983,-0.9955062,0,0.09469664
saccade,16.7557,0.01947123,0.03830111,-0.03713404,-0.026638,-0.03703518,-0.01656981,-0.9988214,0.07486584,-0.05198588,0.9958376,0.08779424,0.04047847,-0.03747804,0.04878367,-0.04041883,-0.01627307,-0.9978586,0.07907683,0.0986739,0.9919729,0.14,1.811587,3.74,0,-0.6727939,0,0.73983,-0.9955062,0,0.09469664
saccade,16.7670,0.01945274,0.03831208,-0.03716398,-0.02617792,-0.03687796,-0.01655285,-0.9988397,0.07453697,-0.05107423,0.9959095,0.0877758,0.04048789,-0.03750799,0.0487314,-0.04042022,-0.01626356,-0.9978612,0.07908246,0.0985691,0.9919829,0.14,1.811587,3.74,0,-0.6727939,0,0.73983,-0.9955062,0,0.09469664
saccade,16.7777,0.01945097,0.03830957,-0.03718675,-0.02617548,-0.03678896,-0.01659013,-0.9988425,0.07436126,-0.0510697,0.9959228,0.08777395,0.04049003,-0.03751846,0.04942733,-0.0400303,-0.01628102,-0.9978424,0.07827842,0.09994484,0.991909,0.14,1.811587,3.74,0,-0.6727939,0,0.73983,-0.9955062,0,0.09469664
saccade,16.7885,0.0194523,0.03832233,-0.03721497,-0.02615786,-0.03675563,-0.01666435,-0.9988429,0.07429799,-0.05103017,0.9959296,0.08777497,0.04051304,-0.03754188,0.04944517,-0.03999142,-0.01635243,-0.997842,0.07819313,0.09998484,0.9919117,0.14,1.811587,3.74,0,-0.6727939,0,0.73983,-0.9955062,0,0.09469664
saccade,16.8000,0.01945851,0.03832078,-0.03722304,-0.02529501,-0.03714224,-0.01664685,-0.9988511,0.07504129,-0.0492953,0.9959612,0.08778121,0.04050851,-0.03756189,0.04940968,-0.04008012,-0.01633703,-0.9978404,0.07837272,0.09991554,0.9919046,0.14,1.811587,3.74,0,-0.6727939,0,0.73983,-0.9955062,0,0.09469664
saccade,16.8108,0.01946785,0.03832972,-0.03723916,-0.02519301,-0.03714987,-0.01662183,-0.9988538,0.07505208,-0.04909327,0.9959704,0.08779064,0.04051447,-0.03757934,0.04928218,-0.03976434,-0.01630386,-0.9978599,0.07775151,0.09965004,0.9919801,0.14,1.811587,3.74,0,-0.6727939,0,0.73983,-0.9955062,0,0.09469664
saccade,16.8223,0.01947957,0.03834438,-0.03725643,-0.02427118,-0.03746196,-0.01667283,-0.9988642,0.07564817,-0.04723804,0.996015,0.08780212,0.04053593,-0.03760214,0.04932744,-0.03980162,-0.01635366,-0.9978554,0.07781915,0.0997451,0.9919653,0.14,1.811587,3.74,0,-0.6727939,0,0.73983,-0.9955062,0,0.09469664
saccade,16.8331,0.01949228,0.03836095,-0.03727579,-0.02424112,-0.03752998,-0.01665412,-0.9988626,0.07578202,-0.04717704,0.9960077,0.08781485,0.04055035,-0.03763093,0.04935745,-0.03987074,-0.01633989,-0.9978513,0.07795715,0.09980576,0.9919483,0.14,1.811587,3.74,0,-0.6727939,0,0.73983,-0.9955062,0,0.09469664
saccade,16.8444,0.01952044,0.03836286,-0.03727741,-0.02414691,-0.03752576,-0.0166598,-0.998865,0.0757709,-0.04698865,0.9960175,0.08784298,0.04055345,-0.03763214,0.05024715,-0.03923057,-0.01632145,-0.9978326,0.07665086,0.1015571,0.9918724,0.14,1.811587,3.74,0,-0.6727939,0,0.73983,-0.9955062,0,0.09469664
saccade,16.8555,0.01953102,0.03838432,-0.03729045,-0.02326837,-0.03773024,-0.0166319,-0.9988786,0.07614986,-0.04522951,0.99607,0.0878536,0.04057193,-0.03765526,0.05039879,-0.03930288,-0.01629783,-0.9978225,0.07679181,0.1018592,0.9918305,0.14,1.811587,3.74,0,-0.6727939,0,0.73983,-0.9955062,0,0.09469664
saccade,16.8668,0.01954138,0.03840947,-0.03729854,-0.02316601,-0.03768485,-0.01661333,-0.998883,0.07605525,-0.04502813,0.9960864,0.08786407,0.04059482,-0.03765741,0.050501,-0.03925867,-0.01627567,-0.9978194,0.07670225,0.1020597,0.9918168,0.14,1.811587,3.74,0,-0.6727939,0,0.73983,-0.9955062,0,0.09469664
saccade,16.8774,0.0195517,0.03842127,-0.03729023,-0.02296541,-0.03774871,-0.01656032,-0.9988861,0.07617395,-0.0446294,0.9960952,0.08787453,0.04060042,-0.0376584,0.05059666,-0.03903196,-0.01621894,-0.9978244,0.07625284,0.1022393,0.991833,0.14,1.811587,3.74,0,-0.6727939,0,0.73983,-0.9955062,0,0.09469664
saccade,16.8886,0.01955222,0.03844988,-0.03730866,-0.02304394,-0.03770523,-0.01656529,-0.9988859,0.0760899,-0.04478732,0.9960946,0.08787508,0.04062915,-0.03767072,0.0505182,-0.03898847,-0.01622091,-0.99783,0.07616884,0.102082,0.9918556,0.14,1.811587,3.74,0,-0.6727939,0,0.73983,-0.9955062,0,0.09469664
saccade,16.8999,0.01955171,0.0384587,-0.03732362,-0.02285111,-0.03771402,-0.01656999,-0.9988899,0.07610159,-0.04440165,0.996111,0.08787456,0.0406388,-0.03768119,0.05056184,-0.03895485,-0.01622249,-0.9978291,0.07610008,0.102168,0.991852,0.14,1.811587,3.74,0,-0.6727939,0,0.73983,-0.9955062,0,0.09469664
saccade,16.9109,0.01954992,0.03845894,-0.03732937,-0.02282012,-0.03767513,-0.01659838,-0.9988915,0.07602429,-0.04433896,0.9961197,0.08787268,0.04064286,-0.03768159,0.05090449,-0.03844686,-0.01623241,-0.9978312,0.07507435,0.1028364,0.9918612,0.14,1.811587,3.74,0,-0.6727939,0,0.73983,-0.9955062,0,0.09469664
saccade,16.9220,0.01953453,0.03846622,-0.03728725,-0.02289284,-0.03767217,-0.01663128,-0.9988894,0.07602214,-0.04448177,0.9961135,0.08785716,0.0406543,-0.03763882,0.05083185,-0.03844172,-0.01626516,-0.9978346,0.07506338,0.1026941,0.9918767,0.14,1.811587,3.74,0,-0.6727939,0,0.73983,-0.9955062,0,0.09469664
saccade,16.9331,0.01953627,0.03846109,-0.03729107,-0.02190547,-0.03652381,-0.01659095,-0.9989549,0.07369813,-0.04255323,0.9963723,0.08785892,0.0406487,-0.03764162,0.05078417,-0.03843518,-0.01626283,-0.9978373,0.07505232,0.1025988,0.9918874,0.14,1.811587,3.74,0,-0.6727939,0,0.73983,-0.9955062,0,0.09469664
saccade,16.9441,0.01954413,0.03844976,-0.03729309,-0.02198196,-0.03653051,-0.01656123,-0.9989535,0.07371266,-0.04270793,0.9963647,0.08786692,0.04063296,-0.03764449,0.05157166,-0.03781076,-0.01621024,-0.9978216,0.07378481,0.1041445,0.9918214,0.14,1.811587,3.74,0,-0.6727939,0,0.73983,-0.9955062,0,0.09469664
saccade,16.9551,0.01953758,0.0384531,-0.03730215,-0.02201054,-0.03658145,-0.01658433,-0.9989507,0.07381619,-0.04276153,0.9963546,0.08786023,0.04063952,-0.03766039,0.05154317,-0.03785995,-0.0162371,-0.9978208,0.07388106,0.1040912,0.9918199,0.14,1.811587,3.74,0,-0.6727939,0,0.73983,-0.9955062,0,0.09469664
saccade,16.9666,0.01953883,0.03844631,-0.03730208,-0.02104136,-0.03566782,-0.01652778,-0.9990055,0.07196023,-0.04086185,0.9965701,0.0878616,0.04062915,-0.03765962,0.05150999,-0.03785669,-0.01621181,-0.997823,0.07387842,0.1040232,0.9918272,0.14,1.811587,3.74,0,-0.6727939,0,0.73983,-0.9955062,0,0.09469664
saccade,16.9777,0.01953746,0.03842854,-0.03730399,-0.02106899,-0.03572803,-0.01655632,-0.9990023,0.07208242,-0.04091288,0.9965592,0.08786006,0.04061532,-0.03766962,0.05148247,-0.03791475,-0.01624475,-0.9978217,0.07399169,0.1039725,0.991824,0.14,1.811587,3.74,0,-0.6727939,0,0.73983,-0.9955062,0,0.09469664
saccade,16.9886,0.01954164,0.03841889,-0.03730547,-0.0212062,-0.03573829,-0.01659398,-0.9989984,0.07210878,-0.04118385,0.9965461,0.08786409,0.04061031,-0.03767212,0.05093855,-0.03726883,-0.01626647,-0.9978737,0.07272199,0.1028729,0.9920326,0.14,1.811587,3.74,0,-0.6727939,0,0.73983,-0.9955062,0,0.09469664
saccade,16.9996,0.01951663,0.03842604,-0.0372505,-0.02086585,-0.03501082,-0.0166631,-0.9990301,0.07064911,-0.04052444,0.9966777,0.08783869,0.04062986,-0.03761374,0.05092804,-0.03723953,-0.0163563,-0.9978738,0.07265471,0.1028577,0.9920391,0.14,1.811587,3.74,0,-0.6727939,0,0.73983,-0.9955062,0,0.09469664
saccade,17.0111,0.01950805,0.03840804,-0.03724252,-0.02073612,-0.03500287,-0.01663732,-0.9990336,0.07062806,-0.04026746,0.9966896,0.08783022,0.04060876,-0.03760501,0.05105756,-0.03723308,-0.01632956,-0.9978678,0.0726399,0.1031134,0.9920136,0.14,1.811587,3.74,0,-0.6727939,0,0.73983,-0.9955062,0,0.09469664
saccade,17.0220,0.0195239,0.03839707,-0.03723451,-0.02091189,-0.035006,-0.01671861,-0.9990284,0.07064322,-0.04061263,0.9966745,0.08784574,0.04060829,-0.03759684,0.05145899,-0.03677954,-0.01639474,-0.997863,0.07171457,0.103904,0.9919985,0.14,1.811587,3.74,0,-0.6727939,0,0.73983,-0.9955062,0,0.09469664
saccade,17.0330,0.01953603,0.0383848,-0.03722747,-0.02043929,-0.03452865,-0.01667034,-0.9990556,0.06967355,-0.03968877,0.99678,0.08785804,0.04059124,-0.03758541,0.05144141,-0.03674952,-0.0163598,-0.9978656,0.07165903,0.1038657,0.9920065,0.14,1.811587,3.74,0,-0.6727939,0,0.73983,-0.9955062,0,0.09469664
saccade,17.0448,0.01955404,0.03835177,-0.03722253,-0.02040814,-0.03451116,-0.01663696,-0.9990574,0.06963632,-0.03962949,0.996785,0.0878762,0.04055381,-0.03757824,0.05147244,-0.03673439,-0.01632514,-0.9978651,0.07163134,0.1039245,0.9920024,0.14,1.811587,3.74,0,-0.6727939,0,0.73983,-0.9955062,0,0.09469664
saccade,17.0551,0.0195816,0.0382992,-0.03721858,-0.02055088,-0.03445169,-0.0166874,-0.9990557,0.0695242,-0.03991313,0.9967815,0.0879036,0.04050744,-0.03756572,0.05176161,-0.03602853,-0.01634993,-0.9978755,0.07021137,0.1044814,0.9920453,0.14,1.811587,3.74,0,-0.6727939,0,0.73983,-0.9955062,0,0.09469664
saccade,17.0665,0.01960892,0.03825152,-0.03720687,-0.02044901,-0.03391246,-0.01668762,-0.9990763,0.06844475,-0.0397284,0.9968635,0.08793087,0.04046178,-0.03755178,0.05169296,-0.03601271,-0.01636576,-0.9978793,0.07018068,0.1043454,0.9920619,0.14,1.811587,3.74,0,-0.6727939,0,0.73983,-0.9955062,0,0.09469664
saccade,17.0777,0.01960834,0.03823566,-0.03715401,-0.02047188,-0.0339697,-0.01651309,-0.9990767,0.06855279,-0.03978407,0.9968539,0.08793101,0.04042208,-0.03750721,0.05166975,-0.03608243,-0.01619588,-0.9978808,0.07033825,0.1042893,0.9920566,0.14,1.811587,3.74,0,-0.6727939,0,0.73983,-0.9955062,0,0.09469664
saccade,17.0885,0.01963098,0.03826261,-0.03711332,-0.02046318,-0.03399223,-0.01635312,-0.9990788,0.06859111,-0.03977691,0.9968516,0.08795433,0.04042733,-0.03747007,0.05142,-0.03568567,-0.01602651,-0.9979107,0.06957405,0.103769,0.992165,0.14,1.811587,3.74,0,-0.6727939,0,0.73983,-0.9955062,0,0.09469664
saccade,17.1004,0.01965471,0.03828311,-0.03709545,-0.02052818,-0.03247527,-0.01613083,-0.9991315,0.0655564,-0.039973,0.9970479,0.08797877,0.04042399,-0.03746124,0.05141419,-0.03576055,-0.01585628,-0.997911,0.06974122,0.1037476,0.9921556,0.14,1.811587,3.74,0,-0.6727939,0,0.73983,-0.9955062,0,0.09469664
saccade,17.1115,0.01968536,0.03830826,-0.03707764,-0.02060463,-0.03257133,-0.01590649,-0.9991304,0.06574152,-0.04013722,0.9970291,0.08801029,0.04041851,-0.03745706,0.0508262,-0.03395435,-0.01558498,-0.9980085,0.0661892,0.1025083,0.9925276,0.14,1.811587,3.74,0,-0.6727939,0,0.73983,-0.9955062,0,0.09469664
saccade,17.1221,0.01970059,0.03830791,-0.03704029,-0.02059656,-0.03265662,-0.01586998,-0.9991283,0.06591006,-0.04012069,0.9970186,0.0880256,0.04041338,-0.0374315,0.05083423,-0.03404199,-0.01555463,-0.9980056,0.06636678,0.1025247,0.9925141,0.14,1.811587,3.74,0,-0.6727939,0,0.73983,-0.9955062,0,0.09469664
saccade,17.1330,0.01973896,0.03831697,-0.03703463,-0.02141077,-0.02884881,-0.01595043,-0.9992272,0.05833604,-0.04186815,0.9974186,0.08806317,0.04044867,-0.03742515,0.05079506,-0.03402801,-0.015746,-0.998005,0.06632061,0.1024591,0.9925239,0.14,1.811587,3.74,0,-0.6727939,0,0.73983,-0.9955062,0,0.09469664
saccade,17.1440,0.01974376,0.03833294,-0.03704451,-0.02147283,-0.02892934,-0.0159603,-0.9992234,0.05849918,-0.04198887,0.997404,0.08806786,0.04046595,-0.03744589,0.04430512,-0.01824577,-0.01531657,-0.998734,0.03508813,0.08905698,0.9954083,0.14,1.811587,3.74,0,-0.6727939,0,0.73983,-0.9955062,0,0.09469664
saccade,17.1552,0.01974421,0.03833961,-0.03706126,-0.02146657,-0.02889477,-0.01597559,-0.9992243,0.05843059,-0.04197662,0.9974086,0.08806828,0.04047453,-0.03745788,0.0443112,-0.01821024,-0.0153296,-0.9987342,0.03501583,0.08906852,0.9954098,0.14,1.811587,3.74,0,-0.6727939,0,0.73983,-0.9955062,0,0.09469664
saccade,17.1672,0.01975154,0.03834236,-0.03707803,-0.02370453,-0.007928219,-0.01540468,-0.9995689,0.01657992,-0.04714436,0.9987504,0.08807538,0.04048491,-0.03747277,0.04431351,-0.01819403,-0.01538458,-0.9987335,0.03497849,0.08907459,0.9954106,0.14,1.811587,3.74,0,-0.6727939,0,0.73983,-0.9955062,0,0.09469664
saccade,17.1775,0.01974776,0.03837073,-0.03709083,-0.02361405,-0.007947555,-0.01538089,-0.9995713,0.01661471,-0.04696338,0.9987584,0.08807167,0.04051018,-0.03748849,0.03859667,0.01112537,-0.01449678,-0.9990878,-0.02334949,0.07680037,0.9967731,0.14,1.811587,3.74,0,-0.6727939,0,0.73983,-0.9955062,0,0.09469664
saccade,17.1886,0.01974,0.03842282,-0.03709908,-0.02343335,-0.007926678,-0.01532186,-0.9995766,0.01656473,-0.04660396,0.9987761,0.08806419,0.04055417,-0.03749446,0.03877838,0.01114278,-0.01443984,-0.9990814,-0.02338499,0.07716373,0.9967442,0.14,1.811587,3.74,0,-0.6727939,0,0.73983,-0.9955062,0,0.09469664
saccade,17.1998,0.01972157,0.03846312,-0.0370975,-0.02322455,-0.007908763,-0.0153262,-0.9995816,0.0165228,-0.04618724,0.9987962,0.08804575,0.04059505,-0.03749086,0.03898695,0.01116121,-0.01444684,-0.999073,-0.0234282,0.07757913,0.9967109,0.14,1.811587,3.74,0,-0.6727939,0,0.73983,-0.9955062,0,0.09469664
saccade,17.2117,0.01970427,0.03849649,-0.03711003,-0.02672241,0.02659657,-0.01438745,-0.9991854,-0.05238089,-0.05416661,0.9971571,0.08802812,0.04063988,-0.03749979,0.03916809,0.01119394,-0.01453241,-0.9990643,-0.02350535,0.07793754,0.9966811,0.14,1.811587,3.74,0,-0.6727939,0,0.73983,-0.9955062,0,0.09469664
saccade,17.2225,0.01968615,0.03850651,-0.03712633,-0.02669218,0.02667994,-0.01439735,-0.9991839,-0.05254774,-0.05410903,0.9971514,0.08801003,0.04065084,-0.03750473,0.03478768,0.05158237,-0.01333329,-0.9979736,-0.1038834,0.06805886,0.9922581,0.14,1.811587,3.74,0,-0.6727939,0,0.73983,-0.9955062,0,0.09469664
saccade,17.2334,0.0196633,0.03849638,-0.03715231,-0.03027234,0.06591346,-0.01320262,-0.9972787,-0.1306688,-0.06212037,0.989478,0.08798725,0.0406394,-0.03752457,0.03477364,0.05162661,-0.01332184,-0.997972,-0.1039703,0.06803071,0.992251,0.14,1.811587,3.74,0,-0.6727939,0,0.73983,-0.9955062,0,0.09469664
saccade,17.2443,0.01962231,0.03843701,-0.03714703,-0.03035595,0.06599995,-0.01328152,-0.9972694,-0.1308331,-0.06229928,0.989445,0.08794598,0.04059124,-0.0375069,0.03469116,0.05171848,-0.0133962,-0.9979691,-0.1041564,0.06785575,0.9922435,0.14,1.811587,3.74,0,-0.6727939,0,0.73983,-0.9955062,0,0.09469664
saccade,17.2553,0.01961013,0.03841066,-0.03715839,-0.03039078,0.06611702,-0.01336591,-0.9972594,-0.1310592,-0.06238242,0.9894099,0.08793353,0.04057622,-0.0375018,0.0283818,0.08685901,-0.01241761,-0.9957389,-0.1736827,0.05436457,0.9833,0.14,1.811587,3.74,0,-0.6727939,0,0.73983,-0.9955062,0,0.09469664
saccade,17.2665,0.0195942,0.03838122,-0.03716869,-0.03569225,0.1075062,-0.01209325,-0.9934899,-0.2127494,-0.07351999,0.9743369,0.08791761,0.04054737,-0.03750465,0.02835207,0.08691277,-0.0124166,-0.995735,-0.1737882,0.05430397,0.9832847,0.14,1.811587,3.74,0,-0.6727939,0,0.73983,-0.9955062,0,0.09469664
saccade,17.2776,0.01958942,0.03838313,-0.0371778,-0.03573508,0.1074768,-0.01209045,-0.9934916,-0.2126906,-0.07360389,0.9743435,0.0879128,0.04054964,-0.03751769,0.02830919,0.0868835,-0.0124166,-0.9957388,-0.1737296,0.05421953,0.9832997,0.14,1.811587,3.74,0,-0.6727939,0,0.73983,-0.9955062,0,0.09469664
saccade,17.2894,0.01958311,0.03837216,-0.03717738,-0.03571475,0.1074968,-0.01210076,-0.9934901,-0.2127296,-0.07356608,0.9743378,0.08790646,0.04053962,-0.03751454,0.0265498,0.1170958,-0.0114778,-0.9926994,-0.2330913,0.05002392,0.9711674,0.14,1.811587,3.74,0,-0.6727939,0,0.73983,-0.9955062,0,0.09469664
saccade,17.2998,0.0195805,0.03835964,-0.0371727,-0.03903181,0.1255611,-0.01153553,-0.9912507,-0.2480246,-0.08027744,0.9654219,0.0879038,0.04052877,-0.03751149,0.02644373,0.117082,-0.01147708,-0.9927038,-0.2330626,0.04981408,0.971185,0.14,1.811587,3.74,0,-0.6727939,0,0.73983,-0.9955062,0,0.09469664
saccade,17.3109,0.01957123,0.03835273,-0.03717424,-0.03911152,0.1255385,-0.01155706,-0.9912502,-0.2479761,-0.08044031,0.9654207,0.08789438,0.04052627,-0.03751578,0.02636419,0.1170615,-0.01150077,-0.9927081,-0.2330222,0.04965129,0.9712031,0.14,1.811587,3.74,0,-0.6727939,0,0.73983,-0.9955062,0,0.09469664
saccade,17.3224,0.01959492,0.03837633,-0.03720402,-0.03910296,0.1255568,-0.01153158,-0.9912484,-0.2480141,-0.08041722,0.9654129,0.0879182,0.04054618,-0.03754319,0.02984184,0.1330166,-0.01094077,-0.990604,-0.2641865,0.05621229,0.9628321,0.14,1.811587,3.74,0,-0.6727939,0,0.73983,-0.9955062,0,0.09469664
saccade,17.3337,0.01959365,0.03838098,-0.03721563,-0.03892826,0.1236186,-0.01162718,-0.9914978,-0.24423,-0.08006924,0.966406,0.08791679,0.0405556,-0.03755272,0.02983077,0.1330326,-0.01097317,-0.9906019,-0.2642193,0.05618125,0.9628249,0.14,1.811587,3.74,0,-0.6727939,0,0.73983,-0.9955062,0,0.09469664
saccade,17.3443,0.01960328,0.03837049,-0.03722444,-0.03899502,0.1236419,-0.01166948,-0.9914917,-0.2442698,-0.08021216,0.9663841,0.08792622,0.04055178,-0.03755789,0.02857626,0.1350396,-0.01095554,-0.9903675,-0.2681038,0.05364313,0.9618954,0.14,1.811587,3.74,0,-0.6727939,0,0.73983,-0.9955062,0,0.09469664
saccade,17.3556,0.01960771,0.03836238,-0.03722692,-0.03893192,0.1236334,-0.01174897,-0.9914944,-0.2442488,-0.08010668,0.9663982,0.08793033,0.04055345,-0.03756136,0.02863848,0.1350359,-0.01103611,-0.9903653,-0.2681019,0.05374458,0.9618903,0.14,1.811587,3.74,0,-0.6727939,0,0.73983,-0.9955062,0,0.09469664
saccade,17.3669,0.01962033,0.03836787,-0.03723228,-0.03817452,0.1249479,-0.01169367,-0.9913597,-0.2468438,-0.07861156,0.9658614,0.08794305,0.04055738,-0.0375574,0.02861871,0.1351027,-0.01101985,-0.9903569,-0.2682305,0.05370786,0.9618565,0.14,1.811587,3.74,0,-0.6727939,0,0.73983,-0.9955062,0,0.09469664
saccade,17.3775,0.01961871,0.03838086,-0.03723253,-0.03808698,0.1248715,-0.0115769,-0.9913741,-0.2467069,-0.07840814,0.965913,0.08794191,0.04055333,-0.03756903,0.02870749,0.1350182,-0.01090937,-0.9903671,-0.2680615,0.05391598,0.9618919,0.14,1.811587,3.74,0,-0.6727939,0,0.73983,-0.9955062,0,0.09469664
saccade,17.3894,0.01962314,0.0383842,-0.03722674,-0.03806578,0.1248819,-0.01143696,-0.9913752,-0.2467389,-0.07833149,0.965911,0.08794696,0.04053736,-0.03756257,0.02912084,0.1354913,-0.0107518,-0.9902921,-0.2689782,0.05476273,0.9615881,0.14,1.811587,3.74,0,-0.6727939,0,0.73983,-0.9955062,0,0.09469664
saccade,17.4002,0.01963698,0.03836489,-0.03723792,-0.03667864,0.1250717,-0.01132811,-0.9914048,-0.2471623,-0.07556041,0.9660235,0.08796114,0.0405066,-0.03758084,0.02905913,0.1354359,-0.01066023,-0.9903025,-0.2688647,0.0546671,0.9616253,0.14,1.811587,3.74,0,-0.6727939,0,0.73983,-0.9955062,0,0.09469664
saccade,17.4162,0.01964479,0.0383333,-0.03724055,-0.03673748,0.1249889,-0.0113253,-0.9914131,-0.2469992,-0.07567511,0.9660562,0.08796884,0.04047596,-0.03759468,0.02900032,0.1353538,-0.01066233,-0.9903155,-0.2687043,0.05455256,0.9616767,0.14,1.811587,3.74,0,-0.6727939,0,0.73983,-0.9955062,0,0.09469664
saccade,17.4272,0.01966131,0.03829384,-0.03723617,-0.03670198,0.1262174,-0.01134271,-0.9912586,-0.2493954,-0.07562559,0.9654443,0.08798508,0.04044664,-0.03758476,0.0298299,0.1368033,-0.01066408,-0.9900916,-0.2715319,0.0561509,0.96079,0.14,1.811587,3.74,0,-0.6727939,0,0.73983,-0.9955062,0,0.09469664
saccade,17.4384,0.0196589,0.03828192,-0.03722738,-0.03670006,0.1262061,-0.01145117,-0.9912588,-0.2493652,-0.07564893,0.9654503,0.08798219,0.04044938,-0.03757702,0.02983066,0.1367993,-0.01077306,-0.990091,-0.2715302,0.05612264,0.9607922,0.14,1.811587,3.74,0,-0.6727939,0,0.73983,-0.9955062,0,0.09469664
saccade,17.4496,0.01965925,0.03826487,-0.03721666,-0.0367288,0.1261463,-0.01154436,-0.9912643,-0.2492405,-0.07572845,0.9654762,0.08798209,0.0404458,-0.03757401,0.02980094,0.136746,-0.01086975,-0.9900981,-0.2714318,0.05603892,0.9608248,0.14,1.811587,3.74,0,-0.6727939,0,0.73983,-0.9955062,0,0.09469664
saccade,17.4607,0.01965798,0.03826082,-0.03720319,-0.03547275,0.1289055,-0.01150749,-0.9909554,-0.2546629,-0.07327057,0.9642501,0.08798052,0.04044998,-0.03756703,0.03070584,0.1379668,-0.0108866,-0.9899009,-0.2738155,0.0577875,0.9600446,0.14,1.811587,3.74,0,-0.6727939,0,0.73983,-0.9955062,0,0.09469664
saccade,17.4717,0.01965571,0.0382781,-0.03719717,-0.03545813,0.1289338,-0.01148659,-0.9909526,-0.2547201,-0.07323667,0.9642376,0.08797836,0.04046404,-0.03755725,0.03072064,0.1379935,-0.01086399,-0.989897,-0.2738662,0.05782222,0.9600281,0.14,1.811587,3.74,0,-0.6727939,0,0.73983,-0.9955062,0,0.09469664
saccade,17.4826,0.01965692,0.03827512,-0.03720207,-0.03546398,0.1289832,-0.01140873,-0.9909468,-0.2548219,-0.0732289,0.9642113,0.08797994,0.04045045,-0.03755567,0.03032908,0.1387581,-0.01076156,-0.9898033,-0.2753392,0.05705315,0.9596527,0.14,1.811587,3.74,0,-0.6727939,0,0.73983,-0.9955062,0,0.09469664
saccade,17.4939,0.0196537,0.03828359,-0.03721033,-0.03544593,0.129097,-0.01137837,-0.9909329,-0.2550463,-0.07318691,0.9641551,0.08797696,0.04045391,-0.03754846,0.0303474,0.1388693,-0.01072389,-0.9897876,-0.2755532,0.05709651,0.9595887,0.14,1.811587,3.74,0,-0.6727939,0,0.73983,-0.9955062,0,0.09469664
saccade,17.5047,0.01964581,0.03828883,-0.03722049,-0.03559025,0.131657,-0.01127437,-0.9905921,-0.2600343,-0.07347955,0.9627995,0.08796923,0.04045534,-0.03755207,0.03037513,0.1389164,-0.01069772,-0.9897804,-0.2756434,0.05715724,0.9595591,0.14,1.811587,3.74,0,-0.6727939,0,0.73983,-0.9955062,0,0.09469664
saccade,17.5161,0.01964942,0.03830254,-0.03722084,-0.0354927,0.1317194,-0.01130517,-0.9905869,-0.2601564,-0.07329543,0.9627805,0.08797282,0.04047108,-0.03754402,0.03047245,0.1389798,-0.01072497,-0.9897682,-0.2757692,0.05734022,0.9595121,0.14,1.811587,3.74,0,-0.6727939,0,0.73983,-0.9955062,0,0.09469664
saccade,17.5276,0.01965083,0.03828657,-0.03724348,-0.03550223,0.1316968,-0.01132903,-0.9905893,-0.2601104,-0.07332026,0.9627911,0.0879741,0.04045868,-0.03756963,0.03197656,0.140398,-0.01069472,-0.9895209,-0.2785375,0.06027992,0.9585318,0.14,1.811587,3.74,0,-0.6727939,0,0.73983,-0.9955062,0,0.09469664
saccade,17.5386,0.01966306,0.03829801,-0.03724085,-0.03488168,0.134553,-0.01120285,-0.9902289,-0.2656951,-0.07209644,0.9613575,0.08798644,0.04046535,-0.03757523,0.03203443,0.1403385,-0.01066996,-0.9895278,-0.2784212,0.0604031,0.9585578,0.14,1.811587,3.74,0,-0.6727939,0,0.73983,-0.9955062,0,0.09469664
saccade,17.5496,0.01967878,0.03830636,-0.03723127,-0.03483321,0.1344909,-0.01118635,-0.9902393,-0.265577,-0.07199535,0.9613977,0.0880022,0.04047084,-0.03757448,0.03303725,0.1406364,-0.01064088,-0.9894528,-0.2790092,0.06238461,0.9582599,0.14,1.811587,3.74,0,-0.6727939,0,0.73983,-0.9955062,0,0.09469664
saccade,17.5602,0.01970627,0.03831041,-0.03722547,-0.03483068,0.1343634,-0.01119024,-0.9902566,-0.265329,-0.07198973,0.9614666,0.08802958,0.04047585,-0.03758623,0.03303979,0.1405095,-0.01065349,-0.9894705,-0.2787641,0.06238997,0.9583309,0.14,1.811587,3.74,0,-0.6727939,0,0.73983,-0.9955062,0,0.09469664
saccade,17.5716,0.01973058,0.03830576,-0.03720823,-0.03467537,0.1355602,-0.01108695,-0.9901001,-0.2676674,-0.07167008,0.9608421,0.08805411,0.04046273,-0.03757829,0.03306084,0.1404405,-0.01059632,-0.9894803,-0.2786268,0.06244981,0.9583669,0.14,1.811587,3.74,0,-0.6727939,0,0.73983,-0.9955062,0,0.09469664
saccade,17.5828,0.01974959,0.03830552,-0.03719419,-0.03469434,0.1354132,-0.01107656,-0.9901196,-0.267382,-0.07170292,0.9609191,0.08807302,0.04046226,-0.0375845,0.03415798,0.1397507,-0.01060762,-0.9895406,-0.2773027,0.06463657,0.9586059,0.14,1.811587,3.74,0,-0.6727939,0,0.73983,-0.9955062,0,0.09469664
saccade,17.5937,0.01975963,0.03830028,-0.03717937,-0.03467194,0.135368,-0.01106182,-0.9901268,-0.2672958,-0.07165407,0.9609467,0.08808309,0.04045463,-0.03757606,0.03418045,0.1397044,-0.01059615,-0.9895464,-0.2772123,0.06468564,0.9586288,0.14,1.811587,3.74,0,-0.6727939,0,0.73983,-0.9955062,0,0.09469664
saccade,17.6049,0.01976432,0.03826964,-0.03716365,-0.03375029,0.1373357,-0.01099547,-0.9898884,-0.2711518,-0.06983817,0.9599997,0.08808766,0.04042482,-0.03757372,0.03419263,0.139608,-0.01060709,-0.9895595,-0.2770262,0.06470962,0.9586809,0.14,1.811587,3.74,0,-0.6727939,0,0.73983,-0.9955062,0,0.09469664
saccade,17.6159,0.01975323,0.03825295,-0.03715569,-0.03378632,0.1374337,-0.01097323,-0.9898738,-0.2713425,-0.06990457,0.9599409,0.08807675,0.04040539,-0.03755222,0.03503476,0.138648,-0.01060775,-0.989665,-0.2751735,0.06640386,0.9590986,0.14,1.811587,3.74,0,-0.6727939,0,0.73983,-0.9955062,0,0.09469664
saccade,17.6271,0.01973537,0.03823173,-0.03714593,-0.03385041,0.137473,-0.01100155,-0.9898658,-0.2714149,-0.07003956,0.9599106,0.08805877,0.04038918,-0.0375367,0.03497062,0.1386898,-0.01063323,-0.9896612,-0.2752554,0.0662687,0.9590844,0.14,1.811587,3.74,0,-0.6727939,0,0.73983,-0.9955062,0,0.09469664
saccade,17.6384,0.01966393,0.0382272,-0.0370981,-0.03246488,0.1387926,-0.01092997,-0.9897289,-0.2740244,-0.06729686,0.9593653,0.08798747,0.04038239,-0.03747572,0.03488914,0.1387826,-0.0106014,-0.9896513,-0.2754326,0.06611359,0.9590443,0.14,1.811587,3.74,0,-0.6727939,0,0.73983,-0.9955062,0,0.09469664
saccade,17.6529,0.01961898,0.03821862,-0.03709096,-0.03253712,0.1389145,-0.01098487,-0.9897088,-0.274255,-0.06745646,0.9592882,0.08794235,0.04038203,-0.03745129,0.03442558,0.1371768,-0.01070658,-0.9898903,-0.2723171,0.06521771,0.9599948,0.14,1.811587,3.74,0,-0.6727939,0,0.73983,-0.9955062,0,0.09469664
saccade,17.6677,0.01957758,0.03820932,-0.03709666,-0.03259294,0.1389983,-0.01094742,-0.9896956,-0.2744184,-0.06755752,0.9592344,0.08790115,0.04036856,-0.0374454,0.03436968,0.1372584,-0.01066368,-0.9898814,-0.2724721,0.06511644,0.9599577,0.14,1.811587,3.74,0,-0.6727939,0,0.73983,-0.9955062,0,0.09469664
saccade,17.6750,0.01954753,0.03820026,-0.03710396,-0.03235798,0.1387038,-0.01101317,-0.9897439,-0.2738498,-0.06710737,0.9594284,0.08787095,0.04036736,-0.03743272,0.03429626,0.1374037,-0.01070708,-0.9898633,-0.2727562,0.06495484,0.959888,0.14,1.811587,3.74,0,-0.6727939,0,0.73983,-0.9955062,0,0.09469664
saccade,17.6831,0.01949979,0.03818548,-0.03710809,-0.03247758,0.1388033,-0.01104149,-0.9897257,-0.2740372,-0.06735298,0.9593577,0.08782309,0.0403583,-0.0374226,0.03403604,0.1358276,-0.01078482,-0.9900889,-0.269697,0.06446765,0.9607848,0.14,1.811587,3.74,0,-0.6727939,0,0.73983,-0.9955062,0,0.09469664
saccade,17.6945,0.0194792,0.03816891,-0.03711104,-0.03242853,0.1388593,-0.01106044,-0.9897193,-0.2741462,-0.06726196,0.9593329,0.08780248,0.04034317,-0.03741791,0.03408512,0.1358844,-0.0107998,-0.9900793,-0.2698089,0.0645589,0.9607473,0.14,1.811587,3.74,0,-0.6727939,0,0.73983,-0.9955062,0,0.09469664
saccade,17.7050,0.01946273,0.03816986,-0.03712298,-0.03188882,0.1388293,-0.01114516,-0.98974,-0.274099,-0.06621783,0.9594191,0.08778561,0.04035676,-0.03743053,0.03403726,0.1358819,-0.01088722,-0.9900804,-0.2698092,0.06444049,0.9607552,0.14,1.811587,3.74,0,-0.6727939,0,0.73983,-0.9955062,0,0.09469664
saccade,17.7163,0.01945579,0.03816593,-0.03712831,-0.03186857,0.1388235,-0.0111586,-0.9897413,-0.2740875,-0.06618143,0.9594249,0.08777863,0.04035437,-0.03743668,0.03422892,0.1342579,-0.01095306,-0.9902945,-0.2666596,0.06485236,0.9616064,0.14,1.811587,3.74,0,-0.6727939,0,0.73983,-0.9955062,0,0.09469664
saccade,17.7271,0.0194668,0.03816938,-0.03714003,-0.03185515,0.1387684,-0.01120577,-0.989749,-0.2739779,-0.06616722,0.9594572,0.0877894,0.04036415,-0.03745586,0.03424258,0.1342059,-0.01100373,-0.9903006,-0.2665619,0.06486737,0.9616324,0.14,1.811587,3.74,0,-0.6727939,0,0.73983,-0.9955062,0,0.09469664
saccade,17.7382,0.01946814,0.03817058,-0.03714698,-0.03124947,0.1385477,-0.01120686,-0.9897992,-0.2735684,-0.06496678,0.959656,0.08779071,0.04036558,-0.03746716,0.03422534,0.134174,-0.01100381,-0.9903055,-0.2664997,0.06483424,0.9616519,0.14,1.811587,3.74,0,-0.6727939,0,0.73983,-0.9955062,0,0.09469664
saccade,17.7496,0.01947875,0.0381794,-0.03715603,-0.03121006,0.1384865,-0.01120587,-0.989809,-0.2734509,-0.06488773,0.9596949,0.08780129,0.04037368,-0.0374848,0.03426475,0.1341125,-0.01100667,-0.9903124,-0.2663807,0.06491336,0.9616796,0.14,1.811587,3.74,0,-0.6727939,0,0.73983,-0.9955062,0,0.09469664
saccade,17.7605,0.01951858,0.0381757,-0.03718557,-0.03106584,0.1384187,-0.01116117,-0.9898236,-0.2733268,-0.06458922,0.9597504,0.08784135,0.04036129,-0.03752435,0.03489179,0.1320769,-0.01102711,-0.9905638,-0.2624308,0.06621224,0.9626765,0.14,1.811587,3.74,0,-0.6727939,0,0.73983,-0.9955062,0,0.09469664
saccade,17.7720,0.01952496,0.03820443,-0.03719664,-0.03166456,0.1377786,-0.0112067,-0.9898933,-0.2720625,-0.06577716,0.9600288,0.08784766,0.04039335,-0.03753004,0.03486362,0.1321163,-0.01104544,-0.9905594,-0.2625082,0.06615041,0.9626597,0.14,1.811587,3.74,0,-0.6727939,0,0.73983,-0.9955062,0,0.09469664
saccade,17.7828,0.01952516,0.03823912,-0.037221,-0.03155672,0.1377964,-0.01111007,-0.9898954,-0.2721068,-0.06553756,0.9600326,0.08784835,0.04041266,-0.03755268,0.03497089,0.1321267,-0.01094717,-0.9905553,-0.2625233,0.06638837,0.9626392,0.14,1.811587,3.74,0,-0.6727939,0,0.73983,-0.9955062,0,0.09469664
saccade,17.7940,0.01952568,0.03826404,-0.03724461,-0.03144235,0.1378223,-0.01112365,-0.9898953,-0.2721598,-0.06531544,0.9600328,0.0878489,0.0404371,-0.03757305,0.03531622,0.1309265,-0.01099664,-0.9907018,-0.2601949,0.06709619,0.963222,0.14,1.811587,3.74,0,-0.6727939,0,0.73983,-0.9955062,0,0.09469664
saccade,17.8048,0.01951534,0.03826487,-0.03722925,-0.03174561,0.1374281,-0.01113752,-0.9899402,-0.2713841,-0.06591372,0.9602115,0.08783863,0.04043746,-0.03754832,0.03531259,0.1309941,-0.01098953,-0.9906931,-0.2603261,0.06708875,0.9631871,0.14,1.811587,3.74,0,-0.6727939,0,0.73983,-0.9955062,0,0.09469664
saccade,17.8165,0.01952902,0.03827727,-0.0372514,-0.03168833,0.1374366,-0.01118596,-0.9899403,-0.2713992,-0.06581384,0.9602141,0.08785214,0.04045522,-0.03756931,0.03537016,0.1310053,-0.01103689,-0.990689,-0.2603518,0.06718988,0.9631732,0.14,1.811587,3.74,0,-0.6727939,0,0.73983,-0.9955062,0,0.09469664
saccade,17.8273,0.01954696,0.03829074,-0.03725285,-0.03164187,0.1374838,-0.01117501,-0.9899355,-0.271493,-0.0657196,0.960194,0.0878702,0.04046607,-0.03756445,0.03526574,0.1293083,-0.01107956,-0.9909152,-0.2570485,0.06702535,0.9640714,0.14,1.811587,3.74,0,-0.6727939,0,0.73983,-0.9955062,0,0.09469664
saccade,17.8380,0.01958834,0.03830636,-0.03726003,-0.03119623,0.1374467,-0.01119614,-0.9899545,-0.2714334,-0.06484345,0.9602704,0.08791149,0.04048359,-0.03757698,0.03534049,0.1292714,-0.01110433,-0.9909171,-0.2569794,0.06716804,0.9640799,0.14,1.811587,3.74,0,-0.6727939,0,0.73983,-0.9955062,0,0.09469664
saccade,17.8494,0.01962014,0.03832567,-0.03726055,-0.0311917,0.1374045,-0.01111053,-0.9899614,-0.2713573,-0.06481043,0.9602941,0.08794362,0.04049134,-0.03758367,0.03534434,0.1292236,-0.01102171,-0.9909241,-0.2568808,0.06719858,0.9641041,0.14,1.811587,3.74,0,-0.6727939,0,0.73983,-0.9955062,0,0.09469664
saccade,17.8605,0.01964694,0.0383451,-0.03726073,-0.03129495,0.1373755,-0.01097932,-0.9899637,-0.2713064,-0.06497831,0.9602972,0.0879709,0.04049516,-0.03758802,0.03497091,0.1273079,-0.01095581,-0.991186,-0.2531379,0.06653583,0.9651394,0.14,1.811587,3.74,0,-0.6727939,0,0.73983,-0.9955062,0,0.09469664
saccade,17.8716,0.01966636,0.03833318,-0.03724968,-0.03088273,0.1362952,-0.01101019,-0.9901255,-0.2692187,-0.06415682,0.9609397,0.08799029,0.04048312,-0.03758378,0.03498698,0.1272588,-0.01095827,-0.9911917,-0.2530425,0.06656854,0.9651622,0.14,1.811587,3.74,0,-0.6727939,0,0.73983,-0.9955062,0,0.09469664
saccade,17.8831,0.01972627,0.03832138,-0.03724454,-0.03102483,0.1363496,-0.01090185,-0.9901149,-0.269327,-0.06440921,0.9608925,0.08805062,0.04045916,-0.03757109,0.0348439,0.1273072,-0.01084793,-0.9911918,-0.2531277,0.06631194,0.9651576,0.14,1.811587,3.74,0,-0.6727939,0,0.73983,-0.9955062,0,0.09469664
saccade,17.8938,0.01975379,0.03831172,-0.03723881,-0.03107587,0.136356,-0.0109186,-0.9901122,-0.2693368,-0.06451484,0.9608827,0.08807804,0.04045272,-0.03756425,0.03458431,0.1247909,-0.01094769,-0.9915197,-0.2482225,0.06584971,0.9664623,0.14,1.811587,3.74,0,-0.6727939,0,0.73983,-0.9955062,0,0.09469664
saccade,17.9048,0.01976735,0.03829253,-0.03723386,-0.03201456,0.1333061,-0.01099284,-0.9904968,-0.2633747,-0.06635147,0.9624091,0.08809169,0.04043019,-0.03756542,0.03457406,0.1247453,-0.01092281,-0.9915261,-0.2481317,0.06583702,0.9664865,0.14,1.811587,3.74,0,-0.6727939,0,0.73983,-0.9955062,0,0.09469664
saccade,17.9160,0.01978826,0.03826869,-0.03722002,-0.03206091,0.1332444,-0.01097133,-0.9905038,-0.2632547,-0.06643664,0.962436,0.08811261,0.04040444,-0.03756003,0.03452755,0.1246826,-0.01090591,-0.9915358,-0.2480077,0.06575105,0.9665242,0.14,1.811587,3.74,0,-0.6727939,0,0.73983,-0.9955062,0,0.09469664
saccade,17.9274,0.01980985,0.03823912,-0.03719565,-0.03214829,0.1331722,-0.01096885,-0.9905106,-0.2631118,-0.06660794,0.9624633,0.0881341,0.04037654,-0.03754533,0.0341514,0.1193105,-0.01108284,-0.9922076,-0.2375185,0.06512596,0.9691974,0.14,1.811587,3.74,0,-0.6727939,0,0.73983,-0.9955062,0,0.09469664
saccade,17.9383,0.01984072,0.03822315,-0.03718885,-0.03227247,0.1331195,-0.01093586,-0.9905141,-0.2630076,-0.06684422,0.9624754,0.08816499,0.04035866,-0.03754552,0.03402679,0.1192566,-0.01105523,-0.9922186,-0.2374097,0.06488722,0.9692401,0.14,1.811587,3.74,0,-0.6727939,0,0.73983,-0.9955062,0,0.09469664
saccade,17.9497,0.01985909,0.03821671,-0.03718328,-0.03481231,0.1142214,-0.01154413,-0.9927781,-0.2259893,-0.07175897,0.9714832,0.08818336,0.04035091,-0.03754818,0.03070064,0.1000292,-0.01168159,-0.9944422,-0.1996638,0.05872301,0.9781033,0.14,1.811587,3.74,0,-0.6727939,0,0.73983,-0.9955062,0,0.09469664
saccade,17.9605,0.01986871,0.03819394,-0.03719052,-0.0347752,0.1142317,-0.01159589,-0.9927776,-0.2260068,-0.07169732,0.9714836,0.08819279,0.04033446,-0.03755389,0.03073847,0.1000426,-0.01173201,-0.9944391,-0.1996938,0.05878767,0.9780933,0.14,1.811587,3.74,0,-0.6727939,0,0.73983,-0.9955062,0,0.09469664
saccade,17.9723,0.01987335,0.03820276,-0.03718997,-0.05255035,0.08529124,-0.01261408,-0.9948894,-0.168385,-0.1067153,0.9799277,0.08819748,0.04034293,-0.03754422,0.03078202,0.1001098,-0.0117323,-0.994431,-0.1998268,0.05887216,0.978061,0.14,1.811587,3.74,0,-0.6727939,0,0.73983,-0.9955062,0,0.09469664
saccade,17.9827,0.01986693,0.03820837,-0.03719194,-0.05233336,0.08527108,-0.01258222,-0.9949029,-0.168356,-0.106279,0.9799801,0.08819126,0.04034173,-0.03754986,0.03099966,0.1000857,-0.01170531,-0.9944269,-0.1997815,0.05931073,0.9780437,0.14,1.811587,3.74,0,-0.6727939,0,0.73983,-0.9955062,0,0.09469664
saccade,17.9942,0.01986843,0.0382303,-0.03720105,-0.05235211,0.08540735,-0.0126131,-0.9948899,-0.1686212,-0.1063237,0.9799297,0.08819275,0.04036713,-0.03754002,0.02160208,0.08292211,-0.01232841,-0.9962456,-0.1657542,0.04099737,0.9853145,0.14,1.811587,3.74,0,-0.6727939,0,0.73983,-0.9955062,0,0.09469664
saccade,18.0050,0.01986702,0.03822565,-0.03719972,-0.07333059,0.05790716,-0.01352803,-0.9955332,-0.113313,-0.1475728,0.9825388,0.08819164,0.04035437,-0.03752694,0.02172148,0.08300859,-0.01227708,-0.9962364,-0.1659257,0.04124126,0.9852755,0.14,1.811587,3.74,0,-0.6727939,0,0.73983,-0.9955062,0,0.09469664
saccade,18.0163,0.01986848,0.03821731,-0.03721052,-0.07327716,0.05799444,-0.01351702,-0.9955322,-0.1134897,-0.1474674,0.9825342,0.08819326,0.04034317,-0.0375261,0.02177536,0.08309405,-0.01225909,-0.9962283,-0.1660952,0.04134914,0.9852424,0.14,1.811587,3.74,0,-0.6727939,0,0.73983,-0.9955062,0,0.09469664
saccade,18.0276,0.01988176,0.03818238,-0.03722215,-0.0733217,0.0580727,-0.01352684,-0.9955243,-0.1136419,-0.1475581,0.982503,0.08820656,0.04030919,-0.0375268,0.005009189,0.07372956,-0.01265222,-0.9971855,-0.1471708,0.008124497,0.9890777,0.14,1.811587,3.74,0,-0.6727939,0,0.73983,-0.9955062,0,0.09469664
saccade,18.0388,0.01988692,0.0381676,-0.03720837,-0.07339056,0.05806356,-0.013582,-0.995519,-0.1136132,-0.1477006,0.9824849,0.08821146,0.04030263,-0.03751352,0.004939292,0.07372502,-0.0127069,-0.9971855,-0.1471606,0.007977147,0.9890804,0.14,1.811587,3.74,0,-0.6727939,0,0.73983,-0.9955062,0,0.09469664
saccade,18.0494,0.0198928,0.03817379,-0.03718033,-0.09606559,0.04918231,-0.0138177,-0.9940632,-0.09512583,-0.1923497,0.976705,0.08821782,0.04029214,-0.03749301,0.004819446,0.0736672,-0.01257578,-0.997192,-0.1470419,0.007758981,0.9890999,0.14,1.811587,3.74,0,-0.6727939,0,0.73983,-0.9955062,0,0.09469664
saccade,18.0604,0.01994024,0.03819728,-0.03715473,-0.09599923,0.04906063,-0.01369041,-0.9940774,-0.09491158,-0.1922047,0.9767544,0.08826567,0.04029942,-0.03748583,-0.01304181,0.07000195,-0.01266706,-0.9973812,-0.1393069,-0.02778876,0.9898593,0.14,1.811587,3.74,0,-0.6727939,0,0.73983,-0.9955062,0,0.09469664
saccade,18.0719,0.01997231,0.03821611,-0.0371365,-0.1196561,0.05190388,-0.01354417,-0.9913652,-0.09967012,-0.2386518,0.9659768,0.08829811,0.04030275,-0.03748976,-0.01311979,0.06984029,-0.01254461,-0.9973931,-0.1389873,-0.02792341,0.9899004,0.14,1.811587,3.74,0,-0.6727939,0,0.73983,-0.9955062,0,0.09469664
saccade,18.0831,0.02001646,0.03823543,-0.03713681,-0.1197319,0.05173576,-0.0134116,-0.9913667,-0.09936663,-0.2387842,0.9659753,0.08834258,0.0403074,-0.03751482,-0.01319395,0.06965953,-0.01242952,-0.9974061,-0.1386297,-0.02805113,0.989947,0.14,1.811587,3.74,0,-0.6727939,0,0.73983,-0.9955062,0,0.09469664
saccade,18.0942,0.02005032,0.03823805,-0.03712589,-0.11984,0.05168545,-0.01344663,-0.9913558,-0.09925444,-0.2389981,0.965934,0.08837621,0.04031646,-0.03750983,-0.0348588,0.0839146,-0.0121078,-0.9957895,-0.1662784,-0.0714561,0.9834864,0.14,1.811587,3.74,0,-0.6727939,0,0.73983,-0.9955062,0,0.09469664
saccade,18.1054,0.02007025,0.03824651,-0.03713716,-0.1328421,0.06834903,-0.01302146,-0.988692,-0.1316927,-0.2644598,0.9553628,0.08839591,0.04033375,-0.03751359,-0.03497157,0.08396511,-0.01216471,-0.9957805,-0.1663708,-0.07169084,0.9834537,0.14,1.811587,3.74,0,-0.6727939,0,0.73983,-0.9955062,0,0.09469664
saccade,18.1166,0.02005009,0.03825283,-0.03716431,-0.1328651,0.06836513,-0.01304051,-0.9886876,-0.1317182,-0.2645071,0.9553462,0.08837568,0.04034257,-0.03753813,-0.03499497,0.0839831,-0.01218174,-0.995778,-0.1664045,-0.07174057,0.9834444,0.14,1.811587,3.74,0,-0.6727939,0,0.73983,-0.9955062,0,0.09469664
saccade,18.1271,0.02003342,0.03826475,-0.03718352,-0.1328785,0.06849988,-0.01301501,-0.9886768,-0.1319897,-0.2645308,0.9553021,0.08835928,0.04034877,-0.03753944,-0.05048323,0.1052211,-0.01152835,-0.9930997,-0.207826,-0.1026958,0.97276,0.14,1.811587,3.74,0,-0.6727939,0,0.73983,-0.9955062,0,0.09469664
saccade,18.1384,0.02002262,0.03827631,-0.03719894,-0.1428531,0.08815072,-0.01243077,-0.9857322,-0.1702345,-0.2838213,0.9436449,0.08834852,0.04036033,-0.03754737,-0.05040535,0.1052769,-0.01153936,-0.9930977,-0.2079373,-0.1025445,0.9727522,0.14,1.811587,3.74,0,-0.6727939,0,0.73983,-0.9955062,0,0.09469664
saccade,18.1499,0.02001797,0.0383054,-0.03721537,-0.1427869,0.08816838,-0.01241759,-0.9857404,-0.1702761,-0.2836912,0.9436765,0.08834398,0.04038644,-0.03756195,-0.05033828,0.1052928,-0.0115257,-0.9930995,-0.2079721,-0.102409,0.9727589,0.14,1.811587,3.74,0,-0.6727939,0,0.73983,-0.9955062,0,0.09469664
saccade,18.1608,0.01999846,0.03834295,-0.03722547,-0.1426346,0.08817842,-0.01236228,-0.9857622,-0.1703193,-0.2833878,0.9437599,0.08832476,0.04041433,-0.03757239,-0.06104492,0.1277277,-0.01079276,-0.9898701,-0.25155,-0.1236101,0.9599183,0.14,1.811587,3.74,0,-0.6727939,0,0.73983,-0.9955062,0,0.09469664
saccade,18.1722,0.01998873,0.03836656,-0.03723451,-0.1627661,0.1032163,-0.01191515,-0.9811787,-0.1986686,-0.3218649,0.9257072,0.08831521,0.04043257,-0.03757659,-0.06096084,0.1277666,-0.01076682,-0.9898705,-0.2516321,-0.1234379,0.9599189,0.14,1.811587,3.74,0,-0.6727939,0,0.73983,-0.9955062,0,0.09469664
saccade,18.1830,0.01998334,0.03836477,-0.03724812,-0.1626928,0.1031593,-0.01193434,-0.9811966,-0.1985559,-0.3217295,0.9257784,0.08830971,0.04043353,-0.03759788,-0.06088727,0.1277113,-0.01079358,-0.9898819,-0.2515238,-0.1232993,0.9599651,0.14,1.811587,3.74,0,-0.6727939,0,0.73983,-0.9955062,0,0.09469664
saccade,18.1942,0.01998836,0.03834224,-0.03725606,-0.1627239,0.103185,-0.01201563,-0.9811878,-0.1985772,-0.3218052,0.9257476,0.08831442,0.04042184,-0.0376004,-0.06881531,0.153025,-0.01007971,-0.9857719,-0.3003083,-0.1387573,0.9436956,0.14,1.811587,3.74,0,-0.6727939,0,0.73983,-0.9955062,0,0.09469664
saccade,18.2046,0.01998371,0.03832221,-0.0372661,-0.1743093,0.1215343,-0.011564,-0.9770936,-0.2334694,-0.3434439,0.9096913,0.08830924,0.04041827,-0.0376145,-0.06885322,0.152987,-0.01019408,-0.985774,-0.3002174,-0.1388666,0.9437084,0.14,1.811587,3.74,0,-0.6727939,0,0.73983,-0.9955062,0,0.09469664
saccade,18.2163,0.01998151,0.0382905,-0.03727184,-0.1742934,0.1215478,-0.01166924,-0.9770936,-0.2334594,-0.3434386,0.9096959,0.08830665,0.04040003,-0.03761604,-0.06884017,0.1530111,-0.01029773,-0.98577,-0.3002497,-0.1388725,0.9436973,0.14,1.811587,3.74,0,-0.6727939,0,0.73983,-0.9955062,0,0.09469664
saccade,18.2274,0.01997513,0.03827071,-0.03727828,-0.1743329,0.1215052,-0.01163437,-0.9770923,-0.233387,-0.343506,0.9096891,0.08830032,0.04037738,-0.03762885,-0.0761323,0.175554,-0.009549091,-0.9814752,-0.3431498,-0.1527967,0.9267693,0.14,1.811587,3.74,0,-0.6727939,0,0.73983,-0.9955062,0,0.09469664
saccade,18.2381,0.01995559,0.03826427,-0.03726004,-0.1743232,0.1215563,-0.01165965,-0.9770873,-0.2334772,-0.3434925,0.909671,0.08828077,0.04037285,-0.03760313,-0.0761234,0.1756069,-0.009569625,-0.9814662,-0.3432475,-0.1527861,0.9267349,0.14,1.811587,3.74,0,-0.6727939,0,0.73983,-0.9955062,0,0.09469664
saccade,18.2491,0.01993079,0.03824937,-0.03724854,-0.1855946,0.1349806,-0.01119892,-0.9732469,-0.2585819,-0.364282,0.8946698,0.08825633,0.0403477,-0.03758428,-0.07604224,0.1756668,-0.009511882,-0.9814624,-0.343374,-0.152607,0.9267175,0.14,1.811587,3.74,0,-0.6727939,0,0.73983,-0.9955062,0,0.09469664
saccade,18.2609,0.01992444,0.03824115,-0.03726273,-0.1856974,0.1349837,-0.01123067,-0.9732265,-0.2585685,-0.3644831,0.8945917,0.08824979,0.04034555,-0.03759661,-0.07930885,0.1963399,-0.008861505,-0.9772831,-0.3823538,-0.1584941,0.9103215,0.14,1.811587,3.74,0,-0.6727939,0,0.73983,-0.9955062,0,0.09469664
saccade,18.2713,0.01991014,0.03823042,-0.03727964,-0.1857526,0.1349993,-0.01119216,-0.9732142,-0.2586085,-0.364576,0.8945423,0.08823563,0.04033029,-0.03761204,-0.07936233,0.1963519,-0.008818134,-0.9772767,-0.3823805,-0.1585808,0.9102951,0.14,1.811587,3.74,0,-0.6727939,0,0.73983,-0.9955062,0,0.09469664
saccade,18.2832,0.01990286,0.03828239,-0.0372766,-0.1807203,0.145971,-0.01084342,-0.9725817,-0.2800182,-0.3546962,0.8920653,0.08822829,0.04038668,-0.03759608,-0.0795347,0.1964382,-0.008821321,-0.9772454,-0.3825334,-0.1589155,0.9101726,0.14,1.811587,3.74,0,-0.6727939,0,0.73983,-0.9955062,0,0.09469664
saccade,18.2937,0.01989755,0.03829086,-0.0372919,-0.1806016,0.145959,-0.010871,-0.9726052,-0.2799943,-0.3544815,0.8921581,0.08822292,0.04039657,-0.03761312,-0.08250909,0.2077053,-0.008488003,-0.9746686,-0.403487,-0.164364,0.9001015,0.14,1.811587,3.74,0,-0.6727939,0,0.73983,-0.9955062,0,0.09469664
saccade,18.3049,0.01990215,0.03829813,-0.03731149,-0.1805972,0.1459402,-0.01089871,-0.9726086,-0.2799489,-0.3544819,0.8921722,0.08822739,0.04040778,-0.03763462,-0.08250651,0.2076894,-0.008517676,-0.9746718,-0.4034526,-0.1643716,0.9001155,0.14,1.811587,3.74,0,-0.6727939,0,0.73983,-0.9955062,0,0.09469664
saccade,18.3159,0.01991943,0.03828931,-0.03733958,-0.1786575,0.1537305,-0.01068972,-0.9717686,-0.2949614,-0.3505141,0.8888969,0.08824444,0.04040575,-0.03766535,-0.082464,0.2076676,-0.008575941,-0.9746796,-0.4034044,-0.1643138,0.9001477,0.14,1.811587,3.74,0,-0.6727939,0,0.73983,-0.9955062,0,0.09469664
saccade,18.3271,0.01993817,0.0383004,-0.0373661,-0.1787184,0.1537562,-0.01063005,-0.971754,-0.2950268,-0.3506095,0.8888375,0.08826342,0.04040968,-0.03768939,-0.08180653,0.2122056,-0.008354764,-0.9737591,-0.4119073,-0.1628655,0.896553,0.14,1.811587,3.74,0,-0.6727939,0,0.73983,-0.9955062,0,0.09469664
saccade,18.3386,0.01995558,0.03830576,-0.03736024,-0.1785135,0.1537087,-0.01060569,-0.9717994,-0.2949615,-0.350219,0.8890131,0.08828099,0.04040849,-0.03769195,-0.0815983,0.2121539,-0.00834759,-0.9737879,-0.4118235,-0.1624608,0.8966649,0.14,1.811587,3.74,0,-0.6727939,0,0.73983,-0.9955062,0,0.09469664
saccade,18.3496,0.01997564,0.03832674,-0.03736114,-0.1788764,0.1625125,-0.01023424,-0.9703031,-0.3117114,-0.3504551,0.8831858,0.08830139,0.04041743,-0.03769865,-0.08151974,0.212121,-0.008272189,-0.9738023,-0.4117792,-0.1622776,0.8967184,0.14,1.811587,3.74,0,-0.6727939,0,0.73983,-0.9955062,0,0.09469664
saccade,18.3602,0.0199582,0.03833604,-0.03735874,-0.1788258,0.1625042,-0.01011184,-0.9703152,-0.311744,-0.3503211,0.8832275,0.08828446,0.04040956,-0.03770067,-0.07955465,0.214267,-0.008073684,-0.9734966,-0.4158918,-0.1583522,0.8955214,0.14,1.811587,3.74,0,-0.6727939,0,0.73983,-0.9955062,0,0.09469664
saccade,18.3712,0.01995642,0.03834128,-0.03737167,-0.1792541,0.1666665,-0.009762667,-0.9695333,-0.3196775,-0.3508398,0.8801805,0.08828339,0.04038978,-0.03772208,-0.0796492,0.2142182,-0.007860871,-0.9735013,-0.4158312,-0.1584451,0.8955331,0.14,1.811587,3.74,0,-0.6727939,0,0.73983,-0.9955062,0,0.09469664
saccade,18.3832,0.01996974,0.03832364,-0.03738758,-0.1793169,0.1667093,-0.009886816,-0.9695132,-0.3197079,-0.3509966,0.8801069,0.08829624,0.04038906,-0.03772873,-0.07971824,0.2142734,-0.007976783,-0.9734825,-0.4159111,-0.1586271,0.8954638,0.14,1.811587,3.74,0,-0.6727939,0,0.73983,-0.9955062,0,0.09469664
saccade,18.3935,0.02000365,0.03835189,-0.03740835,-0.1793425,0.1667038,-0.009941684,-0.9695088,-0.3196756,-0.3510629,0.8800922,0.08832991,0.04042542,-0.03774876,-0.08042742,0.216852,-0.007946097,-0.9728533,-0.4206523,-0.1599344,0.8930132,0.14,1.811587,3.74,0,-0.6727939,0,0.73983,-0.9955062,0,0.09469664
saccade,18.4050,0.02002978,0.03838074,-0.03741014,-0.1803044,0.1687781,-0.009941878,-0.9689713,-0.3234972,-0.3527755,0.8780085,0.08835581,0.04046273,-0.03774459,-0.08045556,0.2168891,-0.008006872,-0.9728422,-0.4207093,-0.1600143,0.8929721,0.14,1.811587,3.74,0,-0.6727939,0,0.73983,-0.9955062,0,0.09469664
saccade,18.4166,0.02003775,0.03838456,-0.03741585,-0.1801907,0.1686838,-0.00997082,-0.9690086,-0.3233187,-0.3525765,0.8781542,0.08836362,0.04046988,-0.03776331,-0.08034243,0.2167972,-0.008050941,-0.9728717,-0.420538,-0.1598166,0.8930882,0.14,1.811587,3.74,0,-0.6727939,0,0.73983,-0.9955062,0,0.09469664
saccade,18.4272,0.02005877,0.03841007,-0.0374096,-0.1801597,0.1687291,-0.009985962,-0.9690064,-0.3234011,-0.3525217,0.8781459,0.08838466,0.04049563,-0.03775071,-0.07853045,0.2191698,-0.007977333,-0.9724886,-0.4250273,-0.1562367,0.8915951,0.14,1.811587,3.74,0,-0.6727939,0,0.73983,-0.9955062,0,0.09469664
saccade,18.4380,0.02006795,0.0384289,-0.03741774,-0.1831607,0.1707826,-0.009864723,-0.9680848,-0.3270505,-0.3579996,0.8745709,0.08839399,0.04050791,-0.03776769,-0.07852591,0.2191105,-0.007924802,-0.9725027,-0.4249265,-0.1562061,0.8916486,0.14,1.811587,3.74,0,-0.6727939,0,0.73983,-0.9955062,0,0.09469664
saccade,18.4493,0.02008821,0.03844047,-0.03742297,-0.1831538,0.1707686,-0.009766085,-0.9680896,-0.3270612,-0.357954,0.8745856,0.08841462,0.0405066,-0.03777732,-0.07851444,0.2190864,-0.007828697,-0.9725099,-0.424898,-0.1561425,0.8916733,0.14,1.811587,3.74,0,-0.6727939,0,0.73983,-0.9955062,0,0.09469664
saccade,18.4605,0.02010802,0.03845453,-0.03742348,-0.1831231,0.1707135,-0.009723874,-0.9681056,-0.326976,-0.357885,0.8746457,0.07612571,0.04736388,-0.02239716,-0.07757557,0.2218749,-0.007694711,-0.9719539,-0.4301105,-0.1542143,0.8895071,0.14,1.811587,3.74,0,-0.6727939,0,0.73983,-0.9955062,0,0.09469664
saccade,18.4718,0.02012407,0.03847134,-0.0374184,-0.1868173,0.173898,-0.009633657,-0.966833,-0.3326611,-0.3645928,0.8697176,0.07614239,0.04738295,-0.02239575,-0.07747221,0.221859,-0.007708453,-0.9719657,-0.4300842,-0.154021,0.8895533,0.14,1.811587,3.74,0,-0.6727939,0,0.73983,-0.9955062,0,0.09469664
saccade,18.4828,0.0201184,0.03853798,-0.03738222,-0.1868439,0.1739185,-0.009567276,-0.9668248,-0.3327222,-0.3646185,0.8696834,0.07613759,0.04744124,-0.02235792,-0.07749599,0.2218725,-0.007638939,-0.9719613,-0.430119,-0.154036,0.8895339,0.14,1.811587,3.74,0,-0.6727939,0,0.73983,-0.9955062,0,0.09469664
saccade,18.4936,0.02012249,0.03856146,-0.03738042,-0.1867857,0.1739291,-0.009585701,-0.9668339,-0.3327402,-0.364516,0.8697195,0.0761412,0.04746723,-0.02235577,-0.07655265,0.223076,-0.007615441,-0.9717607,-0.4323871,-0.1521794,0.8887535,0.14,1.811587,3.74,0,-0.6727939,0,0.73983,-0.9955062,0,0.09469664
saccade,18.5052,0.02013335,0.0385716,-0.03738161,-0.187702,0.1755906,-0.009541591,-0.9663565,-0.3357843,-0.3661248,0.8678719,0.07615206,0.04747868,-0.02235771,-0.07652923,0.2230729,-0.007625593,-0.9717632,-0.4323809,-0.1521387,0.8887635,0.14,1.811587,3.74,0,-0.6727939,0,0.73983,-0.9955062,0,0.09469664
saccade,18.5163,0.0201456,0.0385735,-0.03738216,-0.1876625,0.1755779,-0.009570527,-0.9663662,-0.3357531,-0.3660621,0.8679104,0.07616413,0.04748452,-0.02235998,-0.0764906,0.2230629,-0.007657707,-0.9717683,-0.4323593,-0.1520786,0.8887843,0.14,1.811587,3.74,0,-0.6727939,0,0.73983,-0.9955062,0,0.09469664
saccade,18.5271,0.0201684,0.03859508,-0.03739341,-0.1877032,0.1755619,-0.009542636,-0.9663615,-0.3357301,-0.3661289,0.8678911,0.07618784,0.04750299,-0.02237269,-0.07584572,0.2244731,-0.007579205,-0.9714947,-0.4349991,-0.1507701,0.8877185,0.14,1.811587,3.74,0,-0.6727939,0,0.73983,-0.9955062,0,0.09469664
saccade,18.5381,0.02017739,0.03859806,-0.03739442,-0.1876869,0.1755121,-0.009527596,-0.9663739,-0.3356442,-0.3660958,0.8679383,0.07619856,0.0475055,-0.02237992,-0.07582881,0.2244222,-0.007570817,-0.9715078,-0.4349076,-0.1507347,0.8877693,0.14,1.811587,3.74,0,-0.6727939,0,0.73983,-0.9955062,0,0.09469664
saccade,18.5498,0.02018107,0.0386076,-0.03738882,-0.1889073,0.1767205,-0.009413849,-0.9659168,-0.337838,-0.3682647,0.8661678,0.07620478,0.04750681,-0.02237891,-0.07587337,0.2243781,-0.00749816,-0.9715151,-0.4348356,-0.1507891,0.8877954,0.14,1.811587,3.74,0,-0.6727939,0,0.73983,-0.9955062,0,0.09469664
saccade,18.5603,0.02018001,0.03862321,-0.03739882,-0.1888099,0.1767412,-0.009436596,-0.9659318,-0.3378766,-0.3680907,0.8662267,0.07620303,0.04752553,-0.02238818,-0.07574415,0.2256517,-0.007481006,-0.9712303,-0.4371862,-0.1505062,0.8866882,0.14,1.811587,3.74,0,-0.6727939,0,0.73983,-0.9955062,0,0.09469664
saccade,18.5714,0.02017948,0.03862333,-0.03740152,-0.1888243,0.176734,-0.009449212,-0.9659302,-0.3378569,-0.3681221,0.866221,0.07620235,0.04752707,-0.02239117,-0.0757593,0.2256463,-0.007493632,-0.9712302,-0.4371735,-0.1505413,0.8866886,0.14,1.811587,3.74,0,-0.6727939,0,0.73983,-0.9955062,0,0.09469664
saccade,18.5828,0.02017806,0.03861237,-0.03739529,-0.1906327,0.1758324,-0.009497538,-0.9657391,-0.3359954,-0.3715428,0.8654843,0.07619862,0.04751539,-0.02237586,-0.07585454,0.2257098,-0.007494579,-0.971208,-0.4372853,-0.1507243,0.8866023,0.14,1.811587,3.74,0,-0.6727939,0,0.73983,-0.9955062,0,0.09469664
saccade,18.5937,0.02017506,0.0386095,-0.03739529,-0.190688,0.1757711,-0.009469289,-0.9657396,-0.3358869,-0.3716388,0.8654852,0.07619768,0.04751003,-0.02238214,-0.07574063,0.2261979,-0.007451685,-0.9711037,-0.4381945,-0.1504751,0.8861957,0.14,1.811587,3.74,0,-0.6727939,0,0.73983,-0.9955062,0,0.09469664
saccade,18.6048,0.02018192,0.03864491,-0.03738888,-0.1907464,0.175851,-0.009452038,-0.9657137,-0.3360376,-0.3717371,0.8653845,0.07620259,0.04754114,-0.02236584,-0.07579841,0.2262756,-0.007422087,-0.9710813,-0.4383389,-0.1505717,0.8861079,0.14,1.811587,3.74,0,-0.6727939,0,0.73983,-0.9955062,0,0.09469664
saccade,18.6161,0.0201783,0.03864264,-0.03739021,-0.1921307,0.1762174,-0.009456994,-0.9653724,-0.3365968,-0.3742884,0.8640664,0.07619932,0.04754066,-0.02236958,-0.07587904,0.2262411,-0.007438032,-0.9710829,-0.4382689,-0.1507353,0.8861147,0.14,1.811587,3.74,0,-0.6727939,0,0.73983,-0.9955062,0,0.09469664
saccade,18.6267,0.02016413,0.03862751,-0.03739191,-0.1921344,0.1762919,-0.009483796,-0.9653578,-0.3367252,-0.3743006,0.8640111,0.07618254,0.04752684,-0.02236231,-0.0760957,0.2261879,-0.007460747,-0.9710782,-0.4381569,-0.1511648,0.8860969,0.14,1.811587,3.74,0,-0.6727939,0,0.73983,-0.9955062,0,0.09469664
saccade,18.6385,0.02012669,0.03865981,-0.03733475,-0.192215,0.176345,-0.009437541,-0.9653325,-0.336835,-0.3744312,0.8639117,0.07614443,0.04755187,-0.02229837,-0.0761749,0.2262364,-0.007404364,-0.9710611,-0.4382507,-0.1512912,0.8860289,0.14,1.811587,3.74,0,-0.6727939,0,0.73983,-0.9955062,0,0.09469664
saccade,18.6494,0.02010595,0.03865135,-0.03732904,-0.1926062,0.1771724,-0.009470265,-0.9651027,-0.338331,-0.3751252,0.8630256,0.07612213,0.04755008,-0.02229079,-0.07615748,0.2262531,-0.007462632,-0.9710581,-0.4382731,-0.1512836,0.8860192,0.14,1.811587,3.74,0,-0.6727939,0,0.73983,-0.9955062,0,0.09469664
saccade,18.6602,0.02009355,0.03864169,-0.03733457,-0.1926953,0.1771966,-0.009536816,-0.9650798,-0.3383424,-0.3753125,0.8629397,0.0761072,0.04754651,-0.02229051,-0.07656267,0.2257653,-0.007540154,-0.9711393,-0.4373445,-0.1521107,0.8863364,0.14,1.811587,3.74,0,-0.6727939,0,0.73983,-0.9955062,0,0.09469664
saccade,18.6712,0.02008292,0.0386287,-0.03733741,-0.1937003,0.1775561,-0.009490014,-0.964813,-0.3389404,-0.3771392,0.8619081,0.07609782,0.04753017,-0.02229598,-0.07649394,0.2257549,-0.007507368,-0.9711474,-0.4373339,-0.1519634,0.8863668,0.14,1.811587,3.74,0,-0.6727939,0,0.73983,-0.9955062,0,0.09469664
saccade,18.6830,0.02005719,0.03866494,-0.03731512,-0.1937562,0.1775785,-0.009576117,-0.9647968,-0.3389434,-0.3772717,0.8618489,0.07606929,0.04757512,-0.02226838,-0.07655442,0.2257878,-0.00758725,-0.9711342,-0.4373789,-0.1521155,0.8863186,0.14,1.811587,3.74,0,-0.6727939,0,0.73983,-0.9955062,0,0.09469664
saccade,18.6936,0.02004093,0.0386734,-0.03731708,-0.1938,0.1775872,-0.009546111,-0.9647866,-0.3389674,-0.3773419,0.8618087,0.07605332,0.04757941,-0.02226903,-0.0768474,0.2259439,-0.007550125,-0.9710751,-0.4376566,-0.152661,0.8860877,0.14,1.811587,3.74,0,-0.6727939,0,0.73983,-0.9955062,0,0.09469664
saccade,18.7047,0.0200276,0.03867304,-0.0373275,-0.1937363,0.1776053,-0.009622835,-0.9647954,-0.3389769,-0.3772498,0.8618453,0.07603799,0.04758799,-0.02227729,-0.07678609,0.2259693,-0.007627253,-0.9710734,-0.4376943,-0.1525769,0.8860835,0.14,1.811587,3.74,0,-0.6727939,0,0.73983,-0.9955062,0,0.09469664
saccade,18.7166,0.02026272,0.03856552,-0.03661592,-0.1951592,0.1781172,-0.009602252,-0.9644143,-0.3398097,-0.3798493,0.8603743,0.07603126,0.04759192,-0.02229054,-0.07677437,0.2259734,-0.007620342,-0.9710735,-0.4377034,-0.1525511,0.8860835,0.14,1.811587,3.74,0,-0.6727939,0,0.73983,-0.9955062,0,0.09469664
saccade,18.7269,0.02025467,0.03857756,-0.03664456,-0.1951346,0.1781339,-0.009653971,-0.9644157,-0.3398226,-0.3798212,0.8603816,0.0760217,0.04760957,-0.02231686,-0.0769017,0.2232722,-0.007763941,-0.971687,-0.4327073,-0.1529157,0.8884713,0.14,1.811587,3.74,0,-0.6727939,0,0.73983,-0.9955062,0,0.09469664
saccade,18.7382,0.02024403,0.0385977,-0.03666041,-0.1949615,0.1747445,-0.009815622,-0.9650689,-0.3334536,-0.3797331,0.8629087,0.07600941,0.04763496,-0.02232963,-0.07683748,0.2233077,-0.007811093,-0.9716834,-0.4327684,-0.152812,0.8884593,0.14,1.811587,3.74,0,-0.6727939,0,0.73983,-0.9955062,0,0.09469664
saccade,18.7491,0.02023154,0.03860271,-0.03667541,-0.1948178,0.1747818,-0.009788019,-0.9650915,-0.3335471,-0.3794556,0.8629947,0.07599719,0.04763734,-0.02234399,-0.07669007,0.2233385,-0.007786477,-0.9716882,-0.4328364,-0.1525157,0.8884771,0.14,1.811587,3.74,0,-0.6727939,0,0.73983,-0.9955062,0,0.09469664
saccade,18.7606,0.02022199,0.03862476,-0.03672713,-0.1947923,0.1748126,-0.009817461,-0.9650908,-0.3335953,-0.3794169,0.862993,0.07598628,0.04766226,-0.02239224,-0.07393583,0.1984858,-0.008635823,-0.9772729,-0.3866726,-0.1479391,0.9102737,0.14,1.811587,3.74,0,-0.6727939,0,0.73983,-0.9955062,0,0.09469664
saccade,18.7713,0.02020729,0.03863716,-0.0367526,-0.1849524,0.144048,-0.01076932,-0.9720735,-0.2760668,-0.3626773,0.8900856,0.07597218,0.04767144,-0.02241813,-0.07386715,0.1984946,-0.008605829,-0.9772766,-0.3866969,-0.1477937,0.9102871,0.14,1.811587,3.74,0,-0.6727939,0,0.73983,-0.9955062,0,0.09469664
saccade,18.7827,0.02020357,0.03865254,-0.03676877,-0.1848832,0.1440501,-0.01083355,-0.9720856,-0.2760522,-0.3625658,0.8901355,0.07596716,0.04769492,-0.02243427,-0.07380044,0.1985028,-0.008673173,-0.9772794,-0.3867052,-0.1476906,0.9103003,0.14,1.811587,3.74,0,-0.6727939,0,0.73983,-0.9955062,0,0.09469664
saccade,18.7941,0.02019812,0.03866506,-0.03678537,-0.1848398,0.1440766,-0.01082804,-0.97209,-0.276108,-0.362482,0.8901523,0.07596131,0.04770684,-0.02244889,-0.06203945,0.1314372,-0.01080466,-0.9893224,-0.258727,-0.1255943,0.9577507,0.14,1.811587,3.74,0,-0.6727939,0,0.73983,-0.9955062,0,0.09469664
saccade,18.8049,0.02019045,0.03868282,-0.03680108,-0.1848236,0.1440329,-0.01084335,-0.9720994,-0.2760204,-0.3624575,0.8901895,0.07595444,0.04772747,-0.02246951,-0.06202269,0.1313954,-0.01082508,-0.9893287,-0.2586436,-0.1255664,0.9577769,0.14,1.811587,3.74,0,-0.6727939,0,0.73983,-0.9955062,0,0.09469664
saccade,18.8162,0.02019062,0.03868842,-0.03682049,-0.1602043,0.06505221,-0.01324785,-0.9848489,-0.1238885,-0.3172776,0.9402056,0.07595611,0.04773021,-0.02249298,-0.06201165,0.1313623,-0.01079696,-0.9893341,-0.2585834,-0.1255371,0.957797,0.14,1.811587,3.74,0,-0.6727939,0,0.73983,-0.9955062,0,0.09469664
saccade,18.8269,0.02019314,0.03869963,-0.03682985,-0.1602304,0.06507578,-0.01328141,-0.9848426,-0.1239226,-0.317332,0.9401827,0.07595725,0.04774427,-0.02249869,-0.04977466,0.03876395,-0.01368136,-0.9979142,-0.07600422,-0.1004024,0.9920397,0.14,1.811587,3.74,0,-0.6727939,0,0.73983,-0.9955062,0,0.09469664
saccade,18.8410,0.0202064,0.03874004,-0.03684247,-0.1601862,0.06510757,-0.01330307,-0.9848474,-0.1239801,-0.3172501,0.9402028,0.07596926,0.04778731,-0.02250822,-0.0497295,0.03879765,-0.01369813,-0.9979149,-0.07607111,-0.1003145,0.9920434,0.14,1.811587,3.74,0,-0.6727939,0,0.73983,-0.9955062,0,0.09469664
saccade,18.8573,0.02020551,0.03876364,-0.03686317,-0.1305868,-0.03666003,-0.0162902,-0.990625,0.07688726,-0.2575308,0.9632062,0.07596911,0.04780996,-0.02253113,-0.04975754,0.03877388,-0.01369333,-0.9979145,-0.07602334,-0.1003694,0.9920415,0.14,1.811587,3.74,0,-0.6727939,0,0.73983,-0.9955062,0,0.09469664
saccade,18.8637,0.02020474,0.03877711,-0.03688082,-0.1305838,-0.03663223,-0.01624236,-0.9906272,0.07681975,-0.2575298,0.9632119,0.07596865,0.04781783,-0.02254648,-0.02654772,-0.04150974,-0.01595206,-0.998658,0.08375505,-0.05169985,0.9951443,0.14,1.811587,3.74,0,-0.6727939,0,0.73983,-0.9955062,0,0.09469664
saccade,18.8715,0.02021074,0.03881788,-0.03685709,-0.1305714,-0.03666702,-0.01630073,-0.9906266,0.07690347,-0.2574996,0.9632133,0.07597427,0.04786599,-0.02252591,-0.02653488,-0.0415382,-0.01601366,-0.9986562,0.0838146,-0.05166809,0.995141,0.14,1.811587,3.74,0,-0.6727939,0,0.73983,-0.9955062,0,0.09469664
saccade,18.8827,0.02021466,0.03884268,-0.03682958,-0.08664171,-0.1136567,-0.01830746,-0.9895657,0.2281139,-0.1673138,0.9591507,0.07598102,0.04788506,-0.02250585,-0.02651557,-0.04160016,-0.01595494,-0.998655,0.08393454,-0.05163235,0.9951327,0.14,1.811587,3.74,0,-0.6727939,0,0.73983,-0.9955062,0,0.09469664
saccade,18.8940,0.0202364,0.03884733,-0.03682681,-0.08650721,-0.1135993,-0.01841155,-0.9895821,0.228017,-0.1670289,0.9592234,0.0759987,0.0479058,-0.02249746,-0.003177453,-0.1001309,-0.01764251,-0.9948128,0.199335,-0.002788822,0.9799274,0.14,1.811587,3.74,0,-0.6727939,0,0.73983,-0.9955062,0,0.09469664
saccade,18.9047,0.02024847,0.03885043,-0.03681863,-0.08642293,-0.1136765,-0.01834648,-0.9895818,0.2281555,-0.166874,0.9592175,0.07601395,0.04790616,-0.02249993,-0.003091967,-0.1002124,-0.01758514,-0.9948059,0.1994926,-0.002627315,0.9798958,0.14,1.811587,3.74,0,-0.6727939,0,0.73983,-0.9955062,0,0.09469664
saccade,18.9158,0.02025684,0.03884923,-0.03681454,-0.04939459,-0.1664657,-0.01954771,-0.9846153,0.3297406,-0.09076128,0.9396986,0.07602705,0.04789233,-0.02250621,-0.003125992,-0.1003076,-0.01747856,-0.9947981,0.1996809,-0.002712995,0.9798572,0.14,1.811587,3.74,0,-0.6727939,0,0.73983,-0.9955062,0,0.09469664
saccade,18.9271,0.02025901,0.03883624,-0.03681777,-0.04943642,-0.1664571,-0.01948958,-0.9846158,0.3297196,-0.0908634,0.9396961,0.07603025,0.04787111,-0.02250831,0.0145931,-0.1431665,-0.0185324,-0.9894176,0.282762,0.03418379,0.9585808,0.14,1.811587,3.74,0,-0.6727939,0,0.73983,-0.9955062,0,0.09469664
saccade,18.9384,0.02027554,0.03879595,-0.03681694,-0.04948214,-0.1664693,-0.01953217,-0.9846106,0.3297478,-0.09093826,0.939679,0.07604648,0.04783332,-0.02250784,0.01454634,-0.1431765,-0.01857469,-0.989416,0.2827818,0.03410367,0.9585778,0.14,1.811587,3.74,0,-0.6727939,0,0.73983,-0.9955062,0,0.09469664
saccade,18.9494,0.02029902,0.03873467,-0.03681147,-0.02089134,-0.2025889,-0.02047745,-0.9788269,0.3974546,-0.032601,0.9170426,0.07606803,0.04778183,-0.02250103,0.01454825,-0.1431649,-0.01866614,-0.9894159,0.2827561,0.03413321,0.9585843,0.14,1.811587,3.74,0,-0.6727939,0,0.73983,-0.9955062,0,0.09469664
saccade,18.9602,0.02031792,0.03871286,-0.03679887,-0.02100874,-0.2025352,-0.0205978,-0.9788329,0.3973618,-0.03278454,0.9170762,0.0760837,0.04776633,-0.02247989,0.02906023,-0.1724153,-0.0195115,-0.9844022,0.3383181,0.06394207,0.9388569,0.14,1.811587,3.74,0,-0.6727939,0,0.73983,-0.9955062,0,0.09469664
saccade,18.9719,0.02031988,0.03866291,-0.03678956,-0.02103339,-0.2026285,-0.02051955,-0.9788147,0.3975347,-0.03285989,0.9169986,0.07608987,0.04770732,-0.02248128,0.02903804,-0.1725131,-0.01943746,-0.9843872,0.3385105,0.06387578,0.938792,0.14,1.811587,3.74,0,-0.6727939,0,0.73983,-0.9955062,0,0.09469664
saccade,18.9827,0.0203307,0.0386225,-0.03676405,-0.002729042,-0.2250104,-0.02106274,-0.9741249,0.4384914,0.004161815,0.8987257,0.07610103,0.04766273,-0.02245443,0.02889869,-0.1725211,-0.01946095,-0.9843895,0.338531,0.06360997,0.9388027,0.14,1.811587,3.74,0,-0.6727939,0,0.73983,-0.9955062,0,0.09469664
saccade,18.9940,0.02032913,0.03863275,-0.03673331,-0.002797853,-0.2250397,-0.02102244,-0.9741188,0.4385484,0.004010882,0.8986986,0.07610136,0.04766524,-0.02242617,0.03602178,-0.1738968,-0.01941567,-0.9839133,0.3407999,0.07763726,0.9369247,0.14,1.811587,3.74,0,-0.6727939,0,0.73983,-0.9955062,0,0.09469664
saccade,19.0050,0.02029379,0.0386982,-0.03666568,0.00116426,-0.2284862,-0.02099808,-0.97332,0.4447316,0.01186194,0.8955854,0.07606729,0.04771805,-0.02235547,0.03597606,-0.1738775,-0.01931451,-0.9839204,0.3407736,0.07751188,0.9369447,0.14,1.811587,3.74,0,-0.6727939,0,0.73983,-0.9955062,0,0.09469664
saccade,19.0158,0.02027483,0.03872478,-0.03665352,0.001107348,-0.2284305,-0.02088878,-0.9733355,0.4446327,0.01169891,0.8956366,0.07604885,0.04773033,-0.02233641,0.03592526,-0.1738254,-0.01920024,-0.9839337,0.3406857,0.07737112,0.9369882,0.14,1.811587,3.74,0,-0.6727939,0,0.73983,-0.9955062,0,0.09469664
saccade,19.0268,0.020255,0.03874183,-0.03666309,0.001045069,-0.2283487,-0.0209289,-0.9733539,0.4444844,0.01159262,0.8957116,0.07602622,0.04774809,-0.02233549,0.03469723,-0.1606931,-0.01887448,-0.9862138,0.3156457,0.07450378,0.9459476,0.14,1.811587,3.74,0,-0.6727939,0,0.73983,-0.9955062,0,0.09469664
saccade,19.0380,0.02023734,0.03874803,-0.03667524,0.0008881874,-0.2282153,-0.0210536,-0.9733827,0.4442442,0.0113386,0.895834,0.07600322,0.04775846,-0.0223295,0.03453196,-0.1605555,-0.01898335,-0.9862399,0.3153815,0.07420936,0.9460589,0.14,1.811587,3.74,0,-0.6727939,0,0.73983,-0.9955062,0,0.09469664
saccade,19.0496,0.02019215,0.03874803,-0.03667448,-0.002703214,-0.2195334,-0.02092761,-0.9753768,0.4283686,0.003915312,0.9035956,0.07595477,0.04776859,-0.02232238,0.03454289,-0.1604969,-0.01907267,-0.9862474,0.3152616,0.07425787,0.9460951,0.14,1.811587,3.74,0,-0.6727939,0,0.73983,-0.9955062,0,0.09469664
saccade,19.0602,0.0201721,0.0387485,-0.03668827,-0.002684705,-0.2194812,-0.0209805,-0.9753875,0.4282711,0.003972394,0.9036416,0.07593217,0.04777539,-0.02233027,0.03455809,-0.160442,-0.01912447,-0.9862548,0.3151515,0.0743029,0.9461282,0.14,1.811587,3.74,0,-0.6727939,0,0.73983,-0.9955062,0,0.09469664
saccade,19.0714,0.02016731,0.03875828,-0.03669284,-0.002572568,-0.2194744,-0.02097783,-0.9753893,0.4282538,0.004189679,0.9036488,0.07592671,0.04779077,-0.02233577,0.033391,-0.152318,-0.01890658,-0.9875864,0.2995917,0.07171262,0.9513686,0.14,1.811587,3.74,0,-0.6727939,0,0.73983,-0.9955062,0,0.09469664
saccade,19.0831,0.02018762,0.03878677,-0.03668921,-0.006450917,-0.2136697,-0.02074967,-0.9766643,0.4176349,-0.003733608,0.9086072,0.07594989,0.04781222,-0.02233888,0.03343678,-0.1523719,-0.01882201,-0.9875782,0.2996996,0.07177874,0.9513296,0.14,1.811587,3.74,0,-0.6727939,0,0.73983,-0.9955062,0,0.09469664
saccade,19.0940,0.02020523,0.03880119,-0.0366778,-0.006332681,-0.2137636,-0.02063525,-0.976647,0.4178044,-0.003547456,0.9085301,0.07597173,0.04782116,-0.02234047,0.03356198,-0.1524699,-0.01871909,-0.9875607,0.29989,0.07199718,0.9512531,0.14,1.811587,3.74,0,-0.6727939,0,0.73983,-0.9955062,0,0.09469664
saccade,19.1049,0.02022303,0.03879642,-0.03667814,-0.006303824,-0.2138956,-0.02055307,-0.97662,0.4180486,-0.003520458,0.9084178,0.0759947,0.0478096,-0.0223567,0.0327704,-0.1473924,-0.01850246,-0.988362,0.2901413,0.07023228,0.9544032,0.14,1.811587,3.74,0,-0.6727939,0,0.73983,-0.9955062,0,0.09469664
saccade,19.1163,0.02023044,0.03877819,-0.03668681,-0.007439882,-0.2101901,-0.02047382,-0.9774178,0.4111918,-0.005936956,0.9115295,0.07600482,0.04779375,-0.02237743,0.03277394,-0.1474982,-0.01852575,-0.9883456,0.290344,0.07024899,0.9543403,0.14,1.811587,3.74,0,-0.6727939,0,0.73983,-0.9955062,0,0.09469664
saccade,19.1273,0.0202712,0.03876591,-0.0367119,-0.00743341,-0.2102336,-0.02051781,-0.9774076,0.4112729,-0.005903875,0.9114932,0.07604604,0.04778647,-0.02240741,0.03191143,-0.1432282,-0.01845509,-0.9890029,0.2821285,0.06840757,0.9569346,0.14,1.811587,3.74,0,-0.6727939,0,0.73983,-0.9955062,0,0.09469664
saccade,19.1380,0.02028157,0.03874719,-0.03672562,-0.0073979,-0.2101844,-0.02063179,-0.977416,0.4111805,-0.005788691,0.9115356,0.0760528,0.04778111,-0.02241557,0.03193901,-0.1431738,-0.01856907,-0.9890078,0.2820139,0.06849307,0.9569623,0.14,1.811587,3.74,0,-0.6727939,0,0.73983,-0.9955062,0,0.09469664
saccade,19.1494,0.02026103,0.03873146,-0.03674114,-0.009071661,-0.2072806,-0.02064595,-0.9780216,0.4058243,-0.009185552,0.913905,0.07603057,0.04777455,-0.02243025,0.03194119,-0.1431652,-0.01865376,-0.9890074,0.2819911,0.06852128,0.956967,0.14,1.811587,3.74,0,-0.6727939,0,0.73983,-0.9955062,0,0.09469664
saccade,19.1606,0.02024812,0.03872871,-0.03675586,-0.009076679,-0.2072762,-0.02069934,-0.9780214,0.4058169,-0.009173412,0.9139084,0.0760166,0.04777706,-0.02244417,0.03193271,-0.1431587,-0.01870649,-0.9890076,0.2819753,0.06851937,0.9569718,0.14,1.811587,3.74,0,-0.6727939,0,0.73983,-0.9955062,0,0.09469664
saccade,19.1712,0.02022577,0.03872764,-0.0367671,-0.009035675,-0.2072301,-0.02067916,-0.9780319,0.4057289,-0.009103669,0.9139481,0.07599309,0.04777598,-0.02245085,0.03130415,-0.1398191,-0.01859793,-0.9895074,0.2755397,0.06715206,0.9589413,0.14,1.811587,3.74,0,-0.6727939,0,0.73983,-0.9955062,0,0.09469664
saccade,19.1824,0.02020258,0.03873694,-0.03677955,-0.009794639,-0.205999,-0.02064992,-0.9782853,0.4034561,-0.01065618,0.914937,0.07596832,0.04778397,-0.02245635,0.0312843,-0.1397605,-0.01859305,-0.9895164,0.2754273,0.06710981,0.9589766,0.14,1.811587,3.74,0,-0.6727939,0,0.73983,-0.9955062,0,0.09469664
saccade,19.1940,0.02018201,0.03874099,-0.03678536,-0.009789354,-0.2059216,-0.02065788,-0.9783015,0.4033113,-0.01064607,0.9150009,0.07594534,0.04778898,-0.02245337,0.03128893,-0.1396819,-0.01859797,-0.9895272,0.2752743,0.06711809,0.9590199,0.14,1.811587,3.74,0,-0.6727939,0,0.73983,-0.9955062,0,0.09469664
saccade,19.2050,0.02015845,0.03877234,-0.03678256,-0.00978189,-0.2058829,-0.02065072,-0.9783099,0.4032385,-0.01063618,0.9150331,0.08860153,0.04605877,-0.03335903,0.03131949,-0.137618,-0.01853234,-0.9898166,0.2712722,0.06710187,0.9601608,0.14,1.811587,3.74,0,-0.6727939,0,0.73983,-0.9955062,0,0.09469664
saccade,19.2160,0.02013963,0.03877974,-0.03679641,-0.01047559,-0.2037577,-0.02059195,-0.9787487,0.3992867,-0.0121144,0.9167461,0.08858237,0.04606521,-0.03336374,0.03131814,-0.1375523,-0.01852309,-0.989826,0.2711455,0.06709482,0.9601971,0.14,1.811587,3.74,0,-0.6727939,0,0.73983,-0.9955062,0,0.09469664
saccade,19.2275,0.02013472,0.03876555,-0.03680917,-0.01050852,-0.2036901,-0.02065298,-0.9787611,0.399162,-0.01215705,0.9167998,0.08857621,0.04605782,-0.03336643,0.03060646,-0.1352153,-0.01851861,-0.9901702,0.2666388,0.06561921,0.9615601,0.14,1.811587,3.74,0,-0.6727939,0,0.73983,-0.9955062,0,0.09469664
saccade,19.2384,0.02014415,0.03876841,-0.03680617,-0.01048135,-0.2035655,-0.02078179,-0.9787846,0.3989293,-0.01205706,0.9169024,0.08858287,0.04607844,-0.0333458,0.03062445,-0.135084,-0.01864347,-0.9901853,0.2663744,0.06568462,0.9616289,0.14,1.811587,3.74,0,-0.6727939,0,0.73983,-0.9955062,0,0.09469664
saccade,19.2498,0.02013855,0.03878272,-0.03679997,-0.01087991,-0.2036551,-0.02069155,-0.9787636,0.3991107,-0.01286984,0.9168124,0.08857867,0.04608274,-0.0333461,0.03069749,-0.135126,-0.01855587,-0.990179,0.2664586,0.06580678,0.9615973,0.14,1.811587,3.74,0,-0.6727939,0,0.73983,-0.9955062,0,0.09469664
saccade,19.2609,0.02014691,0.03880775,-0.03679301,-0.01083534,-0.2036813,-0.02060408,-0.9787604,0.3991569,-0.01281707,0.916793,0.08858833,0.04609764,-0.03334365,0.03077963,-0.1335716,-0.01842801,-0.9903896,0.2634414,0.06589058,0.9624225,0.14,1.811587,3.74,0,-0.6727939,0,0.73983,-0.9955062,0,0.09469664
saccade,19.2715,0.02015365,0.03881967,-0.03678133,-0.01075944,-0.2037914,-0.02050791,-0.9787404,0.399359,-0.01270273,0.9167066,0.08859695,0.04609978,-0.0333486,0.03086229,-0.133686,-0.0183423,-0.9903733,0.2636659,0.0660346,0.9623511,0.14,1.811587,3.74,0,-0.6727939,0,0.73983,-0.9955062,0,0.09469664
saccade,19.2833,0.0201644,0.03880668,-0.03675426,-0.01099991,-0.2031594,-0.02037489,-0.9788719,0.3981824,-0.0132563,0.9172105,0.08860997,0.04607081,-0.033333,0.03084465,-0.1337726,-0.01822958,-0.9903642,0.2638427,0.06597212,0.962307,0.14,1.811587,3.74,0,-0.6727939,0,0.73983,-0.9955062,0,0.09469664
saccade,19.2939,0.0201861,0.03879583,-0.03673277,-0.01098276,-0.2032489,-0.02036474,-0.9788537,0.3983493,-0.01322281,0.9171385,0.08863237,0.04605937,-0.03332428,0.03086258,-0.1338633,-0.0182246,-0.9903514,0.2640186,0.06600881,0.9622562,0.14,1.811587,3.74,0,-0.6727939,0,0.73983,-0.9955062,0,0.09469664
saccade,19.3053,0.02020011,0.03877985,-0.03671647,-0.01101652,-0.2033646,-0.02040245,-0.9788285,0.3985677,-0.01326829,0.9170429,0.08864672,0.04604757,-0.03332366,0.03030659,-0.1329378,-0.01823853,-0.9904931,0.2622424,0.06488612,0.9628181,0.14,1.811587,3.74,0,-0.6727939,0,0.73983,-0.9955062,0,0.09469664
saccade,19.3165,0.02021452,0.03876579,-0.03670149,-0.01103999,-0.2034105,-0.02045582,-0.9788176,0.3986553,-0.01329041,0.9170045,0.08866076,0.04603982,-0.03331464,0.03027944,-0.1329823,-0.01829207,-0.9904869,0.2623267,0.06484783,0.9627978,0.14,1.811587,3.74,0,-0.6727939,0,0.73983,-0.9955062,0,0.09469664
saccade,19.3271,0.02022624,0.03875065,-0.03667929,-0.01069673,-0.2031876,-0.02052684,-0.9788662,0.3982261,-0.01259973,0.9172007,0.08867162,0.04603529,-0.03329807,0.03027141,-0.1330221,-0.01837341,-0.9904803,0.2623992,0.06485461,0.9627775,0.14,1.811587,3.74,0,-0.6727939,0,0.73983,-0.9955062,0,0.09469664
saccade,19.3383,0.02023647,0.03873575,-0.03666075,-0.01071625,-0.2032025,-0.02066946,-0.9788599,0.3982566,-0.01257923,0.9171878,0.08867997,0.04603863,-0.03328085,0.02994691,-0.131982,-0.01848682,-0.9906272,0.2603827,0.06421229,0.9633678,0.14,1.811587,3.74,0,-0.6727939,0,0.73983,-0.9955062,0,0.09469664
saccade,19.3491,0.02023207,0.03873658,-0.03664516,-0.01071066,-0.2032156,-0.02069755,-0.9788567,0.3982812,-0.01255627,0.9171774,0.08867523,0.04604352,-0.03326703,0.02995047,-0.131994,-0.01851577,-0.9906249,0.2604041,0.0642273,0.9633611,0.14,1.811587,3.74,0,-0.6727939,0,0.73983,-0.9955062,0,0.09469664
saccade,19.3605,0.02022624,0.03875411,-0.03667507,-0.01054429,-0.2032127,-0.02064975,-0.9788601,0.398269,-0.01225019,0.9171869,0.08867018,0.04605424,-0.03329804,0.029935,-0.1320043,-0.01846831,-0.9906249,0.2604277,0.0641845,0.9633576,0.14,1.811587,3.74,0,-0.6727939,0,0.73983,-0.9955062,0,0.09469664
saccade,19.3714,0.02020653,0.03877652,-0.03668191,-0.01062295,-0.2031771,-0.02050984,-0.9788696,0.3982035,-0.0124627,0.9172124,0.08865249,0.04605532,-0.03329955,0.02941478,-0.1308613,-0.01829265,-0.9907954,0.2582374,0.06307565,0.9640202,0.14,1.811587,3.74,0,-0.6727939,0,0.73983,-0.9955062,0,0.09469664
saccade,19.3834,0.02018622,0.03879488,-0.03666998,-0.01103331,-0.2025836,-0.02051269,-0.978988,0.3971065,-0.01329189,0.9176763,0.08863097,0.04607701,-0.03327075,0.02946961,-0.130734,-0.01830465,-0.9908103,0.2579864,0.06318367,0.9640803,0.14,1.811587,3.74,0,-0.6727939,0,0.73983,-0.9955062,0,0.09469664
saccade,19.3938,0.02015877,0.03882217,-0.0366624,-0.01097476,-0.2024646,-0.02052597,-0.979013,0.3968816,-0.0131773,0.9177753,0.08860235,0.04610777,-0.03324711,0.02952685,-0.1306126,-0.018317,-0.9908244,0.2577465,0.06329671,0.9641371,0.14,1.811587,3.74,0,-0.6727939,0,0.73983,-0.9955062,0,0.09469664
saccade,19.4049,0.02014126,0.03881097,-0.03670283,-0.01091983,-0.2023866,-0.02051952,-0.9790298,0.3967332,-0.01307592,0.9178408,0.08858424,0.0460974,-0.03327724,0.0293884,-0.1296304,-0.01828684,-0.990958,0.2558418,0.0629864,0.9646646,0.14,1.811587,3.74,0,-0.6727939,0,0.73983,-0.9955062,0,0.09469664
saccade,19.4164,0.02013348,0.03881609,-0.03670152,-0.01081051,-0.2022025,-0.0205469,-0.9790685,0.3963844,-0.01285919,0.9179946,0.08857574,0.04610682,-0.03327029,0.02938707,-0.1295892,-0.01831699,-0.990963,0.2557597,0.06299037,0.964686,0.14,1.811587,3.74,0,-0.6727939,0,0.73983,-0.9955062,0,0.09469664
saccade,19.4275,0.02013497,0.0388248,-0.03668991,-0.01086068,-0.2022207,-0.02061316,-0.9790628,0.3964213,-0.01292975,0.9179776,0.08857655,0.04612255,-0.03326043,0.02933221,-0.1296057,-0.01838016,-0.9909613,0.2557902,0.06289852,0.9646839,0.14,1.811587,3.74,0,-0.6727939,0,0.73983,-0.9955062,0,0.09469664
saccade,19.4387,0.02011701,0.03880167,-0.03669644,-0.01084802,-0.2023035,-0.0205817,-0.9790465,0.3965756,-0.01291393,0.9179112,0.08855957,0.04609585,-0.03327881,0.02863232,-0.1292484,-0.01834485,-0.991029,0.2551274,0.06149301,0.9649501,0.14,1.811587,3.74,0,-0.6727939,0,0.73983,-0.9955062,0,0.09469664
saccade,19.4494,0.02012513,0.0387907,-0.03668229,-0.01080194,-0.2021566,-0.02054826,-0.9790781,0.3962981,-0.01284394,0.9180321,0.08856829,0.04608297,-0.03327293,0.0286829,-0.1293041,-0.01832277,-0.9910207,0.255235,0.06158911,0.9649155,0.14,1.811587,3.74,0,-0.6727939,0,0.73983,-0.9955062,0,0.09469664
saccade,19.4606,0.02013522,0.03880417,-0.03665854,-0.01081129,-0.202268,-0.02053668,-0.9790552,0.3965071,-0.01286187,0.9179416,0.08857934,0.04609489,-0.03326472,0.02867458,-0.1294174,-0.01831521,-0.9910063,0.2554565,0.061574,0.9648578,0.14,1.811587,3.74,0,-0.6727939,0,0.73983,-0.9955062,0,0.09469664
saccade,19.4716,0.0201438,0.03880358,-0.03663245,-0.01078033,-0.2023518,-0.02046675,-0.9790397,0.3966621,-0.01282577,0.9178751,0.08858939,0.04608631,-0.03325097,0.02799818,-0.1287202,-0.01823306,-0.991118,0.2541328,0.06019292,0.9652944,0.14,1.811587,3.74,0,-0.6727939,0,0.73983,-0.9955062,0,0.09469664
saccade,19.4830,0.02014619,0.03880835,-0.03660159,-0.01115604,-0.2020442,-0.02044143,-0.9790996,0.3960989,-0.0135856,0.9181073,0.0885923,0.04608977,-0.03322783,0.02802529,-0.1287737,-0.01821966,-0.9911105,0.2542368,0.06024474,0.9652638,0.14,1.811587,3.74,0,-0.6727939,0,0.73983,-0.9955062,0,0.09469664
saccade,19.4939,0.02014816,0.03880334,-0.03657851,-0.01110644,-0.2020714,-0.0204849,-0.9790936,0.3961486,-0.01346967,0.9180876,0.08859366,0.04609215,-0.03320894,0.02807154,-0.1287991,-0.01826775,-0.991105,0.2542812,0.06034942,0.9652456,0.14,1.811587,3.74,0,-0.6727939,0,0.73983,-0.9955062,0,0.09469664
saccade,19.5050,0.02014519,0.03879225,-0.0365563,-0.01111531,-0.2020807,-0.02048886,-0.9790915,0.3961665,-0.01348501,0.9180797,0.08859073,0.0460813,-0.0331879,0.0279016,-0.1283747,-0.01826009,-0.991165,0.253462,0.05999844,0.9654829,0.14,1.811587,3.74,0,-0.6727939,0,0.73983,-0.9955062,0,0.09469664
saccade,19.5164,0.02013687,0.03876078,-0.03655596,-0.0117544,-0.2017537,-0.02052083,-0.9791508,0.395577,-0.01473835,0.9183145,0.08858237,0.04605412,-0.03319566,0.02786263,-0.128436,-0.01829949,-0.9911574,0.2535809,0.05993314,0.9654557,0.14,1.811587,3.74,0,-0.6727939,0,0.73983,-0.9955062,0,0.09469664
saccade,19.5270,0.02012932,0.03872061,-0.03655525,-0.01181169,-0.2017443,-0.02056019,-0.9791511,0.3955621,-0.01483505,0.9183194,0.08857436,0.04601717,-0.03319284,0.02780258,-0.1284257,-0.01833412,-0.9911598,0.2535612,0.05982275,0.9654678,0.14,1.811587,3.74,0,-0.6727939,0,0.73983,-0.9955062,0,0.09469664
saccade,19.5384,0.02012771,0.03868973,-0.03653849,-0.01187871,-0.201733,-0.02057409,-0.9791524,0.3955434,-0.01496119,0.9183254,0.08857269,0.04598582,-0.03317369,0.02710555,-0.1280117,-0.01833453,-0.9912327,0.2527848,0.05842988,0.9657566,0.14,1.811587,3.74,0,-0.6727939,0,0.73983,-0.9955062,0,0.09469664
saccade,19.5496,0.02012351,0.03865099,-0.03651809,-0.01217928,-0.2008459,-0.02060376,-0.9793305,0.3938908,-0.01557871,0.9190252,0.08856745,0.04595613,-0.03315191,0.02716774,-0.1279952,-0.01839029,-0.991232,0.2527467,0.0585668,0.9657583,0.14,1.811587,3.74,0,-0.6727939,0,0.73983,-0.9955062,0,0.09469664
saccade,19.5604,0.0200999,0.03862405,-0.03652919,-0.01236991,-0.2008723,-0.02056675,-0.9793234,0.3939467,-0.0159657,0.9189946,0.08854513,0.04591775,-0.03316474,0.02698044,-0.1280254,-0.01834062,-0.9912342,0.2528166,0.058184,0.9657631,0.14,1.811587,3.74,0,-0.6727939,0,0.73983,-0.9955062,0,0.09469664
saccade,19.5716,0.02008754,0.03859377,-0.03651692,-0.01241283,-0.2008225,-0.02057673,-0.9793329,0.3938549,-0.01604804,0.9190325,0.08853243,0.04588723,-0.03314497,0.02794467,-0.1235482,-0.01821383,-0.9917778,0.2440467,0.05993038,0.9679099,0.14,1.811587,3.74,0,-0.6727939,0,0.73983,-0.9955062,0,0.09469664
saccade,19.5831,0.02005946,0.03858471,-0.03651575,-0.01244428,-0.2007545,-0.02061584,-0.9793456,0.3937292,-0.01609707,0.9190856,0.08850344,0.04588223,-0.03313378,0.02791017,-0.1234782,-0.01824746,-0.9917869,0.2439095,0.0598682,0.9679483,0.14,1.811587,3.74,0,-0.6727939,0,0.73983,-0.9955062,0,0.09469664
saccade,19.5942,0.02003442,0.03858566,-0.0365146,-0.01343033,-0.1881304,-0.02029546,-0.9818425,0.369974,-0.01873656,0.9288532,0.08847733,0.04588461,-0.03311416,0.02788694,-0.1233464,-0.0182586,-0.9918038,0.2436524,0.05982102,0.968016,0.14,1.811587,3.74,0,-0.6727939,0,0.73983,-0.9955062,0,0.09469664
saccade,19.6049,0.0199971,0.03858817,-0.0365086,-0.0133688,-0.1880574,-0.02028461,-0.9818576,0.3698335,-0.01862318,0.9289114,0.08843951,0.04588735,-0.0330987,0.03926409,-0.07871637,-0.01689789,-0.9959802,0.1554729,0.0808728,0.9845241,0.14,1.811587,3.74,0,-0.6727939,0,0.73983,-0.9955062,0,0.09469664
saccade,19.6161,0.01996622,0.0385952,-0.03651676,-0.01335675,-0.1879794,-0.02033848,-0.9818715,0.3696866,-0.0185828,0.9289707,0.08840729,0.04590178,-0.03309589,0.03926999,-0.07863443,-0.01694833,-0.9959856,0.1553064,0.08089013,0.984549,0.14,1.811587,3.74,0,-0.6727939,0,0.73983,-0.9955062,0,0.09469664
saccade,19.6277,0.0199453,0.03859997,-0.0365283,-0.01650487,-0.1154787,-0.01831657,-0.993004,0.2299463,-0.02854845,0.9727845,0.08838617,0.04590738,-0.03310515,0.03932501,-0.0786128,-0.01694655,-0.9959852,0.1552615,0.08099869,0.9845471,0.14,1.811587,3.74,0,-0.6727939,0,0.73983,-0.9955062,0,0.09469664
saccade,19.6385,0.01993919,0.03860438,-0.03654993,-0.01644348,-0.1154364,-0.0183147,-0.9930099,0.2298613,-0.02842871,0.9728081,0.0883797,0.04591286,-0.03312166,0.05569226,0.02406447,-0.01378272,-0.9980628,-0.04957089,0.1105054,0.9926385,0.14,1.811587,3.74,0,-0.6727939,0,0.73983,-0.9955062,0,0.09469664
saccade,19.6498,0.01993116,0.03862071,-0.03656774,-0.01642,-0.1155137,-0.01838822,-0.993,0.2300141,-0.02836194,0.972774,0.08837105,0.0459398,-0.03315014,0.0557054,0.02399245,-0.01386437,-0.9980627,-0.04943659,0.1105297,0.9926425,0.14,1.811587,3.74,0,-0.6727939,0,0.73983,-0.9955062,0,0.09469664
saccade,19.6604,0.01993347,0.03863382,-0.03657676,-0.01828646,0.02213033,-0.01430197,-0.9994856,-0.04371483,-0.03718713,0.9983517,0.08837388,0.04594934,-0.03316159,0.05585088,0.02398635,-0.01383392,-0.9980551,-0.04942467,0.1108209,0.9926107,0.14,1.811587,3.74,0,-0.6727939,0,0.73983,-0.9955062,0,0.09469664
saccade,19.6719,0.01992625,0.03864956,-0.03658083,-0.01822427,0.02208001,-0.0143697,-0.9994869,-0.04361361,-0.0370644,0.9983607,0.088366,0.04597461,-0.0331732,0.07267277,0.1258266,-0.01062751,-0.9893298,-0.2505126,0.1411202,0.9577727,0.14,1.811587,3.74,0,-0.6727939,0,0.73983,-0.9955062,0,0.09469664
saccade,19.6833,0.0199284,0.03857374,-0.03667747,-0.0181205,0.02208047,-0.01437259,-0.9994887,-0.04361748,-0.03685718,0.9983682,0.08836813,0.04589963,-0.03327109,0.07277542,0.1258275,-0.01064099,-0.989322,-0.2505166,0.1413188,0.9577424,0.14,1.811587,3.74,0,-0.6727939,0,0.73983,-0.9955062,0,0.09469664
saccade,19.6942,0.0199271,0.03857076,-0.03669721,-0.0193078,0.1350675,-0.01085032,-0.9905889,-0.2671737,-0.04118324,0.962768,0.08836745,0.04589403,-0.03329729,0.07285755,0.1257867,-0.01063074,-0.9893212,-0.2504359,0.1414846,0.957739,0.14,1.811587,3.74,0,-0.6727939,0,0.73983,-0.9955062,0,0.09469664
saccade,19.7051,0.01992381,0.03858912,-0.03671097,-0.01925374,0.1350563,-0.0108823,-0.9905911,-0.2671521,-0.0410846,0.9627782,0.08836386,0.04591608,-0.0333133,0.08108005,0.1696389,-0.00920664,-0.9821222,-0.3347052,0.1561374,0.9292973,0.14,1.811587,3.74,0,-0.6727939,0,0.73983,-0.9955062,0,0.09469664
saccade,19.7162,0.01993191,0.03859377,-0.03673048,-0.02052167,0.1790144,-0.009479154,-0.9835868,-0.3517633,-0.0437635,0.9350654,0.08837183,0.04591966,-0.03332772,0.08115987,0.169682,-0.009203982,-0.9821082,-0.3347861,0.1562921,0.9292423,0.14,1.811587,3.74,0,-0.6727939,0,0.73983,-0.9955062,0,0.09469664
saccade,19.7312,0.01994575,0.0385865,-0.03674605,-0.02048109,0.179005,-0.009509938,-0.983589,-0.3517451,-0.04369459,0.9350755,0.08838539,0.04591584,-0.03334514,0.0812006,0.1696749,-0.009235184,-0.9821057,-0.3347772,0.1563612,0.9292337,0.14,1.811587,3.74,0,-0.6727939,0,0.73983,-0.9955062,0,0.09469664
saccade,19.7425,0.0199498,0.03856456,-0.03674691,-0.02057418,0.1789993,-0.009494564,-0.9835883,-0.3517325,-0.04387208,0.9350719,0.08838946,0.04589343,-0.03334553,0.08264306,0.1776908,-0.008951547,-0.9805693,-0.3499558,0.1588933,0.9231923,0.14,1.811587,3.74,0,-0.6727939,0,0.73983,-0.9955062,0,0.09469664
saccade,19.7534,0.01996014,0.0385468,-0.03674342,-0.02132913,0.1812571,-0.009424726,-0.9831593,-0.3560072,-0.04535647,0.9333819,0.08839994,0.04587591,-0.03334526,0.08264038,0.1776676,-0.008954642,-0.9805737,-0.3499124,0.1588881,0.9232095,0.14,1.811587,3.74,0,-0.6727939,0,0.73983,-0.9955062,0,0.09469664
saccade,19.7650,0.01997709,0.03852296,-0.03676872,-0.02137823,0.1811992,-0.009420858,-0.9831689,-0.3558961,-0.04545092,0.9334196,0.0884172,0.04585254,-0.03337796,0.08259146,0.1776105,-0.008957088,-0.9805881,-0.349805,0.1587947,0.9232664,0.14,1.811587,3.74,0,-0.6727939,0,0.73983,-0.9955062,0,0.09469664
saccade,19.7759,0.01999527,0.03848422,-0.03676626,-0.02146912,0.1811876,-0.009363454,-0.9831696,-0.3558742,-0.04560865,0.9334202,0.08843605,0.04580772,-0.0333759,0.08237538,0.1832537,-0.008717567,-0.9795696,-0.3604557,0.1581898,0.9192647,0.14,1.811587,3.74,0,-0.6727939,0,0.73983,-0.9955062,0,0.09469664
saccade,19.7868,0.01999864,0.03846049,-0.03674869,-0.02385656,0.1806496,-0.009410681,-0.9832131,-0.3547851,-0.05031224,0.9335932,0.08843879,0.04578948,-0.03335736,0.08221561,0.1832498,-0.008737326,-0.9795835,-0.3604537,0.1578719,0.9193202,0.14,1.811587,3.74,0,-0.6727939,0,0.73983,-0.9955062,0,0.09469664
saccade,19.7977,0.02001202,0.03844535,-0.03674302,-0.02386446,0.1806521,-0.009378168,-0.9832128,-0.3547913,-0.05031605,0.9335907,0.08845261,0.04577005,-0.03335126,0.08157149,0.185921,-0.008620864,-0.979135,-0.36549,0.1565334,0.9175589,0.14,1.811587,3.74,0,-0.6727939,0,0.73983,-0.9955062,0,0.09469664
saccade,19.8089,0.02001614,0.03842068,-0.03673097,-0.02392749,0.1806707,-0.009384825,-0.9832078,-0.3548245,-0.05044251,0.9335712,0.08845634,0.04574752,-0.03333575,0.08150859,0.1859413,-0.008625151,-0.9791363,-0.3655299,0.1564085,0.9175643,0.14,1.811587,3.74,0,-0.6727939,0,0.73983,-0.9955062,0,0.09469664
saccade,19.8206,0.02001691,0.03839099,-0.0367187,-0.02489162,0.1803522,-0.009381309,-0.9832424,-0.3541927,-0.05233287,0.933707,0.08845739,0.0457164,-0.0333264,0.08145556,0.1859145,-0.008610319,-0.9791459,-0.3654776,0.1563122,0.9176016,0.14,1.811587,3.74,0,-0.6727939,0,0.73983,-0.9955062,0,0.09469664
saccade,19.8316,0.02001981,0.03836465,-0.03671046,-0.02495577,0.1803488,-0.009434536,-0.9832408,-0.3541818,-0.05247808,0.933703,0.08845937,0.04569852,-0.03331769,0.08174895,0.1877239,-0.008601162,-0.9787763,-0.3688858,0.1567986,0.9161537,0.14,1.811587,3.74,0,-0.6727939,0,0.73983,-0.9955062,0,0.09469664
saccade,19.8420,0.02001411,0.03837168,-0.03667522,-0.02494088,0.1803322,-0.009455437,-0.9832441,-0.3541495,-0.05245619,0.9337165,0.08845351,0.04570818,-0.03328495,0.08176364,0.1877093,-0.008623854,-0.9787776,-0.3688616,0.1568193,0.9161598,0.14,1.811587,3.74,0,-0.6727939,0,0.73983,-0.9955062,0,0.09469664
saccade,19.8537,0.02001081,0.03836465,-0.03665763,-0.02672937,0.1804798,-0.009486334,-0.9831697,-0.3543775,-0.0559832,0.9334251,0.08844979,0.04570353,-0.03326431,0.08181888,0.187738,-0.008647359,-0.9787673,-0.3689187,0.1569164,0.9161202,0.14,1.811587,3.74,0,-0.6727939,0,0.73983,-0.9955062,0,0.09469664
saccade,19.8646,0.0200088,0.03836989,-0.03664759,-0.02674241,0.1804819,-0.009478542,-0.983169,-0.3543814,-0.05600604,0.9334223,0.08844785,0.04570806,-0.03325382,0.08180593,0.1877394,-0.008639296,-0.9787682,-0.3689203,0.1568942,0.9161234,0.14,1.811587,3.74,0,-0.6727939,0,0.73983,-0.9955062,0,0.09469664
saccade,19.8758,0.02000908,0.03835595,-0.03663059,-0.02661856,0.1804868,-0.009451596,-0.9831718,-0.3543959,-0.05575302,0.9334319,0.08844882,0.04568815,-0.03323788,0.08214384,0.189308,-0.008559827,-0.9784384,-0.3718587,0.1575045,0.9148297,0.14,1.811587,3.74,0,-0.6727939,0,0.73983,-0.9955062,0,0.09469664
saccade,19.8866,0.02001124,0.03835511,-0.03663917,-0.02741461,0.1813143,-0.009425616,-0.9829978,-0.3559464,-0.057315,0.9327471,0.08845047,0.04568756,-0.03323687,0.08208581,0.1893712,-0.008547998,-0.9784311,-0.3719768,0.1573931,0.9148009,0.14,1.811587,3.74,0,-0.6727939,0,0.73983,-0.9955062,0,0.09469664
saccade,19.8978,0.0200156,0.03831875,-0.03662685,-0.02737053,0.1813737,-0.009433149,-0.9829881,-0.3560599,-0.05723166,0.9327089,0.08845446,0.04565108,-0.03321687,0.08212966,0.1894301,-0.008549243,-0.978416,-0.3720873,0.157475,0.9147419,0.14,1.811587,3.74,0,-0.6727939,0,0.73983,-0.9955062,0,0.09469664
saccade,19.9092,0.02001714,0.03827477,-0.03662596,-0.0274099,0.1813988,-0.00954074,-0.9829813,-0.3561002,-0.05734819,0.9326863,0.08845415,0.04562247,-0.03321179,0.08163233,0.1914067,-0.008591949,-0.9780725,-0.3758219,0.1563956,0.9133993,0.14,1.811587,3.74,0,-0.6727939,0,0.73983,-0.9955062,0,0.09469664
saccade,19.9203,0.02001306,0.03823149,-0.03664064,-0.02815749,0.1812871,-0.009493742,-0.9829812,-0.3558691,-0.05879876,0.9326842,0.08845077,0.04557264,-0.03322651,0.08159014,0.1913976,-0.008538352,-0.9780782,-0.375797,0.1563346,0.91342,0.14,1.811587,3.74,0,-0.6727939,0,0.73983,-0.9955062,0,0.09469664
saccade,19.9313,0.02001919,0.03821337,-0.03662905,-0.02816344,0.1813008,-0.00942135,-0.9829792,-0.3558991,-0.05878436,0.9326737,0.08845785,0.04554462,-0.03321306,0.08158498,0.1914034,-0.008464833,-0.9780782,-0.3757963,0.1563526,0.9134172,0.14,1.811587,3.74,0,-0.6727939,0,0.73983,-0.9955062,0,0.09469664
saccade,19.9424,0.02002992,0.03822649,-0.03660707,-0.02814511,0.1813245,-0.009317537,-0.9829764,-0.3559508,-0.05871095,0.9326586,0.08847,0.04554331,-0.03318818,0.08145233,0.1928798,-0.008311746,-0.9778005,-0.37855,0.1560819,0.9123258,0.14,1.811587,3.74,0,-0.6727939,0,0.73983,-0.9955062,0,0.09469664
saccade,19.9535,0.02003305,0.03824413,-0.03658255,-0.02846885,0.18081,-0.009228048,-0.9830626,-0.3549698,-0.05931037,0.9329945,0.08847591,0.04554439,-0.03318397,0.08161301,0.1927377,-0.008224246,-0.9778159,-0.3782664,0.1564347,0.912383,0.14,1.811587,3.74,0,-0.6727939,0,0.73983,-0.9955062,0,0.09469664
saccade,19.9647,0.02007154,0.03830481,-0.0365788,-0.02860617,0.1807424,-0.00905541,-0.9830727,-0.3548478,-0.05951729,0.9330277,0.088517,0.04558432,-0.03318801,0.08147833,0.1926546,-0.008058589,-0.9778449,-0.3780858,0.1562413,0.912491,0.14,1.811587,3.74,0,-0.6727939,0,0.73983,-0.9955062,0,0.09469664
saccade,19.9758,0.02008856,0.03830361,-0.03657338,-0.02866466,0.1806818,-0.009085346,-0.9830819,-0.3547291,-0.05964253,0.9330649,0.08853382,0.04558849,-0.03319018,0.08029103,0.1938767,-0.008059091,-0.9777015,-0.3804013,0.1538764,0.9119303,0.14,1.811587,3.74,0,-0.6727939,0,0.73983,-0.9955062,0,0.09469664
saccade,19.9869,0.02011461,0.03828871,-0.03656319,-0.02884177,0.1801015,-0.009198686,-0.9831821,-0.3536146,-0.06002682,0.9334632,0.08855855,0.0455873,-0.03318267,0.08024806,0.1938634,-0.008155031,-0.9777069,-0.3803921,0.1537562,0.9119545,0.14,1.811587,3.74,0,-0.6727939,0,0.73983,-0.9955062,0,0.09469664
saccade,19.9979,0.02013027,0.03828669,-0.03659334,-0.02895457,0.1800836,-0.009221904,-0.9831818,-0.3535758,-0.06025663,0.9334631,0.08857369,0.04559052,-0.03321372,0.08013526,0.1938502,-0.008178504,-0.9777186,-0.3803727,0.1535287,0.9120009,0.14,1.811587,3.74,0,-0.6727939,0,0.73983,-0.9955062,0,0.09469664
saccade,20.0097,0.02014006,0.03828859,-0.03660778,-0.02894609,0.1800811,-0.009255084,-0.9831823,-0.3535693,-0.06025189,0.9334658,0.08858303,0.04559672,-0.03322857,0.0803038,0.1948319,-0.008178204,-0.9775096,-0.3822137,0.1538087,0.9111837,0.14,1.811587,3.74,0,-0.6727939,0,0.73983,-0.9955062,0,0.09469664
saccade,20.0204,0.020138,0.03829277,-0.03660631,-0.02900154,0.180096,-0.009264667,-0.9831778,-0.3535955,-0.0603644,0.9334487,0.08858129,0.04560077,-0.03323336,0.08039665,0.1947959,-0.008194108,-0.977509,-0.382147,0.1539846,0.9111819,0.14,1.811587,3.74,0,-0.6727939,0,0.73983,-0.9955062,0,0.09469664
saccade,20.0314,0.02012639,0.03831458,-0.03660166,-0.02890702,0.1800404,-0.009199163,-0.9831914,-0.3534964,-0.0601547,0.9334997,0.08857125,0.04561234,-0.03323787,0.08049194,0.1947318,-0.00813663,-0.9775144,-0.3820162,0.1541951,0.9112011,0.14,1.811587,3.74,0,-0.6727939,0,0.73983,-0.9955062,0,0.09469664
saccade,20.0427,0.02011292,0.03836894,-0.03662453,-0.0287661,0.1800372,-0.009188542,-0.9831962,-0.3534952,-0.05987399,0.9335182,0.08855832,0.04566264,-0.03326315,0.08053988,0.1958871,-0.00809077,-0.97728,-0.3841763,0.1542503,0.9102831,0.14,1.811587,3.74,0,-0.6727939,0,0.73983,-0.9955062,0,0.09469664
saccade,20.0534,0.02009829,0.03837931,-0.03662879,-0.02935817,0.1807761,-0.009164559,-0.9830434,-0.3548833,-0.06103417,0.9329162,0.08854371,0.04567099,-0.03326334,0.08061773,0.1959219,-0.008083891,-0.9772667,-0.3842392,0.1544024,0.9102308,0.14,1.811587,3.74,0,-0.6727939,0,0.73983,-0.9955062,0,0.09469664
saccade,20.0644,0.02006962,0.03837407,-0.03663557,-0.029277,0.1807576,-0.009176746,-0.983049,-0.3548498,-0.06087898,0.9329391,0.08851519,0.04566598,-0.0332738,0.08069846,0.1959033,-0.008099329,-0.9772636,-0.3842056,0.154554,0.9102193,0.14,1.811587,3.74,0,-0.6727939,0,0.73983,-0.9955062,0,0.09469664
saccade,20.0767,0.02007244,0.03832603,-0.03664571,-0.02931812,0.1808421,-0.009333963,-0.9830308,-0.3549994,-0.06101718,0.9328732,0.08851507,0.04563963,-0.03327134,0.081131,0.1973344,-0.008198756,-0.976939,-0.3868977,0.1552843,0.9089538,0.14,1.811587,3.74,0,-0.6727939,0,0.73983,-0.9955062,0,0.09469664
saccade,20.0867,0.02006224,0.03828263,-0.0366535,-0.02949776,0.1810734,-0.009450468,-0.9829817,-0.3554262,-0.06141398,0.9326846,0.08850317,0.04561365,-0.03328224,0.08110944,0.1973228,-0.008324688,-0.9769421,-0.3868964,0.1551932,0.9089699,0.14,1.811587,3.74,0,-0.6727939,0,0.73983,-0.9955062,0,0.09469664
saccade,20.1009,0.02005013,0.03824043,-0.03663899,-0.0295436,0.1810829,-0.009531401,-0.9829778,-0.3554378,-0.06153336,0.9326723,0.0884897,0.04558313,-0.03326565,0.08106235,0.1973419,-0.008403271,-0.9769415,-0.3869454,0.1550697,0.9089701,0.14,1.811587,3.74,0,-0.6727939,0,0.73983,-0.9955062,0,0.09469664
saccade,20.1161,0.02003386,0.03819084,-0.03663097,-0.02970159,0.1810433,-0.009561713,-0.9829801,-0.3553559,-0.06185431,0.9326823,0.08847283,0.04554069,-0.0332609,0.08041368,0.1981391,-0.008410733,-0.9768335,-0.3884504,0.1537686,0.9085491,0.14,1.811587,3.74,0,-0.6727939,0,0.73983,-0.9955062,0,0.09469664
saccade,20.1226,0.02003629,0.03821242,-0.03659025,-0.03058672,0.1809346,-0.009570197,-0.9829729,-0.3551221,-0.06359499,0.9326543,0.08847522,0.04556251,-0.03322005,0.08040789,0.1981396,-0.008411559,-0.976834,-0.3884516,0.153757,0.9085506,0.14,1.811587,3.74,0,-0.6727939,0,0.73983,-0.9955062,0,0.09469664
saccade,20.1310,0.02001823,0.03817523,-0.03657788,-0.0306392,0.1809726,-0.009504932,-0.9829648,-0.3551969,-0.06367478,0.9326203,0.08845773,0.04551733,-0.03320177,0.0803567,0.1981711,-0.008341502,-0.9768324,-0.3885005,0.153684,0.908542,0.14,1.811587,3.74,0,-0.6727939,0,0.73983,-0.9955062,0,0.09469664
saccade,20.1422,0.01998933,0.03813887,-0.03657272,-0.03079873,0.1809678,-0.009481526,-0.9829609,-0.3551846,-0.0639796,0.9326042,0.08842879,0.04548061,-0.0331951,0.07983967,0.1986108,-0.008303384,-0.9767858,-0.3893262,0.1526742,0.9083588,0.14,1.811587,3.74,0,-0.6727939,0,0.73983,-0.9955062,0,0.09469664
saccade,20.1532,0.01996928,0.03813422,-0.03656311,-0.03081694,0.1810717,-0.00945546,-0.9829415,-0.3553829,-0.06400672,0.9325268,0.0884084,0.04547238,-0.03317081,0.07982194,0.1987111,-0.008265477,-0.9767671,-0.3895084,0.15265,0.9082847,0.14,1.811587,3.74,0,-0.6727939,0,0.73983,-0.9955062,0,0.09469664
saccade,20.1649,0.01997176,0.03815055,-0.03659377,-0.03116715,0.1808072,-0.009456791,-0.9829791,-0.35487,-0.06469303,0.9326747,0.08841027,0.04548788,-0.03318764,0.0797554,0.1988029,-0.008242065,-0.9767541,-0.3896778,0.1525258,0.908233,0.14,1.811587,3.74,0,-0.6727939,0,0.73983,-0.9955062,0,0.09469664
saccade,20.1757,0.01993346,0.0381484,-0.03658585,-0.03111168,0.1808498,-0.009442734,-0.9829732,-0.3549535,-0.06457933,0.9326508,0.08837205,0.04548264,-0.0331746,0.07941147,0.1991581,-0.008216341,-0.97671,-0.3903444,0.1518513,0.9080597,0.14,1.811587,3.74,0,-0.6727939,0,0.73983,-0.9955062,0,0.09469664
saccade,20.1869,0.01993155,0.03813303,-0.03659205,-0.03090824,0.1806726,-0.00953513,-0.9830112,-0.354617,-0.06421176,0.9328042,0.08836836,0.04547966,-0.03317137,0.07936055,0.1992293,-0.008293633,-0.9766989,-0.3904905,0.1517181,0.9080191,0.14,1.811587,3.74,0,-0.6727939,0,0.73983,-0.9955062,0,0.09469664
saccade,20.1979,0.01991801,0.03812742,-0.03659432,-0.03090101,0.1807657,-0.009607568,-0.9829937,-0.3547893,-0.06422444,0.9327378,0.08835316,0.04548335,-0.03316065,0.0793663,0.1993292,-0.008355307,-0.9766776,-0.3906869,0.1516997,0.9079378,0.14,1.811587,3.74,0,-0.6727939,0,0.73983,-0.9955062,0,0.09469664
saccade,20.2091,0.01990306,0.03811646,-0.03659655,-0.03078972,0.1808035,-0.009641903,-0.9829899,-0.3548622,-0.06401854,0.9327242,0.08833776,0.04547489,-0.0331591,0.07938302,0.1999992,-0.008366866,-0.9765392,-0.3919425,0.1516945,0.9073973,0.14,1.811587,3.74,0,-0.6727939,0,0.73983,-0.9955062,0,0.09469664
saccade,20.2202,0.01991018,0.03812313,-0.03658002,-0.03074339,0.180433,-0.009677814,-0.9830591,-0.3541575,-0.06393754,0.9329976,0.08834499,0.04548359,-0.03314944,0.07946482,0.1999594,-0.008397845,-0.9765404,-0.3918715,0.1518428,0.9074032,0.14,1.811587,3.74,0,-0.6727939,0,0.73983,-0.9955062,0,0.09469664
saccade,20.2316,0.01991736,0.03813469,-0.03656008,-0.03067676,0.1804042,-0.009606714,-0.9830672,-0.3541094,-0.06378081,0.9330266,0.08835358,0.04548442,-0.03313457,0.07953273,0.1999219,-0.008331764,-0.9765431,-0.39179,0.1520029,0.9074115,0.14,1.811587,3.74,0,-0.6727939,0,0.73983,-0.9955062,0,0.09469664
saccade,20.2422,0.01991228,0.03814793,-0.03656279,-0.03060878,0.1803246,-0.009540563,-0.9830844,-0.3539646,-0.06362282,0.9330923,0.08835016,0.04548776,-0.03314943,0.07946007,0.2003009,-0.008261786,-0.976472,-0.3924894,0.1518714,0.9071313,0.14,1.811587,3.74,0,-0.6727939,0,0.73983,-0.9955062,0,0.09469664
saccade,20.2534,0.01991188,0.03813875,-0.03653597,-0.03054258,0.1800694,-0.009395255,-0.9831347,-0.353491,-0.06343854,0.9332843,0.08835302,0.04545593,-0.03313906,0.07961213,0.2001815,-0.008126429,-0.9764852,-0.3922424,0.1522266,0.9071786,0.14,1.811587,3.74,0,-0.6727939,0,0.73983,-0.9955062,0,0.09469664
saccade,20.2645,0.01993111,0.03813303,-0.03651915,-0.03054066,0.1800008,-0.009398988,-0.9831473,-0.3533606,-0.06343558,0.9333339,0.08837265,0.04545081,-0.03313182,0.079614,0.2001139,-0.008137859,-0.9764988,-0.3921178,0.152229,0.907232,0.14,1.811587,3.74,0,-0.6727939,0,0.73983,-0.9955062,0,0.09469664
saccade,20.2757,0.01993523,0.03813088,-0.03650425,-0.03051492,0.1799929,-0.0094144,-0.9831494,-0.3533452,-0.0633905,0.9333428,0.08837666,0.04545033,-0.03311836,0.07938276,0.200541,-0.008141907,-0.9764299,-0.3929211,0.1517578,0.9069633,0.14,1.811587,3.74,0,-0.6727939,0,0.73983,-0.9955062,0,0.09469664
saccade,20.2870,0.01994434,0.03814244,-0.03650495,-0.03069974,0.1802106,-0.009432273,-0.9831036,-0.3537522,-0.06376165,0.9331633,0.08838508,0.04546583,-0.03311338,0.07933239,0.2005794,-0.008159958,-0.9764259,-0.3929967,0.151651,0.9069485,0.14,1.811587,3.74,0,-0.6727939,0,0.73983,-0.9955062,0,0.09469664
saccade,20.2980,0.01994568,0.0381341,-0.03649585,-0.03068558,0.1802599,-0.009514489,-0.9830942,-0.353841,-0.0637638,0.9331295,0.08838493,0.04546821,-0.03309746,0.07934473,0.200637,-0.008236414,-0.9764125,-0.3931159,0.1516413,0.9068984,0.14,1.811587,3.74,0,-0.6727939,0,0.73983,-0.9955062,0,0.09469664
saccade,20.3087,0.0199468,0.03811121,-0.03648467,-0.03073772,0.1802645,-0.00965174,-0.9830905,-0.3538393,-0.06391565,0.9331198,0.08838387,0.04546487,-0.03308467,0.07809722,0.2001053,-0.008397039,-0.9766208,-0.3921656,0.1491822,0.9077173,0.14,1.811587,3.74,0,-0.6727939,0,0.73983,-0.9955062,0,0.09469664
saccade,20.3200,0.01995413,0.0381192,-0.03648807,-0.03210763,0.1723274,-0.009833214,-0.9844672,-0.3386699,-0.06660689,0.9385448,0.08839247,0.04546261,-0.03309145,0.0780424,0.2000689,-0.008316196,-0.9766334,-0.3920859,0.14911,0.9077637,0.14,1.811587,3.74,0,-0.6727939,0,0.73983,-0.9955062,0,0.09469664
saccade,20.3313,0.01996133,0.03812695,-0.03648333,-0.03207795,0.172321,-0.009800334,-0.9844697,-0.3386608,-0.06653713,0.938553,0.08840026,0.04546547,-0.03308809,0.07807295,0.2000584,-0.008285096,-0.9766334,-0.3920612,0.1491823,0.9077625,0.14,1.811587,3.74,0,-0.6727939,0,0.73983,-0.9955062,0,0.09469664
saccade,20.3422,0.01996512,0.03812671,-0.03646394,-0.0320971,0.1723269,-0.009816547,-0.9844679,-0.3386705,-0.06658044,0.9385464,0.08840372,0.04546773,-0.03306758,0.06194023,0.1674549,-0.009470938,-0.9838865,-0.3306865,0.1187124,0.9362445,0.14,1.811587,3.74,0,-0.6727939,0,0.73983,-0.9955062,0,0.09469664
saccade,20.3532,0.01996471,0.03812099,-0.03644142,-0.04882285,0.1140789,-0.01180819,-0.9922011,-0.2252254,-0.0995783,0.9692047,0.08840252,0.04546738,-0.03304066,0.06192575,0.1674882,-0.009506594,-0.9838814,-0.3307544,0.1186707,0.9362258,0.14,1.811587,3.74,0,-0.6727939,0,0.73983,-0.9955062,0,0.09469664
saccade,20.3641,0.0199858,0.03813899,-0.03647749,-0.04882044,0.1140936,-0.01184086,-0.9921991,-0.2252511,-0.09958111,0.9691984,0.08842304,0.04548979,-0.03307456,0.06192639,0.1675063,-0.00953749,-0.983878,-0.3307927,0.1186608,0.9362136,0.14,1.811587,3.74,0,-0.6727939,0,0.73983,-0.9955062,0,0.09469664
saccade,20.3756,0.02000226,0.03814733,-0.03647438,-0.04883872,0.1141146,-0.01188802,-0.9921952,-0.2252867,-0.09962828,0.9691853,0.08843864,0.04550457,-0.03306806,0.0232434,0.08434949,-0.01246586,-0.9960871,-0.1686184,0.04420192,0.9846898,0.14,1.811587,3.74,0,-0.6727939,0,0.73983,-0.9955062,0,0.09469664
saccade,20.3870,0.02001616,0.03815424,-0.03645777,-0.04880527,0.1140808,-0.01186738,-0.992201,-0.2252238,-0.09955697,0.9692072,0.08845311,0.04550862,-0.03305668,0.02327627,0.08431391,-0.0124467,-0.9960896,-0.1685478,0.04427164,0.9846988,0.14,1.811587,3.74,0,-0.6727939,0,0.73983,-0.9955062,0,0.09469664
saccade,20.3980,0.02002731,0.03815341,-0.03644995,-0.07674883,-0.001943773,-0.01549284,-0.9969283,0.006253719,-0.1529659,0.9882117,0.08846556,0.04549849,-0.03305515,0.02328163,0.08426658,-0.01238093,-0.9960943,-0.1684514,0.04429479,0.9847142,0.14,1.811587,3.74,0,-0.6727939,0,0.73983,-0.9955062,0,0.09469664
saccade,20.4090,0.02003739,0.03818178,-0.03646024,-0.07674907,-0.001971784,-0.01542439,-0.9969292,0.006299074,-0.152966,0.9882114,0.08847684,0.04551792,-0.03306999,-0.0197252,0.0067039,-0.01491474,-0.9996718,-0.01281501,-0.03963743,0.999132,0.14,1.811587,3.74,0,-0.6727939,0,0.73983,-0.9955062,0,0.09469664
saccade,20.4203,0.02004463,0.03817821,-0.03645235,-0.07670355,-0.002000398,-0.01537442,-0.9969335,0.006347071,-0.1528752,0.9882251,0.08848498,0.04550815,-0.0330671,-0.01967912,0.006672508,-0.01486684,-0.9996736,-0.01275553,-0.0395438,0.9991364,0.14,1.811587,3.74,0,-0.6727939,0,0.73983,-0.9955062,0,0.09469664
saccade,20.4313,0.02005186,0.03817689,-0.03644458,-0.09011127,-0.06911767,-0.01737444,-0.9933785,0.1404513,-0.1766274,0.9742054,0.08849253,0.0455035,-0.03305881,-0.01965759,0.006678851,-0.01484235,-0.9996743,-0.01276982,-0.03950063,0.9991379,0.14,1.811587,3.74,0,-0.6727939,0,0.73983,-0.9955062,0,0.09469664
saccade,20.4424,0.02004518,0.03818607,-0.03645226,-0.09004685,-0.06913489,-0.01733629,-0.9933838,0.1404771,-0.1765051,0.9742239,0.08848645,0.04550874,-0.03307009,-0.03871669,-0.02769401,-0.01591914,-0.9987395,0.05655087,-0.07645404,0.9954681,0.14,1.811587,3.74,0,-0.6727939,0,0.73983,-0.9955062,0,0.09469664
saccade,20.4533,0.02004803,0.03817964,-0.03644126,-0.0900101,-0.06915416,-0.01737729,-0.9933851,0.1405217,-0.1764259,0.9742318,0.08848875,0.04550874,-0.0330616,-0.03868161,-0.027711,-0.01596256,-0.9987398,0.05658708,-0.07638104,0.9954717,0.14,1.811587,3.74,0,-0.6727939,0,0.73983,-0.9955062,0,0.09469664
saccade,20.4647,0.02004975,0.03815413,-0.03642911,-0.09475749,-0.08778434,-0.01789857,-0.9914609,0.1774615,-0.1847543,0.9666299,0.08849113,0.04548073,-0.0330575,-0.03865019,-0.02776594,-0.01593926,-0.9987398,0.056694,-0.07631782,0.9954704,0.14,1.811587,3.74,0,-0.6727939,0,0.73983,-0.9955062,0,0.09469664
saccade,20.4758,0.02005463,0.03812945,-0.03642071,-0.09482108,-0.0877935,-0.01789951,-0.9914539,0.1774809,-0.1848785,0.9666025,0.08849614,0.0454551,-0.03304964,-0.04462022,-0.03709322,-0.01623632,-0.9981831,0.07550059,-0.08787378,0.9932663,0.14,1.811587,3.74,0,-0.6727939,0,0.73983,-0.9955062,0,0.09469664
saccade,20.4872,0.02004942,0.03814805,-0.0364437,-0.1017653,-0.1117978,-0.01862707,-0.988331,0.2247777,-0.1969907,0.9542902,0.08849082,0.04547536,-0.03307432,-0.04470169,-0.03711371,-0.01625522,-0.9981784,0.07554547,-0.08803394,0.9932486,0.14,1.811587,3.74,0,-0.6727939,0,0.73983,-0.9955062,0,0.09469664
saccade,20.4976,0.02004614,0.03811789,-0.03643644,-0.1017968,-0.1117484,-0.01870102,-0.988332,0.2246965,-0.1970385,0.9542994,0.08848622,0.04545379,-0.03305881,-0.04473852,-0.03706015,-0.01632361,-0.9981776,0.07544582,-0.08810408,0.99325,0.14,1.811587,3.74,0,-0.6727939,0,0.73983,-0.9955062,0,0.09469664
saccade,20.5088,0.0200327,0.03810132,-0.03644199,-0.1018755,-0.1117624,-0.01871553,-0.988322,0.2247279,-0.1971882,0.9542611,0.08847278,0.04543769,-0.03306524,-0.05570011,-0.04856761,-0.01671721,-0.9971255,0.0987183,-0.1094562,0.9890774,0.14,1.811587,3.74,0,-0.6727939,0,0.73983,-0.9955062,0,0.09469664
saccade,20.5207,0.02001462,0.03809083,-0.03645843,-0.1064926,-0.1309833,-0.01923375,-0.9854607,0.2622543,-0.2048499,0.9430054,0.08845516,0.04542124,-0.0330782,-0.05569921,-0.04853963,-0.01667503,-0.9971277,0.098658,-0.1094596,0.989083,0.14,1.811587,3.74,0,-0.6727939,0,0.73983,-0.9955062,0,0.09469664
saccade,20.5311,0.01999668,0.03807926,-0.0364671,-0.1064959,-0.1308898,-0.01934209,-0.9854707,0.2620958,-0.2048338,0.9430529,0.08843511,0.04542279,-0.03307225,-0.05571093,-0.04844011,-0.01677767,-0.9971301,0.09847158,-0.1094767,0.9890997,0.14,1.811587,3.74,0,-0.6727939,0,0.73983,-0.9955062,0,0.09469664
saccade,20.5421,0.01997697,0.03806567,-0.03646716,-0.1065279,-0.1308553,-0.01932715,-0.9854721,0.2620262,-0.2049024,0.9430574,0.0884155,0.04540586,-0.03306748,-0.06000968,-0.05507759,-0.01697222,-0.9965326,0.1118102,-0.1177336,0.9867306,0.14,1.811587,3.74,0,-0.6727939,0,0.73983,-0.9955062,0,0.09469664
saccade,20.5533,0.01995095,0.03806639,-0.03647538,-0.1065232,-0.1307929,-0.01936842,-0.9854801,0.2619139,-0.2048864,0.9430921,0.08838852,0.04541123,-0.0330665,-0.06000774,-0.05501281,-0.01701067,-0.9965357,0.111686,-0.1177281,0.9867453,0.14,1.811587,3.74,0,-0.6727939,0,0.73983,-0.9955062,0,0.09469664
saccade,20.5645,0.01988964,0.03811216,-0.03653424,-0.1092535,-0.1421047,-0.01973424,-0.9836059,0.2838622,-0.2093161,0.9357398,0.08832635,0.04545808,-0.03311039,-0.06009832,-0.05491288,-0.01703461,-0.9965354,0.1114928,-0.1179094,0.9867455,0.14,1.811587,3.74,0,-0.6727939,0,0.73983,-0.9955062,0,0.09469664
saccade,20.5756,0.01986755,0.03809118,-0.03654538,-0.1091576,-0.1420856,-0.01977671,-0.9836184,0.2838335,-0.2091189,0.9357926,0.0883033,0.04544508,-0.03311912,-0.06178756,-0.05863434,-0.01720156,-0.9962171,0.1189507,-0.1210904,0.9854887,0.14,1.811587,3.74,0,-0.6727939,0,0.73983,-0.9955062,0,0.09469664
saccade,20.5867,0.01984326,0.03809321,-0.03656176,-0.1125214,-0.1488077,-0.02003493,-0.9822392,0.2968383,-0.2150831,0.9303904,0.08827795,0.04545331,-0.03312811,-0.06181893,-0.05858665,-0.01725407,-0.996217,0.1188633,-0.1211484,0.9854921,0.14,1.811587,3.74,0,-0.6727939,0,0.73983,-0.9955062,0,0.09469664
saccade,20.5982,0.01982178,0.03811908,-0.03658541,-0.1125042,-0.1487931,-0.0200478,-0.9822431,0.296813,-0.215047,0.9304068,0.08825617,0.0454812,-0.03314969,-0.06180282,-0.05857109,-0.01726764,-0.9962187,0.1188336,-0.1211155,0.9854997,0.14,1.811587,3.74,0,-0.6727939,0,0.73983,-0.9955062,0,0.09469664
saccade,20.6089,0.01981294,0.03813601,-0.03659802,-0.1125034,-0.148742,-0.02006534,-0.9822506,0.2967188,-0.2150439,0.9304376,0.08824679,0.04549968,-0.03315498,-0.06245342,-0.06017036,-0.01733365,-0.9960817,0.1220343,-0.1223315,0.9849582,0.14,1.811587,3.74,0,-0.6727939,0,0.73983,-0.9955062,0,0.09469664
saccade,20.6199,0.01981349,0.03812933,-0.03660007,-0.1124348,-0.1487719,-0.02005079,-0.9822542,0.2967725,-0.2149131,0.9304507,0.08824754,0.04549336,-0.03316204,-0.06238372,-0.06020046,-0.01732679,-0.9960843,0.1220913,-0.1221927,0.9849684,0.14,1.811587,3.74,0,-0.6727939,0,0.73983,-0.9955062,0,0.09469664
saccade,20.6316,0.01981674,0.03812945,-0.0366042,-0.1153413,-0.1536282,-0.02021538,-0.9811658,0.3061327,-0.2201265,0.9261895,0.08825062,0.04549623,-0.03316864,-0.06239587,-0.06022095,-0.01734691,-0.9960819,0.1221348,-0.1222135,0.9849604,0.14,1.811587,3.74,0,-0.6727939,0,0.73983,-0.9955062,0,0.09469664
saccade,20.6425,0.01982617,0.03814149,-0.03660534,-0.1153415,-0.1536843,-0.02016593,-0.981158,0.306229,-0.220138,0.926155,0.0882611,0.04550254,-0.03317838,-0.06378558,-0.06074212,-0.01732041,-0.9959628,0.1232034,-0.124952,0.9844836,0.14,1.811587,3.74,0,-0.6727939,0,0.73983,-0.9955062,0,0.09469664
saccade,20.6533,0.01983785,0.03814697,-0.03660871,-0.1153116,-0.1537012,-0.02015415,-0.981159,0.3062586,-0.2200826,0.9261584,0.08827297,0.04550755,-0.03318457,-0.06375474,-0.0607595,-0.01731237,-0.9959638,0.123236,-0.124891,0.9844872,0.14,1.811587,3.74,0,-0.6727939,0,0.73983,-0.9955062,0,0.09469664
saccade,20.6643,0.01984529,0.0381465,-0.03660325,-0.1162691,-0.1559105,-0.02019838,-0.9806964,0.3104987,-0.221751,0.9243469,0.08828065,0.04550731,-0.03318438,-0.06366593,-0.06078957,-0.01730271,-0.9959678,0.1232921,-0.1247148,0.9845026,0.14,1.811587,3.74,0,-0.6727939,0,0.73983,-0.9955062,0,0.09469664
saccade,20.6754,0.0198537,0.03814888,-0.03660039,-0.1162948,-0.1559379,-0.02019265,-0.9806892,0.3105497,-0.2218005,0.9243178,0.08828935,0.04550874,-0.03318514,-0.06369135,-0.06081776,-0.01729608,-0.9959646,0.1233479,-0.1247648,0.9844892,0.14,1.811587,3.74,0,-0.6727939,0,0.73983,-0.9955062,0,0.09469664
saccade,20.6869,0.01986999,0.03816879,-0.03658946,-0.1162508,-0.1558968,-0.02018009,-0.9807012,0.3104683,-0.2217226,0.9243639,0.08830551,0.04552746,-0.0331692,-0.06464694,-0.06194359,-0.01732368,-0.9958332,0.1256108,-0.126609,0.9839675,0.14,1.811587,3.74,0,-0.6727939,0,0.73983,-0.9955062,0,0.09469664
saccade,20.6980,0.01987287,0.03817546,-0.03657825,-0.1172863,-0.1583488,-0.02019088,-0.9801846,0.3151584,-0.22353,0.9223391,0.08830916,0.04552698,-0.03315779,-0.06460395,-0.06193447,-0.01726628,-0.9958375,0.1255843,-0.1265313,0.9839809,0.14,1.811587,3.74,0,-0.6727939,0,0.73983,-0.9955062,0,0.09469664
saccade,20.7088,0.01987621,0.03817546,-0.03656382,-0.117294,-0.1583542,-0.02018099,-0.980183,0.3151664,-0.2235476,0.9223322,0.0883127,0.04552543,-0.03314421,-0.06556486,-0.06242582,-0.01727417,-0.9957439,0.1265854,-0.1284149,0.9836085,0.14,1.811587,3.74,0,-0.6727939,0,0.73983,-0.9955062,0,0.09469664
saccade,20.7200,0.01989162,0.03817308,-0.03656916,-0.1173573,-0.1583208,-0.0201772,-0.980181,0.315102,-0.2236738,0.9223236,0.08832815,0.04552031,-0.03314444,-0.06562751,-0.06239302,-0.01726254,-0.995742,0.1265205,-0.128542,0.9836003,0.14,1.811587,3.74,0,-0.6727939,0,0.73983,-0.9955062,0,0.09469664
saccade,20.7310,0.01990606,0.03816378,-0.03656704,-0.1171729,-0.1598307,-0.02015835,-0.9799584,0.317979,-0.2232052,0.9214493,0.08834353,0.04550183,-0.03314174,-0.06565426,-0.06238666,-0.01719934,-0.9957417,0.1265004,-0.1286034,0.9835948,0.14,1.811587,3.74,0,-0.6727939,0,0.73983,-0.9955062,0,0.09469664
saccade,20.7426,0.01991451,0.03814924,-0.03655155,-0.1171405,-0.1598873,-0.02014473,-0.9799533,0.3180838,-0.2231427,0.9214283,0.0883524,0.0454874,-0.03313459,-0.06562106,-0.06244412,-0.01719201,-0.9957405,0.1266126,-0.128536,0.9835892,0.14,1.811587,3.74,0,-0.6727939,0,0.73983,-0.9955062,0,0.09469664
saccade,20.7535,0.01993503,0.03813577,-0.03653168,-0.1171668,-0.1599011,-0.02017098,-0.9799473,0.3181161,-0.2231839,0.9214071,0.08837266,0.04547691,-0.0331159,-0.0663489,-0.06343359,-0.01724759,-0.9956287,0.1286013,-0.1299296,0.983148,0.14,1.811587,3.74,0,-0.6727939,0,0.73983,-0.9955062,0,0.09469664
saccade,20.7646,0.01994838,0.03815579,-0.03650466,-0.117976,-0.1618761,-0.02022841,-0.9795247,0.3218961,-0.2245719,0.9197556,0.08838651,0.0454973,-0.03309974,-0.06639779,-0.06351717,-0.01725008,-0.9956201,0.1287687,-0.1300226,0.9831138,0.14,1.811587,3.74,0,-0.6727939,0,0.73983,-0.9955062,0,0.09469664
saccade,20.7756,0.01996826,0.03813505,-0.03648924,-0.1180502,-0.1619052,-0.02022797,-0.979511,0.3219516,-0.2247129,0.9197018,0.08840673,0.04547501,-0.03308766,-0.06647218,-0.06354746,-0.01724392,-0.9956133,0.1288299,-0.1301696,0.9830863,0.14,1.811587,3.74,0,-0.6727939,0,0.73983,-0.9955062,0,0.09469664
saccade,20.7868,0.0199859,0.03811109,-0.03646687,-0.1181716,-0.1619701,-0.020237,-0.9794854,0.3220775,-0.2249391,0.9196023,0.08842488,0.04544973,-0.03307295,-0.06721825,-0.06418847,-0.01726381,-0.9955218,0.1301229,-0.1316182,0.9827231,0.14,1.811587,3.74,0,-0.6727939,0,0.73983,-0.9955062,0,0.09469664
saccade,20.7977,0.02000245,0.03811109,-0.03646931,-0.1186704,-0.1634628,-0.02025543,-0.9791767,0.3249253,-0.2257765,0.9183945,0.08844213,0.04544735,-0.03308411,-0.06723374,-0.06425183,-0.01724275,-0.995517,0.1302462,-0.1316489,0.9827027,0.14,1.811587,3.74,0,-0.6727939,0,0.73983,-0.9955062,0,0.09469664
saccade,20.8089,0.02001569,0.03812313,-0.03646186,-0.1187314,-0.1634471,-0.02027785,-0.9791715,0.3249006,-0.225888,0.9183758,0.08845511,0.04546022,-0.03307353,-0.06805581,-0.06524857,-0.01729088,-0.9953955,0.1322498,-0.1332285,0.9822221,0.14,1.811587,3.74,0,-0.6727939,0,0.73983,-0.9955062,0,0.09469664
saccade,20.8202,0.02001603,0.03811979,-0.03645371,-0.1186952,-0.1633978,-0.02031591,-0.9791833,0.3248157,-0.2258096,0.9184251,0.08845453,0.04546225,-0.03305823,-0.06802301,-0.0651965,-0.01732964,-0.9954004,0.1321509,-0.1331606,0.9822446,0.14,1.811587,3.74,0,-0.6727939,0,0.73983,-0.9955062,0,0.09469664
saccade,20.8308,0.02000393,0.03811526,-0.03645129,-0.1197315,-0.1642882,-0.02038792,-0.9789066,0.3265277,-0.227713,0.9173475,0.08844155,0.04546404,-0.03305161,-0.06798935,-0.06516632,-0.01737469,-0.9954039,0.1320962,-0.1330892,0.9822616,0.14,1.811587,3.74,0,-0.6727939,0,0.73983,-0.9955062,0,0.09469664
saccade,20.8422,0.01999224,0.03811872,-0.03646438,-0.1196994,-0.164164,-0.02038528,-0.9789314,0.3262908,-0.2276619,0.9174445,0.08842918,0.04546595,-0.03304793,-0.0687298,-0.0652606,-0.01737821,-0.9953468,0.1323027,-0.1345518,0.9820346,0.14,1.811587,3.74,0,-0.6727939,0,0.73983,-0.9955062,0,0.09469664
saccade,20.8536,0.01997088,0.03811717,-0.03647813,-0.1196816,-0.1641205,-0.02042342,-0.9789401,0.326217,-0.2276185,0.9174815,0.08840698,0.04546928,-0.03305515,-0.0687155,-0.06521453,-0.01741555,-0.9953502,0.132216,-0.1345205,0.9820505,0.14,1.811587,3.74,0,-0.6727939,0,0.73983,-0.9955062,0,0.09469664
saccade,20.8645,0.01995625,0.03812444,-0.03647801,-0.12002,-0.1644489,-0.02044099,-0.9788432,0.326846,-0.2282385,0.9171035,0.08839125,0.04547822,-0.03303707,-0.06858769,-0.06507307,-0.01742374,-0.9953681,0.1319334,-0.1342724,0.9821224,0.14,1.811587,3.74,0,-0.6727939,0,0.73983,-0.9955062,0,0.09469664
saccade,20.8757,0.0199464,0.03812623,-0.03649086,-0.1199577,-0.1643698,-0.02044953,-0.978864,0.3266975,-0.228122,0.9171854,0.0883807,0.04548168,-0.03303942,-0.06950143,-0.06508341,-0.01744118,-0.9953038,0.1319799,-0.1360798,0.9818674,0.14,1.811587,3.74,0,-0.6727939,0,0.73983,-0.9955062,0,0.09469664
saccade,20.8863,0.01994635,0.03809762,-0.03653408,-0.1199145,-0.1642697,-0.02053153,-0.9788843,0.3265262,-0.2280194,0.9172719,0.08837878,0.04546356,-0.03306775,-0.06946551,-0.06497765,-0.01752166,-0.9953117,0.1317803,-0.1360026,0.9819049,0.14,1.811587,3.74,0,-0.6727939,0,0.73983,-0.9955062,0,0.09469664
saccade,20.8983,0.01995338,0.03806579,-0.03653904,-0.1200475,-0.1651609,-0.02052183,-0.9787182,0.3282192,-0.2282064,0.916621,0.08838557,0.04542601,-0.03305606,-0.06940366,-0.06484787,-0.01748235,-0.9953252,0.1315161,-0.135891,0.9819558,0.14,1.811587,3.74,0,-0.6727939,0,0.73983,-0.9955062,0,0.09469664
saccade,20.9091,0.01995674,0.03809083,-0.03653898,-0.1201376,-0.1651325,-0.02034177,-0.9787157,0.3281231,-0.228443,0.9165964,0.08839177,0.0454241,-0.03305458,-0.06947535,-0.06482939,-0.0172929,-0.9953247,0.1314555,-0.1360589,0.9819406,0.14,1.811587,3.74,0,-0.6727939,0,0.73983,-0.9955062,0,0.09469664
saccade,20.9198,0.01996352,0.03815234,-0.03655005,-0.1201192,-0.1651821,-0.02002893,-0.9787161,0.3281446,-0.2285083,0.9165725,0.08840348,0.04544544,-0.03307843,-0.07108997,-0.06523064,-0.01700403,-0.9951895,0.1322513,-0.1392776,0.9813824,0.14,1.811587,3.74,0,-0.6727939,0,0.73983,-0.9955062,0,0.09469664
saccade,20.9315,0.01999075,0.03819561,-0.03654229,-0.1199298,-0.1658537,-0.01992879,-0.9786278,0.3293982,-0.2281227,0.9162188,0.08843216,0.04547441,-0.03306936,-0.07100771,-0.06520539,-0.0168914,-0.9951989,0.1321835,-0.1391308,0.9814124,0.14,1.811587,3.74,0,-0.6727939,0,0.73983,-0.9955062,0,0.09469664
saccade,20.9425,0.02004082,0.03821123,-0.03653567,-0.1200977,-0.1660396,-0.01982326,-0.9785779,0.3297267,-0.2284669,0.9160149,0.08848523,0.04547417,-0.03308878,-0.07154848,-0.06581072,-0.01679277,-0.995122,0.1333824,-0.1401886,0.9810995,0.14,1.811587,3.74,0,-0.6727939,0,0.73983,-0.9955062,0,0.09469664
saccade,20.9535,0.02007546,0.03820539,-0.03652966,-0.1200897,-0.1661796,-0.01977942,-0.9785559,0.3299826,-0.2284551,0.9159256,0.08852123,0.04546511,-0.03310294,-0.07153738,-0.06595428,-0.01675713,-0.9951139,0.1336616,-0.1401653,0.9810649,0.14,1.811587,3.74,0,-0.6727939,0,0.73983,-0.9955062,0,0.09469664
saccade,20.9644,0.02012377,0.03817737,-0.03651185,-0.1204766,-0.1668859,-0.01995366,-0.9783846,0.331365,-0.2290848,0.915269,0.08856791,0.0454582,-0.0330973,-0.07161482,-0.06606173,-0.0169126,-0.9950986,0.1338983,-0.1402931,0.9810143,0.14,1.811587,3.74,0,-0.6727939,0,0.73983,-0.9955062,0,0.09469664
saccade,20.9760,0.0201577,0.03815877,-0.03650547,-0.1204977,-0.1669978,-0.0200149,-0.9783616,0.3315921,-0.2290957,0.9151841,0.08860154,0.04544902,-0.03310504,-0.07164322,-0.06617217,-0.01697706,-0.9950881,0.1341269,-0.1403358,0.980977,0.14,1.811587,3.74,0,-0.6727939,0,0.73983,-0.9955062,0,0.09469664
saccade,20.9867,0.02018061,0.03814483,-0.03650555,-0.1205952,-0.1670834,-0.02008379,-0.9783336,0.3317706,-0.2292533,0.9150799,0.0886241,0.0454427,-0.03311476,-0.07188599,-0.06644678,-0.01704615,-0.9950511,0.1346866,-0.1407952,0.9808345,0.14,1.811587,3.74,0,-0.6727939,0,0.73983,-0.9955062,0,0.09469664
saccade,21.0015,0.02017625,0.03814089,-0.03650796,-0.1210195,-0.1681046,-0.02013681,-0.9781051,0.3337218,-0.2299695,0.9141902,0.08861993,0.0454452,-0.03313478,-0.07186523,-0.06657637,-0.0170821,-0.9950433,0.134948,-0.1407435,0.9808059,0.14,1.811587,3.74,0,-0.6727939,0,0.73983,-0.9955062,0,0.09469664
saccade,21.0124,0.02015964,0.03815901,-0.03651425,-0.1210807,-0.1681194,-0.0200579,-0.9780967,0.3337313,-0.230113,0.9141507,0.08860473,0.0454514,-0.03314405,-0.07200035,-0.06697521,-0.01700964,-0.9950081,0.1357311,-0.1410034,0.9806606,0.14,1.811587,3.74,0,-0.6727939,0,0.73983,-0.9955062,0,0.09469664
saccade,21.0234,0.02014722,0.03816688,-0.03651782,-0.121025,-0.1680833,-0.02000955,-0.9781107,0.3336515,-0.2300251,0.9142019,0.08859272,0.04545391,-0.03314403,-0.07193935,-0.06694047,-0.01696539,-0.9950156,0.1356546,-0.1408902,0.9806874,0.14,1.811587,3.74,0,-0.6727939,0,0.73983,-0.9955062,0,0.09469664
saccade,21.0344,0.02013135,0.03817928,-0.0365346,-0.1211123,-0.1687017,-0.0200185,-0.9779933,0.3348272,-0.2301396,0.9137431,0.08857651,0.04546249,-0.03314591,-0.0719506,-0.06683121,-0.01694713,-0.9950224,0.1354358,-0.1409197,0.9807134,0.14,1.811587,3.74,0,-0.6727939,0,0.73983,-0.9955062,0,0.09469664
saccade,21.0456,0.02010438,0.03819704,-0.03655982,-0.1210925,-0.1686312,-0.02004281,-0.9780074,0.3346992,-0.230099,0.9138002,0.08854876,0.04548287,-0.03316114,-0.0719542,-0.06707691,-0.01697903,-0.995005,0.1359272,-0.1409118,0.9806466,0.14,1.811587,3.74,0,-0.6727939,0,0.73983,-0.9955062,0,0.09469664
saccade,21.0568,0.02008312,0.03819346,-0.03657475,-0.1210439,-0.1685032,-0.02007397,-0.9780349,0.3344637,-0.2300053,0.9139101,0.08852626,0.04548264,-0.03315827,-0.07190765,-0.06694537,-0.01700833,-0.9950168,0.1356696,-0.1408214,0.9806952,0.14,1.811587,3.74,0,-0.6727939,0,0.73983,-0.9955062,0,0.09469664
saccade,21.0681,0.0200536,0.03817725,-0.0365882,-0.1212205,-0.1690833,-0.0201484,-0.9779114,0.3355817,-0.2302722,0.9134329,0.08849528,0.04547489,-0.03316034,-0.07183198,-0.06686055,-0.01706741,-0.9950269,0.1355081,-0.1406672,0.9807397,0.14,1.811587,3.74,0,-0.6727939,0,0.73983,-0.9955062,0,0.09469664
saccade,21.0790,0.0200089,0.03818071,-0.03660189,-0.1211914,-0.1689664,-0.02023476,-0.9779334,0.3353803,-0.2301963,0.913526,0.0884486,0.0454886,-0.03315658,-0.0716452,-0.06663559,-0.01714643,-0.9950542,0.135069,-0.1402966,0.9808533,0.14,1.811587,3.74,0,-0.6727939,0,0.73983,-0.9955062,0,0.09469664
saccade,21.0900,0.019997,0.03817248,-0.03660573,-0.1212296,-0.1689578,-0.0202256,-0.9779303,0.3353618,-0.2302737,0.9135133,0.0884369,0.04547787,-0.03315906,-0.07168234,-0.06662782,-0.01713297,-0.9950522,0.1350526,-0.1403723,0.9808447,0.14,1.811587,3.74,0,-0.6727939,0,0.73983,-0.9955062,0,0.09469664
saccade,21.1014,0.01996919,0.03814852,-0.03662129,-0.1214886,-0.1696628,-0.02030924,-0.9777743,0.3367186,-0.2306855,0.91291,0.08840813,0.04546309,-0.0331749,-0.07166983,-0.06663384,-0.01719852,-0.9950516,0.1350734,-0.1403383,0.9808468,0.14,1.811587,3.74,0,-0.6727939,0,0.73983,-0.9955062,0,0.09469664
saccade,21.1125,0.01996114,0.03811944,-0.0366191,-0.1215716,-0.1696559,-0.02032742,-0.9777648,0.3367096,-0.2308396,0.9128745,0.0884,0.04543388,-0.03317067,-0.07201936,-0.06680477,-0.01721402,-0.9950146,0.1354229,-0.1410207,0.9807007,0.14,1.811587,3.74,0,-0.6727939,0,0.73983,-0.9955062,0,0.09469664
saccade,21.1237,0.01997325,0.03811717,-0.03663623,-0.1218046,-0.1697748,-0.02038985,-0.9777139,0.3369494,-0.2312568,0.9126803,0.08841141,0.04543841,-0.03318856,-0.07206559,-0.06681854,-0.01726924,-0.9950094,0.1354592,-0.1411041,0.9806837,0.14,1.811587,3.74,0,-0.6727939,0,0.73983,-0.9955062,0,0.09469664
saccade,21.1350,0.01997772,0.03810978,-0.03663942,-0.1218584,-0.1697889,-0.02041795,-0.9777042,0.3369828,-0.2313495,0.9126445,0.08841567,0.0454334,-0.03319269,-0.07212246,-0.06683207,-0.01729234,-0.9950039,0.1354907,-0.1412129,0.9806637,0.14,1.811587,3.74,0,-0.6727939,0,0.73983,-0.9955062,0,0.09469664
saccade,21.1461,0.01998008,0.03811514,-0.03663232,-0.1219573,-0.1697674,-0.02042185,-0.9776955,0.3369429,-0.2315402,0.9126109,0.08841813,0.04543602,-0.0331817,-0.0722215,-0.06681141,-0.01728491,-0.9949983,0.1354512,-0.1414109,0.9806406,0.14,1.811587,3.74,0,-0.6727939,0,0.73983,-0.9955062,0,0.09469664
saccade,21.1570,0.01996575,0.0381391,-0.03663032,-0.1221152,-0.1698128,-0.02033319,-0.9776697,0.3370077,-0.2318711,0.9125029,0.0884058,0.04544425,-0.03318622,-0.0725252,-0.06756009,-0.01720412,-0.994927,0.1369302,-0.1419899,0.9803514,0.14,1.811587,3.74,0,-0.6727939,0,0.73983,-0.9955062,0,0.09469664
saccade,21.1678,0.01994972,0.03814876,-0.03664075,-0.1206574,-0.1619983,-0.02011426,-0.9791802,0.322105,-0.2297738,0.9183967,0.08838894,0.04545844,-0.03318962,-0.0723419,-0.06749456,-0.01722045,-0.9949445,0.1367982,-0.1416278,0.9804223,0.14,1.811587,3.74,0,-0.6727939,0,0.73983,-0.9955062,0,0.09469664
saccade,21.1789,0.01994433,0.03815615,-0.03663651,-0.1206483,-0.1620112,-0.02012756,-0.9791789,0.3221327,-0.2297507,0.9183927,0.08838339,0.04546809,-0.03318699,-0.07233412,-0.06750684,-0.01723519,-0.994944,0.1368244,-0.1416098,0.9804212,0.14,1.811587,3.74,0,-0.6727939,0,0.73983,-0.9955062,0,0.09469664
saccade,21.1900,0.01994544,0.03817296,-0.03662736,-0.1205323,-0.1619959,-0.02015173,-0.9791952,0.322109,-0.2295202,0.9184586,0.08838376,0.04549122,-0.03317634,-0.0674369,-0.05875929,-0.01699302,-0.9958468,0.1193224,-0.1323167,0.9839992,0.14,1.811587,3.74,0,-0.6727939,0,0.73983,-0.9955062,0,0.09469664
saccade,21.2020,0.01993469,0.03819788,-0.03660768,-0.1029143,-0.1029627,-0.01839031,-0.989176,0.2074817,-0.1998137,0.9576147,0.08837289,0.04551184,-0.03314532,-0.06734578,-0.05866608,-0.01695806,-0.9958591,0.1191304,-0.1321441,0.9840457,0.14,1.811587,3.74,0,-0.6727939,0,0.73983,-0.9955062,0,0.09469664
saccade,21.2120,0.01993536,0.03819644,-0.03660617,-0.1029243,-0.1030296,-0.01834713,-0.9891688,0.2076041,-0.1998384,0.957583,0.08837459,0.04550529,-0.03315353,-0.03639043,-0.007639105,-0.01525814,-0.999192,0.01637636,-0.07248894,0.9972348,0.14,1.811587,3.74,0,-0.6727939,0,0.73983,-0.9955062,0,0.09469664
saccade,21.2236,0.01994629,0.03818572,-0.03659983,-0.1029906,-0.1030503,-0.01827406,-0.9891611,0.2076307,-0.1999823,0.9575472,0.08838686,0.04548371,-0.03315043,-0.03644988,-0.007665324,-0.01518071,-0.9991908,0.01642491,-0.07260803,0.9972253,0.14,1.811587,3.74,0,-0.6727939,0,0.73983,-0.9955062,0,0.09469664
saccade,21.2347,0.01997646,0.03817868,-0.03659245,-0.0714521,-0.01342752,-0.01553502,-0.9972327,0.02900075,-0.1420916,0.9894286,0.08841702,0.04547858,-0.03314695,-0.03656656,-0.007705063,-0.0151995,-0.999186,0.01650917,-0.07283937,0.997207,0.14,1.811587,3.74,0,-0.6727939,0,0.73983,-0.9955062,0,0.09469664
saccade,21.2463,0.02001135,0.0381844,-0.03658012,-0.07159591,-0.01345069,-0.01551686,-0.9972224,0.02904855,-0.1423766,0.9893862,0.08845237,0.04548073,-0.03313619,-0.004098125,0.04074694,-0.01352853,-0.9990695,-0.08130717,-0.009291116,0.9966458,0.14,1.811587,3.74,0,-0.6727939,0,0.73983,-0.9955062,0,0.09469664
saccade,21.2571,0.02001159,0.03817081,-0.03658219,-0.07160258,-0.01349911,-0.01556006,-0.9972205,0.02915147,-0.142387,0.9893817,0.08845223,0.04547346,-0.03314436,-0.004107239,0.04070156,-0.01357452,-0.9990707,-0.08121597,-0.009311853,0.996653,0.14,1.811587,3.74,0,-0.6727939,0,0.73983,-0.9955062,0,0.09469664
saccade,21.2682,0.02002621,0.03816998,-0.03657937,-0.06251393,0.03891223,-0.01395151,-0.9971877,-0.07586126,-0.125762,0.9891557,0.08846635,0.04547727,-0.0331414,-0.004088108,0.04070437,-0.01360864,-0.9990702,-0.08122179,-0.009276476,0.9966529,0.14,1.811587,3.74,0,-0.6727939,0,0.73983,-0.9955062,0,0.09469664
saccade,21.2843,0.02003776,0.03818274,-0.03657221,-0.06248714,0.03895535,-0.01402641,-0.9971866,-0.07593855,-0.1257155,0.9891557,0.08847653,0.04550004,-0.03312808,-0.004061397,0.04075173,-0.01368091,-0.9990674,-0.08131633,-0.009230261,0.9966456,0.14,1.811587,3.74,0,-0.6727939,0,0.73983,-0.9955062,0,0.09469664
saccade,21.2950,0.02005672,0.03819525,-0.03656973,-0.06365994,0.05017483,-0.01367255,-0.9966158,-0.09826926,-0.128261,0.9868598,0.08849554,0.04551065,-0.03312266,0.008432195,0.0621067,-0.01293532,-0.9979501,-0.1241769,0.01522308,0.9921433,0.14,1.811587,3.74,0,-0.6727939,0,0.73983,-0.9955062,0,0.09469664
saccade,21.3058,0.02006144,0.03820562,-0.03657902,-0.06370246,0.05015647,-0.01362469,-0.9966146,-0.0982375,-0.1283403,0.9868526,0.08850107,0.04551458,-0.03313429,0.008390145,0.06208509,-0.01288845,-0.9979525,-0.1241322,0.01514557,0.9921501,0.14,1.811587,3.74,0,-0.6727939,0,0.73983,-0.9955062,0,0.09469664
saccade,21.3178,0.02007842,0.03821862,-0.03658553,-0.06368168,0.05016984,-0.01354358,-0.9966164,-0.09827522,-0.1282914,0.9868553,0.08851919,0.04551637,-0.03313991,0.01508762,0.07519957,-0.01235829,-0.9969778,-0.1503175,0.02822537,0.9882348,0.14,1.811587,3.74,0,-0.6727939,0,0.73983,-0.9955062,0,0.09469664
saccade,21.3287,0.02008998,0.0382452,-0.036585,-0.06254175,0.05672678,-0.01326591,-0.9963406,-0.111379,-0.1261308,0.9857412,0.08853163,0.04553306,-0.03313585,0.01512511,0.07522701,-0.01228693,-0.996976,-0.1503707,0.02831013,0.9882243,0.14,1.811587,3.74,0,-0.6727939,0,0.73983,-0.9955062,0,0.09469664
saccade,21.3393,0.0201139,0.03826618,-0.03659356,-0.0626719,0.05670686,-0.01329297,-0.9963332,-0.1113317,-0.1263918,0.9857131,0.08855516,0.04555809,-0.03314521,0.01499423,0.07520972,-0.01231315,-0.996979,-0.1503343,0.02804573,0.9882373,0.14,1.811587,3.74,0,-0.6727939,0,0.73983,-0.9955062,0,0.09469664
saccade,21.3494,0.02015044,0.03827846,-0.03659651,-0.06267972,0.05667896,-0.0132656,-0.9963347,-0.1112795,-0.1264037,0.9857175,0.08859227,0.04556692,-0.0331521,0.019636,0.08332613,-0.0120039,-0.9962566,-0.1664998,0.03712452,0.9853424,0.14,1.811587,3.74,0,-0.6727939,0,0.73983,-0.9955062,0,0.09469664
saccade,21.3604,0.02019138,0.03832352,-0.03657524,-0.06266961,0.05662495,-0.0132202,-0.996339,-0.1111783,-0.1263775,0.9857323,0.08863422,0.04560614,-0.03313872,0.01964731,0.08326863,-0.0119634,-0.9962617,-0.1663848,0.03715538,0.9853606,0.14,1.811587,3.74,0,-0.6727939,0,0.73983,-0.9955062,0,0.09469664
saccade,21.3747,0.02022902,0.03834617,-0.03656142,-0.06213452,0.06185712,-0.01301884,-0.996064,-0.1216094,-0.1253905,0.984626,0.08867307,0.04562533,-0.0331416,0.01971277,0.08315267,-0.01194225,-0.9962703,-0.1661559,0.03729244,0.9853941,0.14,1.811587,3.74,0,-0.6727939,0,0.73983,-0.9955062,0,0.09469664
saccade,21.3825,0.02028283,0.03836668,-0.03654771,-0.06210008,0.06176138,-0.01295046,-0.9960731,-0.1214292,-0.1253121,0.9846582,0.08872849,0.04563725,-0.033142,0.02303954,0.08873699,-0.01168501,-0.9957201,-0.1772528,0.04380808,0.9831899,0.14,1.811587,3.74,0,-0.6727939,0,0.73983,-0.9955062,0,0.09469664
saccade,21.3910,0.02032651,0.03838396,-0.03653836,-0.062047,0.06168427,-0.01289999,-0.9960818,-0.1212843,-0.1251992,0.9846904,0.08877344,0.0456481,-0.03314431,0.02309402,0.0886558,-0.01164273,-0.9957265,-0.1770916,0.04392627,0.9832136,0.14,1.811587,3.74,0,-0.6727939,0,0.73983,-0.9955062,0,0.09469664
saccade,21.4017,0.02034077,0.03840256,-0.03649954,-0.0621363,0.06510862,-0.01275959,-0.99586,-0.1280925,-0.1254196,0.9837999,0.08878882,0.04566324,-0.03312059,0.0231781,0.08855306,-0.01162219,-0.995734,-0.1768894,0.04410009,0.9832423,0.14,1.811587,3.74,0,-0.6727939,0,0.73983,-0.9955062,0,0.09469664
saccade,21.4129,0.02035926,0.03840983,-0.03648501,-0.06211294,0.06508631,-0.01265592,-0.9958643,-0.1280621,-0.1253596,0.9838115,0.088809,0.04565632,-0.03311023,0.02320391,0.08852196,-0.01152138,-0.9957373,-0.1768239,0.04417022,0.9832509,0.14,1.811587,3.74,0,-0.6727939,0,0.73983,-0.9955062,0,0.09469664
saccade,21.4234,0.02038234,0.03841209,-0.03647767,-0.06215021,0.06510376,-0.01266919,-0.9958606,-0.1280938,-0.1254355,0.9837977,0.08883175,0.04566038,-0.0330999,0.02595278,0.09250721,-0.01139228,-0.9953086,-0.1847378,0.04955431,0.9815378,0.14,1.811587,3.74,0,-0.6727939,0,0.73983,-0.9955062,0,0.09469664
saccade,21.4349,0.02039932,0.03841424,-0.03647339,-0.06151954,0.06719007,-0.01263319,-0.9957617,-0.1322562,-0.1242153,0.9834017,0.08884822,0.04566693,-0.03309449,0.02593346,0.09251469,-0.01142284,-0.995308,-0.1847537,0.04951001,0.981537,0.14,1.811587,3.74,0,-0.6727939,0,0.73983,-0.9955062,0,0.09469664
saccade,21.4459,0.02039592,0.03840351,-0.03647973,-0.06150113,0.06719492,-0.0125756,-0.9957632,-0.1322736,-0.1241711,0.9834049,0.08884566,0.04564822,-0.03310085,0.02595337,0.0925144,-0.01136552,-0.9953082,-0.1847506,0.04956025,0.981535,0.14,1.811587,3.74,0,-0.6727939,0,0.73983,-0.9955062,0,0.09469664
saccade,21.4565,0.02040197,0.03840947,-0.03648479,-0.06157724,0.06722622,-0.01258637,-0.9957563,-0.1323318,-0.1243241,0.9833778,0.08885129,0.04565561,-0.03310052,0.02780071,0.09535464,-0.01127229,-0.9949912,-0.1903808,0.0531732,0.9802693,0.14,1.811587,3.74,0,-0.6727939,0,0.73983,-0.9955062,0,0.09469664
saccade,21.4682,0.02040194,0.03840482,-0.03648533,-0.06181712,0.06898823,-0.01253374,-0.9956216,-0.1358227,-0.1248223,0.9828385,0.08885094,0.04565036,-0.0330935,0.02779873,0.09540918,-0.01126708,-0.9949861,-0.190488,0.05316874,0.9802486,0.14,1.811587,3.74,0,-0.6727939,0,0.73983,-0.9955062,0,0.09469664
saccade,21.4794,0.0203985,0.03842413,-0.03650159,-0.06193179,0.06910253,-0.01244475,-0.9956076,-0.1360566,-0.1250394,0.9827786,0.08884804,0.04565692,-0.03309323,0.02768632,0.0955154,-0.01116525,-0.9949802,-0.1906901,0.05296178,0.9802206,0.14,1.811587,3.74,0,-0.6727939,0,0.73983,-0.9955062,0,0.09469664
saccade,21.4900,0.02038572,0.03841996,-0.03651362,-0.06184587,0.06914245,-0.01250345,-0.9956095,-0.1361312,-0.1248777,0.9827888,0.08883423,0.04566026,-0.03310048,0.02864585,0.09796629,-0.01114101,-0.994715,-0.1955354,0.05480604,0.9791641,0.14,1.811587,3.74,0,-0.6727939,0,0.73983,-0.9955062,0,0.09469664
saccade,21.5012,0.02038677,0.03841937,-0.03651967,-0.0614671,0.06991158,-0.01252581,-0.9955789,-0.1376651,-0.1241421,0.9826683,0.08883443,0.0456661,-0.03310299,0.02860614,0.09799013,-0.01118565,-0.9947133,-0.1955841,0.05471766,0.9791592,0.14,1.811587,3.74,0,-0.6727939,0,0.73983,-0.9955062,0,0.09469664
saccade,21.5124,0.02037724,0.03842199,-0.03653861,-0.06149735,0.06992411,-0.01251819,-0.9955763,-0.1376899,-0.1242013,0.9826574,0.0888249,0.04566765,-0.03311986,0.02857607,0.09800205,-0.0111761,-0.9947131,-0.1956066,0.05465942,0.979158,0.14,1.811587,3.74,0,-0.6727939,0,0.73983,-0.9955062,0,0.09469664
saccade,21.5239,0.02037168,0.03843248,-0.03655362,-0.06151465,0.06996296,-0.01252046,-0.9955724,-0.137766,-0.1242365,0.9826423,0.08881906,0.04567814,-0.0331293,0.02938034,0.100218,-0.01110032,-0.9944697,-0.1999798,0.05621081,0.9781863,0.14,1.811587,3.74,0,-0.6727939,0,0.73983,-0.9955062,0,0.09469664
saccade,21.5346,0.02037219,0.03843224,-0.03656094,-0.0605842,0.0714368,-0.01251838,-0.9955248,-0.1407174,-0.1224147,0.9824527,0.08881898,0.04568505,-0.03313991,0.02933309,0.1001917,-0.01115119,-0.9944732,-0.1999301,0.05610742,0.9782024,0.14,1.811587,3.74,0,-0.6727939,0,0.73983,-0.9955062,0,0.09469664
saccade,21.5459,0.02037201,0.03843606,-0.03657133,-0.06063833,0.07140804,-0.01247976,-0.995524,-0.1406633,-0.1225162,0.9824477,0.08881949,0.04568398,-0.03315381,0.02927999,0.1001599,-0.01111383,-0.9944783,-0.1998646,0.05601032,0.9782214,0.14,1.811587,3.74,0,-0.6727939,0,0.73983,-0.9955062,0,0.09469664
saccade,21.5568,0.02036879,0.03845346,-0.03658433,-0.0607007,0.07144904,-0.012469,-0.9955175,-0.1407438,-0.122639,0.9824209,0.08881612,0.04569983,-0.03316043,0.03000743,0.1022508,-0.01102743,-0.9942448,-0.2039864,0.05741433,0.9772887,0.14,1.811587,3.74,0,-0.6727939,0,0.73983,-0.9955062,0,0.09469664
saccade,21.5678,0.02033246,0.03844941,-0.03659669,-0.06054563,0.0729279,-0.0124683,-0.9954197,-0.1436779,-0.1223552,0.9820315,0.08877952,0.04570293,-0.03318279,0.03003077,0.1021825,-0.01108351,-0.9942505,-0.2038556,0.05745114,0.9773138,0.14,1.811587,3.74,0,-0.6727939,0,0.73983,-0.9955062,0,0.09469664
saccade,21.5790,0.02034374,0.038463,-0.03659836,-0.06052962,0.07300136,-0.01239695,-0.9954162,-0.1438327,-0.1223143,0.9820139,0.08879143,0.04570615,-0.03317512,0.03112779,0.1040844,-0.01094127,-0.994021,-0.2076054,0.05960573,0.976395,0.14,1.811587,3.74,0,-0.6727939,0,0.73983,-0.9955062,0,0.09469664
saccade,21.5904,0.02034701,0.03847122,-0.03660376,-0.06042162,0.07298058,-0.01240835,-0.9954241,-0.1437938,-0.1221014,0.9820461,0.08879477,0.04571569,-0.03318474,0.03123553,0.1040642,-0.01095782,-0.9940196,-0.2075683,0.05981682,0.9763899,0.14,1.811587,3.74,0,-0.6727939,0,0.73983,-0.9955062,0,0.09469664
saccade,21.6019,0.02032768,0.03850377,-0.03658734,-0.060462,0.07373999,-0.01242358,-0.9953655,-0.1452942,-0.1221958,0.9818135,0.08877478,0.04575336,-0.03316573,0.0312432,0.1040853,-0.01099464,-0.9940167,-0.207612,0.05982377,0.9763802,0.14,1.811587,3.74,0,-0.6727939,0,0.73983,-0.9955062,0,0.09469664
saccade,21.6122,0.02031572,0.03851688,-0.03657664,-0.0603976,0.07374712,-0.01242072,-0.9953689,-0.1453108,-0.1220678,0.981827,0.08876288,0.04576576,-0.03315494,0.03198829,0.1055872,-0.01094146,-0.9938352,-0.2105725,0.06127162,0.9756562,0.14,1.811587,3.74,0,-0.6727939,0,0.73983,-0.9955062,0,0.09469664
saccade,21.6235,0.02031654,0.03852952,-0.03657737,-0.06037119,0.07380056,-0.0124854,-0.9953657,-0.1454096,-0.1220257,0.9818176,0.08876245,0.04578674,-0.03314821,0.03201268,0.1056461,-0.01100168,-0.9938275,-0.2106923,0.0613056,0.9756282,0.14,1.811587,3.74,0,-0.6727939,0,0.73983,-0.9955062,0,0.09469664
saccade,21.6347,0.02031798,0.03853571,-0.03658428,-0.05966556,0.07460066,-0.01246761,-0.9953489,-0.1470196,-0.1206363,0.9817495,0.0887638,0.04579425,-0.03315631,0.03205872,0.1056421,-0.01101391,-0.9938263,-0.2106859,0.06139452,0.975624,0.14,1.811587,3.74,0,-0.6727939,0,0.73983,-0.9955062,0,0.09469664
saccade,21.6463,0.02031447,0.03855562,-0.03659028,-0.05969382,0.07459947,-0.01245809,-0.9953474,-0.1470174,-0.1206909,0.9817432,0.08876042,0.04581296,-0.03316216,0.03203072,0.1056402,-0.01100369,-0.9938275,-0.2106812,0.06134117,0.9756284,0.14,1.811587,3.74,0,-0.6727939,0,0.73983,-0.9955062,0,0.09469664
saccade,21.6570,0.02031836,0.03857136,-0.03659089,-0.05971899,0.07460384,-0.01246835,-0.9953454,-0.147024,-0.1207424,0.9817358,0.0887641,0.04583013,-0.03316176,0.03258558,0.1067657,-0.01097365,-0.9936895,-0.212899,0.06241669,0.9750785,0.14,1.811587,3.74,0,-0.6727939,0,0.73983,-0.9955062,0,0.09469664
saccade,21.6680,0.02032984,0.03858662,-0.03658091,-0.05971079,0.07461877,-0.01244226,-0.9953451,-0.147057,-0.1207225,0.9817333,0.0887759,0.04584169,-0.03315003,0.03259464,0.1067781,-0.01094656,-0.9936882,-0.2129218,0.06244012,0.9750721,0.14,1.811587,3.74,0,-0.6727939,0,0.73983,-0.9955062,0,0.09469664
saccade,21.6791,0.02032817,0.03859878,-0.03658109,-0.05971653,0.07557133,-0.01233311,-0.9952742,-0.1489554,-0.1207327,0.9814458,0.08877526,0.04584277,-0.03314748,0.03258786,0.1067938,-0.01086457,-0.9936876,-0.2129475,0.06244376,0.9750662,0.14,1.811587,3.74,0,-0.6727939,0,0.73983,-0.9955062,0,0.09469664
saccade,21.6901,0.02032673,0.03859997,-0.03656512,-0.05961939,0.07558525,-0.012315,-0.9952793,-0.1489885,-0.1205375,0.9814648,0.08877411,0.04584098,-0.03313104,0.03338501,0.1078692,-0.01081029,-0.9935456,-0.2150678,0.06400687,0.9744993,0.14,1.811587,3.74,0,-0.6727939,0,0.73983,-0.9955062,0,0.09469664
saccade,21.7014,0.02032911,0.03860879,-0.03655644,-0.06015566,0.076148,-0.01225907,-0.9952047,-0.1500908,-0.1216014,0.9811656,0.08877742,0.04584527,-0.03313127,0.03333545,0.1077986,-0.01077692,-0.9935553,-0.2149262,0.06391775,0.9745364,0.14,1.811587,3.74,0,-0.6727939,0,0.73983,-0.9955062,0,0.09469664
saccade,21.7126,0.02033917,0.03860497,-0.03654519,-0.06016489,0.07614327,-0.01223758,-0.9952049,-0.1500838,-0.1216164,0.9811648,0.08878781,0.04583871,-0.03312071,0.03332689,0.1077919,-0.01075568,-0.9935565,-0.2149116,0.06390555,0.9745405,0.14,1.811587,3.74,0,-0.6727939,0,0.73983,-0.9955062,0,0.09469664
saccade,21.7235,0.0203517,0.03858864,-0.03655629,-0.06019399,0.07614964,-0.01221529,-0.9952028,-0.1500981,-0.1216708,0.9811558,0.08880059,0.04581928,-0.03313071,0.03394429,0.1091021,-0.0106866,-0.9933934,-0.217488,0.06510819,0.9738891,0.14,1.811587,3.74,0,-0.6727939,0,0.73983,-0.9955062,0,0.09469664
saccade,21.7347,0.02036139,0.03858244,-0.03655433,-0.06075581,0.07672499,-0.01222293,-0.9951245,-0.1512166,-0.1227948,0.980844,0.08881009,0.04581702,-0.03313291,0.03389731,0.1090687,-0.010713,-0.9933984,-0.2174237,0.06501017,0.97391,0.14,1.811587,3.74,0,-0.6727939,0,0.73983,-0.9955062,0,0.09469664
saccade,21.7457,0.02036487,0.03857958,-0.03654748,-0.06075039,0.0767057,-0.01220435,-0.9951265,-0.1511809,-0.1227809,0.9808512,0.08881396,0.04581165,-0.03312892,0.03390333,0.1090478,-0.01069653,-0.9934006,-0.2173816,0.06502631,0.9739183,0.14,1.811587,3.74,0,-0.6727939,0,0.73983,-0.9955062,0,0.09469664
saccade,21.7572,0.02036384,0.03858781,-0.03653959,-0.06083661,0.07672025,-0.01223398,-0.9951197,-0.1512031,-0.1229566,0.9808258,0.08881232,0.04582417,-0.03311766,0.03386206,0.1097845,-0.01069859,-0.9933209,-0.2188269,0.06492271,0.9736015,0.14,1.811587,3.74,0,-0.6727939,0,0.73983,-0.9955062,0,0.09469664
saccade,21.7685,0.02034953,0.03860044,-0.03655406,-0.0604822,0.07667528,-0.01222205,-0.995145,-0.1511276,-0.1222514,0.9809256,0.08879839,0.04583573,-0.03313741,0.03386563,0.1097461,-0.01069171,-0.9933251,-0.2187513,0.06493242,0.9736178,0.14,1.811587,3.74,0,-0.6727939,0,0.73983,-0.9955062,0,0.09469664
saccade,21.7788,0.02034954,0.0386045,-0.03654984,-0.06052927,0.07670372,-0.01221617,-0.99514,-0.151183,-0.1223442,0.9809055,0.08879828,0.04583883,-0.03312869,0.03381874,0.1097741,-0.01068163,-0.9933237,-0.2188048,0.06484078,0.9736119,0.14,1.811587,3.74,0,-0.6727939,0,0.73983,-0.9955062,0,0.09469664
saccade,21.7898,0.02034757,0.03860724,-0.03654347,-0.06054578,0.07672967,-0.01224195,-0.9951366,-0.1512306,-0.1223813,0.9808936,0.08879574,0.04584503,-0.03311836,0.03365875,0.1102383,-0.01069111,-0.9932776,-0.2197141,0.06450783,0.9734292,0.14,1.811587,3.74,0,-0.6727939,0,0.73983,-0.9955062,0,0.09469664
saccade,21.8015,0.02034791,0.03861475,-0.03654251,-0.06024051,0.07738477,-0.01224779,-0.9951044,-0.1525362,-0.1217868,0.9807653,0.08879548,0.04585588,-0.03311228,0.03365538,0.1102761,-0.01071435,-0.9932733,-0.2197898,0.06449491,0.973413,0.14,1.811587,3.74,0,-0.6727939,0,0.73983,-0.9955062,0,0.09469664
saccade,21.8125,0.02034389,0.03862381,-0.03653535,-0.06015451,0.07738256,-0.01226753,-0.9951096,-0.1525323,-0.1216192,0.9807867,0.08879127,0.04586732,-0.03310644,0.0337408,0.1102752,-0.01073697,-0.9932702,-0.2197908,0.06465942,0.9734018,0.14,1.811587,3.74,0,-0.6727939,0,0.73983,-0.9955062,0,0.09469664
saccade,21.8235,0.02033722,0.03864491,-0.03653082,-0.06011704,0.0773642,-0.01223812,-0.9951136,-0.1525009,-0.1215401,0.9808015,0.08878518,0.04588449,-0.03310514,0.03388857,0.1106706,-0.01069669,-0.9932216,-0.220566,0.06495009,0.9732071,0.14,1.811587,3.74,0,-0.6727939,0,0.73983,-0.9955062,0,0.09469664
saccade,21.8352,0.02033331,0.03866363,-0.03652378,-0.06037218,0.07756189,-0.01223866,-0.9950827,-0.1528832,-0.1220491,0.9806787,0.08878104,0.04590321,-0.03309368,0.03394975,0.1107084,-0.01069921,-0.9932153,-0.2206411,0.06506984,0.9731821,0.14,1.811587,3.74,0,-0.6727939,0,0.73983,-0.9955062,0,0.09469664
saccade,21.8456,0.02033207,0.03867996,-0.03652794,-0.06034058,0.0775618,-0.01222054,-0.9950849,-0.1528864,-0.1219837,0.9806864,0.08878011,0.04591691,-0.0330984,0.03398199,0.1107064,-0.01068223,-0.9932146,-0.2206365,0.06513764,0.9731786,0.14,1.811587,3.74,0,-0.6727939,0,0.73983,-0.9955062,0,0.09469664
saccade,21.8574,0.02033286,0.03866816,-0.03652793,-0.06032601,0.07762647,-0.01220845,-0.9950808,-0.1530163,-0.1219539,0.9806698,0.08878072,0.04590285,-0.0330898,0.03436344,0.1110573,-0.01065318,-0.9931626,-0.221328,0.06589075,0.9729709,0.14,1.811587,3.74,0,-0.6727939,0,0.73983,-0.9955062,0,0.09469664
saccade,21.8680,0.02033556,0.03862786,-0.03652888,-0.06045095,0.07811198,-0.01228007,-0.9950344,-0.1539635,-0.12222,0.9804884,0.08878173,0.04587436,-0.03308228,0.03421837,0.111109,-0.01072961,-0.993161,-0.2214326,0.06558438,0.9729677,0.14,1.811587,3.74,0,-0.6727939,0,0.73983,-0.9955062,0,0.09469664
saccade,21.8790,0.02032042,0.0385977,-0.03651564,-0.06051486,0.07812363,-0.01234433,-0.9950288,-0.1539765,-0.1223568,0.9804693,0.08876549,0.04585326,-0.03306612,0.03429377,0.11163,-0.01077336,-0.9930995,-0.2224582,0.06570899,0.9727254,0.14,1.811587,3.74,0,-0.6727939,0,0.73983,-0.9955062,0,0.09469664
saccade,21.8906,0.02030733,0.0385983,-0.03649958,-0.06058694,0.07812637,-0.01230165,-0.9950247,-0.1539847,-0.1224932,0.980451,0.08875293,0.04584825,-0.03304902,0.03422308,0.1116291,-0.01072827,-0.9931026,-0.2224526,0.06557889,0.9727355,0.14,1.811587,3.74,0,-0.6727939,0,0.73983,-0.9955062,0,0.09469664
saccade,21.9010,0.02030246,0.03861725,-0.03648053,-0.06060005,0.07817262,-0.01220738,-0.9950215,-0.1540873,-0.1225053,0.9804333,0.08874917,0.04585397,-0.03302414,0.03421314,0.1116662,-0.01062964,-0.9930998,-0.2225186,0.06558019,0.9727203,0.14,1.811587,3.74,0,-0.6727939,0,0.73983,-0.9955062,0,0.09469664
saccade,21.9125,0.02029605,0.03864491,-0.0364628,-0.06057226,0.0784913,-0.01209148,-0.9949995,-0.1547328,-0.1224369,0.9803402,0.08874456,0.0458672,-0.03301179,0.03429456,0.11163,-0.01053,-0.9931021,-0.2224422,0.06576508,0.9727253,0.14,1.811587,3.74,0,-0.6727939,0,0.73983,-0.9955062,0,0.09469664
saccade,21.9234,0.02031103,0.03870571,-0.03647779,-0.06061468,0.07845134,-0.01197929,-0.9950014,-0.1546661,-0.122503,0.9803425,0.0887614,0.0459131,-0.03303252,0.03461491,0.1120333,-0.01040411,-0.9930469,-0.2232289,0.06641725,0.9725007,0.14,1.811587,3.74,0,-0.6727939,0,0.73983,-0.9955062,0,0.09469664
saccade,21.9349,0.02032812,0.0387193,-0.0364733,-0.06065067,0.07843672,-0.01202121,-0.9949999,-0.1546309,-0.1225806,0.9803383,0.08877792,0.04593265,-0.03302925,0.03457747,0.112023,-0.01044602,-0.9930489,-0.223211,0.06633385,0.9725105,0.14,1.811587,3.74,0,-0.6727939,0,0.73983,-0.9955062,0,0.09469664
saccade,21.9456,0.02034083,0.03871107,-0.03647499,-0.06127813,0.07387642,-0.01220032,-0.9953082,-0.1455644,-0.1237839,0.9815745,0.08879006,0.04592919,-0.03302945,0.03449319,0.1120275,-0.01047475,-0.9930511,-0.2232207,0.06616008,0.9725201,0.14,1.811587,3.74,0,-0.6727939,0,0.73983,-0.9955062,0,0.09469664
saccade,21.9566,0.02035594,0.03871226,-0.0364672,-0.06145253,0.07393069,-0.01227576,-0.9952925,-0.1456566,-0.1241416,0.9815157,0.08880354,0.04594076,-0.03301132,0.02962023,0.1043864,-0.01081566,-0.9940368,-0.2081685,0.05662918,0.9764522,0.14,1.811587,3.74,0,-0.6727939,0,0.73983,-0.9955062,0,0.09469664
saccade,21.9680,0.02036554,0.03871119,-0.03645727,-0.06146414,0.07390056,-0.01231389,-0.9952936,-0.1455918,-0.1241697,0.9815217,0.08881275,0.04594517,-0.03300508,0.02960744,0.10436,-0.01085602,-0.9940395,-0.2081187,0.05659606,0.9764648,0.14,1.811587,3.74,0,-0.6727939,0,0.73983,-0.9955062,0,0.09469664
saccade,21.9799,0.02038339,0.03872824,-0.03645663,-0.07502735,0.03212132,-0.01366819,-0.9965703,-0.06197133,-0.1504181,0.9866782,0.08883128,0.04595923,-0.03301135,0.02968507,0.1043161,-0.0108393,-0.994042,-0.2080328,0.05675498,0.9764739,0.14,1.811587,3.74,0,-0.6727939,0,0.73983,-0.9955062,0,0.09469664
saccade,21.9897,0.02041125,0.03876877,-0.03644628,-0.07492115,0.03209238,-0.01359024,-0.9965803,-0.06192888,-0.1502022,0.9867138,0.0888605,0.04598963,-0.0330071,-0.002973778,0.06561098,-0.01218925,-0.9977664,-0.1308564,-0.007533769,0.9913727,0.14,1.811587,3.74,0,-0.6727939,0,0.73983,-0.9955062,0,0.09469664
saccade,22.0010,0.02041186,0.03880262,-0.03642123,-0.07477546,0.03201086,-0.01350996,-0.996595,-0.06178331,-0.1499066,0.9867679,0.08886284,0.04601371,-0.03299588,-0.002825161,0.06552389,-0.0121199,-0.9977735,-0.1306875,-0.007226028,0.9913973,0.14,1.811587,3.74,0,-0.6727939,0,0.73983,-0.9955062,0,0.09469664
saccade,22.0121,0.02041674,0.03883922,-0.03641472,-0.1061696,-0.04868961,-0.01585704,-0.9930287,0.1000674,-0.2093147,0.9727147,0.08887172,0.0460211,-0.03300835,-0.002756856,0.06539136,-0.01190824,-0.9977849,-0.1304274,-0.007058891,0.9914327,0.14,1.811587,3.74,0,-0.6727939,0,0.73983,-0.9955062,0,0.09469664
saccade,22.0239,0.02043991,0.03884029,-0.03642789,-0.1060584,-0.04865004,-0.01593269,-0.9930413,0.1000026,-0.2090905,0.9727696,0.08889346,0.04603338,-0.03301626,-0.05389445,0.008218461,-0.01400699,-0.9984146,-0.01490106,-0.1078482,0.9940557,0.14,1.811587,3.74,0,-0.6727939,0,0.73983,-0.9955062,0,0.09469664
saccade,22.0349,0.02045327,0.03882492,-0.03644222,-0.1229057,-0.09623277,-0.01736269,-0.987589,0.1943448,-0.239419,0.9512669,0.08890726,0.0460155,-0.03303389,-0.05385481,0.008199133,-0.01398546,-0.9984172,-0.01486594,-0.1077685,0.9940649,0.14,1.811587,3.74,0,-0.6727939,0,0.73983,-0.9955062,0,0.09469664
saccade,22.0455,0.02046371,0.03882718,-0.03645237,-0.1229189,-0.09621613,-0.01751226,-0.9875863,0.1943487,-0.2394162,0.9512668,0.08891539,0.04603732,-0.03303894,-0.05388353,0.008226018,-0.0141313,-0.9984133,-0.01490304,-0.1078286,0.9940578,0.14,1.811587,3.74,0,-0.6727939,0,0.73983,-0.9955062,0,0.09469664
saccade,22.0567,0.02047278,0.03880692,-0.03646309,-0.1229383,-0.09626159,-0.01754987,-0.9875788,0.1944469,-0.2394437,0.9512398,0.08892414,0.04602253,-0.03305499,-0.07549705,-0.01948358,-0.01510079,-0.9968413,0.0411242,-0.1499287,0.9878412,0.14,1.811587,3.74,0,-0.6727939,0,0.73983,-0.9955062,0,0.09469664
saccade,22.0678,0.02047819,0.0387975,-0.0364676,-0.1323776,-0.1128782,-0.01816466,-0.9845836,0.2270853,-0.2565728,0.9394693,0.08892809,0.04602671,-0.03305919,-0.0755267,-0.01949187,-0.01520267,-0.9968373,0.04115686,-0.149983,0.9878316,0.14,1.811587,3.74,0,-0.6727939,0,0.73983,-0.9955062,0,0.09469664
saccade,22.0788,0.02046993,0.03879821,-0.03646466,-0.1323926,-0.1128528,-0.01811319,-0.9845854,0.2270226,-0.2566154,0.9394729,0.08892051,0.04601979,-0.03305364,-0.07553665,-0.01946946,-0.01514864,-0.9968379,0.04110435,-0.1500057,0.9878303,0.14,1.811587,3.74,0,-0.6727939,0,0.73983,-0.9955062,0,0.09469664
saccade,22.0900,0.02046314,0.03881228,-0.03646258,-0.1324614,-0.1127914,-0.0181072,-0.9845833,0.226902,-0.2567538,0.9394642,0.08891363,0.0460304,-0.03304259,-0.08381052,-0.0295316,-0.01547186,-0.9959239,0.06141585,-0.166024,0.9842073,0.14,1.811587,3.74,0,-0.6727939,0,0.73983,-0.9955062,0,0.09469664
saccade,22.1018,0.02045596,0.03882229,-0.03646236,-0.1405729,-0.1335191,-0.0187409,-0.9808469,0.2671925,-0.2707565,0.9248238,0.08890616,0.04604077,-0.03303704,-0.08382666,-0.02949465,-0.01547881,-0.9959235,0.0613439,-0.1660568,0.9842063,0.14,1.811587,3.74,0,-0.6727939,0,0.73983,-0.9955062,0,0.09469664
saccade,22.1124,0.02045436,0.0388279,-0.03646165,-0.1406502,-0.1334272,-0.01875135,-0.9808481,0.2670184,-0.270909,0.9248294,0.08890413,0.04604411,-0.03302284,-0.08390406,-0.02940243,-0.01547574,-0.9959198,0.06116187,-0.1662134,0.9841912,0.14,1.811587,3.74,0,-0.6727939,0,0.73983,-0.9955062,0,0.09469664
saccade,22.1233,0.02043224,0.03881764,-0.03646414,-0.140707,-0.1333759,-0.01877524,-0.9808465,0.2669263,-0.2710155,0.9248248,0.08888153,0.04603457,-0.0330173,-0.08988134,-0.03607822,-0.01571861,-0.9951747,0.07463388,-0.1777611,0.9812394,0.14,1.811587,3.74,0,-0.6727939,0,0.73983,-0.9955062,0,0.09469664
saccade,22.1343,0.02042209,0.03881729,-0.03646785,-0.1447712,-0.1435838,-0.01902672,-0.978807,0.2865907,-0.2779423,0.91685,0.08887187,0.04602671,-0.03301518,-0.08983134,-0.03602618,-0.01566425,-0.995182,0.07451949,-0.1776684,0.9812649,0.14,1.811587,3.74,0,-0.6727939,0,0.73983,-0.9955062,0,0.09469664
saccade,22.1453,0.02043168,0.03880978,-0.03647129,-0.1448167,-0.1435271,-0.01908393,-0.9788074,0.286498,-0.2780172,0.9168562,0.08888043,0.04602456,-0.03300922,-0.08988234,-0.03596633,-0.0157129,-0.9951788,0.07441049,-0.1777677,0.9812552,0.14,1.811587,3.74,0,-0.6727939,0,0.73983,-0.9955062,0,0.09469664
saccade,22.1572,0.02044424,0.03881681,-0.03647916,-0.1447888,-0.143478,-0.01912485,-0.9788179,0.2864158,-0.2779557,0.9169005,0.08889207,0.04603672,-0.03300974,-0.09348494,-0.04017224,-0.01589748,-0.994683,0.08288964,-0.1846985,0.9792935,0.14,1.811587,3.74,0,-0.6727939,0,0.73983,-0.9955062,0,0.09469664
saccade,22.1686,0.02044925,0.03884423,-0.03647798,-0.1499307,-0.1473344,-0.01921121,-0.9774684,0.2937901,-0.287444,0.9116268,0.08889763,0.04605973,-0.03301013,-0.09344128,-0.04017636,-0.0158605,-0.9946874,0.08288988,-0.1846153,0.9793092,0.14,1.811587,3.74,0,-0.6727939,0,0.73983,-0.9955062,0,0.09469664
saccade,22.1789,0.02046041,0.03885651,-0.03646931,-0.1497413,-0.1473508,-0.01907231,-0.9774976,0.2937818,-0.2871229,0.9117306,0.08891052,0.04605889,-0.03300846,-0.09323685,-0.04019853,-0.01574394,-0.9947076,0.0829074,-0.184221,0.9793819,0.14,1.811587,3.74,0,-0.6727939,0,0.73983,-0.9955062,0,0.09469664
saccade,22.1900,0.02048033,0.03887141,-0.0364586,-0.1498236,-0.147391,-0.01904278,-0.9774795,0.2938494,-0.2872855,0.9116576,0.08893126,0.04606855,-0.03300318,-0.09331661,-0.04024179,-0.01570817,-0.9946989,0.08298859,-0.1843796,0.9793452,0.14,1.811587,3.74,0,-0.6727939,0,0.73983,-0.9955062,0,0.09469664
saccade,22.2010,0.02048125,0.0388943,-0.03643631,-0.1498043,-0.1474291,-0.01896996,-0.9774781,0.293901,-0.2872674,0.9116467,0.08893342,0.04608309,-0.0329879,-0.09496369,-0.04146964,-0.01568259,-0.994493,0.08546109,-0.1875807,0.9785243,0.14,1.811587,3.74,0,-0.6727939,0,0.73983,-0.9955062,0,0.09469664
saccade,22.2123,0.02049649,0.03889775,-0.03641953,-0.1529771,-0.1484275,-0.01899486,-0.976835,0.2957899,-0.293228,0.9091346,0.0889492,0.04608917,-0.03298746,-0.09489986,-0.04158414,-0.01568542,-0.9944942,0.08568746,-0.1874502,0.9785296,0.14,1.811587,3.74,0,-0.6727939,0,0.73983,-0.9955062,0,0.09469664
saccade,22.2232,0.02051224,0.03888524,-0.036406,-0.1530054,-0.1484485,-0.01901454,-0.976827,0.2958356,-0.2932742,0.9091048,0.08896481,0.04607892,-0.03297611,-0.09493066,-0.0416045,-0.01570319,-0.9944902,0.08573195,-0.1875086,0.9785145,0.14,1.811587,3.74,0,-0.6727939,0,0.73983,-0.9955062,0,0.09469664
saccade,22.2342,0.02052607,0.0388571,-0.03639218,-0.1529657,-0.1485317,-0.01914227,-0.976818,0.2960331,-0.2931529,0.9090797,0.088977,0.04607058,-0.03297111,-0.09566563,-0.04298733,-0.0158811,-0.9943581,0.08852814,-0.1888864,0.9780003,0.14,1.811587,3.74,0,-0.6727939,0,0.73983,-0.9955062,0,0.09469664
saccade,22.2456,0.02052056,0.03882623,-0.03638514,-0.1546304,-0.1487915,-0.01922994,-0.9765146,0.2965412,-0.2962753,0.907901,0.08897039,0.0460484,-0.03296045,-0.09571189,-0.04297176,-0.01595077,-0.9943532,0.08851158,-0.188972,0.9779853,0.14,1.811587,3.74,0,-0.6727939,0,0.73983,-0.9955062,0,0.09469664
saccade,22.2574,0.02051748,0.03881395,-0.03637205,-0.1546398,-0.1488232,-0.01926122,-0.9765077,0.2966112,-0.2962808,0.9078764,0.088967,0.04604077,-0.03295091,-0.09592944,-0.04335124,-0.01599398,-0.9943151,0.08927818,-0.1893815,0.9778364,0.14,1.811587,3.74,0,-0.6727939,0,0.73983,-0.9955062,0,0.09469664
saccade,22.2678,0.02051331,0.0388155,-0.03635549,-0.154611,-0.1487901,-0.01926057,-0.9765173,0.2965481,-0.2962291,0.9079139,0.08896263,0.04604232,-0.03293008,-0.09590012,-0.04331754,-0.01599436,-0.9943194,0.08921066,-0.189325,0.9778535,0.14,1.811587,3.74,0,-0.6727939,0,0.73983,-0.9955062,0,0.09469664
saccade,22.2794,0.02048411,0.03884161,-0.03634192,-0.1552927,-0.1502117,-0.01925759,-0.9761915,0.2992519,-0.2974053,0.9066412,0.0889342,0.04606271,-0.03291972,-0.09590188,-0.0433368,-0.01595033,-0.9943191,0.08924055,-0.1893317,0.9778495,0.14,1.811587,3.74,0,-0.6727939,0,0.73983,-0.9955062,0,0.09469664
saccade,22.2900,0.02045961,0.0388577,-0.03634205,-0.1552748,-0.1501279,-0.01920637,-0.9762082,0.2990766,-0.2973943,0.9067027,0.08891004,0.04607058,-0.03290972,-0.0953412,-0.04461418,-0.0159345,-0.9943167,0.09175968,-0.1881769,0.9778393,0.14,1.811587,3.74,0,-0.6727939,0,0.73983,-0.9955062,0,0.09469664
saccade,22.3011,0.02044677,0.03887165,-0.0363345,-0.1553145,-0.1500325,-0.01925084,-0.9762157,0.298908,-0.2974644,0.9067354,0.08889619,0.04608738,-0.03288776,-0.09538438,-0.04451576,-0.0159685,-0.9943165,0.09157179,-0.1882628,0.9778403,0.14,1.811587,3.74,0,-0.6727939,0,0.73983,-0.9955062,0,0.09469664
saccade,22.3121,0.02043844,0.03887308,-0.03633063,-0.1562053,-0.1498478,-0.01920442,-0.9761028,0.2985334,-0.2991894,0.9062911,0.0888885,0.04608226,-0.03288309,-0.09539308,-0.04450597,-0.01592221,-0.9943168,0.09154381,-0.1882846,0.9778388,0.14,1.811587,3.74,0,-0.6727939,0,0.73983,-0.9955062,0,0.09469664
saccade,22.3238,0.02042775,0.03886676,-0.03632432,-0.1561901,-0.1497802,-0.01926655,-0.9761144,0.2984237,-0.2991474,0.9063411,0.08887653,0.04608309,-0.03286622,-0.09571251,-0.0455064,-0.01601452,-0.9942393,0.09355409,-0.1888648,0.9775366,0.14,1.811587,3.74,0,-0.6727939,0,0.73983,-0.9955062,0,0.09469664
saccade,22.3349,0.02043122,0.03885829,-0.03630811,-0.1562167,-0.1498113,-0.01928314,-0.9761051,0.2984879,-0.2991901,0.9063058,0.08887996,0.04607677,-0.03285365,-0.09574126,-0.04553711,-0.01603017,-0.9942349,0.09361866,-0.1889187,0.97752,0.14,1.811587,3.74,0,-0.6727939,0,0.73983,-0.9955062,0,0.09469664
saccade,22.3456,0.02044662,0.03884256,-0.03627766,-0.1566654,-0.1506801,-0.0192717,-0.9758996,0.3001358,-0.2999717,0.9055029,0.08889651,0.04605734,-0.03283834,-0.09579885,-0.04564948,-0.01599683,-0.9942247,0.09383664,-0.1890307,0.9774774,0.14,1.811587,3.74,0,-0.6727939,0,0.73983,-0.9955062,0,0.09469664
saccade,22.3565,0.02045422,0.03882456,-0.03626596,-0.1566582,-0.1508128,-0.01920619,-0.9758816,0.3003685,-0.2999666,0.9054275,0.08890569,0.04603374,-0.03284636,-0.0954024,-0.04716551,-0.01598055,-0.9941924,0.09683233,-0.1881892,0.9773476,0.14,1.811587,3.74,0,-0.6727939,0,0.73983,-0.9955062,0,0.09469664
saccade,22.3677,0.02045799,0.03881109,-0.03624875,-0.1567015,-0.1509097,-0.0191642,-0.9758605,0.3005397,-0.3000535,0.9053418,0.08891064,0.0460155,-0.03284301,-0.09544282,-0.04726642,-0.01594054,-0.9941844,0.09702588,-0.1882686,0.9773131,0.14,1.811587,3.74,0,-0.6727939,0,0.73983,-0.9955062,0,0.09469664
saccade,22.3791,0.02046911,0.03879023,-0.03622396,-0.1574506,-0.1525287,-0.01919913,-0.9754874,0.3036255,-0.3013252,0.9038886,0.08892246,0.04599357,-0.03282977,-0.0955045,-0.04735517,-0.01592923,-0.9941744,0.09720121,-0.1883876,0.9772727,0.14,1.811587,3.74,0,-0.6727939,0,0.73983,-0.9955062,0,0.09469664
saccade,22.3901,0.02047814,0.03877902,-0.03619741,-0.1574759,-0.1525897,-0.01922358,-0.9754733,0.3037489,-0.3013605,0.9038354,0.08893146,0.04598629,-0.03281078,-0.09597427,-0.04796612,-0.01597284,-0.9940992,0.09843212,-0.1892836,0.9769764,0.14,1.811587,3.74,0,-0.6727939,0,0.73983,-0.9955062,0,0.09469664
saccade,22.4014,0.02046623,0.03878427,-0.03615588,-0.1574799,-0.1525686,-0.01922202,-0.975476,0.3037082,-0.3013704,0.9038458,0.08891948,0.04599071,-0.03276636,-0.0959778,-0.04794495,-0.01596952,-0.9940999,0.09838958,-0.1892917,0.9769791,0.14,1.811587,3.74,0,-0.6727939,0,0.73983,-0.9955062,0,0.09469664
saccade,22.4125,0.02045131,0.03877723,-0.03614308,-0.1580135,-0.1532045,-0.01922388,-0.97529,0.304913,-0.3023275,0.9031202,0.0889048,0.04597974,-0.03275004,-0.09600991,-0.04791955,-0.01594597,-0.9940984,0.09833543,-0.1893584,0.9769716,0.14,1.811587,3.74,0,-0.6727939,0,0.73983,-0.9955062,0,0.09469664
saccade,22.4231,0.0204213,0.03876328,-0.03613319,-0.1580132,-0.1531609,-0.01923248,-0.9752967,0.3048326,-0.3023281,0.9031472,0.08887446,0.04596591,-0.03273398,-0.0964976,-0.04883336,-0.01598227,-0.9940061,0.1001658,-0.1902775,0.976607,0.14,1.811587,3.74,0,-0.6727939,0,0.73983,-0.9955062,0,0.09469664
saccade,22.4373,0.02038927,0.03873992,-0.03614303,-0.158046,-0.1531004,-0.01927589,-0.9753001,0.3047306,-0.3023823,0.9031634,0.08884159,0.04594612,-0.03273426,-0.09653427,-0.04877006,-0.01601806,-0.9940051,0.100048,-0.1903487,0.9766052,0.14,1.811587,3.74,0,-0.6727939,0,0.73983,-0.9955062,0,0.09469664
saccade,22.4501,0.02036683,0.03869927,-0.03614399,-0.1573163,-0.1547616,-0.01939487,-0.9751535,0.3079349,-0.300812,0.9026008,0.08881747,0.04591203,-0.03271527,-0.0965334,-0.0486302,-0.01607972,-0.994011,0.09978238,-0.1903466,0.9766328,0.14,1.811587,3.74,0,-0.6727939,0,0.73983,-0.9955062,0,0.09469664
saccade,22.4572,0.02033257,0.03866971,-0.03613512,-0.1573683,-0.154735,-0.01943767,-0.9751484,0.307897,-0.3008996,0.9025846,0.08878256,0.04588604,-0.03270133,-0.09700858,-0.04889948,-0.0161256,-0.9939508,0.100336,-0.1912664,0.9763964,0.14,1.811587,3.74,0,-0.6727939,0,0.73983,-0.9955062,0,0.09469664
saccade,22.4714,0.02029758,0.03863633,-0.03612224,-0.1573374,-0.1547512,-0.01947876,-0.97515,0.3079408,-0.3008264,0.902594,0.08874696,0.04585934,-0.03268997,-0.09698214,-0.04891289,-0.01617067,-0.993952,0.1003707,-0.1912093,0.976404,0.14,1.811587,3.74,0,-0.6727939,0,0.73983,-0.9955062,0,0.09469664
saccade,22.4823,0.02026023,0.03861189,-0.0361459,-0.1572101,-0.1557287,-0.01956532,-0.9750132,0.3098268,-0.3004701,0.9020671,0.08870909,0.04583979,-0.0327138,-0.09711308,-0.04893015,-0.0162182,-0.9939376,0.100417,-0.1914615,0.9763498,0.14,1.811587,3.74,0,-0.6727939,0,0.73983,-0.9955062,0,0.09469664
saccade,22.4932,0.02024086,0.03859818,-0.03614078,-0.1572118,-0.155714,-0.01961182,-0.9750144,0.3098132,-0.3004598,0.9020752,0.08868895,0.04583192,-0.03270556,-0.09742132,-0.04911738,-0.01627062,-0.9938973,0.1008055,-0.1920552,0.9761931,0.14,1.811587,3.74,0,-0.6727939,0,0.73983,-0.9955062,0,0.09469664
saccade,22.5046,0.02021808,0.03858435,-0.0361407,-0.1572455,-0.1557219,-0.01967773,-0.9750063,0.3098482,-0.3005022,0.9020491,0.08866529,0.04582608,-0.03270474,-0.09746233,-0.04912189,-0.01633292,-0.9938921,0.1008274,-0.1921295,0.9761763,0.14,1.811587,3.74,0,-0.6727939,0,0.73983,-0.9955062,0,0.09469664
saccade,22.5156,0.02019754,0.03855109,-0.03616384,-0.1567404,-0.1559045,-0.01971194,-0.9750578,0.3102112,-0.2995156,0.9022524,0.08864432,0.04579699,-0.03272804,-0.09746457,-0.04912639,-0.01636389,-0.9938911,0.1008424,-0.1921306,0.9761745,0.14,1.811587,3.74,0,-0.6727939,0,0.73983,-0.9955062,0,0.09469664
saccade,22.5267,0.02017546,0.03854084,-0.03617179,-0.1567049,-0.1559101,-0.01974957,-0.9750618,0.3102336,-0.2994355,0.9022713,0.0886216,0.04579294,-0.03273617,-0.09753094,-0.04874876,-0.01639429,-0.9939027,0.1001009,-0.1922741,0.9762226,0.14,1.811587,3.74,0,-0.6727939,0,0.73983,-0.9955062,0,0.09469664
saccade,22.5380,0.02013091,0.03852439,-0.03616921,-0.1565699,-0.1557898,-0.01976809,-0.9751024,0.3100122,-0.2991839,0.9024308,0.08857588,0.04577994,-0.03271784,-0.09739593,-0.04862448,-0.01641975,-0.9939216,0.09985627,-0.192011,0.9762994,0.14,1.811587,3.74,0,-0.6727939,0,0.73983,-0.9955062,0,0.09469664
saccade,22.5494,0.02012094,0.03854692,-0.03617684,-0.1567843,-0.1564529,-0.01983048,-0.9749605,0.311289,-0.2995119,0.9018824,0.08856538,0.04580808,-0.0327265,-0.09742025,-0.04863835,-0.0164617,-0.9939178,0.09989246,-0.1920541,0.9762872,0.14,1.811587,3.74,0,-0.6727939,0,0.73983,-0.9955062,0,0.09469664
saccade,22.5600,0.02011348,0.03853905,-0.03620375,-0.156691,-0.1564063,-0.01986047,-0.9749824,0.3112107,-0.2993293,0.90197,0.088557,0.04580581,-0.0327471,-0.09689347,-0.04905868,-0.01651097,-0.9939479,0.1007232,-0.1909941,0.9764098,0.14,1.811587,3.74,0,-0.6727939,0,0.73983,-0.9955062,0,0.09469664
saccade,22.5718,0.02008901,0.03853035,-0.036205,-0.1566444,-0.1563722,-0.01985173,-0.9749955,0.3111437,-0.2992467,0.9020205,0.08853239,0.04579651,-0.03274429,-0.09684539,-0.04902413,-0.01650518,-0.9939544,0.1006524,-0.1909015,0.9764352,0.14,1.811587,3.74,0,-0.6727939,0,0.73983,-0.9955062,0,0.09469664
saccade,22.5823,0.02007172,0.03852034,-0.0362024,-0.1563259,-0.1567073,-0.01989222,-0.974992,0.311796,-0.2985984,0.9020101,0.08851425,0.04579258,-0.03273806,-0.09675299,-0.04899366,-0.01654449,-0.9939642,0.1005973,-0.1907169,0.976477,0.14,1.811587,3.74,0,-0.6727939,0,0.73983,-0.9955062,0,0.09469664
saccade,22.5935,0.02006575,0.03855395,-0.03619821,-0.1563226,-0.1566867,-0.01991451,-0.9749954,0.3117639,-0.298587,0.902025,0.08850786,0.04582882,-0.03273056,-0.09552263,-0.04914742,-0.01656575,-0.9940752,0.1008773,-0.1882851,0.9769199,0.14,1.811587,3.74,0,-0.6727939,0,0.73983,-0.9955062,0,0.09469664
saccade,22.6043,0.02004923,0.03857136,-0.03619882,-0.1562846,-0.1566489,-0.01996077,-0.9750066,0.3117065,-0.2985034,0.9020725,0.08849034,0.04585254,-0.03272523,-0.09548901,-0.04910583,-0.01661335,-0.9940797,0.100803,-0.1882158,0.9769409,0.14,1.811587,3.74,0,-0.6727939,0,0.73983,-0.9955062,0,0.09469664
saccade,22.6158,0.02004098,0.03856742,-0.03619039,-0.1542596,-0.155307,-0.01987245,-0.9755454,0.3091492,-0.2948018,0.9041674,0.08848269,0.04584396,-0.03271857,-0.09544639,-0.04911118,-0.0165741,-0.9940842,0.1008052,-0.1881355,0.9769562,0.14,1.811587,3.74,0,-0.6727939,0,0.73983,-0.9955062,0,0.09469664
saccade,22.6268,0.02003851,0.03855932,-0.03617692,-0.1542309,-0.1553224,-0.01989728,-0.975547,0.3091862,-0.294738,0.9041756,0.08847983,0.04584026,-0.03270687,-0.09213097,-0.04876123,-0.0165779,-0.9944142,0.1000324,-0.181616,0.9782684,0.14,1.811587,3.74,0,-0.6727939,0,0.73983,-0.9955062,0,0.09469664
saccade,22.6379,0.02004045,0.03855336,-0.03616559,-0.1475879,-0.1479624,-0.01963406,-0.9777216,0.2951276,-0.2827896,0.9126499,0.08848258,0.04582989,-0.03270217,-0.09217128,-0.04880999,-0.01654453,-0.9944085,0.100124,-0.1816967,0.9782441,0.14,1.811587,3.74,0,-0.6727939,0,0.73983,-0.9955062,0,0.09469664
saccade,22.6493,0.02004848,0.03853667,-0.03615837,-0.147567,-0.1480045,-0.01961081,-0.9777188,0.2952014,-0.282753,0.9126373,0.08849112,0.04581153,-0.03270141,-0.09214843,-0.04885347,-0.01652595,-0.9944088,0.1002063,-0.1816517,0.978244,0.14,1.811587,3.74,0,-0.6727939,0,0.73983,-0.9955062,0,0.09469664
saccade,22.6605,0.02004918,0.03851712,-0.03613561,-0.1476175,-0.1480261,-0.01963041,-0.9777075,0.2952481,-0.2828419,0.9125947,0.08849175,0.04579365,-0.03268073,-0.07793115,-0.04463065,-0.01635397,-0.9958251,0.09143762,-0.1537518,0.9838697,0.14,1.811587,3.74,0,-0.6727939,0,0.73983,-0.9955062,0,0.09469664
saccade,22.6713,0.02005491,0.03850091,-0.03611407,-0.1300911,-0.1298563,-0.01906213,-0.9827768,0.2601992,-0.2507504,0.9324273,0.08849739,0.04577661,-0.03265568,-0.07799936,-0.0446111,-0.01635593,-0.9958205,0.09140081,-0.1538874,0.9838519,0.14,1.811587,3.74,0,-0.6727939,0,0.73983,-0.9955062,0,0.09469664
saccade,22.6821,0.02006761,0.03845453,-0.03610785,-0.130115,-0.1298955,-0.01909913,-0.9827678,0.2602843,-0.2507839,0.9323945,0.08850977,0.04573536,-0.03265388,-0.07802685,-0.04464878,-0.01639283,-0.9958161,0.09148211,-0.1539369,0.9838366,0.14,1.811587,3.74,0,-0.6727939,0,0.73983,-0.9955062,0,0.09469664
saccade,22.6933,0.02007557,0.03842986,-0.03608345,-0.1302174,-0.1298969,-0.0191173,-0.9827537,0.2602921,-0.2509768,0.9323404,0.08851768,0.04571056,-0.03262834,-0.05383054,-0.03491927,-0.01599868,-0.9978111,0.0714081,-0.1063081,0.9917659,0.14,1.811587,3.74,0,-0.6727939,0,0.73983,-0.9955062,0,0.09469664
saccade,22.7043,0.02006932,0.0384146,-0.03606666,-0.1302581,-0.1299047,-0.01908206,-0.982748,0.2602984,-0.2510642,0.9323152,0.08851209,0.04568982,-0.03261291,-0.05386804,-0.03493037,-0.01596049,-0.9978092,0.0714272,-0.106385,0.9917562,0.14,1.811587,3.74,0,-0.6727939,0,0.73983,-0.9955062,0,0.09469664
saccade,22.7155,0.02006032,0.0383966,-0.03608333,-0.1137461,-0.1066307,-0.01834166,-0.9876008,0.2147896,-0.2207599,0.9513835,0.08850339,0.04567063,-0.03263317,-0.05392028,-0.03496088,-0.01595512,-0.9978055,0.07148892,-0.1064883,0.9917407,0.14,1.811587,3.74,0,-0.6727939,0,0.73983,-0.9955062,0,0.09469664
saccade,22.7266,0.02005472,0.03838754,-0.03609668,-0.1137541,-0.1066461,-0.01839234,-0.9875973,0.2148311,-0.2207635,0.9513732,0.08849711,0.04566848,-0.03264769,-0.02854827,-0.02131115,-0.01546736,-0.9992455,0.04347328,-0.05639422,0.9974617,0.14,1.811587,3.74,0,-0.6727939,0,0.73983,-0.9955062,0,0.09469664
saccade,22.7381,0.02005336,0.03838515,-0.03607383,-0.1137007,-0.1066596,-0.01841534,-0.9876015,0.214862,-0.2206537,0.9513918,0.08849537,0.04567063,-0.03262685,-0.02849685,-0.02132209,-0.01549585,-0.9992463,0.04349521,-0.05628993,0.9974666,0.14,1.811587,3.74,0,-0.6727939,0,0.73983,-0.9955062,0,0.09469664
saccade,22.7489,0.02004986,0.03838325,-0.03604112,-0.09277975,-0.07830568,-0.0174381,-0.9924496,0.1586647,-0.1814274,0.9705203,0.08849247,0.04566038,-0.03258848,-0.02842915,-0.02127271,-0.01543251,-0.9992504,0.04339099,-0.05615909,0.9974785,0.14,1.811587,3.74,0,-0.6727939,0,0.73983,-0.9955062,0,0.09469664
saccade,22.7600,0.02005266,0.03838527,-0.0360804,-0.09274434,-0.07828586,-0.01740324,-0.9924551,0.1586185,-0.1813643,0.9705396,0.08849563,0.04565811,-0.03262591,-0.00537356,0.002980109,-0.01453734,-0.9998755,-0.00580324,-0.01083243,0.9999245,0.14,1.811587,3.74,0,-0.6727939,0,0.73983,-0.9955062,0,0.09469664
saccade,22.7711,0.02004568,0.03836942,-0.03606962,-0.0926993,-0.0782702,-0.01739131,-0.9924607,0.1585845,-0.1812784,0.9705612,0.08848868,0.0456413,-0.03261366,-0.005327422,0.002995139,-0.0145277,-0.9998758,-0.005834745,-0.01074055,0.9999253,0.14,1.811587,3.74,0,-0.6727939,0,0.73983,-0.9955062,0,0.09469664
saccade,22.7825,0.0200485,0.03833914,-0.0360561,-0.07645579,-0.04155324,-0.01619558,-0.9960751,0.08525679,-0.1509655,0.9848557,0.08849192,0.04560637,-0.03259858,-0.005297652,0.003009454,-0.01449297,-0.9998764,-0.005864607,-0.01068123,0.9999257,0.14,1.811587,3.74,0,-0.6727939,0,0.73983,-0.9955062,0,0.09469664
saccade,22.7937,0.02005759,0.03829014,-0.03603717,-0.0764669,-0.0415259,-0.01627184,-0.9960741,0.08521427,-0.150982,0.9848568,0.08849971,0.04556727,-0.03257494,0.009979436,0.03591521,-0.01346541,-0.9992143,-0.07204274,0.01897597,0.997221,0.14,1.811587,3.74,0,-0.6727939,0,0.73983,-0.9955062,0,0.09469664
saccade,22.8046,0.02011081,0.03826237,-0.03603577,-0.07654595,-0.04156626,-0.01633755,-0.9960653,0.08530657,-0.1511314,0.9848259,0.08855224,0.04554796,-0.03257739,0.009895158,0.03588016,-0.0135282,-0.9992155,-0.07197175,0.018804,0.9972294,0.14,1.811587,3.74,0,-0.6727939,0,0.73983,-0.9955062,0,0.09469664
saccade,22.8160,0.02011396,0.03820717,-0.03600158,-0.07283099,0.003031094,-0.01496216,-0.9972275,-0.003865963,-0.1453488,0.9893729,0.08855548,0.04549241,-0.03254406,0.009882849,0.03587272,-0.01352549,-0.999216,-0.07195654,0.01877981,0.9972309,0.14,1.811587,3.74,0,-0.6727939,0,0.73983,-0.9955062,0,0.09469664
saccade,22.8265,0.02011977,0.03820693,-0.03597522,-0.0728789,0.00293005,-0.01490013,-0.9972252,-0.003672028,-0.1454407,0.9893602,0.0885628,0.04548442,-0.03253153,0.02105194,0.07249807,-0.01224876,-0.9970711,-0.1450872,0.04020455,0.9886017,0.14,1.811587,3.74,0,-0.6727939,0,0.73983,-0.9955062,0,0.09469664
saccade,22.8379,0.02013861,0.03823566,-0.03596273,-0.0729254,0.002907905,-0.01481927,-0.9972231,-0.003638258,-0.145532,0.9893469,0.08858299,0.04550195,-0.03252229,0.02101102,0.0724684,-0.01216737,-0.9970751,-0.1450242,0.04013563,0.9886137,0.14,1.811587,3.74,0,-0.6727939,0,0.73983,-0.9955062,0,0.09469664
saccade,22.8497,0.02014875,0.03827226,-0.0359359,-0.07217048,0.04599325,-0.01330513,-0.9962425,-0.08972038,-0.1450225,0.9853521,0.08859591,0.04551625,-0.03250366,0.02099101,0.0724024,-0.01200512,-0.9970824,-0.1448863,0.04012112,0.9886345,0.14,1.811587,3.74,0,-0.6727939,0,0.73983,-0.9955062,0,0.09469664
saccade,22.8599,0.02014609,0.03829288,-0.03591327,-0.07216836,0.04598767,-0.01321535,-0.9962441,-0.08972242,-0.1450101,0.9853537,0.08859462,0.0455246,-0.03248265,0.0249887,0.1038861,-0.01088298,-0.9942157,-0.2071142,0.04742714,0.9771665,0.14,1.811587,3.74,0,-0.6727939,0,0.73983,-0.9955062,0,0.09469664
saccade,22.8714,0.02014336,0.03830314,-0.03590119,-0.07221783,0.04595123,-0.01317105,-0.9962428,-0.0896548,-0.1451034,0.9853461,0.08859273,0.04552925,-0.03247532,0.0249417,0.1038458,-0.0108397,-0.9942216,-0.2070322,0.04734384,0.9771879,0.14,1.811587,3.74,0,-0.6727939,0,0.73983,-0.9955062,0,0.09469664
saccade,22.8827,0.02015416,0.03833067,-0.0359384,-0.07059281,0.08136483,-0.01215183,-0.994107,-0.160055,-0.1423311,0.9767928,0.08860128,0.04557133,-0.03249834,0.02486704,0.1039454,-0.01093988,-0.9942119,-0.2072317,0.04717192,0.977154,0.14,1.811587,3.74,0,-0.6727939,0,0.73983,-0.9955062,0,0.09469664
saccade,22.8935,0.02014966,0.03832126,-0.03594316,-0.07060189,0.08140332,-0.01218016,-0.9941029,-0.1601267,-0.1423541,0.9767777,0.08859612,0.04556549,-0.03249746,0.03034003,0.1314001,-0.01003704,-0.9908142,-0.2609951,0.05748493,0.963627,0.14,1.811587,3.74,0,-0.6727939,0,0.73983,-0.9955062,0,0.09469664
saccade,22.9043,0.02013841,0.03833437,-0.03594765,-0.07074557,0.08137841,-0.01223295,-0.9940941,-0.1600647,-0.1426465,0.9767452,0.08858407,0.04558659,-0.03250296,0.03019354,0.1313816,-0.0100849,-0.9908206,-0.2609602,0.05718283,0.9636545,0.14,1.811587,3.74,0,-0.6727939,0,0.73983,-0.9955062,0,0.09469664
saccade,22.9157,0.02016563,0.03835511,-0.035978,-0.07689063,0.09689955,-0.01180096,-0.9922495,-0.1904823,-0.1548764,0.9693966,0.08861102,0.04561174,-0.03253727,0.03043715,0.131377,-0.01013692,-0.9908133,-0.2609573,0.05765155,0.9636273,0.14,1.811587,3.74,0,-0.6727939,0,0.73983,-0.9955062,0,0.09469664
saccade,22.9268,0.02017012,0.03838134,-0.03598537,-0.07683908,0.09687253,-0.01180555,-0.9922561,-0.1904305,-0.1547754,0.9694229,0.08861567,0.04563856,-0.03254904,0.02685786,0.1425385,-0.009800335,-0.9893763,-0.2825749,0.0503512,0.9579229,0.14,1.811587,3.74,0,-0.6727939,0,0.73983,-0.9955062,0,0.09469664
saccade,22.9382,0.02015677,0.03840184,-0.03598064,-0.07856018,0.1002463,-0.01165611,-0.9917879,-0.1970147,-0.158167,0.967558,0.08860345,0.04565227,-0.03255238,0.02697837,0.1424895,-0.009763118,-0.9893804,-0.2824795,0.05060146,0.9579378,0.14,1.811587,3.74,0,-0.6727939,0,0.73983,-0.9955062,0,0.09469664
saccade,22.9493,0.02014485,0.03840995,-0.03597958,-0.07848071,0.1002019,-0.01164974,-0.9917987,-0.1969318,-0.1580088,0.9676007,0.08859199,0.04565942,-0.03255859,0.0270582,0.1424443,-0.009764846,-0.9893847,-0.2823929,0.05076005,0.9579549,0.14,1.811587,3.74,0,-0.6727939,0,0.73983,-0.9955062,0,0.09469664
saccade,22.9601,0.02011847,0.03836584,-0.03605231,-0.07851204,0.1002976,-0.01170101,-0.9917859,-0.1971102,-0.1580814,0.9675525,0.08856425,0.04562151,-0.03261724,0.02702478,0.1425446,-0.00980429,-0.9893708,-0.2825889,0.05067996,0.9579014,0.14,1.811587,3.74,0,-0.6727939,0,0.73983,-0.9955062,0,0.09469664
saccade,22.9716,0.02008599,0.03835046,-0.03605345,-0.07850646,0.1002211,-0.01176339,-0.9917934,-0.1969502,-0.1580823,0.967585,0.08853129,0.04561532,-0.03262838,0.02370776,0.1444589,-0.009828595,-0.9891779,-0.2862571,0.04406274,0.9571391,0.14,1.811587,3.74,0,-0.6727939,0,0.73983,-0.9955062,0,0.09469664
saccade,22.9827,0.02006032,0.03832138,-0.03605106,-0.08244671,0.1007282,-0.01184899,-0.9914212,-0.1977743,-0.1658659,0.9661127,0.08850413,0.04559708,-0.03261902,0.02373868,0.1445151,-0.00990829,-0.9891682,-0.2863698,0.0440993,0.9571037,0.14,1.811587,3.74,0,-0.6727939,0,0.73983,-0.9955062,0,0.09469664
saccade,22.9940,0.02003374,0.03829408,-0.03605584,-0.08239082,0.1007654,-0.01190262,-0.9914214,-0.1978407,-0.1657668,0.9661161,0.08847661,0.0455761,-0.03261894,0.02379241,0.1445571,-0.009960012,-0.9891603,-0.2864541,0.04418943,0.9570743,0.14,1.811587,3.74,0,-0.6727939,0,0.73983,-0.9955062,0,0.09469664
saccade,23.0053,0.0200467,0.03827929,-0.03610538,-0.08236615,0.1008016,-0.01198557,-0.9914188,-0.1978987,-0.165735,0.9661098,0.08848815,0.04557216,-0.03266303,0.02094418,0.1461521,-0.01000555,-0.9889898,-0.289505,0.03850249,0.9564018,0.14,1.811587,3.74,0,-0.6727939,0,0.73983,-0.9955062,0,0.09469664
saccade,23.0158,0.02002625,0.03825247,-0.03609862,-0.08450027,0.09886283,-0.01206399,-0.9914335,-0.193993,-0.1699382,0.9661717,0.08846751,0.04554725,-0.0326561,0.0208512,0.146145,-0.01001026,-0.9889928,-0.2894903,0.03831748,0.9564137,0.14,1.811587,3.74,0,-0.6727939,0,0.73983,-0.9955062,0,0.09469664
saccade,23.0266,0.02000805,0.03822494,-0.03608891,-0.08452585,0.0988683,-0.01207849,-0.9914306,-0.1940002,-0.1699914,0.9661609,0.08844902,0.04552174,-0.03264514,0.02082489,0.1461522,-0.01002288,-0.9889922,-0.2895041,0.03826158,0.9564117,0.14,1.811587,3.74,0,-0.6727939,0,0.73983,-0.9955062,0,0.09469664
saccade,23.0385,0.02004823,0.03821373,-0.03615618,-0.08454913,0.09889317,-0.01208107,-0.9914261,-0.1940476,-0.1700379,0.9661432,0.08848899,0.04551077,-0.03270863,0.0192096,0.1481234,-0.009967026,-0.9887321,-0.2932917,0.03503359,0.9553809,0.14,1.811587,3.74,0,-0.6727939,0,0.73983,-0.9955062,0,0.09469664
saccade,23.0494,0.0200445,0.03822267,-0.03614912,-0.08615099,0.09744805,-0.01217511,-0.9914302,-0.1911281,-0.1731983,0.9661638,0.0884845,0.04552627,-0.03270051,0.01907435,0.1481199,-0.01000281,-0.9887348,-0.2932842,0.03475572,0.9553933,0.14,1.811587,3.74,0,-0.6727939,0,0.73983,-0.9955062,0,0.09469664
saccade,23.0601,0.02002585,0.03822672,-0.03613966,-0.08616738,0.09741657,-0.01211698,-0.9914325,-0.1910757,-0.1732191,0.9661704,0.08846687,0.04552293,-0.03269575,0.01906079,0.1480829,-0.009947592,-0.9887412,-0.2932105,0.03474624,0.9554163,0.14,1.811587,3.74,0,-0.6727939,0,0.73983,-0.9955062,0,0.09469664
saccade,23.0716,0.02000647,0.03822386,-0.03613175,-0.08616754,0.09748653,-0.01208525,-0.991426,-0.1912186,-0.1732138,0.9661431,0.08844757,0.04551494,-0.03267856,0.01736337,0.14914,-0.009885752,-0.9886142,-0.2952271,0.03138262,0.9549116,0.14,1.811587,3.74,0,-0.6727939,0,0.73983,-0.9955062,0,0.09469664
saccade,23.0826,0.01999628,0.03822243,-0.03614195,-0.0867201,0.09741946,-0.01221104,-0.9913828,-0.1910421,-0.1743248,0.9659781,0.08843522,0.04552972,-0.03267992,0.0172973,0.1492012,-0.009996677,-0.988605,-0.295348,0.03121736,0.9548796,0.14,1.811587,3.74,0,-0.6727939,0,0.73983,-0.9955062,0,0.09469664
saccade,23.0936,0.0199787,0.03820658,-0.03613216,-0.08663705,0.0975194,-0.01229673,-0.9913793,-0.1912267,-0.1741787,0.965968,0.08841589,0.04552388,-0.03265667,0.01646052,0.1499425,-0.01006005,-0.9885065,-0.2967696,0.02952579,0.9544926,0.14,1.811587,3.74,0,-0.6727939,0,0.73983,-0.9955062,0,0.09469664
saccade,23.1049,0.01996827,0.03821731,-0.0361194,-0.086595,0.09755132,-0.0122931,-0.9913798,-0.1912918,-0.1740955,0.9659701,0.08840539,0.0455333,-0.03264016,0.01650292,0.1499734,-0.01005533,-0.9885012,-0.2968296,0.02961025,0.9544713,0.14,1.811587,3.74,0,-0.6727939,0,0.73983,-0.9955062,0,0.09469664
saccade,23.1157,0.01996779,0.03823984,-0.03611758,-0.08691254,0.09791643,-0.01218724,-0.9913173,-0.1920141,-0.1747025,0.9657172,0.08840653,0.04554451,-0.03264615,0.01642368,0.149907,-0.009964425,-0.9885135,-0.2966975,0.02948259,0.9545163,0.14,1.811587,3.74,0,-0.6727939,0,0.73983,-0.9955062,0,0.09469664
saccade,23.1277,0.01999287,0.03825951,-0.0361121,-0.08672429,0.09788584,-0.01208051,-0.9913382,-0.1919806,-0.1743112,0.9657945,0.08843366,0.04554868,-0.03264865,0.01615751,0.1502472,-0.009861479,-0.9884673,-0.2973476,0.02897901,0.9543294,0.14,1.811587,3.74,0,-0.6727939,0,0.73983,-0.9955062,0,0.09469664
saccade,23.1383,0.01999897,0.03827059,-0.0360879,-0.08671079,0.09788663,-0.01193664,-0.991341,-0.192008,-0.1742568,0.9657989,0.08844194,0.04554009,-0.03262606,0.01617857,0.1502332,-0.009719221,-0.9884704,-0.2973167,0.02906378,0.9543365,0.14,1.811587,3.74,0,-0.6727939,0,0.73983,-0.9955062,0,0.09469664
saccade,23.1496,0.0200057,0.03826654,-0.03607894,-0.08730322,0.09722041,-0.01202521,-0.9913536,-0.1906599,-0.1754349,0.9658527,0.08844796,0.04554546,-0.0326228,0.01619316,0.1501956,-0.009790446,-0.9884753,-0.2972463,0.02907211,0.9543582,0.14,1.811587,3.74,0,-0.6727939,0,0.73983,-0.9955062,0,0.09469664
saccade,23.1606,0.02000592,0.03824091,-0.03608974,-0.08739848,0.09715895,-0.01202672,-0.9913511,-0.190535,-0.1756222,0.9658433,0.08844836,0.04552126,-0.03264068,0.01541067,0.150084,-0.009798944,-0.9885046,-0.2970194,0.02752571,0.9544746,0.14,1.811587,3.74,0,-0.6727939,0,0.73983,-0.9955062,0,0.09469664
saccade,23.1720,0.02000662,0.03821123,-0.03608612,-0.0874602,0.09716442,-0.01214897,-0.9913437,-0.1905216,-0.1757671,0.9658196,0.0884471,0.04550862,-0.03263413,0.01534234,0.1501023,-0.009916534,-0.9885017,-0.2970571,0.02735487,0.9544678,0.14,1.811587,3.74,0,-0.6727939,0,0.73983,-0.9955062,0,0.09469664
saccade,23.1825,0.02001305,0.03821206,-0.0360866,-0.08926229,0.0970413,-0.01227951,-0.9911935,-0.1901812,-0.1793356,0.9652305,0.0884515,0.04552567,-0.03262841,0.01528893,0.1501455,-0.01002822,-0.9884948,-0.2971427,0.02721467,0.9544452,0.14,1.811587,3.74,0,-0.6727939,0,0.73983,-0.9955062,0,0.09469664
saccade,23.1936,0.02000547,0.03819656,-0.03606177,-0.0892415,0.09702852,-0.01237262,-0.9911954,-0.1901401,-0.1793125,0.9652429,0.08844262,0.04552269,-0.03260461,0.01518905,0.1495961,-0.01014181,-0.9885785,-0.2960831,0.02699679,0.9547806,0.14,1.811587,3.74,0,-0.6727939,0,0.73983,-0.9955062,0,0.09469664
saccade,23.2048,0.02000792,0.0382123,-0.03605161,-0.08919694,0.09702133,-0.01237631,-0.9912001,-0.1901273,-0.1792256,0.9652615,0.08844512,0.0455389,-0.03259602,0.01523351,0.149589,-0.01014857,-0.9885789,-0.2960703,0.02708282,0.9547821,0.14,1.811587,3.74,0,-0.6727939,0,0.73983,-0.9955062,0,0.09469664
saccade,23.2158,0.02000203,0.03821599,-0.03603891,-0.08951973,0.09619887,-0.01235399,-0.9912514,-0.1885027,-0.17985,0.965464,0.08844035,0.04553628,-0.03259212,0.0152867,0.1495292,-0.01010888,-0.9885874,-0.2959545,0.02720133,0.9548147,0.14,1.811587,3.74,0,-0.6727939,0,0.73983,-0.9955062,0,0.09469664
saccade,23.2268,0.02000195,0.03822887,-0.03602903,-0.08946913,0.09622265,-0.01234776,-0.9912538,-0.1885527,-0.1797495,0.9654729,0.0884403,0.04554772,-0.03257976,0.01487258,0.1487895,-0.01013055,-0.9887052,-0.2945192,0.02639455,0.955281,0.14,1.811587,3.74,0,-0.6727939,0,0.73983,-0.9955062,0,0.09469664
saccade,23.2386,0.02000016,0.03824282,-0.03605788,-0.08946194,0.0962572,-0.01228656,-0.9912519,-0.1886319,-0.179724,0.9654622,0.08843924,0.04555273,-0.03260464,0.0148831,0.1488173,-0.01006652,-0.9887015,-0.2945714,0.02643375,0.9552639,0.14,1.811587,3.74,0,-0.6727939,0,0.73983,-0.9955062,0,0.09469664
saccade,23.2492,0.02000045,0.03826177,-0.03606401,-0.08993616,0.09411994,-0.01239618,-0.9914128,-0.1843937,-0.1806612,0.9661059,0.08843865,0.04557562,-0.03260127,0.01492873,0.148891,-0.01009808,-0.9886894,-0.2947155,0.02651273,0.9552172,0.14,1.811587,3.74,0,-0.6727939,0,0.73983,-0.9955062,0,0.09469664
saccade,23.2599,0.0199965,0.03827763,-0.03605792,-0.08994961,0.09414344,-0.01241343,-0.9914092,-0.1844362,-0.180691,0.9660922,0.08843428,0.04559362,-0.03259157,0.01491438,0.1489161,-0.01011198,-0.9886857,-0.2947641,0.02647959,0.9552031,0.14,1.811587,3.74,0,-0.6727939,0,0.73983,-0.9955062,0,0.09469664
saccade,23.2714,0.02000127,0.03827977,-0.03604983,-0.08985936,0.09413015,-0.01242894,-0.9914184,-0.184411,-0.1805163,0.9661296,0.08843901,0.04559743,-0.0325864,0.01410479,0.145574,-0.01024773,-0.9891937,-0.2882909,0.02492114,0.9572185,0.14,1.811587,3.74,0,-0.6727939,0,0.73983,-0.9955062,0,0.09469664
saccade,23.2822,0.0199974,0.03827846,-0.03605345,-0.09350298,0.08533912,-0.01270823,-0.9918734,-0.1669147,-0.1876553,0.9679489,0.08843531,0.04559398,-0.03258852,0.01409281,0.1455833,-0.01022998,-0.9891928,-0.2883082,0.02490238,0.9572138,0.14,1.811587,3.74,0,-0.6727939,0,0.73983,-0.9955062,0,0.09469664
saccade,23.2932,0.02000505,0.03827929,-0.0360476,-0.09345745,0.08527251,-0.01262477,-0.9918845,-0.1668012,-0.1875511,0.9679886,0.08844465,0.04558396,-0.03259341,0.01414327,0.1455083,-0.01015713,-0.9892038,-0.2881621,0.02502527,0.9572546,0.14,1.811587,3.74,0,-0.6727939,0,0.73983,-0.9955062,0,0.09469664
saccade,23.3052,0.0200219,0.03828585,-0.03603385,-0.09341978,0.08526557,-0.01264664,-0.9918884,-0.166785,-0.1874806,0.9680051,0.08846126,0.0455935,-0.03258087,0.008243558,0.1358819,-0.01052829,-0.9906349,-0.2693922,0.01347151,0.9629363,0.14,1.811587,3.74,0,-0.6727939,0,0.73983,-0.9955062,0,0.09469664
saccade,23.3169,0.02004332,0.03827262,-0.03605687,-0.09544008,0.06749698,-0.01315064,-0.9930571,-0.1315465,-0.1913302,0.9726707,0.08848415,0.04557276,-0.03261746,0.008318916,0.1357898,-0.01048058,-0.9906473,-0.2692139,0.01363591,0.9629839,0.14,1.811587,3.74,0,-0.6727939,0,0.73983,-0.9955062,0,0.09469664
saccade,23.3268,0.02006793,0.03826821,-0.03606464,-0.09541471,0.06745619,-0.0130941,-0.9930631,-0.1314778,-0.1912722,0.9726914,0.08850987,0.04556108,-0.03263186,0.008348056,0.1357435,-0.01043047,-0.990654,-0.2691239,0.01370833,0.963008,0.14,1.811587,3.74,0,-0.6727939,0,0.73983,-0.9955062,0,0.09469664
saccade,23.3382,0.02008838,0.03825903,-0.03604514,-0.09537737,0.06743992,-0.01311971,-0.9930674,-0.1314421,-0.1912019,0.97271,0.08853006,0.04555547,-0.03261478,0.00103531,0.1143852,-0.01118562,-0.993373,-0.2272775,-0.0005020387,0.9738299,0.14,1.811587,3.74,0,-0.6727939,0,0.73983,-0.9955062,0,0.09469664
saccade,23.3492,0.0200998,0.03825569,-0.03603024,-0.09756617,0.04247827,-0.01389127,-0.9942251,-0.0817553,-0.1951856,0.9773529,0.08854211,0.04555202,-0.03261232,0.001021791,0.1142938,-0.01118403,-0.9933835,-0.2270979,-0.0005264671,0.9738718,0.14,1.811587,3.74,0,-0.6727939,0,0.73983,-0.9955062,0,0.09469664
saccade,23.3608,0.02010595,0.03825581,-0.03604302,-0.09752072,0.04241927,-0.01387149,-0.9942324,-0.08164371,-0.1950933,0.9773806,0.08854891,0.04555035,-0.03263401,0.001068506,0.1142334,-0.01117349,-0.9933906,-0.2269805,-0.0004298829,0.9738992,0.14,1.811587,3.74,0,-0.6727939,0,0.73983,-0.9955062,0,0.09469664
saccade,23.3719,0.02011042,0.03824914,-0.03603956,-0.09752093,0.0423516,-0.01388683,-0.994235,-0.08150637,-0.1950937,0.977392,0.08855351,0.04554653,-0.0326396,-0.01185656,0.0908237,-0.01200203,-0.9957241,-0.1805861,-0.02579187,0.9832209,0.14,1.811587,3.74,0,-0.6727939,0,0.73983,-0.9955062,0,0.09469664
saccade,23.3828,0.02011456,0.03824246,-0.03602907,-0.1022592,0.01348486,-0.01477754,-0.9945567,-0.02380063,-0.2038038,0.9787224,0.08855776,0.04553783,-0.03262724,-0.01193072,0.09083033,-0.01198462,-0.9957228,-0.1805977,-0.02593651,0.983215,0.14,1.811587,3.74,0,-0.6727939,0,0.73983,-0.9955062,0,0.09469664
saccade,23.3935,0.02010689,0.03822768,-0.03605045,-0.1022789,0.01351288,-0.01480897,-0.9945537,-0.02384929,-0.2038439,0.9787129,0.08854946,0.04552698,-0.03264411,-0.01195269,0.09086092,-0.01201176,-0.9957195,-0.1806568,-0.02598586,0.9832029,0.14,1.811587,3.74,0,-0.6727939,0,0.73983,-0.9955062,0,0.09469664
saccade,23.4046,0.02010159,0.03821278,-0.03606615,-0.1022923,0.01349119,-0.01482391,-0.9945525,-0.02380264,-0.2038701,0.9787086,0.08854406,0.04551435,-0.03266238,-0.0247588,0.06407176,-0.01293291,-0.9975543,-0.1271897,-0.05105376,0.9905636,0.14,1.811587,3.74,0,-0.6727939,0,0.73983,-0.9955062,0,0.09469664
saccade,23.4159,0.02010237,0.03819418,-0.03605737,-0.1087479,-0.008628904,-0.0154692,-0.9939116,0.02051722,-0.2159047,0.9761989,0.08854532,0.04548752,-0.03264576,-0.0248005,0.06412601,-0.01287364,-0.9975505,-0.1272993,-0.05113058,0.9905456,0.14,1.811587,3.74,0,-0.6727939,0,0.73983,-0.9955062,0,0.09469664
saccade,23.4271,0.02008183,0.03818011,-0.03605312,-0.1087502,-0.008591149,-0.01552113,-0.9939108,0.02045353,-0.2159094,0.9761992,0.08852379,0.04548001,-0.03263556,-0.02480638,0.06416791,-0.01292188,-0.9975471,-0.1273799,-0.05114941,0.9905342,0.14,1.811587,3.74,0,-0.6727939,0,0.73983,-0.9955062,0,0.09469664
saccade,23.4387,0.0200689,0.03813469,-0.03614959,-0.1087656,-0.008530128,-0.01553277,-0.9939095,0.02033521,-0.2159413,0.9761946,0.08851037,0.04543507,-0.03272335,-0.03409201,0.04464138,-0.0135837,-0.9983288,-0.08820737,-0.06928287,0.9936898,0.14,1.811587,3.74,0,-0.6727939,0,0.73983,-0.9955062,0,0.09469664
saccade,23.4494,0.02004931,0.03811836,-0.03617933,-0.1158168,-0.0316696,-0.01629647,-0.9926319,0.06664731,-0.2288946,0.971167,0.08848988,0.04542327,-0.03274465,-0.03407776,0.04470324,-0.01361955,-0.9983261,-0.08832857,-0.06925911,0.9936807,0.14,1.811587,3.74,0,-0.6727939,0,0.73983,-0.9955062,0,0.09469664
saccade,23.4646,0.02001849,0.03808975,-0.03619929,-0.1157952,-0.03159117,-0.01631173,-0.9926366,0.06649473,-0.2288544,0.9711869,0.0884584,0.04539573,-0.03275394,-0.03405679,0.04478272,-0.01362984,-0.9983231,-0.08848687,-0.06922012,0.9936693,0.14,1.811587,3.74,0,-0.6727939,0,0.73983,-0.9955062,0,0.09469664
saccade,23.4775,0.02000723,0.03809547,-0.03621486,-0.1158711,-0.03149695,-0.0163482,-0.9926302,0.06631822,-0.2290045,0.9711636,0.08844614,0.04540408,-0.03275517,-0.03881725,0.03726007,-0.01391262,-0.9984545,-0.07332487,-0.07855128,0.9942098,0.14,1.811587,3.74,0,-0.6727939,0,0.73983,-0.9955062,0,0.09469664
saccade,23.4842,0.01996706,0.03809595,-0.03627454,-0.1187515,-0.03805089,-0.01656969,-0.9920563,0.07943261,-0.2343554,0.9689004,0.08840565,0.04540634,-0.03281259,-0.03879905,0.03727781,-0.0139265,-0.9984543,-0.07335971,-0.07851647,0.99421,0.14,1.811587,3.74,0,-0.6727939,0,0.73983,-0.9955062,0,0.09469664
saccade,23.4938,0.01995518,0.03809321,-0.0362836,-0.1186629,-0.03805964,-0.01665383,-0.9920652,0.07946768,-0.2341751,0.9689412,0.08839247,0.04541624,-0.03282248,-0.03871657,0.03727632,-0.01401742,-0.9984564,-0.07335214,-0.07835864,0.994223,0.14,1.811587,3.74,0,-0.6727939,0,0.73983,-0.9955062,0,0.09469664
saccade,23.5049,0.01994879,0.03808701,-0.03629444,-0.1186422,-0.03808682,-0.01662963,-0.992067,0.07951531,-0.2341353,0.9689469,0.08838658,0.04540753,-0.03283767,-0.04155118,0.03718549,-0.01401317,-0.9983459,-0.07308342,-0.08400708,0.9937815,0.14,1.811587,3.74,0,-0.6727939,0,0.73983,-0.9955062,0,0.09469664
saccade,23.5158,0.01996855,0.03809965,-0.03631625,-0.118601,-0.03810056,-0.01662565,-0.9920714,0.0795406,-0.2340545,0.9689643,0.08840644,0.04542029,-0.0328619,-0.0415097,0.0371717,-0.01401335,-0.9983481,-0.07305721,-0.08392405,0.9937904,0.14,1.811587,3.74,0,-0.6727939,0,0.73983,-0.9955062,0,0.09469664
saccade,23.5268,0.01998036,0.03810453,-0.03634041,-0.1221228,-0.04195302,-0.01674046,-0.9914867,0.0872805,-0.2407617,0.9666519,0.08841864,0.04542482,-0.03289326,-0.04147512,0.03712262,-0.01400876,-0.9983514,-0.07296081,-0.08385357,0.9938034,0.14,1.811587,3.74,0,-0.6727939,0,0.73983,-0.9955062,0,0.09469664
saccade,23.5387,0.0199841,0.03809977,-0.03632758,-0.1220878,-0.04192251,-0.01674949,-0.9914922,0.08722149,-0.2406937,0.9666741,0.08842206,0.04542136,-0.03287654,-0.04384694,0.02722653,-0.01433431,-0.9985643,-0.05311785,-0.08834852,0.9946723,0.14,1.811587,3.74,0,-0.6727939,0,0.73983,-0.9955062,0,0.09469664
saccade,23.5496,0.0199822,0.03810728,-0.03634181,-0.1218682,-0.05610384,-0.01721322,-0.9908099,0.115372,-0.239565,0.964001,0.08842029,0.04543746,-0.03291167,-0.04393572,0.02706324,-0.01439236,-0.998564,-0.05278408,-0.08852427,0.9946744,0.14,1.811587,3.74,0,-0.6727939,0,0.73983,-0.9955062,0,0.09469664
saccade,23.5604,0.02001298,0.03810143,-0.03632773,-0.1217419,-0.05601617,-0.01716883,-0.9908312,0.1151855,-0.2393278,0.9640822,0.08845119,0.04542589,-0.03288786,-0.04380466,0.02714819,-0.0143517,-0.9985681,-0.05296129,-0.08826312,0.9946883,0.14,1.811587,3.74,0,-0.6727939,0,0.73983,-0.9955062,0,0.09469664
saccade,23.5715,0.02000921,0.03809333,-0.03633322,-0.1217369,-0.05608432,-0.01715994,-0.9908281,0.1153178,-0.2393159,0.9640694,0.0884479,0.0454179,-0.03290285,-0.04470173,0.007075143,-0.0149612,-0.9988633,-0.01279662,-0.08951354,0.9959034,0.14,1.811587,3.74,0,-0.6727939,0,0.73983,-0.9955062,0,0.09469664
saccade,23.5823,0.0200164,0.03810561,-0.03632224,-0.1173675,-0.08269475,-0.01793448,-0.9894771,0.167859,-0.2292988,0.9587729,0.08845477,0.04543078,-0.03288718,-0.04475332,0.007104189,-0.0149696,-0.9988607,-0.01285231,-0.08961736,0.9958934,0.14,1.811587,3.74,0,-0.6727939,0,0.73983,-0.9955062,0,0.09469664
saccade,23.5936,0.02001885,0.03809285,-0.03631425,-0.1173195,-0.0826597,-0.01790066,-0.9894863,0.1677815,-0.2292127,0.9588071,0.0884575,0.04541373,-0.03287551,-0.04470184,0.007137248,-0.01493768,-0.9988632,-0.01292279,-0.08951527,0.9959016,0.14,1.811587,3.74,0,-0.6727939,0,0.73983,-0.9955062,0,0.09469664
saccade,23.6050,0.02003257,0.03807855,-0.03633695,-0.1172494,-0.08270506,-0.01788913,-0.989491,0.1678668,-0.2290754,0.9588249,0.08847152,0.0453999,-0.03290537,-0.04463092,0.007091652,-0.01493581,-0.9988667,-0.01283403,-0.08937252,0.9959156,0.14,1.811587,3.74,0,-0.6727939,0,0.73983,-0.9955062,0,0.09469664
saccade,23.6159,0.02003821,0.03807449,-0.03633053,-0.1066428,-0.1084691,-0.0185855,-0.9881884,0.2183398,-0.2067344,0.9537235,0.08847713,0.04539299,-0.03289197,-0.04005711,-0.01887125,-0.01568018,-0.9988961,0.03895704,-0.07943397,0.9960786,0.14,1.811587,3.74,0,-0.6727939,0,0.73983,-0.9955062,0,0.09469664
saccade,23.6270,0.02003853,0.03804839,-0.03632877,-0.1065781,-0.1084677,-0.01858652,-0.9881955,0.2183365,-0.206608,0.9537517,0.0884773,0.04536831,-0.03289068,-0.03999248,-0.01886914,-0.01568684,-0.9988987,0.03895144,-0.07930487,0.9960891,0.14,1.811587,3.74,0,-0.6727939,0,0.73983,-0.9955062,0,0.09469664
saccade,23.6383,0.02005778,0.03806984,-0.03635931,-0.1066705,-0.1084704,-0.01857055,-0.9881856,0.2183396,-0.2067918,0.9537112,0.08849697,0.04538584,-0.03292087,-0.03270677,-0.04768163,-0.01648222,-0.9981909,0.09626889,-0.06372342,0.9933134,0.14,1.811587,3.74,0,-0.6727939,0,0.73983,-0.9955062,0,0.09469664
saccade,23.6492,0.02005655,0.03806293,-0.03636778,-0.1066512,-0.1084469,-0.01854432,-0.9881908,0.2182879,-0.2067613,0.9537296,0.08849598,0.04537547,-0.03292673,-0.03268571,-0.04765975,-0.01645548,-0.9981931,0.09622298,-0.06368478,0.9933204,0.14,1.811587,3.74,0,-0.6727939,0,0.73983,-0.9955062,0,0.09469664
saccade,23.6607,0.02005704,0.03804636,-0.03636871,-0.09863463,-0.1368496,-0.019358,-0.9854789,0.2735435,-0.1891064,0.9430868,0.08849567,0.04536295,-0.03292052,-0.03270718,-0.04761089,-0.01649001,-0.9981941,0.09612849,-0.06372602,0.9933269,0.14,1.811587,3.74,0,-0.6727939,0,0.73983,-0.9955062,0,0.09469664
saccade,23.6718,0.02005436,0.03803396,-0.03636952,-0.09872421,-0.1368815,-0.01940905,-0.9854645,0.273616,-0.1892649,0.943034,0.08849259,0.04535556,-0.03292406,-0.02697372,-0.07234862,-0.01723178,-0.9968656,0.1451733,-0.05128496,0.9880762,0.14,1.811587,3.74,0,-0.6727939,0,0.73983,-0.9955062,0,0.09469664
saccade,23.6823,0.02007435,0.03805244,-0.03637705,-0.09095316,-0.1619623,-0.02009472,-0.9823909,0.3218758,-0.172194,0.9309915,0.08851244,0.04537439,-0.03292944,-0.02702729,-0.07233801,-0.01724067,-0.9968649,0.1451544,-0.0513908,0.9880735,0.14,1.811587,3.74,0,-0.6727939,0,0.73983,-0.9955062,0,0.09469664
saccade,23.6936,0.02008303,0.03804779,-0.03637528,-0.09093098,-0.161982,-0.02015551,-0.9823885,0.3219239,-0.1721294,0.9309868,0.08852027,0.0453788,-0.03292974,-0.02701073,-0.07235373,-0.01730437,-0.9968631,0.1451883,-0.05134792,0.9880707,0.14,1.811587,3.74,0,-0.6727939,0,0.73983,-0.9955062,0,0.09469664
saccade,23.7055,0.02008368,0.03804946,-0.03636929,-0.09098556,-0.1620468,-0.02018432,-0.9823722,0.3220536,-0.1722218,0.9309249,0.08852099,0.04538357,-0.03293177,-0.0201503,-0.09508867,-0.01795776,-0.9951029,0.1899697,-0.03668808,0.9811042,0.14,1.811587,3.74,0,-0.6727939,0,0.73983,-0.9955062,0,0.09469664
saccade,23.7159,0.02008219,0.0380435,-0.03635044,-0.0877244,-0.1863625,-0.02089475,-0.9783337,0.3683154,-0.1638595,0.9151469,0.08851827,0.0453881,-0.03291136,-0.02001883,-0.09506766,-0.01801739,-0.9951064,0.1899263,-0.036416,0.9811228,0.14,1.811587,3.74,0,-0.6727939,0,0.73983,-0.9955062,0,0.09469664
saccade,23.7270,0.02007927,0.03805745,-0.03634409,-0.08775725,-0.1863855,-0.020962,-0.9783249,0.3683702,-0.1638962,0.9151182,0.08851457,0.04541028,-0.03290693,-0.02005804,-0.09508686,-0.01808286,-0.9951026,0.1899678,-0.03648072,0.9811123,0.14,1.811587,3.74,0,-0.6727939,0,0.73983,-0.9955062,0,0.09469664
saccade,23.7384,0.02008053,0.03804052,-0.03633666,-0.08773492,-0.1863511,-0.02097289,-0.9783333,0.3683071,-0.1638513,0.9151517,0.08851541,0.04539514,-0.03289478,-0.01476749,-0.1070206,-0.01841008,-0.9939767,0.2132958,-0.02541656,0.976657,0.14,1.811587,3.74,0,-0.6727939,0,0.73983,-0.9955062,0,0.09469664
saccade,23.7496,0.02008784,0.0380193,-0.03633638,-0.08777783,-0.1863038,-0.02096042,-0.9783387,0.3682161,-0.1639429,0.9151719,0.08852277,0.04537022,-0.0328877,-0.01480921,-0.1069745,-0.01839073,-0.9939814,0.213206,-0.02550548,0.9766743,0.14,1.811587,3.74,0,-0.6727939,0,0.73983,-0.9955062,0,0.09469664
saccade,23.7602,0.020095,0.03796649,-0.03633761,-0.08537261,-0.1998758,-0.02136279,-0.9758611,0.3937496,-0.1580838,0.9055223,0.0885292,0.04532099,-0.03288197,-0.01485069,-0.1069283,-0.01842414,-0.9939851,0.2131175,-0.02558261,0.9766916,0.14,1.811587,3.74,0,-0.6727939,0,0.73983,-0.9955062,0,0.09469664
saccade,23.7715,0.02010313,0.03792703,-0.03632906,-0.08554627,-0.1997971,-0.02141944,-0.9758608,0.393613,-0.1584034,0.9055259,0.08853658,0.04528213,-0.03286007,-0.0156513,-0.1090265,-0.0185249,-0.993743,0.2172685,-0.02706734,0.9757365,0.14,1.811587,3.74,0,-0.6727939,0,0.73983,-0.9955062,0,0.09469664
saccade,23.7824,0.02010972,0.03791034,-0.0363199,-0.08563938,-0.1997227,-0.02129722,-0.9758705,0.3934547,-0.1586388,0.9055535,0.08854487,0.04524517,-0.03284143,-0.01573268,-0.1089612,-0.01838966,-0.9937514,0.2171393,-0.02726123,0.9757599,0.14,1.811587,3.74,0,-0.6727939,0,0.73983,-0.9955062,0,0.09469664
saccade,23.7936,0.02012346,0.0379194,-0.03630655,-0.08306889,-0.2009086,-0.02116449,-0.9758522,0.3956304,-0.1536217,0.9054706,0.08856086,0.04523408,-0.03283004,-0.01571004,-0.1089697,-0.01823709,-0.9937536,0.2171511,-0.02724925,0.9757576,0.14,1.811587,3.74,0,-0.6727939,0,0.73983,-0.9955062,0,0.09469664
saccade,23.8049,0.02014517,0.03795195,-0.03632494,-0.0831649,-0.2009267,-0.02095833,-0.9758447,0.3956325,-0.1538899,0.9054241,0.08858604,0.04523635,-0.03285291,-0.01533428,-0.1093077,-0.01803114,-0.9937261,0.2177969,-0.02653426,0.9756334,0.14,1.811587,3.74,0,-0.6727939,0,0.73983,-0.9955062,0,0.09469664
saccade,23.8156,0.0201709,0.03797328,-0.0363217,-0.08175862,-0.201257,-0.02082987,-0.9758982,0.3962187,-0.1511919,0.9056223,0.08861436,0.04524124,-0.03286619,-0.01534645,-0.1094255,-0.01790897,-0.9937152,0.2180253,-0.02658061,0.9755811,0.14,1.811587,3.74,0,-0.6727939,0,0.73983,-0.9955062,0,0.09469664
saccade,23.8272,0.02019735,0.03797662,-0.03631819,-0.08185712,-0.2013047,-0.02073159,-0.9758822,0.3962934,-0.1514191,0.9055517,0.08864284,0.04522872,-0.03286977,-0.0154359,-0.109482,-0.01780564,-0.9937094,0.2181362,-0.0267788,0.9755508,0.14,1.811587,3.74,0,-0.6727939,0,0.73983,-0.9955062,0,0.09469664
saccade,23.8379,0.02023235,0.03798211,-0.03628048,-0.0817763,-0.2013416,-0.02077939,-0.9758804,0.3963691,-0.1512403,0.9055484,0.08867709,0.04524374,-0.03283729,-0.01319422,-0.109726,-0.01785789,-0.9937139,0.2185437,-0.0223036,0.9755722,0.14,1.811587,3.74,0,-0.6727939,0,0.73983,-0.9955062,0,0.09469664
saccade,23.8492,0.02026387,0.03798676,-0.03627993,-0.07881814,-0.2008648,-0.02085869,-0.9762203,0.3954647,-0.1455082,0.906882,0.08870733,0.04526269,-0.03284135,-0.01321199,-0.1097635,-0.01796578,-0.9937075,0.2186203,-0.02231374,0.9755549,0.14,1.811587,3.74,0,-0.6727939,0,0.73983,-0.9955062,0,0.09469664
saccade,23.8601,0.02028824,0.03797913,-0.0362878,-0.07882681,-0.2009244,-0.02096015,-0.9762051,0.3955914,-0.1454795,0.9068314,0.08873057,0.04526877,-0.03285611,-0.01323033,-0.1098174,-0.01806992,-0.9936995,0.2187291,-0.02232517,0.9755302,0.14,1.811587,3.74,0,-0.6727939,0,0.73983,-0.9955062,0,0.09469664
saccade,23.8710,0.02030889,0.03797281,-0.03629822,-0.07889371,-0.2010098,-0.02094636,-0.9761825,0.3957495,-0.1456085,0.9067417,0.08875213,0.04525948,-0.03287798,-0.01200802,-0.1115082,-0.01809616,-0.9935262,0.2220072,-0.01982483,0.9748434,0.14,1.811587,3.74,0,-0.6727939,0,0.73983,-0.9955062,0,0.09469664
saccade,23.8825,0.02033807,0.03800213,-0.03629011,-0.07734797,-0.200891,-0.0209049,-0.9763315,0.3955063,-0.1426353,0.9073202,0.08878215,0.04528677,-0.03288241,-0.01197728,-0.111596,-0.01807508,-0.9935171,0.2221781,-0.01976505,0.9748058,0.14,1.811587,3.74,0,-0.6727939,0,0.73983,-0.9955062,0,0.09469664
saccade,23.8936,0.02034045,0.03803813,-0.03629525,-0.07733244,-0.2009669,-0.02076253,-0.9763201,0.3956273,-0.1426573,0.907264,0.088787,0.04530525,-0.03290012,-0.01194914,-0.1116818,-0.01794014,-0.9935102,0.2223428,-0.01973602,0.9747688,0.14,1.811587,3.74,0,-0.6727939,0,0.73983,-0.9955062,0,0.09469664
saccade,23.9044,0.02033822,0.03806651,-0.03631617,-0.07721914,-0.2010003,-0.02067301,-0.9763241,0.3956757,-0.1424713,0.9072722,0.08878593,0.04532599,-0.03292792,-0.01182797,-0.1117196,-0.01786351,-0.9935089,0.2224113,-0.01951098,0.9747577,0.14,1.811587,3.74,0,-0.6727939,0,0.73983,-0.9955062,0,0.09469664
saccade,23.9157,0.02033216,0.03809571,-0.03633214,-0.07713114,-0.2009276,-0.0206399,-0.9763467,0.3955341,-0.1423192,0.9073578,0.08877966,0.04535306,-0.03293499,-0.01059816,-0.1117574,-0.01783099,-0.993519,0.2224441,-0.01707347,0.9747959,0.14,1.811587,3.74,0,-0.6727939,0,0.73983,-0.9955062,0,0.09469664
saccade,23.9267,0.02031341,0.03810644,-0.03634852,-0.07595297,-0.2003998,-0.02067248,-0.9765469,0.3945399,-0.1400577,0.9081421,0.08875974,0.04537141,-0.0329441,-0.01055669,-0.1117021,-0.01788146,-0.9935248,0.2223352,-0.01698187,0.9748224,0.14,1.811587,3.74,0,-0.6727939,0,0.73983,-0.9955062,0,0.09469664
saccade,23.9381,0.02030203,0.03810441,-0.03637608,-0.07594045,-0.2003547,-0.02073647,-0.9765558,0.3944646,-0.1400109,0.9081821,0.08874713,0.04537773,-0.03296467,-0.01054976,-0.1116521,-0.01794309,-0.9935294,0.222238,-0.01695623,0.974845,0.14,1.811587,3.74,0,-0.6727939,0,0.73983,-0.9955062,0,0.09469664
saccade,23.9493,0.02028713,0.03808677,-0.03639816,-0.07582178,-0.2003338,-0.02085737,-0.9765667,0.3944415,-0.1397332,0.9082349,0.08872995,0.04538,-0.0329834,-0.01013012,-0.1115072,-0.01806744,-0.9935478,0.2219415,-0.01610021,0.9749271,0.14,1.811587,3.74,0,-0.6727939,0,0.73983,-0.9955062,0,0.09469664
saccade,23.9602,0.02025532,0.03807461,-0.03639321,-0.07575822,-0.2005256,-0.02089363,-0.9765314,0.3948048,-0.1395811,0.9081004,0.08869734,0.04537249,-0.03297269,-0.01009662,-0.1114632,-0.01809765,-0.9935525,0.2218545,-0.0160286,0.974948,0.14,1.811587,3.74,0,-0.6727939,0,0.73983,-0.9955062,0,0.09469664
saccade,23.9714,0.02023181,0.03806746,-0.03641114,-0.07580005,-0.2004793,-0.02096298,-0.9765362,0.3947286,-0.1396377,0.9081248,0.08867267,0.04537249,-0.0329829,-0.009194066,-0.1112284,-0.01814948,-0.9935866,0.2213638,-0.01423273,0.9750875,0.14,1.811587,3.74,0,-0.6727939,0,0.73983,-0.9955062,0,0.09469664
saccade,23.9830,0.02020356,0.03805709,-0.03643301,-0.07577619,-0.2004241,-0.02098691,-0.9765489,0.3946285,-0.1395857,0.9081763,0.08864367,0.04536557,-0.032997,-0.009172169,-0.1111706,-0.01817153,-0.9935929,0.2212499,-0.01418652,0.975114,0.14,1.811587,3.74,0,-0.6727939,0,0.73983,-0.9955062,0,0.09469664
saccade,23.9934,0.02017309,0.03805411,-0.03645813,-0.07494335,-0.1997912,-0.0209693,-0.9767433,0.3934324,-0.1380219,0.908934,0.08861288,0.04535985,-0.03301015,-0.009230609,-0.1110887,-0.01816196,-0.9936017,0.2210911,-0.01430792,0.9751482,0.14,1.811587,3.74,0,-0.6727939,0,0.73983,-0.9955062,0,0.09469664
saccade,24.0046,0.02016588,0.03806877,-0.03647676,-0.07494062,-0.1997095,-0.02101883,-0.9767591,0.3932865,-0.1380025,0.909,0.08860446,0.04538035,-0.03301682,-0.008968018,-0.1105401,-0.01819109,-0.9936647,0.2200059,-0.01380072,0.9754009,0.14,1.811587,3.74,0,-0.6727939,0,0.73983,-0.9955062,0,0.09469664
saccade,24.0153,0.02014767,0.03806722,-0.03648707,-0.07495894,-0.1995639,-0.02102658,-0.9767873,0.3930151,-0.1380456,0.9091108,0.08858533,0.04537761,-0.03300655,-0.008986425,-0.1103925,-0.01818712,-0.993681,0.2197168,-0.01384383,0.9754655,0.14,1.811587,3.74,0,-0.6727939,0,0.73983,-0.9955062,0,0.09469664
saccade,24.0275,0.02012897,0.03807199,-0.03650435,-0.0750753,-0.1988375,-0.02106941,-0.9769255,0.3916624,-0.1383072,0.9096547,0.08856568,0.04538929,-0.03301961,-0.009020982,-0.110366,-0.01824433,-0.9936826,0.2196667,-0.01390088,0.9754759,0.14,1.811587,3.74,0,-0.6727939,0,0.73983,-0.9955062,0,0.09469664
saccade,24.0381,0.02011047,0.03805721,-0.03652046,-0.07490966,-0.1988296,-0.02097578,-0.9769419,0.3916325,-0.1380236,0.9097106,0.08854799,0.0453676,-0.03303736,-0.008316409,-0.1097409,-0.01814452,-0.9937599,0.2184139,-0.01254664,0.9757755,0.14,1.811587,3.74,0,-0.6727939,0,0.73983,-0.9955062,0,0.09469664
saccade,24.0489,0.02012946,0.03805399,-0.03652678,-0.07505631,-0.1987985,-0.02108679,-0.9769345,0.3915917,-0.1382661,0.9096914,0.08856562,0.0453738,-0.03303657,-0.008472829,-0.1097045,-0.01823971,-0.9937608,0.2183492,-0.01283797,0.9757863,0.14,1.811587,3.74,0,-0.6727939,0,0.73983,-0.9955062,0,0.09469664
saccade,24.0601,0.0201271,0.03804207,-0.03653126,-0.07445158,-0.19878,-0.02113318,-0.9769835,0.3915564,-0.1370742,0.909887,0.08856232,0.04537117,-0.03304211,-0.008397887,-0.1097067,-0.01829642,-0.9937601,0.2183517,-0.01267649,0.9757878,0.14,1.811587,3.74,0,-0.6727939,0,0.73983,-0.9955062,0,0.09469664
saccade,24.0717,0.02013332,0.0380522,-0.03652373,-0.07437447,-0.1987748,-0.02113284,-0.9769906,0.3915457,-0.136925,0.9099141,0.08856827,0.04538381,-0.03303458,-0.0085334,-0.1092212,-0.01829002,-0.9938126,0.2174029,-0.01296589,0.9759958,0.14,1.811587,3.74,0,-0.6727939,0,0.73983,-0.9955062,0,0.09469664
saccade,24.0823,0.02011035,0.03806293,-0.03647325,-0.07429392,-0.1988174,-0.02105053,-0.9769897,0.3916129,-0.1367984,0.9099041,0.08854651,0.04538691,-0.03299183,-0.008445612,-0.1092683,-0.0182183,-0.9938095,0.2174915,-0.01280529,0.9759782,0.14,1.811587,3.74,0,-0.6727939,0,0.73983,-0.9955062,0,0.09469664
saccade,24.0932,0.02010444,0.03805685,-0.03645922,-0.07448231,-0.1981081,-0.02093623,-0.9771219,0.3902704,-0.1372613,0.9104111,0.08854217,0.04536927,-0.03298429,-0.008418492,-0.1093114,-0.01812809,-0.9938066,0.217574,-0.01276949,0.9759603,0.14,1.811587,3.74,0,-0.6727939,0,0.73983,-0.9955062,0,0.09469664
saccade,24.1053,0.02011147,0.03804076,-0.03645235,-0.074564,-0.1982106,-0.0209011,-0.9770957,0.3904584,-0.1374267,0.9103056,0.08855058,0.04534686,-0.03299138,-0.008560142,-0.109738,-0.01810252,-0.9937589,0.2184162,-0.01304036,0.9757686,0.14,1.811587,3.74,0,-0.6727939,0,0.73983,-0.9955062,0,0.09469664
saccade,24.1159,0.02012085,0.03802156,-0.03642732,-0.0747204,-0.1982399,-0.02091849,-0.9770774,0.3905175,-0.1377215,0.9102356,0.08856037,0.04532504,-0.03296872,-0.008718052,-0.1097691,-0.01810809,-0.9937539,0.2184826,-0.01335178,0.9757495,0.14,1.811587,3.74,0,-0.6727939,0,0.73983,-0.9955062,0,0.09469664
saccade,24.1274,0.02012261,0.03798985,-0.03641269,-0.07533104,-0.1982298,-0.02096956,-0.9770315,0.3905128,-0.138888,0.9100604,0.0885619,0.04529703,-0.03295762,-0.008819704,-0.1098042,-0.01815187,-0.9937484,0.2185557,-0.01354283,0.9757305,0.14,1.811587,3.74,0,-0.6727939,0,0.73983,-0.9955062,0,0.09469664
saccade,24.1380,0.02012716,0.03796768,-0.03641,-0.07545422,-0.1982216,-0.02106411,-0.9770216,0.3905123,-0.1390901,0.9100297,0.08856539,0.04528308,-0.03295145,-0.009111546,-0.1102937,-0.01824988,-0.9936898,0.219528,-0.01408241,0.9755046,0.14,1.811587,3.74,0,-0.6727939,0,0.73983,-0.9955062,0,0.09469664
saccade,24.1492,0.020127,0.03793836,-0.03639936,-0.07534405,-0.1982156,-0.02113185,-0.9770298,0.3905093,-0.1388494,0.9100677,0.08856384,0.04526639,-0.03294015,-0.009007521,-0.1102813,-0.01832641,-0.9936907,0.2195012,-0.01385926,0.9755138,0.14,1.811587,3.74,0,-0.6727939,0,0.73983,-0.9955062,0,0.09469664
saccade,24.1601,0.02010397,0.03793716,-0.03637146,-0.07572432,-0.1977883,-0.02121078,-0.9770854,0.3897244,-0.1395878,0.9102913,0.08853952,0.04527593,-0.03290912,-0.009044426,-0.1102634,-0.0184113,-0.9936907,0.2194685,-0.01391454,0.9755204,0.14,1.811587,3.74,0,-0.6727939,0,0.73983,-0.9955062,0,0.09469664
saccade,24.1716,0.02009907,0.03792572,-0.03635742,-0.07574528,-0.1977593,-0.02119268,-0.97709,0.3896678,-0.1396378,0.9103078,0.08853479,0.04526103,-0.03289108,-0.009184843,-0.1103437,-0.01839325,-0.9936808,0.2196308,-0.01419444,0.9754798,0.14,1.811587,3.74,0,-0.6727939,0,0.73983,-0.9955062,0,0.09469664
saccade,24.1827,0.02009263,0.03790724,-0.03635482,-0.07579897,-0.1977831,-0.02115166,-0.9770819,0.3897071,-0.1397567,0.9102727,0.08852926,0.04523551,-0.0328918,-0.009234933,-0.1103713,-0.01834947,-0.9936781,0.2196861,-0.01430259,0.9754658,0.14,1.811587,3.74,0,-0.6727939,0,0.73983,-0.9955062,0,0.09469664
saccade,24.1936,0.02008547,0.03792477,-0.03630179,-0.07617313,-0.1974755,-0.02115796,-0.9771149,0.3891358,-0.1405034,0.9104022,0.08852175,0.04525316,-0.03283199,-0.009266573,-0.110325,-0.01835559,-0.9936829,0.2195964,-0.01436591,0.975485,0.14,1.811587,3.74,0,-0.6727939,0,0.73983,-0.9955062,0,0.09469664
saccade,24.2047,0.02008055,0.03793919,-0.03627878,-0.07620653,-0.1974549,-0.02114127,-0.9771168,0.3890953,-0.1405765,0.9104082,0.08851706,0.04526401,-0.03280602,-0.009298372,-0.1103059,-0.01833468,-0.9936851,0.2195596,-0.01443446,0.9754923,0.14,1.811587,3.74,0,-0.6727939,0,0.73983,-0.9955062,0,0.09469664
saccade,24.2156,0.02008095,0.03795397,-0.03628066,-0.07618807,-0.1973931,-0.02109814,-0.9771317,0.3889731,-0.1405623,0.9104626,0.08851768,0.04527295,-0.03280002,-0.009517649,-0.1103185,-0.01829253,-0.9936824,0.2195913,-0.01487903,0.9754785,0.14,1.811587,3.74,0,-0.6727939,0,0.73983,-0.9955062,0,0.09469664
saccade,24.2269,0.02008434,0.0379709,-0.0362873,-0.07653143,-0.197329,-0.02107197,-0.9771183,0.388853,-0.1412443,0.9104084,0.08852126,0.04528546,-0.03280088,-0.009527663,-0.1102769,-0.01826151,-0.9936875,0.2195096,-0.01490739,0.9754965,0.14,1.811587,3.74,0,-0.6727939,0,0.73983,-0.9955062,0,0.09469664
saccade,24.2382,0.02007258,0.03800035,-0.03627487,-0.07647807,-0.1973354,-0.02098644,-0.9771231,0.3888519,-0.1411742,0.9104197,0.08851063,0.04530549,-0.03279094,-0.009397731,-0.1106251,-0.01819093,-0.9936513,0.2201875,-0.01465139,0.9753475,0.14,1.811587,3.74,0,-0.6727939,0,0.73983,-0.9955062,0,0.09469664
saccade,24.2489,0.02007937,0.0380218,-0.03627136,-0.07646927,-0.1973628,-0.02101656,-0.9771175,0.3889076,-0.1411432,0.9104007,0.08851711,0.04533148,-0.03279095,-0.00939171,-0.1106508,-0.01822355,-0.9936479,0.2202382,-0.01463121,0.9753364,0.14,1.811587,3.74,0,-0.6727939,0,0.73983,-0.9955062,0,0.09469664
saccade,24.2599,0.02009421,0.03803873,-0.03627256,-0.07716722,-0.1974073,-0.02096286,-0.9770548,0.3889908,-0.1425168,0.9101511,0.08853308,0.04534364,-0.03280437,-0.009334686,-0.1107336,-0.01817784,-0.99364,0.220398,-0.01452484,0.9753019,0.14,1.811587,3.74,0,-0.6727939,0,0.73983,-0.9955062,0,0.09469664
saccade,24.2713,0.02011248,0.03805876,-0.03627559,-0.07714751,-0.1974286,-0.02098651,-0.9770516,0.389034,-0.1424675,0.9101404,0.08855106,0.04536772,-0.03281024,-0.009317163,-0.1107532,-0.01820455,-0.9936376,0.2204362,-0.01448335,0.9752939,0.14,1.811587,3.74,0,-0.6727939,0,0.73983,-0.9955062,0,0.09469664
saccade,24.2828,0.02011541,0.03809941,-0.03624061,-0.07713911,-0.1974866,-0.02087898,-0.9770429,0.389127,-0.1424898,0.9100972,0.08855589,0.04539502,-0.03278481,-0.009126022,-0.1114497,-0.01811977,-0.993563,0.2217952,-0.01409567,0.9749914,0.14,1.811587,3.74,0,-0.6727939,0,0.73983,-0.9955062,0,0.09469664
saccade,24.2937,0.02012083,0.03811109,-0.03623299,-0.07743737,-0.1974757,-0.02090373,-0.9770209,0.3891133,-0.1430599,0.9100136,0.08856121,0.04541242,-0.03278739,-0.009081103,-0.1115203,-0.01815436,-0.9935548,0.2219329,-0.01399599,0.9749615,0.14,1.811587,3.74,0,-0.6727939,0,0.73983,-0.9955062,0,0.09469664
saccade,24.3047,0.02013205,0.03810477,-0.03622563,-0.07740113,-0.1975185,-0.02089933,-0.9770153,0.3891925,-0.1429882,0.909991,0.08857264,0.04540741,-0.03278638,-0.009044681,-0.1115633,-0.01815613,-0.9935503,0.222016,-0.01392158,0.9749436,0.14,1.811587,3.74,0,-0.6727939,0,0.73983,-0.9955062,0,0.09469664
saccade,24.3157,0.02011713,0.03808975,-0.03620549,-0.07735424,-0.1975578,-0.02089145,-0.9770112,0.3892644,-0.1428974,0.9099745,0.08855791,0.04539323,-0.03277225,-0.00946389,-0.1120249,-0.01816967,-0.9934942,0.222936,-0.01473373,0.9747217,0.14,1.811587,3.74,0,-0.6727939,0,0.73983,-0.9955062,0,0.09469664
saccade,24.3266,0.02009666,0.0380702,-0.03618592,-0.07771412,-0.1953049,-0.02084897,-0.9774364,0.3850368,-0.1437774,0.911633,0.08853728,0.04537547,-0.03275293,-0.009486447,-0.112029,-0.01818618,-0.9934933,0.2229452,-0.01477468,0.974719,0.14,1.811587,3.74,0,-0.6727939,0,0.73983,-0.9955062,0,0.09469664
saccade,24.3427,0.02009295,0.03804862,-0.03617488,-0.07774234,-0.1952487,-0.02087321,-0.9774448,0.3849351,-0.1438268,0.9116682,0.08853295,0.04535556,-0.03273349,-0.009516484,-0.111971,-0.01820396,-0.9934992,0.2228326,-0.01483261,0.9747438,0.14,1.811587,3.74,0,-0.6727939,0,0.73983,-0.9955062,0,0.09469664
saccade,24.3540,0.02008481,0.03801596,-0.03617135,-0.07786012,-0.195133,-0.02091203,-0.9774578,0.384725,-0.1440487,0.9117218,0.08852394,0.04532278,-0.03271224,-0.009889739,-0.1107974,-0.01819544,-0.9936273,0.2205425,-0.01562141,0.9752523,0.14,1.811587,3.74,0,-0.6727939,0,0.73983,-0.9955062,0,0.09469664
saccade,24.3649,0.02004967,0.03800499,-0.03617766,-0.0786271,-0.1745558,-0.02038261,-0.9812914,0.3457854,-0.1471964,0.9266961,0.0884885,0.04531431,-0.03271804,-0.00998405,-0.1108024,-0.01822931,-0.9936251,0.2205562,-0.0158011,0.9752463,0.14,1.811587,3.74,0,-0.6727939,0,0.73983,-0.9955062,0,0.09469664
saccade,24.3760,0.02002016,0.03798044,-0.03618043,-0.07874081,-0.1745059,-0.02040896,-0.9812905,0.3456961,-0.1474122,0.9266951,0.08845863,0.04528928,-0.03271245,-0.01134143,-0.09447003,-0.01777526,-0.9953045,0.1884561,-0.0192179,0.9818936,0.14,1.811587,3.74,0,-0.6727939,0,0.73983,-0.9955062,0,0.09469664
saccade,24.3879,0.01999494,0.03795266,-0.03617926,-0.07879265,-0.1744038,-0.02043504,-0.981304,0.3455065,-0.1475112,0.9267501,0.08843257,0.04526222,-0.03269628,-0.01139499,-0.09436603,-0.01778995,-0.9953135,0.188253,-0.01932563,0.9819304,0.14,1.811587,3.74,0,-0.6727939,0,0.73983,-0.9955062,0,0.09469664
saccade,24.3987,0.0199771,0.03794754,-0.03617537,-0.08274176,-0.1111518,-0.01866075,-0.9901772,0.223208,-0.1597097,0.9615982,0.08841415,0.04525912,-0.03268534,-0.01140777,-0.09431627,-0.01780763,-0.9953177,0.1881556,-0.01934962,0.9819486,0.14,1.811587,3.74,0,-0.6727939,0,0.73983,-0.9955062,0,0.09469664
saccade,24.4095,0.01995904,0.03794777,-0.0361753,-0.08273166,-0.111052,-0.01863866,-0.9901897,0.223009,-0.1597004,0.9616458,0.08839583,0.04525542,-0.03267194,-0.01411435,-0.04194193,-0.01623436,-0.9988884,0.08424889,-0.02683551,0.9960833,0.14,1.811587,3.74,0,-0.6727939,0,0.73983,-0.9955062,0,0.09469664
saccade,24.4210,0.01994212,0.03794777,-0.03618606,-0.08273914,-0.1109981,-0.01868308,-0.9901943,0.222911,-0.1597081,0.9616673,0.08837794,0.04526067,-0.03267466,-0.01412475,-0.04188493,-0.01627428,-0.99889,0.08413662,-0.02685484,0.9960923,0.14,1.811587,3.74,0,-0.6727939,0,0.73983,-0.9955062,0,0.09469664
saccade,24.4318,0.01993381,0.03794038,-0.03619697,-0.08186701,-0.03736639,-0.01648364,-0.9958062,0.0771183,-0.1618155,0.9838031,0.08836946,0.04525232,-0.03268025,-0.01408693,-0.04184265,-0.01626462,-0.9988925,0.08405086,-0.02678154,0.9961015,0.14,1.811587,3.74,0,-0.6727939,0,0.73983,-0.9955062,0,0.09469664
saccade,24.4430,0.01990758,0.03792739,-0.03620794,-0.08187173,-0.03734393,-0.01653069,-0.9958058,0.0770814,-0.1618221,0.9838049,0.08834238,0.04524541,-0.03268755,-0.003505539,0.01529047,-0.01449898,-0.9997718,-0.0304723,-0.007452871,0.9995078,0.14,1.811587,3.74,0,-0.6727939,0,0.73983,-0.9955062,0,0.09469664
saccade,24.4537,0.01990614,0.037925,-0.03621183,-0.07945742,0.01934107,-0.01479417,-0.9965408,-0.03619731,-0.1589374,0.9866249,0.08834083,0.04524529,-0.03269399,-0.003493428,0.01527303,-0.01451572,-0.9997719,-0.03043766,-0.00742866,0.999509,0.14,1.811587,3.74,0,-0.6727939,0,0.73983,-0.9955062,0,0.09469664
saccade,24.4655,0.01991904,0.0379374,-0.03621454,-0.0794054,0.01923886,-0.01481016,-0.9965467,-0.03599283,-0.1588323,0.9866493,0.0883541,0.04526126,-0.03271116,-0.00344112,0.01517225,-0.01453915,-0.9997733,-0.03023756,-0.007321862,0.999516,0.14,1.811587,3.74,0,-0.6727939,0,0.73983,-0.9955062,0,0.09469664
saccade,24.4761,0.0199343,0.03795195,-0.03621489,-0.0793927,0.01919887,-0.01478148,-0.996549,-0.03591814,-0.158805,0.9866564,0.08837003,0.04527235,-0.03271745,0.00186367,0.05455042,-0.01324998,-0.9984214,-0.108978,0.002275872,0.9940416,0.14,1.811587,3.74,0,-0.6727939,0,0.73983,-0.9955062,0,0.09469664
saccade,24.4873,0.01994576,0.03797209,-0.03622226,-0.07845565,0.04313437,-0.01398555,-0.9958858,-0.08371933,-0.1574723,0.9839683,0.08838239,0.04528713,-0.03273136,0.001842555,0.05450054,-0.01321092,-0.9984246,-0.108878,0.0022393,0.9940526,0.14,1.811587,3.74,0,-0.6727939,0,0.73983,-0.9955062,0,0.09469664
saccade,24.4985,0.01996596,0.03797936,-0.03622518,-0.07832298,0.04308493,-0.0139862,-0.9958984,-0.08362554,-0.1572087,0.9840184,0.08840294,0.04529524,-0.03274279,0.00197563,0.05445096,-0.01321693,-0.998427,-0.1087828,0.002505695,0.9940624,0.14,1.811587,3.74,0,-0.6727939,0,0.73983,-0.9955062,0,0.09469664
saccade,24.5094,0.01998187,0.03798807,-0.03622842,-0.07831016,0.04309255,-0.0139298,-0.9958999,-0.08365004,-0.1571787,0.9840211,0.08841967,0.04529607,-0.03274573,0.001989115,0.054454,-0.01316024,-0.9984276,-0.1087891,0.00253872,0.9940616,0.14,1.811587,3.74,0,-0.6727939,0,0.73983,-0.9955062,0,0.09469664
saccade,24.5206,0.01993685,0.03798389,-0.0362316,-0.07824925,0.04309155,-0.0139401,-0.9959046,-0.08364855,-0.157059,0.9840403,0.08837453,0.04529345,-0.03274974,0.005867646,0.07151305,-0.01261164,-0.9973427,-0.142794,0.009900314,0.9897029,0.14,1.811587,3.74,0,-0.6727939,0,0.73983,-0.9955062,0,0.09469664
saccade,24.5314,0.0199326,0.03799534,-0.03623379,-0.07683104,0.04238698,-0.01395107,-0.9960451,-0.08229495,-0.1542371,0.9846007,0.08837061,0.04530489,-0.03275845,0.005958505,0.07147414,-0.01261366,-0.9973449,-0.1427191,0.01008227,0.9897119,0.14,1.811587,3.74,0,-0.6727939,0,0.73983,-0.9955062,0,0.09469664
saccade,24.5426,0.01994993,0.03802156,-0.03623194,-0.07683028,0.04242207,-0.01394108,-0.9960438,-0.08236628,-0.1542355,0.9845949,0.08838789,0.04532933,-0.0327519,0.006863635,0.07384286,-0.01252186,-0.9971676,-0.1474393,0.01183909,0.9890003,0.14,1.811587,3.74,0,-0.6727939,0,0.73983,-0.9955062,0,0.09469664
saccade,24.5568,0.01996449,0.0380311,-0.03622575,-0.07678089,0.04239772,-0.01386887,-0.9960496,-0.08233073,-0.1541312,0.9846143,0.0884037,0.04532933,-0.03275042,0.006915395,0.0738125,-0.0124535,-0.9971704,-0.1473795,0.01195321,0.9890078,0.14,1.811587,3.74,0,-0.6727939,0,0.73983,-0.9955062,0,0.09469664
saccade,24.5685,0.01997998,0.03806019,-0.03620332,-0.07492702,0.04135742,-0.01383404,-0.996235,-0.08033033,-0.1504341,0.985351,0.08842029,0.04535091,-0.03273368,0.006935363,0.07377229,-0.01239958,-0.997174,-0.1472996,0.01200204,0.9890191,0.14,1.811587,3.74,0,-0.6727939,0,0.73983,-0.9955062,0,0.09469664
saccade,24.5762,0.02000299,0.03806961,-0.0361933,-0.07495681,0.04133519,-0.01382447,-0.9962338,-0.08028655,-0.1504919,0.9853458,0.08844356,0.04535925,-0.03272638,0.006482963,0.07499939,-0.01235392,-0.997086,-0.1497219,0.01107507,0.9886661,0.14,1.811587,3.74,0,-0.6727939,0,0.73983,-0.9955062,0,0.09469664
saccade,24.5872,0.0200287,0.03806806,-0.03617931,-0.07490947,0.04130234,-0.01375571,-0.9962397,-0.08023319,-0.1503919,0.9853654,0.08847052,0.04534864,-0.03271819,0.006532691,0.07496101,-0.01228968,-0.9970893,-0.1496462,0.01118486,0.9886764,0.14,1.811587,3.74,0,-0.6727939,0,0.73983,-0.9955062,0,0.09469664
saccade,24.5985,0.02002187,0.03807425,-0.03618144,-0.07400437,0.04138133,-0.01374472,-0.9963042,-0.08042244,-0.1485993,0.9856219,0.08846369,0.04535425,-0.03271934,0.006419159,0.07495752,-0.0122824,-0.9970905,-0.1496365,0.01095965,0.9886803,0.14,1.811587,3.74,0,-0.6727939,0,0.73983,-0.9955062,0,0.09469664
saccade,24.6093,0.02003149,0.03806388,-0.03617782,-0.07394709,0.04138949,-0.01370396,-0.9963087,-0.08044668,-0.1484827,0.9856375,0.08847392,0.04533839,-0.03271575,0.006113149,0.07640859,-0.01219942,-0.9969832,-0.1525053,0.01032513,0.9882487,0.14,1.811587,3.74,0,-0.6727939,0,0.73983,-0.9955062,0,0.09469664
saccade,24.6206,0.02003267,0.03805614,-0.03617042,-0.07408705,0.04145677,-0.0136848,-0.9962958,-0.08057868,-0.1487599,0.9855849,0.08847491,0.04532719,-0.03269748,0.005973618,0.07647424,-0.01217013,-0.9969794,-0.1526319,0.01004974,0.988232,0.14,1.811587,3.74,0,-0.6727939,0,0.73983,-0.9955062,0,0.09469664
saccade,24.6317,0.02004248,0.03803635,-0.03616822,-0.07310386,0.04286326,-0.01369365,-0.9963087,-0.08340796,-0.1468419,0.9856371,0.08848394,0.04531538,-0.03269685,0.005970795,0.07646336,-0.01222887,-0.9969796,-0.1526108,0.0100354,0.9882354,0.14,1.811587,3.74,0,-0.6727939,0,0.73983,-0.9955062,0,0.09469664
saccade,24.6428,0.02006729,0.0380435,-0.03614619,-0.07319367,0.04284445,-0.01366085,-0.9963034,-0.08337236,-0.1470168,0.9856141,0.08850931,0.04531813,-0.03267653,0.007486396,0.07719161,-0.01216172,-0.996914,-0.1540889,0.01304902,0.9879708,0.14,1.811587,3.74,0,-0.6727939,0,0.73983,-0.9955062,0,0.09469664
saccade,24.6538,0.02008338,0.03802598,-0.03613077,-0.0732117,0.04284881,-0.01368133,-0.9963017,-0.08337742,-0.1470543,0.985608,0.08852506,0.04530334,-0.03266008,0.007467631,0.07719764,-0.01218116,-0.9969135,-0.1541007,0.01300845,0.9879695,0.14,1.811587,3.74,0,-0.6727939,0,0.73983,-0.9955062,0,0.09469664
saccade,24.6656,0.02009793,0.03801501,-0.03611581,-0.07088236,0.04351444,-0.01367305,-0.9964413,-0.08478082,-0.1424502,0.9861644,0.08853934,0.04529583,-0.03264686,0.00746673,0.0771852,-0.01220588,-0.9969141,-0.1540763,0.01300315,0.9879734,0.14,1.811587,3.74,0,-0.6727939,0,0.73983,-0.9955062,0,0.09469664
saccade,24.6764,0.02011318,0.03801429,-0.03611,-0.0709053,0.04347718,-0.01367929,-0.9964412,-0.08470503,-0.1424954,0.9861643,0.0885547,0.04529619,-0.0326458,0.007296141,0.07843415,-0.01217414,-0.9968182,-0.1565468,0.01263612,0.9875897,0.14,1.811587,3.74,0,-0.6727939,0,0.73983,-0.9955062,0,0.09469664
saccade,24.6875,0.02012172,0.0380125,-0.03609946,-0.07080454,0.04344122,-0.01365319,-0.9964503,-0.08464061,-0.1422926,0.9861991,0.0885639,0.0452913,-0.03264175,0.007397953,0.07839613,-0.01215441,-0.9968207,-0.1564736,0.01284315,0.9875987,0.14,1.811587,3.74,0,-0.6727939,0,0.73983,-0.9955062,0,0.09469664
saccade,24.6981,0.02012708,0.03800893,-0.03609502,-0.07015128,0.0450047,-0.01360421,-0.9964278,-0.08777915,-0.1410259,0.9861068,0.0885688,0.04528713,-0.03262682,0.007379122,0.07847052,-0.01214859,-0.9968151,-0.1566205,0.01280463,0.9875758,0.14,1.811587,3.74,0,-0.6727939,0,0.73983,-0.9955062,0,0.09469664
saccade,24.7094,0.02011994,0.03800368,-0.03609418,-0.07016101,0.04501605,-0.01359644,-0.9964267,-0.08780251,-0.1410447,0.986102,0.0885617,0.04528058,-0.03262439,0.008003955,0.07967036,-0.01209816,-0.9967157,-0.1590111,0.0140276,0.9871771,0.14,1.811587,3.74,0,-0.6727939,0,0.73983,-0.9955062,0,0.09469664
saccade,24.7207,0.02013059,0.03802013,-0.0360969,-0.07012063,0.04514696,-0.01353477,-0.9964245,-0.08807295,-0.1409619,0.9860897,0.08857253,0.04528737,-0.03261026,0.008046676,0.07979571,-0.01202779,-0.9967062,-0.1592593,0.01412081,0.9871358,0.14,1.811587,3.74,0,-0.6727939,0,0.73983,-0.9955062,0,0.09469664
saccade,24.7316,0.02013838,0.03799093,-0.0361015,-0.06979923,0.04635372,-0.01351126,-0.996392,-0.09048679,-0.1403474,0.9859588,0.08857983,0.04525983,-0.03260852,0.008034774,0.07984087,-0.01203834,-0.9967026,-0.1593487,0.01409426,0.9871218,0.14,1.811587,3.74,0,-0.6727939,0,0.73983,-0.9955062,0,0.09469664
saccade,24.7427,0.02015113,0.03793418,-0.03609999,-0.06990954,0.04640282,-0.01358235,-0.9963809,-0.09057069,-0.1405736,0.9859189,0.08859114,0.04521227,-0.0325982,0.007462096,0.08080128,-0.01207554,-0.9966292,-0.161238,0.01292245,0.9868309,0.14,1.811587,3.74,0,-0.6727939,0,0.73983,-0.9955062,0,0.09469664
saccade,24.7546,0.02017269,0.03791738,-0.03608879,-0.06993703,0.04641794,-0.01353426,-0.996379,-0.09060662,-0.140624,0.9859084,0.08861332,0.04518867,-0.032585,0.007436224,0.08081266,-0.01202553,-0.996629,-0.1612593,0.01287868,0.986828,0.14,1.811587,3.74,0,-0.6727939,0,0.73983,-0.9955062,0,0.09469664
saccade,24.7653,0.02020498,0.03795469,-0.03608343,-0.06873737,0.04786713,-0.01333043,-0.9963967,-0.09355669,-0.1382556,0.9859678,0.08864835,0.04520643,-0.03259256,0.007416659,0.08071473,-0.01188237,-0.9966388,-0.1610631,0.0128653,0.9868603,0.14,1.811587,3.74,0,-0.6727939,0,0.73983,-0.9955062,0,0.09469664
saccade,24.7762,0.02023475,0.03798199,-0.0360528,-0.06876197,0.04781222,-0.01323901,-0.9963988,-0.09345939,-0.1382947,0.9859716,0.08867981,0.04522169,-0.03256993,0.00777636,0.08108628,-0.01177862,-0.9966072,-0.1618055,0.01358978,0.9867291,0.14,1.811587,3.74,0,-0.6727939,0,0.73983,-0.9955062,0,0.09469664
saccade,24.7876,0.02025629,0.03800333,-0.03603189,-0.06881449,0.04765075,-0.01308746,-0.9964049,-0.09315766,-0.1383815,0.985988,0.08870453,0.04522383,-0.03257179,0.007728655,0.08091417,-0.01163833,-0.9966232,-0.1614618,0.0135217,0.9867863,0.14,1.811587,3.74,0,-0.6727939,0,0.73983,-0.9955062,0,0.09469664
saccade,24.7990,0.02027311,0.03804255,-0.03600412,-0.06815616,0.04814149,-0.0130979,-0.9964264,-0.0941535,-0.1370863,0.9860743,0.08872119,0.04526794,-0.03255098,0.007619292,0.08085384,-0.01167101,-0.9966285,-0.1613403,0.01329991,0.9868092,0.14,1.811587,3.74,0,-0.6727939,0,0.73983,-0.9955062,0,0.09469664
saccade,24.8095,0.02028725,0.03804028,-0.03600216,-0.06822629,0.04808544,-0.01317391,-0.9964234,-0.0940293,-0.1372315,0.9860659,0.08873448,0.04527652,-0.03255512,0.007546503,0.08080398,-0.01174879,-0.9966322,-0.161241,0.01314348,0.9868276,0.14,1.811587,3.74,0,-0.6727939,0,0.73983,-0.9955062,0,0.09469664
saccade,24.8211,0.02029561,0.0380336,-0.03601158,-0.06830972,0.04803867,-0.01325946,-0.9964187,-0.09392175,-0.1374041,0.9860522,0.08874179,0.04528201,-0.0325691,0.008117564,0.08208571,-0.01178861,-0.9965225,-0.1637919,0.01424332,0.9863921,0.14,1.811587,3.74,0,-0.6727939,0,0.73983,-0.9955062,0,0.09469664
saccade,24.8319,0.02029819,0.03802884,-0.03603012,-0.06784111,0.04786988,-0.01324402,-0.9964591,-0.09360378,-0.1364698,0.9862121,0.08874431,0.0452739,-0.03257954,0.008083999,0.08214108,-0.01176275,-0.9965186,-0.1639004,0.0141793,0.986375,0.14,1.811587,3.74,0,-0.6727939,0,0.73983,-0.9955062,0,0.09469664
saccade,24.8428,0.02029917,0.03804612,-0.0360769,-0.0678547,0.04790813,-0.01322768,-0.9964565,-0.09368161,-0.1364959,0.9862011,0.08874531,0.04528856,-0.03262104,0.008070968,0.08217794,-0.01174309,-0.9965158,-0.1639728,0.01415565,0.9863633,0.14,1.811587,3.74,0,-0.6727939,0,0.73983,-0.9955062,0,0.09469664
saccade,24.8545,0.02030392,0.03806269,-0.03609089,-0.06784249,0.0478757,-0.01314027,-0.9964601,-0.09362952,-0.1364629,0.9862106,0.08875155,0.04529345,-0.03264039,0.008677907,0.08208812,-0.01165723,-0.9965191,-0.1638071,0.01538156,0.9863725,0.14,1.811587,3.74,0,-0.6727939,0,0.73983,-0.9955062,0,0.09469664
saccade,24.8652,0.02031821,0.03808832,-0.03609207,-0.06665062,0.04753555,-0.01304582,-0.996558,-0.09300484,-0.1340827,0.9865961,0.08876718,0.04530489,-0.03263815,0.008795936,0.08212233,-0.01155643,-0.9965165,-0.1638758,0.01563251,0.9863571,0.14,1.811587,3.74,0,-0.6727939,0,0.73983,-0.9955062,0,0.09469664
saccade,24.8761,0.02029926,0.03812683,-0.03612562,-0.06647288,0.04751532,-0.01294764,-0.9965721,-0.09298354,-0.1337205,0.9866473,0.08874992,0.04533017,-0.03267763,0.009067092,0.08163416,-0.01148041,-0.996555,-0.1629141,0.01619733,0.9865073,0.14,1.811587,3.74,0,-0.6727939,0,0.73983,-0.9955062,0,0.09469664
saccade,24.8880,0.02028728,0.03814161,-0.03614894,-0.06640916,0.04755234,-0.01294044,-0.9965748,-0.0930602,-0.1335941,0.9866572,0.08873787,0.04534364,-0.03269677,0.009131171,0.08167031,-0.01147254,-0.9965516,-0.1629869,0.01632543,0.9864932,0.14,1.811587,3.74,0,-0.6727939,0,0.73983,-0.9955062,0,0.09469664
saccade,24.8987,0.02028902,0.03812265,-0.03616115,-0.06629889,0.04765842,-0.01300401,-0.9965761,-0.09326618,-0.1333833,0.9866663,0.08873875,0.04533422,-0.03271193,0.009152289,0.08165205,-0.01154291,-0.9965521,-0.1629523,0.01635646,0.9864984,0.14,1.811587,3.74,0,-0.6727939,0,0.73983,-0.9955062,0,0.09469664
saccade,24.9096,0.02029327,0.03808796,-0.03616952,-0.06628673,0.04773229,-0.01308179,-0.9965724,-0.09340307,-0.1333679,0.9866554,0.08874141,0.04530942,-0.03270968,0.009572747,0.0814797,-0.01162093,-0.9965613,-0.1626215,0.01718592,0.9865388,0.14,1.811587,3.74,0,-0.6727939,0,0.73983,-0.9955062,0,0.09469664
saccade,24.9209,0.0202693,0.03807962,-0.03623401,-0.06625158,0.04764486,-0.01317477,-0.9965777,-0.09321791,-0.1333051,0.9866814,0.0887166,0.04531467,-0.03278582,0.009604741,0.08139966,-0.01172142,-0.9965663,-0.1624655,0.01723528,0.9865637,0.14,1.811587,3.74,0,-0.6727939,0,0.73983,-0.9955062,0,0.09469664
saccade,24.9316,0.0202524,0.0380652,-0.03625412,-0.06539589,0.04785441,-0.01321978,-0.9966236,-0.09365662,-0.1316154,0.9868667,0.08869849,0.0453068,-0.03279556,0.009646612,0.08147974,-0.01176975,-0.9965588,-0.1626258,0.01730884,0.986536,0.14,1.811587,3.74,0,-0.6727939,0,0.73983,-0.9955062,0,0.09469664
saccade,24.9436,0.02024857,0.03805447,-0.03625173,-0.06540395,0.04785486,-0.0132253,-0.996623,-0.09365654,-0.1316319,0.9868644,0.08869456,0.04529679,-0.03279296,0.009844978,0.08166003,-0.01176805,-0.9965422,-0.162987,0.01769991,0.9864694,0.14,1.811587,3.74,0,-0.6727939,0,0.73983,-0.9955062,0,0.09469664
saccade,24.9546,0.02023812,0.03803086,-0.03625822,-0.06546459,0.04789945,-0.01317496,-0.9966175,-0.09374987,-0.1317485,0.9868401,0.08868457,0.04526579,-0.03279296,0.009785966,0.08170076,-0.01171251,-0.9965401,-0.1630654,0.01759037,0.9864584,0.14,1.811587,3.74,0,-0.6727939,0,0.73983,-0.9955062,0,0.09469664
saccade,24.9656,0.02023504,0.03806841,-0.03625201,-0.06510478,0.04875725,-0.01319227,-0.9965993,-0.09546511,-0.1310532,0.9867682,0.08868058,0.04530931,-0.03278128,0.00974621,0.08173762,-0.01175369,-0.996537,-0.1631382,0.01750348,0.9864479,0.14,1.811587,3.74,0,-0.6727939,0,0.73983,-0.9955062,0,0.09469664
saccade,24.9766,0.02021738,0.03805602,-0.03626621,-0.06518202,0.0487402,-0.01319596,-0.996595,-0.0954282,-0.1312065,0.9867514,0.08866292,0.0452975,-0.03279677,0.009996217,0.08126458,-0.01176891,-0.996573,-0.1622075,0.01801113,0.9865923,0.14,1.811587,3.74,0,-0.6727939,0,0.73983,-0.9955062,0,0.09469664
saccade,24.9878,0.02021362,0.03805554,-0.03626872,-0.06537411,0.04880891,-0.01323323,-0.9965786,-0.0955536,-0.1315927,0.9866878,0.08865807,0.04530144,-0.03278704,0.009802662,0.08133618,-0.01179476,-0.9965687,-0.1623454,0.01761937,0.9865767,0.14,1.811587,3.74,0,-0.6727939,0,0.73983,-0.9955062,0,0.09469664
saccade,24.9984,0.02018193,0.03807402,-0.03626602,-0.06395412,0.04917364,-0.01323814,-0.9966527,-0.09632482,-0.128782,0.9869837,0.08862582,0.04532266,-0.03277901,0.00979099,0.0813742,-0.01181375,-0.9965656,-0.1624208,0.01759206,0.9865648,0.14,1.811587,3.74,0,-0.6727939,0,0.73983,-0.9955062,0,0.09469664
saccade,25.0098,0.02016614,0.03808296,-0.03626454,-0.06390818,0.04918977,-0.01325809,-0.9966546,-0.09635583,-0.1286931,0.9869922,0.08860966,0.04533422,-0.03277576,0.009836357,0.08139163,-0.01183389,-0.9965634,-0.1624566,0.01767875,0.9865573,0.14,1.811587,3.74,0,-0.6727939,0,0.73983,-0.9955062,0,0.09469664
saccade,25.0207,0.02016222,0.03807712,-0.03626622,-0.06394973,0.04916421,-0.01328016,-0.9966529,-0.09630078,-0.1287772,0.9869866,0.08860555,0.0453316,-0.03278021,0.009727859,0.08106082,-0.01186678,-0.996591,-0.1617998,0.01746553,0.986669,0.14,1.811587,3.74,0,-0.6727939,0,0.73983,-0.9955062,0,0.09469664
saccade,25.0317,0.02016335,0.03806913,-0.03626747,-0.06397456,0.04976459,-0.01329272,-0.9966214,-0.09749211,-0.1288398,0.9868615,0.08860622,0.04532814,-0.0327821,0.009691619,0.08105335,-0.01189835,-0.9965916,-0.1617848,0.01738837,0.9866729,0.14,1.811587,3.74,0,-0.6727939,0,0.73983,-0.9955062,0,0.09469664
saccade,25.0430,0.02015902,0.03809273,-0.03625459,-0.06390587,0.04980126,-0.01322459,-0.9966248,-0.09757609,-0.1286976,0.9868717,0.08860274,0.04534209,-0.03276566,0.009654672,0.08080856,-0.01183935,-0.9966125,-0.1612983,0.01733049,0.9867535,0.14,1.811587,3.74,0,-0.6727939,0,0.73983,-0.9955062,0,0.09469664
saccade,25.0542,0.02016577,0.0381099,-0.03624716,-0.06381738,0.04979857,-0.01315812,-0.9966315,-0.09758221,-0.1285153,0.9868949,0.08861056,0.04535019,-0.0327603,0.009745342,0.08080079,-0.01177598,-0.9966131,-0.1612838,0.01752165,0.9867525,0.14,1.811587,3.74,0,-0.6727939,0,0.73983,-0.9955062,0,0.09469664
saccade,25.0650,0.02016789,0.03811491,-0.03623828,-0.06367217,0.05038385,-0.01308746,-0.9966123,-0.09875971,-0.1282317,0.9868146,0.08861355,0.04534829,-0.03275431,0.009795965,0.08078366,-0.01172736,-0.9966146,-0.1612501,0.01763084,0.9867561,0.14,1.811587,3.74,0,-0.6727939,0,0.73983,-0.9955062,0,0.09469664
saccade,25.0764,0.02016828,0.03813028,-0.03622116,-0.06368193,0.05034564,-0.01294517,-0.9966155,-0.09870175,-0.1282363,0.9868199,0.08861628,0.04534459,-0.03274345,0.01013842,0.08028772,-0.0116004,-0.9966527,-0.1602732,0.01834623,0.9869022,0.14,1.811587,3.74,0,-0.6727939,0,0.73983,-0.9955062,0,0.09469664
saccade,25.0878,0.02017991,0.03812706,-0.03620367,-0.06363242,0.0502722,-0.01293491,-0.9966225,-0.09855864,-0.1281355,0.9868472,0.08862853,0.04534054,-0.03273675,0.01018827,0.08021374,-0.01159708,-0.9966582,-0.1601277,0.01844796,0.9869239,0.14,1.811587,3.74,0,-0.6727939,0,0.73983,-0.9955062,0,0.09469664
saccade,25.0985,0.02018802,0.03810513,-0.0361969,-0.06380549,0.05045622,-0.01296992,-0.9966016,-0.09891441,-0.1284861,0.986766,0.08863618,0.04532492,-0.03273368,0.009997543,0.08016993,-0.01163739,-0.9966632,-0.1600375,0.01806243,0.9869457,0.14,1.811587,3.74,0,-0.6727939,0,0.73983,-0.9955062,0,0.09469664
saccade,25.1096,0.02019498,0.03808796,-0.03618648,-0.06385123,0.05040269,-0.01306273,-0.9966002,-0.09879453,-0.1285851,0.9867652,0.08864205,0.04532087,-0.03272924,0.009948943,0.08012358,-0.01173255,-0.9966663,-0.1599464,0.01795144,0.9869624,0.14,1.811587,3.74,0,-0.6727939,0,0.73983,-0.9955062,0,0.09469664
saccade,25.1215,0.02022063,0.03810227,-0.03617977,-0.06390594,0.05036688,-0.01311966,-0.9965978,-0.09871419,-0.1286986,0.9867584,0.08866704,0.04534328,-0.03272625,0.008825847,0.07893543,-0.01183373,-0.9967704,-0.1575699,0.01572649,0.9873826,0.14,1.811587,3.74,0,-0.6727939,0,0.73983,-0.9955062,0,0.09469664
saccade,25.1319,0.02023564,0.03813994,-0.03617832,-0.06320953,0.04649256,-0.01325291,-0.9968287,-0.09101481,-0.1272505,0.987686,0.08868164,0.04538238,-0.0327196,0.00881213,0.07897215,-0.01184251,-0.9967675,-0.1576425,0.01569683,0.9873715,0.14,1.811587,3.74,0,-0.6727939,0,0.73983,-0.9955062,0,0.09469664
saccade,25.1436,0.02022728,0.03814864,-0.03617648,-0.06317643,0.04651124,-0.01323127,-0.9968302,-0.0910558,-0.1271832,0.9876909,0.08867352,0.04538786,-0.03271582,0.008845993,0.07898913,-0.01182065,-0.9967661,-0.1576765,0.01576737,0.9873649,0.14,1.811587,3.74,0,-0.6727939,0,0.73983,-0.9955062,0,0.09469664
saccade,25.1545,0.02021515,0.03815734,-0.03617588,-0.06310061,0.04651624,-0.01315428,-0.9968358,-0.09107801,-0.1270257,0.9877091,0.08866254,0.04538608,-0.03271614,0.007021676,0.05177952,-0.01262779,-0.9985541,-0.1035866,0.01271532,0.9945391,0.14,1.811587,3.74,0,-0.6727939,0,0.73983,-0.9955062,0,0.09469664
saccade,25.1653,0.02019152,0.03818393,-0.03617859,-0.06683103,0.003593132,-0.01446484,-0.997653,-0.005235998,-0.1334523,0.9910414,0.0886392,0.04540324,-0.03270525,0.00697245,0.05187331,-0.01255941,-0.9985504,-0.1037714,0.01262169,0.9945211,0.14,1.811587,3.74,0,-0.6727939,0,0.73983,-0.9955062,0,0.09469664
saccade,25.1765,0.02018367,0.03818417,-0.03617442,-0.06676542,0.003600452,-0.01446029,-0.9976574,-0.005253141,-0.1333222,0.9910588,0.08863137,0.04540324,-0.03270094,0.007038358,0.05188037,-0.01255745,-0.9985496,-0.103787,0.01275333,0.9945178,0.14,1.811587,3.74,0,-0.6727939,0,0.73983,-0.9955062,0,0.09469664
saccade,25.1878,0.02018032,0.03819275,-0.03617606,-0.06676721,0.003579618,-0.01448749,-0.997657,-0.005207883,-0.1333253,0.9910586,0.08862775,0.04541576,-0.03270516,0.0008452889,-0.0002337145,-0.01425869,-0.999898,0.0004432758,0.00169707,0.9999985,0.14,1.811587,3.74,0,-0.6727939,0,0.73983,-0.9955062,0,0.09469664
saccade,25.1986,0.02017484,0.03821337,-0.03618341,-0.07019374,-0.06437043,-0.01655124,-0.9953167,0.1304615,-0.1375992,0.9818586,0.08862288,0.04543197,-0.03271548,0.0008387864,-0.0002560411,-0.01422689,-0.9998984,0.0004881635,0.001684688,0.9999985,0.14,1.811587,3.74,0,-0.6727939,0,0.73983,-0.9955062,0,0.09469664
saccade,25.2097,0.02017177,0.03823626,-0.03618703,-0.07014956,-0.06436656,-0.01654169,-0.9953203,0.1304515,-0.1375131,0.981872,0.08861987,0.04545426,-0.03271918,0.0008836073,-0.0002525477,-0.01421988,-0.9998985,0.0004799145,0.001774217,0.9999983,0.14,1.811587,3.74,0,-0.6727939,0,0.73983,-0.9955062,0,0.09469664
saccade,25.2207,0.02016927,0.03825605,-0.03618541,-0.07004417,-0.06441914,-0.01648801,-0.9953251,0.1305458,-0.1373092,0.981888,0.08861838,0.04546881,-0.03272653,0.0003821403,-0.03558403,-0.01526195,-0.9992501,0.07110302,0.001849871,0.9974673,0.14,1.811587,3.74,0,-0.6727939,0,0.73983,-0.9955062,0,0.09469664
saccade,25.2319,0.02016573,0.03827763,-0.03618691,-0.07491621,-0.1185814,-0.01806934,-0.9899493,0.2374865,-0.1440411,0.960652,0.08861575,0.04548597,-0.03273655,0.0004168824,-0.03564285,-0.01522617,-0.9992486,0.07121944,0.001918546,0.9974588,0.14,1.811587,3.74,0,-0.6727939,0,0.73983,-0.9955062,0,0.09469664
saccade,25.2432,0.02020343,0.03831148,-0.03621072,-0.0748437,-0.1185783,-0.01805636,-0.9899554,0.2374773,-0.1439017,0.9606752,0.08865348,0.04551971,-0.03276086,-0.0003364887,-0.0464179,-0.01554928,-0.9988011,0.09273495,0.0007713592,0.9956905,0.14,1.811587,3.74,0,-0.6727939,0,0.73983,-0.9955062,0,0.09469664
saccade,25.2546,0.02020267,0.03831899,-0.03621089,-0.0747826,-0.1186,-0.01803765,-0.9899577,0.2375157,-0.1437847,0.9606832,0.088653,0.04552627,-0.03276487,-0.0002740677,-0.04644031,-0.01553664,-0.9988002,0.09277771,0.0008955755,0.9956865,0.14,1.811587,3.74,0,-0.6727939,0,0.73983,-0.9955062,0,0.09469664
saccade,25.2653,0.02020558,0.03831589,-0.03620638,-0.07350258,-0.1647737,-0.01941438,-0.9833972,0.32693,-0.1381665,0.934894,0.08865516,0.04553246,-0.03276491,-0.0002386551,-0.04647054,-0.01560097,-0.9987978,0.09283679,0.0009732347,0.9956809,0.14,1.811587,3.74,0,-0.6727939,0,0.73983,-0.9955062,0,0.09469664
saccade,25.2759,0.02021106,0.03831005,-0.03619363,-0.07347678,-0.1648049,-0.01938935,-0.9833944,0.3269859,-0.1381224,0.934881,0.08866113,0.04552436,-0.03275704,-0.003036564,-0.0609347,-0.01602856,-0.9980084,0.121724,-0.004107643,0.9925555,0.14,1.811587,3.74,0,-0.6727939,0,0.73983,-0.9955062,0,0.09469664
saccade,25.2871,0.02024191,0.03833282,-0.0361764,-0.07350624,-0.1648458,-0.01939042,-0.9833854,0.3270645,-0.1381771,0.9348454,0.08869228,0.04554689,-0.03274517,-0.003066234,-0.06097633,-0.01602958,-0.9980058,0.1218078,-0.00416539,0.9925449,0.14,1.811587,3.74,0,-0.6727939,0,0.73983,-0.9955062,0,0.09469664
saccade,25.2988,0.020243,0.03832471,-0.03616752,-0.07448069,-0.1942344,-0.02020641,-0.9779148,0.3828995,-0.137822,0.9134512,0.08869377,0.04553664,-0.03273961,-0.003083305,-0.06100188,-0.01601524,-0.9980044,0.1218591,-0.004200385,0.9925385,0.14,1.811587,3.74,0,-0.6727939,0,0.73983,-0.9955062,0,0.09469664
saccade,25.3099,0.02024642,0.03831291,-0.03615721,-0.07455076,-0.1942483,-0.02026021,-0.9779056,0.3829339,-0.1379362,0.9134195,0.0886967,0.04552972,-0.0327299,-0.003156165,-0.07448345,-0.01646218,-0.9970814,0.148636,-0.003841588,0.9888845,0.14,1.811587,3.74,0,-0.6727939,0,0.73983,-0.9955062,0,0.09469664
saccade,25.3209,0.02026445,0.03829241,-0.0361744,-0.07464048,-0.1942558,-0.02026071,-0.9778972,0.3829491,-0.1381099,0.9133869,0.08871503,0.04550636,-0.03274729,-0.003245589,-0.07449263,-0.01645256,-0.9970806,0.1486571,-0.004021038,0.9888806,0.14,1.811587,3.74,0,-0.6727939,0,0.73983,-0.9955062,0,0.09469664
saccade,25.3318,0.02027648,0.03827512,-0.03617713,-0.07081699,-0.2024584,-0.0205074,-0.9765117,0.3983106,-0.1300034,0.9079911,0.08872661,0.04549003,-0.03274277,-0.003335253,-0.07444802,-0.01647043,-0.9970833,0.1485716,-0.004198668,0.9888927,0.14,1.811587,3.74,0,-0.6727939,0,0.73983,-0.9955062,0,0.09469664
saccade,25.3430,0.02027079,0.03825116,-0.03617756,-0.0709003,-0.2025032,-0.02056968,-0.976495,0.3984035,-0.1301367,0.9079312,0.08872054,0.04547191,-0.03274792,-0.003426396,-0.07449087,-0.01652461,-0.9970789,0.1486598,-0.004370908,0.9888787,0.14,1.811587,3.74,0,-0.6727939,0,0.73983,-0.9955062,0,0.09469664
saccade,25.3541,0.0202653,0.03823423,-0.03616848,-0.07102207,-0.2025041,-0.02057582,-0.9764858,0.3984075,-0.1303707,0.9078959,0.08871534,0.04545164,-0.03273776,-0.003873136,-0.0792764,-0.01666095,-0.9967059,0.1581596,-0.005079115,0.9874005,0.14,1.811587,3.74,0,-0.6727939,0,0.73983,-0.9955062,0,0.09469664
saccade,25.3655,0.02029153,0.03822458,-0.03619401,-0.07124802,-0.1999314,-0.02050061,-0.977001,0.3935876,-0.1310213,0.9099023,0.08874123,0.04544032,-0.03275315,-0.003876099,-0.07920289,-0.01664988,-0.996712,0.158014,-0.005089272,0.9874238,0.14,1.811587,3.74,0,-0.6727939,0,0.73983,-0.9955062,0,0.09469664
saccade,25.3771,0.02028338,0.03821206,-0.03619459,-0.07127137,-0.1998757,-0.02050337,-0.9770106,0.3934839,-0.1310695,0.9099402,0.08873279,0.04542685,-0.03274572,-0.003899407,-0.07914654,-0.01664586,-0.9967164,0.1579031,-0.005138281,0.9874412,0.14,1.811587,3.74,0,-0.6727939,0,0.73983,-0.9955062,0,0.09469664
saccade,25.3874,0.02026666,0.03821373,-0.03620513,-0.07131315,-0.1998546,-0.0204863,-0.9770122,0.3934427,-0.1311591,0.9099451,0.08871633,0.04542458,-0.03275313,-0.00512876,-0.08311058,-0.01674882,-0.9963864,0.1657923,-0.007436445,0.9861327,0.14,1.811587,3.74,0,-0.6727939,0,0.73983,-0.9955062,0,0.09469664
saccade,25.3991,0.02027525,0.03823197,-0.03622779,-0.06951234,-0.1979937,-0.02040227,-0.9775226,0.3899231,-0.1278207,0.9119331,0.08872497,0.04543912,-0.03276918,-0.005123772,-0.08306173,-0.01672124,-0.9963909,0.1656953,-0.00743277,0.986149,0.14,1.811587,3.74,0,-0.6727939,0,0.73983,-0.9955062,0,0.09469664
saccade,25.4098,0.02027878,0.03825891,-0.03624892,-0.06942431,-0.1979223,-0.02041969,-0.9775429,0.3897904,-0.1276475,0.912014,0.08872755,0.0454706,-0.03278098,-0.005037798,-0.08298673,-0.01674375,-0.9963973,0.1655442,-0.007260277,0.9861757,0.14,1.811587,3.74,0,-0.6727939,0,0.73983,-0.9955062,0,0.09469664
saccade,25.4211,0.0202565,0.03826785,-0.03626724,-0.06933437,-0.1977897,-0.02040572,-0.9775764,0.3895388,-0.1274872,0.9121439,0.0887044,0.04547942,-0.03278182,-0.005687599,-0.08572364,-0.01682123,-0.9961607,0.1709804,-0.00844757,0.9852382,0.14,1.811587,3.74,0,-0.6727939,0,0.73983,-0.9955062,0,0.09469664
saccade,25.4320,0.02023779,0.03829312,-0.03628979,-0.06854886,-0.1969936,-0.0204624,-0.9777914,0.3880426,-0.125991,0.9129891,0.08868401,0.04551613,-0.0327952,-0.00565476,-0.08565509,-0.01690202,-0.9961655,0.1708444,-0.008370666,0.9852625,0.14,1.811587,3.74,0,-0.6727939,0,0.73983,-0.9955062,0,0.09469664
saccade,25.4432,0.02020832,0.0383327,-0.0362852,-0.06852192,-0.1969351,-0.02052977,-0.9778036,0.3879411,-0.1259159,0.9130427,0.08865312,0.04556501,-0.03278191,-0.005635271,-0.08559108,-0.01696796,-0.9961699,0.1707178,-0.008322763,0.9852848,0.14,1.811587,3.74,0,-0.6727939,0,0.73983,-0.9955062,0,0.09469664
saccade,25.4541,0.02019871,0.03835559,-0.03629702,-0.06844856,-0.1969267,-0.02058117,-0.9778094,0.387931,-0.1257533,0.9130694,0.08864248,0.0455972,-0.03279267,-0.006111281,-0.08677196,-0.01706514,-0.9960633,0.1730693,-0.009212894,0.9848666,0.14,1.811587,3.74,0,-0.6727939,0,0.73983,-0.9955062,0,0.09469664
saccade,25.4655,0.0202032,0.0383637,-0.0363147,-0.06889766,-0.1964574,-0.02052371,-0.9778734,0.3870489,-0.1266823,0.9133152,0.08864778,0.04560161,-0.03281867,-0.006050624,-0.08682665,-0.0170298,-0.9960595,0.1731751,-0.009096282,0.984849,0.14,1.811587,3.74,0,-0.6727939,0,0.73983,-0.9955062,0,0.09469664
saccade,25.4761,0.02021248,0.0383805,-0.03632015,-0.06880128,-0.1964571,-0.0205515,-0.9778797,0.3870507,-0.1264838,0.913342,0.08865635,0.04562533,-0.03282467,-0.005957664,-0.08682305,-0.01706786,-0.9960598,0.1731653,-0.00890461,0.9848526,0.14,1.811587,3.74,0,-0.6727939,0,0.73983,-0.9955062,0,0.09469664
saccade,25.4877,0.02020214,0.03841162,-0.03632237,-0.06876407,-0.1965394,-0.02048196,-0.9778672,0.3871958,-0.1264332,0.9132875,0.08864741,0.04564941,-0.03283954,-0.006259254,-0.08844676,-0.01705568,-0.9959152,0.1763845,-0.009450332,0.984276,0.14,1.811587,3.74,0,-0.6727939,0,0.73983,-0.9955062,0,0.09469664
saccade,25.4988,0.02021178,0.03842449,-0.03632047,-0.06868824,-0.1957731,-0.02036001,-0.9780288,0.3857404,-0.1263863,0.9139097,0.08865865,0.04565096,-0.03284559,-0.006205799,-0.08849857,-0.01696489,-0.9959125,0.1764842,-0.009358128,0.984259,0.14,1.811587,3.74,0,-0.6727939,0,0.73983,-0.9955062,0,0.09469664
saccade,25.5099,0.02022833,0.03842461,-0.03631954,-0.06861458,-0.1958183,-0.02033264,-0.9780255,0.3858207,-0.1262506,0.9138945,0.08867563,0.04565024,-0.03285197,-0.006129609,-0.08854484,-0.01694856,-0.9959092,0.176573,-0.009207653,0.9842445,0.14,1.811587,3.74,0,-0.6727939,0,0.73983,-0.9955062,0,0.09469664
saccade,25.5210,0.02023768,0.03842103,-0.03629771,-0.06866731,-0.1958686,-0.02029096,-0.9780126,0.3859105,-0.1263663,0.9138406,0.08868606,0.04563999,-0.03283714,-0.006889847,-0.08956885,-0.01693729,-0.9958128,0.178621,-0.01068789,0.9838599,0.14,1.811587,3.74,0,-0.6727939,0,0.73983,-0.9955062,0,0.09469664
saccade,25.5315,0.02025233,0.03840828,-0.03627894,-0.0686735,-0.1959273,-0.02035695,-0.977999,0.3860293,-0.1263483,0.9137929,0.08870012,0.04563642,-0.03282573,-0.006903373,-0.08962442,-0.01700594,-0.9958066,0.178732,-0.01070055,0.9838396,0.14,1.811587,3.74,0,-0.6727939,0,0.73983,-0.9955062,0,0.09469664
saccade,25.5437,0.02026797,0.03838682,-0.03625993,-0.06937176,-0.1950931,-0.02032032,-0.9781173,0.3844671,-0.1277787,0.9142525,0.08871667,0.04561019,-0.03281522,-0.007005641,-0.08969481,-0.01698531,-0.9957999,0.1788742,-0.01090544,0.9838115,0.14,1.811587,3.74,0,-0.6727939,0,0.73983,-0.9955062,0,0.09469664
saccade,25.5542,0.02027578,0.03835702,-0.03624,-0.06952348,-0.1951776,-0.02033307,-0.9780894,0.3846296,-0.1280632,0.9141444,0.08872525,0.045578,-0.03280547,-0.007259734,-0.09082632,-0.0170191,-0.9956949,0.1811177,-0.0113654,0.9833958,0.14,1.811587,3.74,0,-0.6727939,0,0.73983,-0.9955062,0,0.09469664
saccade,25.5651,0.02029739,0.03834879,-0.03618857,-0.06965523,-0.1951241,-0.02031703,-0.978091,0.3845285,-0.1283296,0.9141495,0.08874718,0.04556262,-0.03274551,-0.007389164,-0.09077516,-0.016986,-0.9956992,0.1810205,-0.01163096,0.9834105,0.14,1.811587,3.74,0,-0.6727939,0,0.73983,-0.9955062,0,0.09469664
saccade,25.5761,0.02030163,0.03832293,-0.03616728,-0.06974905,-0.1935212,-0.02025073,-0.9784041,0.3815088,-0.1286476,0.9153692,0.08875193,0.04553115,-0.03272252,-0.007467622,-0.09076912,-0.01695602,-0.9956996,0.1810108,-0.01179285,0.9834104,0.14,1.811587,3.74,0,-0.6727939,0,0.73983,-0.9955062,0,0.09469664
saccade,25.5874,0.02030343,0.03829563,-0.03615035,-0.06976941,-0.1935138,-0.02023073,-0.9784045,0.3814925,-0.1286956,0.9153693,0.08875404,0.04550052,-0.03270461,-0.006810768,-0.09076211,-0.01692998,-0.9957055,0.1809753,-0.01048983,0.9834317,0.14,1.811587,3.74,0,-0.6727939,0,0.73983,-0.9955062,0,0.09469664
saccade,25.5986,0.02031172,0.03830004,-0.03616459,-0.06972762,-0.1934393,-0.02025545,-0.9784217,0.3813551,-0.1286096,0.9154386,0.0887614,0.04550874,-0.03270857,-0.006771363,-0.09068442,-0.01695387,-0.9957124,0.1808208,-0.01040976,0.983461,0.14,1.811587,3.74,0,-0.6727939,0,0.73983,-0.9955062,0,0.09469664
saccade,25.6092,0.02030386,0.03829443,-0.03615852,-0.06928883,-0.1923615,-0.02011641,-0.9786682,0.3793039,-0.1278823,0.9163922,0.08875488,0.04549038,-0.03270268,-0.006711962,-0.09067903,-0.01685176,-0.995715,0.1808072,-0.0103102,0.9834645,0.14,1.811587,3.74,0,-0.6727939,0,0.73983,-0.9955062,0,0.09469664
saccade,25.6205,0.02029182,0.03829312,-0.03613974,-0.06926461,-0.1922818,-0.02009211,-0.9786861,0.3791505,-0.1278499,0.9164602,0.08874265,0.04548597,-0.03267331,-0.006684981,-0.0905994,-0.01682486,-0.9957229,0.1806487,-0.01026413,0.9834941,0.14,1.811587,3.74,0,-0.6727939,0,0.73983,-0.9955062,0,0.09469664
saccade,25.6317,0.02027982,0.03827214,-0.03613129,-0.06930486,-0.1923108,-0.02003144,-0.9786788,0.3791975,-0.1279499,0.9164268,0.08873182,0.04545581,-0.03266922,-0.007185353,-0.09084859,-0.01677141,-0.9956976,0.1811564,-0.01126156,0.9833898,0.14,1.811587,3.74,0,-0.6727939,0,0.73983,-0.9955062,0,0.09469664
saccade,25.6426,0.02029517,0.0382694,-0.03609514,-0.06859176,-0.1914435,-0.02007772,-0.978898,0.3775617,-0.1266012,0.9172891,0.08874592,0.04546213,-0.03262707,-0.007201199,-0.09080745,-0.01684082,-0.9957001,0.1810765,-0.01128192,0.9834043,0.14,1.811587,3.74,0,-0.6727939,0,0.73983,-0.9955062,0,0.09469664
saccade,25.6538,0.02029955,0.0382154,-0.03608608,-0.06864882,-0.1914355,-0.02020108,-0.9788931,0.3775634,-0.1266653,0.9172795,0.08874862,0.04542255,-0.03261491,-0.007985448,-0.09120272,-0.01697328,-0.9956557,0.1818841,-0.01280549,0.9832366,0.14,1.811587,3.74,0,-0.6727939,0,0.73983,-0.9955062,0,0.09469664
saccade,25.6653,0.02029537,0.03817129,-0.03608157,-0.06859985,-0.1903177,-0.02025896,-0.9791133,0.3754647,-0.1266228,0.9181465,0.08874345,0.04538929,-0.03261312,-0.00804292,-0.0912289,-0.01706079,-0.9956514,0.1819388,-0.01290302,0.9832252,0.14,1.811587,3.74,0,-0.6727939,0,0.73983,-0.9955062,0,0.09469664
saccade,25.6759,0.0202906,0.0381484,-0.03606895,-0.06863386,-0.1903246,-0.02024206,-0.9791099,0.375476,-0.1266951,0.9181319,0.08873907,0.04536307,-0.03260135,-0.008577303,-0.09168053,-0.01705709,-0.9956055,0.1828479,-0.01395161,0.9830422,0.14,1.811587,3.74,0,-0.6727939,0,0.73983,-0.9955062,0,0.09469664
saccade,25.6872,0.02031647,0.03818321,-0.03604007,-0.06867568,-0.1903967,-0.02021338,-0.9790936,0.3756087,-0.1267827,0.9180655,0.0887659,0.04539347,-0.03258242,-0.00861642,-0.0917558,-0.01702903,-0.9955987,0.1829974,-0.01403197,0.9830133,0.14,1.811587,3.74,0,-0.6727939,0,0.73983,-0.9955062,0,0.09469664
saccade,25.6986,0.02031285,0.03821754,-0.03602383,-0.06870836,-0.1904282,-0.02013683,-0.9790867,0.3756585,-0.1268736,0.9180325,0.08876369,0.04541695,-0.03257115,-0.008641491,-0.09179273,-0.01695176,-0.9955963,0.18307,-0.01409478,0.9829988,0.14,1.811587,3.74,0,-0.6727939,0,0.73983,-0.9955062,0,0.09469664
saccade,25.7092,0.02028629,0.03827608,-0.03601751,-0.06840347,-0.1897904,-0.01997704,-0.9792352,0.3744318,-0.1263833,0.9186012,0.08873937,0.04545963,-0.03257613,-0.008570126,-0.09186655,-0.01682387,-0.9955924,0.1832116,-0.0139736,0.9829742,0.14,1.811587,3.74,0,-0.6727939,0,0.73983,-0.9955062,0,0.09469664
saccade,25.7208,0.0202671,0.03830242,-0.03606956,-0.06839549,-0.1897948,-0.01989955,-0.9792365,0.37443,-0.126397,0.9186,0.0887213,0.04547596,-0.03262977,-0.009039553,-0.0927863,-0.01677774,-0.9955037,0.1850415,-0.01488433,0.982618,0.14,1.811587,3.74,0,-0.6727939,0,0.73983,-0.9955062,0,0.09469664
saccade,25.7347,0.020244,0.03832781,-0.03609343,-0.06841179,-0.1897189,-0.01994334,-0.9792491,0.3742929,-0.1264171,0.9186531,0.08869717,0.04550588,-0.03264241,-0.009059835,-0.09270717,-0.01681496,-0.9955102,0.1848866,-0.01492058,0.9826466,0.14,1.811587,3.74,0,-0.6727939,0,0.73983,-0.9955062,0,0.09469664
saccade,25.7477,0.02021816,0.03834105,-0.03611823,-0.06838804,-0.1887931,-0.02001058,-0.9794284,0.3725556,-0.1264067,0.9193605,0.08866946,0.04553199,-0.03265709,-0.009026183,-0.09263228,-0.01690584,-0.9955159,0.184739,-0.01483936,0.9826756,0.14,1.811587,3.74,0,-0.6727939,0,0.73983,-0.9955062,0,0.09469664
saccade,25.7544,0.02019624,0.03835261,-0.03614292,-0.06838236,-0.1887109,-0.02012483,-0.9794422,0.3724152,-0.1263576,0.9194241,0.08864537,0.04555798,-0.03266907,-0.009160638,-0.09360727,-0.01704737,-0.9954211,0.1866696,-0.01504587,0.9823076,0.14,1.811587,3.74,0,-0.6727939,0,0.73983,-0.9955062,0,0.09469664
saccade,25.7649,0.02016425,0.03837073,-0.03617753,-0.06830627,-0.1886938,-0.02022148,-0.9794489,0.3723943,-0.1261737,0.9194579,0.08861165,0.04559124,-0.03270091,-0.009093976,-0.09358317,-0.01714955,-0.9954222,0.1866214,-0.01489487,0.982319,0.14,1.811587,3.74,0,-0.6727939,0,0.73983,-0.9955062,0,0.09469664
saccade,25.7763,0.02015182,0.03839409,-0.03618512,-0.06812721,-0.1888258,-0.02022038,-0.9794359,0.3726407,-0.1258162,0.919407,0.08859877,0.04561663,-0.03270397,-0.008997286,-0.09354198,-0.01715066,-0.995427,0.186537,-0.01470367,0.9823379,0.14,1.811587,3.74,0,-0.6727939,0,0.73983,-0.9955062,0,0.09469664
saccade,25.7873,0.02013964,0.03841186,-0.03618518,-0.06800062,-0.1889593,-0.02012688,-0.9794209,0.3728788,-0.1255961,0.9193406,0.08858839,0.04562747,-0.03272491,-0.00917441,-0.09429539,-0.01709788,-0.9953552,0.1880285,-0.01503909,0.9820484,0.14,1.811587,3.74,0,-0.6727939,0,0.73983,-0.9955062,0,0.09469664
saccade,25.7983,0.02015869,0.03841484,-0.0361817,-0.06780059,-0.1886901,-0.02003615,-0.9794885,0.3723564,-0.1252585,0.9195983,0.08860862,0.04562271,-0.03272867,-0.009084458,-0.09433889,-0.01702707,-0.995353,0.1881104,-0.01487185,0.9820353,0.14,1.811587,3.74,0,-0.6727939,0,0.73983,-0.9955062,0,0.09469664
saccade,25.8093,0.02015753,0.03840971,-0.03618062,-0.0677465,-0.1887653,-0.01998608,-0.9794788,0.3724913,-0.1251672,0.9195561,0.08860848,0.04561341,-0.03273916,-0.009025959,-0.09441718,-0.01698701,-0.9953469,0.1882623,-0.01476019,0.9820079,0.14,1.811587,3.74,0,-0.6727939,0,0.73983,-0.9955062,0,0.09469664
saccade,25.8207,0.02015356,0.03837347,-0.03617638,-0.06764829,-0.1888255,-0.01994452,-0.9794748,0.3725981,-0.1249875,0.9195373,0.08860518,0.04557538,-0.03274472,-0.009125216,-0.09523226,-0.01698177,-0.9952684,0.1898732,-0.01492965,0.9816951,0.14,1.811587,3.74,0,-0.6727939,0,0.73983,-0.9955062,0,0.09469664
saccade,25.8315,0.02014289,0.03832817,-0.03618386,-0.06772869,-0.1888706,-0.0199858,-0.9794597,0.3726895,-0.1251256,0.9194815,0.08859442,0.04553342,-0.03275723,-0.00920953,-0.0952767,-0.01701807,-0.9952627,0.1899642,-0.01508895,0.9816751,0.14,1.811587,3.74,0,-0.6727939,0,0.73983,-0.9955062,0,0.09469664
saccade,25.8427,0.02013367,0.03828084,-0.03619805,-0.0675318,-0.1883383,-0.02004846,-0.9795745,0.3716907,-0.1247531,0.9199362,0.08858398,0.04549742,-0.03277101,-0.00918769,-0.09527324,-0.01709875,-0.9952619,0.1899578,-0.01503021,0.9816772,0.14,1.811587,3.74,0,-0.6727939,0,0.73983,-0.9955062,0,0.09469664
saccade,25.8542,0.02011716,0.03823984,-0.03620451,-0.06760012,-0.1883657,-0.02015892,-0.9795623,0.3717574,-0.1248426,0.9198971,0.08856621,0.04546916,-0.03277935,-0.008738562,-0.09589358,-0.01721879,-0.9952043,0.1911684,-0.01409097,0.9814561,0.14,1.811587,3.74,0,-0.6727939,0,0.73983,-0.9955062,0,0.09469664
saccade,25.8648,0.02009825,0.03819954,-0.03619939,-0.067825,-0.187485,-0.02019293,-0.9797149,0.3701029,-0.1253266,0.9204983,0.08854634,0.04543364,-0.03276484,-0.008812631,-0.09583259,-0.01726503,-0.9952088,0.1910512,-0.01423171,0.9814769,0.14,1.811587,3.74,0,-0.6727939,0,0.73983,-0.9955062,0,0.09469664
saccade,25.8760,0.02010484,0.03820205,-0.03617388,-0.06791563,-0.1874651,-0.02022436,-0.9797118,0.3700707,-0.1254928,0.9204886,0.08855262,0.04543722,-0.03273532,-0.008905927,-0.09581194,-0.01728678,-0.9952095,0.1910138,-0.01441396,0.9814815,0.14,1.811587,3.74,0,-0.6727939,0,0.73983,-0.9955062,0,0.09469664
saccade,25.8878,0.0201022,0.03818798,-0.03615586,-0.06794437,-0.1874329,-0.02023111,-0.9797159,0.3700112,-0.1255484,0.9205049,0.08854976,0.04542279,-0.03271246,-0.008829239,-0.09642416,-0.01730744,-0.9951507,0.1922188,-0.01423514,0.9812489,0.14,1.811587,3.74,0,-0.6727939,0,0.73983,-0.9955062,0,0.09469664
saccade,25.8987,0.02007595,0.03817081,-0.03615255,-0.06804458,-0.1867195,-0.02024014,-0.979845,0.3686668,-0.1257878,0.9210115,0.08852306,0.04540348,-0.03269552,-0.0089825,-0.09633859,-0.01731546,-0.9951575,0.1920552,-0.01454171,0.9812764,0.14,1.811587,3.74,0,-0.6727939,0,0.73983,-0.9955062,0,0.09469664
saccade,25.9093,0.02005005,0.03816175,-0.0361571,-0.0681154,-0.1866522,-0.0202459,-0.9798527,0.3685414,-0.1259282,0.9210425,0.08849687,0.04539227,-0.03268996,-0.009053487,-0.09627119,-0.01731067,-0.9951635,0.1919246,-0.01468636,0.9812998,0.14,1.811587,3.74,0,-0.6727939,0,0.73983,-0.9955062,0,0.09469664
saccade,25.9204,0.02004731,0.03815973,-0.03616798,-0.06810579,-0.1866324,-0.02028437,-0.9798564,0.3685089,-0.1258963,0.9210599,0.08849342,0.04539537,-0.03269774,-0.009545173,-0.09651296,-0.01735916,-0.9951346,0.1924182,-0.0156467,0.9811883,0.14,1.811587,3.74,0,-0.6727939,0,0.73983,-0.9955062,0,0.09469664
saccade,25.9319,0.02004473,0.03813326,-0.03617144,-0.06813189,-0.1865495,-0.02044541,-0.979867,0.3683735,-0.1258922,0.9211146,0.08848807,0.04538882,-0.03268756,-0.009585675,-0.09642018,-0.01751186,-0.9951405,0.192239,-0.01570119,0.9812225,0.14,1.811587,3.74,0,-0.6727939,0,0.73983,-0.9955062,0,0.09469664
saccade,25.9427,0.02004758,0.03810918,-0.03617517,-0.06863829,-0.1812447,-0.0203502,-0.9808288,0.3583337,-0.1272681,0.9248783,0.08848997,0.04536891,-0.0326817,-0.009657632,-0.09635755,-0.0175549,-0.9951451,0.1921186,-0.0158384,0.9812439,0.14,1.811587,3.74,0,-0.6727939,0,0.73983,-0.9955062,0,0.09469664
saccade,25.9543,0.02004755,0.03811371,-0.03617642,-0.06867903,-0.1812632,-0.02036219,-0.9808223,0.3583709,-0.127342,0.9248537,0.08848999,0.04537392,-0.03268498,-0.00969941,-0.09637608,-0.01756453,-0.9951428,0.1921567,-0.01591899,0.9812351,0.14,1.811587,3.74,0,-0.6727939,0,0.73983,-0.9955062,0,0.09469664
saccade,25.9658,0.02007302,0.0381341,-0.03615873,-0.07497127,-0.1363592,-0.01896349,-0.9876365,0.2721901,-0.142917,0.9515709,0.08851735,0.04538012,-0.03267472,-0.01149251,-0.09069237,-0.01728726,-0.9956626,0.1809954,-0.01974967,0.9832856,0.14,1.811587,3.74,0,-0.6727939,0,0.73983,-0.9955062,0,0.09469664
saccade,25.9763,0.02009625,0.03814363,-0.03614642,-0.07496862,-0.1364339,-0.01880776,-0.9876294,0.2723122,-0.1429504,0.951531,0.08854332,0.04536963,-0.03267458,-0.01148279,-0.09077709,-0.01713696,-0.9956576,0.1811594,-0.01975456,0.9832553,0.14,1.811587,3.74,0,-0.6727939,0,0.73983,-0.9955062,0,0.09469664
saccade,25.9878,0.02012108,0.03815246,-0.03613924,-0.07495265,-0.1365196,-0.0186987,-0.9876208,0.2724622,-0.1429441,0.951489,0.08857022,0.04536521,-0.03268069,-0.01146189,-0.09086978,-0.0170345,-0.9956511,0.1813397,-0.01972824,0.9832226,0.14,1.811587,3.74,0,-0.6727939,0,0.73983,-0.9955062,0,0.09469664
saccade,25.9986,0.02012723,0.03815401,-0.03613512,-0.09541565,-0.02979062,-0.01555055,-0.9948701,0.06224312,-0.1889258,0.9800168,0.08857706,0.04536521,-0.03268716,-0.01537966,-0.04796414,-0.01573751,-0.9986067,0.0962787,-0.0292068,0.9949258,0.14,1.811587,3.74,0,-0.6727939,0,0.73983,-0.9955062,0,0.09469664
saccade,26.0099,0.02011628,0.03815949,-0.03612671,-0.09534033,-0.02984397,-0.01555777,-0.9948757,0.06234864,-0.1887749,0.9800391,0.08856626,0.04537308,-0.03268683,-0.0153038,-0.04801654,-0.01574748,-0.9986051,0.09638113,-0.02905262,0.9949204,0.14,1.811587,3.74,0,-0.6727939,0,0.73983,-0.9955062,0,0.09469664
saccade,26.0209,0.02011599,0.03816307,-0.03612702,-0.09526455,-0.02983427,-0.01561943,-0.9948823,0.06233913,-0.188622,0.9800692,0.08856495,0.04538584,-0.0326859,-0.02294978,0.03446903,-0.01328813,-0.9990539,-0.06826293,-0.0467722,0.9965704,0.14,1.811587,3.74,0,-0.6727939,0,0.73983,-0.9955062,0,0.09469664
saccade,26.0317,0.02011278,0.03815973,-0.03613418,-0.09526215,-0.02979212,-0.01568027,-0.9948828,0.06226682,-0.188615,0.9800751,0.0885606,0.04539025,-0.03268652,-0.02295112,0.03451547,-0.01334575,-0.9990515,-0.06835287,-0.04677998,0.9965639,0.14,1.811587,3.74,0,-0.6727939,0,0.73983,-0.9955062,0,0.09469664
saccade,26.0428,0.02010092,0.0381496,-0.03614464,-0.1041384,0.07336584,-0.01256068,-0.9917736,-0.1429085,-0.2084065,0.9675453,0.08854739,0.04539156,-0.03269413,-0.02290796,0.03453854,-0.01342876,-0.9990506,-0.06839624,-0.04670005,0.9965646,0.14,1.811587,3.74,0,-0.6727939,0,0.73983,-0.9955062,0,0.09469664
saccade,26.0552,0.02008964,0.03815079,-0.03614908,-0.1040795,0.07344604,-0.01258425,-0.9917735,-0.1430642,-0.2082951,0.9675463,0.08853538,0.04539454,-0.03268811,-0.02284813,0.03462015,-0.01344339,-0.9990489,-0.06856015,-0.04658362,0.9965588,0.14,1.811587,3.74,0,-0.6727939,0,0.73983,-0.9955062,0,0.09469664
saccade,26.0656,0.02007305,0.03817225,-0.03615961,-0.1040481,0.07343163,-0.01260705,-0.9917777,-0.1430322,-0.2082366,0.9675636,0.08851855,0.04541922,-0.03270074,-0.02905297,0.1190041,-0.01078998,-0.99241,-0.2355748,-0.06023303,0.9699879,0.14,1.811587,3.74,0,-0.6727939,0,0.73983,-0.9955062,0,0.09469664
saccade,26.0760,0.0200609,0.03819525,-0.03616884,-0.1141629,0.1551491,-0.009936539,-0.9812222,-0.3022026,-0.2271217,0.9257911,0.08850706,0.04543602,-0.03271013,-0.02903437,0.1190055,-0.0107463,-0.9924108,-0.2355808,-0.06018578,0.9699894,0.14,1.811587,3.74,0,-0.6727939,0,0.73983,-0.9955062,0,0.09469664
saccade,26.0874,0.02005251,0.03822196,-0.03618475,-0.1140823,0.1552269,-0.009972508,-0.9812189,-0.3023477,-0.2269755,0.9257797,0.08849791,0.04546523,-0.03271607,-0.02895224,0.1190854,-0.01077245,-0.9924034,-0.2357377,-0.06003028,0.9699609,0.14,1.811587,3.74,0,-0.6727939,0,0.73983,-0.9955062,0,0.09469664
saccade,26.0981,0.02004779,0.03824806,-0.03618357,-0.1140244,0.1552611,-0.0100017,-0.9812199,-0.3024098,-0.2268717,0.9257848,0.08849269,0.04549396,-0.03271064,-0.02824018,0.1771978,-0.00887777,-0.98373,-0.3481281,-0.05870767,0.9356069,0.14,1.811587,3.74,0,-0.6727939,0,0.73983,-0.9955062,0,0.09469664
saccade,26.1095,0.02004876,0.03826237,-0.03618135,-0.1199244,0.1804742,-0.009193769,-0.9761981,-0.3501521,-0.2374585,0.9060944,0.08849367,0.04550838,-0.03270905,-0.02818789,0.1771983,-0.008885537,-0.9837313,-0.3481302,-0.05860763,0.9356124,0.14,1.811587,3.74,0,-0.6727939,0,0.73983,-0.9955062,0,0.09469664
saccade,26.1206,0.02006903,0.03827751,-0.03616782,-0.1198975,0.1804674,-0.009169139,-0.9762029,-0.3501468,-0.237398,0.9061123,0.08851443,0.04551983,-0.03269726,-0.03163781,0.2149499,-0.007610092,-0.9760829,-0.4191363,-0.06503383,0.9055912,0.14,1.811587,3.74,0,-0.6727939,0,0.73983,-0.9955062,0,0.09469664
saccade,26.1321,0.02008891,0.03828585,-0.03615198,-0.1198895,0.1804181,-0.009179654,-0.9762129,-0.3500519,-0.2373876,0.9061517,0.08853444,0.04553032,-0.03268823,-0.03163021,0.214902,-0.007625281,-0.9760935,-0.4190465,-0.06502547,0.9056333,0.14,1.811587,3.74,0,-0.6727939,0,0.73983,-0.9955062,0,0.09469664
saccade,26.1428,0.02010429,0.03827953,-0.03613929,-0.1218885,0.1788386,-0.009173617,-0.976256,-0.3469483,-0.24127,0.9063199,0.08855119,0.04551554,-0.03268502,-0.03158664,0.2148394,-0.007567755,-0.9761092,-0.4189353,-0.06491572,0.9056926,0.14,1.811587,3.74,0,-0.6727939,0,0.73983,-0.9955062,0,0.09469664
saccade,26.1540,0.02011558,0.03827059,-0.03611375,-0.1218917,0.1787497,-0.009101948,-0.9762726,-0.3467979,-0.2412529,0.906382,0.08856401,0.04549837,-0.03267279,-0.03313426,0.2246803,-0.007175069,-0.9738426,-0.4371311,-0.06775931,0.8968417,0.14,1.811587,3.74,0,-0.6727939,0,0.73983,-0.9955062,0,0.09469664
saccade,26.1655,0.02010786,0.03826165,-0.03605145,-0.1219299,0.178664,-0.00903125,-0.9762841,-0.3466513,-0.2413036,0.9064245,0.08855769,0.04548204,-0.03262275,-0.03316982,0.2245902,-0.007110703,-0.9738626,-0.4369684,-0.06779969,0.896918,0.14,1.811587,3.74,0,-0.6727939,0,0.73983,-0.9955062,0,0.09469664
saccade,26.1763,0.02011713,0.0382396,-0.03602764,-0.1237644,0.177769,-0.009112293,-0.976216,-0.3448263,-0.2448812,0.9061611,0.08856636,0.0454694,-0.03260683,-0.03327237,0.2245233,-0.007159968,-0.9738743,-0.4368385,-0.06802136,0.8969645,0.14,1.811587,3.74,0,-0.6727939,0,0.73983,-0.9955062,0,0.09469664
saccade,26.1874,0.02012688,0.03820682,-0.03600471,-0.1237914,0.1777494,-0.009077606,-0.9762164,-0.3447963,-0.2449214,0.9061617,0.08857666,0.04543269,-0.03258669,-0.03093204,0.220158,-0.007262974,-0.9749466,-0.4288352,-0.06351218,0.9011474,0.14,1.811587,3.74,0,-0.6727939,0,0.73983,-0.9955062,0,0.09469664
saccade,26.1982,0.02015063,0.03816593,-0.03600775,-0.1239227,0.1777116,-0.009133753,-0.9762061,-0.3447025,-0.2451946,0.9061235,0.08859941,0.04540241,-0.03259202,-0.03106671,0.2201277,-0.007316686,-0.9749488,-0.4287719,-0.06379811,0.9011573,0.14,1.811587,3.74,0,-0.6727939,0,0.73983,-0.9955062,0,0.09469664
saccade,26.2095,0.02015538,0.03812516,-0.03598735,-0.1220969,0.1790393,-0.009032689,-0.9761945,-0.3473487,-0.2416151,0.9060745,0.08860515,0.04535663,-0.03258103,-0.03109005,0.2200587,-0.007274103,-0.974964,-0.4286464,-0.06382481,0.9012151,0.14,1.811587,3.74,0,-0.6727939,0,0.73983,-0.9955062,0,0.09469664
saccade,26.2209,0.02014583,0.03809309,-0.03596604,-0.1221741,0.1790164,-0.009029107,-0.9761891,-0.3473015,-0.2417627,0.9060532,0.08859556,0.04532588,-0.0325617,-0.02887996,0.2174201,-0.00734855,-0.9756231,-0.4238157,-0.05954735,0.9037889,0.14,1.811587,3.74,0,-0.6727939,0,0.73983,-0.9955062,0,0.09469664
saccade,26.2317,0.02013791,0.03804862,-0.03594375,-0.1222128,0.1790146,-0.009008796,-0.9761848,-0.3473006,-0.2418299,0.9060357,0.08858786,0.04527938,-0.03253933,-0.02891815,0.217417,-0.007326997,-0.9756228,-0.4238102,-0.05961245,0.9037872,0.14,1.811587,3.74,0,-0.6727939,0,0.73983,-0.9955062,0,0.09469664
saccade,26.2428,0.02016601,0.03803349,-0.03596787,-0.1205836,0.1785813,-0.008963672,-0.9764671,-0.3465958,-0.2386933,0.9071366,0.08861628,0.04525816,-0.03255723,-0.02902745,0.2174509,-0.007264111,-0.9756125,-0.4238739,-0.05979826,0.9037451,0.14,1.811587,3.74,0,-0.6727939,0,0.73983,-0.9955062,0,0.09469664
saccade,26.2539,0.02014418,0.03799915,-0.03595992,-0.1206186,0.1786555,-0.008990973,-0.976449,-0.346727,-0.2387684,0.9070668,0.08859357,0.04522693,-0.03253804,-0.02954625,0.2160022,-0.007337844,-0.9759182,-0.4211674,-0.06083943,0.9049401,0.14,1.811587,3.74,0,-0.6727939,0,0.73983,-0.9955062,0,0.09469664
saccade,26.2650,0.02011487,0.03797388,-0.0359582,-0.1206568,0.1787005,-0.009037312,-0.9764356,-0.3467982,-0.2388572,0.9070162,0.08856323,0.04520786,-0.03252882,-0.02958632,0.2160514,-0.007378303,-0.9759058,-0.421255,-0.06093511,0.9048929,0.14,1.811587,3.74,0,-0.6727939,0,0.73983,-0.9955062,0,0.09469664
saccade,26.2762,0.02009198,0.03798783,-0.03595358,-0.119063,0.1794419,-0.009008749,-0.9764956,-0.3483032,-0.2357621,0.9072492,0.08854005,0.04522252,-0.03252003,-0.02964051,0.2160757,-0.007375727,-0.9758987,-0.4212988,-0.06103971,0.9048654,0.14,1.811587,3.74,0,-0.6727939,0,0.73983,-0.9955062,0,0.09469664
saccade,26.2877,0.02005994,0.03800738,-0.03595015,-0.1190699,0.1794924,-0.009052412,-0.976485,-0.3483875,-0.2357896,0.9072097,0.08850707,0.04524732,-0.03250888,-0.02964887,0.2161295,-0.007414311,-0.9758863,-0.4213961,-0.06107276,0.9048179,0.14,1.811587,3.74,0,-0.6727939,0,0.73983,-0.9955062,0,0.09469664
saccade,26.2981,0.02003004,0.03800619,-0.0359596,-0.1190508,0.1795181,-0.009119229,-0.976482,-0.348421,-0.235776,0.9072003,0.08847609,0.04525435,-0.03251415,-0.02831884,0.2160216,-0.007477465,-0.9759492,-0.4212286,-0.05850608,0.9050654,0.14,1.811587,3.74,0,-0.6727939,0,0.73983,-0.9955062,0,0.09469664
saccade,26.3098,0.01999426,0.03801715,-0.03596412,-0.1186549,0.1794016,-0.009128713,-0.9765515,-0.3482234,-0.2350207,0.9074721,0.08843966,0.04526532,-0.03250572,-0.02836466,0.2161094,-0.007471779,-0.9759285,-0.4213907,-0.0585932,0.9049844,0.14,1.811587,3.74,0,-0.6727939,0,0.73983,-0.9955062,0,0.09469664
saccade,26.3209,0.01996208,0.03804255,-0.03596412,-0.1185632,0.179451,-0.009216817,-0.9765527,-0.3483012,-0.2348744,0.9074802,0.08840615,0.04530013,-0.03249911,-0.02827547,0.2161647,-0.007558341,-0.9759182,-0.4214907,-0.05845679,0.9049466,0.14,1.811587,3.74,0,-0.6727939,0,0.73983,-0.9955062,0,0.09469664
saccade,26.3323,0.01992787,0.03806448,-0.03598151,-0.1185507,0.1794563,-0.009205465,-0.9765534,-0.3483147,-0.2348461,0.9074823,0.0883721,0.04532015,-0.03251613,-0.02837783,0.2159879,-0.00755386,-0.9759544,-0.4211599,-0.05865402,0.9050879,0.14,1.811587,3.74,0,-0.6727939,0,0.73983,-0.9955062,0,0.09469664
saccade,26.3429,0.0199007,0.0380888,-0.03599025,-0.1176493,0.179842,-0.009269844,-0.9765908,-0.3490829,-0.2331246,0.907631,0.08834342,0.0453521,-0.03251057,-0.02830955,0.2160961,-0.007623749,-0.9759318,-0.4213584,-0.05855131,0.9050021,0.14,1.811587,3.74,0,-0.6727939,0,0.73983,-0.9955062,0,0.09469664
saccade,26.3537,0.01987194,0.03811002,-0.03600549,-0.117529,0.1798257,-0.009308087,-0.976608,-0.3490504,-0.2329071,0.9076993,0.0883145,0.04537654,-0.03252949,-0.02818991,0.2160815,-0.007667766,-0.9759382,-0.4213321,-0.05833694,0.9050282,0.14,1.811587,3.74,0,-0.6727939,0,0.73983,-0.9955062,0,0.09469664
saccade,26.3651,0.01988272,0.03811491,-0.03604579,-0.1174175,0.179823,-0.009362282,-0.9766214,-0.3490394,-0.232712,0.9077536,0.08832479,0.04538679,-0.03257121,-0.02843018,0.2167247,-0.007705927,-0.9757883,-0.4225167,-0.0588238,0.9044442,0.14,1.811587,3.74,0,-0.6727939,0,0.73983,-0.9955062,0,0.09469664
saccade,26.3760,0.01986494,0.03813124,-0.03605814,-0.1164772,0.1797821,-0.009385711,-0.9767413,-0.3490148,-0.230911,0.9082229,0.08830689,0.04540598,-0.03258751,-0.02837218,0.2167022,-0.007736493,-0.9757947,-0.4224748,-0.05872387,0.9044703,0.14,1.811587,3.74,0,-0.6727939,0,0.73983,-0.9955062,0,0.09469664
saccade,26.3877,0.01986015,0.03814292,-0.03606746,-0.1164329,0.1797609,-0.009480205,-0.9767495,-0.3489551,-0.2308598,0.9082588,0.08830091,0.04542994,-0.0325992,-0.02833109,0.2166887,-0.007834124,-0.9757981,-0.422445,-0.05868598,0.9044867,0.14,1.811587,3.74,0,-0.6727939,0,0.73983,-0.9955062,0,0.09469664
saccade,26.3981,0.01981648,0.03814161,-0.03604941,-0.1164045,0.179741,-0.009529852,-0.9767561,-0.3489077,-0.2308233,0.9082863,0.08825669,0.04543519,-0.03258369,-0.02886513,0.2172141,-0.007870839,-0.9756654,-0.4234022,-0.05974472,0.9039696,0.14,1.811587,3.74,0,-0.6727939,0,0.73983,-0.9955062,0,0.09469664
saccade,26.4094,0.01980143,0.03815198,-0.03604106,-0.1156787,0.1808463,-0.009544054,-0.9766381,-0.3510348,-0.2294045,0.9078261,0.08824119,0.04545462,-0.03258555,-0.02887561,0.2171398,-0.007934137,-0.9756811,-0.4232602,-0.05979241,0.904033,0.14,1.811587,3.74,0,-0.6727939,0,0.73983,-0.9955062,0,0.09469664
saccade,26.4204,0.01980922,0.03814888,-0.03602413,-0.1156494,0.1807991,-0.00949537,-0.9766508,-0.3509589,-0.2293317,0.9078738,0.08825004,0.0454452,-0.03257631,-0.02884268,0.2180345,-0.00785871,-0.9754831,-0.4249247,-0.05969803,0.9032581,0.14,1.811587,3.74,0,-0.6727939,0,0.73983,-0.9955062,0,0.09469664
saccade,26.4318,0.01981027,0.03814375,-0.03600729,-0.1156735,0.1807247,-0.009461053,-0.976662,-0.350825,-0.2293675,0.9079165,0.08825193,0.04543698,-0.03256986,-0.0288658,0.2179583,-0.007830241,-0.9754997,-0.4247845,-0.05973049,0.9033219,0.14,1.811587,3.74,0,-0.6727939,0,0.73983,-0.9955062,0,0.09469664
saccade,26.4434,0.01982167,0.03812945,-0.03599385,-0.115929,0.1811031,-0.009416778,-0.9765621,-0.3515334,-0.2298345,0.9075243,0.08826399,0.04542041,-0.03256462,-0.0289085,0.217896,-0.007803877,-0.9755126,-0.4246693,-0.05980209,0.9033713,0.14,1.811587,3.74,0,-0.6727939,0,0.73983,-0.9955062,0,0.09469664
saccade,26.4542,0.01981912,0.03809714,-0.03596555,-0.1159621,0.1810574,-0.009336369,-0.9765674,-0.3514642,-0.2298705,0.907542,0.0882628,0.04537857,-0.0325432,-0.02891817,0.2180609,-0.007719155,-0.9754761,-0.4249799,-0.05978446,0.9032264,0.14,1.811587,3.74,0,-0.6727939,0,0.73983,-0.9955062,0,0.09469664
saccade,26.4653,0.01981692,0.03806925,-0.0359384,-0.1160377,0.181064,-0.009327804,-0.9765573,-0.3514739,-0.2300127,0.9075022,0.08826049,0.04535079,-0.03251404,-0.0289938,0.2180677,-0.007707182,-0.9754725,-0.4249911,-0.05992668,0.9032117,0.14,1.811587,3.74,0,-0.6727939,0,0.73983,-0.9955062,0,0.09469664
saccade,26.4759,0.0198358,0.03802931,-0.03591754,-0.1154627,0.1823165,-0.009291233,-0.9763927,-0.3538794,-0.2288618,0.9068581,0.08827864,0.04531193,-0.03248066,-0.02907881,0.2181484,-0.007702273,-0.9754519,-0.4251386,-0.06009043,0.9031314,0.14,1.811587,3.74,0,-0.6727939,0,0.73983,-0.9955062,0,0.09469664
saccade,26.4878,0.01983906,0.03799987,-0.03589263,-0.1156198,0.1823296,-0.009293362,-0.9763716,-0.3538939,-0.2291648,0.906776,0.08828136,0.04528534,-0.03245136,-0.0294758,0.2178326,-0.007710068,-0.9755105,-0.4245415,-0.06086692,0.9033602,0.14,1.811587,3.74,0,-0.6727939,0,0.73983,-0.9955062,0,0.09469664
saccade,26.4982,0.01982946,0.03796184,-0.03586964,-0.1157394,0.1823566,-0.009304431,-0.9763524,-0.3539349,-0.2293983,0.9067009,0.08827113,0.04525054,-0.03242254,-0.02959637,0.217862,-0.00771436,-0.9755003,-0.4245923,-0.06110386,0.9033204,0.14,1.811587,3.74,0,-0.6727939,0,0.73983,-0.9955062,0,0.09469664
saccade,26.5092,0.01982052,0.03793752,-0.03585662,-0.1151726,0.183494,-0.009265599,-0.9762067,-0.3561219,-0.2282649,0.9061304,0.08826208,0.04522943,-0.03241424,-0.02969998,0.217818,-0.007718737,-0.9755068,-0.4245075,-0.06130762,0.9033464,0.14,1.811587,3.74,0,-0.6727939,0,0.73983,-0.9955062,0,0.09469664
saccade,26.5205,0.01984322,0.03791583,-0.03586765,-0.1152632,0.1835501,-0.009239577,-0.9761857,-0.3562279,-0.2284284,0.9060475,0.08828461,0.045205,-0.03241637,-0.02975769,0.217743,-0.007689105,-0.9755222,-0.4243686,-0.06140708,0.9034049,0.14,1.811587,3.74,0,-0.6727939,0,0.73983,-0.9955062,0,0.09469664
saccade,26.5315,0.01985107,0.03790367,-0.03585256,-0.1153219,0.1835914,-0.009314361,-0.9761702,-0.3562847,-0.2285677,0.9059901,0.08829097,0.04520333,-0.0323936,-0.02981914,0.217791,-0.007757887,-0.975509,-0.4244515,-0.06155687,0.9033558,0.14,1.811587,3.74,0,-0.6727939,0,0.73983,-0.9955062,0,0.09469664
saccade,26.5427,0.01984557,0.03789532,-0.03583124,-0.1153196,0.1836225,-0.009298776,-0.9761648,-0.3563469,-0.2285568,0.9059684,0.08828554,0.04519236,-0.03236821,-0.02981623,0.2178204,-0.007739737,-0.9755027,-0.4245073,-0.06154338,0.9033305,0.14,1.811587,3.74,0,-0.6727939,0,0.73983,-0.9955062,0,0.09469664
saccade,26.5548,0.01984422,0.03789067,-0.03581438,-0.1147697,0.1846268,-0.009262856,-0.9760405,-0.3582803,-0.22746,0.9054818,0.08828455,0.04518843,-0.03236001,-0.02978256,0.2177621,-0.007748515,-0.9755166,-0.4243996,-0.06148143,0.9033853,0.14,1.811587,3.74,0,-0.6727939,0,0.73983,-0.9955062,0,0.09469664
saccade,26.5651,0.01981569,0.03787994,-0.0357859,-0.1146979,0.1846744,-0.009357204,-0.9760391,-0.3583524,-0.2273553,0.9054795,0.08825456,0.04518831,-0.03232481,-0.02953807,0.2178785,-0.007837698,-0.9754974,-0.4246167,-0.06104396,0.903313,0.14,1.811587,3.74,0,-0.6727939,0,0.73983,-0.9955062,0,0.09469664
saccade,26.5760,0.01982417,0.03787303,-0.03576347,-0.1143224,0.1849421,-0.009306808,-0.9760329,-0.3588912,-0.2266073,0.9054536,0.08826362,0.04517567,-0.03230191,-0.02952871,0.2178831,-0.007797299,-0.9754969,-0.4246281,-0.06100813,0.90331,0.14,1.811587,3.74,0,-0.6727939,0,0.73983,-0.9955062,0,0.09469664
saccade,26.5872,0.01983686,0.0378468,-0.03575062,-0.1142839,0.1849096,-0.009271009,-0.9760439,-0.3588407,-0.2265209,0.9054953,0.08827713,0.04514444,-0.03229468,-0.02948893,0.2178474,-0.007765774,-0.9755064,-0.424565,-0.06091679,0.9033458,0.14,1.811587,3.74,0,-0.6727939,0,0.73983,-0.9955062,0,0.09469664
saccade,26.5990,0.01986577,0.03779829,-0.03576687,-0.1143471,0.184905,-0.009280813,-0.9760373,-0.3588259,-0.2266462,0.9054698,0.08830573,0.04509842,-0.0323104,-0.02935998,0.215509,-0.00785406,-0.9760289,-0.4202248,-0.06069761,0.9053877,0.14,1.811587,3.74,0,-0.6727939,0,0.73983,-0.9955062,0,0.09469664
saccade,26.6145,0.01988783,0.03774917,-0.03576066,-0.1130691,0.1834472,-0.009367897,-0.9764603,-0.3561394,-0.224252,0.907125,0.08832699,0.04505634,-0.03230272,-0.02942732,0.2155124,-0.007893959,-0.9760256,-0.4202266,-0.06084612,0.9053769,0.14,1.811587,3.74,0,-0.6727939,0,0.73983,-0.9955062,0,0.09469664
saccade,26.6254,0.01989982,0.03774643,-0.03573595,-0.1130506,0.1834648,-0.009229168,-0.9764605,-0.3562056,-0.2241654,0.9071204,0.08834103,0.04503417,-0.03227768,-0.02896654,0.1994022,-0.008311543,-0.9794543,-0.3901292,-0.06005748,0.9187994,0.14,1.811587,3.74,0,-0.6727939,0,0.73983,-0.9955062,0,0.09469664
saccade,26.6366,0.01990568,0.03778028,-0.03573129,-0.1129921,0.183455,-0.00900559,-0.9764712,-0.3562419,-0.2239713,0.9071541,0.08835045,0.04503703,-0.03227825,-0.02890426,0.1993731,-0.008090614,-0.9794639,-0.3900898,-0.05984746,0.9188298,0.14,1.811587,3.74,0,-0.6727939,0,0.73983,-0.9955062,0,0.09469664
saccade,26.6475,0.01991732,0.03780985,-0.03572208,-0.1065429,0.1636849,-0.009517832,-0.9806963,-0.3190223,-0.2120883,0.9237117,0.08836418,0.04504561,-0.03226659,-0.02880247,0.199402,-0.007952166,-0.9794621,-0.3901553,-0.05959322,0.9188185,0.14,1.811587,3.74,0,-0.6727939,0,0.73983,-0.9955062,0,0.09469664
saccade,26.6590,0.01992202,0.03785157,-0.03572228,-0.1065473,0.1636749,-0.009369077,-0.9806989,-0.3190351,-0.2120486,0.9237164,0.08837114,0.04506743,-0.03226996,-0.02710472,0.1503818,-0.00946253,-0.9882111,-0.2967049,-0.05641636,0.9533013,0.14,1.811587,3.74,0,-0.6727939,0,0.73983,-0.9955062,0,0.09469664
saccade,26.6702,0.01992969,0.03787982,-0.03572471,-0.1064864,0.1636719,-0.009372889,-0.980706,-0.3190319,-0.2119319,0.9237443,0.08837892,0.04509521,-0.03227369,-0.02704348,0.1503783,-0.009465733,-0.9882132,-0.2966996,-0.05629634,0.95331,0.14,1.811587,3.74,0,-0.6727939,0,0.73983,-0.9955062,0,0.09469664
saccade,26.6810,0.01996816,0.03789604,-0.03576316,-0.1054602,0.1103524,-0.01128441,-0.9882172,-0.2157242,-0.2109257,0.953401,0.08841491,0.04512823,-0.03229798,-0.02706273,0.1504771,-0.009589374,-0.9881966,-0.296883,-0.05637256,0.9532485,0.14,1.811587,3.74,0,-0.6727939,0,0.73983,-0.9955062,0,0.09469664
saccade,26.6922,0.01997293,0.03791332,-0.03579124,-0.1054301,0.1103434,-0.01129421,-0.9882213,-0.2157058,-0.210869,0.9534177,0.08841963,0.04514658,-0.0323276,-0.02440982,0.08063727,-0.01189626,-0.9963735,-0.1601089,-0.05056115,0.9858036,0.14,1.811587,3.74,0,-0.6727939,0,0.73983,-0.9955062,0,0.09469664
saccade,26.7031,0.01997924,0.03792894,-0.03582074,-0.1054147,0.1103976,-0.01137342,-0.9882159,-0.2157956,-0.2108562,0.9534002,0.08842447,0.0451721,-0.03234884,-0.02439209,0.08069778,-0.01197028,-0.9963682,-0.1602255,-0.05053896,0.9857858,0.14,1.811587,3.74,0,-0.6727939,0,0.73983,-0.9955062,0,0.09469664
saccade,26.7142,0.01998002,0.03794456,-0.03583733,-0.1002128,0.02837824,-0.01405585,-0.9944619,-0.05362501,-0.2001134,0.9783041,0.08842508,0.04519653,-0.03238022,-0.02436255,0.08059192,-0.01203182,-0.9963768,-0.1600136,-0.0504879,0.9858228,0.14,1.811587,3.74,0,-0.6727939,0,0.73983,-0.9955062,0,0.09469664
saccade,26.7261,0.01999221,0.03799748,-0.03585461,-0.1000508,0.02829598,-0.01405754,-0.9944806,-0.05346666,-0.1997927,0.9783784,0.08843776,0.04525125,-0.03241083,-0.0170819,0.01653327,-0.01405104,-0.9996187,-0.0325739,-0.03461539,0.9988697,0.14,1.811587,3.74,0,-0.6727939,0,0.73983,-0.9955062,0,0.09469664
saccade,26.7368,0.01998669,0.03805566,-0.03587054,-0.09995252,0.02816702,-0.01394785,-0.9944956,-0.05323572,-0.1995904,0.9784322,0.08843462,0.04529655,-0.03244711,-0.01698428,0.01639538,-0.01395115,-0.999624,-0.03230453,-0.03441326,0.9988855,0.14,1.811587,3.74,0,-0.6727939,0,0.73983,-0.9955062,0,0.09469664
saccade,26.7478,0.01998179,0.03806484,-0.03587145,-0.08932696,-0.04894255,-0.01627913,-0.994666,0.1002713,-0.1761075,0.9792507,0.08842988,0.04530466,-0.03244875,-0.01693899,0.01639432,-0.01394219,-0.9996249,-0.032304,-0.03432241,0.9988886,0.14,1.811587,3.74,0,-0.6727939,0,0.73983,-0.9955062,0,0.09469664
saccade,26.7587,0.01999474,0.03808451,-0.03591678,-0.08912393,-0.04898067,-0.01628854,-0.9946822,0.1003438,-0.1757043,0.9793156,0.08844271,0.04532874,-0.03250154,-0.01666805,-0.03540562,-0.01555551,-0.999113,0.07126699,-0.03220503,0.9969372,0.14,1.811587,3.74,0,-0.6727939,0,0.73983,-0.9955062,0,0.09469664
saccade,26.7697,0.01999091,0.03808045,-0.03595869,-0.08906561,-0.04904384,-0.01630844,-0.994684,0.1004713,-0.1755846,0.979324,0.08843888,0.04532897,-0.03255252,-0.01660981,-0.03546697,-0.01558067,-0.9991114,0.07138849,-0.03208491,0.9969324,0.14,1.811587,3.74,0,-0.6727939,0,0.73983,-0.9955062,0,0.09469664
saccade,26.7811,0.01997292,0.03805721,-0.03597061,-0.07811469,-0.1038195,-0.01795073,-0.9913614,0.2086497,-0.1511525,0.9662392,0.08841951,0.04531407,-0.03255425,-0.01655772,-0.03538921,-0.01563826,-0.9991141,0.07123359,-0.03197924,0.9969469,0.14,1.811587,3.74,0,-0.6727939,0,0.73983,-0.9955062,0,0.09469664
saccade,26.7922,0.01994723,0.03803289,-0.03598049,-0.07814202,-0.1037692,-0.01801252,-0.9913634,0.2085611,-0.151196,0.9662516,0.08839267,0.04529691,-0.03255619,-0.01344991,-0.0753991,-0.01687852,-0.9969199,0.1507877,-0.02427172,0.9882681,0.14,1.811587,3.74,0,-0.6727939,0,0.73983,-0.9955062,0,0.09469664
saccade,26.8032,0.01991256,0.03798342,-0.03598776,-0.07813168,-0.1037102,-0.01808481,-0.991369,0.2084562,-0.1511635,0.9662793,0.08835655,0.04525673,-0.03255461,-0.01344157,-0.07533535,-0.01694706,-0.9969236,0.1506628,-0.02424701,0.9882878,0.14,1.811587,3.74,0,-0.6727939,0,0.73983,-0.9955062,0,0.09469664
saccade,26.8139,0.01987975,0.03794694,-0.03599336,-0.07516935,-0.1472721,-0.01940923,-0.9860445,0.2933517,-0.1425238,0.945321,0.08832233,0.045228,-0.03254835,-0.01351204,-0.07525661,-0.0170138,-0.9969275,0.1505105,-0.02438026,0.9883077,0.14,1.811587,3.74,0,-0.6727939,0,0.73983,-0.9955062,0,0.09469664
saccade,26.8252,0.01983964,0.03791022,-0.03599871,-0.07527677,-0.1472061,-0.01946095,-0.9860452,0.2932337,-0.1427231,0.9453275,0.08828132,0.04519463,-0.03254286,-0.01362305,-0.07518828,-0.01705345,-0.9969305,0.1503796,-0.02459804,0.9883223,0.14,1.811587,3.74,0,-0.6727939,0,0.73983,-0.9955062,0,0.09469664
saccade,26.8365,0.01982959,0.03788292,-0.03600787,-0.07542057,-0.1471488,-0.0194987,-0.986042,0.2931311,-0.1429973,0.9453179,0.08827072,0.04516792,-0.03254218,-0.01306932,-0.1066392,-0.01801055,-0.9940488,0.2124799,-0.02214182,0.9769145,0.14,1.811587,3.74,0,-0.6727939,0,0.73983,-0.9955062,0,0.09469664
saccade,26.8510,0.01981919,0.03785074,-0.03602435,-0.07114986,-0.1776858,-0.02044992,-0.9812988,0.3516357,-0.1323712,0.9267309,0.08825903,0.04514408,-0.03255104,-0.01319968,-0.106597,-0.01809385,-0.99405,0.2124032,-0.02238478,0.9769257,0.14,1.811587,3.74,0,-0.6727939,0,0.73983,-0.9955062,0,0.09469664
saccade,26.8659,0.0197905,0.03783667,-0.03602214,-0.07128149,-0.1776889,-0.02041693,-0.9812893,0.3516391,-0.1326398,0.9266912,0.08823122,0.04512167,-0.03254837,-0.01338925,-0.1120019,-0.01821272,-0.9934509,0.2230244,-0.02252341,0.9745526,0.14,1.811587,3.74,0,-0.6727939,0,0.73983,-0.9955062,0,0.09469664
saccade,26.8722,0.01976792,0.03783584,-0.03601029,-0.07129639,-0.1776471,-0.02047527,-0.9812946,0.3515678,-0.1326508,0.9267167,0.08820757,0.04512763,-0.03252988,-0.01340795,-0.1119566,-0.01826736,-0.9934547,0.2229375,-0.02255009,0.9745719,0.14,1.811587,3.74,0,-0.6727939,0,0.73983,-0.9955062,0,0.09469664
saccade,26.8811,0.01975815,0.03781474,-0.03602088,-0.07326408,-0.1867013,-0.02074436,-0.9794614,0.368773,-0.1357727,0.9195501,0.0881978,0.04510748,-0.03254251,-0.01338982,-0.1119699,-0.01827082,-0.9934534,0.2229631,-0.02251276,0.9745669,0.14,1.811587,3.74,0,-0.6727939,0,0.73983,-0.9955062,0,0.09469664
saccade,26.8921,0.01974706,0.03779209,-0.0360247,-0.07326689,-0.1866733,-0.02083061,-0.9794647,0.3687322,-0.1357476,0.9195701,0.08818529,0.0450958,-0.03254136,-0.01339911,-0.1119366,-0.01835472,-0.9934555,0.2229,-0.02251371,0.9745813,0.14,1.811587,3.74,0,-0.6727939,0,0.73983,-0.9955062,0,0.09469664
saccade,26.9032,0.01972251,0.03777933,-0.03601988,-0.07322952,-0.1866395,-0.02086377,-0.9794733,0.3686724,-0.1356647,0.9196063,0.08815993,0.04508841,-0.03253179,-0.01394961,-0.102785,-0.01812058,-0.9944408,0.2049327,-0.02401907,0.9784814,0.14,1.811587,3.74,0,-0.6727939,0,0.73983,-0.9955062,0,0.09469664
saccade,26.9148,0.01972602,0.03779519,-0.03603522,-0.07680407,-0.1801815,-0.02067508,-0.9804123,0.3564802,-0.1431488,0.9232715,0.08816336,0.04510486,-0.03254686,-0.01383246,-0.1027727,-0.01810735,-0.9944439,0.2049043,-0.02378934,0.9784929,0.14,1.811587,3.74,0,-0.6727939,0,0.73983,-0.9955062,0,0.09469664
saccade,26.9258,0.01973344,0.03781557,-0.03604849,-0.0767143,-0.1801762,-0.02059301,-0.980422,0.3564571,-0.143004,0.9233029,0.08817171,0.04511702,-0.03256131,-0.01373623,-0.1027712,-0.01803223,-0.9944468,0.2048964,-0.02361351,0.9784988,0.14,1.811587,3.74,0,-0.6727939,0,0.73983,-0.9955062,0,0.09469664
saccade,26.9366,0.01971924,0.03783405,-0.03604248,-0.07668492,-0.180202,-0.02049127,-0.9804218,0.3564907,-0.142982,0.9232934,0.08815908,0.04512322,-0.03256045,-0.01454206,-0.09659321,-0.01775574,-0.9950593,0.1927484,-0.02551026,0.9809166,0.14,1.811587,3.74,0,-0.6727939,0,0.73983,-0.9955062,0,0.09469664
saccade,26.9473,0.01971927,0.03784955,-0.03603663,-0.07902046,-0.1744583,-0.02028266,-0.9812791,0.34559,-0.1480053,0.9266402,0.08816022,0.04513192,-0.03256227,-0.01453872,-0.09664753,-0.0177048,-0.995055,0.192854,-0.0255114,0.9808958,0.14,1.811587,3.74,0,-0.6727939,0,0.73983,-0.9955062,0,0.09469664
saccade,26.9587,0.0197357,0.03783309,-0.03604082,-0.07904287,-0.1744852,-0.02028397,-0.9812725,0.3456417,-0.1480467,0.9266143,0.08817685,0.04511535,-0.03256997,-0.01456133,-0.09667496,-0.01770618,-0.995052,0.1929089,-0.02555507,0.9808838,0.14,1.811587,3.74,0,-0.6727939,0,0.73983,-0.9955062,0,0.09469664
saccade,26.9707,0.01974565,0.03783309,-0.03604189,-0.07915524,-0.1744846,-0.02032747,-0.9812627,0.3456486,-0.1482505,0.9265791,0.08818647,0.04511762,-0.03256931,-0.01556858,-0.09247717,-0.01762048,-0.9954372,0.1846591,-0.0277361,0.9824112,0.14,1.811587,3.74,0,-0.6727939,0,0.73983,-0.9955062,0,0.09469664
saccade,26.9811,0.01974197,0.03781796,-0.03603709,-0.08200936,-0.1703996,-0.02030707,-0.9817465,0.3379091,-0.1541042,0.9284769,0.08818125,0.04511619,-0.0325628,-0.01548754,-0.09245976,-0.01770937,-0.9954385,0.1846246,-0.02755897,0.9824226,0.14,1.811587,3.74,0,-0.6727939,0,0.73983,-0.9955062,0,0.09469664
saccade,26.9930,0.01973217,0.03781152,-0.03602628,-0.08196268,-0.1703885,-0.02039563,-0.9817504,0.3379014,-0.1539834,0.9284998,0.08816993,0.04512274,-0.03254973,-0.01580289,-0.08782256,-0.01766478,-0.9958541,0.1754752,-0.02837202,0.984075,0.14,1.811587,3.74,0,-0.6727939,0,0.73983,-0.9955062,0,0.09469664
saccade,27.0032,0.01970354,0.03777266,-0.03600629,-0.08190878,-0.1704189,-0.02044272,-0.9817487,0.3379659,-0.15386,0.9284967,0.08814064,0.04509223,-0.03253385,-0.01575306,-0.08784931,-0.0177181,-0.9958516,0.175528,-0.02826238,0.9840687,0.14,1.811587,3.74,0,-0.6727939,0,0.73983,-0.9955062,0,0.09469664
saccade,27.0145,0.01970356,0.0377667,-0.035987,-0.08381879,-0.1672061,-0.02038852,-0.982141,0.3318578,-0.1578256,0.930033,0.08814035,0.04508722,-0.03251091,-0.01584297,-0.08783116,-0.01773877,-0.9958514,0.1754956,-0.02843846,0.9840693,0.14,1.811587,3.74,0,-0.6727939,0,0.73983,-0.9955062,0,0.09469664
saccade,27.0258,0.0197013,0.03776348,-0.03597759,-0.08382171,-0.1672508,-0.02038602,-0.9821332,0.3319427,-0.157829,0.9300022,0.08813839,0.04508424,-0.0325077,-0.01584587,-0.08787642,-0.0177392,-0.9958474,0.1755852,-0.02844242,0.9840533,0.14,1.811587,3.74,0,-0.6727939,0,0.73983,-0.9955062,0,0.09469664
saccade,27.0368,0.01970674,0.03774989,-0.03596528,-0.08384924,-0.1673176,-0.02037267,-0.9821197,0.3320682,-0.1578826,0.9299483,0.0881445,0.04506874,-0.03250453,-0.01674804,-0.08475891,-0.01763785,-0.9961046,0.1694483,-0.03037566,0.9850709,0.14,1.811587,3.74,0,-0.6727939,0,0.73983,-0.9955062,0,0.09469664
saccade,27.0478,0.01972181,0.03773856,-0.03594512,-0.08506279,-0.1641576,-0.02031219,-0.9825498,0.3260416,-0.160488,0.9316332,0.0881589,0.04505908,-0.03247477,-0.01677288,-0.08469168,-0.01765444,-0.9961096,0.1693166,-0.03042489,0.985092,0.14,1.811587,3.74,0,-0.6727939,0,0.73983,-0.9955062,0,0.09469664
saccade,27.0591,0.01973291,0.03773689,-0.0359354,-0.08517531,-0.1642368,-0.02034757,-0.9825261,0.3262001,-0.1606903,0.9315429,0.08817023,0.04505992,-0.03247443,-0.01771159,-0.08182449,-0.0176021,-0.9963339,0.1636726,-0.03241274,0.9859821,0.14,1.811587,3.74,0,-0.6727939,0,0.73983,-0.9955062,0,0.09469664
saccade,27.0705,0.01975145,0.03773534,-0.0359179,-0.08519351,-0.1642068,-0.02026822,-0.9825311,0.32613,-0.1607542,0.9315564,0.08818983,0.04504681,-0.03245368,-0.01772305,-0.08179984,-0.01751962,-0.9963372,0.1636215,-0.03245005,0.9859893,0.14,1.811587,3.74,0,-0.6727939,0,0.73983,-0.9955062,0,0.09469664
saccade,27.0812,0.01976865,0.0377388,-0.0359054,-0.08697169,-0.1616302,-0.02014727,-0.9828051,0.3212065,-0.1644396,0.9326232,0.0882079,0.04504216,-0.03244136,-0.01774959,-0.08180206,-0.01746333,-0.9963375,0.1636249,-0.0325121,0.9859868,0.14,1.811587,3.74,0,-0.6727939,0,0.73983,-0.9955062,0,0.09469664
saccade,27.0923,0.0197847,0.0377506,-0.03589083,-0.08695137,-0.1616482,-0.02008033,-0.9828052,0.3212294,-0.1644206,0.9326186,0.08822499,0.04504585,-0.03243041,-0.01755632,-0.08028259,-0.01735234,-0.9964665,0.1606071,-0.03220238,0.986493,0.14,1.811587,3.74,0,-0.6727939,0,0.73983,-0.9955062,0,0.09469664
saccade,27.1030,0.01980733,0.03775585,-0.03588006,-0.08690839,-0.1616404,-0.02002636,-0.9828115,0.321205,-0.164355,0.9326386,0.08824828,0.0450449,-0.03241972,-0.01750885,-0.08027782,-0.01730157,-0.9964686,0.1605945,-0.03211617,0.9864978,0.14,1.811587,3.74,0,-0.6727939,0,0.73983,-0.9955062,0,0.09469664
saccade,27.1144,0.01982903,0.03774655,-0.03586344,-0.08726364,-0.1596026,-0.01993252,-0.9831148,0.3172942,-0.1652178,0.9338241,0.08827033,0.04503143,-0.03240102,-0.01747253,-0.08025867,-0.01726558,-0.9964714,0.1605543,-0.03205033,0.9865065,0.14,1.811587,3.74,0,-0.6727939,0,0.73983,-0.9955062,0,0.09469664
saccade,27.1254,0.01983817,0.03771722,-0.03587834,-0.08726671,-0.1596361,-0.01990411,-0.9831097,0.3173536,-0.1652307,0.9338017,0.0882801,0.04499853,-0.03242091,-0.01747345,-0.08029445,-0.0172395,-0.996469,0.1606243,-0.03205503,0.986495,0.14,1.811587,3.74,0,-0.6727939,0,0.73983,-0.9955062,0,0.09469664
saccade,27.1363,0.019855,0.0377084,-0.03586519,-0.08728115,-0.1597205,-0.0198934,-0.9830949,0.3175134,-0.1652566,0.9337428,0.08829759,0.04498899,-0.03241943,-0.01827915,-0.07944687,-0.01720981,-0.996523,0.1589704,-0.03369665,0.9867082,0.14,1.811587,3.74,0,-0.6727939,0,0.73983,-0.9955062,0,0.09469664
saccade,27.1477,0.01988287,0.03768623,-0.03584962,-0.0877162,-0.1579338,-0.01980175,-0.9833467,0.3140812,-0.1662561,0.9347256,0.08832631,0.04496217,-0.03241048,-0.0182721,-0.07949343,-0.01717284,-0.99652,0.1590611,-0.03368677,0.9866939,0.14,1.811587,3.74,0,-0.6727939,0,0.73983,-0.9955062,0,0.09469664
saccade,27.1589,0.01990823,0.03767884,-0.03586141,-0.08773822,-0.1579759,-0.01986798,-0.9833366,0.3141733,-0.1662751,0.9346913,0.08835097,0.04496336,-0.03242695,-0.01829959,-0.07953155,-0.01724003,-0.9965153,0.1591398,-0.03372938,0.9866797,0.14,1.811587,3.74,0,-0.6727939,0,0.73983,-0.9955062,0,0.09469664
saccade,27.1695,0.01992707,0.03766203,-0.03585357,-0.08781754,-0.1580465,-0.01989067,-0.9833177,0.3143134,-0.1664178,0.9346188,0.08837006,0.04494834,-0.03242777,-0.01941038,-0.0785878,-0.017236,-0.9965692,0.1573055,-0.03597848,0.9868944,0.14,1.811587,3.74,0,-0.6727939,0,0.73983,-0.9955062,0,0.09469664
saccade,27.1805,0.01994096,0.03764868,-0.03583938,-0.08849496,-0.1560344,-0.0198633,-0.9835789,0.3104598,-0.1678848,0.9356439,0.08838353,0.04493737,-0.03241032,-0.01944972,-0.0785681,-0.01725965,-0.9965696,0.1572685,-0.03605388,0.9868975,0.14,1.811587,3.74,0,-0.6727939,0,0.73983,-0.9955062,0,0.09469664
saccade,27.1932,0.01994482,0.03761947,-0.03583074,-0.08856097,-0.1560713,-0.01984826,-0.9835674,0.3105288,-0.1680159,0.9355974,0.08838798,0.04490471,-0.03240634,-0.01951476,-0.07860722,-0.01724228,-0.9965655,0.1573474,-0.03618474,0.9868802,0.14,1.811587,3.74,0,-0.6727939,0,0.73983,-0.9955062,0,0.09469664
saccade,27.2034,0.01993581,0.03756559,-0.03588064,-0.08859172,-0.156013,-0.01985166,-0.9835738,0.310418,-0.1680788,0.9356229,0.08837867,0.04484975,-0.03244784,-0.01914818,-0.07781365,-0.01721488,-0.9966354,0.1557629,-0.03548841,0.9871567,0.14,1.811587,3.74,0,-0.6727939,0,0.73983,-0.9955062,0,0.09469664
saccade,27.2140,0.01993256,0.03753221,-0.03588472,-0.08934554,-0.1539937,-0.01986042,-0.9838236,0.3065542,-0.1696837,0.9366066,0.08837459,0.04482162,-0.03244627,-0.01926416,-0.07778398,-0.0172686,-0.9966345,0.1557097,-0.03571221,0.9871571,0.14,1.811587,3.74,0,-0.6727939,0,0.73983,-0.9955062,0,0.09469664
saccade,27.2258,0.01993037,0.03751183,-0.03588483,-0.08937199,-0.1539497,-0.01990478,-0.9838272,0.3064776,-0.1697245,0.9366243,0.08837155,0.04480588,-0.03243941,-0.01929387,-0.07773694,-0.01730756,-0.9966369,0.1556189,-0.03576708,0.9871694,0.14,1.811587,3.74,0,-0.6727939,0,0.73983,-0.9955062,0,0.09469664
saccade,27.2366,0.01995361,0.03750348,-0.03592137,-0.08948853,-0.1538682,-0.01992074,-0.9838291,0.3063253,-0.1699525,0.9366328,0.08839438,0.04479539,-0.03246333,-0.01974007,-0.07663843,-0.01727935,-0.9967138,0.1534553,-0.03670187,0.9874738,0.14,1.811587,3.74,0,-0.6727939,0,0.73983,-0.9955062,0,0.09469664
saccade,27.2474,0.01994544,0.03751349,-0.03594594,-0.08943792,-0.1520399,-0.0198907,-0.9841185,0.3028085,-0.1699867,0.9377695,0.08838543,0.04481137,-0.03248514,-0.01962094,-0.07660883,-0.01730905,-0.9967179,0.153394,-0.03646103,0.9874922,0.14,1.811587,3.74,0,-0.6727939,0,0.73983,-0.9955062,0,0.09469664
saccade,27.2589,0.01993503,0.03751612,-0.03596516,-0.0894215,-0.1519276,-0.01991115,-0.9841369,0.3025961,-0.1699559,0.9378436,0.08837404,0.04481578,-0.03248874,-0.01960558,-0.07649422,-0.01732255,-0.9967268,0.1531669,-0.03643267,0.9875285,0.14,1.811587,3.74,0,-0.6727939,0,0.73983,-0.9955062,0,0.09469664
saccade,27.2702,0.0199227,0.03752565,-0.03598274,-0.08940247,-0.1518724,-0.01992705,-0.9841468,0.3024924,-0.1699176,0.937884,0.08836111,0.04482734,-0.03249867,-0.0196099,-0.07612027,-0.01732626,-0.9967552,0.1524261,-0.03645478,0.9876423,0.14,1.811587,3.74,0,-0.6727939,0,0.73983,-0.9955062,0,0.09469664
saccade,27.2807,0.01991559,0.0375334,-0.03606207,-0.08937658,-0.1518429,-0.01998227,-0.9841526,0.3024451,-0.169852,0.9379111,0.08835295,0.04484272,-0.03257341,-0.0195881,-0.07608646,-0.01738101,-0.9967573,0.1523604,-0.03640424,0.9876543,0.14,1.811587,3.74,0,-0.6727939,0,0.73983,-0.9955062,0,0.09469664
saccade,27.2918,0.01991213,0.03755033,-0.03608882,-0.08924917,-0.1499694,-0.01992144,-0.9844526,0.2988315,-0.1697479,0.9390875,0.08834897,0.04485941,-0.03258955,-0.01977993,-0.07585646,-0.01736908,-0.9967713,0.1519102,-0.03679702,0.9877091,0.14,1.811587,3.74,0,-0.6727939,0,0.73983,-0.9955062,0,0.09469664
saccade,27.3032,0.01990238,0.03756762,-0.03612262,-0.0891987,-0.1499753,-0.01991598,-0.9844564,0.2988412,-0.1696507,0.9391021,0.08833921,0.04487753,-0.03262474,-0.01972901,-0.07586205,-0.01736774,-0.9967719,0.1519196,-0.03669555,0.9877114,0.14,1.811587,3.74,0,-0.6727939,0,0.73983,-0.9955062,0,0.09469664
saccade,27.3141,0.01989669,0.03759837,-0.0361613,-0.08894817,-0.1477615,-0.01983112,-0.9848155,0.2945636,-0.1693345,0.9405095,0.08833358,0.04490554,-0.03265858,-0.01970956,-0.07582454,-0.01734607,-0.9967755,0.1518438,-0.0366615,0.9877244,0.14,1.811587,3.74,0,-0.6727939,0,0.73983,-0.9955062,0,0.09469664
saccade,27.3258,0.01989619,0.03763616,-0.03618588,-0.08875921,-0.1477673,-0.01983848,-0.9848315,0.2945735,-0.1689628,0.9405733,0.08833255,0.04494941,-0.03268573,-0.01934294,-0.07604902,-0.01737289,-0.9967651,0.1522781,-0.03591835,0.9876848,0.14,1.811587,3.74,0,-0.6727939,0,0.73983,-0.9955062,0,0.09469664
saccade,27.3400,0.01990455,0.03766012,-0.03621063,-0.08862664,-0.1477736,-0.01983775,-0.9848425,0.2945837,-0.1687036,0.9406166,0.08834064,0.04497695,-0.03271269,-0.01921018,-0.07605366,-0.01738198,-0.9967672,0.1522834,-0.03565223,0.9876936,0.14,1.811587,3.74,0,-0.6727939,0,0.73983,-0.9955062,0,0.09469664
saccade,27.3510,0.01992616,0.03768039,-0.03622548,-0.08801875,-0.1461612,-0.01979122,-0.9851385,0.2914621,-0.1676359,0.9417792,0.08836207,0.04499984,-0.03272948,-0.01912897,-0.07606101,-0.01739083,-0.996768,0.1522957,-0.03548877,0.9876976,0.14,1.811587,3.74,0,-0.6727939,0,0.73983,-0.9955062,0,0.09469664
saccade,27.3622,0.01996276,0.03770769,-0.03621239,-0.08793166,-0.1462088,-0.01975152,-0.98514,0.2915459,-0.1674743,0.941782,0.08839932,0.04502475,-0.03272439,-0.01910258,-0.07640609,-0.01736985,-0.9967425,0.152978,-0.03542638,0.9875944,0.14,1.811587,3.74,0,-0.6727939,0,0.73983,-0.9955062,0,0.09469664
saccade,27.3735,0.01998829,0.03773618,-0.03622013,-0.08788885,-0.146306,-0.0197964,-0.9851285,0.2917402,-0.167371,0.9417402,0.08842463,0.04506159,-0.03274533,-0.01906326,-0.07650016,-0.01742435,-0.996735,0.1531651,-0.0353361,0.9875686,0.14,1.811587,3.74,0,-0.6727939,0,0.73983,-0.9955062,0,0.09469664
saccade,27.3848,0.02002652,0.03775001,-0.03621702,-0.08736701,-0.1448084,-0.01968594,-0.9853984,0.2888278,-0.1664813,0.942795,0.08846408,0.04506898,-0.03275275,-0.01900924,-0.07657054,-0.01736909,-0.9967316,0.1533009,-0.03523431,0.9875512,0.14,1.811587,3.74,0,-0.6727939,0,0.73983,-0.9955062,0,0.09469664
saccade,27.3959,0.02001838,0.03778982,-0.03611487,-0.08745869,-0.1448984,-0.01965768,-0.9853777,0.2889977,-0.166663,0.9427109,0.08845708,0.04510367,-0.03266247,-0.01909944,-0.07666402,-0.01734114,-0.9967232,0.153488,-0.03541483,0.9875157,0.14,1.811587,3.74,0,-0.6727939,0,0.73983,-0.9955062,0,0.09469664
saccade,27.4069,0.02003912,0.03777552,-0.03609808,-0.08745667,-0.144957,-0.01958503,-0.9853706,0.2890984,-0.1666765,0.9426776,0.08847924,0.04508054,-0.03265477,-0.01883935,-0.077295,-0.01728867,-0.9966803,0.1547282,-0.03488096,0.9873411,0.14,1.811587,3.74,0,-0.6727939,0,0.73983,-0.9955062,0,0.09469664
saccade,27.4176,0.02006223,0.03777826,-0.036092,-0.08694391,-0.1438246,-0.01948535,-0.9855838,0.2868907,-0.1657761,0.9435105,0.08850369,0.04507256,-0.03265265,-0.01893017,-0.07733004,-0.01722102,-0.9966771,0.1547982,-0.03507112,0.9873234,0.14,1.811587,3.74,0,-0.6727939,0,0.73983,-0.9955062,0,0.09469664
saccade,27.4299,0.02007996,0.03777134,-0.03608029,-0.08698836,-0.1438135,-0.01945459,-0.9855822,0.2868646,-0.1658727,0.9435014,0.08852191,0.04506028,-0.03263938,-0.01897257,-0.07732143,-0.01718671,-0.9966776,0.1547812,-0.03516127,0.9873229,0.14,1.811587,3.74,0,-0.6727939,0,0.73983,-0.9955062,0,0.09469664
saccade,27.4401,0.0200683,0.03774297,-0.03606288,-0.08704613,-0.1437894,-0.01942934,-0.9855811,0.2868148,-0.1659946,0.9434952,0.08851063,0.04502666,-0.03261841,-0.01876177,-0.07741655,-0.01715823,-0.9966746,0.1549621,-0.0347421,0.9873093,0.14,1.811587,3.74,0,-0.6727939,0,0.73983,-0.9955062,0,0.09469664
saccade,27.4507,0.02009384,0.03772748,-0.03604398,-0.08728237,-0.1423587,-0.01938596,-0.9857687,0.2840496,-0.1665609,0.9442316,0.0885364,0.04500723,-0.03259576,-0.01888875,-0.0774,-0.01714596,-0.9966737,0.1549328,-0.03499764,0.9873049,0.14,1.811587,3.74,0,-0.6727939,0,0.73983,-0.9955062,0,0.09469664
saccade,27.4620,0.02009883,0.0376997,-0.03603149,-0.08733097,-0.142374,-0.01939418,-0.9857621,0.2840812,-0.1666527,0.9442059,0.08854146,0.04497945,-0.03258477,-0.01893803,-0.07741539,-0.01715212,-0.9966715,0.1549651,-0.03509432,0.9872964,0.14,1.811587,3.74,0,-0.6727939,0,0.73983,-0.9955062,0,0.09469664
saccade,27.4734,0.02009536,0.03766847,-0.03601944,-0.08743778,-0.1424172,-0.01944842,-0.9857453,0.2841752,-0.1668432,0.944144,0.08853766,0.04495335,-0.03257687,-0.01851183,-0.07805818,-0.01721781,-0.9966282,0.1562274,-0.03421085,0.9871285,0.14,1.811587,3.74,0,-0.6727939,0,0.73983,-0.9955062,0,0.09469664
saccade,27.4840,0.02008635,0.03763807,-0.03599684,-0.08755948,-0.1413086,-0.01949922,-0.985893,0.2820451,-0.1671377,0.9447304,0.0885274,0.04493272,-0.03255033,-0.01855174,-0.07803507,-0.01729643,-0.9966279,0.1561856,-0.03427891,0.9871327,0.14,1.811587,3.74,0,-0.6727939,0,0.73983,-0.9955062,0,0.09469664
saccade,27.4955,0.02009422,0.03762138,-0.0359848,-0.08757981,-0.1413352,-0.01956055,-0.9858862,0.282107,-0.1671583,0.9447083,0.08853455,0.04492414,-0.03254091,-0.01857613,-0.07805777,-0.01735812,-0.9966246,0.1562335,-0.03431699,0.9871238,0.14,1.811587,3.74,0,-0.6727939,0,0.73983,-0.9955062,0,0.09469664
saccade,27.5066,0.02009274,0.03760982,-0.03597099,-0.08754859,-0.1413596,-0.01956976,-0.9858853,0.2821553,-0.167093,0.9447054,0.088533,0.04491484,-0.03253065,-0.01773757,-0.07896496,-0.01739363,-0.9965678,0.1580049,-0.0326064,0.9868999,0.14,1.811587,3.74,0,-0.6727939,0,0.73983,-0.9955062,0,0.09469664
saccade,27.5179,0.02007104,0.03761864,-0.03592685,-0.08752979,-0.1405026,-0.0196172,-0.9860085,0.2805077,-0.1670977,0.9451951,0.08851016,0.04493165,-0.03248055,-0.01779352,-0.07892808,-0.01745979,-0.9965686,0.1579358,-0.03270878,0.9869075,0.14,1.811587,3.74,0,-0.6727939,0,0.73983,-0.9955062,0,0.09469664
saccade,27.5292,0.02006434,0.03761339,-0.035912,-0.08746821,-0.1404197,-0.01964027,-0.9860253,0.2803505,-0.166976,0.9452633,0.0885025,0.0449301,-0.03245458,-0.01773299,-0.07884247,-0.01748056,-0.9965761,0.157765,-0.03258812,0.9869388,0.14,1.811587,3.74,0,-0.6727939,0,0.73983,-0.9955062,0,0.09469664
saccade,27.5401,0.02005657,0.03761125,-0.03590774,-0.0874521,-0.1403702,-0.01964337,-0.9860337,0.2802553,-0.1669468,0.9452966,0.08849437,0.04492819,-0.03244363,-0.0168117,-0.0789628,-0.01748148,-0.9965825,0.1579737,-0.03074772,0.9869645,0.14,1.811587,3.74,0,-0.6727939,0,0.73983,-0.9955062,0,0.09469664
saccade,27.5511,0.02002145,0.0376054,-0.03596427,-0.08732005,-0.1373397,-0.01954594,-0.986474,0.2743776,-0.1669091,0.947026,0.08845831,0.04491961,-0.03247628,-0.01675609,-0.07878378,-0.01745827,-0.9965981,0.1576166,-0.03064733,0.9870247,0.14,1.811587,3.74,0,-0.6727939,0,0.73983,-0.9955062,0,0.09469664
saccade,27.5619,0.02001545,0.03758109,-0.03598849,-0.08733682,-0.1371791,-0.01964084,-0.986493,0.2740831,-0.1669257,0.9471084,0.08845001,0.04490566,-0.03247692,-0.01677804,-0.0786161,-0.01754019,-0.9966094,0.1572877,-0.03068443,0.987076,0.14,1.811587,3.74,0,-0.6727939,0,0.73983,-0.9955062,0,0.09469664
saccade,27.5730,0.02002061,0.03755319,-0.03599676,-0.08742185,-0.1370937,-0.01968295,-0.9864965,0.2739264,-0.1670859,0.9471255,0.08845423,0.04488015,-0.03247199,-0.01496315,-0.0774705,-0.01752817,-0.9967282,0.1549586,-0.02711255,0.9875488,0.14,1.811587,3.74,0,-0.6727939,0,0.73983,-0.9955062,0,0.09469664
saccade,27.5843,0.020036,0.03755927,-0.0359979,-0.08504889,-0.1153957,-0.01889923,-0.9894915,0.2315808,-0.1639485,0.958901,0.08847159,0.04486644,-0.03247022,-0.01503577,-0.0774527,-0.01739224,-0.9967309,0.154922,-0.02727909,0.98755,0.14,1.811587,3.74,0,-0.6727939,0,0.73983,-0.9955062,0,0.09469664
saccade,27.5961,0.02003316,0.0375663,-0.03598741,-0.08504105,-0.1154807,-0.01869256,-0.9894862,0.2317123,-0.1639766,0.9588645,0.08847233,0.04484677,-0.03247419,-0.01436587,-0.06173377,-0.01670641,-0.9978495,0.123682,-0.02660725,0.9919651,0.14,1.811587,3.74,0,-0.6727939,0,0.73983,-0.9955062,0,0.09469664
saccade,27.6065,0.02004473,0.03757393,-0.03597401,-0.08509675,-0.1155587,-0.01848147,-0.9894763,0.2318307,-0.164131,0.9588094,0.08848761,0.04482579,-0.03247368,-0.01441044,-0.06182745,-0.01649884,-0.9978464,0.1238641,-0.02671864,0.9919394,0.14,1.811587,3.74,0,-0.6727939,0,0.73983,-0.9955062,0,0.09469664
saccade,27.6175,0.02008928,0.03759944,-0.03596038,-0.08799879,-0.06264448,-0.01668118,-0.9940089,0.1274742,-0.1728532,0.9766638,0.0885362,0.0448246,-0.03248408,-0.01443583,-0.0620008,-0.01630354,-0.9978386,0.1242043,-0.02678759,0.991895,0.14,1.811587,3.74,0,-0.6727939,0,0.73983,-0.9955062,0,0.09469664
saccade,27.6287,0.020138,0.03760874,-0.03595303,-0.08799788,-0.06273056,-0.01669042,-0.9940034,0.1276462,-0.1728464,0.9766425,0.08858526,0.04483628,-0.0324884,-0.01443488,-0.06208596,-0.01631911,-0.997833,0.124374,-0.02678083,0.9918739,0.14,1.811587,3.74,0,-0.6727939,0,0.73983,-0.9955062,0,0.09469664
saccade,27.6398,0.02017896,0.0376054,-0.03596254,-0.08798745,-0.06284024,-0.01681536,-0.9939952,0.1278849,-0.1728049,0.9766186,0.08862495,0.04485142,-0.03251143,-0.02103287,-0.007717501,-0.01479398,-0.9996396,0.01605176,-0.04182224,0.9989961,0.14,1.811587,3.74,0,-0.6727939,0,0.73983,-0.9955062,0,0.09469664
saccade,27.6508,0.02020792,0.03761113,-0.03597903,-0.0880114,-0.06290004,-0.01693505,-0.9939873,0.1280246,-0.172834,0.9765952,0.08865248,0.04487371,-0.03253429,-0.02106367,-0.007769419,-0.01491599,-0.9996367,0.01616156,-0.04188026,0.9989919,0.14,1.811587,3.74,0,-0.6727939,0,0.73983,-0.9955062,0,0.09469664
saccade,27.6621,0.02023398,0.03761363,-0.03599514,-0.09900735,0.02058375,-0.01444898,-0.9947689,-0.03809103,-0.1975737,0.9795477,0.08867717,0.04488695,-0.03254597,-0.0210662,-0.007739051,-0.01499548,-0.9996357,0.01610426,-0.04188496,0.9989926,0.14,1.811587,3.74,0,-0.6727939,0,0.73983,-0.9955062,0,0.09469664
saccade,27.6735,0.02024482,0.03762805,-0.03602593,-0.0990648,0.02050183,-0.01444065,-0.994765,-0.03792788,-0.1976845,0.9795317,0.08868857,0.04490113,-0.03258731,-0.02738077,0.06288231,-0.01275907,-0.9975637,-0.1247595,-0.05623276,0.9905922,0.14,1.811587,3.74,0,-0.6727939,0,0.73983,-0.9955062,0,0.09469664
saccade,27.6844,0.02023127,0.03767323,-0.03604107,-0.1002438,0.1023822,-0.01167565,-0.9896125,-0.2002965,-0.2007958,0.9589381,0.0886767,0.04493153,-0.03260435,-0.0272863,0.06287968,-0.01265169,-0.9975678,-0.1247631,-0.05603095,0.9906032,0.14,1.811587,3.74,0,-0.6727939,0,0.73983,-0.9955062,0,0.09469664
saccade,27.6957,0.02022116,0.03773069,-0.03606275,-0.1000538,0.1024738,-0.01156529,-0.9896235,-0.2005066,-0.2004014,0.9589767,0.08866803,0.04497123,-0.03261756,-0.02710025,0.06296169,-0.01252736,-0.9975693,-0.1249383,-0.05564624,0.9906028,0.14,1.811587,3.74,0,-0.6727939,0,0.73983,-0.9955062,0,0.09469664
saccade,27.7066,0.02019756,0.03779948,-0.03610408,-0.1000432,0.102497,-0.01150508,-0.9896228,-0.2005647,-0.2003686,0.9589714,0.08864522,0.04503143,-0.03265659,-0.04149335,0.1324496,-0.01025738,-0.9902678,-0.2614699,-0.08489623,0.9614708,0.14,1.811587,3.74,0,-0.6727939,0,0.73983,-0.9955062,0,0.09469664
saccade,27.7179,0.02015316,0.03783846,-0.03609253,-0.09981076,0.1026063,-0.0116127,-0.9896337,-0.2007673,-0.1999353,0.9590195,0.08859895,0.04508185,-0.03263203,-0.04126304,0.1325635,-0.0103652,-0.990261,-0.2616896,-0.08447046,0.9614486,0.14,1.811587,3.74,0,-0.6727939,0,0.73983,-0.9955062,0,0.09469664
saccade,27.7288,0.02012935,0.03786397,-0.03612802,-0.1011497,0.1692583,-0.009479315,-0.9803216,-0.3299375,-0.2015274,0.9222407,0.08857381,0.04511285,-0.03265241,-0.04114972,0.1326826,-0.01041937,-0.9902492,-0.2619202,-0.0842619,0.961404,0.14,1.811587,3.74,0,-0.6727939,0,0.73983,-0.9955062,0,0.09469664
saccade,27.7397,0.02010626,0.03786826,-0.03616899,-0.1010999,0.1694029,-0.009630895,-0.9803004,-0.330184,-0.2014795,0.922163,0.08854777,0.0451349,-0.03267235,-0.04623428,0.1915065,-0.008629371,-0.9803638,-0.3746941,-0.09395798,0.9223753,0.14,1.811587,3.74,0,-0.6727939,0,0.73983,-0.9955062,0,0.09469664
saccade,27.7510,0.02009436,0.03787506,-0.03619943,-0.1003358,0.2140664,-0.008132073,-0.9716184,-0.4143497,-0.1984577,0.8882167,0.08853485,0.04514325,-0.03268638,-0.04630398,0.1916167,-0.008636602,-0.9803389,-0.3748989,-0.09409703,0.9222779,0.14,1.811587,3.74,0,-0.6727939,0,0.73983,-0.9955062,0,0.09469664
saccade,27.7623,0.02006495,0.03781211,-0.03621304,-0.1003121,0.2140907,-0.008246379,-0.9716145,-0.4143729,-0.1984602,0.8882053,0.08850367,0.04509485,-0.03269572,-0.04627753,0.191647,-0.008748803,-0.9803333,-0.3749461,-0.09408817,0.9222596,0.14,1.811587,3.74,0,-0.6727939,0,0.73983,-0.9955062,0,0.09469664
saccade,27.7731,0.02006415,0.03779042,-0.03623075,-0.1003878,0.2140951,-0.008277071,-0.9716054,-0.4143701,-0.1986188,0.8881711,0.08850215,0.04507899,-0.03271125,-0.05323994,0.2328077,-0.007407052,-0.9710362,-0.4513406,-0.1068446,0.8859322,0.14,1.811587,3.74,0,-0.6727939,0,0.73983,-0.9955062,0,0.09469664
saccade,27.7842,0.02006432,0.03777623,-0.03624213,-0.1065016,0.23274,-0.007665941,-0.9666596,-0.4483279,-0.2094699,0.868979,0.08850187,0.04506838,-0.03272158,-0.05335724,0.2328026,-0.007412523,-0.971031,-0.451326,-0.1070744,0.8859119,0.14,1.811587,3.74,0,-0.6727939,0,0.73983,-0.9955062,0,0.09469664
saccade,27.7953,0.02006474,0.03774488,-0.03623614,-0.1065675,0.2327055,-0.007641761,-0.9666608,-0.4482659,-0.2095859,0.868983,0.08850261,0.04503608,-0.0327196,-0.05342348,0.2327677,-0.007390269,-0.9710358,-0.4512618,-0.1071927,0.8859303,0.14,1.811587,3.74,0,-0.6727939,0,0.73983,-0.9955062,0,0.09469664
saccade,27.8069,0.02007561,0.03772974,-0.03623604,-0.1066459,0.2326195,-0.007616673,-0.9666731,-0.4481095,-0.209727,0.8690296,0.08851407,0.0450207,-0.03273056,-0.05350215,0.2326814,-0.007369933,-0.9710523,-0.451103,-0.1073365,0.8859938,0.14,1.811587,3.74,0,-0.6727939,0,0.73983,-0.9955062,0,0.09469664
saccade,27.8176,0.02009987,0.03773737,-0.03624001,-0.1104056,0.2293582,-0.007680355,-0.9670297,-0.4418964,-0.2170542,0.8704109,0.08853912,0.04502213,-0.03273722,-0.05572356,0.2625683,-0.006265043,-0.9632827,-0.5051568,-0.1106451,0.8559055,0.14,1.811587,3.74,0,-0.6727939,0,0.73983,-0.9955062,0,0.09469664
saccade,27.8286,0.02011776,0.03776026,-0.03625035,-0.1104672,0.2293145,-0.007558193,-0.967034,-0.44184,-0.2171174,0.8704237,0.08855885,0.04503083,-0.03275412,-0.0557814,0.2625193,-0.0061435,-0.9632935,-0.5050809,-0.1106933,0.8559441,0.14,1.811587,3.74,0,-0.6727939,0,0.73983,-0.9955062,0,0.09469664
saccade,27.8400,0.02010493,0.03774536,-0.03621703,-0.110444,0.2293553,-0.007497427,-0.9670275,-0.4419297,-0.2170439,0.8703966,0.08854678,0.04500663,-0.0327162,-0.0552589,0.2696247,-0.005827883,-0.9613611,-0.5177692,-0.1093902,0.848498,0.14,1.811587,3.74,0,-0.6727939,0,0.73983,-0.9955062,0,0.09469664
saccade,27.8513,0.02012232,0.03773129,-0.03622278,-0.1091867,0.2285106,-0.007528577,-0.9673699,-0.4404644,-0.2146886,0.8717224,0.08856405,0.04499328,-0.03272108,-0.05525868,0.2696306,-0.005834201,-0.9613594,-0.5177791,-0.1093931,0.8484916,0.14,1.811587,3.74,0,-0.6727939,0,0.73983,-0.9955062,0,0.09469664
saccade,27.8620,0.02014694,0.03771365,-0.03621079,-0.1091074,0.2285621,-0.007557443,-0.9673665,-0.4405575,-0.2145485,0.8717098,0.08858822,0.04497683,-0.03270284,-0.0551802,0.2696822,-0.005863498,-0.9613492,-0.5178705,-0.1092575,0.8484533,0.14,1.811587,3.74,0,-0.6727939,0,0.73983,-0.9955062,0,0.09469664
saccade,27.8735,0.02017669,0.03773475,-0.03617973,-0.1090868,0.2285227,-0.007573192,-0.967378,-0.4404833,-0.2145176,0.8717549,0.08861804,0.0450002,-0.03267748,-0.0559625,0.2650453,-0.006049194,-0.9625916,-0.5095837,-0.1109447,0.8532384,0.14,1.811587,3.74,0,-0.6727939,0,0.73983,-0.9955062,0,0.09469664
saccade,27.8845,0.02020395,0.0377413,-0.03614786,-0.1111701,0.2268192,-0.007523707,-0.9675421,-0.4372415,-0.2185365,0.8723885,0.08864718,0.04499114,-0.03265034,-0.05594902,0.2650167,-0.005934468,-0.962601,-0.5095466,-0.1108586,0.8532717,0.14,1.811587,3.74,0,-0.6727939,0,0.73983,-0.9955062,0,0.09469664
saccade,27.8953,0.02023123,0.03772843,-0.03613298,-0.1111458,0.2267658,-0.007420834,-0.9675582,-0.4371687,-0.2184456,0.8724477,0.08867636,0.04496467,-0.03264461,-0.0559208,0.2649581,-0.005835854,-0.9626194,-0.5094549,-0.1107534,0.8533401,0.14,1.811587,3.74,0,-0.6727939,0,0.73983,-0.9955062,0,0.09469664
saccade,27.9062,0.02026212,0.03770602,-0.03612589,-0.111293,0.2267008,-0.007362572,-0.967557,-0.4370531,-0.2187028,0.8724412,0.08870798,0.04493904,-0.03264488,-0.05621506,0.2638063,-0.005814869,-0.9629186,-0.5073943,-0.111329,0.8544922,0.14,1.811587,3.74,0,-0.6727939,0,0.73983,-0.9955062,0,0.09469664
saccade,27.9178,0.02026593,0.03767669,-0.03607996,-0.1114199,0.2266152,-0.007327835,-0.9675627,-0.4368959,-0.2189327,0.8724623,0.08871233,0.04490948,-0.03260925,-0.05634145,0.2637211,-0.005780206,-0.9629348,-0.5072411,-0.111555,0.8545536,0.14,1.811587,3.74,0,-0.6727939,0,0.73983,-0.9955062,0,0.09469664
saccade,27.9289,0.02027877,0.03765595,-0.03604102,-0.1112496,0.2263519,-0.007326068,-0.9676439,-0.4364261,-0.2186165,0.8727766,0.08872497,0.04489148,-0.032572,-0.05648497,0.2636941,-0.005767519,-0.9629338,-0.5071885,-0.1118243,0.8545497,0.14,1.811587,3.74,0,-0.6727939,0,0.73983,-0.9955062,0,0.09469664
saccade,27.9463,0.02030384,0.03764534,-0.03602793,-0.1112466,0.2263124,-0.007314746,-0.9676536,-0.4363566,-0.2186073,0.8728137,0.08875044,0.04487991,-0.03256464,-0.05538833,0.2633542,-0.005764224,-0.9630906,-0.5066294,-0.109724,0.8551534,0.14,1.811587,3.74,0,-0.6727939,0,0.73983,-0.9955062,0,0.09469664
saccade,27.9606,0.02031693,0.03764975,-0.03602435,-0.1103572,0.2264408,-0.007284402,-0.9677256,-0.4366573,-0.21689,0.8730917,0.08876394,0.04488277,-0.03256624,-0.05541596,0.2633154,-0.005744426,-0.9630998,-0.5065613,-0.1097674,0.8551881,0.14,1.811587,3.74,0,-0.6727939,0,0.73983,-0.9955062,0,0.09469664
saccade,27.9660,0.02028311,0.03767788,-0.03599423,-0.110269,0.2265157,-0.007226793,-0.9677186,-0.4368131,-0.2166927,0.8730628,0.08873087,0.04489982,-0.03252779,-0.05477196,0.2633125,-0.005686072,-0.9631377,-0.5065896,-0.1085003,0.8553331,0.14,1.811587,3.74,0,-0.6727939,0,0.73983,-0.9955062,0,0.09469664
saccade,27.9730,0.02028311,0.03767788,-0.03599423,-0.110269,0.2265157,-0.007226793,-0.9677186,-0.4368131,-0.2166927,0.8730628,0.08873087,0.04489982,-0.03252779,-0.05477196,0.2633125,-0.005686072,-0.9631377,-0.5065896,-0.1085003,0.8553331,0.14,1.811587,3.74,0,-0.6727939,0,0.73983,-0.9955062,0,0.09469664
saccade,27.9842,0.02028358,0.03770161,-0.03600337,-0.1102249,0.2265167,-0.007258561,-0.9677231,-0.4368107,-0.2166227,0.8730814,0.08873101,0.04492676,-0.03253714,-0.05472885,0.2633148,-0.005719389,-0.9631394,-0.5065917,-0.108435,0.8553401,0.14,1.811587,3.74,0,-0.6727939,0,0.73983,-0.9955062,0,0.09469664
saccade,27.9953,0.02028712,0.0377326,-0.03601221,-0.1081268,0.2278873,-0.007138383,-0.9676389,-0.4394816,-0.2125089,0.872752,0.08873488,0.04494727,-0.0325304,-0.0547379,0.2634256,-0.005644827,-0.963109,-0.5067971,-0.1084111,0.8552215,0.14,1.811587,3.74,0,-0.6727939,0,0.73983,-0.9955062,0,0.09469664
saccade,28.0067,0.0202911,0.0377208,-0.03603472,-0.1080474,0.2278292,-0.007187328,-0.9676611,-0.4393697,-0.2123815,0.8728393,0.08873872,0.04494083,-0.03256181,-0.05565712,0.2630717,-0.00571514,-0.9631526,-0.5061201,-0.1102196,0.8553911,0.14,1.811587,3.74,0,-0.6727939,0,0.73983,-0.9955062,0,0.09469664
saccade,28.0178,0.02030578,0.0377326,-0.03604359,-0.1079954,0.227798,-0.007162308,-0.9676744,-0.4393216,-0.2122719,0.8728901,0.08875413,0.04494858,-0.03257621,-0.05560413,0.263039,-0.005693758,-0.9631647,-0.5060666,-0.1101073,0.8554373,0.14,1.811587,3.74,0,-0.6727939,0,0.73983,-0.9955062,0,0.09469664
saccade,28.0293,0.02032698,0.03775871,-0.03604954,-0.1077773,0.2295302,-0.007166223,-0.9672893,-0.4424995,-0.2117933,0.8713999,0.08877434,0.04498327,-0.03258067,-0.05560639,0.2630475,-0.005758533,-0.9631619,-0.5060742,-0.1101454,0.8554279,0.14,1.811587,3.74,0,-0.6727939,0,0.73983,-0.9955062,0,0.09469664
saccade,28.0406,0.02033607,0.03777266,-0.03604075,-0.1077243,0.2294931,-0.007126336,-0.9673043,-0.4424441,-0.2116752,0.8714567,0.0887844,0.04499114,-0.03257843,-0.05507288,0.2626001,-0.005734793,-0.9633148,-0.5053014,-0.1091169,0.8560163,0.14,1.811587,3.74,0,-0.6727939,0,0.73983,-0.9955062,0,0.09469664
saccade,28.0514,0.02035485,0.03779006,-0.036042,-0.1076748,0.2294352,-0.00712805,-0.9673236,-0.4423411,-0.2115835,0.8715313,0.08880365,0.04500842,-0.03258862,-0.05502336,0.2625422,-0.005741359,-0.9633334,-0.5051995,-0.1090264,0.856088,0.14,1.811587,3.74,0,-0.6727939,0,0.73983,-0.9955062,0,0.09469664
saccade,28.0621,0.02037359,0.03780258,-0.03603947,-0.1068987,0.2308298,-0.00701277,-0.9670787,-0.4449619,-0.2099964,0.8705805,0.08882362,0.04501307,-0.0325937,-0.05500923,0.2624918,-0.005682443,-0.9633483,-0.5051168,-0.1089693,0.8561441,0.14,1.811587,3.74,0,-0.6727939,0,0.73983,-0.9955062,0,0.09469664
saccade,28.0731,0.02038321,0.03781569,-0.03601751,-0.1068683,0.2307861,-0.006997891,-0.9670926,-0.4448874,-0.2099331,0.8706338,0.08883379,0.04502404,-0.03257856,-0.05494652,0.2622635,-0.005677292,-0.963414,-0.5047128,-0.1088504,0.8563974,0.14,1.811587,3.74,0,-0.6727939,0,0.73983,-0.9955062,0,0.09469664
saccade,28.0843,0.02039256,0.03783011,-0.03598496,-0.1067687,0.2307163,-0.00702556,-0.96712,-0.4447605,-0.209758,0.8707409,0.08884346,0.04504061,-0.03255714,-0.05484751,0.2621947,-0.005711908,-0.9634382,-0.5045902,-0.1086796,0.8564914,0.14,1.811587,3.74,0,-0.6727939,0,0.73983,-0.9955062,0,0.09469664
saccade,28.0955,0.02040088,0.0378288,-0.03598095,-0.1078602,0.2318866,-0.006882038,-0.9667199,-0.4468543,-0.2117328,0.8691896,0.08885296,0.04502833,-0.03255294,-0.05496489,0.2621865,-0.005602292,-0.9634343,-0.5045831,-0.1088478,0.8564742,0.14,1.811587,3.74,0,-0.6727939,0,0.73983,-0.9955062,0,0.09469664
saccade,28.1065,0.02040226,0.0378238,-0.03597984,-0.1078953,0.2318629,-0.006929082,-0.9667214,-0.4467984,-0.2118226,0.8691964,0.08885364,0.04503071,-0.03255402,-0.05527267,0.2615421,-0.00567271,-0.9635915,-0.5034123,-0.1094878,0.8570814,0.14,1.811587,3.74,0,-0.6727939,0,0.73983,-0.9955062,0,0.09469664
saccade,28.1176,0.0203866,0.03781462,-0.0359756,-0.107955,0.2319108,-0.006917261,-0.9667034,-0.4468843,-0.2119293,0.8691263,0.0888377,0.0450207,-0.03254221,-0.05533215,0.2615895,-0.005656471,-0.9635753,-0.5034965,-0.1095927,0.8570185,0.14,1.811587,3.74,0,-0.6727939,0,0.73983,-0.9955062,0,0.09469664
saccade,28.1287,0.02037425,0.03780031,-0.03597174,-0.1074249,0.2333656,-0.006936444,-0.9664121,-0.4495644,-0.2108709,0.8680008,0.08882426,0.04501665,-0.03253817,-0.05534802,0.2615871,-0.005728631,-0.9635746,-0.5034832,-0.109661,0.8570176,0.14,1.811587,3.74,0,-0.6727939,0,0.73983,-0.9955062,0,0.09469664
saccade,28.1397,0.02036239,0.03778625,-0.03596834,-0.1075503,0.2334489,-0.006921448,-0.9663781,-0.4497111,-0.2111002,0.867869,0.08881173,0.04500246,-0.03252113,-0.05540472,0.260774,-0.00573709,-0.9637917,-0.5020278,-0.1097894,0.8578545,0.14,1.811587,3.74,0,-0.6727939,0,0.73983,-0.9955062,0,0.09469664
saccade,28.1512,0.02034779,0.03776991,-0.03597225,-0.1081214,0.2342175,-0.006872256,-0.9661287,-0.4510824,-0.2121375,0.8669038,0.08879759,0.04498303,-0.03252759,-0.05539393,0.2607578,-0.005714396,-0.9637968,-0.502002,-0.1097571,0.8578737,0.14,1.811587,3.74,0,-0.6727939,0,0.73983,-0.9955062,0,0.09469664
saccade,28.1622,0.02033797,0.03775644,-0.035962,-0.1081588,0.2343224,-0.006890928,-0.966099,-0.4512667,-0.2122136,0.8667893,0.08878678,0.04497135,-0.03250175,-0.05543182,0.2608633,-0.005726278,-0.963766,-0.5021875,-0.1098342,0.8577553,0.14,1.811587,3.74,0,-0.6727939,0,0.73983,-0.9955062,0,0.09469664
saccade,28.1733,0.02031529,0.03774512,-0.03596803,-0.1083718,0.2343265,-0.006825809,-0.9660745,-0.4512744,-0.2125895,0.8666933,0.08876429,0.04495668,-0.03250439,-0.05583531,0.2601401,-0.005682102,-0.9639385,-0.5008835,-0.1105999,0.8584191,0.14,1.811587,3.74,0,-0.6727939,0,0.73983,-0.9955062,0,0.09469664
saccade,28.1844,0.02030056,0.03771961,-0.03596567,-0.1080605,0.2353576,-0.006840564,-0.9658586,-0.4531659,-0.2119623,0.8658594,0.08874846,0.04493439,-0.03248701,-0.0557726,0.2602513,-0.005726028,-0.9639118,-0.5010799,-0.1105001,0.8583173,0.14,1.811587,3.74,0,-0.6727939,0,0.73983,-0.9955062,0,0.09469664
saccade,28.1956,0.02025732,0.03770411,-0.03598179,-0.1080537,0.2354062,-0.006820734,-0.9658477,-0.4532591,-0.2119382,0.8658167,0.08870527,0.04491532,-0.03249666,-0.05576523,0.2602985,-0.005703778,-0.9638996,-0.501167,-0.1104735,0.8582699,0.14,1.811587,3.74,0,-0.6727939,0,0.73983,-0.9955062,0,0.09469664
saccade,28.2066,0.02022938,0.03771102,-0.03599602,-0.1082248,0.235465,-0.006849808,-0.9658141,-0.4533482,-0.2122758,0.8656873,0.08867596,0.04492962,-0.0324994,-0.05416046,0.2539918,-0.005945017,-0.9656705,-0.4899007,-0.1076223,0.8651097,0.14,1.811587,3.74,0,-0.6727939,0,0.73983,-0.9955062,0,0.09469664
saccade,28.2180,0.02021648,0.03768957,-0.03600728,-0.1081595,0.2354649,-0.006883071,-0.9658211,-0.453345,-0.212167,0.8657156,0.0886628,0.04491103,-0.03251138,-0.05409553,0.2539927,-0.00597948,-0.9656737,-0.4899012,-0.1075148,0.8651228,0.14,1.811587,3.74,0,-0.6727939,0,0.73983,-0.9955062,0,0.09469664
saccade,28.2287,0.02020451,0.0376811,-0.03602364,-0.1094583,0.2335777,-0.00692512,-0.9661327,-0.4498182,-0.2147375,0.8669207,0.08865078,0.04490006,-0.03252174,-0.05418598,0.2540264,-0.005944576,-0.96566,-0.489962,-0.1076706,0.8650689,0.14,1.811587,3.74,0,-0.6727939,0,0.73983,-0.9955062,0,0.09469664
saccade,28.2395,0.02021291,0.03767967,-0.03602,-0.109514,0.2335757,-0.00698501,-0.9661265,-0.4497975,-0.2148719,0.8668981,0.08865811,0.04490805,-0.03251674,-0.05424318,0.2540283,-0.006003289,-0.9656559,-0.4899565,-0.1078105,0.8650547,0.14,1.811587,3.74,0,-0.6727939,0,0.73983,-0.9955062,0,0.09469664
saccade,28.2513,0.02020976,0.03768432,-0.03603197,-0.1095084,0.2336142,-0.007023346,-0.9661175,-0.4498592,-0.2148774,0.8668647,0.08865419,0.04491711,-0.03252295,-0.05188219,0.2323712,-0.006803173,-0.9712186,-0.4506605,-0.1039396,0.8866237,0.14,1.811587,3.74,0,-0.6727939,0,0.73983,-0.9955062,0,0.09469664
saccade,28.2622,0.02021372,0.03769624,-0.03604494,-0.107249,0.218046,-0.007577877,-0.969998,-0.4213829,-0.2113674,0.8819072,0.08865808,0.04492867,-0.03253358,-0.05181676,0.2323944,-0.006813227,-0.9712165,-0.4507044,-0.1038173,0.8866158,0.14,1.811587,3.74,0,-0.6727939,0,0.73983,-0.9955062,0,0.09469664
saccade,28.2734,0.02021793,0.03770936,-0.0360617,-0.1072811,0.2180122,-0.007515412,-0.9700026,-0.4213323,-0.2114028,0.8819229,0.08866329,0.04493463,-0.03255527,-0.04811437,0.1889118,-0.008262721,-0.9807799,-0.3697667,-0.09750106,0.9239947,0.14,1.811587,3.74,0,-0.6727939,0,0.73983,-0.9955062,0,0.09469664
saccade,28.2847,0.02024877,0.03773391,-0.0360436,-0.1072485,0.2180045,-0.007558659,-0.9700076,-0.4213106,-0.2113593,0.8819436,0.08869366,0.04496431,-0.03253829,-0.04808025,0.1889061,-0.008305361,-0.9807823,-0.3697528,-0.09745038,0.9240056,0.14,1.811587,3.74,0,-0.6727939,0,0.73983,-0.9955062,0,0.09469664
saccade,28.2955,0.02027106,0.03774631,-0.0360478,-0.1066272,0.1772358,-0.008980001,-0.9783341,-0.3448766,-0.2118172,0.9144362,0.08871641,0.04497552,-0.03254901,-0.047988,0.1888687,-0.00830745,-0.980794,-0.3696854,-0.09727072,0.9240515,0.14,1.811587,3.74,0,-0.6727939,0,0.73983,-0.9955062,0,0.09469664
saccade,28.3066,0.02031048,0.03777015,-0.03605171,-0.1066555,0.1772527,-0.009009026,-0.9783277,-0.3449006,-0.2118817,0.9144122,0.08875524,0.04500365,-0.03254979,-0.04670382,0.1378629,-0.01008271,-0.9892982,-0.2718332,-0.09518808,0.9576252,0.14,1.811587,3.74,0,-0.6727939,0,0.73983,-0.9955062,0,0.09469664
saccade,28.3179,0.02032877,0.03778732,-0.03606258,-0.1065912,0.1771259,-0.008954212,-0.9783581,-0.3446763,-0.2117407,0.9145294,0.0887752,0.04501402,-0.03257992,-0.04664107,0.1377315,-0.01003313,-0.98932,-0.2715852,-0.09504965,0.9577093,0.14,1.811587,3.74,0,-0.6727939,0,0.73983,-0.9955062,0,0.09469664
saccade,28.3291,0.02036466,0.03781831,-0.03606538,-0.1036647,0.1190639,-0.01088599,-0.9874001,-0.2328704,-0.2073094,0.9501548,0.08881181,0.04503977,-0.03258607,-0.04657859,0.1377147,-0.009999345,-0.9893256,-0.2715579,-0.0949169,0.9577302,0.14,1.811587,3.74,0,-0.6727939,0,0.73983,-0.9955062,0,0.09469664
saccade,28.3396,0.02039161,0.03784704,-0.03606547,-0.1036101,0.1190001,-0.01081938,-0.9874142,-0.2327628,-0.2071872,0.9502078,0.08884022,0.0450598,-0.03259657,-0.04075801,0.08444567,-0.01168754,-0.9955256,-0.1671829,-0.08312521,0.9824154,0.14,1.811587,3.74,0,-0.6727939,0,0.73983,-0.9955062,0,0.09469664
saccade,28.3515,0.0204193,0.03785455,-0.0360629,-0.1035295,0.1189802,-0.01074859,-0.9874259,-0.2327427,-0.2070132,0.9502507,0.08886921,0.0450573,-0.0325988,-0.04067953,0.08442064,-0.01161534,-0.9955317,-0.1671418,-0.08295666,0.9824367,0.14,1.811587,3.74,0,-0.6727939,0,0.73983,-0.9955062,0,0.09469664
saccade,28.3628,0.02046106,0.03787184,-0.03604855,-0.1013853,0.04949838,-0.01303841,-0.9935296,-0.09571239,-0.2027494,0.9745418,0.08891091,0.04507601,-0.03258651,-0.04073653,0.08439983,-0.01162376,-0.9955311,-0.1670983,-0.08307106,0.9824344,0.14,1.811587,3.74,0,-0.6727939,0,0.73983,-0.9955062,0,0.09469664
saccade,28.3729,0.02048879,0.03787291,-0.03604294,-0.1013846,0.04949843,-0.01298946,-0.9935303,-0.09572251,-0.2027432,0.9745421,0.08893938,0.04507041,-0.03258156,-0.04293083,0.02760335,-0.01343773,-0.9986063,-0.05397598,-0.08648386,0.99479,0.14,1.811587,3.74,0,-0.6727939,0,0.73983,-0.9955062,0,0.09469664
saccade,28.3847,0.02051351,0.03786778,-0.03603726,-0.1013156,0.04954452,-0.01301062,-0.9935347,-0.09581204,-0.2026104,0.974561,0.08896358,0.04506755,-0.03257022,-0.04286123,0.0276504,-0.01345459,-0.9986078,-0.05407046,-0.08634717,0.9947968,0.14,1.811587,3.74,0,-0.6727939,0,0.73983,-0.9955062,0,0.09469664
saccade,28.3954,0.0205319,0.03787196,-0.03602706,-0.09712825,-0.0190134,-0.01512088,-0.9949754,0.04077306,-0.1927054,0.9804092,0.08898307,0.04506278,-0.03256331,-0.04292971,0.02762271,-0.01338995,-0.9986064,-0.05401879,-0.0864795,0.9947881,0.14,1.811587,3.74,0,-0.6727939,0,0.73983,-0.9955062,0,0.09469664
saccade,28.4064,0.02054841,0.03787088,-0.0360178,-0.09715603,-0.01902439,-0.01517073,-0.9949717,0.04080532,-0.1927578,0.9803976,0.08899891,0.0450685,-0.03255453,-0.0374159,-0.02021916,-0.01493757,-0.9989836,0.04151502,-0.07415169,0.9963825,0.14,1.811587,3.74,0,-0.6727939,0,0.73983,-0.9955062,0,0.09469664
saccade,28.4180,0.02057061,0.03785503,-0.03600904,-0.0971137,-0.01899384,-0.01513368,-0.994977,0.04073623,-0.1926769,0.9804163,0.08902147,0.04504752,-0.03254261,-0.03737346,-0.02019082,-0.01489866,-0.9989863,0.04145433,-0.07406952,0.9963911,0.14,1.811587,3.74,0,-0.6727939,0,0.73983,-0.9955062,0,0.09469664
saccade,28.4293,0.02059278,0.03786218,-0.03600934,-0.09461252,-0.07711022,-0.01692489,-0.992379,0.1562477,-0.1851728,0.9702049,0.08904417,0.04505229,-0.03254819,-0.03750892,-0.02024104,-0.0148889,-0.9989803,0.04155774,-0.07433861,0.9963667,0.14,1.811587,3.74,0,-0.6727939,0,0.73983,-0.9955062,0,0.09469664
saccade,28.4400,0.02059443,0.03788638,-0.03600727,-0.09461533,-0.07705197,-0.01691888,-0.9923834,0.1561318,-0.1851821,0.9702219,0.08904558,0.04507494,-0.03253821,-0.02414843,-0.05765516,-0.01598774,-0.9979164,0.1158422,-0.04635267,0.9921855,0.14,1.811587,3.74,0,-0.6727939,0,0.73983,-0.9955062,0,0.09469664
saccade,28.4512,0.02060445,0.03790498,-0.03600575,-0.09458221,-0.07701467,-0.01694548,-0.992389,0.1560625,-0.1851146,0.9702459,0.08905496,0.04509711,-0.03253158,-0.02411567,-0.05761583,-0.01601222,-0.9979191,0.1157642,-0.04628586,0.9921977,0.14,1.811587,3.74,0,-0.6727939,0,0.73983,-0.9955062,0,0.09469664
saccade,28.4624,0.02061366,0.03791666,-0.03599948,-0.07812551,-0.1173438,-0.01807589,-0.9898486,0.2351295,-0.1504227,0.9602537,0.08906439,0.0451057,-0.03252326,-0.02406213,-0.05759538,-0.01598382,-0.9979221,0.1157206,-0.04618307,0.9922076,0.14,1.811587,3.74,0,-0.6727939,0,0.73983,-0.9955062,0,0.09469664
saccade,28.4732,0.02062648,0.03794014,-0.03598988,-0.0781224,-0.1172837,-0.01806054,-0.9898562,0.2350098,-0.1504235,0.9602829,0.08907709,0.04512656,-0.03250561,-0.003628587,-0.08277035,-0.01663287,-0.9964232,0.1650693,-0.0044778,0.9862718,0.14,1.811587,3.74,0,-0.6727939,0,0.73983,-0.9955062,0,0.09469664
saccade,28.4845,0.02063651,0.03796017,-0.03599653,-0.07807753,-0.1172299,-0.01795556,-0.989868,0.2348882,-0.150363,0.9603221,0.08908826,0.04513288,-0.03250661,-0.003579862,-0.08272391,-0.01652567,-0.9964291,0.1649753,-0.004400022,0.9862879,0.14,1.811587,3.74,0,-0.6727939,0,0.73983,-0.9955062,0,0.09469664
saccade,28.4955,0.02064142,0.03795445,-0.03600056,-0.0537981,-0.1432719,-0.01861036,-0.9880449,0.2851205,-0.1009772,0.9531579,0.08909339,0.04512513,-0.0325108,-0.003607055,-0.08272734,-0.01651471,-0.9964288,0.164983,-0.004455911,0.9862863,0.14,1.811587,3.74,0,-0.6727939,0,0.73983,-0.9955062,0,0.09469664
saccade,28.5067,0.02065466,0.03793335,-0.03599767,-0.05377639,-0.1431945,-0.01861471,-0.9880572,0.2849707,-0.1009373,0.9532069,0.08910604,0.0451045,-0.03249741,0.01719326,-0.1004654,-0.01693822,-0.9946478,0.1992729,0.03760588,0.9792222,0.14,1.811587,3.74,0,-0.6727939,0,0.73983,-0.9955062,0,0.09469664
saccade,28.5180,0.0206528,0.03787541,-0.03600605,-0.0538759,-0.1432493,-0.01869806,-0.9880422,0.2850875,-0.1011064,0.953154,0.08910353,0.04505563,-0.03251155,0.01709006,-0.1005157,-0.01702115,-0.9946432,0.1993728,0.03741881,0.9792091,0.14,1.811587,3.74,0,-0.6727939,0,0.73983,-0.9955062,0,0.09469664
saccade,28.5290,0.02063296,0.03784049,-0.03600538,-0.03772964,-0.150746,-0.01895915,-0.9876704,0.2992053,-0.06881287,0.9517043,0.08908194,0.04503202,-0.03249987,0.01693309,-0.1004488,-0.01712811,-0.9946507,0.1992429,0.03712602,0.9792466,0.14,1.811587,3.74,0,-0.6727939,0,0.73983,-0.9955062,0,0.09469664
saccade,28.5407,0.02063526,0.03781748,-0.03599607,-0.03774944,-0.1507788,-0.01891916,-0.9876654,0.2992665,-0.06886242,0.9516814,0.08908507,0.04500341,-0.03249519,0.01691533,-0.1004842,-0.01708909,-0.9946481,0.1993148,0.03708396,0.9792336,0.14,1.811587,3.74,0,-0.6727939,0,0.73983,-0.9955062,0,0.09469664
saccade,28.5517,0.02064491,0.03782439,-0.03597758,-0.03782693,-0.1507826,-0.01885507,-0.987663,0.2992712,-0.06903448,0.9516675,0.08909585,0.04499948,-0.03247681,0.0273363,-0.1012213,-0.0169805,-0.9943434,0.2003691,0.05780091,0.9780139,0.14,1.811587,3.74,0,-0.6727939,0,0.73983,-0.9955062,0,0.09469664
saccade,28.5624,0.02060433,0.03783238,-0.03598315,-0.03010773,-0.1466949,-0.01864972,-0.9885476,0.2911529,-0.05405421,0.9551482,0.08905636,0.04500151,-0.03249153,0.02730438,-0.1012912,-0.01694332,-0.9943377,0.2005101,0.05773197,0.9779891,0.14,1.811587,3.74,0,-0.6727939,0,0.73983,-0.9955062,0,0.09469664
saccade,28.5732,0.02059872,0.03786588,-0.03596654,-0.03012275,-0.1467779,-0.01855726,-0.9885365,0.2913087,-0.05410728,0.9550977,0.08905265,0.04502273,-0.0324868,0.02998233,-0.09096541,-0.01651797,-0.9952656,0.180079,0.06268589,0.9816527,0.14,1.811587,3.74,0,-0.6727939,0,0.73983,-0.9955062,0,0.09469664
saccade,28.5846,0.02060401,0.03789091,-0.03595519,-0.03021007,-0.1467757,-0.01850245,-0.9885353,0.2913039,-0.05429603,0.9550885,0.08905892,0.04503798,-0.0324745,0.02989822,-0.09096741,-0.01645841,-0.9952689,0.1800899,0.06250791,0.981662,0.14,1.811587,3.74,0,-0.6727939,0,0.73983,-0.9955062,0,0.09469664
saccade,28.5957,0.02060924,0.03789949,-0.03597403,-0.02737868,-0.1437148,-0.01847362,-0.9890679,0.285299,-0.04884889,0.9571929,0.08906271,0.04505289,-0.03247824,0.02976182,-0.09086865,-0.01652193,-0.995281,0.1798962,0.06224539,0.9817142,0.14,1.811587,3.74,0,-0.6727939,0,0.73983,-0.9955062,0,0.09469664
saccade,28.6065,0.02061044,0.0378933,-0.03599473,-0.02745795,-0.143712,-0.01852504,-0.9890651,0.2852984,-0.04899086,0.9571859,0.08906334,0.04505146,-0.0324974,0.03279035,-0.0835995,-0.0163227,-0.9958261,0.1654307,0.06803611,0.9838718,0.14,1.811587,3.74,0,-0.6727939,0,0.73983,-0.9955062,0,0.09469664
saccade,28.6178,0.02061228,0.03789449,-0.03600936,-0.02741164,-0.1436815,-0.01853242,-0.9890707,0.2852383,-0.04889857,0.9572085,0.08906477,0.04505467,-0.03250827,0.03283609,-0.08356787,-0.0163309,-0.9958271,0.1653658,0.06812762,0.9838764,0.14,1.811587,3.74,0,-0.6727939,0,0.73983,-0.9955062,0,0.09469664
saccade,28.6291,0.02061164,0.03790772,-0.03600741,-0.02546619,-0.1398739,-0.01834757,-0.9896718,0.277793,-0.04527365,0.9595735,0.08906446,0.0450604,-0.03249727,0.032874,-0.0835002,-0.01626796,-0.9958326,0.1652348,0.06819075,0.9838941,0.14,1.811587,3.74,0,-0.6727939,0,0.73983,-0.9955062,0,0.09469664
saccade,28.6400,0.02062352,0.03795755,-0.03601336,-0.02531595,-0.1398723,-0.01829864,-0.9896767,0.2777832,-0.04499027,0.9595897,0.0890767,0.04510748,-0.03250492,0.03434724,-0.07895679,-0.01607777,-0.9961565,0.1562022,0.07096935,0.9851722,0.14,1.811587,3.74,0,-0.6727939,0,0.73983,-0.9955062,0,0.09469664
saccade,28.6512,0.02062564,0.03801119,-0.03601949,-0.02521555,-0.1399138,-0.01819161,-0.9896754,0.277856,-0.0448199,0.9595766,0.08908041,0.04514956,-0.03251847,0.03445402,-0.07900374,-0.01597967,-0.9961506,0.1562981,0.07116769,0.9851426,0.14,1.811587,3.74,0,-0.6727939,0,0.73983,-0.9955062,0,0.09469664
saccade,28.6623,0.02061971,0.03803992,-0.03603015,-0.02251663,-0.1371113,-0.0179845,-0.9901364,0.2723278,-0.03965732,0.961387,0.08907586,0.04516768,-0.03253455,0.03460488,-0.07903227,-0.01588181,-0.9961447,0.156356,0.0714533,0.9851128,0.14,1.811587,3.74,0,-0.6727939,0,0.73983,-0.9955062,0,0.09469664
saccade,28.6731,0.0206163,0.0380441,-0.03604567,-0.02248934,-0.1371054,-0.01794856,-0.9901385,0.272314,-0.03961342,0.9613926,0.08907288,0.04516757,-0.03254974,0.03409048,-0.07503714,-0.01572729,-0.9964738,0.1484728,0.0703008,0.9864146,0.14,1.811587,3.74,0,-0.6727939,0,0.73983,-0.9955062,0,0.09469664
saccade,28.6845,0.02061168,0.03801894,-0.03604248,-0.02247584,-0.1371492,-0.01802277,-0.9901314,0.2724015,-0.03956445,0.9613699,0.08906747,0.0451529,-0.03255239,0.03409935,-0.07507679,-0.01580461,-0.9964693,0.1485456,0.07033103,0.9864014,0.14,1.811587,3.74,0,-0.6727939,0,0.73983,-0.9955062,0,0.09469664
saccade,28.6960,0.02061583,0.03798842,-0.03605089,-0.02034816,-0.1363534,-0.01802664,-0.9902872,0.2707916,-0.03538505,0.9619874,0.08907117,0.04512799,-0.03256341,0.03410132,-0.07509441,-0.01584569,-0.9964672,0.1485775,0.07034154,0.9863958,0.14,1.811587,3.74,0,-0.6727939,0,0.73983,-0.9955062,0,0.09469664
saccade,28.7070,0.0206177,0.03796732,-0.03605535,-0.02039107,-0.1363459,-0.0181674,-0.9902848,0.2707835,-0.03543184,0.961988,0.08907107,0.04512465,-0.03256573,0.0340916,-0.07202691,-0.01588815,-0.9966933,0.1424942,0.07024648,0.9872998,0.14,1.811587,3.74,0,-0.6727939,0,0.73983,-0.9955062,0,0.09469664
saccade,28.7181,0.02060606,0.03795362,-0.03605777,-0.02035466,-0.1363861,-0.01818911,-0.9902796,0.2708613,-0.03535213,0.961969,0.08905931,0.04511499,-0.03257403,0.03412655,-0.07206583,-0.01591435,-0.9966888,0.1425682,0.07032086,0.9872838,0.14,1.811587,3.74,0,-0.6727939,0,0.73983,-0.9955062,0,0.09469664
saccade,28.7296,0.02059236,0.03794563,-0.03606194,-0.01910632,-0.1360882,-0.01821583,-0.990345,0.2702447,-0.03288577,0.9622299,0.08904548,0.04511094,-0.03258384,0.0340393,-0.07211369,-0.01595583,-0.9966878,0.1426634,0.07015438,0.9872819,0.14,1.811587,3.74,0,-0.6727939,0,0.73983,-0.9955062,0,0.09469664
saccade,28.7404,0.02057516,0.03793275,-0.03605407,-0.01908444,-0.1360988,-0.01819146,-0.9903444,0.2702637,-0.03284867,0.9622258,0.08902866,0.04509544,-0.03257779,0.03435446,-0.06947405,-0.01584942,-0.996866,0.1374236,0.07069583,0.9879863,0.14,1.811587,3.74,0,-0.6727939,0,0.73983,-0.9955062,0,0.09469664
saccade,28.7514,0.02055422,0.03792298,-0.03606071,-0.01922269,-0.1360589,-0.0181584,-0.9903478,0.2701895,-0.03313307,0.9622369,0.08900822,0.04507756,-0.03257749,0.03421875,-0.06943709,-0.01580519,-0.996874,0.1373584,0.0704185,0.9880151,0.14,1.811587,3.74,0,-0.6727939,0,0.73983,-0.9955062,0,0.09469664
saccade,28.7625,0.02053839,0.03791714,-0.03607446,-0.01879496,-0.134951,-0.01818674,-0.9905071,0.2680235,-0.03232444,0.9628699,0.08899124,0.04507816,-0.03258228,0.03414635,-0.06937689,-0.01586023,-0.9968798,0.1372377,0.07028028,0.9880418,0.14,1.811587,3.74,0,-0.6727939,0,0.73983,-0.9955062,0,0.09469664
saccade,28.7733,0.02052147,0.03793323,-0.03608408,-0.01883355,-0.1348779,-0.01817643,-0.9905165,0.2678822,-0.03240668,0.9629065,0.08897405,0.04509175,-0.03258139,0.03410846,-0.06930427,-0.01584346,-0.9968864,0.1370962,0.07020056,0.9880671,0.14,1.811587,3.74,0,-0.6727939,0,0.73983,-0.9955062,0,0.09469664
saccade,28.7846,0.02049993,0.03795469,-0.03608596,-0.01883823,-0.1348082,-0.0181407,-0.9905266,0.2677456,-0.0324285,0.9629438,0.08895256,0.04510796,-0.03257371,0.03421384,-0.06723565,-0.01574039,-0.9970261,0.1329943,0.07034082,0.9886175,0.14,1.811587,3.74,0,-0.6727939,0,0.73983,-0.9955062,0,0.09469664
saccade,28.7960,0.02050162,0.03797221,-0.03607791,-0.01863801,-0.1337921,-0.01815715,-0.9906678,0.2657638,-0.03206959,0.9635046,0.08895318,0.04513097,-0.03255592,0.03418767,-0.06716587,-0.01578159,-0.997031,0.1328538,0.0702923,0.9886399,0.14,1.811587,3.74,0,-0.6727939,0,0.73983,-0.9955062,0,0.09469664
saccade,28.8068,0.02049758,0.03797507,-0.0360778,-0.01863291,-0.1337664,-0.01818691,-0.9906708,0.2657147,-0.03205257,0.9635187,0.08894853,0.045138,-0.03255219,0.03419074,-0.06713849,-0.01581019,-0.9970323,0.1327974,0.07030149,0.9886468,0.14,1.811587,3.74,0,-0.6727939,0,0.73983,-0.9955062,0,0.09469664
saccade,28.8176,0.0204968,0.03798592,-0.03607944,-0.01862633,-0.1336873,-0.01814304,-0.9906824,0.2655593,-0.03205457,0.9635615,0.08894783,0.04514277,-0.03254315,0.0347929,-0.06537884,-0.01570597,-0.9971301,0.1292895,0.07143978,0.9890301,0.14,1.811587,3.74,0,-0.6727939,0,0.73983,-0.9955062,0,0.09469664
saccade,28.8288,0.02050004,0.0380044,-0.03607263,-0.01730657,-0.1328608,-0.01802326,-0.9908197,0.263906,-0.0295062,0.964097,0.08895248,0.04515147,-0.03254407,0.03486564,-0.0654308,-0.01562734,-0.9971254,0.1293957,0.07157586,0.9890064,0.14,1.811587,3.74,0,-0.6727939,0,0.73983,-0.9955062,0,0.09469664
saccade,28.8402,0.02052058,0.03802454,-0.03606422,-0.01726464,-0.1329338,-0.0179766,-0.9908115,0.2640454,-0.02943262,0.9640611,0.0889741,0.04516661,-0.03254642,0.0349107,-0.06550615,-0.01558756,-0.9971195,0.1295466,0.07166243,0.9889804,0.14,1.811587,3.74,0,-0.6727939,0,0.73983,-0.9955062,0,0.09469664
saccade,28.8515,0.02055393,0.03803229,-0.03604658,-0.01726313,-0.1329734,-0.01788651,-0.9908078,0.2641197,-0.02945202,0.9640402,0.089009,0.04516244,-0.03253461,0.03495666,-0.06454924,-0.01546847,-0.9971822,0.1276532,0.07171328,0.9892229,0.14,1.811587,3.74,0,-0.6727939,0,0.73983,-0.9955062,0,0.09469664
saccade,28.8622,0.02055756,0.03802896,-0.03603872,-0.01555343,-0.1293856,-0.01776596,-0.9913132,0.257076,-0.02623931,0.9660349,0.08901274,0.04515898,-0.03252875,0.03495731,-0.06456372,-0.0154676,-0.9971812,0.1276821,0.07171484,0.989219,0.14,1.811587,3.74,0,-0.6727939,0,0.73983,-0.9955062,0,0.09469664
saccade,28.8733,0.02055102,0.03801572,-0.03603672,-0.01554146,-0.1294439,-0.01783923,-0.9913045,0.257191,-0.02619428,0.9660055,0.08900554,0.045156,-0.03253467,0.03496455,-0.06461847,-0.01554442,-0.9971762,0.127785,0.07174055,0.9892039,0.14,1.811587,3.74,0,-0.6727939,0,0.73983,-0.9955062,0,0.09469664
saccade,28.8844,0.0205539,0.03799772,-0.03601603,-0.01560802,-0.1293703,-0.01793047,-0.9913114,0.2570522,-0.02630548,0.9660394,0.08900674,0.04514849,-0.03250272,0.03712175,-0.06026016,-0.01547892,-0.9973722,0.1190544,0.07591392,0.9899814,0.14,1.811587,3.74,0,-0.6727939,0,0.73983,-0.9955062,0,0.09469664
saccade,28.8960,0.02055005,0.03798056,-0.03601065,-0.01481544,-0.1224339,-0.01785407,-0.9922055,0.2434881,-0.02502804,0.9695809,0.08900061,0.04514849,-0.03248775,0.0370555,-0.06019221,-0.01560959,-0.9973767,0.1189118,0.07579573,0.9900076,0.14,1.811587,3.74,0,-0.6727939,0,0.73983,-0.9955062,0,0.09469664
saccade,28.9070,0.02054194,0.03798592,-0.0360053,-0.01480252,-0.1224067,-0.01796576,-0.9922071,0.2434374,-0.02497607,0.969595,0.0889907,0.04516912,-0.03247841,0.03891202,-0.05399581,-0.01551418,-0.9976621,0.1065318,0.07931749,0.9911406,0.14,1.811587,3.74,0,-0.6727939,0,0.73983,-0.9955062,0,0.09469664
saccade,28.9183,0.02053678,0.03799582,-0.03601284,-0.01467813,-0.1223827,-0.01790931,-0.9922128,0.2433851,-0.02474408,0.9696141,0.08898595,0.04517424,-0.03248426,0.03903986,-0.05397354,-0.01546501,-0.9976591,0.1064869,0.07956634,0.9911255,0.14,1.811587,3.74,0,-0.6727939,0,0.73983,-0.9955062,0,0.09469664
saccade,28.9290,0.02053363,0.03801024,-0.03601719,-0.01357098,-0.1174479,-0.01774672,-0.9928277,0.2336928,-0.02277866,0.9720436,0.08898285,0.04519117,-0.03249459,0.03917478,-0.05400468,-0.01546958,-0.9976521,0.1065437,0.07983645,0.9910977,0.14,1.811587,3.74,0,-0.6727939,0,0.73983,-0.9955062,0,0.09469664
saccade,28.9401,0.02053107,0.03802633,-0.0360108,-0.01357455,-0.117503,-0.01764529,-0.992823,0.2337984,-0.02280751,0.9720176,0.08898212,0.04519355,-0.03249609,0.04104168,-0.05127421,-0.01527194,-0.9977241,0.1010614,0.08346266,0.9913731,0.14,1.811587,3.74,0,-0.6727939,0,0.73983,-0.9955062,0,0.09469664
saccade,28.9520,0.02053302,0.03805292,-0.03599793,-0.01363004,-0.1175521,-0.01757391,-0.9928177,0.2338947,-0.02293259,0.9719914,0.08898553,0.04520929,-0.03248959,0.04099118,-0.05132789,-0.01519995,-0.9977245,0.1011761,0.08335616,0.9913703,0.14,1.811587,3.74,0,-0.6727939,0,0.73983,-0.9955062,0,0.09469664
saccade,28.9623,0.02054354,0.03808737,-0.0359677,-0.01210526,-0.114896,-0.01746037,-0.9931504,0.2286406,-0.02003242,0.9733047,0.0889963,0.04524493,-0.0324666,0.04118568,-0.05136324,-0.01519003,-0.9977148,0.1012405,0.08374355,0.9913311,0.14,1.811587,3.74,0,-0.6727939,0,0.73983,-0.9955062,0,0.09469664
saccade,28.9740,0.02055719,0.03812373,-0.03594925,-0.01205903,-0.1148485,-0.01743975,-0.9931567,0.2285457,-0.01994716,0.9733288,0.08900984,0.0452795,-0.0324422,0.04240824,-0.04938245,-0.01510205,-0.9977649,0.09726325,0.08611845,0.9915258,0.14,1.811587,3.74,0,-0.6727939,0,0.73983,-0.9955062,0,0.09469664
saccade,28.9844,0.02056044,0.03815162,-0.03594373,-0.01208048,-0.1149085,-0.01742794,-0.9931498,0.2286637,-0.01999021,0.9733002,0.0890137,0.04530549,-0.03244475,0.04238773,-0.04944347,-0.01509224,-0.9977629,0.09738627,0.08607823,0.9915172,0.14,1.811587,3.74,0,-0.6727939,0,0.73983,-0.9955062,0,0.09469664
saccade,28.9958,0.02056657,0.03815377,-0.03594223,-0.01167744,-0.1117071,-0.01731319,-0.9935217,0.2223713,-0.01933557,0.9747703,0.08901995,0.04530609,-0.03244247,0.04241626,-0.04943577,-0.01507756,-0.9977623,0.09737123,0.08613344,0.9915139,0.14,1.811587,3.74,0,-0.6727939,0,0.73983,-0.9955062,0,0.09469664
saccade,29.0066,0.0205782,0.03812778,-0.03597989,-0.01163576,-0.1117638,-0.01732504,-0.9935157,0.2224813,-0.01924801,0.9747469,0.08903173,0.0452826,-0.0324884,0.04443598,-0.047252,-0.01501291,-0.9977812,0.09296007,0.09009354,0.9915854,0.14,1.811587,3.74,0,-0.6727939,0,0.73983,-0.9955062,0,0.09469664
saccade,29.0176,0.02059072,0.03813803,-0.0359676,-0.01160563,-0.1117911,-0.01732785,-0.9935129,0.222534,-0.01918649,0.9747361,0.08904435,0.04529393,-0.03248023,0.04446589,-0.04727902,-0.01501919,-0.9977785,0.09301231,0.0901544,0.9915749,0.14,1.811587,3.74,0,-0.6727939,0,0.73983,-0.9955062,0,0.09469664
saccade,29.0286,0.02060995,0.0381397,-0.03595304,-0.01146327,-0.1101582,-0.01723545,-0.9936985,0.2193231,-0.01898481,0.9754676,0.08906458,0.04529095,-0.03247554,0.04449412,-0.04734978,-0.01498451,-0.9977744,0.09315535,0.09020921,0.9915565,0.14,1.811587,3.74,0,-0.6727939,0,0.73983,-0.9955062,0,0.09469664
saccade,29.0400,0.02063606,0.03815162,-0.03595077,-0.01143087,-0.1102059,-0.01724184,-0.9936935,0.2194159,-0.01891727,0.975448,0.08909087,0.04530442,-0.0324802,0.04452609,-0.04739702,-0.0149956,-0.9977706,0.09324731,0.09027514,0.9915419,0.14,1.811587,3.74,0,-0.6727939,0,0.73983,-0.9955062,0,0.09469664
saccade,29.0511,0.02065917,0.03815019,-0.03594631,-0.01142519,-0.110288,-0.01727487,-0.9936839,0.2195775,-0.01889564,0.9754121,0.08911406,0.04530787,-0.03248704,0.04593268,-0.04576939,-0.01497199,-0.9977832,0.08996046,0.09303224,0.9915907,0.14,1.811587,3.74,0,-0.6727939,0,0.73983,-0.9955062,0,0.09469664
saccade,29.0649,0.02067026,0.03812861,-0.03591622,-0.01146329,-0.1103304,-0.01723446,-0.9936794,0.2196612,-0.0189787,0.9753916,0.08912607,0.0452801,-0.03246248,0.04589738,-0.04581457,-0.01493179,-0.9977833,0.09005536,0.09295946,0.9915889,0.14,1.811587,3.74,0,-0.6727939,0,0.73983,-0.9955062,0,0.09469664
saccade,29.0791,0.02067933,0.03810596,-0.03589817,-0.01077265,-0.1086723,-0.0171833,-0.9938707,0.2163827,-0.01767854,0.9761485,0.08913556,0.04525745,-0.03245302,0.04586741,-0.0458797,-0.0149384,-0.9977816,0.09018547,0.09290206,0.9915825,0.14,1.811587,3.74,0,-0.6727939,0,0.73983,-0.9955062,0,0.09469664
saccade,29.0872,0.02072003,0.03808737,-0.03592076,-0.01088228,-0.1086776,-0.01720887,-0.9938685,0.2163971,-0.01789067,0.9761415,0.08917612,0.04523993,-0.03247499,0.04581882,-0.04480685,-0.01492338,-0.9978328,0.08805194,0.09277639,0.9917859,0.14,1.811587,3.74,0,-0.6727939,0,0.73983,-0.9955062,0,0.09469664
saccade,29.0960,0.02072513,0.03806472,-0.03590421,-0.01109826,-0.1070792,-0.01714079,-0.9940408,0.2132627,-0.01839339,0.9768217,0.08918156,0.04521465,-0.03245946,0.04582121,-0.04481485,-0.01490346,-0.9978327,0.08806965,0.0927796,0.9917841,0.14,1.811587,3.74,0,-0.6727939,0,0.73983,-0.9955062,0,0.09469664
saccade,29.1067,0.02071999,0.03805161,-0.03589503,-0.01118777,-0.1070837,-0.01715523,-0.9940391,0.2132747,-0.01856808,0.9768158,0.08917639,0.04520154,-0.03244982,0.04573105,-0.04481931,-0.01491263,-0.9978364,0.08808075,0.09260096,0.9917998,0.14,1.811587,3.74,0,-0.6727939,0,0.73983,-0.9955062,0,0.09469664
saccade,29.1178,0.0206938,0.03802204,-0.03589135,-0.01117486,-0.1070233,-0.01715528,-0.9940457,0.2131556,-0.01854462,0.9768423,0.08914977,0.04517221,-0.03243795,0.04685899,-0.04406521,-0.01488147,-0.9978182,0.08654349,0.09482502,0.991725,0.14,1.811587,3.74,0,-0.6727939,0,0.73983,-0.9955062,0,0.09469664
saccade,29.1290,0.02067426,0.03800154,-0.0358941,-0.01070954,-0.1056948,-0.01715276,-0.994193,0.2105294,-0.01766878,0.9774278,0.08912918,0.04515529,-0.03242763,0.04679897,-0.04397416,-0.01491059,-0.9978245,0.08636139,0.09470569,0.9917523,0.14,1.811587,3.74,0,-0.6727939,0,0.73983,-0.9955062,0,0.09469664
saccade,29.1403,0.02065677,0.03798521,-0.03589312,-0.01071341,-0.1056461,-0.01711639,-0.9941987,0.2104333,-0.01768596,0.9774482,0.08911188,0.04513395,-0.03242001,0.04679729,-0.04392749,-0.01487124,-0.9978273,0.08627223,0.09469773,0.9917608,0.14,1.811587,3.74,0,-0.6727939,0,0.73983,-0.9955062,0,0.09469664
saccade,29.1513,0.02063627,0.03798306,-0.03589975,-0.01067892,-0.1055977,-0.01713817,-0.9942039,0.2103373,-0.01761454,0.9774702,0.08909068,0.04513538,-0.0324203,0.04707365,-0.0428352,-0.01485797,-0.997862,0.08408839,0.0952189,0.9918984,0.14,1.811587,3.74,0,-0.6727939,0,0.73983,-0.9955062,0,0.09469664
saccade,29.1625,0.02061677,0.03798461,-0.03593368,-0.01274029,-0.09802324,-0.01696403,-0.994958,0.1954903,-0.02202637,0.9804583,0.08906984,0.04514253,-0.03243962,0.04707407,-0.04272708,-0.01489445,-0.997866,0.08386952,0.09522002,0.9919168,0.14,1.811587,3.74,0,-0.6727939,0,0.73983,-0.9955062,0,0.09469664
saccade,29.1737,0.02060107,0.03798771,-0.03595363,-0.01273731,-0.09796841,-0.01698216,-0.9949631,0.1953825,-0.02201888,0.9804799,0.0890535,0.04514813,-0.032452,0.04707596,-0.04267105,-0.01490934,-0.9978681,0.08375643,0.0952236,0.9919261,0.14,1.811587,3.74,0,-0.6727939,0,0.73983,-0.9955062,0,0.09469664
saccade,29.1845,0.02057917,0.03798306,-0.03596726,-0.01263821,-0.09798589,-0.01701869,-0.994962,0.1954147,-0.0218139,0.9804781,0.08903106,0.0451504,-0.0324691,0.04314419,-0.03328041,-0.01468303,-0.9984065,0.06518779,0.08712819,0.994062,0.14,1.811587,3.74,0,-0.6727939,0,0.73983,-0.9955062,0,0.09469664
saccade,29.1960,0.02057518,0.03799093,-0.03598326,-0.01262448,-0.09796719,-0.01702598,-0.9949639,0.1953775,-0.02178583,0.9804861,0.08902682,0.04515958,-0.03248267,0.04315738,-0.03326115,-0.0146901,-0.9984064,0.06514832,0.08715442,0.9940622,0.14,1.811587,3.74,0,-0.6727939,0,0.73983,-0.9955062,0,0.09469664
saccade,29.2069,0.02060345,0.03801346,-0.03602184,-0.03031037,-0.07418373,-0.01646318,-0.9966479,0.1488681,-0.05797494,0.9871561,0.08905391,0.04519308,-0.03252092,0.04325321,-0.03324714,-0.01476218,-0.9984017,0.06511098,0.08734977,0.9940476,0.14,1.811587,3.74,0,-0.6727939,0,0.73983,-0.9955062,0,0.09469664
saccade,29.2176,0.02060556,0.03803432,-0.03602502,-0.03023433,-0.07422871,-0.01646007,-0.9966469,0.148955,-0.05782228,0.987152,0.08905626,0.04521513,-0.0325312,0.02944136,-0.004630853,-0.01395126,-0.9994584,0.008435202,0.05898004,0.9982235,0.14,1.811587,3.74,0,-0.6727939,0,0.73983,-0.9955062,0,0.09469664
saccade,29.2297,0.02060458,0.03807759,-0.03603061,-0.05863491,-0.03545327,-0.01543183,-0.9975304,0.07254112,-0.115886,0.99061,0.08905517,0.04526281,-0.03254362,0.02946599,-0.004677621,-0.01398362,-0.9994571,0.008526079,0.05903081,0.9982197,0.14,1.811587,3.74,0,-0.6727939,0,0.73983,-0.9955062,0,0.09469664
saccade,29.2404,0.02061203,0.03809297,-0.03605305,-0.05849564,-0.03545859,-0.01539071,-0.997539,0.07254324,-0.1156119,0.9906419,0.08906318,0.04527414,-0.03256881,0.02960666,-0.004685906,-0.01394723,-0.9994534,0.008540829,0.05931167,0.998203,0.14,1.811587,3.74,0,-0.6727939,0,0.73983,-0.9955062,0,0.09469664
saccade,29.2513,0.02061291,0.03811479,-0.03606116,-0.05844735,-0.03545651,-0.01539902,-0.9975418,0.07253877,-0.1155154,0.9906535,0.0890639,0.04529774,-0.03257714,0.007705797,0.0436743,-0.01255149,-0.9989372,-0.08744921,0.01429886,0.9960663,0.14,1.811587,3.74,0,-0.6727939,0,0.73983,-0.9955062,0,0.09469664
saccade,29.2622,0.02061011,0.0381248,-0.03606225,-0.08605295,0.01460861,-0.01396464,-0.9960856,-0.02669945,-0.1718402,0.984763,0.08906089,0.04530835,-0.03257557,0.007766433,0.04369931,-0.0125555,-0.9989356,-0.08750063,0.014419,0.9960601,0.14,1.811587,3.74,0,-0.6727939,0,0.73983,-0.9955062,0,0.09469664
saccade,29.2733,0.02059976,0.0381304,-0.03605628,-0.08605289,0.01463068,-0.01393287,-0.9960857,-0.0267489,-0.1718398,0.9847617,0.08905087,0.04530942,-0.03256696,0.007767428,0.0437183,-0.01252179,-0.9989352,-0.08753803,0.01442345,0.9960567,0.14,1.811587,3.74,0,-0.6727939,0,0.73983,-0.9955062,0,0.09469664
saccade,29.2844,0.02060543,0.03808427,-0.03613767,-0.08602338,0.01470077,-0.01399379,-0.9960864,-0.0268789,-0.1717849,0.9847677,0.08905526,0.04527092,-0.03263844,-0.009414976,0.08697361,-0.01128104,-0.9961023,-0.1730568,-0.02071886,0.9846939,0.14,1.811587,3.74,0,-0.6727939,0,0.73983,-0.9955062,0,0.09469664
saccade,29.2954,0.02059792,0.03808212,-0.03614062,-0.08602227,0.01471009,-0.01401394,-0.9960861,-0.026894,-0.1717834,0.9847676,0.08904739,0.04527128,-0.0326399,-0.009415289,0.0869844,-0.01130043,-0.9961011,-0.1730777,-0.02072308,0.9846901,0.14,1.811587,3.74,0,-0.6727939,0,0.73983,-0.9955062,0,0.09469664
saccade,29.3065,0.02058975,0.03806734,-0.03613713,-0.09857594,0.03943251,-0.01329988,-0.9942591,-0.07579016,-0.1970689,0.9774557,0.08903895,0.04525852,-0.03263516,-0.009462011,0.08698908,-0.01131288,-0.9961001,-0.1730856,-0.02081841,0.9846867,0.14,1.811587,3.74,0,-0.6727939,0,0.73983,-0.9955062,0,0.09469664
saccade,29.3175,0.02055315,0.0380317,-0.03614875,-0.09865386,0.03947253,-0.0133135,-0.9942495,-0.07586423,-0.1972241,0.9774187,0.08900188,0.04522407,-0.03264011,-0.01721569,0.1052777,-0.01076279,-0.9942356,-0.2089711,-0.03649908,0.9772404,0.14,1.811587,3.74,0,-0.6727939,0,0.73983,-0.9955062,0,0.09469664
saccade,29.3293,0.02053713,0.03801155,-0.03614319,-0.1012414,0.04651951,-0.01309671,-0.9936874,-0.08979984,-0.2024231,0.9751722,0.08898569,0.04520309,-0.03262948,-0.01724535,0.1053117,-0.01075525,-0.9942316,-0.2090375,-0.03655706,0.9772241,0.14,1.811587,3.74,0,-0.6727939,0,0.73983,-0.9955062,0,0.09469664
saccade,29.3399,0.02052889,0.03800106,-0.03613286,-0.1013138,0.04650354,-0.01306622,-0.9936812,-0.08977181,-0.2025625,0.9751459,0.08897796,0.04518855,-0.03262077,-0.01731626,0.1052935,-0.01072205,-0.9942327,-0.209001,-0.03669071,0.9772269,0.14,1.811587,3.74,0,-0.6727939,0,0.73983,-0.9955062,0,0.09469664
saccade,29.3513,0.02052494,0.03799093,-0.03610967,-0.1012712,0.04651803,-0.01311936,-0.9936842,-0.08979124,-0.2024838,0.9751604,0.08897315,0.04518557,-0.03259546,-0.01819067,0.1073665,-0.01071336,-0.9939954,-0.2130539,-0.0384634,0.9762831,0.14,1.811587,3.74,0,-0.6727939,0,0.73983,-0.9955062,0,0.09469664
saccade,29.3622,0.02052525,0.03797591,-0.03612047,-0.101274,0.04648452,-0.01321333,-0.9936842,-0.08970553,-0.2024971,0.9751655,0.08897223,0.04518378,-0.03260956,-0.01819925,0.1073411,-0.01080947,-0.9939969,-0.2129999,-0.0385006,0.9762934,0.14,1.811587,3.74,0,-0.6727939,0,0.73983,-0.9955062,0,0.09469664
saccade,29.3735,0.02052429,0.0379523,-0.03611302,-0.1045946,0.05025418,-0.01308154,-0.9931583,-0.09708419,-0.2090728,0.973069,0.08897205,0.04515815,-0.03261319,-0.01815131,0.1072653,-0.01079617,-0.9940061,-0.2128527,-0.03840113,0.9763294,0.14,1.811587,3.74,0,-0.6727939,0,0.73983,-0.9955062,0,0.09469664
saccade,29.3840,0.02053617,0.03795469,-0.03608577,-0.1046267,0.05020339,-0.01312676,-0.9931569,-0.09697285,-0.2091394,0.9730657,0.08898351,0.04516745,-0.03259183,-0.01854767,0.1100224,-0.01075291,-0.9936979,-0.2182591,-0.03922769,0.9751021,0.14,1.811587,3.74,0,-0.6727939,0,0.73983,-0.9955062,0,0.09469664
saccade,29.3957,0.02054775,0.03794408,-0.03610601,-0.1045832,0.05018112,-0.01310858,-0.9931629,-0.09693417,-0.2090518,0.9730884,0.08899552,0.04515469,-0.03261594,-0.018503,0.1099986,-0.01073935,-0.9937015,-0.2182142,-0.03913555,0.9751159,0.14,1.811587,3.74,0,-0.6727939,0,0.73983,-0.9955062,0,0.09469664
saccade,29.4064,0.02056119,0.03792667,-0.03612182,-0.1061776,0.0539833,-0.01297927,-0.9927959,-0.1044326,-0.2122266,0.9716243,0.08900935,0.04513621,-0.03263734,-0.0184857,0.1099599,-0.01073149,-0.9937062,-0.2181388,-0.03909876,0.9751342,0.14,1.811587,3.74,0,-0.6727939,0,0.73983,-0.9955062,0,0.09469664
saccade,29.4177,0.02057632,0.03789186,-0.03611325,-0.1062081,0.05392532,-0.01299809,-0.9927956,-0.1043126,-0.2122877,0.9716238,0.0890245,0.04510474,-0.03263601,-0.01774864,0.110378,-0.01073383,-0.9936732,-0.2189783,-0.03764225,0.9750034,0.14,1.811587,3.74,0,-0.6727939,0,0.73983,-0.9955062,0,0.09469664
saccade,29.4289,0.02059841,0.03784287,-0.03610573,-0.1063199,0.0539703,-0.01306274,-0.9927803,-0.1043836,-0.2125146,0.9715666,0.08904528,0.04506397,-0.03261995,-0.01786437,0.1104286,-0.01078785,-0.993665,-0.2190727,-0.03788498,0.9749728,0.14,1.811587,3.74,0,-0.6727939,0,0.73983,-0.9955062,0,0.09469664
saccade,29.4400,0.02056188,0.0377475,-0.03613955,-0.1073129,0.05576783,-0.01303264,-0.9925745,-0.1079103,-0.2144857,0.9707478,0.0890082,0.04497135,-0.03264885,-0.01791276,0.1104595,-0.0108059,-0.9936605,-0.2191313,-0.03798563,0.9749557,0.14,1.811587,3.74,0,-0.6727939,0,0.73983,-0.9955062,0,0.09469664
saccade,29.4513,0.0205562,0.03770828,-0.03613932,-0.1073239,0.05577238,-0.01293833,-0.9925743,-0.1079393,-0.2144971,0.970742,0.08900392,0.04491937,-0.03264918,-0.01878119,0.111137,-0.01069311,-0.9935701,-0.2204432,-0.03969767,0.9745917,0.14,1.811587,3.74,0,-0.6727939,0,0.73983,-0.9955062,0,0.09469664
saccade,29.4624,0.02055867,0.03772199,-0.03612459,-0.1073655,0.05577456,-0.0128598,-0.9925706,-0.107959,-0.2145702,0.9707237,0.08900752,0.04492223,-0.03263469,-0.01881862,0.1111324,-0.01061254,-0.9935708,-0.2204364,-0.03975407,0.9745909,0.14,1.811587,3.74,0,-0.6727939,0,0.73983,-0.9955062,0,0.09469664
saccade,29.4731,0.02055943,0.03775084,-0.03610824,-0.1094121,0.0555415,-0.01276011,-0.9923615,-0.1074423,-0.2185702,0.9698883,0.0890101,0.04493535,-0.03262154,-0.01872934,0.1111186,-0.01050205,-0.9935752,-0.2204159,-0.03955197,0.9746038,0.14,1.811587,3.74,0,-0.6727939,0,0.73983,-0.9955062,0,0.09469664
saccade,29.4844,0.02056621,0.03780246,-0.03613392,-0.1093613,0.05558832,-0.01262628,-0.9923662,-0.1075663,-0.2184567,0.9699001,0.08901868,0.04496789,-0.03264343,-0.01753801,0.1121078,-0.01032965,-0.9934876,-0.2223931,-0.03716366,0.9742485,0.14,1.811587,3.74,0,-0.6727939,0,0.73983,-0.9955062,0,0.09469664
saccade,29.4961,0.02057173,0.03782904,-0.03613605,-0.1094311,0.05558551,-0.01251994,-0.9923601,-0.1075815,-0.218582,0.9698702,0.08902577,0.04498017,-0.03264652,-0.01760209,0.1120955,-0.01022028,-0.993489,-0.2223715,-0.03726627,0.9742495,0.14,1.811587,3.74,0,-0.6727939,0,0.73983,-0.9955062,0,0.09469664
saccade,29.5067,0.0205821,0.03783357,-0.03614414,-0.1113727,0.05658564,-0.01258779,-0.9920865,-0.1094718,-0.2224074,0.9687883,0.0890345,0.0449965,-0.03264704,-0.01767055,0.1121433,-0.01030372,-0.9934815,-0.2224605,-0.03742172,0.9742233,0.14,1.811587,3.74,0,-0.6727939,0,0.73983,-0.9955062,0,0.09469664
saccade,29.5181,0.0205974,0.03784227,-0.03616342,-0.1114684,0.05658298,-0.0126777,-0.9920748,-0.1094428,-0.2226046,0.9687464,0.08904839,0.0450176,-0.03266408,-0.01712991,0.1129262,-0.01035856,-0.9934017,-0.2240074,-0.03637326,0.9739085,0.14,1.811587,3.74,0,-0.6727939,0,0.73983,-0.9955062,0,0.09469664
saccade,29.5287,0.02061304,0.03786302,-0.03618488,-0.1114875,0.05659737,-0.01273755,-0.9920711,-0.1094571,-0.2226489,0.9687346,0.08906303,0.04504621,-0.03268244,-0.01715243,0.1129462,-0.01041561,-0.9933985,-0.2240438,-0.0364312,0.9738979,0.14,1.811587,3.74,0,-0.6727939,0,0.73983,-0.9955062,0,0.09469664
saccade,29.5397,0.02061927,0.03788972,-0.03620028,-0.1117553,0.05809712,-0.01273846,-0.9919543,-0.1124122,-0.2231924,0.968271,0.08906911,0.0450815,-0.0327123,-0.01708005,0.1128478,-0.01048116,-0.9934102,-0.2238503,-0.03630055,0.9739473,0.14,1.811587,3.74,0,-0.6727939,0,0.73983,-0.9955062,0,0.09469664
saccade,29.5508,0.02063297,0.03792167,-0.03620671,-0.1116697,0.05813114,-0.01276754,-0.9919615,-0.1124762,-0.2230284,0.9683013,0.08908226,0.0451169,-0.03271481,-0.01632221,0.1130316,-0.01050287,-0.9934018,-0.2242288,-0.03480333,0.9739149,0.14,1.811587,3.74,0,-0.6727939,0,0.73983,-0.9955062,0,0.09469664
saccade,29.5622,0.02065009,0.03795278,-0.03622427,-0.111561,0.05894579,-0.01266724,-0.991927,-0.1141135,-0.2228141,0.9681591,0.08910094,0.04513919,-0.0327451,-0.01617441,0.1129538,-0.01044622,-0.9934137,-0.2240818,-0.03449564,0.9739597,0.14,1.811587,3.74,0,-0.6727939,0,0.73983,-0.9955062,0,0.09469664
saccade,29.5731,0.02066053,0.03798926,-0.03623436,-0.1114449,0.05884609,-0.01258947,-0.9919469,-0.1139383,-0.2225765,0.9682344,0.08911319,0.04516649,-0.03277152,-0.01605397,0.1128472,-0.01038473,-0.9934284,-0.2238778,-0.03424071,0.9740155,0.14,1.811587,3.74,0,-0.6727939,0,0.73983,-0.9955062,0,0.09469664
saccade,29.5843,0.02067137,0.03798187,-0.03623918,-0.1113516,0.05881916,-0.01257999,-0.9919592,-0.1138908,-0.2223923,0.9682823,0.08912439,0.04515803,-0.03278141,-0.0156634,0.1135783,-0.01035633,-0.9933516,-0.225322,-0.03347104,0.9737092,0.14,1.811587,3.74,0,-0.6727939,0,0.73983,-0.9955062,0,0.09469664
saccade,29.5954,0.02067839,0.03795576,-0.03624331,-0.111716,0.05895485,-0.01261725,-0.9919096,-0.1141367,-0.223112,0.9680877,0.08913125,0.04513907,-0.03279724,-0.01564392,0.1134952,-0.01040872,-0.9933608,-0.2251577,-0.0334428,0.9737482,0.14,1.811587,3.74,0,-0.6727939,0,0.73983,-0.9955062,0,0.09469664
saccade,29.6067,0.02069153,0.03793311,-0.03624416,-0.1117308,0.05894257,-0.01272048,-0.9919074,-0.1140886,-0.2231527,0.968084,0.08914288,0.04513073,-0.03279806,-0.01566443,0.113493,-0.01051169,-0.9933597,-0.2251494,-0.03350684,0.973748,0.14,1.811587,3.74,0,-0.6727939,0,0.73983,-0.9955062,0,0.09469664
saccade,29.6177,0.02069131,0.03790641,-0.03624704,-0.1118122,0.05897937,-0.01270048,-0.9918963,-0.1141627,-0.2233103,0.9680389,0.0891427,0.04510081,-0.0327951,-0.01568583,0.1140066,-0.01046772,-0.993301,-0.2261574,-0.03354828,0.9735129,0.14,1.811587,3.74,0,-0.6727939,0,0.73983,-0.9955062,0,0.09469664
saccade,29.6288,0.02068316,0.0378716,-0.03625941,-0.111816,0.05895989,-0.01273752,-0.9918965,-0.1141157,-0.2233218,0.9680418,0.0891341,0.04507136,-0.03280954,-0.0156918,0.1139909,-0.01050621,-0.9933023,-0.2261251,-0.03356863,0.9735197,0.14,1.811587,3.74,0,-0.6727939,0,0.73983,-0.9955062,0,0.09469664
saccade,29.6400,0.02065184,0.03786051,-0.03622515,-0.1130399,0.05858262,-0.01282217,-0.991779,-0.1133032,-0.2257235,0.9675801,0.08910179,0.04507017,-0.03277638,-0.01579033,0.1139732,-0.010572,-0.9933021,-0.2260857,-0.03377898,0.9735216,0.14,1.811587,3.74,0,-0.6727939,0,0.73983,-0.9955062,0,0.09469664
saccade,29.6512,0.02063172,0.03783965,-0.03621289,-0.1130555,0.05866203,-0.01282912,-0.9917725,-0.113458,-0.2257559,0.9675545,0.08908114,0.04504907,-0.03275296,-0.01580615,0.1140525,-0.01057025,-0.9932927,-0.226241,-0.03381139,0.9734843,0.14,1.811587,3.74,0,-0.6727939,0,0.73983,-0.9955062,0,0.09469664
saccade,29.6621,0.0206251,0.03783238,-0.03621406,-0.1131317,0.05871476,-0.01284444,-0.9917605,-0.1135557,-0.2259074,0.9675076,0.08907394,0.04504311,-0.03274567,-0.01650868,0.1150259,-0.01054888,-0.9931693,-0.228132,-0.03521861,0.972993,0.14,1.811587,3.74,0,-0.6727939,0,0.73983,-0.9955062,0,0.09469664
saccade,29.6733,0.02061886,0.03782785,-0.03621915,-0.1141406,0.05870864,-0.01284502,-0.9916453,-0.113504,-0.2278822,0.9670504,0.08906731,0.04503655,-0.03273874,-0.01657299,0.115107,-0.01053123,-0.9931591,-0.22829,-0.03534366,0.9729515,0.14,1.811587,3.74,0,-0.6727939,0,0.73983,-0.9955062,0,0.09469664
saccade,29.6843,0.02056811,0.03785777,-0.03620106,-0.1142,0.05875012,-0.01284413,-0.9916359,-0.1135839,-0.2279988,0.9670136,0.0890163,0.04506576,-0.03271418,-0.01663246,0.1151482,-0.01052294,-0.9931534,-0.2283695,-0.03546056,0.9729285,0.14,1.811587,3.74,0,-0.6727939,0,0.73983,-0.9955062,0,0.09469664
saccade,29.6956,0.02055807,0.03787017,-0.03620151,-0.1141682,0.05876447,-0.01284006,-0.9916388,-0.1136144,-0.2279363,0.9670247,0.08900627,0.04507732,-0.03271317,-0.01657828,0.1157043,-0.01050106,-0.9930899,-0.2294613,-0.03535748,0.9726754,0.14,1.811587,3.74,0,-0.6727939,0,0.73983,-0.9955062,0,0.09469664
saccade,29.7064,0.02055754,0.03786945,-0.03621311,-0.1145378,0.05974885,-0.01283328,-0.9915375,-0.1155467,-0.2286706,0.9666224,0.08900522,0.04507947,-0.03272034,-0.01661114,0.1157331,-0.01051954,-0.9930857,-0.2295163,-0.0354275,0.9726598,0.14,1.811587,3.74,0,-0.6727939,0,0.73983,-0.9955062,0,0.09469664
saccade,29.7183,0.02051586,0.0378567,-0.03622185,-0.1146196,0.05985637,-0.01296698,-0.9915197,-0.115725,-0.2288476,0.9665591,0.08896088,0.04508328,-0.03271129,-0.01666813,0.1163085,-0.01062176,-0.9930165,-0.2306385,-0.03557426,0.972389,0.14,1.811587,3.74,0,-0.6727939,0,0.73983,-0.9955062,0,0.09469664
saccade,29.7292,0.02049871,0.03786135,-0.03622244,-0.1145143,0.05987699,-0.01298221,-0.9915305,-0.1157664,-0.2286435,0.9666024,0.08894348,0.04508948,-0.03271027,-0.01656303,0.11633,-0.01064077,-0.9930155,-0.2306826,-0.03537038,0.9723859,0.14,1.811587,3.74,0,-0.6727939,0,0.73983,-0.9955062,0,0.09469664
saccade,29.7399,0.02050274,0.0378722,-0.03622345,-0.1147711,0.05960214,-0.01291373,-0.9915183,-0.115229,-0.2291346,0.9665504,0.08894873,0.04508948,-0.03271282,-0.01649395,0.116326,-0.01056561,-0.9930179,-0.230679,-0.03521568,0.9723924,0.14,1.811587,3.74,0,-0.6727939,0,0.73983,-0.9955062,0,0.09469664
saccade,29.7511,0.02051975,0.03788674,-0.03621496,-0.1147377,0.05957482,-0.01285323,-0.9915246,-0.1151903,-0.2290619,0.9665722,0.08896683,0.04509628,-0.03270942,-0.01504713,0.1160725,-0.01050955,-0.9930711,-0.2302203,-0.03232548,0.9726015,0.14,1.811587,3.74,0,-0.6727939,0,0.73983,-0.9955062,0,0.09469664
saccade,29.7620,0.02052956,0.03791142,-0.0361875,-0.1146978,0.05947663,-0.01273128,-0.9915367,-0.115026,-0.2289687,0.9666139,0.08897904,0.0451057,-0.03269774,-0.01500065,0.1159631,-0.01040052,-0.9930858,-0.2300105,-0.03220602,0.9726551,0.14,1.811587,3.74,0,-0.6727939,0,0.73983,-0.9955062,0,0.09469664
saccade,29.7734,0.02054666,0.03791249,-0.03616841,-0.1145098,0.059459,-0.01264483,-0.9915605,-0.1150185,-0.2285904,0.9667042,0.08899774,0.04509604,-0.0326876,-0.01493224,0.115905,-0.01032477,-0.9930944,-0.2299008,-0.03205163,0.9726861,0.14,1.811587,3.74,0,-0.6727939,0,0.73983,-0.9955062,0,0.09469664
saccade,29.7845,0.02056961,0.03790951,-0.03616197,-0.114553,0.05939124,-0.01265306,-0.9915595,-0.114881,-0.2286753,0.9667006,0.08902089,0.04509521,-0.03268971,-0.0141635,0.115012,-0.01036038,-0.9932091,-0.2281685,-0.03051778,0.9731433,0.14,1.811587,3.74,0,-0.6727939,0,0.73983,-0.9955062,0,0.09469664
saccade,29.7954,0.02059718,0.03789341,-0.03617627,-0.1146046,0.05937134,-0.01268507,-0.9915543,-0.1148323,-0.2287796,0.9666817,0.08904804,0.04508388,-0.03270553,-0.01421716,0.1149957,-0.01039134,-0.9932099,-0.2281343,-0.03063117,0.9731477,0.14,1.811587,3.74,0,-0.6727939,0,0.73983,-0.9955062,0,0.09469664
saccade,29.8069,0.02061359,0.03789103,-0.03619734,-0.1146503,0.05926184,-0.01281528,-0.9915539,-0.1145841,-0.2288828,0.9666867,0.0890626,0.04509902,-0.03272637,-0.01422922,0.1149958,-0.01051842,-0.9932084,-0.2281303,-0.03068431,0.973147,0.14,1.811587,3.74,0,-0.6727939,0,0.73983,-0.9955062,0,0.09469664
saccade,29.8177,0.02061927,0.03788221,-0.03619697,-0.1146387,0.05921135,-0.0128784,-0.9915574,-0.1144702,-0.2288668,0.966704,0.08906759,0.04509962,-0.03273211,-0.0142213,0.1149521,-0.01058686,-0.9932128,-0.2280426,-0.03068351,0.9731675,0.14,1.811587,3.74,0,-0.6727939,0,0.73983,-0.9955062,0,0.09469664
saccade,29.8289,0.02062358,0.03788805,-0.03619313,-0.1146298,0.05924282,-0.01295617,-0.9915556,-0.1145148,-0.2288587,0.9667006,0.08907057,0.04511547,-0.03272293,-0.01304018,0.1141974,-0.01068148,-0.9933151,-0.2265893,-0.0283456,0.9735779,0.14,1.811587,3.74,0,-0.6727939,0,0.73983,-0.9955062,0,0.09469664
saccade,29.8399,0.02061778,0.03785527,-0.03625305,-0.1144989,0.05897262,-0.01294145,-0.991587,-0.1139894,-0.2285976,0.9668245,0.08906509,0.04507911,-0.0327815,-0.01297629,0.1142132,-0.01065931,-0.9933143,-0.2266227,-0.02821393,0.9735739,0.14,1.811587,3.74,0,-0.6727939,0,0.73983,-0.9955062,0,0.09469664
saccade,29.8515,0.02060931,0.03786218,-0.0362697,-0.1144977,0.05897848,-0.01292153,-0.991587,-0.1140056,-0.228593,0.9668236,0.08905689,0.04508317,-0.03279766,-0.01215808,0.113695,-0.0106519,-0.9933842,-0.2256266,-0.02657743,0.9738513,0.14,1.811587,3.74,0,-0.6727939,0,0.73983,-0.9955062,0,0.09469664
saccade,29.8623,0.02060326,0.03788519,-0.03627528,-0.1148797,0.05848271,-0.01293316,-0.9915721,-0.1130081,-0.2293357,0.9667649,0.08905053,0.04510355,-0.03279165,-0.01212716,0.1137819,-0.01063549,-0.9933748,-0.2257983,-0.02651389,0.9738132,0.14,1.811587,3.74,0,-0.6727939,0,0.73983,-0.9955062,0,0.09469664
saccade,29.8733,0.02059477,0.0379107,-0.03628545,-0.114785,0.058474,-0.01290471,-0.9915839,-0.1130012,-0.2291472,0.9668104,0.0890426,0.04512525,-0.03280474,-0.01203049,0.11377,-0.01061333,-0.9933776,-0.2257779,-0.0263166,0.9738233,0.14,1.811587,3.74,0,-0.6727939,0,0.73983,-0.9955062,0,0.09469664
saccade,29.8843,0.02057704,0.03791857,-0.03631365,-0.1147874,0.05853822,-0.01292171,-0.9915797,-0.1131241,-0.2291545,0.9667943,0.08902426,0.04513431,-0.03282389,-0.01203354,0.1138354,-0.01062344,-0.99337,-0.2259056,-0.02632616,0.9737934,0.14,1.811587,3.74,0,-0.6727939,0,0.73983,-0.9955062,0,0.09469664
saccade,29.8958,0.0205817,0.03792918,-0.03631764,-0.114724,0.05849144,-0.01292383,-0.9915897,-0.1130337,-0.2290302,0.9668343,0.08902919,0.04514599,-0.03283509,-0.01146602,0.1136141,-0.01063685,-0.9934018,-0.225485,-0.02519772,0.9739207,0.14,1.811587,3.74,0,-0.6727939,0,0.73983,-0.9955062,0,0.09469664
saccade,29.9068,0.02060191,0.03794527,-0.03631278,-0.1150068,0.05782896,-0.01297385,-0.9915951,-0.1117017,-0.229581,0.9668585,0.08904894,0.04516566,-0.03282854,-0.0114931,0.1136238,-0.01066199,-0.9934002,-0.2255027,-0.02525741,0.9739151,0.14,1.811587,3.74,0,-0.6727939,0,0.73983,-0.9955062,0,0.09469664
saccade,29.9174,0.02059643,0.03794181,-0.03629588,-0.1149802,0.05775252,-0.01290714,-0.9916036,-0.1115671,-0.2295204,0.9668884,0.08904488,0.04515433,-0.03282343,-0.01146294,0.1135412,-0.0106052,-0.9934105,-0.2253428,-0.02518306,0.973954,0.14,1.811587,3.74,0,-0.6727939,0,0.73983,-0.9955062,0,0.09469664
saccade,29.9286,0.02059942,0.03794789,-0.03628002,-0.115012,0.05771698,-0.01293682,-0.9916016,-0.1114887,-0.2295855,0.966882,0.08904759,0.04516506,-0.03281155,-0.01151135,0.1129821,-0.01065408,-0.9934732,-0.2242441,-0.02527989,0.9742051,0.14,1.811587,3.74,0,-0.6727939,0,0.73983,-0.9955062,0,0.09469664
saccade,29.9451,0.02061601,0.03794885,-0.03626703,-0.1153372,0.05699317,-0.0128461,-0.9916069,-0.1100664,-0.2302026,0.9668982,0.08906618,0.04515123,-0.03280735,-0.01147736,0.1129217,-0.01054774,-0.9934816,-0.2241291,-0.02518724,0.9742339,0.14,1.811587,3.74,0,-0.6727939,0,0.73983,-0.9955062,0,0.09469664
saccade,29.9563,0.02062303,0.03794301,-0.03625851,-0.1153323,0.05689314,-0.01278741,-0.9916139,-0.1098825,-0.2301853,0.9669232,0.08907461,0.04513896,-0.03281343,-0.01311899,0.1080917,-0.01066426,-0.9939972,-0.2146059,-0.02838592,0.9762881,0.14,1.811587,3.74,0,-0.6727939,0,0.73983,-0.9955062,0,0.09469664
saccade,29.9675,0.02056187,0.03790236,-0.03620679,-0.1153034,0.05692193,-0.0128477,-0.9916149,-0.1099265,-0.2301357,0.96693,0.08901241,0.04510617,-0.03275726,-0.01309283,0.1081263,-0.01072265,-0.9939932,-0.2146728,-0.02834717,0.9762745,0.14,1.811587,3.74,0,-0.6727939,0,0.73983,-0.9955062,0,0.09469664
saccade,29.9783,0.02056593,0.03789198,-0.03619819,-0.1151722,0.04992374,-0.01304666,-0.9920045,-0.09604392,-0.2298053,0.968486,0.08901711,0.04509354,-0.03275679,-0.01311628,0.1080652,-0.01070459,-0.9939997,-0.2145527,-0.02838874,0.9762998,0.14,1.811587,3.74,0,-0.6727939,0,0.73983,-0.9955062,0,0.09469664
saccade,29.9894,0.02055568,0.03788066,-0.03618664,-0.115175,0.04995482,-0.01306244,-0.9920024,-0.09610167,-0.2298127,0.9684785,0.08900645,0.04508388,-0.03274071,-0.01845103,0.08612191,-0.01146329,-0.9960478,-0.1711401,-0.03873069,0.9844851,0.14,1.811587,3.74,0,-0.6727939,0,0.73983,-0.9955062,0,0.09469664
saccade,30.0010,0.02051319,0.03785419,-0.03617935,-0.1152063,0.0499712,-0.01309807,-0.9919974,-0.09612464,-0.2298778,0.9684607,0.08896331,0.04506195,-0.03273023,-0.01848383,0.08614171,-0.01149602,-0.9960451,-0.1711771,-0.03880204,0.9844759,0.14,1.811587,3.74,0,-0.6727939,0,0.73983,-0.9955062,0,0.09469664
saccade,30.0118,0.02048203,0.03782332,-0.03617756,-0.1158044,0.01933307,-0.01412345,-0.9929835,-0.03512373,-0.2305298,0.9724311,0.08893135,0.04503691,-0.0327246,-0.0185489,0.08616301,-0.01153687,-0.9960416,-0.1712159,-0.03893906,0.9844638,0.14,1.811587,3.74,0,-0.6727939,0,0.73983,-0.9955062,0,0.09469664
saccade,30.0229,0.0204556,0.03779006,-0.03617635,-0.1159259,0.01938991,-0.0141585,-0.9929677,-0.03522443,-0.2307704,0.9723704,0.08890406,0.04500699,-0.03271353,-0.02544718,0.06694602,-0.01222236,-0.9973572,-0.1329161,-0.05239633,0.9897413,0.14,1.811587,3.74,0,-0.6727939,0,0.73983,-0.9955062,0,0.09469664
saccade,30.0341,0.02043016,0.03775585,-0.03616899,-0.116018,0.01939796,-0.01418824,-0.9929563,-0.03523047,-0.2309521,0.9723271,0.08887811,0.04497647,-0.03270344,-0.02554117,0.0669567,-0.01224691,-0.9973537,-0.1329334,-0.05258718,0.9897289,0.14,1.811587,3.74,0,-0.6727939,0,0.73983,-0.9955062,0,0.09469664
saccade,30.0450,0.0203765,0.03769517,-0.0361409,-0.1175344,-0.005610877,-0.01506371,-0.9929387,0.01468352,-0.2332398,0.9723084,0.08882309,0.04492426,-0.03266625,-0.02566671,0.06700978,-0.01230846,-0.9973462,-0.1330321,-0.05284677,0.9897018,0.14,1.811587,3.74,0,-0.6727939,0,0.73983,-0.9955062,0,0.09469664
saccade,30.0568,0.02035253,0.03766608,-0.03613196,-0.1175501,-0.005578607,-0.01508991,-0.9929367,0.01462605,-0.2332713,0.9723017,0.08879857,0.04489815,-0.0326523,-0.02769759,0.05853943,-0.01261877,-0.997821,-0.1161247,-0.05675186,0.991612,0.14,1.811587,3.74,0,-0.6727939,0,0.73983,-0.9955062,0,0.09469664
saccade,30.0680,0.02033224,0.03765488,-0.03613205,-0.1175641,-0.005585864,-0.01510738,-0.9929347,0.01464497,-0.2332981,0.972295,0.08877805,0.04488933,-0.03265293,-0.02771275,0.05853374,-0.01263591,-0.9978207,-0.116112,-0.05678396,0.9916116,0.14,1.811587,3.74,0,-0.6727939,0,0.73983,-0.9955062,0,0.09469664
saccade,30.0787,0.02031722,0.03764963,-0.03612977,-0.1178792,-0.01615003,-0.01550496,-0.9927756,0.03572215,-0.2335545,0.9716873,0.08876187,0.04489136,-0.0326432,-0.02773229,0.05858489,-0.01269101,-0.9978164,-0.11621,-0.05683048,0.9915975,0.14,1.811587,3.74,0,-0.6727939,0,0.73983,-0.9955062,0,0.09469664
saccade,30.0898,0.02028964,0.03766429,-0.0361283,-0.1178631,-0.01615568,-0.01550087,-0.9927775,0.03573194,-0.2335228,0.9716946,0.08873437,0.04490578,-0.03264277,-0.0290771,0.05324474,-0.01286965,-0.9980751,-0.1055361,-0.05941275,0.9926391,0.14,1.811587,3.74,0,-0.6727939,0,0.73983,-0.9955062,0,0.09469664
saccade,30.1009,0.02027537,0.03766429,-0.03613739,-0.1178643,-0.0161245,-0.01548604,-0.992778,0.0356666,-0.2335268,0.971696,0.08872017,0.04490328,-0.03264784,-0.02907712,0.05327443,-0.01285203,-0.9980738,-0.1055962,-0.05941159,0.9926327,0.14,1.811587,3.74,0,-0.6727939,0,0.73983,-0.9955062,0,0.09469664
saccade,30.1121,0.02026325,0.03766549,-0.03614734,-0.1184634,-0.02134854,-0.01571953,-0.9926045,0.04610569,-0.2345034,0.9710214,0.08870693,0.04491353,-0.03265462,-0.02903469,0.05329985,-0.01291897,-0.9980728,-0.1056441,-0.05933463,0.9926322,0.14,1.811587,3.74,0,-0.6727939,0,0.73983,-0.9955062,0,0.09469664
saccade,30.1228,0.02026202,0.03768349,-0.03617756,-0.1184776,-0.02133792,-0.01574118,-0.9926026,0.0460901,-0.2345306,0.9710155,0.08870532,0.04493403,-0.03268287,-0.03050067,0.05104703,-0.01301977,-0.9981455,-0.1011105,-0.06221745,0.9929278,0.14,1.811587,3.74,0,-0.6727939,0,0.73983,-0.9955062,0,0.09469664
saccade,30.1340,0.02025688,0.03769016,-0.03619445,-0.1182171,-0.02535077,-0.01584915,-0.9925376,0.05407046,-0.2338663,0.9707641,0.08870046,0.04493916,-0.03270213,-0.03043856,0.051036,-0.01300834,-0.9981481,-0.1010911,-0.06209216,0.9929376,0.14,1.811587,3.74,0,-0.6727939,0,0.73983,-0.9955062,0,0.09469664
saccade,30.1455,0.02025069,0.0376935,-0.03620547,-0.1182163,-0.02538402,-0.01583265,-0.9925371,0.05413251,-0.2338643,0.9707611,0.08869469,0.04494095,-0.03271795,-0.03043662,0.05100147,-0.01299498,-0.9981501,-0.1010232,-0.06208616,0.9929449,0.14,1.811587,3.74,0,-0.6727939,0,0.73983,-0.9955062,0,0.09469664
saccade,30.1561,0.02025371,0.03769982,-0.03621659,-0.1181863,-0.02540085,-0.01582915,-0.9925403,0.05416431,-0.2338051,0.9707736,0.08869784,0.04494727,-0.03273178,-0.03071993,0.04878211,-0.01306823,-0.9982514,-0.09659071,-0.06260742,0.9933532,0.14,1.811587,3.74,0,-0.6727939,0,0.73983,-0.9955062,0,0.09469664
saccade,30.1674,0.02025705,0.03771162,-0.03623126,-0.1185589,-0.02802798,-0.01597194,-0.9924229,0.05941844,-0.2344259,0.9703164,0.08870037,0.04496884,-0.03275085,-0.03061499,0.04875809,-0.01313844,-0.9982549,-0.09654154,-0.06240435,0.9933707,0.14,1.811587,3.74,0,-0.6727939,0,0.73983,-0.9955062,0,0.09469664
saccade,30.1785,0.02025625,0.0377388,-0.03623581,-0.1184557,-0.02799023,-0.01597809,-0.9924362,0.05934242,-0.2342249,0.9703696,0.08869923,0.04499745,-0.03275139,-0.03051159,0.04879674,-0.01314901,-0.998256,-0.09662089,-0.06220001,0.9933758,0.14,1.811587,3.74,0,-0.6727939,0,0.73983,-0.9955062,0,0.09469664
saccade,30.1899,0.02024465,0.03777099,-0.03624921,-0.1184097,-0.02799526,-0.01595673,-0.9924418,0.0593462,-0.2341361,0.9703908,0.08868796,0.04502726,-0.03276638,-0.03066584,0.04644791,-0.01320796,-0.9983626,-0.09193365,-0.06245822,0.9938044,0.14,1.811587,3.74,0,-0.6727939,0,0.73983,-0.9955062,0,0.09469664
saccade,30.2006,0.02027023,0.03779089,-0.03623552,-0.1182725,-0.02794753,-0.01593751,-0.9924598,0.05924354,-0.2338706,0.9704611,0.08871351,0.04504514,-0.03274815,-0.03052634,0.04649444,-0.0131947,-0.9983648,-0.09203126,-0.0621798,0.9938128,0.14,1.811587,3.74,0,-0.6727939,0,0.73983,-0.9955062,0,0.09469664
saccade,30.2118,0.02028045,0.0378015,-0.03623173,-0.1189128,-0.02912308,-0.01603045,-0.9923481,0.06161291,-0.235072,0.9700232,0.08872278,0.04506326,-0.03274141,-0.03047058,0.04651976,-0.01325021,-0.9983646,-0.09207987,-0.06207429,0.9938149,0.14,1.811587,3.74,0,-0.6727939,0,0.73983,-0.9955062,0,0.09469664
saccade,30.2228,0.02028861,0.03779912,-0.03622997,-0.1189646,-0.02913346,-0.0159984,-0.9923421,0.0616272,-0.2351749,0.9699973,0.08873151,0.04505622,-0.03274098,-0.03168775,0.04496449,-0.01327081,-0.9983977,-0.08894385,-0.06446739,0.9939482,0.14,1.811587,3.74,0,-0.6727939,0,0.73983,-0.9955062,0,0.09469664
saccade,30.2344,0.020295,0.03778183,-0.03622449,-0.1190031,-0.02916347,-0.0159945,-0.9923366,0.06168675,-0.2352494,0.9699755,0.08873814,0.04503846,-0.03273919,-0.03172635,0.04493407,-0.01326677,-0.9983979,-0.08888236,-0.0645433,0.9939488,0.14,1.811587,3.74,0,-0.6727939,0,0.73983,-0.9955062,0,0.09469664
saccade,30.2449,0.02029049,0.03775835,-0.03622315,-0.1205396,-0.03005507,-0.01603037,-0.992124,0.0635013,-0.2382169,0.9691338,0.08873384,0.04501534,-0.03274278,-0.03181643,0.04488961,-0.0132682,-0.9983971,-0.08879102,-0.06472208,0.9939453,0.14,1.811587,3.74,0,-0.6727939,0,0.73983,-0.9955062,0,0.09469664
saccade,30.2564,0.0202935,0.03774989,-0.03621575,-0.120579,-0.03012786,-0.01598235,-0.9921178,0.06363504,-0.2382941,0.969106,0.08873799,0.04500115,-0.03274563,-0.03240364,0.04322816,-0.01327775,-0.9984514,-0.08546193,-0.06585485,0.9941627,0.14,1.811587,3.74,0,-0.6727939,0,0.73983,-0.9955062,0,0.09469664
saccade,30.2674,0.02030636,0.03774524,-0.03619977,-0.1206182,-0.03013909,-0.01596305,-0.9921129,0.06365364,-0.2383715,0.9690858,0.08875121,0.04499364,-0.03273104,-0.03244165,0.04321506,-0.01325674,-0.9984509,-0.08543608,-0.06592857,0.99416,0.14,1.811587,3.74,0,-0.6727939,0,0.73983,-0.9955062,0,0.09469664
saccade,30.2791,0.02032693,0.03775156,-0.03618931,-0.1209115,-0.03084136,-0.01596562,-0.9920557,0.06505354,-0.238917,0.9688585,0.08877215,0.04499698,-0.03272171,-0.03247144,0.04320458,-0.01323543,-0.9984507,-0.08541575,-0.06598594,0.9941579,0.14,1.811587,3.74,0,-0.6727939,0,0.73983,-0.9955062,0,0.09469664
saccade,30.2936,0.02035359,0.03775895,-0.0361791,-0.1210292,-0.03082036,-0.01601781,-0.9920411,0.06502738,-0.2391446,0.9688041,0.08879797,0.04500997,-0.03270636,-0.03319222,0.04263319,-0.01329906,-0.9984508,-0.08425144,-0.06741555,0.9941614,0.14,1.811587,3.74,0,-0.6727939,0,0.73983,-0.9955062,0,0.09469664
saccade,30.3101,0.02035439,0.03774178,-0.03617523,-0.1210291,-0.03089081,-0.01604121,-0.9920385,0.06517265,-0.23914,0.9687954,0.08879878,0.0449971,-0.03271168,-0.03319421,0.04256512,-0.01332859,-0.9984532,-0.08411369,-0.0674204,0.9941727,0.14,1.811587,3.74,0,-0.6727939,0,0.73983,-0.9955062,0,0.09469664
saccade,30.3168,0.02033892,0.0377214,-0.0361476,-0.1214456,-0.03155085,-0.01612942,-0.9919654,0.06651241,-0.2399219,0.968511,0.08878231,0.04498589,-0.03268364,-0.03368282,0.04205622,-0.01341473,-0.9984573,-0.08307898,-0.06839006,0.9941935,0.14,1.811587,3.74,0,-0.6727939,0,0.73983,-0.9955062,0,0.09469664
saccade,30.3234,0.02033892,0.0377214,-0.0361476,-0.1214456,-0.03155085,-0.01612942,-0.9919654,0.06651241,-0.2399219,0.968511,0.08878231,0.04498589,-0.03268364,-0.03368282,0.04205622,-0.01341473,-0.9984573,-0.08307898,-0.06839006,0.9941935,0.14,1.811587,3.74,0,-0.6727939,0,0.73983,-0.9955062,0,0.09469664
saccade,30.3344,0.02033017,0.03771162,-0.03613763,-0.1213504,-0.03162693,-0.01616415,-0.9919741,0.06666924,-0.2397304,0.9685476,0.08877336,0.04498315,-0.03268456,-0.03359021,0.04198403,-0.0134629,-0.9984627,-0.08293454,-0.0682076,0.9942181,0.14,1.811587,3.74,0,-0.6727939,0,0.73983,-0.9955062,0,0.09469664
saccade,30.3459,0.02032007,0.03772926,-0.03614461,-0.1215499,-0.03213536,-0.01617999,-0.991933,0.0676856,-0.2400988,0.9683859,0.08876257,0.04499686,-0.03266958,-0.03364177,0.04214013,-0.01343969,-0.9984547,-0.08324575,-0.06831227,0.9941849,0.14,1.811587,3.74,0,-0.6727939,0,0.73983,-0.9955062,0,0.09469664
saccade,30.3567,0.02031408,0.03773046,-0.03614906,-0.1214862,-0.03205338,-0.01620311,-0.9919431,0.06752717,-0.2399762,0.9684274,0.08875577,0.04500055,-0.03266323,-0.03436441,0.04145047,-0.01348892,-0.9984583,-0.08184607,-0.06974111,0.9942019,0.14,1.811587,3.74,0,-0.6727939,0,0.73983,-0.9955062,0,0.09469664
saccade,30.3678,0.02030806,0.03771567,-0.03615368,-0.121457,-0.03192796,-0.01624086,-0.9919502,0.06728702,-0.2399216,0.9684576,0.08874851,0.04498899,-0.03265048,-0.03433708,0.04157883,-0.01351748,-0.9984536,-0.08210076,-0.06969205,0.9941843,0.14,1.811587,3.74,0,-0.6727939,0,0.73983,-0.9955062,0,0.09469664
saccade,30.3786,0.02030875,0.03767586,-0.03616689,-0.1215351,-0.03219753,-0.01633008,-0.9919304,0.06784477,-0.2400571,0.9683851,0.08874753,0.04495919,-0.03265192,-0.03426783,0.04166887,-0.01359268,-0.9984512,-0.08227708,-0.06956229,0.9941788,0.14,1.811587,3.74,0,-0.6727939,0,0.73983,-0.9955062,0,0.09469664
saccade,30.3896,0.02032661,0.03764987,-0.03617433,-0.1217057,-0.03209524,-0.01633563,-0.9919127,0.06764763,-0.2403943,0.9683152,0.08876488,0.04493034,-0.03264331,-0.03522257,0.04154411,-0.0135883,-0.9984232,-0.08199998,-0.07146309,0.9940669,0.14,1.811587,3.74,0,-0.6727939,0,0.73983,-0.9955062,0,0.09469664
saccade,30.4008,0.02033996,0.03763461,-0.03617484,-0.1216968,-0.03202722,-0.01631495,-0.9919164,0.06750761,-0.2403811,0.9683283,0.08877818,0.04491127,-0.03263503,-0.0352117,0.04161011,-0.01356245,-0.9984212,-0.08213373,-0.07144089,0.9940575,0.14,1.811587,3.74,0,-0.6727939,0,0.73983,-0.9955062,0,0.09469664
saccade,30.4123,0.02035228,0.03766179,-0.03616303,-0.1219183,-0.03266554,-0.01611471,-0.9918716,0.06872939,-0.2408018,0.9681378,0.08879426,0.04491055,-0.03263906,-0.03515501,0.04150634,-0.01335583,-0.9984303,-0.08194333,-0.07130835,0.9940827,0.14,1.811587,3.74,0,-0.6727939,0,0.73983,-0.9955062,0,0.09469664
saccade,30.4236,0.02038558,0.03771162,-0.03615381,-0.1218965,-0.03274545,-0.01589779,-0.9918751,0.06883457,-0.2407711,0.9681379,0.08883126,0.0449326,-0.03264469,-0.03511756,0.04140805,-0.01314896,-0.9984384,-0.08176325,-0.07121439,0.9941043,0.14,1.811587,3.74,0,-0.6727939,0,0.73983,-0.9955062,0,0.09469664
saccade,30.4341,0.02041952,0.03775048,-0.03615294,-0.1218907,-0.03285128,-0.01563356,-0.9918765,0.06897999,-0.2407738,0.9681269,0.08886975,0.04493761,-0.03266282,-0.03565329,0.04090491,-0.01291113,-0.9984432,-0.08076181,-0.07225182,0.9941112,0.14,1.811587,3.74,0,-0.6727939,0,0.73983,-0.9955062,0,0.09469664
saccade,30.4456,0.02046172,0.037763,-0.0361624,-0.1221951,-0.03342142,-0.01558463,-0.9918208,0.07010484,-0.2413496,0.9679027,0.08891326,0.04494238,-0.03268241,-0.0356353,0.04083452,-0.01285239,-0.9984476,-0.08062626,-0.0722096,0.9941253,0.14,1.811587,3.74,0,-0.6727939,0,0.73983,-0.9955062,0,0.09469664
saccade,30.4566,0.02050755,0.03777218,-0.03616185,-0.1221711,-0.03348808,-0.0157502,-0.9918189,0.07027667,-0.2412884,0.9679055,0.08895692,0.0449754,-0.03268837,-0.03562392,0.0407826,-0.01302447,-0.9984479,-0.08051065,-0.0721996,0.9941354,0.14,1.811587,3.74,0,-0.6727939,0,0.73983,-0.9955062,0,0.09469664
saccade,30.4678,0.02053188,0.03777492,-0.03617505,-0.1222492,-0.03355628,-0.01580229,-0.9918061,0.07042629,-0.2414345,0.9678582,0.08898086,0.04498553,-0.03270904,-0.03594812,0.04027905,-0.01309179,-0.9984558,-0.07949245,-0.07283986,0.9941707,0.14,1.811587,3.74,0,-0.6727939,0,0.73983,-0.9955062,0,0.09469664
saccade,30.4789,0.02055262,0.03776872,-0.03617232,-0.1224588,-0.03373032,-0.01583929,-0.9917738,0.07078502,-0.2418344,0.9677322,0.08900151,0.04498482,-0.03271578,-0.03597713,0.04020606,-0.0131296,-0.9984572,-0.07934333,-0.07289903,0.9941782,0.14,1.811587,3.74,0,-0.6727939,0,0.73983,-0.9955062,0,0.09469664
saccade,30.4901,0.02058005,0.03777111,-0.03618324,-0.1225941,-0.03372709,-0.01592826,-0.9917558,0.0708035,-0.2420923,0.9676663,0.08902764,0.04499769,-0.03272313,-0.03611953,0.04021623,-0.01320784,-0.9984506,-0.07935371,-0.07318947,0.9941561,0.14,1.811587,3.74,0,-0.6727939,0,0.73983,-0.9955062,0,0.09469664
saccade,30.5007,0.02058992,0.03777206,-0.03619185,-0.122519,-0.03384776,-0.01585478,-0.9917622,0.07102288,-0.2419461,0.9676868,0.08903921,0.04499161,-0.03275032,-0.0367682,0.03936263,-0.0131778,-0.9984614,-0.07763509,-0.07446068,0.9941974,0.14,1.811587,3.74,0,-0.6727939,0,0.73983,-0.9955062,0,0.09469664
saccade,30.5120,0.02059646,0.03779805,-0.0361932,-0.122612,-0.03390035,-0.01580805,-0.9917496,0.07111783,-0.2421291,0.9676341,0.08904666,0.04501176,-0.03275818,-0.03676787,0.03931655,-0.01313419,-0.9984637,-0.07754647,-0.07445555,0.9942046,0.14,1.811587,3.74,0,-0.6727939,0,0.73983,-0.9955062,0,0.09469664
saccade,30.5231,0.02058851,0.03782666,-0.03618527,-0.1224793,-0.03391768,-0.01573296,-0.9917666,0.07113077,-0.2418745,0.9676968,0.08903986,0.04503191,-0.03275548,-0.03662916,0.03929358,-0.01307068,-0.9984706,-0.07750944,-0.07417347,0.9942287,0.14,1.811587,3.74,0,-0.6727939,0,0.73983,-0.9955062,0,0.09469664
saccade,30.5342,0.02056967,0.03784108,-0.03619197,-0.1224376,-0.0338379,-0.01569872,-0.991775,0.0709634,-0.2417986,0.9677281,0.08902112,0.04504085,-0.03275239,-0.03681503,0.03871337,-0.01305485,-0.9984866,-0.07634833,-0.07452942,0.9942918,0.14,1.811587,3.74,0,-0.6727939,0,0.73983,-0.9955062,0,0.09469664
saccade,30.5454,0.02055235,0.03784108,-0.03622165,-0.1222667,-0.03376731,-0.0157019,-0.9917984,0.07082038,-0.2414675,0.9678212,0.08900365,0.04504156,-0.03278023,-0.03681291,0.0387269,-0.01305942,-0.9984862,-0.07637504,-0.07452586,0.9942901,0.14,1.811587,3.74,0,-0.6727939,0,0.73983,-0.9955062,0,0.09469664
saccade,30.5561,0.02048678,0.03780854,-0.03622263,-0.1221724,-0.03366408,-0.01583464,-0.9918115,0.07064594,-0.2412778,0.9678813,0.08893548,0.0450263,-0.03276599,-0.0371888,0.03852698,-0.01320145,-0.9984781,-0.07595479,-0.07528163,0.9942653,0.14,1.811587,3.74,0,-0.6727939,0,0.73983,-0.9955062,0,0.09469664
saccade,30.5676,0.02043459,0.0377785,-0.03622557,-0.1221108,-0.03354686,-0.0159214,-0.9918216,0.07043335,-0.2411561,0.9679271,0.08888134,0.04500675,-0.03275222,-0.03713252,0.03865146,-0.01328197,-0.9984742,-0.07619859,-0.07517847,0.9942545,0.14,1.811587,3.74,0,-0.6727939,0,0.73983,-0.9955062,0,0.09469664
